timestamp,traffic,pollution,electricity,temperature,humidity,wind_speed
2023-01-01 00:00:00,175.69444985191294,123.85178697746163,357.97603761911887,24.365660495705317,54.87914329435358,9.098431216399106
2023-01-01 01:00:00,171.92722254668013,123.95293026853582,352.0032913060343,24.8247232089372,54.610436229570794,10.263335809448135
2023-01-01 02:00:00,160.56126751397383,124.4669878923136,369.24902498559635,28.904844985072007,52.230368142062225,9.084696650396575
2023-01-01 03:00:00,152.68926289292125,115.02366883461684,368.01014959372304,30.791987231550717,44.05862545382322,9.833806689423719
2023-01-01 04:00:00,136.2892208124698,113.6340021895231,365.1232851006892,28.5955680952434,44.814766780000866,9.05027577378904
2023-01-01 05:00:00,133.9979096527943,110.22351179973874,376.5513701348213,30.175550057965882,47.51222613841664,8.148237310616896
2023-01-01 06:00:00,148.81028084003452,120.84316450940878,382.39894902345935,32.16631909868948,45.45289963517583,8.335783371418271
2023-01-01 07:00:00,148.69527495025088,118.66877177082257,380.80536960011426,31.362977866747602,45.391383024401804,7.836086092038446
2023-01-01 08:00:00,159.81166571908997,123.19828921584849,377.76580139994394,30.92525595312736,45.89731987549592,7.964617974701731
2023-01-01 09:00:00,172.02560381653058,124.47919794942027,376.3568972465296,28.65256738401475,47.6520309609354,6.555497951714666
2023-01-01 10:00:00,181.3906652207334,134.58065369316682,390.9221260766138,29.076795143236776,51.82612808499709,6.729806141070476
2023-01-01 11:00:00,184.83526993610175,127.39107087176787,372.8844029429346,27.027571971457082,53.73830052972232,6.508050284843152
2023-01-01 12:00:00,189.85982508178816,131.7093238437047,356.06143312661897,24.105057827739525,57.509629468407574,6.992903699147849
2023-01-01 13:00:00,190.17961508414183,130.48352525168008,358.08518624243044,23.31010976746757,61.08235746432171,5.833485824455474
2023-01-01 14:00:00,188.03763885360007,127.12882933340231,342.8451359854896,20.59113556549775,62.508242637314304,7.412845828089841
2023-01-01 15:00:00,172.41322408122255,128.2620835242728,330.71995483829625,17.34427080921447,67.84815845586975,7.26576996873947
2023-01-01 16:00:00,185.91795162378867,135.56301419772086,350.3370398565424,17.548725367556948,75.18356342030891,6.328152448456937
2023-01-01 17:00:00,174.95239686586663,126.77562647205542,331.07839314718,15.158513550681182,66.24466042239246,8.45755541018257
2023-01-01 18:00:00,179.84443644849827,130.3350837520049,350.0286167949357,17.092871249793756,71.45376636437035,9.563865156558412
2023-01-01 19:00:00,179.32954784179967,122.3190198338699,336.8268524535207,16.253564771039986,68.83241618817596,9.089512346338365
2023-01-01 20:00:00,191.25694449310473,132.8407716982674,344.2321499609575,16.892995973284837,70.74362694258113,9.748889337058529
2023-01-01 21:00:00,194.01200734299456,126.00731286648707,351.2804332324001,17.57121588017688,67.83034850267916,9.120420138901633
2023-01-01 22:00:00,205.28472774008065,137.58983445815187,349.0911554528422,21.514386709255987,67.07439173387237,8.135984661859702
2023-01-01 23:00:00,194.41013516194536,131.13006663224112,361.380942685003,21.793500859084542,65.23977334842229,8.158004423616335
2023-01-02 00:00:00,194.89740395846573,126.82130682638287,365.3112095121416,23.53764668187177,60.11431535389818,9.67855743070743
2023-01-02 01:00:00,181.97864841876398,130.72205980975136,379.7915990641341,25.70178361221528,59.21227317188095,9.034503574022617
2023-01-02 02:00:00,170.91550475709147,128.55459819199274,385.697835470396,28.69471395048491,48.79997727956088,8.658834710847511
2023-01-02 03:00:00,164.28938034380315,127.27134674634844,379.8053611264108,30.153481441609685,55.094058876546384,9.016737493001749
2023-01-02 04:00:00,159.0859048478615,124.75532809335841,397.7830430535683,31.483728036243427,50.62898431145651,9.180909701502902
2023-01-02 05:00:00,145.28943335731682,122.83699653422215,388.1975112542337,32.30678881215308,51.08483782819824,7.371298284920279
2023-01-02 06:00:00,146.2996839225757,123.38183465336893,392.45773433926666,34.63452541335322,45.72208656876317,7.685785665803732
2023-01-02 07:00:00,155.08384671243803,123.93505730813008,392.36136538622003,31.30640814382976,47.0805698802193,8.66868091053044
2023-01-02 08:00:00,170.5418685994188,133.44079261275562,392.21221457608374,30.38236273512426,50.51400189357045,6.497298133845039
2023-01-02 09:00:00,181.28537186289532,134.24045020407388,398.6861053864879,28.75132894646439,52.14053525106922,7.5481726592356475
2023-01-02 10:00:00,185.68287752460878,138.45432342313637,390.0904773860872,28.812328432567273,55.35618772833882,6.361650361239047
2023-01-02 11:00:00,195.67836563727062,132.5911823258662,385.15342219016514,27.50062335453478,60.07565977055008,6.933166892461364
2023-01-02 12:00:00,190.42061622787108,131.8930676843921,371.71350833341654,23.940718371495553,56.96608277942467,7.268129255042007
2023-01-02 13:00:00,196.82440223382832,131.77657003875566,367.3051330025438,21.0008662258904,66.14362933840805,7.0700084974559125
2023-01-02 14:00:00,203.00683543633505,138.03274555310924,362.919670877612,19.09237989766604,66.95120515925821,7.337373615873054
2023-01-02 15:00:00,193.55118299287173,141.50911690693738,362.8174111981539,19.20776540776183,68.99923453912402,6.133224354834608
2023-01-02 16:00:00,183.64194881353635,127.54693421259645,350.9887405423803,18.049760999234763,68.13907411285359,8.029561794718909
2023-01-02 17:00:00,181.0084763966668,130.65566457314742,344.5738982806936,17.012588603647405,73.69362121462832,7.014886252101842
2023-01-02 18:00:00,175.77875463900486,127.70516813027618,343.45942123409026,15.29174926579429,67.68896272773172,8.181679235900075
2023-01-02 19:00:00,188.4643784952454,123.93308198646434,345.25047351574614,16.643698667968188,74.01338096892438,8.569000898551838
2023-01-02 20:00:00,197.9608042638365,130.24364348370938,351.75658164984793,17.30648215976043,68.09289479045977,9.089585791208705
2023-01-02 21:00:00,206.71030670546403,137.13164577259113,368.5908024235248,18.70238516541589,69.56516204135646,9.296529845021954
2023-01-02 22:00:00,207.19439297949154,128.56094426767356,375.0356351519189,21.144678262331194,66.67081351522936,8.70837112070935
2023-01-02 23:00:00,204.39381081015185,133.12784913316548,368.06295283005807,22.298876605549886,66.57421130467652,8.503981550826602
2023-01-03 00:00:00,191.76254762535464,131.44154651962523,367.56530655883887,24.917961110554508,60.456526101260394,10.110644075973237
2023-01-03 01:00:00,186.85254148255044,132.43079179804067,384.8809359870953,26.257062552977256,56.16262158198371,9.578972943696844
2023-01-03 02:00:00,175.520887935236,126.87636800969852,387.3494271784264,28.45450900686866,53.61891090358019,10.10360189434713
2023-01-03 03:00:00,166.19737214873527,128.71078522542666,390.58708752452856,30.524116213271284,54.97836069887191,9.029347117848316
2023-01-03 04:00:00,163.9032798544423,127.75002725369558,385.71447460685664,29.29148264710884,51.372790978649924,7.766384947526128
2023-01-03 05:00:00,145.39007672028333,120.82964789470138,389.4541923346361,31.45781780168061,48.05987766040008,9.064519344356656
2023-01-03 06:00:00,151.9213648298158,122.82181747727572,391.0420804192349,31.551719657525165,47.88563108349259,7.740740573237225
2023-01-03 07:00:00,168.08037455596633,128.57155807087426,392.12096425432,31.079070167013583,45.265792846270855,7.851173852540932
2023-01-03 08:00:00,167.72241732717737,128.61829558041572,393.1457090066199,30.718499574443722,50.65849081916675,6.796778400064339
2023-01-03 09:00:00,178.74587122471632,134.7870569057033,397.54799823893217,31.57340087768562,47.72346926420109,8.090351025383764
2023-01-03 10:00:00,188.32867636233684,141.04361312166134,381.1359140005168,27.085769661870234,55.61138487073397,6.087366517395104
2023-01-03 11:00:00,193.99849496499564,141.67456410588716,386.27909702510465,27.359403268834626,57.004725640850545,6.314910432692075
2023-01-03 12:00:00,191.6209584650513,133.66264496887868,367.29463986232133,22.109622973074643,64.94228285387078,6.575214091888122
2023-01-03 13:00:00,197.9728392239485,134.49846452802274,366.70739276711305,21.65880205231978,60.23336066190948,5.786583631605527
2023-01-03 14:00:00,195.3766525439338,138.22860416267397,354.78962213566064,20.328669809852556,65.17245463068956,6.932325564334658
2023-01-03 15:00:00,189.80355008495965,133.47595263031536,354.65553634338545,19.182128293857446,71.6841550033886,8.067677162447422
2023-01-03 16:00:00,174.55946721380462,128.78137780393294,341.12170636885156,18.06293395546936,72.09439848067987,6.9066764875144
2023-01-03 17:00:00,178.01188050454235,124.04789288586659,333.1116505816187,17.364424835372272,68.97316786966176,7.888371405668426
2023-01-03 18:00:00,173.10711885914733,129.46506913449545,336.6656829403205,15.72349407826917,71.23366715357399,6.075395229773013
2023-01-03 19:00:00,183.4460135412442,124.29997226172097,338.20252881776617,15.861884731944787,70.15842961302302,8.360978127314391
2023-01-03 20:00:00,200.4908185120823,136.91517452867384,365.1972239771895,18.247630575034805,69.39252810206214,8.530870399851656
2023-01-03 21:00:00,193.37522318655746,135.32467270021084,355.6864832166852,18.261992487552,65.14037687416396,8.48771185009255
2023-01-03 22:00:00,187.98735369797816,130.9385432298599,350.001279252898,18.619737441645434,63.803495114058386,10.056053434416631
2023-01-03 23:00:00,189.8790328258845,129.38615859586037,353.81451433117644,20.722213037317616,57.39372508525983,9.220518162296923
2023-01-04 00:00:00,178.36509350586292,119.3367873209559,354.696894590167,23.05151625846782,57.900574028815136,9.375765759034488
2023-01-04 01:00:00,170.85024366144853,123.2123218124686,360.51974050583186,26.824153122413495,55.28356908621626,9.184853727081252
2023-01-04 02:00:00,160.6331875302592,128.1479413212757,360.8791083640085,28.33006753829832,50.69172343838184,7.957266995441104
2023-01-04 03:00:00,150.54617883799037,116.23640628620427,371.6861239499089,30.646742033792467,44.9432810382059,8.268269663725949
2023-01-04 04:00:00,146.51480232431166,117.26944583206962,377.1629044955004,30.578954035510396,48.55099629932539,9.422765440284152
2023-01-04 05:00:00,143.27885050647683,124.25508377682627,370.33647708114125,32.0832567577728,45.763759438730474,6.911263114837801
2023-01-04 06:00:00,141.31711812440517,120.8456838601963,380.7563155348885,32.918459443062616,42.737892388795736,7.46357925526901
2023-01-04 07:00:00,144.63911183864352,127.60592500088624,378.83724016404756,31.526090098782543,43.90703874446493,7.331967392943386
2023-01-04 08:00:00,156.01701281464398,119.17930868927237,381.76869723916434,31.648381129904756,42.200476065523745,8.470535307104095
2023-01-04 09:00:00,168.66356148111336,123.19979310591978,373.76386540592114,29.036738924687246,44.930603201269875,7.477362464067639
2023-01-04 10:00:00,171.78358716909062,132.03453563827597,368.69198357668927,27.740679288894512,48.265195599532795,6.310942525386175
2023-01-04 11:00:00,179.1766427637652,125.61715556970341,372.5005835069139,25.7909588023706,54.82104441144405,7.464270848547283
2023-01-04 12:00:00,182.74369650540143,129.23302236998518,354.08192190116046,22.74563225739054,53.59309254004754,5.981638925649216
2023-01-04 13:00:00,179.0778491408946,126.52013094871624,345.307616787976,22.696602273036902,59.28995142609557,7.257481123180201
2023-01-04 14:00:00,176.823756752615,131.03062278169034,338.0833912867066,19.621652579451197,59.367323792185964,5.7497478221772305
2023-01-04 15:00:00,177.02604499508604,126.971897265653,335.00219159649356,18.545221716313566,63.35897915149282,7.690620310472585
2023-01-04 16:00:00,160.0093180136615,121.21536506995461,321.4359213231856,17.837923323135833,64.18698114363984,6.965706448170307
2023-01-04 17:00:00,167.29013868085892,121.70028517552647,321.7719906326658,16.999808805687632,67.39636479269537,6.89181846368733
2023-01-04 18:00:00,162.0826897999329,123.38641286285338,328.9849674297284,16.991987479115295,64.48828945218129,7.847999470846582
2023-01-04 19:00:00,159.9896747504961,128.39539425360343,318.0788923896516,16.350083400646767,61.57863349484833,8.58236949345793
2023-01-04 20:00:00,167.31207726334597,120.87366922257182,318.2353344646239,16.7616585309991,60.58348592994786,8.403676098631998
2023-01-04 21:00:00,171.98939689567504,119.86467358456194,330.34834607350564,18.447450674734196,60.33347651583352,9.448427625976546
2023-01-04 22:00:00,171.19811210661584,115.5475881154552,329.79532519009877,18.17731239527641,56.060021918309914,8.89094238711181
2023-01-04 23:00:00,172.77765439933728,115.99935233902119,324.8299063959438,20.39717322303057,56.6089428298068,9.883149415185553
2023-01-05 00:00:00,169.309260532111,116.69780529075436,339.8806167519452,22.61916774558167,51.37200760260689,9.80955544342562
2023-01-05 01:00:00,165.94600531080758,118.418148119562,355.205654689158,25.082410071565587,54.314694099189566,9.40624260113805
2023-01-05 02:00:00,148.1487476610074,114.32148037976202,360.0374382158815,28.690429492102986,42.17702789069833,8.990070487020494
2023-01-05 03:00:00,134.60794622073115,117.02504923775383,368.21377879528154,28.783126210865916,43.770519159830975,9.166738728815508
2023-01-05 04:00:00,114.05135071259281,108.19560246146006,362.40030056326816,30.689401291503444,38.74627815449253,9.135177620123587
2023-01-05 05:00:00,123.19505985684191,107.47708128558419,376.9015126139564,33.503619881395274,38.76048602224828,9.831487974565908
2023-01-05 06:00:00,122.74271384873914,106.73365341453557,379.73446659378936,31.791768624420524,39.57018403019679,8.65759429525873
2023-01-05 07:00:00,131.98517788947353,116.37093610854345,374.3340751732032,32.833856645308536,34.37934859213902,8.29496439721731
2023-01-05 08:00:00,152.6016587245016,117.2344098879281,369.59639331160406,30.03143921632285,41.04767618489488,9.4119585364022
2023-01-05 09:00:00,158.81371323082186,118.26436560283577,372.10934490835825,29.636052116312616,46.45847435564533,7.300510761957668
2023-01-05 10:00:00,161.97235097754805,123.91094643581593,353.46802615624694,27.08784208844552,43.604124512610134,7.040212352241533
2023-01-05 11:00:00,159.36731804390467,123.17615397642645,347.62564683604916,25.893726724925315,47.91791840486913,7.043921812591556
2023-01-05 12:00:00,164.0159005347138,115.25566434078144,338.17934313038677,25.24052920264927,52.56383883006769,5.793723815688223
2023-01-05 13:00:00,164.1804643940624,118.62240623533471,329.3534422443918,20.0909678321273,52.91754416257081,6.240380115073267
2023-01-05 14:00:00,157.1789961919791,118.04023607453107,322.28901367696045,20.757758215570778,54.76445493933479,6.34664340763871
2023-01-05 15:00:00,155.3989502178972,117.40184417166341,315.84987569503846,18.86702333751567,53.39831609068101,7.392669612273872
2023-01-05 16:00:00,148.57984875523226,113.09437229692307,312.49614399011585,16.599556585243725,61.606332005375556,7.128077806445158
2023-01-05 17:00:00,142.2924441053458,108.05879547814425,301.54884346790703,14.780208501071806,61.03744705303758,7.708527830178229
2023-01-05 18:00:00,150.94643438052503,113.23256616464222,299.5148843810484,16.33158459524791,59.366282319531535,8.761218234103922
2023-01-05 19:00:00,155.14034790631626,111.22121226996794,302.4640128693753,15.884375848085249,61.37024914285988,8.99243408474668
2023-01-05 20:00:00,152.31955727201168,113.9072822873253,307.6364245852553,17.600326328746625,58.52296556857444,8.636795297871126
2023-01-05 21:00:00,163.17874726241487,112.94956382672619,316.3782210189962,18.620830698390197,56.659443903934225,8.591663603965063
2023-01-05 22:00:00,165.87525984555535,112.15531067286253,334.48328469712897,22.17574118133022,56.600403708722325,10.09373041783389
2023-01-05 23:00:00,164.8378267549027,116.80392061338719,332.0911125697998,21.897971405977607,49.36583227858341,9.990612566070507
2023-01-06 00:00:00,155.31480488029882,115.70581915312702,335.8251282064378,23.029697405066063,51.454526156271385,8.375620227193233
2023-01-06 01:00:00,150.7613625663265,115.45402922590097,347.1389180094563,26.54572126275069,42.923863060509525,9.229680982197806
2023-01-06 02:00:00,138.60635924890735,108.35912212494702,354.09512663936755,28.526177770740453,41.60907194426767,9.414898929088393
2023-01-06 03:00:00,122.73985882323048,103.9747461806051,357.4481060652015,31.552204564864653,44.782926993348475,9.605840973764549
2023-01-06 04:00:00,110.06870966655704,106.58142053217256,354.8816191746622,32.19680528958146,41.104652847113,9.387071046457843
2023-01-06 05:00:00,120.23384185323266,103.4270178746888,366.6580958519429,32.42426364753774,37.627814639290754,8.586962768476615
2023-01-06 06:00:00,119.60772053678203,111.87097235134658,370.5668242187775,34.0267182995566,34.93083352589733,8.409673271951199
2023-01-06 07:00:00,127.0231191183073,114.89553956434354,360.3503523884981,30.573788699773093,36.24868678106103,7.656667194010923
2023-01-06 08:00:00,143.3559992183047,121.08876439224855,369.76840246869006,30.435541929783696,38.785678063588165,6.778303818273612
2023-01-06 09:00:00,150.7886581195859,116.27953302793387,345.33642424482935,28.822146301276213,40.63499647754907,6.756454754491303
2023-01-06 10:00:00,156.65392601866802,117.92783087886687,352.18114417750695,27.81155391774649,42.8670989974721,6.7142557249714185
2023-01-06 11:00:00,154.85761586757485,117.66911932608558,337.8690589336263,24.699997021647093,45.93094108838483,6.526835785553384
2023-01-06 12:00:00,169.28030951031798,121.54407511255394,347.81642257842475,25.045791385628867,48.67880728555784,5.18009896688957
2023-01-06 13:00:00,162.79384840365552,117.88303617859307,338.8127221596128,21.948532717763925,49.13792036508777,6.272872926115794
2023-01-06 14:00:00,156.38206580542894,118.16255239802378,310.0129477492208,18.52292668034232,54.1302395325293,6.740305851485746
2023-01-06 15:00:00,150.64332384931637,118.29381241633531,320.3533453719936,17.414486857336936,59.83415431115942,6.7423808338861875
2023-01-06 16:00:00,145.27865395584416,108.97698545849111,304.9378834862074,17.740191012264063,56.79672689893558,7.077223343141891
2023-01-06 17:00:00,138.95906329038098,111.08714989466955,302.1239604024244,17.57266436776737,60.67471425486255,7.953365391909433
2023-01-06 18:00:00,148.85784496909565,115.75421300938729,314.561139806636,18.69253748622876,59.79072814928963,7.244729969065952
2023-01-06 19:00:00,151.02932503531974,120.32485994584731,319.0309507931345,20.067829932169825,61.531388499117,7.24859901788793
2023-01-06 20:00:00,163.22175197906162,118.18124084729455,311.35711267679864,17.869830686385697,59.34115942435963,8.506281146414327
2023-01-06 21:00:00,164.55987838455462,119.69998646613152,323.10626947685944,17.4585834619358,61.65520224181319,9.595540255631068
2023-01-06 22:00:00,165.94278545771382,116.24210216169355,324.8606876252872,17.746568621503943,57.15705029332256,10.480325233317307
2023-01-06 23:00:00,160.31732645517016,116.76028759991655,338.24655316783054,22.557866098366272,50.39227489792041,9.99637850679992
2023-01-07 00:00:00,159.69956728996806,112.05971864601187,332.2060713016438,23.3337757779699,51.78571273074197,8.472215368091806
2023-01-07 01:00:00,160.53193921293717,115.85353127316988,347.2763663230937,25.883568969790236,45.642107036120485,9.286231671869862
2023-01-07 02:00:00,149.2041384919787,113.27946348488929,352.38926388797535,27.57906923093115,43.33229675199052,9.478682172433732
2023-01-07 03:00:00,134.77450105443475,110.67430651984564,366.41049853488505,29.80363048288586,42.962479782877786,9.184973953626333
2023-01-07 04:00:00,121.4487515666754,106.90653241516151,347.0095947891932,32.52524454917597,39.44481440455494,9.127513187060016
2023-01-07 05:00:00,126.56853889958234,113.53138827771802,360.9516694720844,32.235869514535615,41.45944841277295,7.746294305131251
2023-01-07 06:00:00,127.00634900875814,112.44109668086168,367.1072334599749,32.13178223554606,37.555139053518126,8.04546016128552
2023-01-07 07:00:00,129.91695412843518,111.11781195362747,358.23973422603945,30.808905397887717,38.484286555389154,7.9059974131895165
2023-01-07 08:00:00,144.4360796446494,114.4164121589745,362.8157159816843,29.245006071739333,39.78375884039914,7.827969667312567
2023-01-07 09:00:00,146.65043772160357,122.72187518189477,362.046752191407,29.401846049925123,42.078120920288306,6.375337111591226
2023-01-07 10:00:00,169.3734039528922,127.7829016343351,361.6648067989089,28.266160977518837,48.41822142220517,6.459352087253314
2023-01-07 11:00:00,179.11652759215548,129.52821683894527,365.9569545450519,28.524906872665028,50.47391153507405,4.65843888451506
2023-01-07 12:00:00,174.20596549913023,126.54016269156104,350.85814719809844,24.49130644713259,56.15857426412114,6.064976622695558
2023-01-07 13:00:00,165.05163547968357,118.56939314233212,339.67168207091726,23.445850307256457,60.695293643890125,6.184020835486666
2023-01-07 14:00:00,172.3260675791907,125.08468344739782,331.50324317339795,19.740098596653528,56.54037638355046,5.98725273860613
2023-01-07 15:00:00,161.26554562589087,119.08112299243567,321.85232390916195,17.262604431227047,61.6585290826276,7.055268333383034
2023-01-07 16:00:00,154.07198095892997,114.85948307250233,317.24189993507855,16.25718556535277,61.036133102332286,7.210838197568314
2023-01-07 17:00:00,162.0662626421585,125.66260348139443,310.002250205322,15.747988555707135,63.3274626038075,6.0303217180418835
2023-01-07 18:00:00,160.63765925938847,115.41289851139246,330.70666303575143,18.9019674777087,64.27869287369964,8.150855578511225
2023-01-07 19:00:00,166.25805123416438,122.2679339292744,319.2719956641955,15.636870349797517,63.14989954938713,7.738401676101459
2023-01-07 20:00:00,172.53144555786065,128.06670509907966,339.5154003840995,18.430061785749647,62.18389924797975,9.08998227143335
2023-01-07 21:00:00,180.99341049248105,128.8933121961,337.46715594785803,17.613847923576973,62.49606888487421,8.16336429836975
2023-01-07 22:00:00,179.06845695044967,123.37291001805896,351.0246855051652,21.47423903522589,57.87483891803134,9.320042682648317
2023-01-07 23:00:00,175.8112323459398,118.62792541045447,341.60593944738224,22.74987666795813,59.73416068567504,9.250674409213051
2023-01-08 00:00:00,173.4198624184824,115.79699219397574,348.4771599302551,24.172658657508332,52.98094221768149,9.71217131946523
2023-01-08 01:00:00,172.30454273698118,121.29639564229208,354.9609922361825,26.384397543875885,58.29957035863977,9.536176833789545
2023-01-08 02:00:00,158.50304325315622,116.58676097715738,360.6616498974718,27.579150872997587,48.45533476939686,9.12042318316164
2023-01-08 03:00:00,143.09570227515812,115.76437773843865,377.8142387467586,30.5591727041539,47.34494429459883,7.985269551948855
2023-01-08 04:00:00,142.06182093839774,117.38680860417384,382.7619867833819,30.751390383296673,42.65219814581852,7.715954425577282
2023-01-08 05:00:00,127.91897402107375,112.89008032906261,364.3472191444093,30.627982349847244,48.27776159538947,7.97950771028923
2023-01-08 06:00:00,138.3760430991122,118.74516139971298,374.17437583238024,30.839912702476823,46.7980271015043,7.9942040812493
2023-01-08 07:00:00,148.70350640542662,118.80992739432698,384.41134104178593,32.31008484672568,45.615019270765735,7.185997869306846
2023-01-08 08:00:00,162.16703929762568,123.99974117157475,394.56134398022886,33.20082022338374,43.413260593737085,7.687648351405631
2023-01-08 09:00:00,175.3069371051105,129.9925225827824,376.03520481399806,30.228686227149932,48.95986012848664,6.743885184771995
2023-01-08 10:00:00,185.07336128045227,132.86170832514563,371.6386306826655,28.239610410577875,48.724897844960395,6.025452986977686
2023-01-08 11:00:00,184.68986602632683,139.02311419474157,374.471420691592,26.79765429428169,57.510705184329595,6.356443855474861
2023-01-08 12:00:00,193.23376361779054,134.07203256989888,357.44695652433563,25.95344662240592,59.38353084478235,6.658101885421587
2023-01-08 13:00:00,191.2526949269622,127.85724642033249,355.7684702527723,22.58108494088619,61.11940619554159,6.778530563743605
2023-01-08 14:00:00,178.19513050992154,126.3854306725054,346.4461774959738,19.89739919097614,58.63997354085586,8.015827286718531
2023-01-08 15:00:00,190.40737887466267,135.0169328569124,353.7549275523128,20.063337437560325,64.51395868028071,6.471103290217783
2023-01-08 16:00:00,169.26512786172447,124.46954269920064,336.29213686548667,17.981082895863292,70.28529968331468,7.198564936886711
2023-01-08 17:00:00,179.80513215707373,124.27353125846088,341.2794488444714,18.512411941973852,72.82237515070075,7.9100581951198095
2023-01-08 18:00:00,179.5910255210994,133.19947917938532,342.8412597098426,16.618925444268875,73.18111239643508,7.983603928559424
2023-01-08 19:00:00,186.13086575569412,125.2438983194956,338.83881055138943,15.204407223644655,67.00240577820634,8.037795865461732
2023-01-08 20:00:00,190.9384449905552,133.07520197197857,337.77056414931724,15.833314748681385,70.13675634702717,7.66551997655903
2023-01-08 21:00:00,201.50616313379808,135.2759510307061,359.9542934519981,20.72970042578042,69.96205553762029,8.703075980442712
2023-01-08 22:00:00,189.78577060553724,131.70547688147863,362.0806934614208,22.47597195149566,61.74997298669799,8.5474464167742
2023-01-08 23:00:00,195.8388403029251,138.4656721283682,371.2287772788806,22.123729390076768,62.63626894628189,8.240264062646956
2023-01-09 00:00:00,189.01130235876533,130.99162346860462,368.59347427769984,23.952011530976595,60.2934421710868,8.94302481083059
2023-01-09 01:00:00,180.75443072408066,127.243628029002,384.88639106292464,28.23825312548105,56.06007605070695,8.715924534897084
2023-01-09 02:00:00,175.2605997786336,127.81948093267353,374.35890183503847,27.087643880178746,49.88267656401338,9.707688687381726
2023-01-09 03:00:00,168.7675737152927,122.69716261683422,381.8127045007529,29.001411395970983,50.87852797896897,9.481424457969831
2023-01-09 04:00:00,151.22312781061032,122.74725495711793,388.1374415374868,32.12055560856028,49.08377563073233,8.117284497293392
2023-01-09 05:00:00,156.3628800921928,120.51929296991855,391.7362696978343,31.6763711267128,48.387823155553804,8.206068526259608
2023-01-09 06:00:00,152.94943424176202,122.40803958816007,388.476042800292,32.41847464558705,47.16617607147936,6.6992301365212255
2023-01-09 07:00:00,160.12799846731133,128.2145640458807,402.1830062459033,31.958026021103205,47.93363688261981,7.265733467218331
2023-01-09 08:00:00,174.13189739486168,133.26294280579526,403.55716188834174,31.762173361677032,50.10558382528862,7.529287330491639
2023-01-09 09:00:00,183.94369480531392,129.55730525221108,398.1312521213473,31.77684271909251,53.15141873854497,7.516796350950053
2023-01-09 10:00:00,189.36070214157365,138.85368411511598,392.53378763099613,28.54184146574913,54.06369795643216,6.201828937139423
2023-01-09 11:00:00,199.75969732722837,135.2334884371519,386.34059074362176,27.27854760882986,56.788498774094556,7.287409662935661
2023-01-09 12:00:00,201.973071488982,143.52019887772175,370.07315803697617,21.97719106952244,61.052746357250676,5.43901565494057
2023-01-09 13:00:00,192.01848190040883,133.49677247508976,355.5491710395033,22.310511817282002,59.77521234366053,5.677771801165741
2023-01-09 14:00:00,190.5340166354587,129.41706436979402,353.5148388094573,19.429778379606876,67.98246223724895,7.197725200269853
2023-01-09 15:00:00,193.80259516431394,132.4161559744498,349.5231885596577,17.32435299828402,69.44631581992743,8.109124688214443
2023-01-09 16:00:00,180.2928781051411,125.96631164238181,345.22406786943037,16.4639248377126,71.46285338701499,7.5954023917285864
2023-01-09 17:00:00,187.2325830400718,134.9535993443081,340.8694001159508,16.31968392776372,74.70052962090703,7.583531761772412
2023-01-09 18:00:00,186.5605241433542,131.11684497109,333.74369904616685,17.549249245861173,68.70380583389385,6.463371377434459
2023-01-09 19:00:00,185.85217759837934,129.55110865087826,334.4745769278302,15.133215619958204,68.24447963050949,6.972515628423342
2023-01-09 20:00:00,193.163081293489,133.00931188440248,349.9410985191208,17.56297511623344,71.97789608821209,8.840586675827106
2023-01-09 21:00:00,210.29181119630832,134.16535508676876,359.6233775263362,18.21868981595926,69.43189755231528,8.810016303080001
2023-01-09 22:00:00,204.93860437671395,132.76237869262698,371.40644232362445,20.065466267398513,67.30737423237308,8.524953478170172
2023-01-09 23:00:00,198.41309000264803,133.43172809091456,372.42622859135616,23.593557369389845,62.98454781525065,9.494761546014637
2023-01-10 00:00:00,191.52793828605763,126.30386025330148,370.94369169964875,25.108664986397535,62.31114555641882,9.580591957255466
2023-01-10 01:00:00,185.69770201783518,125.18437843653278,381.4438728101931,28.140482435735482,59.74153187108472,10.109979847411797
2023-01-10 02:00:00,172.3721042501343,128.84135375221803,387.2139797366,28.28177117562463,55.798197881410275,9.394659703785553
2023-01-10 03:00:00,169.89712322295668,126.08172843423213,383.70702742329365,29.291026510608244,51.60419599912153,9.920536229613889
2023-01-10 04:00:00,149.20495463216255,115.90893327086287,385.6905690577402,31.131001208097995,45.55602099370025,8.755595820684164
2023-01-10 05:00:00,159.12923039973424,123.52342451544651,390.30497365897304,32.49195623834438,50.600583277432726,8.307494071288648
2023-01-10 06:00:00,152.29737517886113,121.06162275263091,402.3037548412408,32.68756618545385,51.093616273093225,8.745018530373027
2023-01-10 07:00:00,159.63546498428389,133.4576677474755,393.8963517386129,30.90394351102762,50.1316109519236,6.926862816317214
2023-01-10 08:00:00,171.42412210503724,129.72311561186737,392.33432494694586,31.51671774189955,47.86863423708483,9.220113217286318
2023-01-10 09:00:00,171.70786391770787,129.20922870070945,389.2529589890662,30.412778958702045,53.07741148720018,7.202020062936898
2023-01-10 10:00:00,190.24961560279527,138.9933702636336,399.1847065924574,31.505143249460318,55.850598003411136,6.967542371309715
2023-01-10 11:00:00,195.33901223873983,133.2796705549804,384.55116829500065,28.80906374106617,60.151153882527666,6.918678442347218
2023-01-10 12:00:00,200.00155051541768,131.90840907532055,364.58005887254257,23.46452901814501,57.7635470615066,7.813995532732149
2023-01-10 13:00:00,187.47841412277083,131.32361822672019,354.53251432802324,22.075131584970993,62.15545879410581,7.1058664487372205
2023-01-10 14:00:00,198.26120768599245,139.32968946976163,354.9268179368035,18.736536265915092,67.04230974349461,5.577422709020599
2023-01-10 15:00:00,189.868082175165,130.31686433617315,345.6078058130488,18.12908643688313,67.85422421852178,7.92176909755743
2023-01-10 16:00:00,182.33263250815466,129.9363618394631,341.1385808512964,17.947434057627607,67.01522054752597,7.011372394388488
2023-01-10 17:00:00,178.24067357316795,127.2138627895836,335.04784000158344,18.218650943170143,71.41699021019629,7.686779983333747
2023-01-10 18:00:00,181.99025022886065,128.94759952910593,336.85133824500747,15.626254271214028,72.01399440554577,7.104522219477308
2023-01-10 19:00:00,178.38829228337033,124.08972196779462,334.6390587568533,15.99089394837792,70.34754940083803,8.756569980340505
2023-01-10 20:00:00,193.96090125926892,129.51439228122362,337.32896583404624,15.000447372159947,69.25531203359087,8.294037996952712
2023-01-10 21:00:00,189.81314194933483,129.1665258350529,348.3703810409548,18.655464975318854,66.10832084962205,9.130778918375245
2023-01-10 22:00:00,187.1069665345982,129.3818469087052,351.55621505292027,19.23474166547915,67.2522136585754,9.100168801924106
2023-01-10 23:00:00,184.54585880866162,124.04163319069046,357.09702010954317,21.80587965410788,58.92791750670078,10.796397700648697
2023-01-11 00:00:00,183.91678325171307,119.3731904473135,360.31650330832485,23.46164649874325,56.31119675662515,10.887582210101913
2023-01-11 01:00:00,172.1983869176683,119.71715930173362,364.300559510443,26.47343656866824,54.317691734448765,9.48144795858392
2023-01-11 02:00:00,167.8624800837254,123.68914826666976,364.98192641030494,26.408844778269,53.125745007140324,9.343822503634856
2023-01-11 03:00:00,144.49911422013065,119.5907472109284,361.959604900145,28.416638111314597,45.202172023284426,8.79925009533516
2023-01-11 04:00:00,130.95640486617398,111.84819654622859,377.2232285661416,34.00565696175364,43.493573351568216,9.524204404051956
2023-01-11 05:00:00,145.00206683883692,117.03049911778545,378.895181921546,30.706975481848854,40.47880163812994,8.157984658420421
2023-01-11 06:00:00,143.6149466782734,119.82920162069263,375.60817825128174,31.210451777118713,44.40705509929508,7.7050639077480225
2023-01-11 07:00:00,144.21740348700516,115.54174755843509,388.7664198582781,34.460415546849816,42.06408692965428,8.296786436911692
2023-01-11 08:00:00,159.29884087391525,130.09596547007683,388.2527527625444,34.94511449520164,44.65593850960434,6.873190633278352
2023-01-11 09:00:00,173.32616527565062,129.46631017312635,369.5182978112155,28.783922642934517,48.64153750014295,6.912911304106219
2023-01-11 10:00:00,176.41755668233841,129.85295353565573,378.01027604052615,28.09316701190119,48.03698657579627,5.594044347265649
2023-01-11 11:00:00,180.32849881000246,128.6570083734951,364.3282674429744,27.01760191874,52.62733907446318,7.0440445021526115
2023-01-11 12:00:00,185.94770317693786,126.56514007955235,358.01281364688003,26.61373693046339,54.341456602946224,7.858606857427308
2023-01-11 13:00:00,177.38368357283608,129.78169422507224,337.713655239196,21.286635485180003,59.360132868784405,7.05596902152625
2023-01-11 14:00:00,176.72714370870824,124.72746166356862,342.50255512508505,20.24919922938381,61.59690118664712,7.724221311606458
2023-01-11 15:00:00,169.0547395027721,125.67114450147507,342.945816874203,19.82159951107071,61.29124038603456,6.347068332896046
2023-01-11 16:00:00,159.5342660811155,120.87712008681768,324.0926481795874,18.141280472433717,64.12701739087518,7.415426997419731
2023-01-11 17:00:00,160.36042256990237,118.28743524378375,320.14570359057615,16.371085979818044,67.77187574747641,6.951559485287648
2023-01-11 18:00:00,160.60813648780197,120.05403887449859,327.0201240978542,16.391407497553793,66.53030351082113,7.840564118093054
2023-01-11 19:00:00,166.882283421155,118.10399871940648,310.040036647899,15.17682837000352,61.96487911780124,8.928776601800521
2023-01-11 20:00:00,169.12269616487842,116.54415968752907,337.45995412653656,17.34221283763464,65.0661335335249,8.821274429172307
2023-01-11 21:00:00,178.92305545510163,126.19101973202645,347.31653934694106,18.58181964734106,59.11746363314791,8.071811455958958
2023-01-11 22:00:00,172.70054703915727,121.03927457302477,322.34532211106,20.83905678931726,61.91548260771583,8.378517731800233
2023-01-11 23:00:00,172.67460061095997,122.17794382295033,339.099884865834,21.82562164695371,57.95949384296211,8.48207398739006
2023-01-12 00:00:00,165.79645349190054,116.72675032394024,341.7069381985752,25.130526356583935,53.03444561231508,9.844016812957713
2023-01-12 01:00:00,160.20188093852857,115.47497477571503,354.31953286664964,27.85260464040142,49.43647194469102,10.89361491439327
2023-01-12 02:00:00,138.40307743188097,112.93944949415385,351.3433544702321,28.755421368474913,45.540129036739756,10.252758876476813
2023-01-12 03:00:00,140.98826428512442,112.82848875724247,368.3215068578388,30.649980699240167,44.81527885974947,7.7334705323775745
2023-01-12 04:00:00,120.95800438228602,104.70806820863525,360.25287280075725,31.565120697667354,40.41206283338849,9.744753156648853
2023-01-12 05:00:00,128.928549426448,112.1620345954389,362.96801834972746,32.30275092809741,40.36422268649797,9.043708859564049
2023-01-12 06:00:00,121.03750228453693,112.94574164901717,362.44599284964596,31.71148510566107,41.17731679519039,6.9182900381298715
2023-01-12 07:00:00,132.30014728288376,115.91279429931248,372.71568201962907,32.68666587304447,38.25919122110614,7.39953030064888
2023-01-12 08:00:00,151.07879004542468,126.80774503872584,365.3619075980362,31.39303656560263,39.1710346999817,8.016865688047064
2023-01-12 09:00:00,149.5981066672726,120.20980255121114,362.5545513043593,32.75234427913364,39.644473881048306,7.324643285874532
2023-01-12 10:00:00,163.54390480168027,129.73784795219495,377.64471515491493,30.47382444711191,42.25984872754351,5.784595357651749
2023-01-12 11:00:00,162.26445157471713,119.43662557557883,348.154522170836,27.1214769918769,43.32387143472572,6.9786307696237335
2023-01-12 12:00:00,167.96654010625525,122.05224897877274,338.2603706415814,23.67435001774706,51.91463444102591,5.0037495827435885
2023-01-12 13:00:00,166.4411871700164,121.36238459347163,328.9941560737872,21.186682140031316,57.25785385521236,6.39513573753635
2023-01-12 14:00:00,166.02850320001755,123.42480557929903,336.15017146495535,22.023609104162905,59.17829102973867,7.497531632903374
2023-01-12 15:00:00,150.56219957224894,117.00951745915968,328.43264223729295,19.254791368653738,54.82755030389046,6.952215779120094
2023-01-12 16:00:00,142.61011582333938,114.63248238090078,315.51561816841553,18.24642408248082,61.79083270013028,6.900743715026637
2023-01-12 17:00:00,145.49839788232768,110.08984755643432,295.300195523215,14.779653806840521,64.41505152427297,8.234313809986855
2023-01-12 18:00:00,146.43747876345103,109.28834183448429,304.48504751421115,17.715597843261722,60.58920483496043,8.682326270560589
2023-01-12 19:00:00,153.66690192388666,111.92831677099466,311.9636661863514,17.422677214756018,61.31492072767908,9.305256352660642
2023-01-12 20:00:00,162.19997060209317,116.31192614624604,313.10923463790897,16.34616681032316,55.38969764177773,9.362039699912478
2023-01-12 21:00:00,169.89335774446494,118.9651407995457,313.92731289408766,18.38630997392945,58.40880096193697,9.817622527535823
2023-01-12 22:00:00,158.93277309447632,110.41301073496021,330.2995837760846,20.92756145475233,52.926731760526835,9.81207409588293
2023-01-12 23:00:00,158.3417649866904,115.24707904095314,324.1652422697931,22.60561510950783,52.749470622901136,9.634758793815132
2023-01-13 00:00:00,148.36181229159845,107.98047412120543,338.71702324694115,24.26470807664157,45.71578609809355,9.56265629983467
2023-01-13 01:00:00,157.66653799967915,117.77536870672309,355.9627416808087,26.563785809498075,47.193060713220824,9.282806936065425
2023-01-13 02:00:00,140.4343878990015,111.63673905840123,347.01676602079584,28.31715206962265,45.32094292858795,8.45038030053485
2023-01-13 03:00:00,128.73299794117966,113.83506781914595,355.97958856365597,30.46155942187929,38.82944967062865,8.39194211560596
2023-01-13 04:00:00,108.66252886043819,100.83274023382361,349.50066278069534,33.317728670320534,36.12324269239677,8.552589862645368
2023-01-13 05:00:00,113.44176467004469,104.23009501793354,352.3663876475338,29.273256147350896,32.66983516219084,8.557245079375486
2023-01-13 06:00:00,117.03647750862099,107.13937747690436,356.9776883620688,32.34372362047752,36.41389022503461,9.008568818602976
2023-01-13 07:00:00,124.39233032084287,107.25470723724372,356.78444827099923,32.56926940252991,36.133579200381256,7.582513372833359
2023-01-13 08:00:00,140.2152873449744,114.12749698369275,364.0110814346236,31.9155475290174,35.212229664333904,7.952433403614372
2023-01-13 09:00:00,156.75708541775026,119.43628174504906,361.04684772861657,29.844811562354497,41.549086630288784,7.69486078772266
2023-01-13 10:00:00,149.03930743586255,115.92671250201796,345.1990407489047,26.528291644505092,42.07708020254697,6.53894913594119
2023-01-13 11:00:00,153.55454930766916,116.57806464267678,350.95416698157027,27.102607370407675,43.63215351035041,6.9673944085255295
2023-01-13 12:00:00,157.2770259179236,121.84263935722346,336.78535241349914,26.71338300331641,47.93037323450008,6.329530370792597
2023-01-13 13:00:00,169.54361630021114,120.11074446387728,339.13982740624016,20.73147868724494,54.66714356914093,7.476606386421329
2023-01-13 14:00:00,163.67091393597016,121.14691493931116,322.6060358354887,21.68136000742216,56.59302444154453,7.146052231109486
2023-01-13 15:00:00,152.23628310419494,118.92647174526417,325.4534650605223,18.595783199057806,57.53592405709167,6.106001199938328
2023-01-13 16:00:00,145.81797370216805,108.48208240498974,305.7560965859314,17.647176263553465,61.169093394170666,7.363067256507682
2023-01-13 17:00:00,142.05643839173624,110.04178740278022,304.3410255109848,15.660184544323823,58.53773007619814,8.765449945622937
2023-01-13 18:00:00,150.3705729425655,109.2194286416163,306.95497572893936,16.251822284362543,61.66540101418495,7.873138275817302
2023-01-13 19:00:00,153.63853385679235,115.74637368245095,315.56268902149367,18.487916582194696,61.61052668151138,8.701629088720335
2023-01-13 20:00:00,160.3211444996821,114.12718070516172,324.68147814270964,18.42835238954715,59.162512104009444,9.1321151864174
2023-01-13 21:00:00,168.8444336712047,121.14630144020651,339.7243548270656,21.081388318815723,59.36294451797526,8.335024142364594
2023-01-13 22:00:00,165.2956896547978,112.93092037234932,339.51818105786583,22.07446188169809,54.32561375388623,9.656533670126118
2023-01-13 23:00:00,164.06872429450874,118.2601646577252,333.37222670256745,23.12001790157879,54.399847419737746,8.473204133009363
2023-01-14 00:00:00,160.3807738402991,119.06443935846276,345.47877462862886,26.758485970413766,51.523100402560786,9.062063125519023
2023-01-14 01:00:00,153.9590994391128,109.02168335462893,344.30063571943487,27.265206639138462,40.9285893823635,10.201894816679538
2023-01-14 02:00:00,151.7414116076006,113.11298556540814,354.0052759723495,29.66354590522018,47.22036131674338,9.548767508892514
2023-01-14 03:00:00,133.22571608125884,110.09750245455444,350.6456876693458,29.973026458878316,35.56728629486607,8.847525706357251
2023-01-14 04:00:00,125.08177753154088,109.3487928506415,359.3566690105179,31.6822124777514,39.17135087173777,9.062522714871637
2023-01-14 05:00:00,121.97230926981908,102.1424927391723,363.78374008151565,31.566748858789047,41.750931292229495,8.346163994225183
2023-01-14 06:00:00,119.08845381993584,114.20878923543117,358.0916429856607,33.865847778038685,38.56103039329223,8.008804951646285
2023-01-14 07:00:00,135.94170053242078,115.33404870885711,367.0037620620437,30.99388519020529,36.62035980965715,8.071544401050325
2023-01-14 08:00:00,145.21836631020702,122.38022872809194,382.1559333819485,32.54956208985239,38.82155327042833,6.740842581538606
2023-01-14 09:00:00,149.67368009618625,120.50214464815683,372.17084985627497,30.112706599068378,45.581718808574735,6.967575312108466
2023-01-14 10:00:00,160.51719516500864,117.25961461064274,363.4569394040194,30.09222494843297,41.772690032792894,6.482374158098692
2023-01-14 11:00:00,169.83603182849555,129.21384994151492,351.60119752053606,27.660418047965535,51.5743401112478,5.441188898346219
2023-01-14 12:00:00,170.18944782584632,124.16294294912517,354.92173610086707,26.87569239986805,52.27547294740153,5.855680970625491
2023-01-14 13:00:00,178.61776077574356,125.40796825222353,334.07297040115014,23.49938803381305,53.0832066683383,7.648855773511075
2023-01-14 14:00:00,172.08998942956873,123.28295780873594,337.394469352398,18.808655856531566,57.525100694735656,6.970268214533003
2023-01-14 15:00:00,170.67574853337044,125.50286459223693,330.29429035711996,18.959999146790665,59.26571345208399,6.012828017239211
2023-01-14 16:00:00,159.81513477233153,119.82530511172129,330.06805509103,16.364678024137177,65.5294692408365,6.171751936906093
2023-01-14 17:00:00,160.77564012989535,121.2420000716121,311.2249796347334,16.352039786383255,66.64953682633191,7.533256702268801
2023-01-14 18:00:00,154.43888497514737,111.19465804322229,329.53638179684305,18.516948288643295,61.8827199017348,9.09283057322352
2023-01-14 19:00:00,169.0114669443992,127.95127154572162,328.2538606886197,17.743199730742592,64.5877376117488,8.25749787329073
2023-01-14 20:00:00,175.65871381023427,127.27308967693233,327.8995235425703,16.940737259689328,62.599042791198784,9.664899687382817
2023-01-14 21:00:00,175.3822374130076,126.26254287277123,324.94876769808775,17.836432787258722,65.65921644822933,9.307011711352882
2023-01-14 22:00:00,178.38047518398872,126.00340510895454,345.55240743436633,20.75117689501462,57.58140137860324,9.628913426168788
2023-01-14 23:00:00,179.93484640590125,125.2466598260979,348.2312903201866,21.18350398435663,61.410785405879466,8.513884382920399
2023-01-15 00:00:00,177.45808795776912,125.42442904798938,361.30041975547283,23.910649965141925,54.92675157306278,10.15626604522483
2023-01-15 01:00:00,169.7943938363817,121.62886115406836,368.46481470560406,27.163071429920365,49.562262930391604,9.21443631334208
2023-01-15 02:00:00,156.51464059055692,112.54758373567063,367.51542498522196,30.106571182350134,47.95837735669814,9.903202823204294
2023-01-15 03:00:00,150.8937040870457,123.03950290989124,370.2229214687002,31.109653420454787,45.42294403269073,8.490741184389549
2023-01-15 04:00:00,136.80763150262646,116.03241536729479,359.6719157343986,28.903029517935057,42.69778826720965,8.873934543256935
2023-01-15 05:00:00,126.08966140370556,112.54624213029189,384.13152753960105,32.81910830414903,44.732978818915534,8.634630635410149
2023-01-15 06:00:00,136.39601665470724,112.48875959667812,377.11354824267926,32.8149894541669,41.63371139221583,7.892176678396906
2023-01-15 07:00:00,154.4423411303644,121.5647180540311,397.18694614717424,32.95471129152587,40.1649986959223,7.894953067506529
2023-01-15 08:00:00,154.6767955223868,119.41774764937038,392.2012685180729,33.60037798361828,45.54093796518614,7.063522047365252
2023-01-15 09:00:00,171.73615660477836,132.1234643024058,379.5527559085706,27.915777872326533,44.530109365373114,6.48499800109128
2023-01-15 10:00:00,187.42093314413276,127.15369025684454,379.15962660697954,28.027571486379077,49.53729223644979,7.824800262279119
2023-01-15 11:00:00,182.64690689076517,131.3914307891855,376.5728424412818,27.51862120728585,52.293497249760875,7.285378267019405
2023-01-15 12:00:00,189.30989764272755,130.12233521321127,357.72473433939393,22.843153262098188,55.686627076248385,5.967394678466277
2023-01-15 13:00:00,185.97069255255875,127.50054938476185,359.1921702819545,24.443737939367004,65.31155913436689,6.949022274482624
2023-01-15 14:00:00,195.13904400315312,136.60401969282222,360.1107637181519,21.1872638965223,64.12410544777293,6.181086696032526
2023-01-15 15:00:00,182.42611688421835,130.35704275838384,347.44526982027276,20.106366630165667,67.2172900531203,6.110060577656549
2023-01-15 16:00:00,174.05203396736303,126.24080017315445,332.32520458950444,17.13606822344263,64.86414894184188,7.973666608979273
2023-01-15 17:00:00,182.5742744709275,127.24638577589519,346.32011608410176,18.000597030551276,68.7153121349086,6.4189016943930355
2023-01-15 18:00:00,180.12458081832074,124.26677477964657,342.0353618210806,18.0357360588413,71.21460459702374,8.648799139503591
2023-01-15 19:00:00,181.3871336877608,120.1539070091172,343.85603475671854,17.307699796574955,68.25087077472897,8.211322948852624
2023-01-15 20:00:00,190.71830341515255,123.77892335388458,345.11746150392884,18.110812826001272,71.47107952777836,8.601917377843627
2023-01-15 21:00:00,198.30269398618483,136.00489243275769,348.1046805288084,19.427374435175192,65.08198957237565,9.347486025516115
2023-01-15 22:00:00,195.0552959513801,136.58941432880675,364.0291247357335,19.725883901438223,64.76830573207556,9.705877274072634
2023-01-15 23:00:00,186.1623016614715,128.87474792453773,367.32014560908306,22.516392471646725,61.3643452721568,8.870448515653365
2023-01-16 00:00:00,191.22482307040212,125.99015707197864,371.8260497711261,24.583032846405757,60.05249434544835,10.002407926125045
2023-01-16 01:00:00,176.8797258633241,124.09250024480876,371.8154271452154,27.29876512587893,55.312679979288006,9.528248116051266
2023-01-16 02:00:00,181.82207916194378,133.1654667415779,386.89193753881074,29.97000907143586,53.361466666339986,8.419799750669037
2023-01-16 03:00:00,164.7834320170758,123.55809923272227,391.06616907212185,29.158910377323448,51.075577619219565,8.941748033274003
2023-01-16 04:00:00,148.3810375916358,118.87027473374324,384.70193114215607,31.55257087384168,48.188194511032535,9.716895310891255
2023-01-16 05:00:00,150.19350735179032,120.5132615595202,393.7503944765398,34.281610402810884,49.780788956252465,9.561844926425763
2023-01-16 06:00:00,144.84074414803092,119.44434173887686,399.4215345837738,31.886229516634327,48.93026763205685,8.502143920326077
2023-01-16 07:00:00,159.47060153852044,126.45490751988882,393.4592600230038,31.521319836150166,48.71331294019409,6.778530990628351
2023-01-16 08:00:00,179.565257146521,135.20529630263778,411.243244680852,31.95366136084144,49.24592931283557,7.593424831719139
2023-01-16 09:00:00,195.60706782626585,135.3943116097759,396.11845774782694,31.454884229562705,53.93041547475559,7.534942460921618
2023-01-16 10:00:00,195.81727229690608,139.34626568380736,395.29055514141334,28.80055566554873,54.214601498325536,7.208957482646455
2023-01-16 11:00:00,197.49660548769998,137.03680644058372,398.8469997557303,28.454225710808515,57.01499238328708,7.100579262647941
2023-01-16 12:00:00,198.98284516742586,137.38884759993746,375.7793211080999,25.819149257263913,61.07988553884473,6.754284155473272
2023-01-16 13:00:00,197.6576513903544,141.64941507753605,367.8414237655737,23.732703627416043,67.73371808316587,6.500422623385017
2023-01-16 14:00:00,205.83543883292432,138.61267461315077,360.004799873033,21.46008673133744,63.98420129970422,6.2751046471905365
2023-01-16 15:00:00,191.63536935893566,140.45099255616455,367.7908068665456,21.93355101338084,71.14123979831972,5.610784965269121
2023-01-16 16:00:00,191.9936954603648,126.54571559451854,345.72340137736006,17.62489848811387,67.2105510737765,7.487749236699344
2023-01-16 17:00:00,191.57177055035334,130.57277477333744,341.0069648940715,14.669736175601463,73.06491509230216,7.742008422902741
2023-01-16 18:00:00,177.9292298362005,127.15487735052034,340.3804488104047,18.728548149307095,76.46518222073921,8.390303089977373
2023-01-16 19:00:00,190.47080642941893,139.24660097942768,354.834501919358,16.528869953779346,73.6619848980273,7.451947982348749
2023-01-16 20:00:00,196.4248482298761,126.58092685444126,359.24710029681887,18.008841735524218,71.75090280128786,9.201511682520547
2023-01-16 21:00:00,201.97149387452444,131.4085836699299,362.61938139981265,20.724267140804365,68.21456580223139,10.498841738014349
2023-01-16 22:00:00,202.97799181248942,137.1327808434952,351.6805040256575,18.889020838531703,67.00128879842566,9.353953197221191
2023-01-16 23:00:00,213.94449836699158,135.52234023371733,377.6054116183142,21.241274571789408,63.446689186742745,9.405723015989018
2023-01-17 00:00:00,189.76639057055783,126.7495335545285,361.5426933172603,22.89434094805966,59.12041893564201,9.716301649259991
2023-01-17 01:00:00,188.08371441538887,127.46790940407251,370.37166709133146,25.935533748722612,57.05200006245939,10.871524656730838
2023-01-17 02:00:00,180.28405173108928,129.83286999044773,377.7566016522353,29.34757890568406,55.16987538809502,8.582484672486734
2023-01-17 03:00:00,165.5247751896406,129.08908480866887,386.65086620904066,31.107964259997377,50.49014105684415,9.202905025155548
2023-01-17 04:00:00,154.1982312499431,123.86842190899173,383.2268739317322,32.08388604233577,48.419117640945736,8.190239804391664
2023-01-17 05:00:00,147.86698540124684,124.82414073829989,383.56602668882954,30.858310120250103,45.91572805704827,8.005325263062291
2023-01-17 06:00:00,153.93952039063913,123.27982961460276,391.9158023053631,30.056166795333233,49.26540826481009,7.9652867844826565
2023-01-17 07:00:00,166.55542522783392,125.62922856897448,397.3926194676319,32.62298975463497,49.913293621886375,8.554897701475712
2023-01-17 08:00:00,175.67238509145474,129.93912580150769,399.0640727695581,31.194498327138756,50.313500554613675,8.510693420482124
2023-01-17 09:00:00,186.30687808034574,132.10395555033773,393.7992354060708,31.042610579906835,53.718438905134214,7.253039329458871
2023-01-17 10:00:00,196.55485995611284,140.88646743345097,394.27479109190074,29.678904393632116,54.15074144747339,6.437345588206916
2023-01-17 11:00:00,199.42245794840642,135.48608662908418,393.35493688042004,27.075068328892492,57.58418219957433,8.296028467213365
2023-01-17 12:00:00,197.5195933760868,134.90149762549768,370.96785545202505,25.752851728048675,60.359431231210806,6.200711863069336
2023-01-17 13:00:00,190.79775793036828,136.12796066627226,364.36146170930283,23.047258657209113,62.45227083738285,6.151316120514579
2023-01-17 14:00:00,189.34865303886625,130.7978357920562,348.393073035622,21.480899925741543,64.23050320909377,5.458501763118235
2023-01-17 15:00:00,186.84773692319945,133.68687427439988,355.27208984318025,18.344424589385067,72.59905781610003,7.916603926691496
2023-01-17 16:00:00,178.34633271164012,124.96397434193919,338.65714948516995,17.705213867060248,68.4790491163611,7.927771914659913
2023-01-17 17:00:00,175.4934419614066,127.26055253914437,344.61532429797506,17.35973910247048,69.03990341867257,9.30423530762771
2023-01-17 18:00:00,173.10553318508755,125.61298663599173,338.20732318021305,17.837711732343916,71.69576042274264,7.027333653447303
2023-01-17 19:00:00,179.78819280901237,126.89048400348976,341.44761330203306,16.655244271035144,70.70811074255887,9.40894813288914
2023-01-17 20:00:00,182.07111741450979,126.9628227639472,347.7459583867962,18.554400050859037,65.68168378905229,8.799094862856286
2023-01-17 21:00:00,193.28976201211117,131.38841541083707,346.8871290781015,18.88340361970764,69.1473659933709,9.624930323539907
2023-01-17 22:00:00,186.7139756876635,129.88329318553238,357.44212580680136,20.7202752218902,63.79277193422816,8.145594106903529
2023-01-17 23:00:00,184.94024159983562,118.83455361403757,354.7802913653092,23.78825727236061,58.46539190139394,10.476546015299315
2023-01-18 00:00:00,183.48693545546266,127.77036820430756,358.6085580820763,22.47377485337675,60.21862748628401,10.050561725932281
2023-01-18 01:00:00,170.3694168070987,121.79257143116078,359.6547473083015,25.38229293642436,55.67000986219976,9.42165171508325
2023-01-18 02:00:00,166.2285421042095,123.36163752120311,371.2466112917153,27.090944516716856,48.410053763913055,9.75061698703945
2023-01-18 03:00:00,158.48859513184564,124.12971992158833,369.10796969940463,27.72814107631976,52.406195246059426,8.524813461050247
2023-01-18 04:00:00,139.57212469441725,114.49710139875597,375.9295382960212,30.987970801314976,47.82558041145782,8.344391940092818
2023-01-18 05:00:00,138.4209004428703,114.29212863216634,377.9395871147924,33.502470468316076,44.9393729007712,8.063817338116
2023-01-18 06:00:00,143.16557321847657,124.12736927307472,384.81694586338637,32.535940127240956,47.83360697610581,6.703090496816831
2023-01-18 07:00:00,146.71001608385905,119.14642792651833,385.00378910396296,32.844613092519246,44.874814851933856,8.215002378288588
2023-01-18 08:00:00,156.06451628422818,125.65365655840986,384.1152857261104,33.117179534529505,45.44016598641491,8.084115529927795
2023-01-18 09:00:00,173.10493436102942,130.19823900905226,387.63853728493166,32.134049387029236,45.73384522713287,6.448398923385495
2023-01-18 10:00:00,179.45201150250745,134.04524450638152,377.5027447502149,28.80306227299074,50.72845152799415,6.944704005484713
2023-01-18 11:00:00,182.55736701505154,132.80012741085687,368.86665179053915,28.582938782986385,53.16704515254043,6.365232928325933
2023-01-18 12:00:00,185.42670450398853,130.8112056710845,357.1729769793978,25.000690447941352,55.03229630775745,6.729791773456721
2023-01-18 13:00:00,170.64831793198618,123.51811834395015,336.85478195984143,21.816762873604482,56.14351139706342,6.111807191718672
2023-01-18 14:00:00,182.41329802613612,131.6546297329428,355.27452317581833,20.180966866578526,60.837465117646765,6.082564285061993
2023-01-18 15:00:00,171.37838178073213,126.85180706958069,335.5802764802364,17.46280295079176,62.65993718894194,7.675792248436787
2023-01-18 16:00:00,164.4132981483539,120.65798102226502,326.3974733333137,16.904390425640443,61.56440774714096,7.205290590412853
2023-01-18 17:00:00,161.91979745055525,118.91709065564434,329.47528521105806,16.743380447261476,62.23765309957811,9.02724769794364
2023-01-18 18:00:00,160.63265904022202,118.2242399724849,314.3815508848211,17.866761446161327,66.90821182964362,8.0324169753559
2023-01-18 19:00:00,164.56076501546934,119.02222816458018,316.33777205638773,19.24202848535818,59.314041351739945,7.7399739394084515
2023-01-18 20:00:00,175.14611045092988,125.58571896536259,324.1129904524622,16.319741659573282,64.07567695826266,9.608858613505143
2023-01-18 21:00:00,174.3791344952846,123.616192286729,327.5791696988654,19.723152364360413,60.45182427544916,9.502220286682032
2023-01-18 22:00:00,180.91943774782604,122.81024035087617,336.08505514916646,19.662011401146167,61.68609638893751,9.807849110264149
2023-01-18 23:00:00,165.34906958321136,116.69875641818268,342.13183569228573,23.411798281165147,54.62084633517327,10.282309214641145
2023-01-19 00:00:00,164.97271526958323,116.44500456722224,349.3328699037247,24.75745969314356,53.84756283664887,9.043042594307943
2023-01-19 01:00:00,167.36542635250782,117.92560598423337,343.94950048550567,24.790278111302232,48.2173492384082,9.3598114231439
2023-01-19 02:00:00,145.37022399210852,115.02845155253861,362.34535248686007,30.032817727247977,46.25024593766969,9.179023223635216
2023-01-19 03:00:00,135.94999405038703,115.82316769317497,359.5848916650619,29.851762854637325,44.94356653469359,8.157137595938897
2023-01-19 04:00:00,119.96217803538136,109.73265974557297,361.37206762608406,31.210480054121238,40.210152230291015,8.565486894889245
2023-01-19 05:00:00,125.53597858860856,105.404147839751,361.079062351514,31.36870800121315,42.038389716986686,9.323694188167563
2023-01-19 06:00:00,118.43951561162757,111.52257384645601,371.1142927506173,32.141911051099775,37.072925859213335,8.166136672655687
2023-01-19 07:00:00,132.34412173933993,115.67986612722896,370.686798540408,33.16997234401736,40.14326987049088,6.669528502854729
2023-01-19 08:00:00,147.47155327361378,119.58431302427314,380.78514361756754,31.63225296978555,42.55646611809454,6.160912411834536
2023-01-19 09:00:00,149.12958351101352,121.59531917532016,362.11477851489764,30.98443686559235,43.72416042058078,8.10468306934398
2023-01-19 10:00:00,163.81313692694638,129.6643146668955,367.7912589843763,29.369539222714835,48.8178674978389,6.637738587144754
2023-01-19 11:00:00,166.608796725179,125.28160754401338,357.3035278691586,28.59262364895366,45.666774621813474,6.097924116575269
2023-01-19 12:00:00,169.22054470509102,124.67419035728001,340.1300683367474,24.527977741770233,47.27488275222491,6.308205764572098
2023-01-19 13:00:00,164.60030576385134,124.81947188266386,333.63991661126687,21.098582719837324,51.09070462394091,5.5169958325442625
2023-01-19 14:00:00,176.2098742178326,128.10804931837876,336.327713093469,22.22407421452928,57.49554100051062,7.697128498981478
2023-01-19 15:00:00,160.0279791801571,120.40389721369613,306.99796686478396,18.89080962705932,59.50036663426135,6.664202771909939
2023-01-19 16:00:00,148.02088301758678,107.38477119791385,300.86178010336585,19.35679926831515,60.421117073930894,8.207181069416883
2023-01-19 17:00:00,142.4706320584034,117.78085678483588,317.5049342895699,17.682178885187266,58.81591204640547,7.647927632459338
2023-01-19 18:00:00,146.4942475045906,114.63234902724805,316.30810151390745,16.794208829523306,63.28129483790942,9.000672382197898
2023-01-19 19:00:00,160.05792065452158,115.14202773380799,327.8443478061877,17.644738744850233,58.397385869417775,8.567914716983944
2023-01-19 20:00:00,169.13510825584072,115.94797589426581,328.66386755581436,20.368666050126876,62.356751434777244,9.34726286400835
2023-01-19 21:00:00,172.66938678372483,121.47874734652102,326.9938226132707,21.793216027920867,64.10834592329601,9.564025304041662
2023-01-19 22:00:00,167.958519366842,115.9389169288071,327.5995107913022,21.042989946310875,56.072755687740724,9.735341852053027
2023-01-19 23:00:00,156.28933792128763,113.93326898410153,330.678751171416,23.08344738317095,53.59311148194295,9.692442873461498
2023-01-20 00:00:00,157.8397420822576,115.62469382527756,334.51953440646446,26.255297174036663,48.066141035338966,9.337004498719091
2023-01-20 01:00:00,141.13168374994038,105.03778648625169,346.5536798996937,26.021605563801792,42.01630331297906,10.789693023534607
2023-01-20 02:00:00,131.11678611312843,106.0187714457207,359.7271977226883,29.36756784978045,41.74103244398283,8.664182216109534
2023-01-20 03:00:00,127.41162073942014,108.61104539931674,356.01650644092985,30.595738696985322,38.14807583598473,9.063675521420032
2023-01-20 04:00:00,116.80910096963797,103.26767478192545,356.7237188592186,32.2768489124763,35.44106230338657,8.760420112645306
2023-01-20 05:00:00,120.49858146183938,107.66389169521592,351.57639024827944,31.70135533500677,41.20227772819125,8.669937094994262
2023-01-20 06:00:00,117.39721722061726,104.5486292010656,364.80414439558,31.068545262165177,37.6002975396567,7.699369147873853
2023-01-20 07:00:00,128.66206363055994,110.587531908361,358.3933478264205,30.217887201435023,38.24839853315152,7.8320938462589424
2023-01-20 08:00:00,131.9000131270965,115.0629695812373,356.7448949308078,30.56743696600306,37.944623168067906,7.131810190357924
2023-01-20 09:00:00,145.39951509543482,121.43930608761308,362.16726904125034,30.08857203166399,40.17212898502637,5.831973066013655
2023-01-20 10:00:00,147.60824584179062,115.2656512902138,349.05626885124775,28.632331167638426,45.18902654357579,6.7076484947031325
2023-01-20 11:00:00,149.9421979390248,115.7073545230635,351.4022379082449,29.381423268559487,45.92763095824035,5.780715527445299
2023-01-20 12:00:00,165.39547549171817,123.23697290729729,335.4664218786272,26.315417490562414,50.31795919056337,5.285929966285769
2023-01-20 13:00:00,157.95083250376123,120.2899735076893,333.6016174103124,21.76519517169106,51.87906412823664,6.646922585048961
2023-01-20 14:00:00,162.17883909642504,120.46689104500464,327.93182984336534,21.409537931062314,54.51382680567259,7.042480233737035
2023-01-20 15:00:00,156.85051854456722,115.3858581491214,325.5889053885668,18.848970060516148,54.7267702280643,7.308028457693386
2023-01-20 16:00:00,140.86694960931894,110.70764944887301,308.38447547603664,17.72690825167632,55.45601441634034,7.647019494913782
2023-01-20 17:00:00,149.07978417771758,120.51651897480741,311.68020098396175,17.493361637975717,60.5163001979029,6.2589591176878
2023-01-20 18:00:00,143.4088229292348,113.01641799743074,304.23582379159876,17.743411677125035,61.71847951497059,7.047288150464751
2023-01-20 19:00:00,145.93787880671997,103.96198897803845,313.8615886322317,16.86791789887701,58.45693147368184,9.769693573423345
2023-01-20 20:00:00,162.3816097126884,118.46653718921195,318.9109694758282,19.352881136239464,60.12030771963049,8.01695386794606
2023-01-20 21:00:00,163.69203379541747,121.53298721086496,317.95015638479185,17.97930972699825,58.523191817447994,9.488248893575502
2023-01-20 22:00:00,163.10207392394074,112.1916901427693,329.09138869981996,21.016123525525295,51.29934974077348,8.818181770510561
2023-01-20 23:00:00,172.91790736276715,119.83125612191027,348.20643363315196,26.057199045773217,51.26496761177532,9.504659656920898
2023-01-21 00:00:00,153.35549093721835,111.7345196664337,327.99219848956477,25.280264389932515,51.20499167141008,9.056722058408484
2023-01-21 01:00:00,154.64716851598732,114.55767506522986,351.9330525771082,28.80500371070783,48.19787032456779,9.841967547667357
2023-01-21 02:00:00,138.0506951234412,110.70137378548118,356.57857949162667,29.126442876978306,42.063603952941584,9.39477998779835
2023-01-21 03:00:00,137.1468864520612,115.73008548318398,360.4347038825753,31.37242962525918,42.62066364974162,8.746857330228867
2023-01-21 04:00:00,124.07141540122562,110.38798524896563,360.6587943293914,31.88072993252512,42.77595462375426,8.014879516223502
2023-01-21 05:00:00,124.3875303126314,113.85600590467024,367.0593385769237,32.54560719749409,41.204726126642434,8.575670505898547
2023-01-21 06:00:00,118.19248164742858,109.47135695922375,362.56329550233676,32.08933343143306,39.04943245741695,7.1510968406701805
2023-01-21 07:00:00,130.32223832280675,111.44208450087473,365.60522690658047,33.270502644316814,38.81642108177667,7.9110081618308286
2023-01-21 08:00:00,148.97799216714543,114.64466818888445,370.67648133241374,30.935114574045734,39.84321694066905,9.08853943632584
2023-01-21 09:00:00,163.61360257150739,118.97198331216667,381.168664291652,31.486333542145974,44.35172968907053,7.884458864103601
2023-01-21 10:00:00,165.7846821957753,124.98001916358523,363.7864961949862,30.335141922403402,46.42922874091431,7.20380541514926
2023-01-21 11:00:00,165.78599312764894,130.3967994625964,355.20074246180724,27.545207543231086,50.47524850255627,6.491186152147592
2023-01-21 12:00:00,174.15570303091963,128.4766786150021,340.3489332818554,24.693338457745494,52.686819954160995,5.1428731610975325
2023-01-21 13:00:00,184.42216744603158,133.76589443210798,354.47256492489754,23.513062183237448,57.50775708607609,5.625510783436265
2023-01-21 14:00:00,170.91345126779456,121.35290384466414,335.49957551544014,20.670466558656692,59.01605742630858,7.598916893595242
2023-01-21 15:00:00,172.4622183242126,124.84839056816489,331.87958732026846,20.508694367315396,63.22992217799735,6.386510572132844
2023-01-21 16:00:00,155.3017790771437,121.51712067910432,317.3599090191949,15.919018839327165,65.53958389375438,6.760523531285155
2023-01-21 17:00:00,159.03655271482776,123.90906678958355,314.95437442654605,16.916790685453062,63.26823705835911,7.495816099367402
2023-01-21 18:00:00,161.3731017389531,122.85308980659255,310.91517828825863,14.659967971604889,61.68695749314645,7.25656761880738
2023-01-21 19:00:00,172.2450168625884,125.5650475968696,315.9355962502443,15.529478447775418,68.87132455572339,7.529490453467618
2023-01-21 20:00:00,173.01350226684815,122.12371328702025,330.6398954975691,19.761404647793004,65.0627004559232,8.714668149052999
2023-01-21 21:00:00,175.5752645188281,124.36542441623531,347.4099185535496,20.47235553738425,59.04162554752722,8.436589553509402
2023-01-21 22:00:00,185.74556392001637,123.44795011159277,339.7758367461969,20.193625592038778,58.98121654460015,8.780325099831442
2023-01-21 23:00:00,186.11068355066794,122.27260034151028,349.67609819716904,21.185458883595942,59.579604818785995,8.902055021130694
2023-01-22 00:00:00,182.2123618105229,118.73776372785747,342.1395966817957,21.50359376111915,54.38471097150761,9.865652149684127
2023-01-22 01:00:00,176.33640770712114,124.24773622312303,367.9369356146465,26.481398546837344,50.99198350192583,9.28640075608686
2023-01-22 02:00:00,161.33654137698,120.37550456854268,372.37993924765016,31.969550692348825,52.530320654207166,9.174037728150967
2023-01-22 03:00:00,147.19422968124096,111.57202261258315,374.7872927374253,31.24577938708942,44.882473760336886,9.47852229989604
2023-01-22 04:00:00,144.07332399327893,117.01613325244297,377.32462461434176,31.325791284083873,43.7460113645831,8.65057227423693
2023-01-22 05:00:00,142.30151418767977,118.84019496036706,397.14564400981453,33.35658789401157,44.98940997261488,8.193450929733778
2023-01-22 06:00:00,135.40227240619936,112.47820876044672,379.92134797419476,31.199944692906044,45.194126454256434,8.329315248899125
2023-01-22 07:00:00,146.99659787205889,119.14045985336121,381.2323287906521,32.44572242371133,46.05375903069582,8.079509922836595
2023-01-22 08:00:00,165.45261151018565,127.8504343139115,393.4750541057472,32.12468862556909,48.38094989910376,7.147048550343997
2023-01-22 09:00:00,171.9724150353971,129.02685462020466,397.2047311215085,30.632653919889407,48.93326596299172,6.99576527115455
2023-01-22 10:00:00,181.12431238536058,135.67307002974331,374.8468896992422,30.030095268353772,52.2686908118629,6.153708733510011
2023-01-22 11:00:00,191.39648341506023,129.75085222512897,372.1165050563364,27.567261468175545,53.72326323419514,5.948633130351226
2023-01-22 12:00:00,193.4350080021878,127.37857477179041,366.7625749359446,25.88713241391897,57.74123870182601,7.038403251376765
2023-01-22 13:00:00,196.36525505838446,134.3153593685828,356.985642252065,22.190547890747727,61.14601550698661,6.8625707043476325
2023-01-22 14:00:00,179.24678004484716,128.86586914348197,350.5197717915004,22.1665307190996,64.47321589880167,7.0196708012149305
2023-01-22 15:00:00,184.347324308111,131.47216341650403,345.4621951000775,21.389026995100156,68.37706141001256,7.135937872328032
2023-01-22 16:00:00,178.76360038885835,126.94969446918229,346.0378504763491,17.00077837066693,69.99354569407359,7.282342293070464
2023-01-22 17:00:00,170.14788472619057,119.84011842568461,325.2230310588453,16.302523182047054,70.25130843529023,8.099259755922166
2023-01-22 18:00:00,173.41208762306107,123.799535115777,340.3271089347623,18.700108774076085,68.9608616442821,8.654576132715928
2023-01-22 19:00:00,182.38627388516747,125.63095927105884,346.8751990875548,17.14215060297122,70.65371115087552,9.026088171287226
2023-01-22 20:00:00,193.0079137594366,135.95179550623922,353.3001864792047,19.857554298869402,69.41170214526812,8.679455458837813
2023-01-22 21:00:00,204.47567216255337,131.2208415410049,350.52695514144574,18.91527604974038,68.15292153694703,10.03155508271599
2023-01-22 22:00:00,208.8850194312697,135.7954133846176,361.6279507718943,22.851228572328402,70.25266690668794,9.458960582889276
2023-01-22 23:00:00,192.07355730048877,135.71809419567003,361.92994876437797,23.194404658882494,61.50135876731224,9.891552074229661
2023-01-23 00:00:00,194.0325499285017,128.9010043964949,366.32165818911966,25.419048216659323,60.62002473688386,9.697461523584415
2023-01-23 01:00:00,187.3711663201332,131.6651053174514,384.4133021337576,29.05938663400656,59.07237468530734,9.621793434672528
2023-01-23 02:00:00,176.57717680942432,129.263585187643,375.018150949733,28.67904652110641,54.173036856914635,8.784011712501435
2023-01-23 03:00:00,167.7652569158996,128.1850139405976,390.541976840844,29.642676702596717,56.738323083310085,9.551605758621223
2023-01-23 04:00:00,154.09555492657068,119.69030724185104,389.5562764181965,31.507092449321135,48.9721611354842,10.741706076435365
2023-01-23 05:00:00,160.80744518384387,127.4903549182827,400.23313457435825,33.38937034549208,49.426578734662954,8.12587201530073
2023-01-23 06:00:00,157.50549313592762,125.96595545184276,400.5662131981473,31.242248257754788,46.64844056864995,8.049696300797459
2023-01-23 07:00:00,159.44504618162534,125.64135492289886,397.1666571906235,33.61552641103751,48.13490920253583,7.299427747303118
2023-01-23 08:00:00,179.09567962682166,135.19502851569263,395.79655579805313,31.406827362032097,50.740592249324564,6.9083860689066565
2023-01-23 09:00:00,189.6180255813275,142.06146509919088,400.25968571604926,32.161373571780324,54.03988754468864,8.020454462903249
2023-01-23 10:00:00,194.3931361696287,142.0047236481878,383.65882079719444,26.256025600166634,55.435445469568506,6.229882181914131
2023-01-23 11:00:00,204.20788192437047,142.25919345217477,383.624495678784,26.25780465248554,60.45977908504046,6.219254929209949
2023-01-23 12:00:00,201.61926090004394,141.6510922808624,364.5667450680938,23.109362114130988,60.64064378978704,5.388755023388089
2023-01-23 13:00:00,201.30184578242753,134.91692456339828,355.050118214154,22.07308826602976,63.27045661498424,6.020783053386827
2023-01-23 14:00:00,200.22621754972346,139.53321336875962,360.9142685375185,21.434306574720747,72.88175219336529,5.505081969255989
2023-01-23 15:00:00,183.1134133136445,133.29726355132703,352.7718790579827,19.267172215264885,70.31487746237046,7.381603117668524
2023-01-23 16:00:00,183.01530945625754,131.22837694423717,347.7326194547113,17.908832438170403,69.79266822734758,9.209788055286122
2023-01-23 17:00:00,181.591921743296,127.68180541700212,351.08818388747045,17.22465004405718,71.0595338672534,7.35509627679083
2023-01-23 18:00:00,178.48512056394435,128.71137939736093,354.40850056738043,17.38913354954391,70.92610418803105,6.833269446906823
2023-01-23 19:00:00,200.2655581318328,140.56469318328254,353.66721504742327,16.20940637183855,74.64736672708415,9.018228332754596
2023-01-23 20:00:00,201.29253329605976,136.29182882368283,365.5121350373952,19.06906055285465,70.57389758413517,8.241152528748902
2023-01-23 21:00:00,202.72617784598356,138.89397973289354,366.1096296561602,20.289376519452706,69.72775208004236,9.970203023167288
2023-01-23 22:00:00,200.63498284784671,135.04115044438018,374.08162596418396,21.6150639279416,66.79326587358659,9.101617772223696
2023-01-23 23:00:00,202.55152309050436,136.39617759801035,381.5834180782581,23.752292378325507,65.61051067810028,9.006617757075647
2023-01-24 00:00:00,199.02858746220943,131.65279712577444,380.0082313903934,25.51269181970111,58.98673046874625,9.37542971097802
2023-01-24 01:00:00,182.72701697252333,130.42754954543204,388.54660066250716,29.671615558489698,55.32346738698957,9.979332472088934
2023-01-24 02:00:00,177.5079946475872,132.1194494261923,384.33835948011716,29.056446648544515,55.22689091051631,9.139843664147694
2023-01-24 03:00:00,170.49164424657013,124.57243977767446,390.2237384827229,30.451297863446516,53.500129033951296,8.712952879824215
2023-01-24 04:00:00,145.8673004520606,118.54810856566512,383.36431756382467,31.18889683366249,50.92450873526682,8.6108178779148
2023-01-24 05:00:00,152.73366957034315,127.22477509202268,394.68484620791236,31.655600729987267,47.12746541573691,7.497929938503159
2023-01-24 06:00:00,151.7493264057851,122.45265789660387,387.4739621336965,31.67552520347107,49.89627986001559,8.277922121605812
2023-01-24 07:00:00,162.65922355957295,128.08741599139526,394.5542834985909,31.831722605904375,47.07708840594841,6.361062816654796
2023-01-24 08:00:00,171.3608906600137,133.34088731691457,384.6443748422183,32.01624036427143,48.65646255876332,6.93911498194414
2023-01-24 09:00:00,182.8902592427373,137.80168439303625,406.35223911502794,31.232842212791375,49.51836606674279,7.47090947440169
2023-01-24 10:00:00,199.788680743062,138.66329992244815,392.8279383488538,29.23818389208299,56.81998101293031,6.9130956923762525
2023-01-24 11:00:00,193.9343435419329,136.7637357950107,380.9064422723364,26.330702457020095,58.11528552762989,6.964335661656873
2023-01-24 12:00:00,198.74335723780354,134.43933136975852,382.8391301444929,26.260992306793543,61.021974321301414,6.454468029096834
2023-01-24 13:00:00,206.07786800591578,136.06957731656502,372.98261181391996,23.99949146930512,65.39752400661618,7.369933587256254
2023-01-24 14:00:00,192.1480794011932,135.0815264382258,364.7574163785649,20.993147839375585,71.58613957710408,7.348251332062192
2023-01-24 15:00:00,192.98111456283743,131.9750658579179,343.78335449114934,18.746348760615952,63.967624632755545,7.251638531193553
2023-01-24 16:00:00,177.0141822876372,124.68541218418744,357.3053033266548,18.918588623339488,67.84891279410918,7.899282044119494
2023-01-24 17:00:00,185.70274342729383,127.39312891337644,350.02581555462575,17.68881539667605,69.14924919795358,8.13706792042871
2023-01-24 18:00:00,179.7029189703854,123.88130203396815,336.13438974316466,15.45487573154961,68.86913564191047,7.692375540657176
2023-01-24 19:00:00,185.49340754124296,131.7960031371806,350.36310437987987,17.385619652636734,67.78334788418174,7.447499329469818
2023-01-24 20:00:00,190.05703589410749,122.49598021671014,341.0615480989659,18.582815827052166,68.11298845287327,9.04425348808982
2023-01-24 21:00:00,189.73760658285343,124.20898956120999,345.11650445941865,18.46206098667824,64.00094565969394,9.442922633361817
2023-01-24 22:00:00,193.99904459784338,123.83552778790215,364.4223092405517,21.428333331873027,64.73709320858225,10.062368499473656
2023-01-24 23:00:00,194.37595839495032,130.6257206549169,345.922987838333,21.38615358023054,61.02317661801174,8.793463846901892
2023-01-25 00:00:00,184.6555207475924,122.47278898365147,370.03875827280876,26.80788728763248,58.66156549718547,8.865498258505985
2023-01-25 01:00:00,174.86542279421408,124.43060915553262,376.1144224562987,28.774526735118794,55.410526198292324,9.77081892584904
2023-01-25 02:00:00,164.82914846310368,128.2618546414977,384.64746809671965,28.9053833950109,52.51866122373725,9.24922121347951
2023-01-25 03:00:00,157.96778043839072,127.7204995082647,372.73458315230204,31.30337283334562,47.674893336479954,7.74062704438004
2023-01-25 04:00:00,148.68377927774284,114.43631236080222,383.46440659629076,29.248638809345337,51.04274168684624,9.012575714627934
2023-01-25 05:00:00,137.5737089838801,119.14242093911885,374.9620536800537,31.554099291905853,45.47755281140689,7.091532527161501
2023-01-25 06:00:00,135.07991215448715,113.59297488618728,378.51869936144533,32.863742480897436,40.23765914796335,7.338320413688654
2023-01-25 07:00:00,150.7356205421285,115.94858048579243,376.4110234911695,31.659090855122813,42.31913308682297,8.557948393348298
2023-01-25 08:00:00,165.1421498441021,124.02100184889659,384.60337649415305,33.005688938659794,41.67284217578247,8.52741531246501
2023-01-25 09:00:00,173.39942635038074,135.9181593339399,393.48111161332605,33.27578544657332,47.22464166651403,6.08838037028982
2023-01-25 10:00:00,169.29801686270292,128.80194921383094,363.6088094842809,27.81220259906383,49.18040906860118,6.470387818134459
2023-01-25 11:00:00,177.9343780673186,127.08388587569478,367.9710571781988,26.291700610721556,51.08798208904894,6.580947026721491
2023-01-25 12:00:00,178.61069711044567,128.54918061322752,352.79987609962586,25.51060591841869,59.42403744728128,7.746858849307097
2023-01-25 13:00:00,179.37327215303787,122.12360682918059,348.5510662796432,25.092817803677878,59.08924369854141,6.206102997089313
2023-01-25 14:00:00,183.99993279833254,127.49131542523882,338.9721234216978,19.76514388830064,62.149035833663405,6.367143078200048
2023-01-25 15:00:00,162.54921781590338,116.96093815982772,334.6555589271244,19.875943803863684,60.76513284414594,8.02344771914416
2023-01-25 16:00:00,152.83732175966793,118.04801915472146,328.5569686326572,20.493271105706803,62.299932487427924,6.987647593097205
2023-01-25 17:00:00,157.61071149890472,116.44814734535454,318.00494220725375,15.52835849946875,65.55661237050465,8.117312628622736
2023-01-25 18:00:00,161.40344243660164,120.37312392245153,323.3605252942824,15.702552775133714,66.045490103497,6.965999924421309
2023-01-25 19:00:00,169.16714725989354,120.40778962974821,332.0322984549543,17.006060383189652,60.95431019720195,8.268365646789134
2023-01-25 20:00:00,175.16547619846466,124.16154291418769,328.4507874149013,17.690844054606075,63.227098348678894,7.58828221317151
2023-01-25 21:00:00,181.45154385817793,126.74080253326035,334.7427765020867,20.56397849531161,61.53456558482951,8.321856525110801
2023-01-25 22:00:00,167.90709537853908,118.25472021212798,337.5915375658984,21.53766004160788,58.33462568910532,9.88647905428323
2023-01-25 23:00:00,177.58929880985298,120.46718185044219,342.1146886097776,21.049118081880128,53.917017488149206,9.4139549656729
2023-01-26 00:00:00,165.0821327723964,118.02482148409828,339.3978744060754,25.870073291317933,51.209720165068134,9.276625981612918
2023-01-26 01:00:00,161.6248882071871,120.28211096394433,348.0547189426201,26.631041753508352,48.701469463271124,8.924764002646956
2023-01-26 02:00:00,142.2145015977456,110.9882227281625,356.9720792466159,30.78482732262825,46.19976005194222,9.144578854407767
2023-01-26 03:00:00,136.94470133046875,111.47040387342525,359.646910094876,30.161193826951273,44.65306764828068,9.271439388750307
2023-01-26 04:00:00,126.18543788248937,111.83024084094808,358.4857608421541,31.423662823715528,43.60565845709706,9.438041344523262
2023-01-26 05:00:00,128.23155772118542,111.77030273911784,375.3130152944068,33.63811514051062,39.19840397933026,6.550625888786038
2023-01-26 06:00:00,115.03296890989577,113.30607129261791,358.95139661088683,34.17881439119259,38.25551755739382,7.417767178016041
2023-01-26 07:00:00,133.42791579423044,109.94211783769249,364.0319777210594,33.53037982466136,40.45800809863794,7.723138801878517
2023-01-26 08:00:00,138.52801305040623,115.04061728751913,361.3476929116282,30.17269114135388,41.870517544065024,7.180795818826421
2023-01-26 09:00:00,153.70618789232972,117.8931236220069,369.0621972327333,31.571650331735146,41.316836985472534,7.2217031979888935
2023-01-26 10:00:00,162.894801726483,129.2125807755426,351.5685733110864,28.02993450177909,46.34055441834664,6.888240094611929
2023-01-26 11:00:00,170.04315988346295,123.9773341133832,353.03029470640683,27.625936614042065,49.50142887043996,6.3377037564710195
2023-01-26 12:00:00,164.12215323656204,120.3010660409251,334.89350369167454,23.566519697429868,53.15072132964078,6.131202762808976
2023-01-26 13:00:00,170.2753356040352,123.22598425345558,337.7840759536355,23.741982680796145,57.19054785741384,6.379260217751547
2023-01-26 14:00:00,166.57258431207427,120.22233433898914,329.4041802139186,20.310976567112938,54.13645184905335,7.505081539199267
2023-01-26 15:00:00,147.51526714316662,113.7560838944599,310.4879978898283,18.08482555225383,58.43551223940029,6.426934275186166
2023-01-26 16:00:00,149.24443204666684,115.28383116418998,325.94177687371445,19.21116778639758,60.22096335526766,7.206035293799226
2023-01-26 17:00:00,151.51475284382477,104.30235472480784,317.4526035204582,17.84729847948687,61.07065570366959,7.7401109821450795
2023-01-26 18:00:00,144.67632456831814,109.1698788849899,303.65497350192686,16.54990365206597,60.165808369443184,9.092245650912098
2023-01-26 19:00:00,147.99010809591158,112.49602803975102,317.55739252382523,19.30262731025728,57.82349997314061,8.178012786888353
2023-01-26 20:00:00,164.8644753830279,119.50787040647133,320.55043920057926,17.833575990649557,60.01095713481183,9.421164659207674
2023-01-26 21:00:00,157.8272546640642,117.2419698940723,328.61728365773035,19.67417924720331,56.131598941382876,9.923045754065349
2023-01-26 22:00:00,163.40662012857524,115.34361701829721,326.30094641681006,21.617141921324933,55.45574882292804,9.254410120183197
2023-01-26 23:00:00,160.69884379793805,117.3118089516255,335.00487734091905,22.482235132575923,50.56337779175837,9.301385454079869
2023-01-27 00:00:00,158.40020023046006,110.5850051283918,339.42733751502556,25.863690329731046,46.731184166051754,9.26966242956625
2023-01-27 01:00:00,145.4724264280994,114.08664698879156,349.49864339825234,26.730675817237532,46.51422901219933,9.2698125454638
2023-01-27 02:00:00,135.31008336879054,106.74215763238064,354.70489925795454,28.808239112784666,43.39904240162356,9.897006008080444
2023-01-27 03:00:00,128.06810276682006,104.89165742120414,360.3462751470747,32.596168673197305,41.82686570330799,9.222367155858676
2023-01-27 04:00:00,121.78076923019452,106.81641858799625,353.8134647495228,30.98558070876879,43.43337265761852,8.914702796418927
2023-01-27 05:00:00,125.61420530531062,115.00140363480394,359.26205396073544,30.140087768346646,38.02312282446467,7.6005721103879065
2023-01-27 06:00:00,108.53984756163489,106.87391255480186,363.2748794783581,35.24307808988246,38.06717988754109,7.322756945837332
2023-01-27 07:00:00,126.56688411445623,114.60655698695744,382.80105997395583,36.09848931610926,35.04245093229262,9.112184209690131
2023-01-27 08:00:00,130.68857063349617,110.34333146451027,361.58522658553204,31.75570406629037,35.79327600231957,7.125521992297929
2023-01-27 09:00:00,151.80845017844328,123.9909954917691,355.9490668005031,28.648406671278234,44.03467014930331,6.396999431315327
2023-01-27 10:00:00,148.71303745838085,113.77147687312882,351.08959456372725,28.945110738166203,41.03535952679605,7.702731310235844
2023-01-27 11:00:00,155.14250468586977,118.44167832905288,339.5696578761875,27.04670909178476,43.70209566213887,6.748377244644888
2023-01-27 12:00:00,158.9721239300206,119.24552563799912,340.34230181601316,25.0936477438248,49.064414900232606,6.904708441805165
2023-01-27 13:00:00,161.07847220262155,121.17368486842527,324.8508737317772,21.916869744315743,52.11185027406532,6.454478307869315
2023-01-27 14:00:00,159.27551273854797,120.45200747352457,335.0382998535456,22.020891847922947,53.28104885110776,6.477890730919569
2023-01-27 15:00:00,154.8881052444495,114.41960551090125,315.34275683139873,20.299903117436532,57.1510403112195,6.82062936747207
2023-01-27 16:00:00,146.09740969291386,117.79749716896974,309.25380867195736,16.607787899293843,62.51168893237828,6.282083280790965
2023-01-27 17:00:00,140.0196622362562,116.42801559837355,317.60880709140963,18.442836013980653,59.31855044081904,7.550222245752307
2023-01-27 18:00:00,148.54243561859525,109.99230071782738,306.9705736607728,19.79635651264891,58.5281073269799,8.207223153929819
2023-01-27 19:00:00,155.7221369724158,108.74693431134276,327.5418254346064,17.814007625136025,63.36012352042071,9.683552831344409
2023-01-27 20:00:00,167.460138216032,119.91518199543655,319.74512150429376,18.003995027140817,61.27920562897042,8.810199345503626
2023-01-27 21:00:00,162.10695293507663,117.77476592021442,325.02634040580244,19.511656272664748,57.03979521344191,7.426736242232595
2023-01-27 22:00:00,158.3140957607513,114.01927446590462,333.19411688460286,22.079147738538357,52.561799918624835,9.233248302727421
2023-01-27 23:00:00,164.00703232373004,114.1988795059752,334.1778220500088,21.19540587966903,51.640070478465326,11.366541632609419
2023-01-28 00:00:00,165.6979188422445,114.5390186407417,344.7986519821134,25.541956868793882,50.18866134412359,10.106456364489528
2023-01-28 01:00:00,154.2480203091636,115.40232000698929,353.3225464872894,26.94860681302138,49.910819717641495,8.881266478767593
2023-01-28 02:00:00,141.71897515929274,111.11453283151398,363.4309260755269,31.56592368066168,42.32120842430805,9.712812665778065
2023-01-28 03:00:00,128.95606322325096,114.95630406571343,367.15270739453916,30.79830241383245,42.08613419931704,8.541250774357021
2023-01-28 04:00:00,130.37103176309276,113.67658280852609,374.1371412261506,34.28204489356139,42.011976979730036,7.80233473631721
2023-01-28 05:00:00,115.6153470340203,103.35445606816143,371.0797846648324,31.75721469220955,34.25637746859423,8.14437001338993
2023-01-28 06:00:00,120.04959617262534,106.80145090340291,374.5124633087111,34.06092761196026,41.53339075831318,8.064068507467189
2023-01-28 07:00:00,135.78239263564325,116.98369895591364,364.1899969790951,33.46882253350143,37.244577712235966,6.301262580642858
2023-01-28 08:00:00,137.1935035624968,115.30982953601654,381.1567649421524,31.245400435613487,41.958164891810064,6.445588496622994
2023-01-28 09:00:00,161.21039561030906,119.54276549033773,370.8200514598534,31.231701086275308,43.865229095813106,6.94657472244782
2023-01-28 10:00:00,167.11706749435146,129.61134165169608,379.70761122894146,30.81891099918002,48.38609006122032,6.415240671131084
2023-01-28 11:00:00,173.81049688285975,128.62997154958666,359.3853265805941,27.0478069047558,50.302593327097114,6.827479150368663
2023-01-28 12:00:00,173.20994971887828,124.67132451174933,349.5899596318291,23.337364901521855,47.166658483488376,5.649732170884007
2023-01-28 13:00:00,171.53875915588102,124.05261247537081,339.43914451658543,23.27800711574094,53.979962051568755,7.0509908845537135
2023-01-28 14:00:00,165.70196112308508,124.50339987130405,336.1912038807798,20.288641237769752,59.112005138378755,5.8723305263812
2023-01-28 15:00:00,164.4992501476948,121.24927641949972,328.45058351180313,19.305798953211514,61.0746512530438,8.089253839576491
2023-01-28 16:00:00,153.94192454926184,122.29317783445711,331.77051972966046,18.34926644619113,64.6745174044128,6.048969200935191
2023-01-28 17:00:00,162.64093659567456,113.57133809139708,321.8223513830701,15.603097693970863,66.77480206732703,6.846983443077815
2023-01-28 18:00:00,164.07634630199547,119.00297849085105,325.06768362571376,15.440408211171498,67.00346821640738,8.29215956212228
2023-01-28 19:00:00,175.749197110899,122.1530829842002,321.10323451860876,18.232182355986517,65.00423539887156,9.553191843702097
2023-01-28 20:00:00,176.51589898862485,120.77066426334082,332.0927533863976,17.82755293277654,60.436109823891066,8.97053012528134
2023-01-28 21:00:00,184.34811575850802,124.3198498146553,335.1856625841235,16.650380262058075,61.81143577013816,9.454660715907492
2023-01-28 22:00:00,180.8313772754443,126.75875816366313,348.9519766393135,22.328648976454566,61.467629364387406,9.311313936847782
2023-01-28 23:00:00,177.16247018311665,124.077329980359,355.5267887005796,23.64503517535205,55.4824974199614,8.730409821552962
2023-01-29 00:00:00,178.24067200981625,127.78296578102075,351.54381176268805,24.534001023864718,56.388804406267546,9.156903156232435
2023-01-29 01:00:00,167.57334273702807,125.56967539529207,358.67158279758826,25.882913187690107,54.11698387841575,8.60055193544671
2023-01-29 02:00:00,160.9610985025599,122.2625537145022,379.9605194100751,30.39743210673342,49.72748790936957,8.403941128232862
2023-01-29 03:00:00,142.26656203392906,111.96659323083944,360.60378581182493,31.472442461342798,40.44618977649386,9.341884415303625
2023-01-29 04:00:00,133.65699024381607,107.06590554017066,386.70796753752194,35.18559754952062,42.690154353677826,7.963775412538428
2023-01-29 05:00:00,143.24164234023095,117.85600661857546,383.6718179704985,33.63180790469846,48.67397587633209,8.611916372360165
2023-01-29 06:00:00,143.09194201121744,116.3347892582544,382.1345752779971,33.867321420988425,43.13274245907544,7.088724073445249
2023-01-29 07:00:00,145.3025311882931,120.35112068141808,386.99176686913194,32.93107269990156,40.5966892642625,7.819239546427952
2023-01-29 08:00:00,166.50617719604168,130.7519435732266,400.23143867863445,33.314215108589835,49.09377045533479,6.90792220172592
2023-01-29 09:00:00,170.23021875098067,130.44354290679397,393.7381751364334,31.814737837348485,48.52577529888837,7.923970701775646
2023-01-29 10:00:00,181.79149901810956,137.2119610575602,385.8156213562928,30.911751141074536,53.62291522190498,6.927565121228714
2023-01-29 11:00:00,193.3591824545137,134.4719502271224,380.40105921253047,26.856545048464913,54.90283269017082,7.416159285662296
2023-01-29 12:00:00,193.95784624424945,142.6314881136148,370.27027701058194,24.89098955548898,58.6121325343719,5.9710472985023655
2023-01-29 13:00:00,194.15896518870005,135.0864910575873,359.4946295705076,22.769899962941224,61.70806065584045,6.590411598737311
2023-01-29 14:00:00,196.89968957218184,132.7353399820035,356.51138478584227,22.366235071950367,65.5344742862262,6.014200883641947
2023-01-29 15:00:00,181.1983424394413,129.2432713884344,348.2988572736031,21.56036423394902,71.68782082015407,6.649816158299094
2023-01-29 16:00:00,171.52127735419674,125.34566915871585,342.5186381923034,17.942252751474953,70.90843913290513,7.066527044078745
2023-01-29 17:00:00,172.5170624982834,127.17306066520209,336.28386832583516,17.18582417722889,66.67728452964954,7.103670677865176
2023-01-29 18:00:00,176.18081964379564,124.38176350183356,334.32172853802905,17.80174588484491,71.723594144766,7.149147998808022
2023-01-29 19:00:00,176.39981267406583,125.8258858752889,330.0764427194125,17.404426028151356,73.01609207296467,7.398766441096903
2023-01-29 20:00:00,192.92449823993365,134.3099586869107,357.4052098497008,19.642900080246225,72.11928304641832,7.112176319004815
2023-01-29 21:00:00,194.2225253564912,129.59224733874706,343.4375694482222,17.071543681815584,66.78939109862804,8.321217647327375
2023-01-29 22:00:00,202.50826879986442,135.44389951206458,361.4341760654214,20.44037564109721,67.96118901039273,9.738283833346959
2023-01-29 23:00:00,198.44140518199475,136.2573401181375,370.5331034422624,22.424860016246395,64.69469215911572,8.329939767024301
2023-01-30 00:00:00,190.6155833580585,133.60709606713283,354.1027432677252,22.651774305483762,65.35052725614192,8.542314007622686
2023-01-30 01:00:00,186.11118266093658,125.1892699066986,374.92717416892515,26.352276551583984,55.07175431762295,10.70251773929664
2023-01-30 02:00:00,177.62138468913142,131.47223955119694,381.28156644506004,28.34179104881031,52.841151377815144,8.853490870782888
2023-01-30 03:00:00,160.47554009643528,118.78773889694719,388.4983945221997,30.857394374903357,50.92160191451925,9.28539237819521
2023-01-30 04:00:00,150.42372371542257,117.03072341430295,400.3551469238394,33.70751459232736,48.72535884720819,9.199622002550374
2023-01-30 05:00:00,142.26438061976967,114.03685113661348,382.65984682685456,32.87897195941678,46.75553679607887,8.851996858500657
2023-01-30 06:00:00,146.12424422080807,122.55145022109579,393.70529090032846,32.210546760958266,42.327927094932285,6.934380038574368
2023-01-30 07:00:00,160.81058115020568,131.77563345537735,404.40167639138747,33.10846873619802,47.95192477756006,7.450029656416612
2023-01-30 08:00:00,175.94140915254943,133.505487437003,403.68737127051935,33.638502755742806,51.00552537779164,6.117240911337147
2023-01-30 09:00:00,180.31668838989086,129.25679106908208,392.3868771710965,29.93887770765703,51.09293054749856,8.651762329457414
2023-01-30 10:00:00,191.9097899248438,139.406429159106,391.8739369592062,28.362366286961905,58.99127543848089,5.5845492095124225
2023-01-30 11:00:00,192.64326513179014,139.82214326252344,386.59600058808684,28.197748621214185,57.71915320447883,5.81762310735753
2023-01-30 12:00:00,202.61015595073727,139.12785186416826,378.58881335250413,25.192974782448967,63.68983139449625,5.771579401610946
2023-01-30 13:00:00,202.77252019899495,139.37189684345188,375.74512241367995,24.167127250915176,64.57635228863589,5.50344892686038
2023-01-30 14:00:00,200.04554426257877,131.62239665107128,358.5559518115362,21.446200942817136,68.7510810391157,7.647777631152907
2023-01-30 15:00:00,192.16258979977536,130.46038157110465,363.910748772958,20.649597578836676,70.06188605225174,8.635053358978611
2023-01-30 16:00:00,178.0502387015458,133.60317798242366,349.59934666419014,17.29603608774384,74.38685381868817,6.916975616481162
2023-01-30 17:00:00,182.3869142373579,131.60841427641154,347.2526117406337,17.726301713486702,72.70998071449051,6.687475229555137
2023-01-30 18:00:00,183.09913291979478,129.09085350658086,336.8921039900345,17.21725798205139,74.09146555779533,6.434152150891761
2023-01-30 19:00:00,191.55856489726352,135.33581352178774,345.41586265295024,16.28548561829146,73.39284659822924,8.217352464688341
2023-01-30 20:00:00,199.41960565637854,131.9260212154926,351.4719902928694,16.66945915078769,70.74129962062025,8.528544203786991
2023-01-30 21:00:00,209.48912116522035,141.6774131854381,359.42416381594944,20.641754334089995,70.33851573523248,8.6047528833277
2023-01-30 22:00:00,208.60040997377806,140.62690280481405,364.4777529507707,21.05643994614506,71.84863469898579,9.45400078346001
2023-01-30 23:00:00,196.0034751508282,129.85443304478528,356.5056586104469,22.182166409406484,63.406354108020025,9.725509939404443
2023-01-31 00:00:00,198.59491890013325,127.61642914386006,377.5238056905813,25.365911926171986,61.772390237368,9.72615828055653
2023-01-31 01:00:00,191.12640437548026,139.21553725030577,386.96212601147886,28.907372420312512,60.45684010841709,9.227601329055666
2023-01-31 02:00:00,174.60770479434657,128.27848380229156,368.73406635845674,26.74818203337454,57.2419940527946,8.5279028249747
2023-01-31 03:00:00,169.9515246460247,124.81210842148056,389.067574680041,29.347824522569663,52.203794726594204,9.526743340244519
2023-01-31 04:00:00,151.76635148882303,123.42717953362975,387.72703910636295,31.309544689133286,44.94948249994586,8.75875963159509
2023-01-31 05:00:00,147.66908333786677,123.51255446215649,401.2656162944329,34.971494161749476,50.04500982077769,9.010078835038048
2023-01-31 06:00:00,153.49889132656628,126.49130080980454,396.0543985399563,33.8316442462247,43.52296983844379,8.55305288463056
2023-01-31 07:00:00,165.942410707424,129.47781437729222,399.0466076424959,34.142593353084656,51.94744435362957,6.616537984013224
2023-01-31 08:00:00,173.12574946965395,133.893339822754,391.41151992590807,31.05628160022791,50.17669009391849,6.246044454779691
2023-01-31 09:00:00,183.59900284621665,132.2822508431189,390.23335511916787,29.811547320985294,53.79434666484927,6.41046132510184
2023-01-31 10:00:00,186.19995609130012,138.21412214537762,390.67456142088975,30.037376460067204,51.97278814189774,5.9615761085198695
2023-01-31 11:00:00,196.45441660066615,136.07584718152108,383.94555029225324,27.642344664435612,53.3062416961095,7.079787503749674
2023-01-31 12:00:00,196.97006581810592,136.80061496343427,372.75097680466837,26.16221202297431,60.2646485399187,6.745916773191542
2023-01-31 13:00:00,196.86430147779575,134.03993983350165,362.92198879444356,23.20982945064132,62.5797313121992,7.320540056216106
2023-01-31 14:00:00,193.68606180651503,133.15128734595416,357.90136342539023,21.841220257994916,64.31692141343332,6.978502666510995
2023-01-31 15:00:00,181.00073351391475,128.16510343403593,363.0020122646262,20.04219644879587,67.91417687896988,7.08539453553153
2023-01-31 16:00:00,175.66543076348574,129.12155962484147,340.98781703190116,19.51628466670291,75.56170023450962,8.089810846240885
2023-01-31 17:00:00,168.85649982891726,128.3452008725933,336.8850386740652,18.75402881433673,72.3407905873495,7.940580570160768
2023-01-31 18:00:00,180.33159910708108,127.33607124280229,353.6892701980906,15.571036770894437,73.0498357440517,8.047670674406389
2023-01-31 19:00:00,180.1360453099123,126.49967321626215,336.1702253700773,15.092611185945017,72.01069219032722,9.42454569140526
2023-01-31 20:00:00,192.31885636721623,131.7726444295012,344.2361913901609,19.792487427772937,72.02704191026996,8.830626618206926
2023-01-31 21:00:00,195.00566974717694,131.84379561959489,361.46631034549245,21.288867380232087,66.25931615294881,8.847621748337293
2023-01-31 22:00:00,194.52842156810638,124.9319569364552,348.5298868255514,20.29755844912606,59.4795251231144,8.7125618245323
2023-01-31 23:00:00,184.7347366871831,121.30102679798574,356.6821679714897,21.22180499543364,60.49455081825568,9.94100656076538
2023-02-01 00:00:00,184.67593933027388,122.45062927387242,362.5480323002934,25.644854616764835,59.389120996697855,10.365935379289729
2023-02-01 01:00:00,182.66879009853832,120.23681089325038,373.88050096028445,28.715423266372273,52.159962735435094,9.413477558430204
2023-02-01 02:00:00,173.07196886781693,129.08961037914983,393.9171681528663,31.68682987720267,50.80404105512182,10.214579042322542
2023-02-01 03:00:00,157.69945177963132,124.87258215918085,385.856242994223,31.807978415667723,46.974499562887495,7.681649649399738
2023-02-01 04:00:00,144.2125539583686,118.81367309849499,385.8323427115963,32.01556011546887,49.68069055510693,8.711182637634435
2023-02-01 05:00:00,136.44947748820542,109.97421560866545,381.7421101058023,32.190915838067774,46.61060978904074,8.360162129180676
2023-02-01 06:00:00,143.25815436467755,114.92469552368634,383.8915854937579,33.55085578639006,45.76851496915461,7.491103939314887
2023-02-01 07:00:00,149.5678722096085,119.73999407273607,389.49889012401076,32.90725067398015,45.89188261637479,9.280474158933547
2023-02-01 08:00:00,162.1021381685092,132.80487833335792,391.0471177974248,31.2509301319414,45.42000039602909,7.203665157117871
2023-02-01 09:00:00,165.53344508923914,126.39611518902643,389.7693294200576,33.65801530659523,47.62112930394183,6.653928288097069
2023-02-01 10:00:00,173.33435070524433,132.61338893681653,392.1795266228226,31.686701452446357,46.8409744843473,6.7191353737268065
2023-02-01 11:00:00,178.53851051637037,130.49153552049654,376.3585793402985,28.980154450356455,47.30834627117609,5.14914164359833
2023-02-01 12:00:00,182.47381388208808,130.43313271310225,356.2457726021152,24.44316669567658,55.330178486759095,5.96809245225856
2023-02-01 13:00:00,182.62558640101807,132.3937283800399,356.3274122505723,24.505500708682128,58.59425993937082,7.239379239178174
2023-02-01 14:00:00,174.54574836518483,126.67475390658451,345.8111033353508,22.319423481612663,63.21200148901721,6.260700145870394
2023-02-01 15:00:00,164.83299586502932,121.3527958782045,328.4265577050391,20.427913401261534,66.27043331299993,6.359127214259989
2023-02-01 16:00:00,169.4119886587523,127.01112151792596,335.52267074932655,20.126948304057034,67.95204791535394,8.166667945560091
2023-02-01 17:00:00,171.74403054882126,121.9696309261885,333.5487105915788,18.592431486902335,63.27998836724479,8.549949513012482
2023-02-01 18:00:00,161.71947835097762,121.74428205281406,325.06079925697054,18.44724852003175,64.88989131937264,8.361893330512753
2023-02-01 19:00:00,162.21500345523106,117.68436666876185,329.47359537227453,18.59795027472388,66.0949310957927,8.069646433826723
2023-02-01 20:00:00,171.80598322525083,127.00135561257117,332.6503805547001,19.043652909732398,69.19396408998071,8.582370254418556
2023-02-01 21:00:00,179.58082948741466,125.74863754885362,336.12561757673905,17.76755514661903,64.75982525067825,8.497755198677345
2023-02-01 22:00:00,182.90360147754018,127.51089812817384,347.480606387639,21.666923541026623,61.27062761019834,8.60269692235659
2023-02-01 23:00:00,167.11149042353344,119.61683216533702,341.0324534523368,22.830430227119127,54.85334289310323,8.717797197617704
2023-02-02 00:00:00,165.6624423928741,115.31415274124858,335.01614299587055,24.03443767292856,50.453658376753474,9.067361915250356
2023-02-02 01:00:00,159.95849875231877,120.0159684590334,370.5855133230435,29.660812201787113,50.826157032574834,8.724584045954291
2023-02-02 02:00:00,151.14309385732642,116.15304873126911,366.3160773345944,31.648706573806574,43.5785452186843,8.204444522696447
2023-02-02 03:00:00,134.72690576030894,114.24089554612166,366.98049503966195,32.86366259181357,42.797966194512824,9.214242040607568
2023-02-02 04:00:00,117.16441500534646,105.48169148219125,360.8861912067496,32.812033599035054,40.9752633184008,8.914216906625407
2023-02-02 05:00:00,127.27925712572122,105.58100827605834,371.9485089595642,34.927560858955516,43.35037556716043,9.578783498553635
2023-02-02 06:00:00,127.30631990263106,108.50270713819121,379.7940270439386,33.595696942649305,38.4787271223363,7.532163142151685
2023-02-02 07:00:00,130.70265065764627,107.97599955864746,379.26470854823225,33.553824677463304,34.128816412002685,7.8190418450825145
2023-02-02 08:00:00,145.15322406448925,120.4135792711356,371.2898922070769,31.200926315119407,41.636436952818514,7.468898805492393
2023-02-02 09:00:00,149.09233266768976,116.38666780034475,367.9144822285931,31.719959123452373,40.73422986181338,6.761653535432322
2023-02-02 10:00:00,155.0155726477174,121.30391266669747,364.2319824308095,29.661004185532406,44.69547702278401,7.22199540644812
2023-02-02 11:00:00,168.0487660223005,123.42771087036799,351.6566891451499,26.097735837662977,47.15559077804438,7.093771691361898
2023-02-02 12:00:00,167.0681664407779,121.62642141209267,342.79019913852676,25.530753610306032,49.70686231439251,6.729187766638278
2023-02-02 13:00:00,167.5487302655442,124.58155821528963,339.7818712051575,23.427785615361007,55.0169911425568,6.372163467032948
2023-02-02 14:00:00,166.69487980483962,122.55655701850687,335.831240321615,23.752909341050792,52.670264621728066,6.4506908183351666
2023-02-02 15:00:00,149.75428542868195,109.15010599709942,324.6558175283931,21.013859353075215,57.2675048839691,5.981912099062215
2023-02-02 16:00:00,144.52278706621067,113.40989504784112,315.4805589218047,18.685009750329126,61.70103583156481,6.6858575549676
2023-02-02 17:00:00,147.51482364232297,115.6268719176796,317.3140426969829,18.172436637619548,59.93543104868353,7.176366165615032
2023-02-02 18:00:00,142.56233501909904,116.34905516732066,306.8985218428719,17.656172528567975,58.05481203219154,7.213219766299403
2023-02-02 19:00:00,158.621373960296,121.16225052562753,320.73639588422833,17.634032656708136,62.56255813541384,8.696175344335124
2023-02-02 20:00:00,160.57129767846467,110.26724644694022,311.80947997098025,17.379637729891023,62.27787054051964,9.587639508290861
2023-02-02 21:00:00,159.31563430230347,114.77080747809191,319.68188720493197,19.770453816058918,57.72299193557374,8.425016469149417
2023-02-02 22:00:00,162.92910803122157,109.62188062034232,323.9676007433861,20.715068304798574,50.952702848650375,9.49744711069789
2023-02-02 23:00:00,162.8009367587499,120.727126298612,324.5364071861839,22.041270270876723,53.863407026233354,8.725010941762802
2023-02-03 00:00:00,158.9549715384326,117.44992017383026,346.034900220746,26.227481692071933,45.498679187785754,9.286554480342586
2023-02-03 01:00:00,150.11876821575225,114.18655955406177,341.9073270463028,28.155898873218952,46.6781310284359,8.965658034009156
2023-02-03 02:00:00,139.66631200894304,109.08433142686677,341.85356187374913,27.473592481421868,41.11459462821661,9.720365059701177
2023-02-03 03:00:00,127.72517232246018,113.01312760324946,361.9157688893254,31.12908592193486,38.00079893771492,8.58550845009033
2023-02-03 04:00:00,114.38162492179936,106.93785781614254,356.73461302289843,33.744309040021705,37.65227033392431,9.458162289594645
2023-02-03 05:00:00,111.74304222688943,108.86744524660283,362.16314053759504,34.62154931880849,37.00983123166086,8.216224026090263
2023-02-03 06:00:00,115.75373222966964,108.94737625663811,360.6468935170249,34.85588767343023,35.58274184914981,7.545277403283627
2023-02-03 07:00:00,124.93180733539454,112.08709263440865,369.900324310051,33.40079432477251,38.70823306787403,6.734457748704642
2023-02-03 08:00:00,143.82962535133447,119.73942106386116,370.7333772511411,31.54264827023317,37.643119738890285,7.427243157206731
2023-02-03 09:00:00,152.7995882076631,122.32809037466212,366.4078641399355,29.98672181972837,42.708865284079906,7.565992709778514
2023-02-03 10:00:00,156.71184678494907,120.64373641865063,363.01486767332983,30.045637939584054,43.68559600706458,6.892286773899175
2023-02-03 11:00:00,160.14824078046036,117.228638742405,351.8646128280073,28.15960550710338,44.46414676485824,8.118293427056491
2023-02-03 12:00:00,160.59135952517912,121.22473596777819,340.920472429333,27.180518649548123,47.245364782477886,7.500851216729293
2023-02-03 13:00:00,154.54718664383282,122.18060913654679,330.4516830728294,24.886947904276205,48.68578172559143,6.3358418252644855
2023-02-03 14:00:00,157.7671431046533,117.34243781622199,333.9467803490031,21.48065282347175,55.90617615658992,6.478342690658375
2023-02-03 15:00:00,153.12954609056072,115.00021721263283,320.85743680267603,18.49122759043858,57.0418887884355,7.268127531859941
2023-02-03 16:00:00,144.38270792653924,113.54969802235047,308.84786263624187,18.33179858683564,54.588232191808274,6.663386573702012
2023-02-03 17:00:00,148.325200115578,113.66269536743526,314.2484377570947,18.178000550723038,59.913163660156194,8.428173246918922
2023-02-03 18:00:00,149.7927154430847,111.05496038481617,310.98389994073705,17.404028980386872,59.61191192822458,8.253120365290483
2023-02-03 19:00:00,153.33323229415896,119.49068987388203,307.5904981261456,17.227447635366627,64.75290825721665,8.567749805254742
2023-02-03 20:00:00,157.46828327517557,115.07988092189142,321.7245804007727,19.02538317558078,56.45003947654135,9.23086756743957
2023-02-03 21:00:00,171.1885917236847,118.15289149676977,325.43964641680117,19.390317692304308,55.233964419454104,10.26664109013814
2023-02-03 22:00:00,171.066694412809,123.95141290895445,326.8667777629472,20.900037684769146,58.48450056893639,9.418706852207924
2023-02-03 23:00:00,164.01974771190905,115.01913430742381,329.7914553935299,23.958702928562325,56.26312080905099,9.369760479823631
2023-02-04 00:00:00,158.85216703823505,111.15358961409959,330.7884376416206,25.174914843347633,48.67004863999567,10.556103736325804
2023-02-04 01:00:00,151.67729434158116,108.293927637114,347.7214985358784,28.022576765764015,45.955752309717575,10.126174030627402
2023-02-04 02:00:00,144.03224218183385,112.76891211705878,356.6634623307496,29.988736310719588,45.957406641438396,9.074352217408055
2023-02-04 03:00:00,133.27291218289827,104.32947651842773,352.0977592547952,29.952222422144704,37.15245838536243,9.064290685841131
2023-02-04 04:00:00,131.91556949529033,113.02694925423636,369.1449117125818,32.01518749088059,36.43203262204908,8.88676664115718
2023-02-04 05:00:00,122.71987436947256,110.69239179836337,372.310690182383,35.119002326432444,38.87755213499099,8.641497628877323
2023-02-04 06:00:00,126.69296239547252,113.25162926931705,370.5149747009357,32.27355689468999,42.66882043433168,7.0503801043426195
2023-02-04 07:00:00,126.20306834811979,112.88584091171448,361.77992663657164,30.85726164512402,38.887362777123286,6.532032206885155
2023-02-04 08:00:00,143.18563149915758,120.81966690832361,362.5198522796589,30.365616624499687,41.44983574802226,6.628826984598296
2023-02-04 09:00:00,161.68747684299234,122.8790497324525,375.18076207644606,31.365200108053312,45.81686256631022,6.264022918112241
2023-02-04 10:00:00,166.90578746467506,127.28271181969423,361.35016131094375,29.71230013995756,50.63514641321198,6.250285084542586
2023-02-04 11:00:00,149.14455633020532,119.51197954970462,353.40924955638195,27.606403362455065,47.82149304820492,6.995408710029405
2023-02-04 12:00:00,175.549076976885,120.92423768950924,350.21768193274056,27.135795581944997,52.35965677308069,6.381749590572683
2023-02-04 13:00:00,182.90281730100838,131.01161966656872,344.9978135250785,20.402597002113737,59.71499788226611,6.688587484073531
2023-02-04 14:00:00,160.22603478974554,116.34195020740788,333.8208871796103,22.157453362825596,55.45911544838031,5.843949507293747
2023-02-04 15:00:00,172.9082061102509,126.39157184622698,346.4853496067669,21.900985471538807,63.764285357725896,6.616190286175509
2023-02-04 16:00:00,144.70482439250043,108.77532165102615,310.3862382465832,17.40435402967064,61.383479627753076,7.661080363221389
2023-02-04 17:00:00,164.14532442787493,123.86708688355321,321.63771017261837,17.50449918498022,65.26363485248068,8.028238153069994
2023-02-04 18:00:00,159.75159374392592,115.7919615731312,323.966351482574,16.78598187215041,65.13111249198148,7.49279832026845
2023-02-04 19:00:00,157.95601057513383,112.08847558941896,328.2138447878282,16.89060800144786,63.3680147509487,8.501392238119424
2023-02-04 20:00:00,177.51525584298176,121.8646290930097,343.6775431417685,18.373289054909222,62.335227007507974,10.28919349743764
2023-02-04 21:00:00,185.9298651471072,125.6192428826056,348.1009625598819,21.750910735316143,63.421606118977095,9.048341621300862
2023-02-04 22:00:00,184.25198191879522,123.48718148423791,363.6701133008551,23.901421736249365,62.74180596043939,8.813807243376942
2023-02-04 23:00:00,182.68618917893062,126.02909798693999,349.7901594974817,23.224652503262146,57.59606172855784,9.327255066880081
2023-02-05 00:00:00,173.82451158564535,116.3843938204552,367.41081386106987,27.986177525750822,55.15424894921291,9.564523975268783
2023-02-05 01:00:00,160.67655795790813,115.2128904929925,355.73479291796764,27.81512186218175,53.375101570268086,9.343070872950221
2023-02-05 02:00:00,162.01731652638378,119.32992795160384,380.16829659231723,31.808078545580138,47.3108192608903,9.277089815203126
2023-02-05 03:00:00,157.84449325198568,124.15597777792937,366.17804032221926,31.250315891547,48.81382900088963,8.050247413924023
2023-02-05 04:00:00,144.32245088300746,122.50898041011814,375.07706447113907,32.79266247389916,47.30450356517529,8.076158667439847
2023-02-05 05:00:00,131.9892858503922,119.41739608387105,384.0296724344626,33.874934782301146,50.25233758475956,8.283693901703735
2023-02-05 06:00:00,132.41604571334233,115.55369415302222,385.6925184733499,37.525351293316405,43.507696384506794,7.884312420984326
2023-02-05 07:00:00,147.1061964050797,115.11204416504928,392.5315737660869,34.46144337135945,43.95402439147647,7.215438939944195
2023-02-05 08:00:00,155.9609865001147,126.5952379095584,389.77968311191677,31.7937461777153,48.06795111851438,7.1260904897465
2023-02-05 09:00:00,173.44681032221513,135.25808166919612,388.63522253948145,32.535677507435246,50.298422169098934,6.982050227010148
2023-02-05 10:00:00,182.22477556392292,134.73267270080964,376.85263041054384,29.283591316514343,50.01485440876942,7.323551313890521
2023-02-05 11:00:00,180.02309936771022,131.90621341875715,368.3437137573517,27.202506166023746,53.406565715442014,6.4816630459081646
2023-02-05 12:00:00,193.88481196843065,130.4303780181422,365.5310782820372,26.811638435583493,58.79379027878505,6.779372243708777
2023-02-05 13:00:00,192.36575200458412,132.63641414145957,361.24114887232247,23.689829041697898,59.08875498125215,6.171991049562646
2023-02-05 14:00:00,184.99023972637838,136.2353862009801,355.022965366531,22.059130801631298,63.09682522636718,7.1014289008422935
2023-02-05 15:00:00,181.90481552272323,124.91794052755131,346.2795655614207,20.086527840627145,66.87457792154115,7.202351036548828
2023-02-05 16:00:00,167.20280735984898,120.87492869072763,348.8387111082039,19.204055576929843,70.96329030040384,7.856071902225847
2023-02-05 17:00:00,175.02275335130307,127.79359703251956,337.3265128745282,18.512669864115814,68.82391407331478,8.111193756057343
2023-02-05 18:00:00,175.59674136518242,123.27081958092764,340.7794525630125,15.407514530408683,66.68769299468492,8.412114936016797
2023-02-05 19:00:00,185.3999343754774,124.29064236894335,341.3211443587288,18.8061120028442,66.28831995459745,8.319336381593342
2023-02-05 20:00:00,193.66704372676347,134.70860597469039,347.9026919065395,17.628760546039683,66.70263252528537,8.921457458931108
2023-02-05 21:00:00,197.08952818849764,131.65022925673404,357.73442960250054,18.349528644447048,64.83895308131827,9.805116421695853
2023-02-05 22:00:00,196.77574570194665,131.51933907933002,366.8714425415212,21.668802246790037,65.05816756201513,8.842585907094703
2023-02-05 23:00:00,196.51359585201917,127.73120357666957,364.36245505017706,23.770873570794926,60.03812254218842,9.00900329434579
2023-02-06 00:00:00,195.30590240738772,136.27863183457944,372.6482188802244,24.910193422874595,58.144927983201626,9.627001978565254
2023-02-06 01:00:00,183.00807273238559,127.47680890246933,383.0756735062641,28.811942606711355,55.018769190409266,9.73958452261942
2023-02-06 02:00:00,175.8473853196416,131.4368359893479,377.927442020164,28.13529211607658,52.98831535203029,8.722163556191848
2023-02-06 03:00:00,164.35026637109547,128.19468973641372,391.5894998552502,30.916173467522167,54.50457335048211,9.008326377390517
2023-02-06 04:00:00,150.61908843987604,120.90769417250739,399.0165987671926,31.975754486651333,51.260132274040686,8.684200858039892
2023-02-06 05:00:00,155.3292090899203,125.62603064348976,399.5757111130798,33.42264970594332,48.74906715916604,6.837532486731343
2023-02-06 06:00:00,150.30596726002543,128.19149296457388,400.6982436680166,34.08753166246179,47.391555390136666,7.84628420751889
2023-02-06 07:00:00,165.89048467574344,133.89793596904502,402.2182061223646,32.27257539070265,47.955151775180376,7.501648949352301
2023-02-06 08:00:00,175.7027696055123,127.19207038409247,396.3394749026564,33.553727659522636,50.91397988034608,7.13779494002392
2023-02-06 09:00:00,184.03279541018998,136.00554026814117,401.57962034331086,31.490586300565003,53.463190568986775,7.930479820424254
2023-02-06 10:00:00,190.55457213088968,136.69863115456513,380.9671737126912,27.489536793381376,52.736678321295436,5.849903085367136
2023-02-06 11:00:00,195.88849953907288,134.76127168176538,375.2136307127955,25.48185711260044,57.76998407885514,5.973875460723179
2023-02-06 12:00:00,191.8755986925836,138.98147789152708,384.32371366425417,25.748572605362174,56.38000442203239,4.6714629411764665
2023-02-06 13:00:00,202.54155834759956,135.02319032177812,369.10245274084605,23.429382984158863,64.46699770580517,6.214469594244496
2023-02-06 14:00:00,199.22738219613268,136.19065017476856,360.09249927494847,21.64273145140704,68.60971328965985,6.42401140643514
2023-02-06 15:00:00,195.4998120029922,134.17862020906665,364.6050419639198,20.078140942776077,68.8314036544599,6.582355804786176
2023-02-06 16:00:00,182.93827274588403,128.02454777734806,345.1096740168587,19.112780359788825,75.37188702000867,8.025374137638652
2023-02-06 17:00:00,192.98430513539302,131.99959389045455,352.2947099323681,19.181821435950805,70.64818955983989,8.214203697982086
2023-02-06 18:00:00,183.00861735446045,126.5285165597241,349.7666898825684,16.44045845348967,73.47836891366717,8.054499706987075
2023-02-06 19:00:00,189.12573900168667,135.6354861690788,346.2579298549109,16.64174672040169,72.50809970153416,8.128799430175853
2023-02-06 20:00:00,194.75535863495872,131.3188607585811,342.2842767048511,17.53706137662591,71.15487276012489,9.468332767674793
2023-02-06 21:00:00,194.87166972008148,137.4062118566468,362.0878960486427,20.468832067322005,69.19604586398759,9.046829669894727
2023-02-06 22:00:00,210.20479599600154,137.44567382746894,371.16279516792116,23.274655335216078,67.16861602337181,8.726249078433723
2023-02-06 23:00:00,207.47824229648657,136.8160802693771,380.379721792203,23.19429004265337,65.86673661624991,8.247514665194423
2023-02-07 00:00:00,198.98332812871462,137.56362351474343,363.7782414179846,22.782140247890688,63.880587192895405,9.191079854273022
2023-02-07 01:00:00,183.24242160555525,125.67687315317154,379.8518762153328,25.81167040020227,57.684775878595275,9.977139271454437
2023-02-07 02:00:00,186.13551133888998,128.76540838024565,398.10536492384307,28.78799390201309,56.52713219349457,10.892615188356832
2023-02-07 03:00:00,163.99950957704883,126.01571278830446,383.9560215795575,30.77694512905216,50.63413132582475,9.103787414112459
2023-02-07 04:00:00,153.70242510993313,119.8752421777645,390.36343390904057,32.229229076752816,51.87803964244966,8.214251139415781
2023-02-07 05:00:00,159.496945261188,129.31512167275065,401.5965563946924,33.56652189025642,47.231882267331706,7.558752921854855
2023-02-07 06:00:00,156.96438002579046,126.8084562715914,393.79657866025445,33.42044714623081,50.80526506680842,8.386368427413972
2023-02-07 07:00:00,175.44138843332203,140.0647635439497,410.7237419763925,34.782880773813105,53.57699237582396,6.3765401956772285
2023-02-07 08:00:00,175.0450494978697,134.30430921647817,397.6245430832798,31.914972057830028,49.53526302375621,7.635241570983446
2023-02-07 09:00:00,179.52289564731387,135.44394257151833,391.8421182709894,30.42178433102399,46.77146814135475,7.5117379526042285
2023-02-07 10:00:00,186.95532818853036,134.6184563653333,392.1058202392142,30.376083391777474,52.75167219275734,7.006357511586348
2023-02-07 11:00:00,187.54132114406514,132.1862906056253,375.2682869792795,26.03093480834752,59.431883432806316,6.397348090209404
2023-02-07 12:00:00,196.13700094598894,142.05433209013242,374.6602057128789,26.272502236058873,60.907757826263584,6.89545845748277
2023-02-07 13:00:00,201.48348982449792,132.84487760007255,365.71472359901,23.859101979028075,63.20126879718765,6.670768120356195
2023-02-07 14:00:00,195.92883799376386,132.26530350744278,357.1350416006778,21.631376931758005,67.61738161407963,6.156275205020931
2023-02-07 15:00:00,186.59559477041148,131.87987790848504,356.5544699893406,22.05910146872817,68.79371962770426,8.23462845388268
2023-02-07 16:00:00,174.01922212225404,132.28045103287062,340.42691938092366,18.136887763808794,72.15233668443123,7.00382443427263
2023-02-07 17:00:00,179.8875500377904,128.5747697243635,347.2255098015004,20.55840572948344,72.52756647176085,8.154798042661117
2023-02-07 18:00:00,182.71151603934723,135.0289477625976,343.88042410223017,17.544650469872828,74.08867980717372,6.306970002113015
2023-02-07 19:00:00,187.15566864899913,120.67621884089161,330.9221459635315,16.55705460461801,70.94338241350363,9.281758185600417
2023-02-07 20:00:00,192.03046482442048,127.15144892477176,345.39645184183075,18.97429302104898,70.76379587708186,9.778134621258168
2023-02-07 21:00:00,189.65978063704094,122.67612184949049,346.2792999635118,18.871955133898922,66.00179427254179,9.081543822768477
2023-02-07 22:00:00,196.83919333860365,131.77685488926357,351.53956598433365,20.919906539567297,62.67678621457031,9.69017782999308
2023-02-07 23:00:00,177.51866352063388,120.01917568739773,366.0340224683307,24.22961015195891,64.66432911979044,9.839849366558894
2023-02-08 00:00:00,186.23341340587152,123.84583123321556,366.8385727054598,26.49212911672534,58.078952722615554,9.050051501251493
2023-02-08 01:00:00,188.08548145919613,130.03647962018786,375.1664853664897,27.1510888493346,56.06426084958526,9.831874353241135
2023-02-08 02:00:00,158.80095415786812,124.37699698724859,374.5304863239667,31.0137300813601,51.464274177903505,8.732996776765875
2023-02-08 03:00:00,152.25138096125661,119.74609808521487,383.35767775627164,32.87641270404028,47.20605856546877,8.634530325228122
2023-02-08 04:00:00,141.51012968149232,117.18851148186968,379.5736728134144,34.484018778948204,46.40038856473357,9.538860200248632
2023-02-08 05:00:00,139.4194670665731,118.49136562061733,385.279536026402,34.196659492913476,48.1209911942353,9.070488951143936
2023-02-08 06:00:00,144.61388972123254,120.4126903198345,387.1304629084694,35.47177365830901,45.55665376715264,7.505537148518945
2023-02-08 07:00:00,150.6085299594733,118.77810765174529,380.56936112884284,31.30780916593298,40.759118776101595,7.09826799189552
2023-02-08 08:00:00,160.12805629914553,126.92102176841914,372.66534763991456,32.3857765612453,45.02841094717632,6.7980823782796085
2023-02-08 09:00:00,173.1892150441716,130.90942450731043,377.07741743154844,30.457208705239868,51.10755182633162,7.4521875247460265
2023-02-08 10:00:00,174.93589644723158,134.2867828919212,386.23145785489817,29.98553042370263,48.97802746544843,6.000972547756081
2023-02-08 11:00:00,192.40642932673475,134.7231457697535,377.1692978105079,27.228970367276393,48.15746550261235,6.80081010789157
2023-02-08 12:00:00,183.38870884323063,126.83771343508721,366.0880743524317,25.64646438955035,59.16470754792951,7.022792767444006
2023-02-08 13:00:00,181.55857336437708,132.80393799507075,366.4128556665304,26.03560707609473,59.38274489716048,6.489339445361229
2023-02-08 14:00:00,168.46997595349342,123.17292755855082,344.3191456322235,21.645580655255674,60.39759114909315,7.408006482128779
2023-02-08 15:00:00,166.93632919149346,121.79530718229017,334.4366132286762,20.69063482102401,61.996375498237875,6.7263227095772855
2023-02-08 16:00:00,166.88816769979314,121.74756799470943,325.10570098080416,18.645704790397765,66.87922549389802,7.10030107930426
2023-02-08 17:00:00,154.88398191025883,117.03181540459053,330.5090147317955,18.217772525408062,64.28327679199367,6.92769907055389
2023-02-08 18:00:00,151.15247938999659,117.44606168586293,321.63101169703623,17.863234226310794,68.19103853019728,8.712025143334126
2023-02-08 19:00:00,168.36602046403934,119.16678559986397,344.1138659555283,18.668286543413057,66.23102527344703,7.851664254768568
2023-02-08 20:00:00,179.69255001544417,121.14852721662493,337.4380461431042,20.329559195994946,64.16207403501998,8.994840272400548
2023-02-08 21:00:00,176.4528859690665,123.12751041038904,353.76542892315956,22.181100083718075,61.82373957424602,9.010738924791653
2023-02-08 22:00:00,174.35935931014714,127.28425069717001,340.9712417400863,22.23431282939826,58.4230241730308,8.562089961498469
2023-02-08 23:00:00,165.31004217747153,122.78951953030302,351.383369592911,24.50135887023126,58.00688465977214,9.02251653875728
2023-02-09 00:00:00,168.27083337412472,112.09750656627023,354.2250051167747,24.485102834299784,50.49294333467082,10.468010567328514
2023-02-09 01:00:00,160.19620103443052,119.88073211951537,350.09206398035667,27.83292483270361,45.52232441010504,9.590049019277743
2023-02-09 02:00:00,140.55532264867324,117.42618299098355,358.1597408579499,30.99785527718123,47.35176827036374,8.59263286671989
2023-02-09 03:00:00,142.0481562071138,110.15592272894841,363.9888341272889,32.567206929666185,44.71125048841705,9.274389972923897
2023-02-09 04:00:00,128.1053756909754,102.75179041670978,361.2808892360887,33.05500665580242,42.28430534173097,8.647720177883834
2023-02-09 05:00:00,128.6666983856276,108.30054266772396,378.1529640842351,34.66563157654929,40.742971384249984,10.806061049224752
2023-02-09 06:00:00,124.89690180456952,114.28253072757849,371.64276965825746,34.46515176974832,38.553872356504975,8.199586688939581
2023-02-09 07:00:00,136.500468329229,121.80326640133076,378.54177014759745,35.04568437813404,41.22762756651056,7.345334039399783
2023-02-09 08:00:00,145.24938556146571,114.99388119958378,377.4168996144106,33.15502204937942,40.426430849101216,8.24401954245098
2023-02-09 09:00:00,155.2988380319298,128.2709068257825,359.19253818066284,31.111280707435185,41.20042810484854,5.650614511115213
2023-02-09 10:00:00,150.3641580636724,113.17667916228342,367.70029952256556,30.28594958298494,43.91552788205928,6.766986003790102
2023-02-09 11:00:00,158.2977381962469,117.18110874941263,340.5893666052976,24.43845385380268,51.79174845720378,7.947211206843152
2023-02-09 12:00:00,160.8872200683636,118.86968359852987,346.45062850520065,26.345751327449783,46.49206372469156,6.418660500948172
2023-02-09 13:00:00,164.53415538804276,126.42289243334771,328.9023656628692,19.439313422071752,54.37777569208078,5.3378005293127355
2023-02-09 14:00:00,161.5693687208115,124.03661064278894,332.6362633623475,19.82147684234483,52.34852441333174,6.423819319235916
2023-02-09 15:00:00,156.27690465535184,119.04256129001195,324.7667433388248,20.776571788809495,58.16682283455832,7.957502456891503
2023-02-09 16:00:00,151.1732790678104,109.92212081808592,307.85837255866494,19.537805504558975,59.24217195536731,7.513248717424512
2023-02-09 17:00:00,150.83972590475122,117.18162157639212,311.7882322425499,16.772321222716386,56.69935530174546,7.024572155687479
2023-02-09 18:00:00,142.71435171247344,113.52978083259494,309.751232553364,17.04178778330732,62.450069491539764,7.520330034974677
2023-02-09 19:00:00,155.36343512460203,110.3839763736509,315.8812006238154,19.815219698376055,60.25565264342622,7.996438377848877
2023-02-09 20:00:00,155.11818045857194,106.69905713072616,318.14578711586665,18.390603646545483,55.188808399913405,9.002838518837777
2023-02-09 21:00:00,163.616034003231,119.05229707828698,331.5149822537432,22.935958095165894,59.66903119209178,9.99739746483687
2023-02-09 22:00:00,166.69600252146827,115.45331708242098,324.3933169681737,21.900668102882932,58.4235767568588,10.03573421463608
2023-02-09 23:00:00,147.29900698460716,106.74084227285333,334.00592427013225,24.323725956048865,55.58854713654852,9.768097266909985
2023-02-10 00:00:00,167.15401056177228,118.36792162960673,345.3252462906202,27.846546180868557,49.94013669634276,8.567848667959762
2023-02-10 01:00:00,150.69616252340907,115.36165676084228,345.18809864524695,28.135742820268412,46.100100524239686,8.519335979638194
2023-02-10 02:00:00,136.61651625160397,108.63310481156748,345.3254994044448,28.70680517896488,45.988959608620206,9.672314520526308
2023-02-10 03:00:00,137.14553525371647,109.5723475687645,366.62335390391775,31.43645831660917,44.2536892541503,8.11883040322681
2023-02-10 04:00:00,114.87830461479115,111.25827238381765,357.2078543453542,32.79840542607809,41.118323517826056,8.592103085251983
2023-02-10 05:00:00,114.9785206458484,108.08174985991731,357.6636017821462,32.00430879285374,35.34170313089521,8.601133879984099
2023-02-10 06:00:00,112.91301439018616,106.43902965841912,359.1058665802807,33.609249780545596,37.44295867707283,7.203684203246141
2023-02-10 07:00:00,133.7499579572443,114.72697595646473,369.7593618830073,32.75467947880895,38.380021373241824,6.894787798295066
2023-02-10 08:00:00,134.70306073632014,115.98156864223058,376.4245770158246,33.95699004864803,34.64331503988176,7.184115254802524
2023-02-10 09:00:00,147.03910707123265,115.06007558272118,368.05955060860026,31.619599149181436,41.58503881756752,7.291895029487035
2023-02-10 10:00:00,160.81479074643985,123.45998174643206,364.2654942704193,29.58350790422288,48.06759705980378,7.444025033612979
2023-02-10 11:00:00,162.1081370089627,117.65298658284087,354.7998142754431,27.86764801057048,47.40663218413175,6.976048664905783
2023-02-10 12:00:00,162.54391074475222,120.1797169331609,334.2707784257979,26.193910561797026,52.39194130608102,6.551559616494536
2023-02-10 13:00:00,166.62841930296918,119.14884232981125,334.3788506722384,24.597438000795485,52.712685989778855,6.028774933076458
2023-02-10 14:00:00,169.88284998560303,120.39398983418441,328.71109741792156,20.72980683808032,55.105482852518406,5.9513269972321545
2023-02-10 15:00:00,154.66820434158058,122.13279582823087,314.7977383314566,19.024349301710437,58.660778450566546,6.581725866389781
2023-02-10 16:00:00,145.073978224625,112.37299743472207,312.69184661198295,20.330166742943028,58.0122437279822,7.5369549094863775
2023-02-10 17:00:00,146.65050189815466,111.97987163726978,301.7247516136875,17.712189267839456,58.971430968333294,7.84740802698535
2023-02-10 18:00:00,153.21251301792276,110.78661734807288,303.39399083626824,16.2358338285724,64.38005681835807,6.530068609992375
2023-02-10 19:00:00,153.59496766716515,114.11575973918775,316.737839278406,18.742856199509653,64.30557070874757,7.8382546478665045
2023-02-10 20:00:00,159.83768215706903,115.72516238565377,322.8778043397259,19.567170317537556,58.01571852841452,9.593155286124299
2023-02-10 21:00:00,159.59644258907247,115.47893952617238,315.85379177710627,18.447258446677456,60.53453354888735,9.116110705242718
2023-02-10 22:00:00,161.34823607315195,110.99379758752242,332.14833008704403,22.21798928918659,55.8512554077707,8.307131866504575
2023-02-10 23:00:00,162.66506191047856,113.88080916251792,337.20517703956506,24.75639780708101,54.025820726509004,11.097963566552316
2023-02-11 00:00:00,160.0109060404322,116.86165183618833,349.29084723328356,26.395152425152208,51.32149211194933,9.479740787379665
2023-02-11 01:00:00,161.3527380116026,120.99897917807637,355.04994887186166,28.77645604947491,49.53391214977078,9.717922510952997
2023-02-11 02:00:00,145.89131801381902,110.86895635900719,356.9129644931399,28.264039213544628,44.783668813120194,9.578705434908263
2023-02-11 03:00:00,129.91917655200123,103.8447918787885,362.36851706017336,32.00489978708808,45.37443432830646,8.803343345467695
2023-02-11 04:00:00,118.90355697738644,104.20570633744839,353.79585895694237,32.517491087250995,41.207366975433025,8.240698422725021
2023-02-11 05:00:00,128.7491255272351,106.04190026773273,369.0576001292139,33.102123200474914,40.868371016295534,9.873401057200006
2023-02-11 06:00:00,126.94598935598708,112.42156257414312,368.2875033776509,35.00036371893981,37.42588348746564,8.702244108732396
2023-02-11 07:00:00,135.91656772811507,107.92298535168047,379.1582282982377,35.459864211634304,44.59501879464072,8.187127473122333
2023-02-11 08:00:00,143.660356232969,116.96318654446635,376.0395735171422,35.040405678218306,42.261389637255796,7.653402434202773
2023-02-11 09:00:00,160.89599736907965,130.75365474905232,381.44552197647045,33.19521126382601,44.89112050242853,6.237017654967011
2023-02-11 10:00:00,157.76479181405256,119.65397152422655,357.40376094432435,29.830534728030834,42.46199121533459,7.595233028541536
2023-02-11 11:00:00,170.47040151990922,129.348835384087,361.863569813889,28.457659470418065,47.28061523835741,5.960918399958171
2023-02-11 12:00:00,183.70907274245423,124.90824322960732,361.2470971145059,26.885656517768684,55.120041678715324,6.698300758705452
2023-02-11 13:00:00,174.0131017359619,123.45860848487938,351.39583322722825,24.041955396472215,56.33763685555579,5.4035383267412085
2023-02-11 14:00:00,165.41585931668672,128.1306737208685,333.5701070597793,22.12563537814215,54.59763843717774,5.2723606988700595
2023-02-11 15:00:00,167.92586655285933,123.67332628630524,336.9692784324563,21.301990983095575,63.78784484627182,7.1621436700773415
2023-02-11 16:00:00,155.42897569531473,119.30405364284917,326.4687656941351,18.972621176856546,62.42745162937177,6.683630512963553
2023-02-11 17:00:00,154.65861823469862,117.48564070813865,329.5165182224451,17.371033741932763,68.14309301378243,6.219354132438129
2023-02-11 18:00:00,163.06435787587895,118.55922931122423,317.05244944443535,17.477837075091117,65.47163590333398,8.378426652062966
2023-02-11 19:00:00,174.45642892698388,117.13872340704148,329.62982712529015,19.010109659098866,65.9259949817366,9.872285107389278
2023-02-11 20:00:00,175.77333910588897,126.95588680951053,351.1096490977005,19.053830580335877,67.09175132125769,9.722692181006076
2023-02-11 21:00:00,178.14961709445618,131.66790879610852,340.2492378680509,20.731456611132216,60.83900998173866,8.880537652093826
2023-02-11 22:00:00,176.75638881683255,123.02120756480264,336.8900723779496,22.785769987575783,58.36735646124692,9.30522982036451
2023-02-11 23:00:00,179.32834770280692,119.97085902435198,347.43616605914457,23.462927769694243,57.44918485069648,10.07028311918234
2023-02-12 00:00:00,173.72933229150075,111.60790115890944,343.03624146740776,26.892401651082633,56.81978015916663,10.285489613884435
2023-02-12 01:00:00,163.03858525068182,114.3502273118492,365.18426737299046,28.51168028727905,49.19058866867789,9.208413736255608
2023-02-12 02:00:00,166.88244797597093,126.4679574195544,375.1095337334191,28.506353023613386,45.77870444176289,9.322962506683886
2023-02-12 03:00:00,152.13452017219507,115.82042885008676,377.6007427510636,33.37735962960937,48.99869152187782,9.271090536515027
2023-02-12 04:00:00,140.71992753970372,114.0559357929166,375.8165640650389,32.318659047605834,44.17539646399647,9.137713424195207
2023-02-12 05:00:00,142.60321886380783,120.35373838487759,385.00698395115177,31.734250563004636,43.661462499084074,8.295075058245908
2023-02-12 06:00:00,141.56258973844723,121.6704127861821,373.7287504517476,32.7405137423893,40.2501427194695,7.915940328451881
2023-02-12 07:00:00,148.88396537081675,118.66782921489872,378.1646419264599,32.49832541464566,43.46804986357196,8.57765406317428
2023-02-12 08:00:00,163.75793229472882,124.78042935923577,390.15980984526954,32.98858998611495,46.359578148463704,8.09666449171
2023-02-12 09:00:00,172.1229992453461,129.70743395454286,383.3160723817398,31.327617164813887,50.543224284262514,7.273527229625475
2023-02-12 10:00:00,182.24566063220468,128.48810367671982,381.4513286391351,29.596788880732007,49.49533978048189,7.90433824333941
2023-02-12 11:00:00,189.58346300292766,133.3903780892912,372.5367258747704,28.816784651795917,57.9397510691995,6.280599227007912
2023-02-12 12:00:00,187.72198384375557,131.57115315200727,368.31451245112265,26.412042026071898,56.09727918150971,7.636081414040566
2023-02-12 13:00:00,183.79019918149123,130.60064491173296,359.12438042659875,24.314497305761353,59.40663834738125,6.930872071041284
2023-02-12 14:00:00,189.61489903025193,136.37530823601523,360.65652602102716,22.499185967871327,67.38218661417466,8.99068017987352
2023-02-12 15:00:00,181.8557896509651,132.88549133326018,351.85814333125103,21.091497735732414,67.14268616853136,6.104602479472464
2023-02-12 16:00:00,166.2783057069461,127.28414950660486,332.9548382640826,16.5528406742146,67.55777078996935,6.767458323447823
2023-02-12 17:00:00,179.14849943804447,123.22946348834891,333.1987464848335,17.847451898226968,69.81273814031243,7.904929912086572
2023-02-12 18:00:00,182.3680511771594,129.60838882510407,338.65181087392375,15.397527795315227,73.71770068174493,8.278063837085275
2023-02-12 19:00:00,198.62293055649053,129.53192524311913,349.45221061653865,18.33123959998423,73.73048058631404,9.75332585657629
2023-02-12 20:00:00,190.54252617105504,131.703249790933,349.346271368926,19.083204889802353,67.67639627764419,8.282137721690333
2023-02-12 21:00:00,194.54470191874222,132.87049078175974,365.07106133817666,21.61634451796073,67.63456767918416,9.694103134865493
2023-02-12 22:00:00,193.16136874410685,128.99029150353581,360.1482733700732,23.445312621461788,65.59665625184738,10.11276220895407
2023-02-12 23:00:00,196.32064002288888,137.79899756406803,375.2105539449434,24.194519320482506,60.48393063696676,9.942142221988044
2023-02-13 00:00:00,192.20543407852566,135.49618978117167,377.67332446235577,25.422897563622417,59.568481778978395,8.827302560652976
2023-02-13 01:00:00,180.3871252897228,129.40202770738375,383.4227270116448,28.677664744550086,56.73346843036359,10.434319903111545
2023-02-13 02:00:00,174.84817619351634,127.46138026535856,378.6056213813192,29.393005034322602,56.46589349955679,10.159565557597448
2023-02-13 03:00:00,156.19542958860902,125.84422582706614,374.90001624158924,31.683275374752743,54.25139888341571,9.480369335633076
2023-02-13 04:00:00,156.9350080486861,119.82958960549921,403.42254123237194,34.14124418212906,49.079586900903784,8.893043381046319
2023-02-13 05:00:00,149.33103034973098,125.87084075801785,394.141479728487,33.089342386946946,48.24288552906498,8.546504174684804
2023-02-13 06:00:00,153.51502573606302,121.88565822816001,397.38645785449955,34.99965873423107,49.8672562719369,7.944884945432469
2023-02-13 07:00:00,157.61569726536413,124.67506636788609,407.9465255648678,34.57471454938496,47.62084903211157,8.06032102632309
2023-02-13 08:00:00,173.1559173711145,133.33067111836806,393.70784565501793,31.81846022923102,51.487945980274205,7.271794397061492
2023-02-13 09:00:00,183.62484308194675,140.24654439325815,400.38726891218124,32.86311421829259,51.98462433539938,6.345372345473327
2023-02-13 10:00:00,191.93283463906454,135.4881164697874,399.51126277636627,30.87744541655518,52.60075996369199,5.9669477429440185
2023-02-13 11:00:00,199.56898587405462,137.5949547098154,381.5838971626219,28.23360696587822,55.58468564816851,6.024685883009807
2023-02-13 12:00:00,208.43612410648646,141.13804159752098,377.0473960643389,25.127532078798094,64.03309660435902,6.655492569784617
2023-02-13 13:00:00,203.8322655090824,138.8304443054552,375.6639003496482,22.942296282849014,63.657100126514486,6.532242175061746
2023-02-13 14:00:00,203.19137966253138,141.60091195844294,366.3105678175975,21.400275359702423,70.54176396392694,6.8517025496254576
2023-02-13 15:00:00,198.00391728366625,146.77212439481508,368.87526086864415,21.041303092157747,68.3175548600252,7.289909021702453
2023-02-13 16:00:00,186.71901649095938,134.33843003019203,354.9550943654239,17.973663035134354,72.01617907098966,6.810875351858193
2023-02-13 17:00:00,186.81081112171236,128.51716209486938,351.2699373050763,18.847795980983665,77.8508029348394,8.637733550187983
2023-02-13 18:00:00,188.27681578475818,125.73261965868788,332.5968096242481,16.56165163021976,70.67374916174079,7.8126024210667175
2023-02-13 19:00:00,196.45854206840082,131.69543925511059,347.0507553678326,18.081038669608752,68.41172224441979,8.084829678306688
2023-02-13 20:00:00,203.2133906501203,132.82546438126747,363.44315542912295,19.2582699164807,74.20602591733237,9.087670366132695
2023-02-13 21:00:00,195.57988140616374,135.24367452814036,358.8888313903227,23.33376496870378,67.62857460173333,7.775103030117261
2023-02-13 22:00:00,199.4229850178374,134.65207574804663,358.9838538592106,20.40525040239139,66.88743095631706,8.745663990870614
2023-02-13 23:00:00,198.96751031537602,130.30091390396026,377.3689487435615,25.755459394100342,62.71220731763705,10.135639698517867
2023-02-14 00:00:00,198.93389792844826,141.22765727552527,384.8588688341316,26.24096919845588,61.43952559119243,8.283804649656522
2023-02-14 01:00:00,186.44858216346418,125.4488568263932,380.13613914783855,28.626679930265134,55.59854676069588,10.231190677286824
2023-02-14 02:00:00,182.33436837915852,127.2585657419618,387.1746222499569,30.206300668859466,54.3375686413738,10.356833702128068
2023-02-14 03:00:00,172.3875289833199,130.51135806357829,396.0131166359558,32.25637044709722,53.16761232603612,8.802041435303211
2023-02-14 04:00:00,158.94312491847134,126.59506297402635,397.1866970846295,32.811184900994725,47.97465809664862,8.954268937198425
2023-02-14 05:00:00,158.50188070990637,128.1695308126401,403.72201358564854,35.54122934060189,47.36807875453007,9.171589527049495
2023-02-14 06:00:00,148.2255168920043,124.8295353112489,400.89909510918386,33.52275479165925,47.64157097349776,7.673247568369604
2023-02-14 07:00:00,164.90590269652998,130.63135761529955,401.4677200879208,35.15816484864551,45.570188490261096,8.219214296714515
2023-02-14 08:00:00,170.96055127911734,129.76185471138405,398.6851446687818,32.22859495872655,48.874213415135976,6.780195843408565
2023-02-14 09:00:00,175.66846757794843,136.02950647918922,397.48607243508656,31.65973876070556,51.85641620891736,6.605018222886973
2023-02-14 10:00:00,188.52919354342347,139.13430125666147,385.8564467189715,28.790385050734187,53.07842497440134,6.141426369295869
2023-02-14 11:00:00,200.6566165337856,143.79287194884387,392.4621874143289,28.69487325690789,56.124729852919955,6.790964300002761
2023-02-14 12:00:00,199.0228275565425,131.20008299891606,380.10635989638473,27.81399482897272,59.647205218813795,7.310578336795885
2023-02-14 13:00:00,204.71637603494835,136.62615215982305,374.86968602101086,23.918014083050192,61.211023262751404,6.422232208084367
2023-02-14 14:00:00,193.78706341215053,139.13413388531745,360.9593623080201,21.846680129410718,66.91864887588633,5.811087482384678
2023-02-14 15:00:00,198.25199513993405,129.76510779901275,355.8594008318344,19.09009639929176,70.88707393592156,6.181445052619383
2023-02-14 16:00:00,178.0000513379274,128.64872817230142,340.955108228588,18.88268355415026,68.45170440920869,7.5262195949593576
2023-02-14 17:00:00,178.63342919664458,128.16288332184945,334.13637758252094,16.448824137750243,71.5722704923885,8.902652921722197
2023-02-14 18:00:00,171.04038441202835,122.38869484584866,342.38833037088597,16.993675092728022,70.21378106919619,8.27560749952008
2023-02-14 19:00:00,190.2201165972732,130.1882035434776,351.5051036509265,18.63540906409819,70.95810318799452,8.11740098219792
2023-02-14 20:00:00,189.52919398071418,125.93224474683444,347.7002711781973,20.74682769281583,72.21694016244238,9.286328776795148
2023-02-14 21:00:00,190.9625313938675,129.31496896691365,363.1816080745882,23.80795546014604,67.79652482797069,8.893011126869068
2023-02-14 22:00:00,197.80000834204822,128.32027236604003,344.9161414536149,21.391395087285527,60.09848801461893,9.034238453521697
2023-02-14 23:00:00,195.85960276765587,129.776078837885,365.8732530098008,25.748644451786262,61.9082307000521,8.777967365446912
2023-02-15 00:00:00,190.38766635000596,125.35513215307998,373.48176776097085,26.390877957636885,60.315602669985225,10.48591419097245
2023-02-15 01:00:00,174.09878535508574,126.00489531091739,369.9775990965161,27.98896744287271,53.80601203069231,7.671443197186637
2023-02-15 02:00:00,166.03060199660197,121.56101417520291,379.77235579669855,30.620561796892257,53.382442719657476,9.857539545872136
2023-02-15 03:00:00,152.98842680230305,124.1475718141335,364.245553925202,31.834137600290635,46.97813880695845,8.736038715321582
2023-02-15 04:00:00,143.91473896995828,116.46759433105385,381.4174032615814,33.16519570505363,43.10804005010333,8.462761487983904
2023-02-15 05:00:00,147.49511548887176,119.46965293931783,389.07683334900105,33.34345736993527,45.272376196578165,9.572849176936275
2023-02-15 06:00:00,139.82684319594014,116.63687916128536,384.31516012264564,32.42985083074885,40.470876818096016,7.500108235459979
2023-02-15 07:00:00,158.50272093204663,124.42122247169205,392.59740660566405,31.98416957301964,43.99686349914276,7.1357230245263334
2023-02-15 08:00:00,164.63668627763272,123.23335516734738,391.5055933228342,33.82273999411855,48.33300172946392,7.158724032756318
2023-02-15 09:00:00,165.70200758758747,121.31768985890875,381.9690764434704,31.436985657625957,42.9850270897396,7.229032998288728
2023-02-15 10:00:00,177.76913063475968,126.37925486461118,370.3991885552975,29.398392362352787,46.63348761050767,6.391662846718358
2023-02-15 11:00:00,186.36547414507922,134.50967073564706,371.64768038102574,28.195984593118194,49.84804768507197,5.449410009191286
2023-02-15 12:00:00,190.19354413305848,136.23220629410173,358.7405003873941,27.070669533820404,54.860696308635696,5.894011273382764
2023-02-15 13:00:00,185.21377081436563,122.58788038535734,345.19223263461583,24.2641594622412,57.076904447150575,7.4480449600915595
2023-02-15 14:00:00,177.41386213322622,125.47555665082461,337.5291251731255,21.332532338801034,63.629719478212905,6.753305646718202
2023-02-15 15:00:00,169.4275758912904,120.94510134812573,349.7585535006003,21.936017640846263,64.91306084162008,7.255100926812806
2023-02-15 16:00:00,163.8652300802538,121.57654525188164,334.8959373413101,21.089660706317247,65.58765172970725,7.067005154978899
2023-02-15 17:00:00,168.9558855258169,126.99490534431493,333.484864643842,18.99042260642837,65.79602696404781,7.150123045024889
2023-02-15 18:00:00,162.2320772057225,116.39278688673973,327.1120072007886,19.294276248406288,66.52997990562872,9.174298614912757
2023-02-15 19:00:00,169.18477748350568,120.51435898914441,324.3143462530303,19.890343131417357,63.14183446316427,8.256494267718008
2023-02-15 20:00:00,174.22713696584682,128.42691711432178,342.93559284019494,20.556830311262452,65.5096365767724,8.439641084331008
2023-02-15 21:00:00,173.81834018212834,120.36120835221791,327.1432074964065,21.210494645953546,59.05710964291731,9.827959828228565
2023-02-15 22:00:00,175.92028041564274,120.68624661163486,341.1616379489778,22.849960764437817,60.64578324038698,8.793385854469456
2023-02-15 23:00:00,174.3908416649809,122.74934216815005,348.06704570888826,24.686497963381775,58.315989899972955,9.032579598791814
2023-02-16 00:00:00,174.79581952937048,118.28978608555568,349.8339608907125,24.81816465738867,52.86059968988876,9.507172678811829
2023-02-16 01:00:00,157.25494933332618,117.30084185526937,353.8893137293674,29.0479011481999,48.70289095941526,9.449077812295336
2023-02-16 02:00:00,148.6449929710009,114.92740404844099,347.1529488385219,28.511014266965734,46.88068179828138,9.480766049208915
2023-02-16 03:00:00,130.35913805855822,101.56550248276397,355.5265773682994,30.84283486891868,37.02718575244792,10.524828534356661
2023-02-16 04:00:00,127.7475387643902,110.70505197191488,368.19687435161,34.63348910979344,41.89274288687298,8.985373772446648
2023-02-16 05:00:00,129.3200995254542,114.47280968140683,371.1016611848321,34.878185334802914,39.596590175842714,6.723590793728278
2023-02-16 06:00:00,129.78911164239094,115.30398337883172,384.21276581346393,35.92889810575192,39.1476793401222,8.228409260402053
2023-02-16 07:00:00,134.4117048532629,117.2417422200951,366.50512486645783,33.546922033875866,41.0495371452376,7.638287428488971
2023-02-16 08:00:00,145.46824348006132,120.24867844650461,372.00992060406725,31.692532726804245,40.36216710051875,7.280415017046038
2023-02-16 09:00:00,150.19685429761535,118.63773389616232,369.2715884239915,31.51686003658177,39.763622854009554,7.111502944797504
2023-02-16 10:00:00,161.05592833725686,126.53494249961996,370.35838784828337,30.272469192442724,44.29060289320523,6.68088709295098
2023-02-16 11:00:00,164.96147398847503,120.79717622369014,355.4354950255228,28.31687056225743,47.49496318487499,6.51428279542762
2023-02-16 12:00:00,165.8858760569416,118.2353639094154,353.2426259223239,27.51344731553622,50.561865710669636,6.9291309468395506
2023-02-16 13:00:00,165.47807884831815,112.83511404247825,336.7288694920218,23.650451761754418,53.63446447065708,6.171654702530236
2023-02-16 14:00:00,163.9496320350538,122.74730230432559,336.20532359702696,22.578466781874237,58.32917925292464,6.037581459375905
2023-02-16 15:00:00,152.7392443236888,109.1343030693744,311.4971445741594,19.314314260840284,56.01566016219366,9.055986845055841
2023-02-16 16:00:00,145.52424986672318,114.49056536976586,303.30874232622506,19.771193157016718,60.58269342626931,6.748899789353134
2023-02-16 17:00:00,155.95334377903998,111.30687373472021,320.3588898658265,18.436832756808435,64.1242628914013,7.681871471068281
2023-02-16 18:00:00,157.20233536232968,115.53798758620569,317.7210306059865,17.262225442720162,57.77804149932365,6.953037824387266
2023-02-16 19:00:00,149.3011486130601,114.38487386106111,316.9847770241915,18.153090833239506,61.48695907796519,8.469756458189728
2023-02-16 20:00:00,154.43144944088127,111.52940964896638,315.9094947194845,19.015768668538264,58.51922964920749,8.096742114517433
2023-02-16 21:00:00,159.2240435247448,117.45735509584067,332.1479452637702,20.185431392608578,57.00641854654767,8.750929111784798
2023-02-16 22:00:00,162.98148695855,113.11571850351446,334.38916217136057,24.29356917613735,53.27598665821151,10.030583371716439
2023-02-16 23:00:00,165.39127383373975,116.08463087909604,339.2660362603831,23.980758894608922,51.93726200895486,9.779295437298254
2023-02-17 00:00:00,160.1054209864182,116.65923191175112,343.2246159214886,25.878256782674555,53.20119487864881,9.897886667202373
2023-02-17 01:00:00,147.91238744582105,116.58511640621686,348.9598678015242,25.726027866407623,43.21702582477993,8.209045352559292
2023-02-17 02:00:00,139.75411065227678,107.91266225104386,348.5471388156128,29.100851254554456,40.493873037196124,10.58486472455699
2023-02-17 03:00:00,123.06005867061424,104.46722012312708,350.54401304071826,31.516548520900866,37.688189312042454,8.22634325412053
2023-02-17 04:00:00,115.80045658858204,101.85373172395727,348.1345842928341,32.28204358429897,42.42479260208156,9.819992570005722
2023-02-17 05:00:00,114.66074032239662,107.82858331820024,375.5996771371482,35.56379935257168,36.39593850365397,9.103309273840827
2023-02-17 06:00:00,107.80128439860896,100.94239628118729,362.74361171890735,33.98189724383023,36.94359406723512,8.40413291924927
2023-02-17 07:00:00,120.44152847174219,110.45689998648656,371.6763398165609,35.45484010646891,36.526963385366926,7.013282085710415
2023-02-17 08:00:00,130.79464408864277,113.07756476127732,382.3421664364329,33.185025888587376,36.54674203901298,7.3561128913736376
2023-02-17 09:00:00,149.26244191868048,119.72240117129198,367.96317012606175,31.88578032817586,40.03511394384999,6.609694840768806
2023-02-17 10:00:00,156.64451219681402,118.41424809292,352.9612990286674,30.07917139153812,48.47515097526947,6.721289594377059
2023-02-17 11:00:00,162.80392861220403,117.35829018783426,351.7853598229178,28.262308320905657,49.06132864551327,6.376200679206509
2023-02-17 12:00:00,152.7187393913342,120.74961049038531,338.13472283844857,28.2512266659193,47.273969327766046,5.0729726453993145
2023-02-17 13:00:00,155.31339755728695,118.87540286857501,323.1360563618899,21.336058507473314,53.734936610231635,7.336360166255613
2023-02-17 14:00:00,160.86025050884547,113.33057524593126,321.2026589764007,19.789758798463335,53.43721306541669,6.644186884738759
2023-02-17 15:00:00,139.07446188221235,112.12297337022822,311.4201916895717,19.884423268926785,53.91397258692689,6.599979548568639
2023-02-17 16:00:00,151.47259986394764,119.18928338675046,310.6412859072267,19.283780439380525,62.04998637241008,6.857770937019133
2023-02-17 17:00:00,139.31313126210338,113.4494621094006,322.135510893221,19.296735477371353,63.64394064286472,7.862693135802935
2023-02-17 18:00:00,150.94103800212955,114.68733810549273,318.5717347132077,18.765186852473708,63.895501744890844,7.374370563193859
2023-02-17 19:00:00,150.87422681750039,112.9527876988878,313.7151706206534,18.010444815428773,60.252714006158115,6.809605676721954
2023-02-17 20:00:00,166.44491244186412,118.86706639382861,332.7997821641956,20.49505889790017,59.829245807902204,9.034990862245808
2023-02-17 21:00:00,180.78362036957688,124.07667737572866,341.04025410080646,21.78125197364123,60.054420396917045,9.424032270349556
2023-02-17 22:00:00,156.8147532494616,115.01138382407869,331.90387338376166,22.42420204716659,56.903858636270165,9.159295828402295
2023-02-17 23:00:00,167.5596056327362,119.03739185679612,346.906947595493,25.289429152568935,52.41223942577699,8.645356726800589
2023-02-18 00:00:00,150.52483664867546,155.1577565879411,340.4323487364653,26.533425385010418,46.74705310093199,9.5622548786225
2023-02-18 01:00:00,161.6343572346496,167.25021035116956,353.52185937669174,27.6044813050319,47.596866547009476,8.423716081614092
2023-02-18 02:00:00,155.4403757154316,167.18453058295762,363.9346537962909,31.04654515483305,46.97550997534042,8.579976687995293
2023-02-18 03:00:00,146.59958257999511,162.59813134694127,363.25843404151385,32.00021017977495,39.63738370276688,8.535171616226894
2023-02-18 04:00:00,130.454833408306,157.33792608778202,361.8026905578423,33.141885327448534,41.931929367648564,9.340757349624134
2023-02-18 05:00:00,132.84985666088343,171.84509693689094,388.7122517164318,35.708478137864,40.22455734615662,8.134400902347977
2023-02-18 06:00:00,116.57785887446218,156.66789930085153,366.66635526166414,31.273932507761216,40.90938736795875,7.6864935117565025
2023-02-18 07:00:00,133.3865145116924,171.68557486095455,387.50212060781956,32.24261534969786,41.76431507047196,8.980056193134104
2023-02-18 08:00:00,130.78923986801618,167.65330151637053,388.39644555087403,31.721598003506326,39.699951273969205,7.4967237480321
2023-02-18 09:00:00,133.72762480445257,172.93243468329052,382.9342676034354,31.440269157583547,39.76521548630611,7.176635985552608
2023-02-18 10:00:00,158.1151169762212,181.6140514336108,383.82025177703073,29.915245139992464,44.826257043497854,6.442171372677187
2023-02-18 11:00:00,162.72133138327519,174.41466055495303,371.38228395979667,26.483982643243333,51.04663978769043,6.133651093220665
2023-02-18 12:00:00,180.6959557050104,183.35089698192215,364.55086248314785,25.041476393772975,51.20428897753722,4.969515491987995
2023-02-18 13:00:00,184.82978422728397,172.78010341136144,350.1381260662627,23.1215474863057,54.17958108282482,7.229229632912883
2023-02-18 14:00:00,177.50997258734304,166.64934461649653,351.7166179914976,25.175461455923674,54.800983101567375,7.014778688352804
2023-02-18 15:00:00,180.24680865830987,170.14591490510568,346.2968827254358,22.73323017184333,65.35943162251965,6.813923632970793
2023-02-18 16:00:00,171.267553575601,169.57188286719608,333.515250542027,18.807131944935275,65.44034381008322,7.153941308714562
2023-02-18 17:00:00,174.3066097579863,169.5610175358452,331.31780604771586,18.06716716318989,66.73196680365821,8.127072415928987
2023-02-18 18:00:00,162.69130748545223,159.34179736550664,308.99684772765687,16.85326702298813,67.79387024717697,6.911702948844061
2023-02-18 19:00:00,163.5059322095978,166.85721549329816,328.6869857432384,16.216585662739767,66.74439866788684,7.975311635566089
2023-02-18 20:00:00,163.05267709128648,170.14712569514683,332.6809265906603,19.166725115091374,63.96052776696127,7.954587995975214
2023-02-18 21:00:00,166.18464219392771,167.28300195240968,341.3204046229015,19.382342589893646,62.45321348854991,10.300716669520542
2023-02-18 22:00:00,175.26500929074732,180.54311136288513,349.8599382412387,22.13623208085538,59.61097783637871,9.911996977973974
2023-02-18 23:00:00,175.19978614810464,176.11992042088391,347.3865362205705,22.248685687359647,63.67791103528575,7.907003890638832
2023-02-19 00:00:00,174.27363150220575,172.17315985611683,353.5469600838639,25.326546913117546,56.22300646885848,8.440366861352016
2023-02-19 01:00:00,172.71559924025735,174.73389271671158,364.8030141383506,28.4912511814689,51.09815765345484,9.356246768083372
2023-02-19 02:00:00,169.6429198579137,172.7278906530091,380.21236004546114,30.68322671322481,50.47247346468452,8.968329957225974
2023-02-19 03:00:00,156.31323633405822,172.54282961948954,375.65367450327363,32.40302353113332,44.96259386309741,8.133592626126008
2023-02-19 04:00:00,148.51457979307403,161.64043844912538,380.51796229857024,31.59024596063719,48.81186353254006,10.111333566355341
2023-02-19 05:00:00,152.16380287021522,173.72911011346278,399.97769125912487,35.00108442222418,43.07000771673293,8.607006507441573
2023-02-19 06:00:00,138.97880988308947,175.37333435740257,396.4748904717062,33.289225167691484,45.43751355550729,8.332371426004222
2023-02-19 07:00:00,148.2564295138567,183.90839143265794,397.28159350501926,34.73773842205307,47.30695514058107,7.127360967883713
2023-02-19 08:00:00,139.5547841052662,175.8668580718437,408.5729664336757,33.16776108514451,47.222716998303035,7.75559190302463
2023-02-19 09:00:00,161.24738825819765,181.96153551898666,400.64205313876244,30.258934311278278,48.704226979495516,6.673036895532784
2023-02-19 10:00:00,168.0242963314068,188.4683481243585,404.9043809818683,29.875727449589178,51.215810732881536,6.502621672728096
2023-02-19 11:00:00,177.55973465592692,181.50778322052832,389.2717256487944,28.7655720205987,54.169353191536594,6.978812632444077
2023-02-19 12:00:00,190.34132512818428,184.3076216815378,378.9347090046283,26.99355893916544,56.33456575906501,5.35970170445779
2023-02-19 13:00:00,194.72070823878252,185.091491621448,384.36854448711046,24.01967879648617,59.92057676537485,7.6690307624620715
2023-02-19 14:00:00,191.47927006014206,176.70978923896897,361.5427628016276,24.09896629222496,67.25509882203175,6.828634344630035
2023-02-19 15:00:00,200.67872055688318,174.5404516079302,365.76804427666,21.814404125352105,66.43869324142308,7.836000774366457
2023-02-19 16:00:00,187.82291141459896,171.16421640586765,343.35482160609405,19.02746994202783,67.04347340115284,6.497206170366814
2023-02-19 17:00:00,182.1731837931033,174.15740124259517,341.62614441504627,19.437809173996026,69.0181763158145,6.965555845526482
2023-02-19 18:00:00,173.4815962671721,169.57480815207032,346.4942995354257,20.587032124443866,73.16175430868627,7.186669844880057
2023-02-19 19:00:00,173.0222085319932,173.18824824913565,343.476761219353,20.893064019305985,71.99116897609933,8.563436938519192
2023-02-19 20:00:00,182.24646068010006,174.5860195846225,348.39080440894224,17.867494021139112,70.70606546414994,8.79618831134273
2023-02-19 21:00:00,190.06377248482764,187.11329061019862,351.4284084108527,19.502009957781233,67.1613754237565,8.73557189831797
2023-02-19 22:00:00,187.31572521816506,191.1796223236414,366.27164583214187,24.054012148817364,66.65970866535959,8.589189670656951
2023-02-19 23:00:00,182.42318703516557,177.27633440234453,366.43907192667183,22.933024478076778,61.237824405211626,8.562271350622009
2023-02-20 00:00:00,192.15100222409086,180.96048691980334,369.0458150632255,24.687868065485688,59.11983802584744,9.46606126967054
2023-02-20 01:00:00,191.54056631889517,177.22228421224557,370.3150879666797,27.76343898459644,58.85532800963212,9.1229779937216
2023-02-20 02:00:00,191.4431451468357,184.24275386197405,394.4490433536565,30.781992616089845,55.880843539517706,8.81911321102586
2023-02-20 03:00:00,180.14393653478146,183.34417725188914,391.4274582901677,31.813098578588,49.434862160039614,10.143622812071978
2023-02-20 04:00:00,151.04920280092074,168.765292557794,382.14570746672575,32.428045902610734,47.92168938089462,8.692372025265113
2023-02-20 05:00:00,162.5011215166232,178.39137076124894,405.1963547720957,33.20026813962251,48.95272718174836,9.277258621402646
2023-02-20 06:00:00,149.9729388305659,176.93561041161522,403.67850862081235,33.42850829868707,52.20330443168743,7.6267234721221175
2023-02-20 07:00:00,149.61364825371606,182.49852507322237,402.85742430245386,32.95670294983425,44.69402025791926,7.783114831005271
2023-02-20 08:00:00,162.56508601566114,183.79035549422713,436.41656239853893,35.952264519459,50.80527011350681,7.211166788620622
2023-02-20 09:00:00,171.74050789337258,192.66409492781187,419.32738016517044,32.3013621377989,49.15072327815089,5.751004211557469
2023-02-20 10:00:00,172.73398409095944,188.33697668983493,412.5370038874426,31.3529970577776,53.33790864896038,7.700798708708101
2023-02-20 11:00:00,194.03693781796943,190.7681478775323,402.1967602873572,27.773936003636976,56.88798389676263,6.456503735643714
2023-02-20 12:00:00,203.95728442430013,194.50981285086166,400.4814573272572,26.06851782574844,59.92444911752967,7.022492753743072
2023-02-20 13:00:00,207.45588081537065,192.2650433711018,379.28368785466256,23.366236754749163,62.826876313379714,6.024691154843306
2023-02-20 14:00:00,205.8241653195228,177.07372564245932,355.2595332448469,19.11239076646857,66.94884049017887,6.585570827217513
2023-02-20 15:00:00,201.0726009045145,186.49066845112844,352.59264117822875,18.985361081422287,68.2699923870104,6.332543176273788
2023-02-20 16:00:00,199.54606107799322,174.15125540207197,354.1359574783008,17.19626533052965,68.15812138182102,8.115198937934334
2023-02-20 17:00:00,185.93362993768292,178.80873196454417,344.16191057103543,15.87144716475383,74.30262729174925,7.829757975561659
2023-02-20 18:00:00,189.9198286423924,178.6782367963665,345.58726986865514,16.865545688742753,74.65631876772754,8.2569374686766
2023-02-20 19:00:00,185.99716544912565,180.50497053932074,365.0636331764383,20.163897628892503,74.4418976262491,9.338957470627259
2023-02-20 20:00:00,185.56219351468397,179.8035194905352,361.2134604893994,19.321210574516957,67.98591173671936,9.55943890782932
2023-02-20 21:00:00,181.3061209071082,181.1485615529248,362.64807797244276,22.19593806875546,70.10517456928307,9.596399947075232
2023-02-20 22:00:00,190.96142283753525,187.53144402918642,368.1081134870325,22.798672307792728,68.42013844012638,8.303828962750405
2023-02-20 23:00:00,195.62262003491267,183.96692367588548,377.22949815294,25.17538767151556,61.73258283006322,8.961913355771914
2023-02-21 00:00:00,189.21233599956787,179.23598303569028,365.27915266008716,25.22716808628617,60.86974861909186,8.797278304792053
2023-02-21 01:00:00,196.43089001455812,181.2030503456107,385.64634397825523,29.008911838178,57.433939796821484,9.958162324971665
2023-02-21 02:00:00,191.30038019793764,180.89516477017887,393.82573648683336,31.185448076684857,58.78616828356706,9.418494464901697
2023-02-21 03:00:00,178.70756803877555,177.42781038366655,381.056105104414,31.27723996916446,56.41190988903924,8.0873014682384
2023-02-21 04:00:00,169.01208577118277,175.66254695184293,396.4383068425102,33.91338443030655,46.53135358112544,8.617879050892121
2023-02-21 05:00:00,152.62618120658036,178.10668213934883,399.8604835410071,34.72193377051032,54.394903032352715,7.342349932650684
2023-02-21 06:00:00,154.014813808898,182.72465782088472,412.58990309133867,33.657006608141394,46.39231662087721,7.962790458351205
2023-02-21 07:00:00,164.8768074812963,188.00642195881272,404.48529687781115,32.6979209569436,50.87106369307913,6.453010679555213
2023-02-21 08:00:00,169.12247583840855,195.8394604779535,414.70866890664723,31.82645121677869,51.93894313519355,7.62017924536924
2023-02-21 09:00:00,169.98524150109535,183.27522317366132,414.44762954960123,32.081227210867716,49.404545322079166,7.20391366644403
2023-02-21 10:00:00,177.0283633783826,191.8953485787529,416.98707563889167,30.71434128606735,55.04262179234151,8.036525839666194
2023-02-21 11:00:00,184.9603476004713,187.62400625934322,397.832739121574,27.442812745701104,56.485183899984634,7.14462256321453
2023-02-21 12:00:00,196.02848082859796,193.19804508762581,399.4156072862399,26.35655453369268,60.91051490499907,6.2039600209242485
2023-02-21 13:00:00,205.7659066172583,190.40380012360316,387.2637841820036,24.940103753377613,63.1611379453401,7.1237603258585285
2023-02-21 14:00:00,201.87034951487573,184.56857854364478,368.36136653210946,23.069198878520528,68.03025809879337,5.722597177661707
2023-02-21 15:00:00,203.5976444221173,184.90811223052467,365.7745055033949,22.534129068328866,67.89380105627917,6.265609005643414
2023-02-21 16:00:00,199.15309367563063,177.29129744585794,352.0223382065953,20.934256896751833,69.10401831930092,7.483199772452583
2023-02-21 17:00:00,185.72416012709672,179.78322886201627,345.04064821716037,17.402481554750608,72.91617569586322,6.100996668422606
2023-02-21 18:00:00,171.37927329552738,165.38720744465917,337.8757710782347,20.353094892366506,72.01780993384133,7.973987450546314
2023-02-21 19:00:00,172.45330396548061,175.94400271071765,337.0930447184729,17.969565381563804,71.7640204964159,7.674044263170848
2023-02-21 20:00:00,181.4415644140013,180.07462122498583,357.28837103413497,20.661139097612047,67.31013451482619,8.82091493860726
2023-02-21 21:00:00,178.40886777608355,179.48979094333998,361.00611460370544,20.76157460879182,64.37789571425405,8.306244721146726
2023-02-21 22:00:00,184.7842373290015,176.20198431604172,346.75290210694584,21.843614404742265,62.75101128484407,9.596011801895289
2023-02-21 23:00:00,180.41863753366925,176.60211998955654,362.8274130576631,22.099752615301487,59.54363326237127,9.46241793600078
2023-02-22 00:00:00,188.68730951600054,180.79039981778712,365.9947925762089,26.135010140952378,59.33294082574226,10.48025614181693
2023-02-22 01:00:00,182.93843594743433,182.98401673271383,357.0244024361714,26.541525172734048,56.44068851533482,9.45360291330473
2023-02-22 02:00:00,174.20199167085048,175.76873708609867,363.42865423822695,31.504335713374946,50.85075950922735,8.760988142203649
2023-02-22 03:00:00,167.08647504850455,171.88579530091857,378.03101183843387,33.8219247988304,51.64441483890613,8.887840072700739
2023-02-22 04:00:00,149.32860479654272,172.40507213300006,378.2763463511497,32.31817092793078,49.386858867335505,7.809034522088297
2023-02-22 05:00:00,156.5349095153922,177.76671447598363,395.43231614593293,34.437372703130244,45.49728197122749,8.672524645947586
2023-02-22 06:00:00,138.45609594742038,168.6726163327849,396.5990893853212,33.47847048462162,42.52696370634322,8.412895172420676
2023-02-22 07:00:00,146.91368814700348,171.518450505961,398.8329330126703,33.32350314598076,47.99018835626674,9.340208658031246
2023-02-22 08:00:00,145.02119274305338,179.27092399187146,400.0920883060376,34.209211778423615,45.36771057938113,6.814714806576955
2023-02-22 09:00:00,149.5925943008701,182.7189558264181,398.58332415003406,31.963558720655698,47.46406891452925,6.751883626647572
2023-02-22 10:00:00,161.58682801820342,179.5950949889069,402.7280691155437,32.44186230705979,48.701249505183995,6.2979309272165995
2023-02-22 11:00:00,176.75363556862195,180.61771630415683,389.35571011833645,27.847491103301405,50.16097990657383,6.6995908513582565
2023-02-22 12:00:00,177.77585457736507,178.37336404697658,373.0711392043906,27.55615316420549,51.768993253306405,6.76718337413573
2023-02-22 13:00:00,183.7242764204749,177.77246495794253,369.8691100870565,24.404623935720668,59.27379168739851,6.513748869466445
2023-02-22 14:00:00,188.44171801900217,177.3100102431297,354.1690300719419,23.314543235199842,58.82813711990852,7.461390036134439
2023-02-22 15:00:00,188.2692880707,168.8344793374785,338.417737850384,20.167494393808806,69.54446322141153,6.507454175591806
2023-02-22 16:00:00,179.57245289996405,173.26861933114537,330.10347965397347,19.37459099074232,62.10868936660865,7.940321833523475
2023-02-22 17:00:00,168.93455760199328,160.58047601905457,333.8582580376141,18.49758533930063,62.709398827532304,7.988719929894963
2023-02-22 18:00:00,163.26810309189008,158.00822464268043,324.22962403095164,17.36164662967663,66.7871795706117,7.991579056070736
2023-02-22 19:00:00,165.2174204186355,168.36616268757803,330.33662514319724,19.433329744742775,68.4026852985819,8.167772919123708
2023-02-22 20:00:00,156.07260381334876,161.2299674255537,339.40380127159636,20.21965621870689,63.765871044222834,10.44866743111198
2023-02-22 21:00:00,158.25575638625696,171.62277360172266,350.8177642571101,21.42429293739845,62.76254032691987,8.488754116260331
2023-02-22 22:00:00,157.5852249425845,166.9314139726625,346.57863617840866,24.214560029726876,54.75214953539272,9.507591329554531
2023-02-22 23:00:00,159.35175521394967,168.58342245676386,355.56745761276574,26.040181118337248,54.21595099479007,8.923735390264104
2023-02-23 00:00:00,169.65488912816488,163.7481751762012,355.1987741296788,25.922903342451324,50.03474296119208,10.749934524034915
2023-02-23 01:00:00,165.31538550014363,165.5621192116373,354.56376870147915,28.892368145078496,44.921458819246034,10.069667169593043
2023-02-23 02:00:00,160.67216271709208,165.02210757747662,360.4925785189103,29.627146985487638,46.25735651485304,8.824193190487891
2023-02-23 03:00:00,137.06250508741394,158.32704038416932,353.2267252153749,32.06166202980542,38.38830539912628,9.419476667181659
2023-02-23 04:00:00,144.64587075990565,162.23058572661557,367.4616348171672,32.5865976579272,38.3189436808128,8.930387004893626
2023-02-23 05:00:00,125.8194625594777,158.6876491391836,375.44169321883567,36.05089589005538,38.66414262426071,8.026591234271493
2023-02-23 06:00:00,131.11092229068282,160.1084938482792,383.103843879383,34.81715260726799,37.43023234975525,8.53071495205974
2023-02-23 07:00:00,119.73618234097025,162.9788078418474,379.40216487984105,33.847795176738266,40.367264321718,7.88428520611931
2023-02-23 08:00:00,127.39635715618658,166.2002071458913,390.4097591134555,34.74387650449322,41.19893515014673,7.400989099720158
2023-02-23 09:00:00,128.54119284007933,164.1970946290702,379.6752218171891,29.436752987439117,44.23843517969979,6.909996030350594
2023-02-23 10:00:00,148.87326654811545,173.87734794379918,375.94453066490723,27.96901913077323,46.25693298098916,7.00270003914308
2023-02-23 11:00:00,152.4193832336435,164.20367072674628,364.04127029585356,29.412804779135026,49.85612925649178,6.711682623611129
2023-02-23 12:00:00,160.70520934094256,171.49849206508748,355.25377730114303,26.461110729088823,50.30479062517173,6.541365333117512
2023-02-23 13:00:00,165.79086485660528,166.01228689032303,341.95294380410604,24.619833121325165,53.94586904442683,6.102400119375099
2023-02-23 14:00:00,177.13198658097514,164.78662455276947,339.62167764628407,20.799474698852713,57.167897498326255,7.8865982628570865
2023-02-23 15:00:00,172.20983897537636,162.35064477767457,333.38947842680625,20.707714191173984,58.71658091312921,6.204045867876205
2023-02-23 16:00:00,166.45286462402757,164.48363222030025,328.8040478187856,21.86975459592605,59.32232494088884,7.549345353215771
2023-02-23 17:00:00,150.93530830331508,155.46068957096495,312.3196438411838,19.65667587570874,60.55504397889358,7.387602912735171
2023-02-23 18:00:00,146.69569295815757,151.71450451487033,316.04015969754875,18.59998597283047,59.795558316259566,9.231683088614478
2023-02-23 19:00:00,142.10510850798528,157.03728761283574,311.6743047353475,18.1433607597937,62.01929340605064,7.755790791597073
2023-02-23 20:00:00,146.84538836775542,153.99555983498823,314.39057056408416,18.997234119801018,59.60022897056073,8.23531571676776
2023-02-23 21:00:00,146.97123054817033,155.78265386357026,323.1770067743757,18.188324531724533,56.36299914098745,8.381787527496547
2023-02-23 22:00:00,153.59872724856604,160.27869556892887,338.13700939082617,22.71067499448453,53.809624562768924,9.525463641342094
2023-02-23 23:00:00,158.1354066936496,167.5361626424265,345.88764171466653,25.346822864380254,49.647396382374126,8.48775327773554
2023-02-24 00:00:00,161.2405238655854,161.50084009157789,333.2631758029229,24.51334007191907,51.303883477631224,9.165030053669563
2023-02-24 01:00:00,151.37973908897644,165.64124530543265,349.98692059126387,27.682221887273055,46.17173149234017,7.94223266343561
2023-02-24 02:00:00,154.22760560158818,156.3937014742164,348.32990742842037,29.017697533771987,41.16885499958814,9.467333053566328
2023-02-24 03:00:00,141.6011346446777,161.00337976989908,357.92958884680195,30.90637196527749,42.33125041552644,8.71050977065044
2023-02-24 04:00:00,125.80102101866905,155.8440533008832,355.8071387386793,33.40160315033263,37.39148498995233,7.708360279247769
2023-02-24 05:00:00,117.83586018985416,149.1169083868796,357.88596886786127,31.636627571064842,34.31878447637383,9.148155149735599
2023-02-24 06:00:00,113.21663008807268,158.70696027951124,361.65144997362484,35.14890841152694,39.24668903628209,7.0846331711305925
2023-02-24 07:00:00,126.4044148835619,165.4773894760985,384.54903100868944,35.045095677725485,36.231472478755265,8.169632015366005
2023-02-24 08:00:00,125.51303747754365,166.31635814199262,383.7610460052772,33.04122096469367,37.72489437304023,6.759271423208557
2023-02-24 09:00:00,132.82248283942155,165.5138898626929,372.46958847283094,29.095621492061817,40.6430414111701,8.060439792746983
2023-02-24 10:00:00,141.2228945369703,170.87909843311414,383.99590452227187,29.22119047509817,45.5807113327875,7.225647271571644
2023-02-24 11:00:00,163.00459106815822,174.99108651445005,371.6567104041815,29.968201636400636,46.04285465927536,5.845477750954595
2023-02-24 12:00:00,166.603175977823,166.24733450258333,347.35318601876315,23.085846702088396,46.51237484938978,5.858042213452785
2023-02-24 13:00:00,165.66482136173238,159.8871388714672,341.7438562801863,23.933131023111926,53.506802992542276,6.974978904223403
2023-02-24 14:00:00,169.03569938177475,162.48702624910686,331.06300955196485,21.005980938645852,54.19958577190713,6.517297202826209
2023-02-24 15:00:00,167.4358793645291,161.79515894120016,336.18501786168673,21.73188113344576,61.9754141297531,6.82080007330521
2023-02-24 16:00:00,157.9566617174622,153.69964391741456,322.3913069887467,18.68617894975328,59.8045989651523,8.140567203240389
2023-02-24 17:00:00,148.7482926158169,153.2516462464112,310.2270475958585,19.18312379141762,56.1746582848719,7.087689220987256
2023-02-24 18:00:00,148.59037113884813,158.4053327826375,312.9174154754723,19.105603486127755,62.380389731327966,8.063905640522838
2023-02-24 19:00:00,156.2663907650245,162.53396413021176,321.89878532580417,20.904379538145307,65.56453269741377,9.056468023210344
2023-02-24 20:00:00,145.03103951745229,158.88810337380013,328.45154612174434,19.257844486482213,63.663177057506644,9.316382241869887
2023-02-24 21:00:00,148.10275126606416,162.47729741989883,335.2121061422335,21.225238701689193,62.43303561413299,8.94893130451539
2023-02-24 22:00:00,151.65881614168464,163.12335154796253,327.7637384242793,20.650033540577695,53.7990949462649,9.09680398907979
2023-02-24 23:00:00,156.4702866446786,157.90531833423216,335.1486459379668,25.791303187341555,55.284977133779165,8.23171791566895
2023-02-25 00:00:00,168.3454148020975,167.37749359649408,337.16173364833276,25.522006559336056,48.72062311777161,8.760628505134363
2023-02-25 01:00:00,164.30660751279794,158.94828422425638,352.5377601441484,27.83352119323665,47.839777798614705,9.671740198035932
2023-02-25 02:00:00,158.8092902436054,160.21063576507044,362.4477216102224,30.410431874643876,41.801193425793365,9.202520573417075
2023-02-25 03:00:00,145.25182855170468,155.1262762882876,345.44841332083615,30.21977640888266,40.85427525590034,9.113109126776203
2023-02-25 04:00:00,132.25645664038157,163.7513845960827,363.40567648781445,33.64236352967348,39.038915993761336,9.477477526743861
2023-02-25 05:00:00,123.24134776666136,168.91025008346935,384.09828998663676,35.32925403829597,41.47198723317623,7.557102391310198
2023-02-25 06:00:00,126.65223973254173,167.48888650218854,382.18498686503324,34.7936588687214,41.02064325652083,7.834673788437227
2023-02-25 07:00:00,129.55062260708678,170.53960904577397,391.9920351507058,32.26411693749179,40.454972375618006,7.743869106734055
2023-02-25 08:00:00,137.91276813319476,169.59439040470812,396.8890590367929,33.224267347917895,38.25684768648328,6.757088043697813
2023-02-25 09:00:00,140.0960955166484,172.4875894858145,387.3461803202529,32.99317081288355,42.63691941197978,7.941373807969401
2023-02-25 10:00:00,150.13619545619596,170.72658477881106,378.48165334413335,28.193540711326154,44.35854373752581,7.33697265545256
2023-02-25 11:00:00,163.7746004975972,173.03645476371446,375.1496458955666,27.229204466445264,51.00384635385842,6.754204589528553
2023-02-25 12:00:00,177.44967827018806,174.69148363988282,367.5437772677686,27.501466479235596,54.98870424149239,7.755962245530011
2023-02-25 13:00:00,174.06554160654977,170.90593881652697,352.73462524953396,24.70441788645802,58.0305246845798,5.501884564839299
2023-02-25 14:00:00,185.23480167103432,177.01060616114148,360.59029776089653,22.946461935830698,57.14647113108371,6.695553497549333
2023-02-25 15:00:00,177.0780536115797,160.43779587382542,338.95130019895157,23.027874606465883,55.47663413347041,7.195775706473985
2023-02-25 16:00:00,163.9626549758662,164.00071192628644,333.0041047305177,20.08863297813125,59.7364576230619,6.609811467244295
2023-02-25 17:00:00,158.55935233864662,158.30536601865933,323.3161044230457,19.51786840101684,68.16577499663447,7.822271611618604
2023-02-25 18:00:00,159.05423122075047,165.40061674719425,335.22438147825994,21.70993929266623,64.78211352975849,7.225392254348473
2023-02-25 19:00:00,168.20520044494305,169.6429962994656,336.54527083151453,18.474306577126924,63.824046112308096,8.871618690445759
2023-02-25 20:00:00,172.94119787800045,167.91363378381547,334.9518138806421,18.573848842988262,68.11190389391622,9.490484337690173
2023-02-25 21:00:00,169.11161332148924,174.41849322970634,348.5989905566285,21.317244285148615,65.59684639769291,9.25129355256967
2023-02-25 22:00:00,178.5714204690986,175.79050417565065,342.4580961088412,22.988762293195524,60.60540662670525,8.002079635131173
2023-02-25 23:00:00,172.73520643519203,171.66847140237826,354.0629206481387,23.760591161371657,57.23599457523178,8.772133274617369
2023-02-26 00:00:00,179.81121500747204,167.5471963582404,342.57534368003013,25.225553236441314,54.709377331811275,9.895297002249212
2023-02-26 01:00:00,173.75738418003746,173.04401172044243,372.00319803852835,31.30802172676465,52.61827678088081,9.463727789892284
2023-02-26 02:00:00,170.69277216390742,174.58226391866506,378.4498336835675,30.85909335495105,52.96848458042164,7.413236273291913
2023-02-26 03:00:00,160.6775462737014,168.77964626492235,377.7783811668909,31.246216844232492,48.11593381570308,9.930641440487577
2023-02-26 04:00:00,142.01946060060996,164.2284232119609,372.8162294465256,34.49664723762955,47.0992126243301,8.845659554377729
2023-02-26 05:00:00,152.62218798730635,172.2766184911482,385.9520880910831,34.066981394883705,47.09675396746313,7.814876302853789
2023-02-26 06:00:00,135.73467427561104,173.38377011337258,390.1173479022813,34.16831128169127,41.761838401484184,8.696468918296608
2023-02-26 07:00:00,141.24054337875666,179.89798376132245,405.57018568884854,34.87512185308449,46.62250051858913,7.137493423311406
2023-02-26 08:00:00,144.87622614843613,175.86486332526124,389.8071483723713,31.852149811820905,45.72817494079662,6.768083517677052
2023-02-26 09:00:00,155.7602347089921,183.12102085361016,407.2133596358173,32.555428431686224,42.960983566791874,7.190186683930057
2023-02-26 10:00:00,175.03909074591698,184.91739301009056,413.73702963564324,32.77218226733582,46.510073153829126,7.947688815792979
2023-02-26 11:00:00,188.40772867137022,186.04066362433292,398.5783916374915,29.10781573994858,52.05366485934735,7.687622285147409
2023-02-26 12:00:00,182.90620410116895,180.51769051120533,382.51446830664787,26.027608071631768,58.77199353760871,6.751798049232875
2023-02-26 13:00:00,195.79063380527836,178.45488821804173,374.56650351149074,23.80119503513947,61.15979935461708,6.874781221761615
2023-02-26 14:00:00,195.3847750110321,178.8267073597045,359.5596894530148,21.989075624759685,64.4056067557864,7.2550111467827145
2023-02-26 15:00:00,202.5619243458986,178.85074958667806,345.9850619180913,20.521082713301,70.96954949524083,6.059451255461576
2023-02-26 16:00:00,187.64686747533761,171.76403606801156,343.5729470518945,19.102328413296057,65.98022804110346,7.7009038360064
2023-02-26 17:00:00,181.09778833311864,171.6103021725822,339.4177218120644,19.85727263042295,70.09367764970571,7.0979200046457755
2023-02-26 18:00:00,177.54313923258863,179.91803600553618,333.5602182050193,16.40645933767273,71.41069696134275,8.222934646757562
2023-02-26 19:00:00,176.40103615087105,174.84027569975072,351.61111260643685,19.794507182676078,68.88503352675328,8.229001228328613
2023-02-26 20:00:00,188.09340904945554,176.88130783281593,362.18221097883867,19.104888863291844,69.53566011122163,9.100845828979859
2023-02-26 21:00:00,184.23093631730083,176.34005935998147,359.7178501845471,21.28539992798087,64.20803352637232,9.14333259728434
2023-02-26 22:00:00,190.05982015222312,189.87846066216125,364.4836758794766,21.138730972335647,68.50010490898397,7.147916916101751
2023-02-26 23:00:00,176.6151844721978,179.7315893041572,359.5985935839718,26.016119732333838,61.1541068645365,9.574112937627211
2023-02-27 00:00:00,192.60150882870278,180.83460345419354,378.428494955858,27.98827383130339,64.16006925732131,9.949507066609485
2023-02-27 01:00:00,200.38330428006577,189.26407489667855,387.3208160717925,29.716768654168515,56.65031462475101,9.761038583270508
2023-02-27 02:00:00,193.64093707725738,186.57761101297345,391.5590536427733,28.67819643141927,56.21915048977435,9.227227943330666
2023-02-27 03:00:00,169.81676147204539,173.69877637522777,387.8968015725855,33.14889491302534,51.47779750935068,10.210173356131115
2023-02-27 04:00:00,163.710070575239,175.91955948121102,393.27224209226074,33.912316644918846,49.73621114632022,8.967961190385164
2023-02-27 05:00:00,154.10729075581457,176.76217751878647,400.86852035308266,32.30055906919201,47.42871791247056,8.694599877789027
2023-02-27 06:00:00,160.9511566920831,185.2677009011807,411.6232179055025,34.471510454990735,48.66788585202031,8.731144325835373
2023-02-27 07:00:00,158.8305240318206,186.1244820752339,411.82902312362984,34.66670338625231,49.60786074746182,7.865586532133885
2023-02-27 08:00:00,159.13994092821517,190.2063214400133,433.6585904538899,34.098535734443026,48.46756892683841,6.621387572610088
2023-02-27 09:00:00,171.0081178137708,193.3138061912679,413.38541066314195,32.37379556417584,51.90292089271976,5.232503638574459
2023-02-27 10:00:00,168.40280369459236,194.56292082006482,409.41497537332873,30.854889585002493,53.39121932939053,6.366977262910733
2023-02-27 11:00:00,188.03536929116888,193.8209239800151,411.01129034446,30.345480837815643,62.74898736965683,7.083773128683178
2023-02-27 12:00:00,200.94095510824147,195.0248147624621,399.54608179948696,27.97901713014864,60.65215977928551,6.252832568007536
2023-02-27 13:00:00,212.65087872040613,190.05845787730306,376.6775932134162,20.99793847471053,67.40073811436197,7.111936121163594
2023-02-27 14:00:00,200.83637948164372,183.4857269679964,369.092963015294,22.129209565320878,66.50261582957356,6.805071617467512
2023-02-27 15:00:00,204.37640130899416,181.4162475996289,361.1010868991348,20.65687810827261,70.01798744497515,7.8409860774037465
2023-02-27 16:00:00,199.58159416038876,180.26032974973472,341.5153938374478,17.481768540992082,68.46852667088068,7.043348305015522
2023-02-27 17:00:00,185.25784656985587,179.97168897613267,359.6054875076562,18.8992782932528,71.6033544420899,7.939101810943596
2023-02-27 18:00:00,185.74343445303728,179.27727674858284,352.8396680619801,20.013348442545933,73.46317627573634,8.354119545174674
2023-02-27 19:00:00,187.60942566031284,177.8119515023359,353.96931253938374,17.48472366201493,76.07612257231105,9.439349878495555
2023-02-27 20:00:00,195.06545250561572,189.39666866270818,361.13061718377105,19.992660893784592,71.863889739388,7.555353885566034
2023-02-27 21:00:00,188.79220041309432,184.12348689354752,358.49367568220936,19.762510574190156,72.49173942822284,8.739774379592584
2023-02-27 22:00:00,190.8223026763112,182.05927749336206,363.4180009753361,21.713227271237358,68.34258899979737,9.892999379448598
2023-02-27 23:00:00,198.75592872618967,192.9384846628409,371.14342846259626,26.22300910685877,67.58151032745239,10.531016275278652
2023-02-28 00:00:00,189.2050864802533,175.09626826856493,370.77019950461363,25.87078583276879,60.7196745950205,9.668050058849456
2023-02-28 01:00:00,195.1230509865383,187.66251325830152,383.22381513717085,29.14822737737158,62.94821637993803,9.243995824338558
2023-02-28 02:00:00,187.05685142425986,177.4875585963855,388.65118213717733,28.27872180530813,53.665565188305585,9.829020963748757
2023-02-28 03:00:00,178.90732758301544,179.50569896552645,392.6277429001622,34.416981083998714,50.49180257237704,9.668752044442034
2023-02-28 04:00:00,169.3336996309086,187.05957064811452,395.18096051877507,34.17789284373826,47.53082137713623,8.498236824932913
2023-02-28 05:00:00,164.90462855254376,178.08289443510677,399.82240798529557,34.03607309430323,54.03651789717903,8.619443686178165
2023-02-28 06:00:00,150.42137848737553,178.64400957578377,417.73512999816694,35.21948042406422,50.2085978671739,8.826369083688387
2023-02-28 07:00:00,157.19210428360432,180.7648527130449,406.2502236605491,32.56560492355394,47.978516832122175,8.935092727638331
2023-02-28 08:00:00,169.56418300723658,190.8010587276363,428.6305116604932,34.87837746269805,52.551697510414805,7.769823471464763
2023-02-28 09:00:00,165.7861700712918,193.44102726722284,419.8831419883786,31.80036427338785,53.10798662838995,6.970237055886132
2023-02-28 10:00:00,180.17327933446154,191.44689275951524,411.03169047345835,30.288561445841967,58.28291308292256,6.6631092710967845
2023-02-28 11:00:00,185.84320576058553,188.5141733463255,392.47316390707795,28.01516229281561,53.31652590534176,6.941288850601941
2023-02-28 12:00:00,196.47696294293954,182.05335989504815,380.773353674176,25.838965488764572,59.107196656516685,6.419029010264385
2023-02-28 13:00:00,195.44705556303663,179.55562458530463,385.0239614653898,25.299948742758275,61.63611183542871,6.683859609882068
2023-02-28 14:00:00,209.41046241927853,184.6326035718871,366.22378740685724,22.84513248218351,61.05620934287954,5.960448509151693
2023-02-28 15:00:00,197.46304798635282,174.40018806134574,361.6008533718999,21.66443436896111,70.06064191187332,7.847279865764007
2023-02-28 16:00:00,194.09225289579405,183.2898165692193,348.74158628393684,19.6015792715119,68.87846884927121,6.451870690995881
2023-02-28 17:00:00,182.9319865173437,170.91468524870328,346.89229425759345,19.429913265649112,72.13202303410792,7.3092932000290745
2023-02-28 18:00:00,175.98439847326497,170.83434688764606,343.2540737932225,18.04000427596845,75.93243706667755,8.068315282596245
2023-02-28 19:00:00,183.12821599466457,177.7031151172284,350.8345632919653,21.49203572598939,69.37689490688932,9.781919383575735
2023-02-28 20:00:00,182.60694408794188,175.7003236520005,341.71345793572425,17.735184445886055,67.84568863194926,8.454121910603373
2023-02-28 21:00:00,180.51294587910715,177.8239829019765,363.67433494502865,22.402313454677888,66.93853500672328,8.594449102007554
2023-02-28 22:00:00,185.4610022829433,188.70350501315443,362.2527289784142,24.18866928693908,66.17194417656395,8.913466263542974
2023-02-28 23:00:00,181.5631675812167,168.62395034318837,344.4178858668007,23.455173537852556,59.662671655186635,10.610116756761508
2023-03-01 00:00:00,183.8206353606843,181.98311189574534,376.9404812813246,29.224579607250032,56.21518692101421,7.531357104545785
2023-03-01 01:00:00,180.7360004812308,176.41652735923716,369.92901558485966,29.81572547209757,56.619339999219385,8.746972130929597
2023-03-01 02:00:00,181.9775547939521,177.8470562334919,386.36883575311947,31.717083764917607,52.02505265864211,11.210940202088347
2023-03-01 03:00:00,163.0943598058552,173.32320640572414,388.00639790106214,32.24332870288464,43.99799081888179,9.474277623223964
2023-03-01 04:00:00,159.40127982937702,171.58758891314227,385.23678732797305,33.22150922826739,43.6803642422204,7.975810535462603
2023-03-01 05:00:00,147.13007219385378,172.90766568461595,396.184212806163,34.031221650693915,48.264523255566104,8.35888598013141
2023-03-01 06:00:00,139.92444408856844,173.03723375406489,398.90899708059527,35.02486927888735,45.219367826511295,8.047218196247544
2023-03-01 07:00:00,145.6277199539121,182.55385436783843,417.44538563753656,35.96618831905318,42.84752867922666,8.20405910448017
2023-03-01 08:00:00,147.4602616605464,173.6732984796965,399.9552739354996,33.70426277014701,45.12704750572675,8.537651401975808
2023-03-01 09:00:00,152.8987271223015,186.7588846494087,399.8443648753117,31.122727363666982,47.2156261625445,7.211326005115691
2023-03-01 10:00:00,163.33219535932832,183.3732641432359,404.48155207852875,31.55003960348791,51.066993954135015,6.3231100822142645
2023-03-01 11:00:00,175.4597274966329,182.23244337168242,391.78856465941004,29.737780734415388,49.13033915573852,7.102070370035134
2023-03-01 12:00:00,177.61963416360766,176.8409972926286,383.1018703399098,27.348557943387085,53.149911894924635,6.011223112195998
2023-03-01 13:00:00,186.796471087132,175.15376285908496,366.5790760452047,25.38813054904394,58.48198403627149,5.827775013374068
2023-03-01 14:00:00,188.3147653768795,176.50828990141156,365.90645568876,22.240086859510303,60.3319833613919,5.469025683953862
2023-03-01 15:00:00,187.99881227164846,173.53446837911727,353.7157739093494,19.794674439624163,64.07158471941943,5.843749952069891
2023-03-01 16:00:00,171.6198879203485,164.29881665048543,329.1218003395224,18.59739409633554,61.79313497416512,6.622488390713013
2023-03-01 17:00:00,176.72319996100185,166.32782547821375,329.72395663374095,16.878579367785488,66.26132336028812,6.787318594955542
2023-03-01 18:00:00,160.11342501468303,167.425540772031,334.3677977629016,18.853991321558148,68.06635835889256,8.219265569162244
2023-03-01 19:00:00,160.10838438216896,163.62259842320472,323.54875465074,18.743217626990905,66.10919644858201,7.548647289576996
2023-03-01 20:00:00,160.54891048853597,166.935500024758,325.8831317066204,19.11568276838207,63.929819626423516,6.549433588582653
2023-03-01 21:00:00,156.15140723688904,165.64086359537532,333.7053727838634,17.369381549180236,61.29266307686257,8.329921929567183
2023-03-01 22:00:00,158.57418355920504,169.62324403193395,338.5633619104447,21.077303244353057,56.97128131770433,8.96873635227166
2023-03-01 23:00:00,163.42465508473938,169.65528963048848,348.71266238862455,25.84964512468561,55.548079491944904,9.025074097923207
2023-03-02 00:00:00,172.98321162922755,167.2432907043916,350.5557635482515,25.77874067475176,55.168050441631394,10.56366727551643
2023-03-02 01:00:00,165.22862617490685,160.40227259173307,345.2623265792166,29.0806560944422,48.828696974610835,9.019408947931188
2023-03-02 02:00:00,157.3583077279127,158.13426836391827,355.89724796944756,28.909671724103763,44.04243122343378,9.915684529916117
2023-03-02 03:00:00,155.59708277224382,162.19028238586975,369.246936489575,33.9628942615064,42.239582571385704,9.047372352003237
2023-03-02 04:00:00,143.54926761692883,169.11059595828175,375.276136249524,33.336061337404146,41.669645460212465,8.720386692029265
2023-03-02 05:00:00,135.61894109581422,168.5946710072913,384.5719622094287,34.65724292363666,39.02423817729231,7.803462365460156
2023-03-02 06:00:00,119.05263352304016,162.17444316207673,390.58564198299365,37.373818797925004,40.326728411586494,7.95885214389345
2023-03-02 07:00:00,124.12650536210882,168.1027954721503,393.9388319428955,36.13111166002032,40.64542189051023,7.076204143518085
2023-03-02 08:00:00,139.66319498725508,170.23528879523042,384.4297052210324,33.14539396571257,42.482421724851285,7.36901701997824
2023-03-02 09:00:00,139.94705943464564,172.34636709506415,390.65125663355,31.531150730695636,45.40390877762551,6.773965085383561
2023-03-02 10:00:00,146.2268581079176,176.8636321816049,385.18915018794087,30.196596580815108,46.7925779626401,6.039722341089233
2023-03-02 11:00:00,159.00981482608137,173.32089940728775,383.5141647261982,29.27076941418446,45.29101517877147,7.245437298356816
2023-03-02 12:00:00,169.37231148164045,179.7524151497604,374.65350801863116,26.463157423048667,48.32123532272405,6.798788336014998
2023-03-02 13:00:00,169.10364221420934,169.6385024057943,340.7842577381712,24.04566694612711,53.111544614418115,6.237467346666806
2023-03-02 14:00:00,173.8800980368934,170.81618141255603,344.7246016856706,24.352214345888548,55.04998156817753,6.8028070272480745
2023-03-02 15:00:00,172.19218561804584,164.36447225717905,326.78631935220875,20.79877395622637,55.90061737955459,6.8806640631687745
2023-03-02 16:00:00,153.04315689447833,157.2230932525249,324.26461585147763,22.425065654205646,59.22443047552593,6.642686343915683
2023-03-02 17:00:00,153.9671484491155,158.46010982049552,316.0924742383293,18.97632700162422,60.24248910047924,7.661118792661017
2023-03-02 18:00:00,140.8084495568178,154.18083322518683,316.90965947414384,20.73830383615929,60.11612176511085,7.565291771634749
2023-03-02 19:00:00,142.9132017967519,164.08154449406118,323.48519996976825,19.298376352187738,60.39699951070795,7.726774882719721
2023-03-02 20:00:00,146.79891246019255,163.18770465222616,319.6924488327333,20.825425668977203,62.39965422424828,7.614062868813452
2023-03-02 21:00:00,152.11712945814583,162.44151458055583,320.8079319733883,20.072763919539312,58.260305083136984,8.809635024302745
2023-03-02 22:00:00,152.47282211040726,161.44300493058776,324.35384750077174,21.575714246088808,60.70454313260545,9.695917567385246
2023-03-02 23:00:00,151.70422532603973,167.01693385335977,335.24541404366187,25.082392643021144,52.685391592738604,8.962627192068418
2023-03-03 00:00:00,156.0356608131229,152.65142226945306,336.8366245065902,27.788632955147108,48.5122878242472,11.26449608451058
2023-03-03 01:00:00,149.95370875085965,163.05599577273802,345.54656812257286,28.722299094960835,46.007864961210714,10.068868696990515
2023-03-03 02:00:00,152.5259693495112,157.49938390347148,349.5405127017329,29.0608354578258,43.63129739522552,10.212069198539028
2023-03-03 03:00:00,146.60332197030266,153.48866999215403,351.33690842813166,30.63011885814342,41.510004072178646,9.617330280231492
2023-03-03 04:00:00,128.93590217021074,152.80355899993322,360.3174181606673,31.822280043658857,43.19323728838935,10.047005482456967
2023-03-03 05:00:00,120.544350135456,151.1851815142412,361.5447286583042,32.21396507758831,35.55338083285021,7.837327179223034
2023-03-03 06:00:00,117.29194705426728,166.53418308152817,381.37959994322006,34.740150599376335,38.88990132799102,6.207483830038985
2023-03-03 07:00:00,110.00942283306603,158.1754227687921,380.0490250086084,35.68728930753224,37.87013717055184,7.299483506499207
2023-03-03 08:00:00,125.65047462069143,167.0227392861137,384.53366952298535,33.522994757613425,35.168057337843976,7.640753002883345
2023-03-03 09:00:00,146.55694508906103,176.62334733177946,378.68794932857514,29.55630614961339,42.247982687010555,7.04540170844375
2023-03-03 10:00:00,141.9472388456429,168.88640847378966,377.8584710343955,30.38409485006068,45.855786876418044,6.893792722000774
2023-03-03 11:00:00,150.7861701200881,167.67000724721817,372.69476544348595,28.489257416571846,44.112984531059354,7.475748262435319
2023-03-03 12:00:00,164.9933013873165,166.46938701199196,364.4389153294052,29.130317456398643,49.13077801754651,6.76744030212375
2023-03-03 13:00:00,174.56628981030417,166.06515405433785,350.1295249175117,22.797054858848448,48.5144942070781,7.110350309880086
2023-03-03 14:00:00,174.05848354162487,173.09519091148525,335.00205098412135,22.14841200518026,52.49718895397759,6.04326797502641
2023-03-03 15:00:00,158.05303017275926,164.04700977806806,334.32060674565935,23.008445162130755,60.12764646314639,6.17256424576896
2023-03-03 16:00:00,159.4772540609846,154.64939763434626,316.0370685378547,20.231096693982582,58.78094604033142,8.379879746117087
2023-03-03 17:00:00,164.34469427892645,160.16806812073995,326.3964297623228,19.568943364683594,58.652369835385166,7.682402506949119
2023-03-03 18:00:00,149.3181949462101,157.868603230652,316.56430756050287,18.758922635261897,62.09899959439403,7.563739571587755
2023-03-03 19:00:00,142.63668768888084,159.69794370048044,326.3862797705151,19.290992622350185,60.13711020529294,7.953252422170776
2023-03-03 20:00:00,150.63460801918896,160.4917597199343,321.11076886220394,20.628439518619526,59.16034477560049,8.29561381485321
2023-03-03 21:00:00,146.57576518937051,161.3261454911293,316.84529321361686,19.996316456992606,60.03145343535365,8.564388857047733
2023-03-03 22:00:00,159.2713268985963,164.23402559273035,336.63654946423526,23.679266210213424,53.486753964448944,8.400834643854061
2023-03-03 23:00:00,152.7349064603712,157.56860780394578,325.57106728962657,22.90848021004511,51.28643839472999,8.398594457879254
2023-03-04 00:00:00,160.36099211140805,163.13699739800518,337.5890666546808,27.02171668283034,50.64798708791965,9.363496935641907
2023-03-04 01:00:00,156.51264871509272,160.57034090205744,354.76901708653395,28.913754204667875,49.479042659543296,9.03384063020933
2023-03-04 02:00:00,154.034380202383,163.13489169399452,355.9412603947788,29.890197202178015,47.32564143229886,10.074049605486973
2023-03-04 03:00:00,153.11328549316772,163.022070581623,363.18956629120066,32.260415694313956,40.80894215384706,9.265813829066726
2023-03-04 04:00:00,135.25291443444243,153.8631307631498,361.9808036419837,32.81297233606094,42.588888055184405,8.935722376054581
2023-03-04 05:00:00,125.96193386515738,159.79300490841524,366.74139080165133,33.07421446686955,37.77005257122751,7.868044282365647
2023-03-04 06:00:00,118.77051031076836,159.16284476473743,387.51246591460506,34.20954256416629,43.27672175204254,7.915280108954068
2023-03-04 07:00:00,117.83206531549351,163.830523689819,376.9975066381883,33.03752995225517,37.35167271516668,7.864472204888265
2023-03-04 08:00:00,128.55777031750108,168.0978123735903,384.1547155929751,33.9514979863064,44.150428189947064,7.751337017798822
2023-03-04 09:00:00,141.28311387514069,180.4834447392828,392.36407129948515,30.913716194275118,41.87825673166813,6.873615549657332
2023-03-04 10:00:00,157.30996303540823,181.9574190219904,391.1543724933993,31.492362347388713,50.42914220054812,7.456348539850288
2023-03-04 11:00:00,160.2734805317368,173.7547463554443,385.7754925915505,27.291791423999374,50.39146529260623,6.556703776801977
2023-03-04 12:00:00,178.8140503193269,168.43193193317134,366.14674159472116,25.96048271322372,50.16146120059605,7.054992982962376
2023-03-04 13:00:00,176.23721947547088,170.670640605951,361.16029510329406,23.820981470276323,54.55755174031857,6.208214714554002
2023-03-04 14:00:00,182.0345247972255,172.60794975403167,360.5112571637929,24.23225394592084,60.52655250529358,5.432150037725275
2023-03-04 15:00:00,175.23216510556614,171.92078675163904,336.07736687277725,21.382590147591408,63.81942472126166,7.127191119833129
2023-03-04 16:00:00,174.4910601431452,164.14173652200827,325.65352363915895,19.461829900320897,63.46819949715399,7.7577268442026295
2023-03-04 17:00:00,176.31861009200992,171.61870105794677,337.24846330192014,19.516186283636348,65.13644386297312,8.014514564611439
2023-03-04 18:00:00,152.63308473840203,158.3769373975219,320.1716289216938,16.117513258071934,67.33325106807905,8.295530663006225
2023-03-04 19:00:00,160.8123054562144,164.63042676341027,323.6940695224607,18.867990305853468,65.76559681191509,8.144217691485318
2023-03-04 20:00:00,168.83577902175298,172.4973270427077,340.23398972469306,22.116982793836492,61.65234055781195,8.185277623988048
2023-03-04 21:00:00,159.40100237005998,168.20684131827068,326.981605989179,21.151140993571754,61.02495166341051,9.446869960110446
2023-03-04 22:00:00,172.45468940352652,175.21836577213094,353.6992417250944,22.731684300121895,61.068883313415775,9.597551297015398
2023-03-04 23:00:00,179.58690805025478,173.65718541117744,357.220053968635,25.238397890192104,60.55554269186722,9.056259375842922
2023-03-05 00:00:00,177.21940309015625,177.4333561069394,361.1757226835622,27.726928821807352,58.55516133315642,10.27659693243444
2023-03-05 01:00:00,178.68942929858244,170.51942769890607,352.07195013439014,26.32679982911876,53.833483350125356,8.830882879250298
2023-03-05 02:00:00,179.92170515764113,172.29494123066485,365.36179890026773,28.63541932658515,50.080420235798876,8.890571740522955
2023-03-05 03:00:00,172.7455435686624,164.5464321849735,380.48650266491836,32.564417143013316,48.833896031542466,10.206157820418953
2023-03-05 04:00:00,149.94054789391606,168.2650587516874,374.6303242841836,32.726565573697854,44.03509688118878,9.35800735641376
2023-03-05 05:00:00,143.4162466723153,172.4950341655807,394.46463924597276,35.959050649642265,44.18725161494062,8.137622053530077
2023-03-05 06:00:00,134.74817961725918,171.10753444163913,397.0125267461589,34.28000259674015,42.52203801679106,8.201166496750485
2023-03-05 07:00:00,147.7005810971361,178.7767983735105,411.8742416504974,32.06517836445256,42.21457061158918,7.720126003512974
2023-03-05 08:00:00,144.49675938568151,180.42000567726214,401.31430533889335,32.06679057139541,47.11003402665193,5.328070294515812
2023-03-05 09:00:00,157.6235075492609,183.68050769672374,404.299814022714,29.0184411030375,48.90452227197856,6.304808063588844
2023-03-05 10:00:00,169.73366227809504,187.3535560587124,398.5363997786725,30.38124009905155,52.704881612117944,6.665369262346862
2023-03-05 11:00:00,177.92666920608934,185.79589931996588,384.8404480098247,28.507673448992843,55.49496963265141,6.301483226974889
2023-03-05 12:00:00,191.41709043776623,183.34614718558143,381.6183003914753,26.154816716150695,58.13711983161708,6.672971795381295
2023-03-05 13:00:00,209.2669288867497,189.31408559518817,376.05518545703586,25.88926301029305,62.133996975359274,7.341748879629943
2023-03-05 14:00:00,199.3173629712738,182.51413549840717,370.1940057305444,24.104371513368438,63.90609718829968,6.4758868450656015
2023-03-05 15:00:00,194.9707790796755,176.48605138762093,349.9505699695519,20.805813165673904,67.58583490281956,6.198981470934134
2023-03-05 16:00:00,191.34425753560683,171.60325968609922,328.2562572778705,17.178282333457535,67.17470750788483,7.477396160957696
2023-03-05 17:00:00,185.3462739504482,173.7879086075636,355.5025857127497,19.68243231985537,70.96738406531604,7.383135098848811
2023-03-05 18:00:00,183.9738376054835,177.30564644491605,344.68956240065074,19.33651500351432,72.21145771878159,7.890755549424653
2023-03-05 19:00:00,179.3417898365135,170.60300503986585,339.861313388641,19.31492632525614,69.03153524137872,8.183986964246623
2023-03-05 20:00:00,179.72949631140958,175.20176376652086,360.90081056149216,20.92161446819595,69.58737188982332,10.319286460007625
2023-03-05 21:00:00,174.49464355813382,172.19964498194253,347.1628796128094,19.61837160731924,66.35599654017359,7.492167189081215
2023-03-05 22:00:00,178.26577069232735,181.80249784470536,373.52689122407685,25.08450223408931,64.23999649864325,9.027204373483823
2023-03-05 23:00:00,180.01431661844438,180.96868681100298,357.7607551703133,23.45310492851473,60.17881429887848,9.446306421479719
2023-03-06 00:00:00,194.01955269721037,183.24836954483146,373.54162200671817,27.575011552019546,62.475693730174775,8.953200255402056
2023-03-06 01:00:00,185.7243151188461,179.4934101853953,375.0065689139847,26.722651236510224,59.06626552175395,10.078766821923404
2023-03-06 02:00:00,192.9456772311261,189.71951064417303,390.2424430946215,29.56156917670326,55.139787125196676,9.868318480780447
2023-03-06 03:00:00,179.82440824265993,184.7442088233673,402.1172773102514,34.15535274176681,55.93389491540744,9.027231938837831
2023-03-06 04:00:00,163.89959925084185,174.84270392375026,392.4586411489976,33.29494749549083,49.387507044842806,8.56052837125939
2023-03-06 05:00:00,158.50094016024494,179.88621749051708,408.521292280793,35.41610434723846,55.38345975880231,8.309858783691672
2023-03-06 06:00:00,155.7844409622255,183.11451230837622,415.44519753809504,34.96610225602087,47.90524849361544,7.926649342446565
2023-03-06 07:00:00,154.06267145979086,182.8703775752074,415.95720737412444,34.28417641180567,49.46968899361404,7.556910312658286
2023-03-06 08:00:00,158.4584099868213,187.1758313694232,421.7736605340556,35.24850562787178,49.31782623578347,7.118400628938246
2023-03-06 09:00:00,176.5849565920205,195.4105014325817,412.8252121299829,32.057506705924226,52.99713483974434,7.116054348434849
2023-03-06 10:00:00,182.84494342022532,195.86788893970112,412.6746990584755,28.5487169741343,56.57178967606612,7.228210339702881
2023-03-06 11:00:00,190.00205577335112,188.10450091472268,403.0161534501287,27.793225229249746,57.43911035178696,5.689929157247408
2023-03-06 12:00:00,205.10057374843794,191.95895321904476,395.7821444269631,27.34894794664652,64.75835113675006,5.764535270536796
2023-03-06 13:00:00,207.87984918372672,192.38545505611583,394.20992791014254,25.092531949832978,64.52735580682338,5.327148639927924
2023-03-06 14:00:00,211.65475514339101,185.77914688993985,363.1030723764244,20.808957610437126,67.52805280679311,7.3074400745736545
2023-03-06 15:00:00,201.51620492420744,186.02313062654486,368.8549526631544,20.16431498203643,67.44775970566785,7.114566133453502
2023-03-06 16:00:00,205.69449669972227,190.4200661152531,354.53116992237244,19.065062765507015,72.29622559251088,7.603687261152875
2023-03-06 17:00:00,189.42214161070717,178.0255563328218,350.23032861374605,18.526311466999637,72.29205425841866,6.6111226654918145
2023-03-06 18:00:00,191.08372887968406,175.19579960079946,345.80039834753677,17.04213387428084,71.66187259545796,9.24946368601605
2023-03-06 19:00:00,184.64352233035243,179.8080726061134,342.310016654709,18.21272544534129,70.87867044627288,7.962032931951997
2023-03-06 20:00:00,192.86900914806125,183.45292654497916,358.2006414430524,18.892587391558667,77.25340706396514,8.86774406497786
2023-03-06 21:00:00,191.86347686695817,185.4090825070684,369.7430286069973,21.965053298582895,68.8679046832047,9.658729434254615
2023-03-06 22:00:00,195.1400980783166,187.68113499921373,376.9288962979018,23.667956254746695,63.72761703163195,8.608152276619409
2023-03-06 23:00:00,189.33507359932878,175.05337560524652,369.66400985306694,24.452427428725006,62.465140169218195,9.066461688474739
2023-03-07 00:00:00,200.01977006315846,182.42314334487202,365.1382590126733,26.228444853911554,60.73611822624372,9.625420252220612
2023-03-07 01:00:00,203.00646687303015,181.48481090261564,379.70643832768786,28.93829302545673,58.892393888260756,11.449119892258906
2023-03-07 02:00:00,188.74444396442564,187.66660315329307,398.2407338692266,29.72087885352157,55.953989182512146,9.509825425673046
2023-03-07 03:00:00,180.79977685952954,177.20083256439415,384.378537638431,30.98236083620027,53.6665706215201,10.185112977221337
2023-03-07 04:00:00,163.59555897756465,172.77627015069555,399.1031401965986,32.502577577795556,48.77424497184985,9.593971201634373
2023-03-07 05:00:00,159.31918887923703,176.74598419385603,396.2532351858478,33.66920393429992,49.65723259545461,8.645835593200017
2023-03-07 06:00:00,160.18631105267093,177.1071514636996,407.5477739970486,33.308336492644926,46.478482386371255,7.307562959858589
2023-03-07 07:00:00,151.8380503688261,179.1780050313346,417.99469739171855,34.6273136738667,47.35036788292809,8.35359895991895
2023-03-07 08:00:00,156.94927765849843,189.91148901036547,414.6977109001118,34.51022677993986,47.78488783339265,6.2013227608464
2023-03-07 09:00:00,175.33178752916368,191.1539089448693,423.55953709834523,30.45962878578738,48.98060834101481,8.05995241479416
2023-03-07 10:00:00,181.63601989263384,196.36122626612305,414.12569672102876,30.738373314047724,56.2986935213835,6.840965610076127
2023-03-07 11:00:00,197.9761572184633,192.94981730436498,409.077854323359,28.515773237155134,58.23670387952266,4.695954777457697
2023-03-07 12:00:00,195.6898712622745,188.01791332158086,390.06033740178117,27.119877829618147,61.83965270876016,6.261645733477713
2023-03-07 13:00:00,203.73969250720305,185.8755748357256,385.5110217027113,24.624910706528432,62.740147625356606,7.008874735212463
2023-03-07 14:00:00,202.2068609168612,187.38250646385325,373.55778647186696,20.96759124055892,67.10728816848199,6.535045183195482
2023-03-07 15:00:00,199.41984201000847,179.3102865806575,353.59917502064076,19.54110836059037,63.85308537114409,7.439843895915656
2023-03-07 16:00:00,182.36427662918908,178.0446928861831,353.31430244888185,19.820852825730466,71.37213381173817,6.6549830826013014
2023-03-07 17:00:00,188.37734299976876,182.57760599065023,345.9586068322581,20.221794859163975,70.89449800914862,6.6975837713948865
2023-03-07 18:00:00,178.92065278519217,172.46467034692654,340.54805363318576,16.058554724422592,72.12057993148056,7.949988217866681
2023-03-07 19:00:00,177.97478096944812,181.14905161056046,350.6488229657248,19.40395866195902,70.99008228681694,8.410324534756656
2023-03-07 20:00:00,175.94207923924637,173.71553042411028,348.15079892890543,21.216748961888015,66.60070385381405,8.50613095425633
2023-03-07 21:00:00,174.30269435287443,171.9537849763847,354.0413339582016,20.877831496191327,63.38178632747004,9.919763974429387
2023-03-07 22:00:00,184.00207074320437,184.09838877427285,362.87612607916407,23.379469405210187,62.43348083439772,8.703892943079303
2023-03-07 23:00:00,178.46310549277433,170.43916144185022,354.5311518449612,23.805899365995696,62.152258329669145,9.668104664566243
2023-03-08 00:00:00,187.1790321091164,180.47090554292856,369.34088986304397,26.577801999275643,59.12150354809121,9.547578979814539
2023-03-08 01:00:00,191.1809902322893,180.6006410937156,372.50863792374224,26.847402991905877,51.28405059444871,8.359187572938364
2023-03-08 02:00:00,183.54711042869604,180.40505062693677,373.3987279516272,27.909638897268877,49.033627537768155,8.375716977108688
2023-03-08 03:00:00,160.4591933384314,171.04875604096245,382.4140061027862,33.511926691851976,46.905274488422904,9.068997883153898
2023-03-08 04:00:00,150.97118179479682,166.7479088292165,379.00708960370446,32.47086401015169,45.590155068465336,10.136839999080907
2023-03-08 05:00:00,148.24312352888947,172.25717453450508,388.8029313138866,33.906327699984665,41.96529252727052,8.793717435982972
2023-03-08 06:00:00,138.11142226353132,170.93280629733297,392.57671639549227,33.06272220809428,41.20661171822962,6.792055622398853
2023-03-08 07:00:00,135.8701958173596,173.79148192431802,392.10532881015985,32.76279288432202,42.71632207541206,5.4344297867626805
2023-03-08 08:00:00,149.28442443678867,185.0833141349577,420.45748967562326,33.447843510451584,45.691707191338836,7.763137515103053
2023-03-08 09:00:00,153.27498862889354,179.466021804303,393.3820113723571,31.510501335826156,44.58919793492332,6.87199039017048
2023-03-08 10:00:00,171.4260818230891,183.6373707186451,399.93650984424454,31.183597711863992,49.19361283958033,7.4998480729806225
2023-03-08 11:00:00,172.15896422631587,182.91986064349774,387.5668037492674,29.34452236834718,54.44733481994008,5.934608716068374
2023-03-08 12:00:00,185.50364483616096,187.8301104676953,390.64983558253516,27.11683346587228,52.136084577690156,6.745148748500968
2023-03-08 13:00:00,181.2935006405562,171.62511415257387,358.1522587771094,24.94847105869889,57.42730070706908,7.1434326846859
2023-03-08 14:00:00,184.50836857529424,174.79741639566367,361.9519093040552,24.626911490579996,62.806084252732646,6.387737347578765
2023-03-08 15:00:00,186.59325947970567,166.7305517171339,342.82465858274315,19.79650864024967,61.893304058817996,6.641079929058386
