timestamp,time_segment,step_ahead,traffic_flow,aqi,electricity_demand,temperature,humidity
2026-01-01 00:00:00,future,3457,6082.606669954062,55.16037347925688,4728.466235297261,23.05,72.5
2026-01-01 01:00:00,future,3458,5327.6892384146395,53.80816014482722,4576.096897644511,22.5,73.8
2026-01-01 02:00:00,future,3459,5274.962289194895,53.5514369610593,4526.360351034692,22.15,74.6
2026-01-01 03:00:00,future,3460,5898.714440164102,54.36952997011989,4580.181506362199,22.03,74.9
2026-01-01 04:00:00,future,3461,7465.456595869577,56.64389780056995,4768.244360735391,22.15,74.6
2026-01-01 05:00:00,future,3462,10061.699854433162,60.49146555185614,5098.847158295288,22.5,73.8
2026-01-01 06:00:00,future,3463,14081.894285708124,66.45347915879417,5611.782734843447,23.05,72.5
2026-01-01 07:00:00,future,3464,17677.271670608206,71.9094980485304,6100.392594184523,23.78,70.9
2026-01-01 08:00:00,future,3465,19358.78402812064,74.72088096346515,6391.466672094583,24.62,68.9
2026-01-01 09:00:00,future,3466,17161.853477611017,72.09327513249205,6263.048877357242,25.53,66.9
2026-01-01 10:00:00,future,3467,14004.784030559593,68.10497169667065,6027.353633781017,26.43,64.8
2026-01-01 11:00:00,future,3468,12330.568966241834,66.18406784417772,5949.128231186202,27.28,62.9
2026-01-01 12:00:00,future,3469,11777.76821783903,65.77863034395217,5978.423336080619,28.0,61.2
2026-01-01 13:00:00,future,3470,11919.42856998323,66.27027760507191,6064.328823018575,28.56,59.9
2026-01-01 14:00:00,future,3471,12953.710560209029,67.9127247858784,6222.45299169937,28.91,59.1
2026-01-01 15:00:00,future,3472,14798.605279070083,70.57977837056534,6441.230674720866,29.03,58.9
2026-01-01 16:00:00,future,3473,17517.734574730457,74.35604924122464,6726.43258463363,28.91,59.1
2026-01-01 17:00:00,future,3474,20838.83209044757,78.86236972545825,7049.248565149113,28.56,59.9
2026-01-01 18:00:00,future,3475,22510.317919850462,80.93045683372593,7163.5586492947,28.0,61.2
2026-01-01 19:00:00,future,3476,20436.710427322458,77.62802592776674,6844.2440020113745,27.28,62.9
2026-01-01 20:00:00,future,3477,16821.20230763139,72.08108941721768,6338.354919553195,26.43,64.8
2026-01-01 21:00:00,future,3478,13474.945968676631,66.8882321175272,5855.9243443515015,25.53,66.9
2026-01-01 22:00:00,future,3479,10402.460198143595,62.07666608201855,5402.470027103758,24.62,68.9
2026-01-01 23:00:00,future,3480,8255.876585659587,58.60871234688159,5060.040736990552,23.78,70.9
2026-01-02 00:00:00,future,3481,6139.138438971424,56.46730491876932,4835.116632948574,23.32,69.9
2026-01-02 01:00:00,future,3482,5285.981148986075,54.90493452160205,4666.23880491771,22.77,71.2
2026-01-02 02:00:00,future,3483,5174.949832455078,54.555933089468276,4609.196792334832,22.42,72.0
2026-01-02 03:00:00,future,3484,5687.142017045646,55.258357823593855,4653.886080242653,22.3,72.3
2026-01-02 04:00:00,future,3485,7158.16230072922,57.51883028520951,4840.750135842424,22.42,72.0
2026-01-02 05:00:00,future,3486,9816.164679221984,61.672977932306196,5195.168085017491,22.77,71.2
2026-01-02 06:00:00,future,3487,13848.724435835022,67.9853399734357,5735.262453525529,23.32,69.9
2026-01-02 07:00:00,future,3488,17362.967794368615,73.61752009812275,6237.508781873528,24.05,68.3
2026-01-02 08:00:00,future,3489,18837.828743127284,76.26043835810144,6515.496749323555,24.89,66.4
2026-01-02 09:00:00,future,3490,16558.79057809212,73.33169780135322,6364.00751601165,25.8,64.3
2026-01-02 10:00:00,future,3491,13493.24983584091,69.22269915696022,6119.429455334055,26.7,62.2
2026-01-02 11:00:00,future,3492,11886.204602527849,67.26651618316468,6038.843608553613,27.55,60.3
2026-01-02 12:00:00,future,3493,11196.158181847228,66.61230245389991,6048.951553988888,28.27,58.6
2026-01-02 13:00:00,future,3494,11119.501208077862,66.79077281825545,6110.526718608351,28.83,57.4
2026-01-02 14:00:00,future,3495,12032.75105909015,68.33827974801486,6261.233120082729,29.18,56.6
2026-01-02 15:00:00,future,3496,13924.002436407807,71.22657275271898,6497.161971478941,29.3,56.3
2026-01-02 16:00:00,future,3497,16614.74102757773,75.18372139671554,6796.211148959708,29.18,56.6
2026-01-02 17:00:00,future,3498,19900.19331077037,79.90902838790456,7135.731353620814,28.83,57.4
2026-01-02 18:00:00,future,3499,21500.11047630867,82.00629167426777,7252.007022474102,28.27,58.6
2026-01-02 19:00:00,future,3500,19426.132132732208,78.53108339051774,6919.180666409595,27.55,60.3
2026-01-02 20:00:00,future,3501,15930.33855466034,72.86368238305222,6403.975892135331,26.7,62.2
2026-01-02 21:00:00,future,3502,12787.264442499018,67.69708003367747,5923.6565698607155,25.8,64.3
2026-01-02 22:00:00,future,3503,9932.972596340322,62.95668309845721,5475.795130244372,24.89,66.4
2026-01-02 23:00:00,future,3504,7954.401924078256,59.56122815816276,5138.995677640664,24.05,68.3
2026-01-03 00:00:00,future,3505,5672.623158651702,57.36662965129514,4706.560336734027,22.93,71.5
2026-01-03 01:00:00,future,3506,4787.961638292361,55.56962167617642,4524.982979217485,22.37,72.8
2026-01-03 02:00:00,future,3507,4514.465142054853,54.91910077462082,4446.9224227854875,22.02,73.6
2026-01-03 03:00:00,future,3508,4983.086966256965,55.64730148801043,4491.460499225362,21.9,73.8
2026-01-03 04:00:00,future,3509,6324.895919339778,57.98128442914075,4676.454088794385,22.02,73.6
2026-01-03 05:00:00,future,3510,8839.186699546348,62.42191082139188,5038.60904509842,22.37,72.8
2026-01-03 06:00:00,future,3511,12423.829206768933,68.78569801238672,5562.497824781826,22.93,71.5
2026-01-03 07:00:00,future,3512,15545.0686346066,74.45158876415616,6047.468561601437,23.65,69.8
2026-01-03 08:00:00,future,3513,16717.94827331959,76.88643281360851,6300.295750064344,24.49,67.9
2026-01-03 09:00:00,future,3514,14637.112788731103,73.85549044417394,6149.284671603462,25.4,65.8
2026-01-03 10:00:00,future,3515,11972.055362434294,69.83638829367663,5924.204240543324,26.31,63.8
2026-01-03 11:00:00,future,3516,10594.277846686296,67.95702119257166,5853.651715500179,27.15,61.8
2026-01-03 12:00:00,future,3517,10053.614855667876,67.43449694767293,5875.595436960266,27.88,60.2
2026-01-03 13:00:00,future,3518,10043.56537627916,67.71281103383805,5942.4991418775135,28.43,58.9
2026-01-03 14:00:00,future,3519,10874.56166074044,69.30629355553212,6091.241138768954,28.78,58.1
2026-01-03 15:00:00,future,3520,12610.001260462264,72.30606794650942,6326.14036364247,28.9,57.8
2026-01-03 16:00:00,future,3521,15012.248273218922,76.30482477320128,6615.829050939331,28.78,58.1
2026-01-03 17:00:00,future,3522,17824.734083081505,80.87397020434534,6929.018283717946,28.43,58.9
2026-01-03 18:00:00,future,3523,19074.214290714623,82.69204365453864,7019.253202119508,27.88,60.2
2026-01-03 19:00:00,future,3524,17153.1052060761,79.05069800404398,6685.198875300005,27.15,61.8
2026-01-03 20:00:00,future,3525,14071.457995668869,73.38734230330087,6190.372596757675,26.31,63.8
2026-01-03 21:00:00,future,3526,11323.13343785778,68.25018726054175,5729.1287556364405,25.4,65.8
2026-01-03 22:00:00,future,3527,8796.22284485762,63.487534370769296,5295.956419296465,24.49,67.9
2026-01-03 23:00:00,future,3528,7080.056671253347,60.13376916302787,4974.249787864294,23.65,69.8
2026-01-04 00:00:00,future,3529,5551.07053875653,52.70560825982894,4783.410072704926,22.98,71.8
2026-01-04 01:00:00,future,3530,4894.548783882715,51.473501045417045,4633.104522589725,22.42,73.1
2026-01-04 02:00:00,future,3531,4876.75233653552,51.272377990526806,4586.263924778135,22.07,73.9
2026-01-04 03:00:00,future,3532,5556.4415137076,52.19742678078938,4652.493621301862,21.95,74.2
2026-01-04 04:00:00,future,3533,7042.043242668229,54.41081395753879,4846.081253653783,22.07,73.9
2026-01-04 05:00:00,future,3534,9339.61753897671,57.916313702744645,5166.476683968184,22.42,73.1
2026-01-04 06:00:00,future,3535,13168.487275451382,63.74651486247134,5697.438235782341,22.98,71.8
2026-01-04 07:00:00,future,3536,16534.27946470822,68.98566799084205,6193.270890138909,23.7,70.2
2026-01-04 08:00:00,future,3537,18234.588637841032,71.87093390753392,6504.586590895511,24.54,68.3
2026-01-04 09:00:00,future,3538,16267.514296891744,69.47565257268913,6384.7870789413,25.45,66.2
2026-01-04 10:00:00,future,3539,13316.66847570664,65.6544640822986,6146.9429765373825,26.36,64.1
2026-01-04 11:00:00,future,3540,11753.505292535729,63.809557719892005,6066.668490463735,27.2,62.2
2026-01-04 12:00:00,future,3541,11205.637351943908,63.38114677614416,6094.170994530127,27.93,60.5
2026-01-04 13:00:00,future,3542,11230.72943516485,63.69303197539609,6167.432820052709,28.48,59.3
2026-01-04 14:00:00,future,3543,12016.027352354366,65.00659410757864,6306.367362949357,28.83,58.5
2026-01-04 15:00:00,future,3544,13611.218354934495,67.37882318263927,6513.104818387219,28.95,58.2
2026-01-04 16:00:00,future,3545,16050.728783282411,70.85460836336067,6790.498777174319,28.83,58.5
2026-01-04 17:00:00,future,3546,19386.464204756747,75.51419247895782,7146.054776507618,28.48,59.3
2026-01-04 18:00:00,future,3547,21029.74308081038,77.6204929424617,7272.98392069941,27.93,60.5
2026-01-04 19:00:00,future,3548,19123.836500174668,74.49233133027876,6951.0483961262635,27.2,62.2
2026-01-04 20:00:00,future,3549,15669.666137740098,69.0649677111206,6429.283592141811,26.36,64.1
2026-01-04 21:00:00,future,3550,12456.0029524879,63.95113655589389,5927.436663033009,25.45,66.2
2026-01-04 22:00:00,future,3551,9547.138174111296,59.2790891259472,5462.1630681102415,24.54,68.3
2026-01-04 23:00:00,future,3552,7685.545029173192,56.16005350349309,5131.494600191398,23.7,70.2
2026-01-05 00:00:00,future,3553,5508.366715377855,62.287689210572154,4467.329820722986,22.23,73.3
2026-01-05 01:00:00,future,3554,4784.733696787923,60.63163490477655,4312.594507543876,21.67,74.5
2026-01-05 02:00:00,future,3555,4641.912973689162,60.160032322475345,4252.824717729422,21.32,75.3
2026-01-05 03:00:00,future,3556,5037.572248653374,60.80789410605969,4285.4083394197905,21.2,75.6
2026-01-05 04:00:00,future,3557,6365.406130771833,63.29808487633814,4458.562243779631,21.32,75.3
2026-01-05 05:00:00,future,3558,8916.644674117511,68.15481754200292,4805.830665077812,21.67,74.5
2026-01-05 06:00:00,future,3559,12619.715692204823,75.2356877137487,5316.228662798218,22.23,73.3
2026-01-05 07:00:00,future,3560,15866.5046250007,81.5824954991866,5791.688740788612,22.95,71.6
2026-01-05 08:00:00,future,3561,17090.837664129594,84.32549391921211,6041.591167724198,23.8,69.7
2026-01-05 09:00:00,future,3562,14921.71297091353,80.92007255000658,5892.5113691079205,24.7,67.6
2026-01-05 10:00:00,future,3563,12235.611833870536,76.57941022016583,5682.939446379473,25.61,65.5
2026-01-05 11:00:00,future,3564,10972.48555685452,74.78731902785513,5634.687270056593,26.45,63.6
2026-01-05 12:00:00,future,3565,10498.734291894594,74.3659927087737,5667.238108689012,27.18,61.9
2026-01-05 13:00:00,future,3566,10404.099024843696,74.52613928388588,5723.074169122562,27.73,60.7
2026-01-05 14:00:00,future,3567,11052.503869905957,75.91828485679898,5843.196752352864,28.08,59.9
2026-01-05 15:00:00,future,3568,12492.407479418938,78.61252673851693,6029.728689787288,28.2,59.6
2026-01-05 16:00:00,future,3569,14919.735174153191,82.95955161251554,6304.837460312798,28.08,59.9
2026-01-05 17:00:00,future,3570,17957.37547595817,88.2787778482144,6624.726957379645,27.73,60.7
2026-01-05 18:00:00,future,3571,19299.03289275907,90.38914858015687,6717.750932139766,27.18,61.9
2026-01-05 19:00:00,future,3572,17458.71396855426,86.59712839589746,6408.963965810059,26.45,63.6
2026-01-05 20:00:00,future,3573,14346.965892451986,80.4236610478599,5934.976861697031,25.61,65.5
2026-01-05 21:00:00,future,3574,11529.584063399045,74.74384914145197,5487.584777663408,24.7,67.6
2026-01-05 22:00:00,future,3575,9090.78329136707,69.75938383497902,5086.605423710383,23.8,69.7
2026-01-05 23:00:00,future,3576,7527.882661176367,66.3999380044021,4796.2873686073235,22.95,71.6
2026-01-06 00:00:00,future,3577,6060.327119187677,56.860580983283675,4474.128370187571,22.72,71.4
2026-01-06 01:00:00,future,3578,5395.317230710833,55.59051813296387,4338.17344945103,22.17,72.7
2026-01-06 02:00:00,future,3579,5243.087648961623,55.17784036418361,4280.070972474664,21.82,73.5
2026-01-06 03:00:00,future,3580,5942.029689460835,56.13285440464019,4338.918521843891,21.7,73.8
2026-01-06 04:00:00,future,3581,7595.59407759818,58.61201869362567,4526.768509223466,21.82,73.5
2026-01-06 05:00:00,future,3582,10283.10058964037,62.72568235012256,4850.734903112417,22.17,72.7
2026-01-06 06:00:00,future,3583,14475.833448015122,69.14549936392825,5356.627417392699,22.72,71.4
2026-01-06 07:00:00,future,3584,17994.26477442653,74.67892164822939,5813.48012320492,23.45,69.8
2026-01-06 08:00:00,future,3585,19615.32767355805,77.50243089515305,6084.607337571497,24.29,67.9
2026-01-06 09:00:00,future,3586,17333.283926242293,74.66629331348396,5954.859797117853,25.2,65.8
2026-01-06 10:00:00,future,3587,14135.709013313404,70.48822590947744,5727.90035646147,26.1,63.7
2026-01-06 11:00:00,future,3588,12517.477716477402,68.58846955751875,5660.540265346804,26.95,61.8
2026-01-06 12:00:00,future,3589,11877.522793722992,68.04605671835559,5680.11638445533,27.67,60.1
2026-01-06 13:00:00,future,3590,11797.703899591424,68.23426338820023,5739.16818306924,28.23,58.9
2026-01-06 14:00:00,future,3591,12625.88438327627,69.63369125081108,5868.15481170648,28.58,58.1
2026-01-06 15:00:00,future,3592,14466.46866726428,72.38586634464994,6075.6167954945495,28.7,57.8
2026-01-06 16:00:00,future,3593,17049.07934851515,76.09065141534685,6331.99681834302,28.58,58.1
2026-01-06 17:00:00,future,3594,20438.34707739584,80.84783553085117,6645.276392569492,28.23,58.9
2026-01-06 18:00:00,future,3595,22103.053349446935,82.97324034431794,6752.425122633253,27.67,60.1
2026-01-06 19:00:00,future,3596,20207.382210734344,79.81415763564311,6466.948474682169,26.95,61.8
2026-01-06 20:00:00,future,3597,16621.43654221567,74.11687980335911,5988.568234323248,26.1,63.7
2026-01-06 21:00:00,future,3598,13326.35440912093,68.81699558243585,5534.669811761333,25.2,65.8
2026-01-06 22:00:00,future,3599,10273.660192898058,63.86550662050641,5104.98563343831,24.29,67.9
2026-01-06 23:00:00,future,3600,8224.27147416657,60.41672926391673,4788.9416769387635,23.45,69.8
2026-01-07 00:00:00,future,3601,6068.467251095897,55.45100893460975,4629.914957152821,23.26,71.4
2026-01-07 01:00:00,future,3602,5345.727333698149,54.11465414025701,4482.198117339727,22.7,72.6
2026-01-07 02:00:00,future,3603,5221.569272304935,53.75372980880095,4426.004241703129,22.35,73.4
2026-01-07 03:00:00,future,3604,5830.935766196843,54.57398350159929,4478.645999167867,22.23,73.7
2026-01-07 04:00:00,future,3605,7356.628814960779,56.8452873095837,4661.500659803546,22.35,73.4
2026-01-07 05:00:00,future,3606,9961.334856887324,60.798034989315106,4991.298223145815,22.7,72.6
2026-01-07 06:00:00,future,3607,13915.485209677128,66.81345890097084,5495.438651033896,23.26,71.4
2026-01-07 07:00:00,future,3608,17523.832751060734,72.4109704234766,5980.865375946777,23.98,69.7
2026-01-07 08:00:00,future,3609,19140.51676273328,75.19184333080605,6262.397665939935,24.83,67.8
2026-01-07 09:00:00,future,3610,16981.971004684012,72.53207665437158,6133.59458630816,25.73,65.7
2026-01-07 10:00:00,future,3611,13870.56740884015,68.49775126099202,5900.905842134256,26.64,63.6
2026-01-07 11:00:00,future,3612,12208.582855773053,66.52594993079728,5819.587721639718,27.48,61.7
2026-01-07 12:00:00,future,3613,11506.660862277757,65.88738430656029,5830.807293098609,28.21,60.1
2026-01-07 13:00:00,future,3614,11515.519995636358,66.1848670983735,5898.569034463576,28.76,58.8
2026-01-07 14:00:00,future,3615,12429.87738441621,67.68999682967375,6041.921655543607,29.11,58.0
2026-01-07 15:00:00,future,3616,14201.216291007837,70.31699483687413,6251.870979575728,29.23,57.7
2026-01-07 16:00:00,future,3617,16764.431524523257,73.96641352750865,6520.02165868815,29.11,58.0
2026-01-07 17:00:00,future,3618,20133.15971132391,78.66317422274382,6849.092073741382,28.76,58.8
2026-01-07 18:00:00,future,3619,21788.724311807775,80.77577020205506,6964.915763925385,28.21,60.1
2026-01-07 19:00:00,future,3620,19851.13917309256,77.59234027538372,6662.559358683928,27.48,61.7
2026-01-07 20:00:00,future,3621,16314.332872956506,72.0363136756706,6170.4524294678495,26.64,63.6
2026-01-07 21:00:00,future,3622,13041.3462312846,66.82606807120156,5698.9448724838,25.73,65.7
2026-01-07 22:00:00,future,3623,10026.106005199854,61.994213766050834,5257.080931857163,24.83,67.8
2026-01-07 23:00:00,future,3624,8028.337997668512,58.66153278860077,4933.515193041071,23.98,69.7
2026-01-08 00:00:00,future,3625,6036.081636290583,55.21195208345346,4728.755576847427,23.07,72.3
2026-01-08 01:00:00,future,3626,5287.3633097348265,53.86046002441898,4576.56763570375,22.52,73.6
2026-01-08 02:00:00,future,3627,5231.0441897875335,53.59800698665606,4526.419249295665,22.17,74.4
2026-01-08 03:00:00,future,3628,5827.931133482351,54.38447596434414,4577.715957213586,22.05,74.7
2026-01-08 04:00:00,future,3629,7374.882673419375,56.647316490608155,4764.707646172781,22.17,74.4
2026-01-08 05:00:00,future,3630,9980.046923877642,60.53514417292095,5098.161059836735,22.52,73.6
2026-01-08 06:00:00,future,3631,14010.30223043853,66.55416224993614,5615.0929834345825,23.07,72.3
2026-01-08 07:00:00,future,3632,17624.576042462562,72.07528345718049,6108.35964529126,23.8,70.7
2026-01-08 08:00:00,future,3633,19302.972573323103,74.90019985209292,6400.246398105677,24.64,68.7
2026-01-08 09:00:00,future,3634,17089.441598012574,72.22586472954538,6268.321747416109,25.55,66.7
2026-01-08 10:00:00,future,3635,13923.716464433171,68.19195707725385,6029.306426132568,26.45,64.6
2026-01-08 11:00:00,future,3636,12245.46007842326,66.24771548530904,5949.353990895919,27.3,62.7
2026-01-08 12:00:00,future,3637,11677.089297235132,65.81440158872641,5976.464287046393,28.02,61.0
2026-01-08 13:00:00,future,3638,11809.443896692594,66.29441262385926,6061.3971415048345,28.58,59.7
2026-01-08 14:00:00,future,3639,12831.652000956765,67.9307072462972,6218.904426165471,28.93,58.9
2026-01-08 15:00:00,future,3640,14679.560442946717,70.62161674730753,6439.347579993327,29.05,58.7
2026-01-08 16:00:00,future,3641,17407.820141698623,74.4396644787504,6727.547114699634,28.93,58.9
2026-01-08 17:00:00,future,3642,20745.21586002929,79.0042947259806,7054.61131890675,28.58,59.7
2026-01-08 18:00:00,future,3643,22418.781982613305,81.09295258225421,7170.407183998772,28.02,61.0
2026-01-08 19:00:00,future,3644,20346.283892369305,77.77000097197504,6849.763389620312,27.3,62.7
2026-01-08 20:00:00,future,3645,16722.353905393895,72.17262624239568,6340.375956014805,26.45,64.6
2026-01-08 21:00:00,future,3646,13377.42938276744,66.94604807677318,5855.73029208382,25.55,66.7
2026-01-08 22:00:00,future,3647,10311.217626331136,62.1106898090502,5400.809692500511,24.64,68.7
2026-01-08 23:00:00,future,3648,8168.598223372779,58.62548150005582,5057.324405174071,23.8,70.7
2026-01-09 00:00:00,future,3649,6050.931081605034,56.40212336175416,4836.794074394916,23.34,69.7
2026-01-09 01:00:00,future,3650,5205.800879210618,54.843269086500385,4667.994309097258,22.79,71.0
2026-01-09 02:00:00,future,3651,5088.999765437422,54.484576745062036,4610.137148089027,22.44,71.8
2026-01-09 03:00:00,future,3652,5598.872945805237,55.18881653387404,4655.036499751939,22.32,72.1
2026-01-09 04:00:00,future,3653,7073.716663011441,57.47010138864496,4843.77656084042,22.44,71.8
2026-01-09 05:00:00,future,3654,9733.932699095263,61.65474388886751,5201.042654960545,22.79,71.0
2026-01-09 06:00:00,future,3655,13767.492723447907,68.0098166169528,5745.182032729841,23.34,69.7
2026-01-09 07:00:00,future,3656,17283.031103703343,73.67976247299544,6251.024099654802,24.07,68.1
2026-01-09 08:00:00,future,3657,18752.47897598143,76.32937421138055,6529.864229522969,24.91,66.2
2026-01-09 09:00:00,future,3658,16468.776490452376,73.36988126163115,6375.707744950771,25.82,64.1
2026-01-09 10:00:00,future,3659,13404.947395201149,69.23164887420296,6128.455117933763,26.72,62.0
2026-01-09 11:00:00,future,3660,11799.76956282324,67.26146120397017,6046.612784273139,27.57,60.1
2026-01-09 12:00:00,future,3661,11112.219765706011,66.60365310709045,6056.410191756236,28.29,58.4
2026-01-09 13:00:00,future,3662,11036.554468240514,66.78262252394349,6118.074800362597,28.85,57.2
2026-01-09 14:00:00,future,3663,11950.066401088105,68.33977283541435,6269.720172741806,29.2,56.4
2026-01-09 15:00:00,future,3664,13841.918716233917,71.24834586778707,6507.550179128774,29.32,56.1
2026-01-09 16:00:00,future,3665,16534.512600471353,75.23595894748345,6809.397805921381,29.2,56.4
2026-01-09 17:00:00,future,3666,19816.255059826683,79.98955017770609,7151.614693562779,28.85,57.2
2026-01-09 18:00:00,future,3667,21412.07611369803,82.09728597225202,7268.901702011447,28.29,58.4
2026-01-09 19:00:00,future,3668,19334.987504377263,78.59636689594876,6933.653095649732,27.57,60.1
2026-01-09 20:00:00,future,3669,15839.066524468011,72.89319005154957,6414.997830712593,26.72,62.0
2026-01-09 21:00:00,future,3670,12697.781820509032,67.69733545336135,5931.789027247942,25.82,64.1
2026-01-09 22:00:00,future,3671,9845.060274588335,62.93032567391587,5481.289454416212,24.91,66.2
2026-01-09 23:00:00,future,3672,7868.466609267313,59.51783623500336,5142.748494968408,24.07,68.1
2026-01-10 00:00:00,future,3673,5589.064376201013,57.28700343040388,4706.3811157549435,22.94,71.3
2026-01-10 01:00:00,future,3674,4705.598113711172,55.48663969314009,4525.182433845081,22.39,72.6
2026-01-10 02:00:00,future,3675,4433.085439827287,54.834543979222964,4446.921860398255,22.04,73.4
2026-01-10 03:00:00,future,3676,4902.236914814167,55.56952123930937,4492.036298522134,21.92,73.6
2026-01-10 04:00:00,future,3677,6243.868190980425,57.9198253048051,4678.495517775525,22.04,73.4
2026-01-10 05:00:00,future,3678,8756.529185023712,62.38877192163735,5043.239568733114,22.39,72.6
2026-01-10 06:00:00,future,3679,12340.378837789993,68.79015278291918,5569.7793235071385,22.94,71.3
2026-01-10 07:00:00,future,3680,15460.582974285857,74.49812818578735,6059.350494904319,23.67,69.6
2026-01-10 08:00:00,future,3681,16633.093038718205,76.94656347167216,6313.48212910892,24.51,67.7
2026-01-10 09:00:00,future,3682,14553.36553328357,73.89126687536847,6160.380305705046,25.42,65.6
2026-01-10 10:00:00,future,3683,11888.816889338506,69.83416443132889,5931.247793594466,26.32,63.6
2026-01-10 11:00:00,future,3684,10510.82603843282,67.9423232106394,5860.446503061291,27.17,61.6
2026-01-10 12:00:00,future,3685,9970.08202763568,67.40726920691465,5880.593586390555,27.89,60.0
2026-01-10 13:00:00,future,3686,9959.651192426729,67.68994176386464,5948.715682834466,28.45,58.7
2026-01-10 14:00:00,future,3687,10790.267308273747,69.29295559655412,6098.349840532599,28.8,57.9
2026-01-10 15:00:00,future,3688,12525.23673275823,72.31344433377399,6335.111479297139,28.92,57.6
2026-01-10 16:00:00,future,3689,14926.546249834446,76.34050681034222,6627.321768180913,28.8,57.9
2026-01-10 17:00:00,future,3690,17739.113658507504,80.94488924686962,6943.599566366202,28.45,58.7
2026-01-10 18:00:00,future,3691,18989.605680413857,82.77508065411429,7034.063862570577,27.89,60.0
2026-01-10 19:00:00,future,3692,17069.729593100652,79.11763545647578,6699.238060785132,27.17,61.6
2026-01-10 20:00:00,future,3693,13988.488112263309,73.4116650507857,6199.766225235624,26.32,63.6
2026-01-10 21:00:00,future,3694,11240.405039527344,68.24651731208252,5736.699233087709,25.42,65.6
2026-01-10 22:00:00,future,3695,8713.533819600803,63.45291375028801,5300.681840383511,24.51,67.7
2026-01-10 23:00:00,future,3696,6997.201816443787,60.07789372036331,4977.003025418397,23.67,69.6
2026-01-11 00:00:00,future,3697,5467.7051361120375,52.62947986336124,4782.929765393206,22.99,71.6
2026-01-11 01:00:00,future,3698,4810.8319719565825,51.39559886438257,4633.179624010669,22.44,72.9
2026-01-11 02:00:00,future,3699,4792.609693858338,51.19382426236129,4586.247604140719,22.09,73.7
2026-01-11 03:00:00,future,3700,5471.129344284254,52.12394566801938,4652.994946443375,21.97,74.0
2026-01-11 04:00:00,future,3701,6955.960579345299,54.350866547386055,4847.954547617696,22.09,73.7
2026-01-11 05:00:00,future,3702,9254.46935405024,57.88033104939224,5170.739557070719,22.44,72.9
2026-01-11 06:00:00,future,3703,13083.395395156427,63.74328314823262,5704.222299827936,22.99,71.6
2026-01-11 07:00:00,future,3704,16449.324194079563,69.02066335103473,6204.697673795601,23.72,70.0
2026-01-11 08:00:00,future,3705,18149.21022350017,71.92179508339774,6517.684186365074,24.56,68.1
2026-01-11 09:00:00,future,3706,16181.599040243966,69.50587552024297,6395.9482569852025,25.47,66.0
2026-01-11 10:00:00,future,3707,13230.925587707774,65.65033874308065,6154.01045067946,26.37,63.9
2026-01-11 11:00:00,future,3708,11668.198215159056,63.795246916437705,6073.586919717845,27.22,62.0
2026-01-11 12:00:00,future,3709,11120.269711356064,63.35601355138032,6099.313488979106,27.94,60.3
2026-01-11 13:00:00,future,3710,11145.105051377026,63.67254816513552,6173.882080728055,28.5,59.1
2026-01-11 14:00:00,future,3711,11930.079572621406,64.99326711871309,6313.570383133615,28.85,58.3
2026-01-11 15:00:00,future,3712,13525.272337822196,67.3812418611533,6521.880744429226,28.97,58.0
2026-01-11 16:00:00,future,3713,15965.285485463395,70.88196311393376,6801.72115554629,28.85,58.3
2026-01-11 17:00:00,future,3714,19301.306607261835,75.57513566023671,7160.561862492773,28.5,59.1
2026-01-11 18:00:00,future,3715,20944.49063270112,77.69279131322266,7287.778497876197,27.94,60.3
2026-01-11 19:00:00,future,3716,19038.196135832568,74.5505040650595,6965.157326622494,27.22,62.0
2026-01-11 20:00:00,future,3717,15583.725537814393,69.08384968230067,6438.635606813845,26.37,63.9
2026-01-11 21:00:00,future,3718,12370.01277185917,63.94351432260399,5934.849413154667,25.47,66.0
2026-01-11 22:00:00,future,3719,9461.26840261702,59.24322320568348,5466.678214887018,24.56,68.1
2026-01-11 23:00:00,future,3720,7599.911528725839,56.10645226785819,5134.1580975516545,23.72,70.0
2026-01-12 00:00:00,future,3721,5422.87591343346,62.19359439378313,4466.863721968024,22.24,73.1
2026-01-12 01:00:00,future,3722,4699.203598660443,60.53401229211018,4312.545238561117,21.69,74.3
2026-01-12 02:00:00,future,3723,4555.938338301741,60.05984580443032,4252.548589552922,21.34,75.1
2026-01-12 03:00:00,future,3724,4951.300983076413,60.712578464179764,4285.506154900196,21.22,75.4
2026-01-12 04:00:00,future,3725,6278.842159704223,63.220131057249795,4460.033470773919,21.34,75.1
2026-01-12 05:00:00,future,3726,8830.179262819105,68.11137169489427,4810.028025677509,21.69,74.3
2026-01-12 06:00:00,future,3727,12533.25473732336,75.2360086365047,5323.1483777825115,22.24,73.1
2026-01-12 07:00:00,future,3728,15780.016967933669,81.63234879984113,5803.298511620405,22.97,71.4
2026-01-12 08:00:00,future,3729,17004.119192663962,84.38500054021634,6053.298594106357,23.81,69.5
2026-01-12 09:00:00,future,3730,14834.885553927914,80.95560524926304,5903.19667208846,24.72,67.4
2026-01-12 10:00:00,future,3731,12148.90472615774,76.5783517548198,5690.864213573897,25.63,65.3
2026-01-12 11:00:00,future,3732,10885.946735067371,74.76904267921982,5641.35402331058,26.47,63.4
2026-01-12 12:00:00,future,3733,10412.232610862338,74.33495407849618,5672.235502126621,27.19,61.7
2026-01-12 13:00:00,future,3734,10317.49113203448,74.49937681677885,5729.215759996785,27.75,60.5
2026-01-12 14:00:00,future,3735,10965.775593572303,75.8998891132328,5850.03057405245,28.1,59.7
2026-01-12 15:00:00,future,3736,12405.63845545702,78.61347094663516,6038.0845019369945,28.22,59.4
2026-01-12 16:00:00,future,3737,14833.11119847342,82.99365925179096,6315.763866100905,28.1,59.7
2026-01-12 17:00:00,future,3738,17870.83462773901,88.35431158587329,6638.845513300082,27.75,60.5
2026-01-12 18:00:00,future,3739,19212.50670908515,90.47710670936311,6732.029904634613,27.19,61.7
2026-01-12 19:00:00,future,3740,17372.072107542168,86.66640230425362,6422.461439624126,26.47,63.4
2026-01-12 20:00:00,future,3741,14260.266292682069,80.45117665611063,5945.130063125659,25.63,65.3
2026-01-12 21:00:00,future,3742,11442.905980087404,74.7337704074626,5494.709285712214,24.72,67.4
2026-01-12 22:00:00,future,3743,9004.17804869023,69.71088135453611,5089.886233292629,23.81,69.5
2026-01-12 23:00:00,future,3744,7441.310955561481,66.33684053574937,4799.08956796302,22.97,71.4
2026-01-13 00:00:00,future,3745,5973.809759990789,56.782730738772834,4474.907633015312,22.74,71.2
2026-01-13 01:00:00,future,3746,5308.762960237074,55.50119578222972,4337.167935059904,22.18,72.5
2026-01-13 02:00:00,future,3747,5156.5399479382895,55.08727163237818,4278.922050231025,21.83,73.3
2026-01-13 03:00:00,future,3748,5855.381423755246,56.05421357633522,4339.531365859352,21.72,73.6
2026-01-13 04:00:00,future,3749,7508.702735399334,58.54308726996509,4527.516589442745,21.83,73.3
2026-01-13 05:00:00,future,3750,10196.00316036997,62.68156662998609,4853.688828956219,22.18,72.5
2026-01-13 06:00:00,future,3751,14388.717938095177,69.145978480712,5364.259438169416,22.74,71.2
2026-01-13 07:00:00,future,3752,17907.200372339204,74.71222321617911,5824.048663253718,23.47,69.6
2026-01-13 08:00:00,future,3753,19528.334823734025,77.55067104015417,6096.561245751624,24.31,67.7
2026-01-13 09:00:00,future,3754,17246.326329749194,74.69264664943135,5964.991411672152,25.22,65.6
2026-01-13 10:00:00,future,3755,14048.813677075535,70.48412003176067,5735.45959319678,26.12,63.5
2026-01-13 11:00:00,future,3756,12430.60186475016,68.56873192286845,5666.817815015131,26.97,61.6
2026-01-13 12:00:00,future,3757,11790.689484004744,68.01999456597622,5685.911588141441,27.69,59.9
2026-01-13 13:00:00,future,3758,11710.863800226882,68.20715714730835,5744.927469530183,28.25,58.7
2026-01-13 14:00:00,future,3759,12538.97085281782,69.6140953215669,5874.605945016764,28.6,57.9
2026-01-13 15:00:00,future,3760,14379.47630254062,72.38341787262047,6083.578727209108,28.72,57.6
2026-01-13 16:00:00,future,3761,16962.075609166983,76.1125548096433,6342.073458171611,28.6,57.9
2026-01-13 17:00:00,future,3762,20351.442157430025,80.90196125006742,6658.129823840978,28.25,58.7
2026-01-13 18:00:00,future,3763,22016.199762884513,83.04339282413935,6766.621660392303,27.69,59.9
2026-01-13 19:00:00,future,3764,20120.5148857471,79.8668112102845,6479.546591366709,26.97,61.6
2026-01-13 20:00:00,future,3765,16534.52015698051,74.1361390882219,5998.168050401208,26.12,63.5
2026-01-13 21:00:00,future,3766,13239.40820909876,68.80565176383463,5541.509682783233,25.22,65.6
2026-01-13 22:00:00,future,3767,10186.75256965979,63.82594662672163,5109.271442367463,24.31,67.7
2026-01-13 23:00:00,future,3768,8137.441842119619,60.358418928413535,4791.505918773316,23.47,69.6
2026-01-14 00:00:00,future,3769,5981.684543281604,55.37195650817399,4630.099118273546,23.28,71.2
2026-01-14 01:00:00,future,3770,5258.9212181452785,54.029000394128246,4481.7291436244295,22.72,72.4
2026-01-14 02:00:00,future,3771,5134.808175534899,53.66714695724377,4425.418909048205,22.37,73.2
2026-01-14 03:00:00,future,3772,5744.075861682932,54.4931050243074,4478.575746339556,22.25,73.5
2026-01-14 04:00:00,future,3773,7269.700922924883,56.77873148558319,4662.755895275152,22.37,73.2
2026-01-14 05:00:00,future,3774,9874.42703988697,60.75605332123649,4994.837000206134,22.72,72.4
2026-01-14 06:00:00,future,3775,13828.550970067705,66.8086847463413,5502.438785610767,23.28,71.2
2026-01-14 07:00:00,future,3776,17436.88441127907,72.44005458275996,5991.033187219147,24.0,69.5
2026-01-14 08:00:00,future,3777,19053.53806027284,75.23578501111429,6274.002020164494,24.85,67.6
2026-01-14 09:00:00,future,3778,16894.96517196097,72.555012467171,6143.350441066878,25.75,65.5
2026-01-14 10:00:00,future,3779,13783.59486236304,68.49071762836833,5907.990588189657,26.66,63.4
2026-01-14 11:00:00,future,3780,12121.65122966286,66.50275548461202,5825.261644039357,27.5,61.5
2026-01-14 12:00:00,future,3781,11419.74698304449,65.85716788711198,5835.899628478888,28.23,59.9
2026-01-14 13:00:00,future,3782,11428.583827639684,66.15441311215842,5903.687431654242,28.78,58.6
2026-01-14 14:00:00,future,3783,12342.90833192526,67.66799174051728,6047.845829575095,29.13,57.8
2026-01-14 15:00:00,future,3784,14114.221552327272,70.31170620212623,6259.339241585843,29.25,57.5
2026-01-14 16:00:00,future,3785,16677.456157205408,73.98555123711395,6529.719459417276,29.13,57.8
2026-01-14 17:00:00,future,3786,20046.203648834704,78.7145066060932,6861.712100252926,28.78,58.6
2026-01-14 18:00:00,future,3787,21701.764716881826,80.84310445925748,6978.956161067875,28.23,59.9
2026-01-14 19:00:00,future,3788,19764.155049043915,77.64162729502668,6674.88222846326,27.5,61.5
2026-01-14 20:00:00,future,3789,16227.322682265589,72.05242614284874,6179.660908229706,26.66,63.4
2026-01-14 21:00:00,future,3790,12954.33031080136,66.81157712091782,5705.268292485004,25.75,65.5
2026-01-14 22:00:00,future,3791,9939.105163611615,61.951591498109565,5260.746418680097,24.85,67.6
2026-01-14 23:00:00,future,3792,7941.384107971862,58.600459189157874,4935.4141508721605,24.0,69.5
2026-01-15 00:00:00,future,3793,5949.1994468279645,55.13343134680135,4729.095897143129,23.09,72.1
2026-01-15 01:00:00,future,3794,5200.45500506067,53.77011187026156,4574.980583848141,22.53,73.4
2026-01-15 02:00:00,future,3795,5144.166086374324,53.50734445026368,4524.768858921493,22.18,74.2
2026-01-15 03:00:00,future,3796,5740.994714865099,54.299228392282934,4576.563593283425,22.06,74.5
2026-01-15 04:00:00,future,3797,7287.828494301064,56.57595837930513,4764.872555196853,22.18,74.2
2026-01-15 05:00:00,future,3798,9892.966566537452,60.487357219384556,5100.5714448714125,22.53,73.4
2026-01-15 06:00:00,future,3799,13923.221831486648,66.54810003230465,5622.236646199191,23.09,72.1
2026-01-15 07:00:00,future,3800,17537.50712583637,72.0966766094415,6117.382366543184,23.81,70.5
2026-01-15 08:00:00,future,3801,19215.923318579164,74.94176250159549,6412.006868674541,24.66,68.5
2026-01-15 09:00:00,future,3802,17002.384841052808,72.24161300602735,6276.980355868108,25.56,66.5
2026-01-15 10:00:00,future,3803,13836.65837386325,68.18362909415417,6036.557274801641,26.47,64.4
2026-01-15 11:00:00,future,3804,12158.430020733873,66.21853363317184,5953.961952524113,27.31,62.5
2026-01-15 12:00:00,future,3805,11590.117970379835,65.78500328414954,5981.884902982462,28.04,60.8
2026-01-15 13:00:00,future,3806,11722.488292540376,66.2659943670337,6066.962431289104,28.6,59.5
2026-01-15 14:00:00,future,3807,12744.686459147331,67.91144338904083,6225.362077893488,28.95,58.7
2026-01-15 15:00:00,future,3808,14592.555035835354,70.61389378561776,6446.1343477917835,29.06,58.5
2026-01-15 16:00:00,future,3809,17320.844324763755,74.46213052895499,6737.920591869917,28.95,58.7
2026-01-15 17:00:00,future,3810,20658.2774847322,79.05741482612446,7067.827122599206,28.6,59.5
2026-01-15 18:00:00,future,3811,22331.856224199277,81.16160713086595,7185.027267949762,28.04,60.8
2026-01-15 19:00:00,future,3812,20259.315149774415,77.81480404059137,6861.312128275856,27.31,62.5
2026-01-15 20:00:00,future,3813,16635.343659325627,72.1898964141466,6350.027660467863,26.47,64.4
2026-01-15 21:00:00,future,3814,13290.3752259666,66.92793844259367,5861.21189069552,25.56,66.5
2026-01-15 22:00:00,future,3815,10224.14047869026,62.07018814951033,5404.870536022828,24.66,68.5
2026-01-15 23:00:00,future,3816,8081.570461033078,58.56067445982467,5058.25788100406,23.81,70.5
2026-01-16 00:00:00,future,3817,5963.978230337269,56.31921124566468,4836.421899268986,23.36,69.5
2026-01-16 01:00:00,future,3818,5118.804216780398,54.746861613997176,4665.552558863012,22.8,70.8
2026-01-16 02:00:00,future,3819,5001.971999555601,54.387131626868396,4607.572727638876,22.45,71.6
2026-01-16 03:00:00,future,3820,5511.82771960376,55.10175549359372,4654.20249767808,22.34,71.9
2026-01-16 04:00:00,future,3821,6986.6820281043565,57.39259335823767,4843.0620154134895,22.45,71.6
2026-01-16 05:00:00,future,3822,9646.931877415249,61.60384031770427,5202.822760765067,22.8,70.8
2026-01-16 06:00:00,future,3823,13680.479839934967,68.00436925570068,5751.998201105149,23.36,69.5
2026-01-16 07:00:00,future,3824,17195.959721160925,73.70917715194616,6261.132458094938,24.09,67.9
2026-01-16 08:00:00,future,3825,18665.35058818965,76.37303123421631,6541.36019978247,24.93,66.0
2026-01-16 09:00:00,future,3826,16381.640293528872,73.39009724005525,6385.099475306688,25.84,63.9
2026-01-16 10:00:00,future,3827,13317.863435548375,69.22067927725598,6135.022000307847,26.74,61.8
2026-01-16 11:00:00,future,3828,11712.729379300816,67.23397965697512,6051.712526052962,27.59,59.9
2026-01-16 12:00:00,future,3829,11025.199386921133,66.5689140819692,6060.891870955855,28.31,58.2
2026-01-16 13:00:00,future,3830,10949.53614176114,66.74683273778469,6122.502273233662,28.87,57.0
2026-01-16 14:00:00,future,3831,11863.06018032647,68.31299930571954,6275.010971085496,29.22,56.2
2026-01-16 15:00:00,future,3832,13754.919202840149,71.2405337753488,6514.609321118361,29.34,55.9
2026-01-16 16:00:00,future,3833,16447.54884765884,75.25532591734982,6818.968504201957,29.22,56.2
2026-01-16 17:00:00,future,3834,19729.26369505223,80.04204200951862,7164.232177672884,28.87,57.0
2026-01-16 18:00:00,future,3835,21325.06045157598,82.16607327548412,7282.988253502273,28.31,58.2
2026-01-16 19:00:00,future,3836,19247.931367797144,78.6445942499406,6945.777313344006,27.59,59.9
2026-01-16 20:00:00,future,3837,15752.008137167191,72.90672340667471,6423.837491678999,26.74,61.8
2026-01-16 21:00:00,future,3838,12610.724790986304,67.6797707580523,5937.673809502339,25.84,63.9
2026-01-16 22:00:00,future,3839,9757.998923451523,62.884559784412694,5484.487473129815,24.93,66.0
2026-01-16 23:00:00,future,3840,7781.393802249643,59.45262723798671,5144.077880317309,24.09,67.9
2026-01-17 00:00:00,future,3841,5502.080115680461,57.19492958849732,4705.292671131971,22.96,73.1
2026-01-17 01:00:00,future,3842,4618.582408592218,55.38355032287988,4523.0939161663955,22.41,74.4
2026-01-17 02:00:00,future,3843,4346.110528627923,54.72825030924891,4444.528556133431,22.06,75.2
2026-01-17 03:00:00,future,3844,4815.300380515147,55.46935856506659,4490.17042278722,21.94,75.4
2026-01-17 04:00:00,future,3845,6156.9702649838655,57.83679888234824,4678.135991620822,22.06,75.2
2026-01-17 05:00:00,future,3846,8669.610344104236,62.33760471798307,5045.691126819008,22.41,74.4
2026-01-17 06:00:00,future,3847,12253.445736939231,68.78442354382081,5576.243179973582,22.96,73.1
2026-01-17 07:00:00,future,3848,15373.556159860898,74.53167019832038,6069.301013963155,23.69,71.4
2026-01-17 08:00:00,future,3849,16546.03297778459,76.9945310465669,6324.751963255741,24.53,69.5
2026-01-17 09:00:00,future,3850,14466.328449515771,73.91216350726027,6169.3428933653195,25.44,67.4
2026-01-17 10:00:00,future,3851,11801.834422930213,69.82057851218597,5937.253426589009,26.34,65.4
2026-01-17 11:00:00,future,3852,10423.883468791826,67.91069653704312,5864.930440096292,27.19,63.4
2026-01-17 12:00:00,future,3853,9883.177171334231,67.36837196790171,5884.489274185777,27.91,61.8
2026-01-17 13:00:00,future,3854,9872.755028842868,67.6505943794787,5952.609588310564,28.47,60.5
2026-01-17 14:00:00,future,3855,10703.409899738232,69.26407956071343,6103.182566838866,28.82,59.7
2026-01-17 15:00:00,future,3856,12438.37558071874,72.30665725197684,6341.884711546632,28.94,59.4
2026-01-17 16:00:00,future,3857,14839.687494768285,76.3644747806368,6636.777290957793,28.82,59.7
2026-01-17 17:00:00,future,3858,17652.20758547744,81.00491755477019,6956.187018834432,28.47,60.5
2026-01-17 18:00:00,future,3859,18902.68585541362,82.85139380943488,7048.038416475546,27.91,61.8
2026-01-17 19:00:00,future,3860,16982.791313085003,79.16981462947832,6711.053201755777,27.19,63.4
2026-01-17 20:00:00,future,3861,13901.57706787414,73.42502775349004,6208.127798922198,26.34,65.4
2026-01-17 21:00:00,future,3862,11153.494478370923,68.22530377584862,5741.975365854874,25.44,67.4
2026-01-17 22:00:00,future,3863,8626.610393686655,63.39993325452156,5303.117894492948,24.53,69.5
2026-01-17 23:00:00,future,3864,6910.258828447965,60.00344898102125,4977.505141723366,23.69,71.4
2026-01-18 00:00:00,future,3865,5380.850476130938,52.54058220656335,4781.294399702501,23.01,71.4
2026-01-18 01:00:00,future,3866,4723.939914330513,51.30046480087104,4630.901979160351,22.46,72.7
2026-01-18 02:00:00,future,3867,4705.766263836721,51.098782943048136,4583.956239588477,22.11,73.5
2026-01-18 03:00:00,future,3868,5384.335368576068,52.03575846472014,4651.364320706232,21.99,73.8
2026-01-18 04:00:00,future,3869,6869.197714546068,54.27734484052774,4847.762678039577,22.11,73.5
2026-01-18 05:00:00,future,3870,9167.630167990974,57.82923395593507,5172.7606541896275,22.46,72.7
2026-01-18 06:00:00,future,3871,12996.570495122782,63.72976847188416,5709.946876207937,23.01,71.4
2026-01-18 07:00:00,future,3872,16362.420218335688,69.03990999674649,6213.668169715062,23.74,69.8
2026-01-18 08:00:00,future,3873,18062.311715894284,71.95738235988934,6528.302254282838,24.58,67.9
2026-01-18 09:00:00,future,3874,16094.738081897764,69.52152903136403,6404.675629690156,25.49,65.8
2026-01-18 10:00:00,future,3875,13144.093186030786,65.63632595791809,6159.896392232433,26.39,63.7
2026-01-18 11:00:00,future,3876,11581.392293503342,63.76532402528994,6077.9715594401105,27.24,61.8
2026-01-18 12:00:00,future,3877,11033.50176316367,63.320311344437975,6103.177704411722,27.96,60.1
2026-01-18 13:00:00,future,3878,11058.371273746892,63.63681934404687,6177.777728595502,28.52,58.9
2026-01-18 14:00:00,future,3879,11843.38346225926,64.96515754111529,6318.230911407789,28.87,58.1
2026-01-18 15:00:00,future,3880,13438.568088125669,67.36883187917694,6528.081845540705,28.99,57.8
2026-01-18 16:00:00,future,3881,15878.569537978838,70.89374321704094,6810.277038764411,28.87,58.1
2026-01-18 17:00:00,future,3882,19214.545979517516,75.62005372868575,7172.332651890536,28.52,58.9
2026-01-18 18:00:00,future,3883,20857.721410933016,77.75427468292574,7301.132183158708,27.96,60.1
2026-01-18 19:00:00,future,3884,18951.417007450073,74.59352925062913,6976.6642221752245,27.24,61.8
2026-01-18 20:00:00,future,3885,15496.98153831304,69.09324217457741,6446.8049957313515,26.39,63.7
2026-01-18 21:00:00,future,3886,12283.27863967633,63.921647531600456,5939.910480591685,25.49,65.8
2026-01-18 22:00:00,future,3887,9374.54169234744,59.193116239112946,5468.925185856354,24.58,67.9
2026-01-18 23:00:00,future,3888,7513.184270311696,56.03841452668052,5134.602125031176,23.74,69.8
2026-01-19 00:00:00,future,3889,5336.217179072515,62.09021291889157,4465.410174606422,22.26,72.9
2026-01-19 01:00:00,future,3890,4612.499547093732,60.4212073850245,4310.34163958495,21.71,74.1
2026-01-19 02:00:00,future,3891,4469.324009058121,59.94551976710659,4250.2067277827255,21.36,74.9
2026-01-19 03:00:00,future,3892,4864.717782163128,60.60369511439076,4283.571769069277,21.24,75.2
2026-01-19 04:00:00,future,3893,6192.218575579036,63.12890382472674,4459.45352173636,21.36,74.9
2026-01-19 05:00:00,future,3894,8743.501028067874,68.05403908121681,4812.054763828563,21.71,74.1
2026-01-19 06:00:00,future,3895,12446.626345006312,75.22808195733056,5328.974521828547,22.26,72.9
2026-01-19 07:00:00,future,3896,15693.391424890902,81.66749796098948,5812.4527268337215,22.99,71.2
2026-01-19 08:00:00,future,3897,16917.543899854547,84.43610150441096,6063.7176656746815,23.83,69.3
2026-01-19 09:00:00,future,3898,14748.32886530342,80.97702468797591,5911.404888569079,24.74,67.2
2026-01-19 10:00:00,future,3899,12062.326184227775,76.55704915339787,5695.106558941655,25.64,65.1
2026-01-19 11:00:00,future,3900,10799.37793333436,74.73628122354837,5645.532630093573,26.49,63.2
2026-01-19 12:00:00,future,3901,10325.711203097757,74.2954404967656,5675.94037672889,27.21,61.5
2026-01-19 13:00:00,future,3902,10230.98248490192,74.45823927355914,5732.829327521317,27.77,60.3
2026-01-19 14:00:00,future,3903,10879.276851229288,75.86723253677536,5854.311287157756,28.12,59.5
2026-01-19 15:00:00,future,3904,12319.112597058214,78.60000200188654,6043.836201222011,28.24,59.2
2026-01-19 16:00:00,future,3905,14746.602767688595,83.0128721524009,6324.000822964349,28.12,59.5
2026-01-19 17:00:00,future,3906,17784.35597972267,88.41457138575467,6650.192013571912,27.77,60.3
2026-01-19 18:00:00,future,3907,19126.032771951377,90.55575260674597,6744.7458102279925,27.21,61.5
2026-01-19 19:00:00,future,3908,17285.569982726025,86.72078727860615,6433.285356044422,26.49,63.2
2026-01-19 20:00:00,future,3909,14173.74178242226,80.45830166467347,5951.539513813665,25.64,65.1
2026-01-19 21:00:00,future,3910,11356.355066207503,74.7096909081081,5499.447211977886,24.74,67.2
2026-01-19 22:00:00,future,3911,8917.617140052236,69.65467505838681,5092.1207619054685,23.83,69.3
2026-01-19 23:00:00,future,3912,7354.753199058673,66.26023595773205,4799.719069998294,22.99,71.2
2026-01-20 00:00:00,future,3913,5887.333292448244,56.69452540679915,4474.1315810375045,22.76,71.0
2026-01-20 01:00:00,future,3914,5222.28201353434,55.40716641670369,4335.857280197269,22.2,72.3
2026-01-20 02:00:00,future,3915,5070.091407688014,54.9920775811081,4277.487910255892,21.85,73.1
2026-01-20 03:00:00,future,3916,5768.945486178267,55.96009462192194,4337.440383090287,21.73,73.4
2026-01-20 04:00:00,future,3917,7422.243221679353,58.46951438552476,4527.928618982207,21.85,73.1
2026-01-20 05:00:00,future,3918,10109.58386291134,62.63258580682294,4856.223071060254,22.2,72.3
2026-01-20 06:00:00,future,3919,14302.293816278963,69.1352587213836,5370.097846886659,22.76,71.0
2026-01-20 07:00:00,future,3920,17820.70622854436,74.72794362670406,5831.453635896681,23.48,69.4
2026-01-20 08:00:00,future,3921,19441.790394980617,77.58621047377292,6106.456506598738,24.33,67.5
2026-01-20 09:00:00,future,3922,17159.74334816504,74.7012179160487,5971.904803558747,25.23,65.4
2026-01-20 10:00:00,future,3923,13962.374726680591,70.46843900732094,5741.100766899257,26.14,63.3
2026-01-20 11:00:00,future,3924,12344.277442029725,68.53244744455398,5670.0134846572355,26.98,61.4
2026-01-20 12:00:00,future,3925,11704.439756138563,67.9829790134625,5689.832544312735,27.71,59.7
2026-01-20 13:00:00,future,3926,11624.63115006957,68.16370110030442,5747.594643891555,28.26,58.5
2026-01-20 14:00:00,future,3927,12452.752122819236,69.57808986250807,5877.932361764379,28.61,57.7
2026-01-20 15:00:00,future,3928,14293.229495866324,72.36423724070109,6088.350179075031,28.73,57.4
2026-01-20 16:00:00,future,3929,16875.901234393656,76.11730277407244,6348.878408578069,28.61,57.7
2026-01-20 17:00:00,future,3930,20265.219402132057,80.93800394113414,6667.584175514012,28.26,58.5
2026-01-20 18:00:00,future,3931,21929.902272315063,83.10037045240901,6778.568426228498,27.71,59.7
2026-01-20 19:00:00,future,3932,20034.12491607671,79.90116882875115,6488.774773763673,26.98,61.4
2026-01-20 20:00:00,future,3933,16448.131417813947,74.1433981460783,6005.76679047205,26.14,63.3
2026-01-20 21:00:00,future,3934,13153.03230351459,68.77766979791625,5545.298175655303,25.23,65.4
2026-01-20 22:00:00,future,3935,10100.41915142562,63.775865421709376,5111.852493033076,24.33,67.5
2026-01-20 23:00:00,future,3936,8051.148895635528,60.28456542711946,4791.259355985686,23.48,69.4
2026-01-21 00:00:00,future,3937,5895.508658195893,55.27756124654073,4627.435736824467,23.29,71.0
2026-01-21 01:00:00,future,3938,5172.728366274981,53.93339536070354,4479.678221243389,22.74,72.2
2026-01-21 02:00:00,future,3939,5048.693732533075,53.57071253441098,4423.273390275726,22.39,73.0
2026-01-21 03:00:00,future,3940,5658.072612274503,54.40252643828935,4476.948024064222,22.27,73.3
2026-01-21 04:00:00,future,3941,7183.775509510074,56.70228014134353,4662.402773679376,22.39,73.0
2026-01-21 05:00:00,future,3942,9788.458547102964,60.70338013247537,4996.640486577222,22.74,72.2
2026-01-21 06:00:00,future,3943,13742.573798413676,66.78701033068246,5506.307857200758,23.29,71.0
2026-01-21 07:00:00,future,3944,17350.849058202104,72.45635164967156,5999.104909604456,24.02,69.3
2026-01-21 08:00:00,future,3945,18967.531289761733,75.26139309427481,6282.204542929322,24.86,67.4
2026-01-21 09:00:00,future,3946,16809.01216117479,72.5654221255282,6150.983814961078,25.77,65.3
2026-01-21 10:00:00,future,3947,13697.656926618558,68.47190717680631,5913.045342987834,26.68,63.2
2026-01-21 11:00:00,future,3948,12035.7056981294,66.46811064189616,5828.9376842256925,27.52,61.3
2026-01-21 12:00:00,future,3949,11333.820572977766,65.8104880515058,5837.781665149593,28.24,59.7
2026-01-21 13:00:00,future,3950,11342.65976854174,66.11266663256903,5906.792358307125,28.8,58.4
2026-01-21 14:00:00,future,3951,12257.004259912836,67.63451290462673,6051.71197638532,29.15,57.6
2026-01-21 15:00:00,future,3952,14028.298143144788,70.29447987191936,6264.672942241971,29.27,57.3
2026-01-21 16:00:00,future,3953,16591.486920264804,73.99198625217583,6537.174489868682,29.15,57.6
2026-01-21 17:00:00,future,3954,19960.20452857413,78.7521937517682,6871.958277074696,28.8,58.4
2026-01-21 18:00:00,future,3955,21615.76120512184,80.8912182451825,6989.360096510087,28.24,59.7
2026-01-21 19:00:00,future,3956,19678.167083340613,77.67746326212513,6684.894162538818,27.52,61.3
2026-01-21 20:00:00,future,3957,16141.360529410273,72.05613665502425,6186.740403316737,26.68,63.2
2026-01-21 21:00:00,future,3958,12868.366340679317,66.78559723313923,5709.63106893115,25.77,65.3
2026-01-21 22:00:00,future,3959,9853.130156973246,61.893116688280635,5261.390658196925,24.86,67.4
2026-01-21 23:00:00,future,3960,7855.42128071367,58.52921576073524,4935.616000622417,24.02,69.3
2026-01-22 00:00:00,future,3961,5863.328861457768,55.042517155181685,4727.17502087822,23.11,71.9
2026-01-22 01:00:00,future,3962,5114.563538131946,53.67290250207624,4572.456335403679,22.55,73.2
2026-01-22 02:00:00,future,3963,5058.3240329863875,53.40992409544907,4522.208897895697,22.2,74.0
2026-01-22 03:00:00,future,3964,5655.2403830126605,54.20727569912043,4574.4997686804745,22.08,74.3
2026-01-22 04:00:00,future,3965,7202.061636018978,56.497566683809374,4764.062078645815,22.2,74.0
2026-01-22 05:00:00,future,3966,9807.14418934931,60.43166432419368,5101.866070446763,22.55,73.2
2026-01-22 06:00:00,future,3967,13837.429163025625,66.52767824026402,5626.800758107656,23.11,71.9
2026-01-22 07:00:00,future,3968,17451.71522587737,72.1077146811338,6124.872840402062,23.83,70.3
2026-01-22 08:00:00,future,3969,19130.18854813851,74.96717555019859,6420.856178962916,24.68,68.3
2026-01-22 09:00:00,future,3970,16916.68191689705,72.24698284891758,6284.024119983266,25.58,66.3
2026-01-22 10:00:00,future,3971,13750.926050759268,68.1604572014359,6041.015125754499,26.49,64.2
2026-01-22 11:00:00,future,3972,12072.691847980364,66.18002578439605,5957.045522180644,27.33,62.3
2026-01-22 12:00:00,future,3973,11504.443512421436,65.74112346140078,5984.504863080312,28.06,60.6
2026-01-22 13:00:00,future,3974,11636.8490134002,66.21779076316446,6068.4324214296,28.61,59.3
2026-01-22 14:00:00,future,3975,12659.077971246184,67.87209158249985,6227.661303950335,28.96,58.5
2026-01-22 15:00:00,future,3976,14506.914075356628,70.59593668905671,6451.183646659219,29.08,58.3
2026-01-22 16:00:00,future,3977,17235.191825513,74.46310533606372,6743.931434008919,28.96,58.5
2026-01-22 17:00:00,future,3978,20572.635508077532,79.08807624140125,7076.554116540251,28.61,59.3
2026-01-22 18:00:00,future,3979,22246.227291110124,81.21260141799321,7196.376395366152,28.06,60.6
2026-01-22 19:00:00,future,3980,20173.66594145284,77.84792421693982,6870.984965566354,27.33,62.3
2026-01-22 20:00:00,future,3981,16549.681678754205,72.19152754287397,6356.766433104488,26.49,64.2
2026-01-22 21:00:00,future,3982,13204.669213328923,66.90054096355911,5865.240553341157,25.58,66.3
2026-01-22 22:00:00,future,3983,10138.396526087392,62.01622485843086,5406.416026352718,24.68,68.3
2026-01-22 23:00:00,future,3984,7995.856211583401,58.48836455135914,5058.077363149381,23.83,70.3
2026-01-23 00:00:00,future,3985,5878.362627090779,56.227264456368864,4834.531780455747,23.38,69.3
2026-01-23 01:00:00,future,3986,5033.152158364421,54.64696468642797,4662.913629591994,22.82,70.6
2026-01-23 02:00:00,future,3987,4916.419660876616,54.286446359145096,4604.843923329941,22.47,71.4
2026-01-23 03:00:00,future,3988,5426.350157802479,55.00097708134196,4650.673098353598,22.35,71.7
2026-01-23 04:00:00,future,3989,6901.287078294219,57.31141509293268,4842.10558666765,22.47,71.4
2026-01-23 05:00:00,future,3990,9561.517055546608,61.54826303459636,5204.212951792257,22.82,70.6
2026-01-23 06:00:00,future,3991,13595.047703398512,67.98761221535723,5756.9478172105255,23.38,69.3
2026-01-23 07:00:00,future,3992,17110.455978308994,73.72081654955213,6267.916124418645,24.1,67.7
2026-01-23 08:00:00,future,3993,18579.853939539687,76.40369829829127,6550.699999169611,24.95,65.8
2026-01-23 09:00:00,future,3994,16296.178172667092,73.39292549419389,6391.161484870922,25.85,63.7
2026-01-23 10:00:00,future,3995,13232.430283448764,69.19852828045173,6139.637297271849,26.76,61.6
2026-01-23 11:00:00,future,3996,11627.303113923355,67.19056843185834,6053.646520607019,27.6,59.7
2026-01-23 12:00:00,future,3997,10939.798377805577,66.5236857462935,6063.4789435421135,28.33,58.0
2026-01-23 13:00:00,future,3998,10864.171007017403,66.69539675916333,6123.764035584738,28.88,56.8
2026-01-23 14:00:00,future,3999,11777.747234045506,68.27031729105803,6277.084672479192,29.23,56.0
2026-01-23 15:00:00,future,4000,13669.61939265517,71.21617107311965,6518.355627197545,29.35,55.7
2026-01-23 16:00:00,future,4001,16362.252050948238,75.2571737477337,6825.09469516033,29.23,56.0
2026-01-23 17:00:00,future,4002,19643.913187459515,80.0758600351977,7173.252890673169,28.88,56.8
2026-01-23 18:00:00,future,4003,21239.677613316828,82.22086147491008,7294.677792467933,28.33,58.0
2026-01-23 19:00:00,future,4004,19162.527043347713,78.67436658813642,6954.371550112189,27.6,59.7
2026-01-23 20:00:00,future,4005,15666.6230529204,72.9082758207905,6430.609188039679,26.76,61.6
2026-01-23 21:00:00,future,4006,12525.337215496123,67.64610538145891,5940.412991631838,25.85,63.7
2026-01-23 22:00:00,future,4007,9672.588701226612,62.82888790389947,5485.967640883502,24.95,65.8
2026-01-23 23:00:00,future,4008,7695.959065603784,59.37297721511194,5142.551690807109,24.1,67.7
2026-01-24 00:00:00,future,4009,5416.768203279951,57.094888573351305,4702.861747295669,22.98,72.9
2026-01-24 01:00:00,future,4010,4533.264061499867,55.267544949196704,4518.4905261977865,22.42,74.2
2026-01-24 02:00:00,future,4011,4260.937128007195,54.60933207020743,4439.658636955385,22.07,75.0
2026-01-24 03:00:00,future,4012,4730.23607706548,55.35649928560932,4485.813440348452,21.95,75.2
2026-01-24 04:00:00,future,4013,6071.99852418915,57.74061510229643,4675.21254280116,22.07,75.0
2026-01-24 05:00:00,future,4014,8584.592177525836,62.27219703547124,5045.422502995796,22.42,74.2
2026-01-24 06:00:00,future,4015,12168.42036327378,68.76833812714638,5581.008695020032,22.98,72.9
2026-01-24 07:00:00,future,4016,15288.423599578218,74.54818967227249,6076.113420443466,23.7,71.2
2026-01-24 08:00:00,future,4017,16460.875607627993,77.03036350536503,6334.036266249947,24.55,69.3
2026-01-24 09:00:00,future,4018,14381.211110545357,73.91647010278925,6175.177509531493,25.45,67.2
2026-01-24 10:00:00,future,4019,11716.758571739709,69.79684508986182,5941.499217268919,26.36,65.2
2026-01-24 11:00:00,future,4020,10338.83103528679,67.8641186948713,5866.469133272169,27.2,63.2
2026-01-24 12:00:00,future,4021,9798.167930793796,67.32011658973737,5886.693260185485,27.93,61.6
2026-01-24 13:00:00,future,4022,9787.770912975506,67.60192589941981,5954.800112760375,28.49,60.3
2026-01-24 14:00:00,future,4023,10618.495240064472,69.22559488465537,6106.259405663966,28.84,59.5
2026-01-24 15:00:00,future,4024,12353.463127984936,72.28420045054662,6345.560042517708,28.95,59.2
2026-01-24 16:00:00,future,4025,14754.758336137083,76.37709757600135,6644.238366476487,28.84,59.5
2026-01-24 17:00:00,future,4026,17567.209916333046,81.05239500098604,6966.6251377943245,28.49,60.3
2026-01-24 18:00:00,future,4027,18817.674191576643,82.91463313774086,7059.806404227324,27.93,61.6
2026-01-24 19:00:00,future,4028,16897.779261008105,79.20438762824321,6719.5522347429305,27.2,63.2
2026-01-24 20:00:00,future,4029,13816.60996879516,73.4274393167444,6214.614308405467,26.36,65.2
2026-01-24 21:00:00,future,4030,11068.529865755572,68.18892127733376,5744.316906087943,25.45,67.2
2026-01-24 22:00:00,future,4031,8541.626912010854,63.338166697594566,5304.027032134918,24.55,69.3
2026-01-24 23:00:00,future,4032,6825.246330361035,59.915553011511484,4975.358655402361,23.7,71.2
2026-01-25 00:00:00,future,4033,5295.956053193109,52.44422955043678,4778.393395145062,23.03,71.2
2026-01-25 01:00:00,future,4034,4639.02242583278,51.19316752967026,4626.132978492477,22.47,72.5
2026-01-25 02:00:00,future,4035,4620.91043367864,50.99160566204317,4579.1850197014355,22.12,73.3
2026-01-25 03:00:00,future,4036,5299.604194848661,51.93527308933209,4647.228414809057,22.0,73.6
2026-01-25 04:00:00,future,4037,6784.547840007499,54.19099973219882,4844.986082163788,22.12,73.3
2026-01-25 05:00:00,future,4038,9082.861049067526,57.76431983934932,5172.054870955589,22.47,72.5
2026-01-25 06:00:00,future,4039,12911.818009117487,63.70588712283547,5713.9957255216805,23.03,71.2
2026-01-25 07:00:00,future,4040,16277.5774481974,69.0424184001761,6219.477909867168,23.75,69.6
2026-01-25 08:00:00,future,4041,17977.499680652913,71.98057624339125,6536.924742418109,24.6,67.7
2026-01-25 09:00:00,future,4042,16009.9971419261,69.52064184591276,6410.220468790361,25.5,65.6
2026-01-25 10:00:00,future,4043,13059.369892732911,65.6119439885571,6164.0179367388255,26.41,63.5
2026-01-25 11:00:00,future,4044,11496.678557462244,63.72064610808932,6079.377598482384,27.25,61.6
2026-01-25 12:00:00,future,4045,10948.8386689025,63.27508936502295,6105.355146031635,27.98,59.9
2026-01-25 13:00:00,future,4046,10973.763284822304,63.591592814388804,6179.973779345066,28.54,58.7
2026-01-25 14:00:00,future,4047,11758.83944225534,64.92727290128752,6321.142650293279,28.89,57.9
2026-01-25 15:00:00,future,4048,13354.020219876216,67.3410146869564,6531.165060435086,29.0,57.6
2026-01-25 16:00:00,future,4049,15793.990011613118,70.89409375862033,6816.857553998286,28.89,57.9
2026-01-25 17:00:00,future,4050,19129.900453337126,75.65216119613001,7181.948471887614,28.54,58.7
2026-01-25 18:00:00,future,4051,20773.064821425905,77.80227899684891,7312.253187992295,27.98,59.9
2026-01-25 19:00:00,future,4052,18866.759058450396,74.61886398066721,6984.7858807876855,27.25,61.6
2026-01-25 20:00:00,future,4053,15412.372394770777,69.09135427701887,6453.082344291028,26.41,63.5
2026-01-25 21:00:00,future,4054,12198.67503042515,63.8847985538155,5942.002705656891,25.5,65.6
2026-01-25 22:00:00,future,4055,9289.929934095357,59.134172751800286,5469.66399803634,24.6,67.7
2026-01-25 23:00:00,future,4056,7428.553833687733,55.95727132510913,5132.382691596752,23.75,69.6
2026-01-26 00:00:00,future,4057,5251.693622857887,61.97723051562996,4462.093646170996,22.28,72.7
2026-01-26 01:00:00,future,4058,4527.946977527356,60.293211621485916,4305.129127985464,21.72,73.9
2026-01-26 02:00:00,future,4059,4384.939782312022,59.8222807105081,4246.113603876814,21.38,74.7
2026-01-26 03:00:00,future,4060,4780.419310717738,60.48582123059919,4279.874808754192,21.26,75.0
2026-01-26 04:00:00,future,4061,6107.920679533527,63.02810501365439,4457.028133810011,21.38,74.7
2026-01-26 05:00:00,future,4062,8659.120006876474,67.9797825633617,4810.836660183284,21.72,73.9
2026-01-26 06:00:00,future,4063,12362.30190766053,75.2074183176733,5332.521522850726,22.28,72.7
2026-01-26 07:00:00,future,4064,15609.06199109176,81.68824739186385,5819.089437620259,23.01,71.0
2026-01-26 08:00:00,future,4065,16833.29865268453,84.47218965764613,6071.504641430764,23.85,69.1
2026-01-26 09:00:00,future,4066,14664.116907546617,80.98442151651905,5917.068860188495,24.76,67.0
2026-01-26 10:00:00,future,4067,11978.075308366086,76.52894517985999,5698.1420608995295,25.66,64.9
2026-01-26 11:00:00,future,4068,10715.116480623126,74.69116998745461,5647.314129891947,26.51,63.0
2026-01-26 12:00:00,future,4069,10241.501311748274,74.24374450380716,5677.24045463335,27.23,61.3
2026-01-26 13:00:00,future,4070,10146.802155719315,74.40494126739976,5734.016914002961,27.79,60.1
2026-01-26 14:00:00,future,4071,10795.128344376302,75.82210714025189,5856.110709683518,28.14,59.3
2026-01-26 15:00:00,future,4072,12234.937782285528,78.57335431803756,6047.011954776495,28.26,59.0
2026-01-26 16:00:00,future,4073,14662.42681064775,83.01770601815373,6329.516676888596,28.14,59.3
2026-01-26 17:00:00,future,4074,17700.1974938022,88.458990494032,6658.647494469895,27.79,60.1
2026-01-26 18:00:00,future,4075,19041.877807280827,90.6179601969186,6754.517210738781,27.23,61.3
2026-01-26 19:00:00,future,4076,17201.402250768904,86.75972663403014,6441.317079331967,26.51,63.0
2026-01-26 20:00:00,future,4077,14089.561915914372,80.45763359025506,5956.614575603235,25.66,64.9
2026-01-26 21:00:00,future,4078,11272.14696784734,74.67323159806715,5501.849082341338,24.76,67.0
2026-01-26 22:00:00,future,4079,8833.392148396762,69.58734982239244,5092.215478920411,23.85,69.1
2026-01-26 23:00:00,future,4080,7270.527067791045,66.17334647052482,4798.347898050292,23.01,71.0
2026-01-27 00:00:00,future,4081,5803.220166170151,56.59464931368578,4470.975248631512,22.78,72.8
2026-01-27 01:00:00,future,4082,5138.173670912169,55.3018799345598,4332.246189337162,22.22,74.1
2026-01-27 02:00:00,future,4083,4986.02573567227,54.88577918012134,4273.789162499627,21.87,74.9
2026-01-27 03:00:00,future,4084,5684.913927933645,55.86006470835207,4334.261875656826,21.75,75.2
2026-01-27 04:00:00,future,4085,7338.234860445158,58.38392924086821,4525.9529317769975,21.87,74.9
2026-01-27 05:00:00,future,4086,10025.674970431606,62.57045685986406,4856.200771884692,22.22,74.1
2026-01-27 06:00:00,future,4087,14218.374270606231,69.10946848159018,5373.104636565683,22.78,72.8
2026-01-27 07:00:00,future,4088,17736.676296339494,74.73231174038297,5836.978008975153,23.5,71.2
2026-01-27 08:00:00,future,4089,19357.67667646845,77.6040408950418,6113.109385082696,24.35,69.3
2026-01-27 09:00:00,future,4090,17075.573941948714,74.69828550191474,5976.837475744651,25.25,67.2
2026-01-27 10:00:00,future,4091,13878.37761819855,70.43704816801906,5743.669009943934,26.16,65.1
2026-01-27 11:00:00,future,4092,12260.422939773976,68.48645586299676,5671.370651686199,27.0,63.2
2026-01-27 12:00:00,future,4093,11620.670060095452,67.9309614214188,5690.6924311413095,27.73,61.5
2026-01-27 13:00:00,future,4094,11540.88666171372,68.1106135970949,5748.369344232294,28.28,60.3
2026-01-27 14:00:00,future,4095,12369.044451971336,69.53206030079035,5879.296625229895,28.63,59.5
2026-01-27 15:00:00,future,4096,14209.50640619725,72.33423655720206,6091.049751905326,28.75,59.2
2026-01-27 16:00:00,future,4097,16792.275853132425,76.1101859579481,6353.480102691959,28.63,59.5
2026-01-27 17:00:00,future,4098,20181.506085272136,80.96073948219447,6674.66928065743,28.28,60.3
2026-01-27 18:00:00,future,4099,21846.081806479662,83.13795315742333,6786.886787852813,27.73,61.5
2026-01-27 19:00:00,future,4100,19950.190936163697,79.92249788000804,6495.736505222012,27.0,63.2
2026-01-27 20:00:00,future,4101,16364.21077530492,74.13392074535754,6010.157670364862,26.16,65.1
2026-01-27 21:00:00,future,4102,13069.13460708275,68.74000319825552,5547.335339467347,25.25,67.2
2026-01-27 22:00:00,future,4103,10016.563779605673,63.712157599691125,5111.714478264702,24.35,69.3
2026-01-27 23:00:00,future,4104,7967.321110227869,60.203556589391106,4789.674263234778,23.5,71.2
2026-01-28 00:00:00,future,4105,5811.842773976236,55.178423542242555,4623.964728144385,23.31,70.8
2026-01-28 01:00:00,future,4106,5089.056935232848,53.828292601001635,4475.6806252182005,22.76,72.0
2026-01-28 02:00:00,future,4107,4965.118895737049,53.46490967517222,4419.2109479899345,22.41,72.8
2026-01-28 03:00:00,future,4108,5574.676057283052,54.30241906426311,4473.382283673699,22.29,73.1
2026-01-28 04:00:00,future,4109,7100.502633082364,56.615660995778725,4660.020354459695,22.41,72.8
2026-01-28 05:00:00,future,4110,9705.111628408697,60.63926533913658,4996.237830677462,22.76,72.0
2026-01-28 06:00:00,future,4111,13659.221953556184,66.75720438661646,5508.92169842041,23.31,70.8
2026-01-28 07:00:00,future,4112,17267.422318807206,72.45758962689077,6004.450519065202,24.04,69.1
2026-01-28 08:00:00,future,4113,18884.15346642383,75.27630150984922,6288.75428174945,24.88,67.2
2026-01-28 09:00:00,future,4114,16725.714409562293,72.56086536551246,6155.826853736772,25.79,65.1
2026-01-28 10:00:00,future,4115,13614.367052534595,68.4342588113814,5914.224895453977,26.69,63.0
2026-01-28 11:00:00,future,4116,11952.39094475435,66.42040698421229,5829.999577402965,27.54,61.1
2026-01-28 12:00:00,future,4117,11250.529187967852,65.75615295907092,5838.264200199874,28.26,59.5
2026-01-28 13:00:00,future,4118,11259.38289073346,66.05803701026767,5907.251533864491,28.82,58.2
2026-01-28 14:00:00,future,4119,12173.768688890465,67.58772287074825,6052.860812692044,29.17,57.4
2026-01-28 15:00:00,future,4120,13945.046486411102,70.26312723117906,6267.178668608122,29.29,57.1
2026-01-28 16:00:00,future,4121,16508.16985091512,73.98311679758658,6541.655661587258,29.17,57.4
2026-01-28 17:00:00,future,4122,19876.840420828154,78.77306579800711,6879.051026765142,28.82,58.2
2026-01-28 18:00:00,future,4123,21532.394550950565,80.92700974895632,6997.7606654768615,28.26,59.5
2026-01-28 19:00:00,future,4124,19594.82982226497,77.69679912153667,6691.845220361119,27.54,61.1
2026-01-28 20:00:00,future,4125,16058.064625683082,72.03992613061106,6189.80316829081,26.69,63.0
2026-01-28 21:00:00,future,4126,12785.067950072076,66.74645514071719,5711.436125072366,25.79,65.1
2026-01-28 22:00:00,future,4127,9769.809984477552,61.828119218312146,5260.920452230081,24.88,67.2
2026-01-28 23:00:00,future,4128,7772.097185118861,58.44727022558744,4933.652999307219,24.04,69.1
2026-01-29 00:00:00,future,4129,5780.127481209905,54.94192786773474,4723.243620201609,23.13,71.7
2026-01-29 01:00:00,future,4130,5031.352321895671,53.56645313452247,4568.000381475627,22.57,73.0
2026-01-29 02:00:00,future,4131,4975.1818066357755,53.30336397662922,4517.743438674634,22.22,73.8
2026-01-29 03:00:00,future,4132,5572.250375669669,54.10601649304682,4570.509301627323,22.1,74.1
2026-01-29 04:00:00,future,4133,7119.10518348189,56.40920156912635,4761.230743048635,22.22,73.8
2026-01-29 05:00:00,future,4134,9724.10897403858,60.36470916366627,5100.96097123063,22.57,73.0
2026-01-29 06:00:00,future,4135,13754.43876908036,66.49407382575698,5628.893318643289,23.13,71.7
2026-01-29 07:00:00,future,4136,17368.721487789055,72.10379399999285,6129.633160336637,23.85,70.1
2026-01-29 08:00:00,future,4137,19047.273308863623,74.9767735342287,6426.827701447842,24.7,68.1
2026-01-29 09:00:00,future,4138,16833.816443406056,72.23747615366686,6288.271548345232,25.6,66.1
2026-01-29 10:00:00,future,4139,13668.015278357105,68.12373800917787,6042.810443301559,26.51,64.0
2026-01-29 11:00:00,future,4140,11989.75679073721,66.12861507149786,5957.515375413024,27.35,62.1
2026-01-29 12:00:00,future,4141,11421.575383302625,65.68451662067544,5984.502653974495,28.08,60.4
2026-01-29 13:00:00,future,4142,11554.02616397676,66.16194878019142,6068.495733295912,28.63,59.1
2026-01-29 14:00:00,future,4143,12576.30502401085,67.82461016535288,6228.474468929049,28.98,58.3
2026-01-29 15:00:00,future,4144,14424.111043805851,70.56377424972081,6453.375209921028,29.1,58.1
2026-01-29 16:00:00,future,4145,17152.356554091093,74.45379897910374,6748.180753103654,28.98,58.3
2026-01-29 17:00:00,future,4146,20489.80055671733,79.10693754554269,7083.339660499755,28.63,59.1
2026-01-29 18:00:00,future,4147,22163.409052639017,81.24588937442337,7204.462356092313,28.08,60.4
2026-01-29 19:00:00,future,4148,20090.84129264589,77.86441358825141,6877.562821687654,27.35,62.1
2026-01-29 20:00:00,future,4149,16466.857289876632,72.178336615041,6360.677445505768,26.51,64.0
2026-01-29 21:00:00,future,4150,13121.80122385759,66.85999086790302,5866.694644354974,25.6,66.1
2026-01-29 22:00:00,future,4151,10055.485500867677,61.95063981161679,5405.622280341461,24.7,68.1
2026-01-29 23:00:00,future,4152,7912.965993160262,58.40552418408077,5055.734512151842,23.85,70.1
2026-01-30 00:00:00,future,4153,5795.598004959074,56.124182427550096,4830.23997013217,23.4,69.1
2026-01-30 01:00:00,future,4154,4950.359313567789,54.53648797521512,4657.970644108675,22.84,70.4
2026-01-30 02:00:00,future,4155,4833.797704631641,54.17542022292072,4599.853480787613,22.49,71.2
2026-01-30 03:00:00,future,4156,5343.854323808242,54.89492190817732,4646.124655753235,22.37,71.5
2026-01-30 04:00:00,future,4157,6818.913455608945,57.219016872714114,4838.769669916481,22.49,71.2
2026-01-30 05:00:00,future,4158,9479.08972119102,61.47997663056109,5203.020478129026,22.84,70.4
2026-01-30 06:00:00,future,4159,13512.599363283563,67.9559556977406,5759.010272380535,23.4,69.1
2026-01-30 07:00:00,future,4160,17027.925816877312,73.7208138657812,6272.78951777379,24.12,67.5
2026-01-30 08:00:00,future,4161,18497.36497160377,76.41663158658744,6556.714229142862,24.97,65.6
2026-01-30 09:00:00,future,4162,16213.746883907848,73.38428010274778,6395.242667657508,25.87,63.5
2026-01-30 10:00:00,future,4163,13150.015118058838,69.16106170412087,6141.1411466714635,26.78,61.4
2026-01-30 11:00:00,future,4164,11544.874595722613,67.13769712664475,6053.768892254818,27.62,59.5
2026-01-30 12:00:00,future,4165,10857.40011916333,66.46399466312161,6062.984821402217,28.35,57.8
2026-01-30 13:00:00,future,4166,10781.828257271474,66.63468427777651,6123.171442099867,28.9,56.6
2026-01-30 14:00:00,future,4167,11695.480065618394,68.21785762230925,6277.221425832754,29.25,55.8
2026-01-30 15:00:00,future,4168,13587.369093919278,71.18103979165869,6520.033494656553,29.37,55.5
2026-01-30 16:00:00,future,4169,16279.987133716037,75.24686353621962,6828.984191910754,29.25,55.8
2026-01-30 17:00:00,future,4170,19561.579244778342,80.09587447710892,7179.847681962888,28.9,56.6
2026-01-30 18:00:00,future,4171,21157.307427427793,82.25590168979382,7302.6176243053305,28.35,57.8
2026-01-30 19:00:00,future,4172,19080.14601103652,78.69084047541035,6960.667308486804,27.62,59.5
2026-01-30 20:00:00,future,4173,15584.2728816964,72.89328677487218,6434.113275858049,26.78,61.4
2026-01-30 21:00:00,future,4174,12442.981937460425,67.60291065236912,5941.4168438170545,25.87,63.5
2026-01-30 22:00:00,future,4175,9590.199747835715,62.76008877749934,5484.703204014399,24.97,65.6
2026-01-30 23:00:00,future,4176,7613.537044594982,59.28659152229097,5139.7322200600665,24.12,67.5
2026-01-31 00:00:00,future,4177,5334.502919668288,56.9846613788399,4698.223304961849,23.0,72.7
2026-01-31 01:00:00,future,4178,4451.015873806178,55.14739701729505,4513.027839883525,22.44,74.0
2026-01-31 02:00:00,future,4179,4178.9042044858115,54.48662462089617,4433.983145785727,22.09,74.8
2026-01-31 03:00:00,future,4180,4648.36138085441,55.23966543145296,4480.630023002179,21.97,75.0
2026-01-31 04:00:00,future,4181,5990.25330223399,57.639665376525556,4671.357825630384,22.09,74.8
2026-01-31 05:00:00,future,4182,8502.781151103138,62.20036161006367,5044.0058201633765,22.44,74.0
2026-01-31 06:00:00,future,4183,12086.60857967563,68.73814631379017,5583.076987398914,23.0,72.7
2026-01-31 07:00:00,future,4184,15206.495324468337,74.55387613441664,6081.182474747155,23.72,71.0
2026-01-31 08:00:00,future,4185,16378.92565906206,77.04913699085637,6340.190989877405,24.57,69.1
2026-01-31 09:00:00,future,4186,14299.312209366455,73.9102487777345,6179.221706089988,25.47,67.0
2026-01-31 10:00:00,future,4187,11634.89155906522,69.7587242988977,5942.853851598637,26.38,65.0
2026-01-31 11:00:00,future,4188,10256.975906570646,67.80921633650547,5866.403645970906,27.22,63.0
2026-01-31 12:00:00,future,4189,9716.360038789968,67.25840379021729,5886.045126679562,27.95,61.4
2026-01-31 13:00:00,future,4190,9705.998818770222,67.53438812758836,5952.863501881334,28.5,60.1
2026-01-31 14:00:00,future,4191,10536.813508649404,69.16770270059205,6105.125418875736,28.85,59.3
2026-01-31 15:00:00,future,4192,12271.787671493536,72.25194641137092,6347.366080806581,28.97,59.0
2026-01-31 16:00:00,future,4193,14673.052821185493,76.36771243017752,6647.173599314685,28.85,59.3
2026-01-31 17:00:00,future,4194,17485.42178293545,81.07613868897141,6972.345631411515,28.5,60.1
2026-01-31 18:00:00,future,4195,18735.872932592745,82.95879626864087,7068.039248178734,27.95,61.4
2026-01-31 19:00:00,future,4196,16815.99105106794,79.22658590546386,6725.953095581059,27.22,63.0
2026-01-31 20:00:00,future,4197,13734.87920057374,73.41420221214253,6218.054195199173,26.38,65.0
2026-01-31 21:00:00,future,4198,10986.803912309242,68.14411916916475,5745.122284021522,25.47,67.0
2026-01-31 22:00:00,future,4199,8459.879335321413,63.264342091015024,5302.411420986003,24.57,69.1
2026-01-31 23:00:00,future,4200,6743.463787502069,59.82215855142582,4972.114430326554,23.72,71.0
2026-02-01 00:00:00,future,4201,5369.368434047059,71.67522277015242,4780.384471515237,21.87,70.4
2026-02-01 01:00:00,future,4202,4968.203462270676,70.46245636889246,4648.810134858497,21.24,71.6
2026-02-01 02:00:00,future,4203,5051.51733688522,70.33536843746403,4604.648356883373,20.84,72.4
2026-02-01 03:00:00,future,4204,5736.532053655901,71.53833336872194,4665.594837598528,20.7,72.7
2026-02-01 04:00:00,future,4205,7281.736246210901,74.57727799944038,4864.45529783646,20.84,72.4
2026-02-01 05:00:00,future,4206,9943.3644910056,79.92528669999379,5228.38614070245,21.24,71.6
2026-02-01 06:00:00,future,4207,14123.826433822238,88.3263321943815,5800.2255925429345,21.87,70.4
2026-02-01 07:00:00,future,4208,17677.911387120243,95.6787754117163,6326.029602976808,22.7,68.7
2026-02-01 08:00:00,future,4209,19433.199779777977,99.70982405229506,6661.138320803181,23.67,66.8
2026-02-01 09:00:00,future,4210,17176.595577540575,96.15302608518559,6536.9660483432945,24.7,64.7
2026-02-01 10:00:00,future,4211,14018.17856415322,90.88810553196107,6309.084750760492,25.74,62.6
2026-02-01 11:00:00,future,4212,12431.54049107731,88.55562148666634,6253.532674173569,26.7,60.7
2026-02-01 12:00:00,future,4213,11819.931698460134,87.98485319360935,6294.058694833396,27.53,59.1
2026-02-01 13:00:00,future,4214,11734.113363284494,88.27850890040719,6370.249121023935,28.17,57.8
2026-02-01 14:00:00,future,4215,12496.458041437712,90.01405198668735,6512.924977938439,28.57,57.0
2026-02-01 15:00:00,future,4216,14167.965391320096,93.28608829861757,6725.152304510874,28.7,56.7
2026-02-01 16:00:00,future,4217,16768.054045913297,98.13869116919861,7010.539936842084,28.57,57.0
2026-02-01 17:00:00,future,4218,20353.808720849127,104.6732977732322,7374.391213727069,28.17,57.8
2026-02-01 18:00:00,future,4219,22182.41307106569,107.69444700812325,7501.22476038972,27.53,59.1
2026-02-01 19:00:00,future,4220,20213.95217514849,103.35788434967805,7160.136310445058,26.7,60.7
2026-02-01 20:00:00,future,4221,16565.341557440708,95.73284745929296,6605.8137501550045,25.74,62.6
2026-02-01 21:00:00,future,4222,13235.566168165664,88.65712948698479,6077.860087590128,24.7,64.7
2026-02-01 22:00:00,future,4223,10310.20798839386,82.35775787086139,5598.36525411069,23.67,66.8
2026-02-01 23:00:00,future,4224,8464.373737841175,78.15448966080633,5252.708494449817,22.7,68.7
2026-02-02 00:00:00,future,4225,6382.944387023843,73.74621210912674,4859.632651049674,21.86,69.8
2026-02-02 01:00:00,future,4226,5432.323289387823,71.47865065869854,4664.343149173949,21.22,71.0
2026-02-02 02:00:00,future,4227,5257.652065864452,70.85984125482176,4590.70282591275,20.82,71.8
2026-02-02 03:00:00,future,4228,5847.738705075915,71.88995635908604,4641.430839336913,20.69,72.1
2026-02-02 04:00:00,future,4229,7394.509805255326,74.92715199786745,4837.342708782791,20.82,71.8
2026-02-02 05:00:00,future,4230,10114.320240861296,80.39039810383431,5204.7474813961235,21.22,71.0
2026-02-02 06:00:00,future,4231,14137.155396969736,88.5056343969139,5754.637339470257,21.86,69.8
2026-02-02 07:00:00,future,4232,17644.495081666755,95.77568380010521,6270.430547510228,22.69,68.1
2026-02-02 08:00:00,future,4233,19157.403214541795,99.34257765992909,6573.403779535149,23.65,66.2
2026-02-02 09:00:00,future,4234,16872.93157190655,95.7387786982756,6448.772644041851,24.69,64.1
2026-02-02 10:00:00,future,4235,13782.398643608243,90.59355828211378,6229.7675090636685,25.72,62.0
2026-02-02 11:00:00,future,4236,12196.907811568894,88.27009522850678,6176.4550634591415,26.69,60.1
2026-02-02 12:00:00,future,4237,11608.907475367623,87.74504430453601,6219.556915192318,27.52,58.5
2026-02-02 13:00:00,future,4238,11556.900167789408,88.09703699886349,6297.784294528216,28.15,57.2
2026-02-02 14:00:00,future,4239,12481.925380720724,90.14407570689418,6458.0317964738515,28.55,56.4
2026-02-02 15:00:00,future,4240,14384.791569108407,93.86622382933093,6696.381774591703,28.69,56.1
2026-02-02 16:00:00,future,4241,17239.5580170054,99.19978867098769,7007.166132616617,28.55,56.4
2026-02-02 17:00:00,future,4242,20707.979378246164,105.51526849693352,7354.017970264114,28.15,57.2
2026-02-02 18:00:00,future,4243,22408.12117575942,108.30034711686577,7466.02117579978,27.52,58.5
2026-02-02 19:00:00,future,4244,20190.42281664721,103.48501050130345,7099.080640365552,26.69,60.1
2026-02-02 20:00:00,future,4245,16430.900720238144,95.63473662107344,6535.462282243686,25.72,62.0
2026-02-02 21:00:00,future,4246,13008.34915096037,88.38290408465691,6002.715736240636,24.69,64.1
2026-02-02 22:00:00,future,4247,9904.05688667468,81.72969017815186,5505.366253035309,23.65,66.2
2026-02-02 23:00:00,future,4248,7821.698790928302,77.07890106928168,5136.666103605501,22.69,68.1
2026-02-03 00:00:00,future,4249,5861.351101780374,73.17283299971604,4855.11540228226,21.86,71.2
2026-02-03 01:00:00,future,4250,5055.111310120507,71.14353818241798,4673.029919111343,21.22,72.4
2026-02-03 02:00:00,future,4251,5003.892082420683,70.75667333396461,4612.997053515344,20.82,73.2
2026-02-03 03:00:00,future,4252,5621.554266886971,71.8588678409872,4667.482423070333,20.68,73.5
2026-02-03 04:00:00,future,4253,7184.297023560321,75.00228397722525,4871.991114301401,20.82,73.2
2026-02-03 05:00:00,future,4254,9753.10972036122,80.29132154880236,5231.070154150763,21.22,72.4
2026-02-03 06:00:00,future,4255,13784.770135000976,88.60104614661554,5796.279326470923,21.86,71.2
2026-02-03 07:00:00,future,4256,17320.52170683124,96.07436347038391,6326.860193239871,22.68,69.5
2026-02-03 08:00:00,future,4257,18887.126513127696,99.82109960308071,6643.771627362364,23.65,67.6
2026-02-03 09:00:00,future,4258,16659.992179497305,96.22386526553564,6518.145386461188,24.68,65.5
2026-02-03 10:00:00,future,4259,13544.006815331646,90.90306862248228,6288.2878757077615,25.72,63.4
2026-02-03 11:00:00,future,4260,11913.44912888652,88.4172199360785,6224.083470595925,26.68,61.5
2026-02-03 12:00:00,future,4261,11359.24090155766,87.93388439309591,6270.197202439594,27.51,59.9
2026-02-03 13:00:00,future,4262,11355.806833538478,88.38660969738115,6356.107559204407,28.15,58.6
2026-02-03 14:00:00,future,4263,12308.130673730022,90.52807492363702,6523.17592925138,28.55,57.8
2026-02-03 15:00:00,future,4264,14198.33959992692,94.30194378013765,6765.233164537327,28.68,57.5
2026-02-03 16:00:00,future,4265,16996.08055283015,99.6562921305642,7080.022574129666,28.55,57.8
2026-02-03 17:00:00,future,4266,20438.87790640515,106.07285801431057,7435.017910756138,28.15,58.6
2026-02-03 18:00:00,future,4267,22137.45217216479,108.92085228259435,7550.460630720738,27.51,59.9
2026-02-03 19:00:00,future,4268,19954.90187695292,104.075264334301,7179.267740519816,26.68,61.5
2026-02-03 20:00:00,future,4269,16231.32256052805,96.13571881251734,6607.4940948511385,25.72,63.4
2026-02-03 21:00:00,future,4270,12820.095626231889,88.74694876806956,6062.032678879087,24.68,65.5
2026-02-03 22:00:00,future,4271,9715.751388814451,81.9629086283491,5554.372295329761,23.65,67.6
2026-02-03 23:00:00,future,4272,7641.987706207066,77.22864991098764,5177.219236194802,22.68,69.5
2026-02-04 00:00:00,future,4273,5719.734663886689,72.98607782250966,4875.365747055219,21.86,70.6
2026-02-04 01:00:00,future,4274,4923.93122786544,70.9714416970835,4692.951043818759,21.22,71.8
2026-02-04 02:00:00,future,4275,4925.028590332335,70.68624665211229,4638.74299691691,20.82,72.6
2026-02-04 03:00:00,future,4276,5567.728743537745,71.84861158369557,4698.186244582951,20.69,72.9
2026-02-04 04:00:00,future,4277,7144.175051632605,75.02216207956243,4904.970238976379,20.82,72.6
2026-02-04 05:00:00,future,4278,9681.197176141291,80.26650318911608,5263.672181535291,21.22,71.8
2026-02-04 06:00:00,future,4279,13728.420259385595,88.6339785053582,5836.154192429749,21.86,70.6
2026-02-04 07:00:00,future,4280,17274.547382573917,96.15886541891912,6374.331925196678,22.69,68.9
2026-02-04 08:00:00,future,4281,18877.84973508989,99.98111775903652,6697.092662157015,23.65,67.0
2026-02-04 09:00:00,future,4282,16658.68161790186,96.39224179453988,6572.146030684783,24.69,64.9
2026-02-04 10:00:00,future,4283,13518.536697500203,90.99671683664127,6335.352879737733,25.72,62.8
2026-02-04 11:00:00,future,4284,11870.567506032032,88.47360283847843,6269.422569125237,26.69,60.9
2026-02-04 12:00:00,future,4285,11325.592019692122,87.9978388618435,6315.439159153512,27.51,59.3
2026-02-04 13:00:00,future,4286,11338.253367339714,88.48232007317027,6403.9016325735365,28.15,58.0
2026-02-04 14:00:00,future,4287,12303.968495752302,90.65653743719997,6574.096536370211,28.55,57.2
2026-02-04 15:00:00,future,4288,14192.36703527239,94.44678435571043,6819.663403957684,28.69,56.9
2026-02-04 16:00:00,future,4289,16981.078441871818,99.79498481997327,7135.201494280345,28.55,57.2
2026-02-04 17:00:00,future,4290,20429.611396955926,106.2456179106589,7494.576455983689,28.15,58.0
2026-02-04 18:00:00,future,4291,22138.881021685254,109.12555955214314,7612.69112462579,27.51,59.3
2026-02-04 19:00:00,future,4292,19965.598360845943,104.29021061140867,7240.569709003812,26.69,60.9
2026-02-04 20:00:00,future,4293,16240.191021943176,96.3144654302263,6661.865138965151,25.72,62.8
2026-02-04 21:00:00,future,4294,12820.554728518544,88.8930551106482,6111.6924489792755,24.69,64.9
2026-02-04 22:00:00,future,4295,9707.37327725387,82.06323309300983,5596.926134928135,23.65,67.0
2026-02-04 23:00:00,future,4296,7625.302168098722,77.30553062632593,5216.728321196577,22.69,68.9
2026-02-05 00:00:00,future,4297,5695.1915881769755,72.90240127596411,4876.630330375385,21.86,70.0
2026-02-05 01:00:00,future,4298,4892.424766106512,70.87519304416263,4693.223313040796,21.22,71.2
2026-02-05 02:00:00,future,4299,4908.889848815512,70.62015506573086,4640.814137776139,20.82,72.0
2026-02-05 03:00:00,future,4300,5561.821758929946,71.80190997400442,4701.536946494743,20.69,72.3
2026-02-05 04:00:00,future,4301,7149.126119957342,74.99504947894015,4909.801967258319,20.82,72.0
2026-02-05 05:00:00,future,4302,9684.737582262784,80.2339659717464,5268.642004016849,21.22,71.2
2026-02-05 06:00:00,future,4303,13735.796321818956,88.6046721396106,5842.075289412726,21.86,70.0
2026-02-05 07:00:00,future,4304,17277.110642706088,96.11632905078916,6380.136381825834,22.69,68.3
2026-02-05 08:00:00,future,4305,18878.96959454812,99.93381557080866,6703.000265987791,23.65,66.4
2026-02-05 09:00:00,future,4306,16656.30282645825,96.3399318020991,6577.526036578543,24.69,64.3
2026-02-05 10:00:00,future,4307,13515.600746745513,90.94606288624415,6340.462563151863,25.72,62.2
2026-02-05 11:00:00,future,4308,11868.569015020728,88.42606196114524,6274.587938630573,26.69,60.3
2026-02-05 12:00:00,future,4309,11327.16392151444,87.96469094361025,6322.432062499244,27.52,58.7
2026-02-05 13:00:00,future,4310,11345.31350896003,88.45246243880614,6410.269502762996,28.15,57.4
2026-02-05 14:00:00,future,4311,12314.924347253578,90.63318035259377,6581.077984882874,28.55,56.6
2026-02-05 15:00:00,future,4312,14202.83405920444,94.42054339800517,6826.796701050008,28.69,56.3
2026-02-05 16:00:00,future,4313,16991.33981249147,99.76562060287466,7142.580743299555,28.55,56.6
2026-02-05 17:00:00,future,4314,20436.190207586595,106.20577988675754,7501.821863892884,28.15,57.4
2026-02-05 18:00:00,future,4315,22145.685371123865,109.09187724032952,7621.424780554652,27.52,58.7
2026-02-05 19:00:00,future,4316,19971.197726186532,104.24945770623815,7247.480190306151,26.69,60.3
2026-02-05 20:00:00,future,4317,16246.05759897008,96.27829528609622,6668.311759969073,25.72,62.2
2026-02-05 21:00:00,future,4318,12824.626063949689,88.85715800834274,6117.452057373147,24.69,64.3
2026-02-05 22:00:00,future,4319,9710.454203396748,82.02887970360786,5602.12573484615,23.65,66.4
2026-02-05 23:00:00,future,4320,7628.360066797392,77.2735553966167,5221.599441744173,22.69,68.3
2026-02-06 00:00:00,future,4321,5668.621900348108,72.84131658311476,4855.402235390227,21.85,71.4
2026-02-06 01:00:00,future,4322,4846.898139830986,70.7773082075581,4671.32057211968,21.22,72.6
2026-02-06 02:00:00,future,4323,4847.497146444815,70.49149040389341,4617.229419205282,20.82,73.4
2026-02-06 03:00:00,future,4324,5485.347971741583,71.64232966317341,4674.944697864266,20.68,73.7
2026-02-06 04:00:00,future,4325,7063.762632133796,74.8391898531992,4883.633960876087,20.82,73.4
2026-02-06 05:00:00,future,4326,9620.990252881578,80.14275552642592,5245.1867580455355,21.22,72.6
2026-02-06 06:00:00,future,4327,13667.375091578677,88.53265639290069,5816.886403964566,21.85,71.4
2026-02-06 07:00:00,future,4328,17202.85840458823,96.06380632133147,6354.255090620296,22.68,69.7
2026-02-06 08:00:00,future,4329,18792.95837509253,99.87910009980524,6676.737526449728,23.65,67.8
2026-02-06 09:00:00,future,4330,16567.77983335688,96.25292239032707,6548.731724366533,24.68,65.7
2026-02-06 10:00:00,future,4331,13438.79578314206,90.86090325710667,6313.438733339985,25.72,63.6
2026-02-06 11:00:00,future,4332,11803.912565207576,88.34249783126941,6246.910388595781,26.68,61.7
2026-02-06 12:00:00,future,4333,11260.759965177647,87.87249301197467,6294.00968375865,27.51,60.1
2026-02-06 13:00:00,future,4334,11273.259270584487,88.35620181168682,6382.173203146636,28.15,58.8
2026-02-06 14:00:00,future,4335,12241.559737522406,90.54273220361979,6552.730195484777,28.55,58.0
2026-02-06 15:00:00,future,4336,14132.924665320565,94.34633937548938,6797.683333352213,28.68,57.7
2026-02-06 16:00:00,future,4337,16933.62302198574,99.747261665318,7116.736167178768,28.55,58.0
2026-02-06 17:00:00,future,4338,20377.485047554233,106.2161728541821,7476.539880353251,28.15,58.8
2026-02-06 18:00:00,future,4339,22079.868304874595,109.09658898523172,7594.512541893324,27.51,60.1
2026-02-06 19:00:00,future,4340,19895.47421803144,104.21590215451982,7219.5505291570435,26.68,61.7
2026-02-06 20:00:00,future,4341,16168.889767074255,96.21659199888441,6641.607646858745,25.72,63.6
2026-02-06 21:00:00,future,4342,12749.84442569262,88.76318987562038,6089.799642909991,24.68,65.7
2026-02-06 22:00:00,future,4343,9639.74953844498,81.92303785209936,5576.482877045122,23.65,67.8
2026-02-06 23:00:00,future,4344,7560.315129493238,77.14780534683408,5195.180359578311,22.68,69.7
2026-02-07 00:00:00,future,4345,5642.550068402099,72.76666177807232,4841.17299363485,21.86,70.8
2026-02-07 01:00:00,future,4346,4838.243755973457,70.73368882908616,4658.473873100654,21.22,72.0
2026-02-07 02:00:00,future,4347,4866.110650442151,70.50128335772503,4607.769308345052,20.82,72.8
2026-02-07 03:00:00,future,4348,5529.243753905412,71.70565568015175,4669.5518933181065,20.69,73.1
2026-02-07 04:00:00,future,4349,7123.924154869317,74.91939862266342,4877.921291109159,20.82,72.8
2026-02-07 05:00:00,future,4350,9651.148888788632,80.15163658885295,5234.34777142577,21.22,72.0
2026-02-07 06:00:00,future,4351,13703.187211101596,88.53980864580947,5805.6446393985025,21.86,70.8
2026-02-07 07:00:00,future,4352,17239.869955254642,96.05582148980285,6340.946638491575,22.69,69.1
2026-02-07 08:00:00,future,4353,18846.8760330265,99.88907509497234,6662.921536597103,23.65,67.2
2026-02-07 09:00:00,future,4354,16628.96390698384,96.29507219830238,6538.044963079475,24.69,65.1
2026-02-07 10:00:00,future,4355,13486.978732706444,90.88565920847084,6301.25019552151,25.72,63.0
2026-02-07 11:00:00,future,4356,11836.799774116873,88.35238930866433,6234.84724470935,26.69,61.1
2026-02-07 12:00:00,future,4357,11294.777127743391,87.88714483811981,6282.123839489434,27.52,59.5
2026-02-07 13:00:00,future,4358,11312.28774805968,88.37333359303902,6369.330281143141,28.15,58.2
2026-02-07 14:00:00,future,4359,12280.173841473174,90.55423988931061,6539.178718274467,28.55,57.4
2026-02-07 15:00:00,future,4360,14164.541505725949,94.34201957203264,6783.560759313267,28.69,57.1
2026-02-07 16:00:00,future,4361,16945.669862907685,99.68373581552034,7097.4148162946,28.55,57.4
2026-02-07 17:00:00,future,4362,20391.151322943035,106.13895757829461,7455.634792649655,28.15,58.2
2026-02-07 18:00:00,future,4363,22103.75018740128,109.03826683271451,7575.4394733912895,27.52,59.5
2026-02-07 19:00:00,future,4364,19933.232859539417,104.19558208615332,7203.601947901166,26.69,61.1
2026-02-07 20:00:00,future,4365,16210.715352575666,96.21549814969421,6627.150827678265,25.72,63.0
2026-02-07 21:00:00,future,4366,12788.97963847588,88.78094710313752,6078.583027057617,24.69,65.1
2026-02-07 22:00:00,future,4367,9673.1010943715,81.93772746855974,5565.260687173628,23.65,67.2
2026-02-07 23:00:00,future,4368,7590.660582246874,77.17413832957732,5186.399091002523,22.69,69.1
2026-02-08 00:00:00,future,4369,5580.295229600482,72.91934003128236,4847.655474845955,21.85,70.2
2026-02-08 01:00:00,future,4370,4737.71900627384,70.78016283428303,4658.495120745455,21.21,71.4
2026-02-08 02:00:00,future,4371,4701.505352029628,70.42059457095975,4599.995939573232,20.81,72.2
2026-02-08 03:00:00,future,4372,5311.696620393939,71.54337523166475,4656.73312723772,20.68,72.5
2026-02-08 04:00:00,future,4373,6869.72086810023,74.74210139166514,4864.065790844363,20.81,72.2
2026-02-08 05:00:00,future,4374,9458.978232585603,80.19018402341294,5233.503560849251,21.21,71.4
2026-02-08 06:00:00,future,4375,13499.31461208476,88.70287078320865,5812.123377158362,21.85,70.2
2026-02-08 07:00:00,future,4376,17039.512093882568,96.35523264664002,6355.522731196719,22.68,68.5
2026-02-08 08:00:00,future,4377,18607.078984190102,100.16931311429353,6676.251600461898,23.64,66.6
2026-02-08 09:00:00,future,4378,16368.201163414622,96.45418263689876,6544.206240481802,24.68,64.5
2026-02-08 10:00:00,future,4379,13248.863323562571,90.97700772811525,6303.576267029094,25.71,62.4
2026-02-08 11:00:00,future,4380,11625.661228878507,88.43869760936042,6237.049354923041,26.68,60.5
2026-02-08 12:00:00,future,4381,11073.35109000839,87.93421368628216,6282.01676310286,27.51,58.9
2026-02-08 13:00:00,future,4382,11072.01709895932,88.38419448251491,6367.043953053846,28.14,57.6
2026-02-08 14:00:00,future,4383,12025.768253961136,90.5725221742196,6537.291246701459,28.54,56.8
2026-02-08 15:00:00,future,4384,13917.444295603304,94.4434400931928,6786.612022825674,28.68,56.5
2026-02-08 16:00:00,future,4385,16728.550758291676,99.94571709793708,7110.049382262466,28.54,56.8
2026-02-08 17:00:00,future,4386,20177.48900390093,106.53246371649695,7476.011485971869,28.14,57.6
2026-02-08 18:00:00,future,4387,21875.855792185444,109.46486753740984,7597.6681773263435,27.51,58.9
2026-02-08 19:00:00,future,4388,19684.86179889121,104.50162584440062,7218.590110495317,26.68,60.5
2026-02-08 20:00:00,future,4389,15954.191964183476,96.36904375315042,6633.061840060586,25.71,62.4
2026-02-08 21:00:00,future,4390,12539.03835713278,88.82221383015973,6077.847409796787,24.68,64.5
2026-02-08 22:00:00,future,4391,9435.863558444902,81.89000936300262,5559.277076711108,23.64,66.6
2026-02-08 23:00:00,future,4392,7362.727652513384,77.06827078518312,5176.974284663073,22.68,68.5
2026-02-09 00:00:00,future,4393,5472.482611839376,72.36387981157876,4787.584275340505,21.87,69.6
2026-02-09 01:00:00,future,4394,4679.250492153547,70.34012273106559,4606.688042367401,21.23,70.8
2026-02-09 02:00:00,future,4395,4710.9052849553245,70.1165734239949,4556.929296928099,20.83,71.6
2026-02-09 03:00:00,future,4396,5382.16501690223,71.34888172215618,4620.087389037194,20.7,71.9
2026-02-09 04:00:00,future,4397,6983.866820401918,74.6040984153404,4829.729569651373,20.83,71.6
2026-02-09 05:00:00,future,4398,9499.515393259882,79.85680784486371,5185.215025386437,21.23,70.8
2026-02-09 06:00:00,future,4399,13552.062148883557,88.31545423403186,5757.293382521666,21.87,69.6
2026-02-09 07:00:00,future,4400,17082.3487755835,95.87887019803614,6292.130234345892,22.7,67.9
2026-02-09 08:00:00,future,4401,18692.671417481462,99.74465170058991,6613.9398231941905,23.66,66.0
2026-02-09 09:00:00,future,4402,16481.906888114445,96.12364128881876,6487.85507840104,24.7,63.9
2026-02-09 10:00:00,future,4403,13341.435702883322,90.65995291979019,6248.848225585693,25.73,61.8
2026-02-09 11:00:00,future,4404,11690.956766918776,88.09506057314748,6180.636176518519,26.7,59.9
2026-02-09 12:00:00,future,4405,11155.75305984416,87.631948507366,6227.533899364205,27.53,58.3
2026-02-09 13:00:00,future,4406,11176.61421218942,88.12365665943247,6314.391414143304,28.16,57.0
2026-02-09 14:00:00,future,4407,12146.323202616091,90.32420598721977,6484.3335893942585,28.56,56.2
2026-02-09 15:00:00,future,4408,14026.195638166835,94.13576818371233,6728.700688059129,28.7,55.9
2026-02-09 16:00:00,future,4409,16800.89838198397,99.51376864183192,7042.97453361642,28.56,56.2
2026-02-09 17:00:00,future,4410,20243.89733167166,106.02526166582213,7402.644457267454,28.16,57.0
2026-02-09 18:00:00,future,4411,21958.202476645656,108.95930533662172,7524.041165776792,27.53,58.3
2026-02-09 19:00:00,future,4412,19789.329653488167,104.08373884639184,7152.600856790517,26.7,59.9
2026-02-09 20:00:00,future,4413,16069.582374079597,96.04615333547119,6576.279704000575,25.73,61.8
2026-02-09 21:00:00,future,4414,12648.78881242889,88.55588754940608,6027.805209487585,24.7,63.9
2026-02-09 22:00:00,future,4415,9535.0045937344,81.66460146960075,5514.838950580336,23.66,66.0
2026-02-09 23:00:00,future,4416,7454.777115819123,76.87108332817444,5136.631501310556,22.7,67.9
2026-02-10 00:00:00,future,4417,5498.657225006928,72.59475006130029,4828.956152324466,21.87,71.0
2026-02-10 01:00:00,future,4418,4683.917977776579,70.52050509104782,4643.850928838101,21.23,72.2
2026-02-10 02:00:00,future,4419,4701.919126774866,70.26954336836691,4592.064162672521,20.83,73.0
2026-02-10 03:00:00,future,4420,5353.772423493821,71.46897722045941,4653.536077358992,20.7,73.3
2026-02-10 04:00:00,future,4421,6937.481010335012,74.70256781500395,4863.038692720162,20.83,73.0
2026-02-10 05:00:00,future,4422,9479.795059932068,80.03052604130866,5225.163639553036,21.23,72.2
2026-02-10 06:00:00,future,4423,13524.51193743348,88.50967972931042,5801.777448359018,21.87,71.0
2026-02-10 07:00:00,future,4424,17077.093856200067,96.14911284447567,6344.374255731886,22.7,69.3
2026-02-10 08:00:00,future,4425,18687.357062512503,100.03017389270306,6669.080638090712,23.66,67.4
2026-02-10 09:00:00,future,4426,16470.33521882951,96.37922237813969,6540.671989034184,24.7,65.3
2026-02-10 10:00:00,future,4427,13325.23461810222,90.88076359990784,6298.420835216818,25.73,63.2
2026-02-10 11:00:00,future,4428,11671.710490737203,88.29703915272097,6228.869744291116,26.7,61.3
2026-02-10 12:00:00,future,4429,11120.376060478677,87.79858011828058,6274.027043408927,27.53,59.7
2026-02-10 13:00:00,future,4430,11129.130817584197,88.26742558042635,6360.088921506112,28.16,58.4
2026-02-10 14:00:00,future,4431,12089.922032557284,90.4592910685431,6530.516018226526,28.56,57.6
2026-02-10 15:00:00,future,4432,13976.715540088346,94.30105264359119,6778.105055578367,28.7,57.3
2026-02-10 16:00:00,future,4433,16759.049369926113,99.71797264798347,7096.465274778193,28.56,57.6
2026-02-10 17:00:00,future,4434,20211.32050466839,106.27702272372808,7460.949559880363,28.16,58.4
2026-02-10 18:00:00,future,4435,21922.799473405183,109.21932781691574,7583.398807715372,27.53,59.7
2026-02-10 19:00:00,future,4436,19752.20704169754,104.32032127020288,7208.314228270728,26.7,61.3
2026-02-10 20:00:00,future,4437,16026.450762150678,96.23716070538535,6625.837750209563,25.73,63.2
2026-02-10 21:00:00,future,4438,12605.082416043148,88.71458992345806,6072.161110649376,24.7,65.3
2026-02-10 22:00:00,future,4439,9489.692162590842,81.79159429749359,5554.2231420312,23.66,67.4
2026-02-10 23:00:00,future,4440,7409.1253040663905,76.97794104373156,5172.510817642762,22.7,69.3
2026-02-11 00:00:00,future,4441,5480.498984041371,72.58625654379763,4857.9554904769875,21.87,70.4
2026-02-11 01:00:00,future,4442,4685.977090565555,70.56171526048738,4675.655967144738,21.24,71.6
2026-02-11 02:00:00,future,4443,4718.44893468019,70.33914944131509,4625.275459282006,20.84,72.4
2026-02-11 03:00:00,future,4444,5387.525087192716,71.56319513065176,4687.711211074006,20.7,72.7
2026-02-11 04:00:00,future,4445,6984.507349140034,74.82482856761438,4901.142625223937,20.84,72.4
2026-02-11 05:00:00,future,4446,9506.454202206318,80.10388479173696,5262.494925395192,21.24,71.6
2026-02-11 06:00:00,future,4447,13555.486817748337,88.57075373930095,5840.9945835938,21.87,70.4
2026-02-11 07:00:00,future,4448,17105.209958525724,96.19265798252405,6385.875715210218,22.7,68.7
2026-02-11 08:00:00,future,4449,18719.85079309213,100.0844481397733,6714.199062055581,23.67,66.8
2026-02-11 09:00:00,future,4450,16504.10460106531,96.43698590673824,6584.365839125088,24.7,64.7
2026-02-11 10:00:00,future,4451,13354.128337158949,90.94737954783335,6342.158935353966,25.74,62.6
2026-02-11 11:00:00,future,4452,11695.352839086472,88.35224714531024,6270.622261784319,26.7,60.7
2026-02-11 12:00:00,future,4453,11152.023323691126,87.87192386188137,6317.220194210294,27.53,59.1
2026-02-11 13:00:00,future,4454,11171.227791763898,88.36171865798973,6405.133527192584,28.16,57.8
2026-02-11 14:00:00,future,4455,12138.3926159217,90.56307253846708,6577.208574299436,28.56,57.0
2026-02-11 15:00:00,future,4456,14022.066622097713,94.39221436998957,6825.541488990859,28.7,56.7
2026-02-11 16:00:00,future,4457,16796.083677000886,99.78300589769337,7144.230158850807,28.56,57.0
2026-02-11 17:00:00,future,4458,20242.31757380035,106.31800691094145,7509.436847092532,28.16,57.8
2026-02-11 18:00:00,future,4459,21956.789613831403,109.26003738223713,7632.579161175153,27.53,59.1
2026-02-11 19:00:00,future,4460,19792.02748023184,104.37967353399841,7256.3014801813015,26.7,60.7
2026-02-11 20:00:00,future,4461,16069.835171230636,96.32314099379212,6672.7657471925195,25.74,62.6
2026-02-11 21:00:00,future,4462,12647.232489873868,88.80227948805958,6114.834969168021,24.7,64.7
2026-02-11 22:00:00,future,4463,9529.77895827074,81.892634047251,5595.41101330209,23.67,66.8
2026-02-11 23:00:00,future,4464,7447.457643599204,77.07506697533856,5210.152819680627,22.7,68.7
2026-02-12 00:00:00,future,4465,5515.563298805168,72.58866276244652,4862.17033086167,21.87,69.8
2026-02-12 01:00:00,future,4466,4713.4528044827985,70.55511862422173,4679.181034553206,21.24,71.0
2026-02-12 02:00:00,future,4467,4751.826263612575,70.34409825859757,4629.483889915953,20.84,71.8
2026-02-12 03:00:00,future,4468,5422.594182152904,71.56669379861638,4691.892822844004,20.7,72.1
2026-02-12 04:00:00,future,4469,7023.244163661526,74.82396910949167,4905.241613016161,20.84,71.8
2026-02-12 05:00:00,future,4470,9547.3202602871,80.08885608040563,5266.028696250358,21.24,71.0
2026-02-12 06:00:00,future,4471,13598.422938602522,88.53032074243168,5843.4565003336265,21.87,69.8
2026-02-12 07:00:00,future,4472,17141.58121106227,96.11332886537392,6386.3960616303875,22.7,68.1
2026-02-12 08:00:00,future,4473,18753.212864616267,99.98717296979038,6713.866370898837,23.67,66.2
2026-02-12 09:00:00,future,4474,16535.88192552103,96.35223836330029,6584.64119840748,24.7,64.1
2026-02-12 10:00:00,future,4475,13389.247893997446,90.8916259518113,6343.95442046172,25.74,62.0
2026-02-12 11:00:00,future,4476,11734.536358351292,88.31616091262306,6273.520856674085,26.7,60.1
2026-02-12 12:00:00,future,4477,11193.70436866917,87.84439895987363,6320.650353329115,27.53,58.5
2026-02-12 13:00:00,future,4478,11216.567844799529,88.3482178049453,6410.395353013869,28.17,57.2
2026-02-12 14:00:00,future,4479,12186.366761735057,90.54763583183394,6582.487992953989,28.57,56.4
2026-02-12 15:00:00,future,4480,14070.144043259055,94.35614971003112,6828.850488159222,28.7,56.1
2026-02-12 16:00:00,future,4481,16846.952715148873,99.73961374146256,7148.298701233828,28.57,56.4
2026-02-12 17:00:00,future,4482,20290.354211190395,106.24426020610744,7511.983338315789,28.17,57.2
2026-02-12 18:00:00,future,4483,22003.853382720976,109.16503373202566,7633.038566182692,27.53,58.5
2026-02-12 19:00:00,future,4484,19836.347885238512,104.29519731008989,7257.107848567246,26.7,60.1
2026-02-12 20:00:00,future,4485,16113.837149514427,96.26527735527465,6674.728660406054,25.74,62.0
2026-02-12 21:00:00,future,4486,12690.085939128974,88.76725396322492,6117.748714777527,24.7,64.1
2026-02-12 22:00:00,future,4487,9572.140635458758,81.8795328660166,5599.253523357021,23.67,66.2
2026-02-12 23:00:00,future,4488,7489.901561751036,77.0775194169297,5214.649900728289,22.7,68.1
2026-02-13 00:00:00,future,4489,5528.270949578764,72.59780469875267,4844.343485003283,21.87,71.2
2026-02-13 01:00:00,future,4490,4706.784725617148,70.51470858575749,4658.130595797357,21.23,72.4
2026-02-13 02:00:00,future,4491,4721.68270332576,70.26480909140133,4607.173799152553,20.84,73.2
2026-02-13 03:00:00,future,4492,5370.6039380754455,71.44789683370922,4666.93157756401,20.7,73.5
2026-02-13 04:00:00,future,4493,6957.550077069745,74.68668556299004,4878.330757783314,20.84,73.2
2026-02-13 05:00:00,future,4494,9508.512217280557,80.01108841029634,5240.464699377441,21.23,72.4
2026-02-13 06:00:00,future,4495,13555.146636370568,88.47256236846057,5817.810526965174,21.87,71.2
2026-02-13 07:00:00,future,4496,17091.45886389227,96.06087180852315,6358.971867318871,22.7,69.5
2026-02-13 08:00:00,future,4497,18687.000762670275,99.9040394880867,6682.352280388413,23.66,67.6
2026-02-13 09:00:00,future,4498,16464.316516109455,96.25320392385429,6553.496953261116,24.7,65.5
2026-02-13 10:00:00,future,4499,13331.59204289472,90.79541800587931,6312.922713577624,25.73,63.4
2026-02-13 11:00:00,future,4500,11692.023830327766,88.2476693114723,6245.314959204733,26.7,61.5
2026-02-13 12:00:00,future,4501,11149.14606333436,87.76856184134394,6291.768623432914,27.53,59.9
2026-02-13 13:00:00,future,4502,11164.662646791843,88.25052807174087,6378.883860160356,28.16,58.6
2026-02-13 14:00:00,future,4503,12133.285553091771,90.45270066737322,6550.47100650671,28.56,57.8
2026-02-13 15:00:00,future,4504,14022.35336596017,94.28899564275298,6798.5102822818435,28.7,57.5
2026-02-13 16:00:00,future,4505,16816.057879550157,99.7138227783415,7118.378708418612,28.56,57.8
2026-02-13 17:00:00,future,4506,20258.72495232347,106.23586146504279,7481.77498211335,28.16,58.6
2026-02-13 18:00:00,future,4507,21963.554222624218,109.15622443496439,7603.296337598882,27.53,59.9
2026-02-13 19:00:00,future,4508,19783.46445781034,104.25011710962104,7226.612176228649,26.7,61.5
2026-02-13 20:00:00,future,4509,16058.480473268868,96.18838716519383,6643.628721451206,25.73,63.4
2026-02-13 21:00:00,future,4510,12637.994615105668,88.68588441936988,6089.456097527756,24.7,65.5
2026-02-13 22:00:00,future,4511,9525.344113766154,81.78502471453778,5571.263589659756,23.66,67.6
2026-02-13 23:00:00,future,4512,7445.705563480853,76.98445874811141,5189.173891215094,22.7,69.5
2026-02-14 00:00:00,future,4513,5526.898965606953,72.5624067166862,4831.2719028008805,21.88,70.6
2026-02-14 01:00:00,future,4514,4723.122442349171,70.52031825236591,4648.015452960533,21.24,71.8
2026-02-14 02:00:00,future,4515,4759.726258579992,70.30595289388962,4598.44635246653,20.84,72.6
2026-02-14 03:00:00,future,4516,5430.316314420296,71.5269694731459,4660.385134219715,20.7,72.9
2026-02-14 04:00:00,future,4517,7030.406330633155,74.77995338317389,4872.151780956245,20.84,72.6
2026-02-14 05:00:00,future,4518,9553.076919557456,80.03694675508201,5230.213172507507,21.24,71.8
2026-02-14 06:00:00,future,4519,13605.280013469825,88.47952388594146,5805.031602999072,21.88,70.6
2026-02-14 07:00:00,future,4520,17142.859418382228,96.0370391477128,6342.109405026854,22.7,68.9
2026-02-14 08:00:00,future,4521,18753.78822683094,99.9058399249615,6667.193718398121,23.67,67.0
2026-02-14 09:00:00,future,4522,16537.96314691826,96.27762653340955,6539.102267107343,24.7,64.9
2026-02-14 10:00:00,future,4523,13393.417052678578,90.82668377215771,6300.413277014223,25.74,62.8
2026-02-14 11:00:00,future,4524,11740.055272429749,88.25657627389461,6230.673845232813,26.7,60.9
2026-02-14 12:00:00,future,4525,11198.27382544097,87.78354612514453,6277.379239522069,27.53,59.3
2026-02-14 13:00:00,future,4526,11217.75339329566,88.28030682382992,6366.097345152753,28.17,58.0
2026-02-14 14:00:00,future,4527,12185.810451132718,90.47419069636977,6536.767228803303,28.57,57.2
2026-02-14 15:00:00,future,4528,14068.675885909592,94.27717474089482,6781.269799997931,28.7,56.9
2026-02-14 16:00:00,future,4529,16845.11306969785,99.65457786396182,7098.3947497268055,28.57,57.2
2026-02-14 17:00:00,future,4530,20289.95888150434,106.15559110217923,7459.651615989178,28.17,58.0
2026-02-14 18:00:00,future,4531,22004.159295253572,109.0747608031229,7579.909503088231,27.53,59.3
2026-02-14 19:00:00,future,4532,19836.46275630906,104.2092115615102,7206.6064333929635,26.7,60.9
2026-02-14 20:00:00,future,4533,16114.93964709303,96.18899507654093,6628.462797075016,25.74,62.8
2026-02-14 21:00:00,future,4534,12692.2092300107,88.70020287180424,6075.539065646993,24.7,64.9
2026-02-14 22:00:00,future,4535,9574.66974395369,81.81990122798881,5560.752265709425,23.67,67.0
2026-02-14 23:00:00,future,4536,7492.144525035803,77.02189752288074,5178.822208549618,22.7,68.9
2026-02-15 00:00:00,future,4537,5481.169637943925,72.73953103204997,4838.145270576724,21.87,70.0
2026-02-15 01:00:00,future,4538,4638.863179419913,70.59128024687932,4648.468731929615,21.23,71.2
2026-02-15 02:00:00,future,4539,4608.736532058292,70.24390885566409,4590.754757965741,20.83,72.0
2026-02-15 03:00:00,future,4540,5222.746144464489,71.37477847071295,4647.1071313615685,20.69,72.3
2026-02-15 04:00:00,future,4541,6783.595191490111,74.60526292348416,4857.329579584128,20.83,72.0
2026-02-15 05:00:00,future,4542,9370.480428680246,80.07983162833801,5228.428270319835,21.23,71.2
2026-02-15 06:00:00,future,4543,13410.761489227909,88.64114262725373,5810.0840786898325,21.87,70.0
2026-02-15 07:00:00,future,4544,16951.270792974006,96.32936665093914,6354.7919052260795,22.69,68.3
2026-02-15 08:00:00,future,4545,18522.070350481554,100.17524093634805,6678.328232521308,23.66,66.4
2026-02-15 09:00:00,future,4546,16284.9434919106,96.42793132092021,6543.22602198954,24.69,64.3
2026-02-15 10:00:00,future,4547,13164.224286205172,90.91588320477655,6301.171457082001,25.73,62.2
2026-02-15 11:00:00,future,4548,11539.291516239531,88.34601990046562,6231.652819775723,26.69,60.3
2026-02-15 12:00:00,future,4549,10987.1890138098,87.8342963992956,6276.075241922108,27.52,58.7
2026-02-15 13:00:00,future,4550,10987.453369416868,88.29395756743246,6362.541752456909,28.16,57.4
2026-02-15 14:00:00,future,4551,11942.863774330162,90.49684727584267,6533.668775837136,28.56,56.6
2026-02-15 15:00:00,future,4552,13834.718788733717,94.38394081378286,6783.112457163045,28.69,56.3
2026-02-15 16:00:00,future,4553,16644.3707918164,99.92501708663633,7109.937669950653,28.56,56.6
2026-02-15 17:00:00,future,4554,20092.638706103025,106.55304623703196,7478.5743490595605,28.16,57.4
2026-02-15 18:00:00,future,4555,21790.921897352764,109.49956837222987,7600.300682390756,27.52,58.7
2026-02-15 19:00:00,future,4556,19600.864293284023,104.51229952131048,7219.768675343871,26.69,60.3
2026-02-15 20:00:00,future,4557,15870.856317639867,96.3436293110333,6632.926326685715,25.73,62.2
2026-02-15 21:00:00,future,4558,12455.363842042534,88.74828155997598,6073.830225803096,24.69,64.3
2026-02-15 22:00:00,future,4559,9351.466832467564,81.78496587906942,5554.277257371416,23.66,66.4
2026-02-15 23:00:00,future,4560,7277.816151878856,76.93069880379028,5169.105914000715,22.69,68.3
2026-02-16 00:00:00,future,4561,5387.653776927951,72.19989609615318,4777.631726484561,21.88,71.4
2026-02-16 01:00:00,future,4562,4594.74316463232,70.17601512086199,4597.690974890707,21.25,72.6
2026-02-16 02:00:00,future,4563,4629.759454920878,69.95989755320551,4548.430083797771,20.85,73.4
2026-02-16 03:00:00,future,4564,5303.71494765248,71.19780397875911,4611.05114042521,20.71,73.7
2026-02-16 04:00:00,future,4565,6907.376541652655,74.48122042410614,4823.321957035899,20.85,73.4
2026-02-16 05:00:00,future,4566,9420.92754254872,79.75652711042032,5180.17644708293,21.25,72.6
2026-02-16 06:00:00,future,4567,13473.620222112171,88.25143752290217,5753.549265919102,21.88,71.4
2026-02-16 07:00:00,future,4568,17004.224119585713,95.85275811579862,6290.653304835929,22.71,69.7
2026-02-16 08:00:00,future,4569,18616.063895537496,99.74508890568075,6614.89690852892,23.68,67.8
2026-02-16 09:00:00,future,4570,16406.02754536814,96.09341544391314,6485.890831898774,24.71,65.7
2026-02-16 10:00:00,future,4571,13264.445167774256,90.59966037937835,6245.791079585397,25.75,63.6
2026-02-16 11:00:00,future,4572,11612.602754437692,88.00607883688853,6174.794721989977,26.71,61.7
2026-02-16 12:00:00,future,4573,11077.529549363277,87.53657884430004,6221.2010043736855,27.54,60.1
2026-02-16 13:00:00,future,4574,11099.11604708842,88.0364365081964,6309.385703809713,28.18,58.8
2026-02-16 14:00:00,future,4575,12068.848445414958,90.24709181084215,6479.912478775728,28.58,58.0
2026-02-16 15:00:00,future,4576,13948.107571992758,94.07045924658912,6724.108742333299,28.71,57.7
2026-02-16 16:00:00,future,4577,16720.963035860794,99.48205593995974,7041.388989351577,28.58,58.0
2026-02-16 17:00:00,future,4578,20163.847959821054,106.03093609040269,7403.433140671943,28.18,58.8
2026-02-16 18:00:00,future,4579,21878.98522219098,108.97866797204394,7524.858410572225,27.54,60.1
2026-02-16 19:00:00,future,4580,19711.345907676936,104.0829834481168,7152.254317475785,26.71,61.7
2026-02-16 20:00:00,future,4581,15991.91620134097,96.0139932958386,6574.977063475139,25.75,63.6
2026-02-16 21:00:00,future,4582,12570.70175870298,88.47986780343297,6022.994809509105,24.71,65.7
2026-02-16 22:00:00,future,4583,9456.281121077447,81.56190280653074,5509.377521624973,23.68,67.8
2026-02-16 23:00:00,future,4584,7376.012866054891,76.73968946170037,5128.597995875555,22.71,69.7
2026-02-17 00:00:00,future,4585,5419.752289290918,72.43930312021783,4819.081681177096,21.88,70.8
2026-02-17 01:00:00,future,4586,4605.103519481763,70.36469311137859,4634.938923086693,21.25,72.0
2026-02-17 02:00:00,future,4587,4625.233794501919,70.11857698693208,4583.498598323099,20.85,72.8
2026-02-17 03:00:00,future,4588,5278.786275168815,71.32107251441086,4644.268306335197,20.71,73.1
2026-02-17 04:00:00,future,4589,6863.752773428325,74.58045758767183,4856.251602388584,20.85,72.8
2026-02-17 05:00:00,future,4590,9405.04397879786,79.93207289316616,5219.78908157935,21.25,72.0
2026-02-17 06:00:00,future,4591,13449.787368435444,88.44500067301598,5797.503669646597,21.88,70.8
2026-02-17 07:00:00,future,4592,17002.501830995552,96.12032238707651,6342.213400253128,22.71,69.1
2026-02-17 08:00:00,future,4593,18613.60061337888,100.02574384913981,6669.208983063981,23.68,67.2
2026-02-17 09:00:00,future,4594,16396.99120243087,96.3446029822192,6537.900299689096,24.71,65.1
2026-02-17 10:00:00,future,4595,13251.323209960336,90.81879176037187,6294.73752751085,25.75,63.0
2026-02-17 11:00:00,future,4596,11597.113834554842,88.2085508025659,6222.523348843037,26.71,61.1
2026-02-17 12:00:00,future,4597,11045.88670096386,87.703777745566,6267.187107359415,27.54,59.5
2026-02-17 13:00:00,future,4598,11055.143825645126,88.18021390437609,6354.544010922225,28.18,58.2
2026-02-17 14:00:00,future,4599,12016.021567192618,90.38170350543818,6525.515546298772,28.58,57.4
2026-02-17 15:00:00,future,4600,13902.474582498371,94.23486419187304,6772.886228185873,28.71,57.1
2026-02-17 16:00:00,future,4601,16683.778951358403,99.68561216890532,7094.259819081604,28.58,57.4
2026-02-17 17:00:00,future,4602,20135.865648928902,106.28017058352647,7460.987235080872,28.18,58.2
2026-02-17 18:00:00,future,4603,21847.70763964299,109.23427882805927,7583.338159969745,27.54,59.5
2026-02-17 19:00:00,future,4604,19677.720753780184,104.31504960579993,7207.10727805685,26.71,61.1
2026-02-17 20:00:00,future,4605,15952.17104042956,96.2021995642674,6623.823126614207,25.75,63.0
2026-02-17 21:00:00,future,4606,12530.55237459678,88.6379055799333,6066.79292233152,24.71,65.1
2026-02-17 22:00:00,future,4607,9414.772828931453,81.69037496133329,5548.3751032938835,23.68,67.2
2026-02-17 23:00:00,future,4608,7334.207143226264,76.84919852540516,5164.177187424514,22.71,69.1
2026-02-18 00:00:00,future,4609,5405.630854264912,72.44191761360013,4849.177198993793,21.89,70.2
2026-02-18 01:00:00,future,4610,4611.16631505523,70.40326981041626,4665.184146613748,21.25,71.4
2026-02-18 02:00:00,future,4611,4645.193982257765,70.18455339017872,4615.096843757161,20.85,72.2
2026-02-18 03:00:00,future,4612,5315.48656017228,71.4248584872987,4679.467448810112,20.72,72.5
2026-02-18 04:00:00,future,4613,6913.366238891565,74.69654093409586,4892.579331575656,20.85,72.2
2026-02-18 05:00:00,future,4614,9434.46851328924,79.99807874758143,5255.254803527913,21.25,71.4
2026-02-18 06:00:00,future,4615,13483.509457123757,88.51092980205952,5837.404545687309,21.89,70.2
2026-02-18 07:00:00,future,4616,17033.311461957175,96.16670711436859,6384.247478966262,22.72,68.5
2026-02-18 08:00:00,future,4617,18648.609133304668,100.06733166870258,6712.059321402724,23.68,66.6
2026-02-18 09:00:00,future,4618,16433.207464426705,96.40497511698801,6582.083075886977,24.72,64.5
2026-02-18 10:00:00,future,4619,13282.829652771958,90.87554644548258,6336.3679471390005,25.75,62.4
2026-02-18 11:00:00,future,4620,11623.54129051092,88.2693235243719,6264.931426176085,26.72,60.5
2026-02-18 12:00:00,future,4621,11080.298809439304,87.78296538683186,6311.0415939523555,27.55,58.9
2026-02-18 13:00:00,future,4622,11099.879979858924,88.27300744771742,6398.88111032311,28.18,57.6
2026-02-18 14:00:00,future,4623,12067.090295886672,90.48344795135255,6571.457349226132,28.58,56.8
2026-02-18 15:00:00,future,4624,13950.478496706432,94.33024164235077,6820.853880380963,28.72,56.5
2026-02-18 16:00:00,future,4625,16723.72526294084,99.74671219703177,7141.138356363767,28.58,56.8
2026-02-18 17:00:00,future,4626,20169.84874305583,106.31554630849908,7508.478271423671,28.18,57.6
2026-02-18 18:00:00,future,4627,21884.6161777682,109.27557700124963,7632.814600290874,27.55,58.9
2026-02-18 19:00:00,future,4628,19720.327404951702,104.37594769600175,7255.471870270764,26.72,60.5
2026-02-18 20:00:00,future,4629,15998.281596672146,96.27729021126103,6668.5695066727785,25.75,62.4
2026-02-18 21:00:00,future,4630,12575.482941246932,88.7309525882568,6110.138762627895,24.72,64.5
2026-02-18 22:00:00,future,4631,9457.733779701894,81.78427799327527,5587.670752197534,23.68,66.6
2026-02-18 23:00:00,future,4632,7375.429139007083,76.9546544960899,5202.726451984082,22.72,68.5
2026-02-19 00:00:00,future,4633,5443.61928241157,72.44915769154782,4853.547735503979,21.89,69.6
2026-02-19 01:00:00,future,4634,4641.557008519976,70.40173994217491,4668.884816560698,21.25,70.8
2026-02-19 02:00:00,future,4635,4681.0745788197555,70.1937651131981,4619.432189428178,20.85,71.6
2026-02-19 03:00:00,future,4636,5352.753908729911,71.43172187729667,4683.7177538558435,20.72,71.9
2026-02-19 04:00:00,future,4637,6954.074344629391,74.6979377541192,4896.667993113002,20.85,71.6
2026-02-19 05:00:00,future,4638,9477.520620737138,79.98467757476186,5258.723090541351,21.25,70.8
2026-02-19 06:00:00,future,4639,13528.617190274035,88.47037640272838,5839.667895519906,21.89,69.6
2026-02-19 07:00:00,future,4640,17071.78050173305,96.08553983365861,6384.439984595347,22.72,67.9
2026-02-19 08:00:00,future,4641,18683.87048994658,99.96713341057831,6711.319319682418,23.68,66.0
2026-02-19 09:00:00,future,4642,16466.806183189365,96.31813761769757,6582.014547341945,24.72,63.9
2026-02-19 10:00:00,future,4643,13319.89307784266,90.81939788755074,6337.940112334694,25.75,61.8
2026-02-19 11:00:00,future,4644,11664.81495219525,88.23393351073024,6267.682609127012,26.72,59.9
2026-02-19 12:00:00,future,4645,11124.057262166669,87.75640572396854,6314.342407095618,27.55,58.3
2026-02-19 13:00:00,future,4646,11147.19740099612,88.25315556717354,6402.6440572003385,28.18,57.0
2026-02-19 14:00:00,future,4647,12117.0419145966,90.46128066077972,6575.20769945406,28.58,56.2
2026-02-19 15:00:00,future,4648,14000.622665987716,94.29398018948685,6823.941797565245,28.72,55.9
2026-02-19 16:00:00,future,4649,16776.86623170595,99.69518095251453,7143.56241687029,28.58,56.2
2026-02-19 17:00:00,future,4650,20220.16873435969,106.23214081226931,7509.266476282923,28.18,57.0
2026-02-19 18:00:00,future,4651,21933.885599128265,109.177143983945,7632.807763657167,27.55,58.3
2026-02-19 19:00:00,future,4652,19766.72573457672,104.28866674656396,7255.865617732027,26.72,59.9
2026-02-19 20:00:00,future,4653,16044.330100539544,96.21813786285944,6670.237325443742,25.75,61.8
2026-02-19 21:00:00,future,4654,12620.436175531016,88.6961770632128,6112.876144257891,24.72,63.9
2026-02-19 22:00:00,future,4655,9502.281650988058,81.77291189296514,5591.448917951172,23.68,66.0
2026-02-19 23:00:00,future,4656,7420.056615608552,76.95969947083678,5207.227620228643,22.72,67.9
2026-02-20 00:00:00,future,4657,5458.551907539812,72.46043845962961,4835.616515993412,21.89,71.0
2026-02-20 01:00:00,future,4658,4637.126635250726,70.37068642511352,4649.104102143905,21.25,72.2
2026-02-20 02:00:00,future,4659,4652.935983356413,70.1159935226983,4596.999955200907,20.85,73.0
2026-02-20 03:00:00,future,4660,5302.575347043714,71.30654550150679,4657.227230205904,20.71,73.3
2026-02-20 04:00:00,future,4661,6890.053880983527,74.56064556637166,4869.521219854858,20.85,73.0
2026-02-20 05:00:00,future,4662,9440.514214223424,79.91394136133357,5234.243248825977,21.25,72.2
2026-02-20 06:00:00,future,4663,13487.110225019143,88.41138506435925,5813.639564464931,21.89,71.0
2026-02-20 07:00:00,future,4664,17023.399099074486,96.02370896009941,6355.1847816375985,22.71,69.3
2026-02-20 08:00:00,future,4665,18619.299428909653,99.88820400680027,6680.616969272786,23.68,67.4
2026-02-20 09:00:00,future,4666,16396.842477434522,96.20939400619608,6549.008948697702,24.71,65.3
2026-02-20 10:00:00,future,4667,13263.914418174614,90.72883446585936,6307.8398940777815,25.75,63.2
2026-02-20 11:00:00,future,4668,11624.060068886643,88.15745736196601,6237.748115013112,26.71,61.3
2026-02-20 12:00:00,future,4669,11081.260174942843,87.6726983454994,6283.737580168148,27.54,59.7
2026-02-20 13:00:00,future,4670,11096.980956125448,88.16169607162986,6372.100671138156,28.18,58.4
2026-02-20 14:00:00,future,4671,12065.630802490748,90.37228882861224,6544.12968433966,28.58,57.6
2026-02-20 15:00:00,future,4672,13954.53021707313,94.21809208757959,6791.791417498957,28.71,57.3
2026-02-20 16:00:00,future,4673,16747.777266511053,99.67466483309518,7114.499478896873,28.58,57.6
2026-02-20 17:00:00,future,4674,20190.36326105849,106.22820936911565,7479.838465534575,28.18,58.4
2026-02-20 18:00:00,future,4675,21895.373771953764,109.15791919615383,7601.091447255275,27.54,59.7
2026-02-20 19:00:00,future,4676,19715.56283240595,104.23346047848085,7223.438931042142,26.71,61.3
2026-02-20 20:00:00,future,4677,15990.67302228606,96.1462928909262,6640.008218325104,25.75,63.2
2026-02-20 21:00:00,future,4678,12570.07214310908,88.60645872720654,6082.8393775022105,24.71,65.3
2026-02-20 22:00:00,future,4679,9457.302887243715,81.68536959372042,5564.520724663462,23.68,67.4
2026-02-20 23:00:00,future,4680,7377.671782538089,76.85980987564209,5180.161413580931,22.71,69.3
2026-02-21 00:00:00,future,4681,5459.012013687285,72.41904504130774,4820.984011887965,21.89,70.4
2026-02-21 01:00:00,future,4682,4655.263382546696,70.37782011458062,4638.809691532828,21.26,71.6
2026-02-21 02:00:00,future,4683,4692.254881166719,70.1649794329929,4589.3976854726,20.86,72.4
2026-02-21 03:00:00,future,4684,5363.427034414166,71.39317578581351,4651.784743833727,20.72,72.7
2026-02-21 04:00:00,future,4685,6963.948138016245,74.66087802911412,4864.39688291106,20.86,72.4
2026-02-21 05:00:00,future,4686,9486.333511118844,79.93897074234312,5223.633546655211,21.26,71.6
2026-02-21 06:00:00,future,4687,13538.569985282104,88.40926433356813,5799.052662286422,21.89,70.4
2026-02-21 07:00:00,future,4688,17076.079689576858,96.00388953421722,6339.106672321528,22.72,68.7
2026-02-21 08:00:00,future,4689,18687.2047970056,99.87898143977557,6663.476979567377,23.68,66.8
2026-02-21 09:00:00,future,4690,16471.559311266523,96.23773779587283,6535.37663386673,24.72,64.7
2026-02-21 10:00:00,future,4691,13326.902560391503,90.7507405937996,6293.4678369681415,25.75,62.6
2026-02-21 11:00:00,future,4692,11673.383110153743,88.17193940871073,6223.984752367514,26.72,60.7
2026-02-21 12:00:00,future,4693,11131.677612676996,87.6934069136086,6270.230497011344,27.55,59.1
2026-02-21 13:00:00,future,4694,11151.319695628556,88.18280985971256,6357.4850165491525,28.18,57.8
2026-02-21 14:00:00,future,4695,12119.497265756188,90.38497642912476,6528.577485568942,28.58,57.0
2026-02-21 15:00:00,future,4696,14002.326597005864,94.21139370163424,6775.364368881346,28.72,56.7
2026-02-21 16:00:00,future,4697,16778.524184205027,99.60563706135932,7092.574697584474,28.58,57.0
2026-02-21 17:00:00,future,4698,20223.25421118617,106.13703740765337,7455.685534365746,28.18,57.8
2026-02-21 18:00:00,future,4699,21937.51401078667,109.07919240453892,7578.328026539865,27.55,59.1
2026-02-21 19:00:00,future,4700,19769.94071986239,104.19580261345803,7204.111289245124,26.72,60.7
2026-02-21 20:00:00,future,4701,16048.503542941577,96.13704968273815,6622.930489415752,25.75,62.6
2026-02-21 21:00:00,future,4702,12625.712550711858,88.62643860328103,6069.818720431462,24.72,64.7
2026-02-21 22:00:00,future,4703,9508.066160080056,81.71258666489811,5552.298896558218,23.68,66.8
2026-02-21 23:00:00,future,4704,7425.521448793354,76.90451019869165,5170.861019856498,22.72,68.7
2026-02-22 00:00:00,future,4705,5414.73628454288,72.59592785409588,4827.611223591288,21.88,69.8
2026-02-22 01:00:00,future,4706,4572.486292980993,70.44823556271366,4639.009654407084,21.25,71.0
2026-02-22 02:00:00,future,4707,4542.998013344615,70.10232477720987,4581.453330119587,20.85,71.8
2026-02-22 03:00:00,future,4708,5157.4583954942555,71.23966726286125,4638.2087079442,20.71,72.1
2026-02-22 04:00:00,future,4709,6718.631929303652,74.48440584506703,4849.237356589686,20.85,71.8
2026-02-22 05:00:00,future,4710,9305.14701987499,79.98058510910849,5221.520772692318,21.25,71.0
2026-02-22 06:00:00,future,4711,13345.39389879126,88.5695640123352,5803.742094194597,21.88,69.8
2026-02-22 07:00:00,future,4712,16885.81206631394,96.29506477379871,6351.40629473122,22.71,68.1
2026-02-22 08:00:00,future,4713,18456.94597458718,100.14722417655643,6674.210862720775,23.67,66.2
2026-02-22 09:00:00,future,4714,16220.06808837006,96.38673090445997,6539.098442159215,24.71,64.1
2026-02-22 10:00:00,future,4715,13099.241940605983,90.83865894392461,6293.83865354367,25.74,62.0
2026-02-22 11:00:00,future,4716,11474.14424338574,88.2602502147135,6224.588916087052,26.71,60.1
2026-02-22 12:00:00,future,4717,10922.094009577262,87.74285304618599,6268.5389307621135,27.54,58.5
2026-02-22 13:00:00,future,4718,10922.527635284285,88.19499006406126,6353.527031548226,28.17,57.2
2026-02-22 14:00:00,future,4719,11878.1537066292,90.40629320877729,6525.075376786782,28.57,56.4
2026-02-22 15:00:00,future,4720,13770.033393067402,94.31712784686287,6776.808403351629,28.71,56.1
2026-02-22 16:00:00,future,4721,16579.517668999477,99.87560597389263,7103.734388539675,28.57,56.4
2026-02-22 17:00:00,future,4722,20027.68836038937,106.53426678731991,7474.219526154451,28.17,57.2
2026-02-22 18:00:00,future,4723,21726.02587434384,109.50373153577458,7598.321646150833,27.54,58.5
2026-02-22 19:00:00,future,4724,19536.098523118297,104.49833924246852,7216.880202966069,26.71,60.1
2026-02-22 20:00:00,future,4725,15806.180450879168,96.29087400212421,6627.017359929295,25.74,62.0
2026-02-22 21:00:00,future,4726,12390.699648230817,88.67375914928904,6067.767446528,24.71,64.1
2026-02-22 22:00:00,future,4727,9286.744346103773,81.67694448021494,5545.512924338304,23.67,66.2
2026-02-22 23:00:00,future,4728,7212.981282781029,76.81240809236846,5160.843141813753,22.71,68.1
2026-02-23 00:00:00,future,4729,5322.991887547478,72.06496260457102,4768.428513314574,21.9,71.2
2026-02-23 01:00:00,future,4730,4530.102203905764,70.02800863617853,4586.925300511323,21.26,72.4
2026-02-23 02:00:00,future,4731,4565.599652969142,69.8135785020608,4537.83473923285,20.86,73.2
2026-02-23 03:00:00,future,4732,5239.985399855974,71.06529199793124,4602.199219631063,20.73,73.5
2026-02-23 04:00:00,future,4733,6843.94688844783,74.35551065639866,4813.907196158187,20.86,73.2
2026-02-23 05:00:00,future,4734,9357.131258711785,79.65079050741522,5171.8272636795045,21.26,72.4
2026-02-23 06:00:00,future,4735,13409.806804865008,88.18619475355317,5748.326058411665,21.9,71.2
2026-02-23 07:00:00,future,4736,16940.374908583282,95.81623469563623,6286.921057311525,22.73,69.5
2026-02-23 08:00:00,future,4737,18552.434964191656,99.71437770191478,6610.398479416921,23.69,67.6
2026-02-23 09:00:00,future,4738,16342.575261685704,96.05048393404682,6481.443665017044,24.73,65.5
2026-02-23 10:00:00,future,4739,13200.872471814617,90.52181189715314,6238.240531985894,25.76,63.4
2026-02-23 11:00:00,future,4740,11548.844433663684,87.92005791480997,6167.535857804144,26.73,61.5
2026-02-23 12:00:00,future,4741,11013.832291932003,87.44527987511151,6213.49535772895,27.56,59.9
2026-02-23 13:00:00,future,4742,11035.53494139797,87.93772672648146,6300.21730706849,28.19,58.6
2026-02-23 14:00:00,future,4743,12005.292659251976,90.15615374695484,6471.116897035018,28.59,57.8
2026-02-23 15:00:00,future,4744,13884.45872042916,94.00212826661972,6717.506827038815,28.73,57.5
2026-02-23 16:00:00,future,4745,16657.009650302993,99.4294474071705,7034.7759032843305,28.59,57.8
2026-02-23 17:00:00,future,4746,20099.8417514877,106.00760910280867,7398.559742505364,28.19,58.6
2026-02-23 18:00:00,future,4747,21815.100461322887,108.97783050753306,7522.309306278218,27.56,59.9
2026-02-23 19:00:00,future,4748,19647.64601970253,104.0651857348474,7148.885854499795,26.73,61.5
2026-02-23 20:00:00,future,4749,15928.304594103432,95.95900402576862,6568.72961432244,25.76,63.4
2026-02-23 21:00:00,future,4750,12507.031432431744,88.4042482873542,6016.682195782756,24.73,65.5
2026-02-23 22:00:00,future,4751,9392.49568262733,81.45385002340298,5500.468042401225,23.69,67.6
2026-02-23 23:00:00,future,4752,7312.19770860549,76.62226507973882,5120.25317898353,22.73,69.5
2026-02-24 00:00:00,future,4753,5356.134768041942,72.30472080984075,4809.687823726824,21.9,70.6
2026-02-24 01:00:00,future,4754,4541.522930053521,70.21699149641243,4623.976929628579,21.26,71.8
2026-02-24 02:00:00,future,4755,4562.145622744522,69.97246503729954,4572.704523827844,20.86,72.6
2026-02-24 03:00:00,future,4756,5216.094796762705,71.18845785171919,4635.208872969225,20.73,72.9
2026-02-24 04:00:00,future,4757,6801.36938574568,74.45426948109504,4846.594793759324,20.86,72.6
2026-02-24 05:00:00,future,4758,9342.350777136004,79.82584432053295,5211.189363087962,21.26,71.8
2026-02-24 06:00:00,future,4759,13387.092138847214,88.37867510914974,5791.992995028692,21.9,70.6
2026-02-24 07:00:00,future,4760,16939.75215281945,96.08236181313872,6338.160343231948,22.73,68.9
2026-02-24 08:00:00,future,4761,18551.024547736713,99.99324875763274,6664.350530037361,23.69,67.0
2026-02-24 09:00:00,future,4762,16334.529044783843,96.30002208512214,6533.106917308036,24.73,64.9
2026-02-24 10:00:00,future,4763,13188.762857445756,90.7397158646949,6286.8548487696335,25.76,62.8
2026-02-24 11:00:00,future,4764,11534.406884526725,88.1215954969331,6214.955134385457,26.73,60.9
2026-02-24 12:00:00,future,4765,10983.24833796486,87.61149286685333,6259.164620285551,27.56,59.3
2026-02-24 13:00:00,future,4766,10992.624734360365,88.08039906458004,6345.038407990852,28.19,58.0
2026-02-24 14:00:00,future,4767,11953.535297892122,90.28946349535876,6516.366885424762,28.59,57.2
2026-02-24 15:00:00,future,4768,13839.902961375508,94.16505772448862,6765.925825575343,28.73,56.9
2026-02-24 16:00:00,future,4769,16620.973668740982,99.63133739704315,7087.263808011449,28.59,57.2
2026-02-24 17:00:00,future,4770,20073.009725312793,106.25478184679936,7455.7041383868345,28.19,58.0
2026-02-24 18:00:00,future,4771,21784.95498692861,109.23109947330401,7580.373513603203,27.56,59.3
2026-02-24 19:00:00,future,4772,19615.10783325471,104.29511152485001,7203.344682876299,26.73,60.9
2026-02-24 20:00:00,future,4773,15889.604905644126,96.1454489109456,6617.207879961077,25.76,62.8
2026-02-24 21:00:00,future,4774,12467.911972345975,88.56099132631957,6060.16231427636,24.73,64.9
2026-02-24 22:00:00,future,4775,9352.01378070223,81.58143658618583,5539.175108216701,23.69,67.0
2026-02-24 23:00:00,future,4776,7271.489548317511,76.73134249090572,5155.588463516636,22.73,68.9
2026-02-25 00:00:00,future,4777,5343.1155317454995,72.30042274370173,4838.228230087278,21.9,70.0
2026-02-25 01:00:00,future,4778,4548.666002595971,70.26328227436262,4655.392353194897,21.27,71.2
2026-02-25 02:00:00,future,4779,4583.199457226213,70.04629057431733,4605.483856178957,20.87,72.0
2026-02-25 03:00:00,future,4780,5253.862780988343,71.28571154468908,4668.883253318901,20.73,72.3
2026-02-25 04:00:00,future,4781,6852.033113644655,74.57780789664706,4884.076519763686,20.87,72.0
2026-02-25 05:00:00,future,4782,9372.82535183505,79.89852441514829,5247.756363160824,21.27,71.2
2026-02-25 06:00:00,future,4783,13421.854288126786,88.43600170673106,5830.225744836039,21.9,70.0
2026-02-25 07:00:00,future,4784,16971.59486485386,96.11923817079419,6378.461390896209,22.73,68.3
2026-02-25 08:00:00,future,4785,18587.0703820017,100.03927536183988,6708.138546378405,23.7,66.4
2026-02-25 09:00:00,future,4786,16371.780539691656,96.35106040874162,6575.554003934626,24.73,64.3
2026-02-25 10:00:00,future,4787,13221.320552796977,90.80218920080229,6329.492578937368,25.77,62.2
2026-02-25 11:00:00,future,4788,11561.903130662606,88.17416844295147,6255.688185456418,26.73,60.3
2026-02-25 12:00:00,future,4789,11018.734410667985,87.68268071586478,6301.350846688608,27.56,58.7
2026-02-25 13:00:00,future,4790,11038.461503041966,88.17962543005974,6390.411397445342,28.2,57.4
2026-02-25 14:00:00,future,4791,12005.7109362629,90.39746743337376,6563.329953956182,28.6,56.6
2026-02-25 15:00:00,future,4792,13889.00410549805,94.25188746817973,6812.180055115723,28.73,56.3
2026-02-25 16:00:00,future,4793,16662.03245721099,99.69748886545246,7135.0849662101855,28.6,56.6
2026-02-25 17:00:00,future,4794,20108.09438417872,106.29430668567956,7504.08192809156,28.2,57.4
2026-02-25 18:00:00,future,4795,21822.955744473908,109.261837032557,7628.013465091166,27.56,58.7
2026-02-25 19:00:00,future,4796,19658.80016270905,104.34601473676882,7249.915375514056,26.73,60.3
2026-02-25 20:00:00,future,4797,15936.794887037522,96.225777196838,6662.928759034529,25.77,62.2
2026-02-25 21:00:00,future,4798,12513.920496181658,88.6457975901857,6101.842984081732,24.73,64.3
2026-02-25 22:00:00,future,4799,9396.0565176262,81.6821611598506,5579.563506830291,23.7,66.4
2026-02-25 23:00:00,future,4800,7313.787973961388,76.82980322346496,5192.568305032865,22.73,68.3
2026-02-26 00:00:00,future,4801,5382.187889829591,72.30832580214977,4842.449707328235,21.9,71.4
2026-02-26 01:00:00,future,4802,4580.160280370607,70.26261142640082,4658.964184632191,21.27,72.6
2026-02-26 02:00:00,future,4803,4620.167036332633,70.05636154992037,4609.692577873477,20.87,73.4
2026-02-26 03:00:00,future,4804,5292.2473247544385,71.29332671903491,4672.997820712286,20.73,73.7
2026-02-26 04:00:00,future,4805,6893.861631079544,74.57955423175558,4887.998211469324,20.87,73.4
2026-02-26 05:00:00,future,4806,9416.988279959647,79.88479422156732,5251.00345152837,21.27,72.6
2026-02-26 06:00:00,future,4807,13468.061357489882,88.39402340624581,5832.179877682772,21.9,71.4
2026-02-26 07:00:00,future,4808,17011.1441243799,96.03559678854315,6378.261344433359,22.73,69.7
2026-02-26 08:00:00,future,4809,18623.40941440076,99.93612602282828,6706.965138577809,23.7,67.8
2026-02-26 09:00:00,future,4810,16406.482217892128,96.26189594338123,6575.091931829386,24.73,65.7
2026-02-26 10:00:00,future,4811,13259.485946902603,90.74457138959389,6330.730268467651,25.77,63.6
2026-02-26 11:00:00,future,4812,11604.272573130953,88.13776964737922,6258.132678871312,26.73,61.7
2026-02-26 12:00:00,future,4813,11063.582031336027,87.65525565805054,6304.350566423002,27.56,60.1
2026-02-26 13:00:00,future,4814,11086.862226326575,88.15890852437578,6393.869764090089,28.2,58.8
2026-02-26 14:00:00,future,4815,12056.75236735417,90.37420493877968,6566.755156285306,28.6,58.0
2026-02-26 15:00:00,future,4816,13940.251521349684,94.2140564059371,6814.904710530668,28.73,57.7
2026-02-26 16:00:00,future,4817,16716.26327387597,99.64364054460111,7137.090388678581,28.6,58.0
2026-02-26 17:00:00,future,4818,20159.495174994907,106.20762406128433,7504.381645059206,28.2,58.8
2026-02-26 18:00:00,future,4819,21873.3081433331,109.15967149093888,7627.486787772815,27.56,60.1
2026-02-26 19:00:00,future,4820,19706.29127193705,104.25558589728371,7249.8390639707695,26.73,61.7
2026-02-26 20:00:00,future,4821,15983.948680632157,96.16450330464073,6664.2109958576375,25.77,63.6
2026-02-26 21:00:00,future,4822,12559.986008024393,88.60983768218047,6104.271634642363,24.73,65.7
2026-02-26 22:00:00,future,4823,9441.73552266524,81.67048900629734,5583.106386477311,23.7,67.8
2026-02-26 23:00:00,future,4824,7359.53404444225,76.83508842547499,5196.881283662219,22.73,69.7
2026-02-27 00:00:00,future,4825,5398.2399052290075,72.3194013276015,4824.26368578767,21.9,70.8
2026-02-27 01:00:00,future,4826,4576.87510334792,70.23140376601779,4638.9384661494705,21.27,72.0
2026-02-27 02:00:00,future,4827,4593.206313794565,69.97833036235785,4587.0132045763985,20.87,72.8
2026-02-27 03:00:00,future,4828,5243.254122901149,71.17479323497308,4647.598753368847,20.73,73.1
2026-02-27 04:00:00,future,4829,6831.02963550624,74.44138633168383,4860.551740373441,20.87,72.8
2026-02-27 05:00:00,future,4830,9381.147642156251,79.81291854628068,5226.18486003833,21.27,72.0
2026-02-27 06:00:00,future,4831,13427.69098986832,88.33312736487427,5805.737188023872,21.9,70.8
2026-02-27 07:00:00,future,4832,16963.924203682873,95.97840904567285,6349.872913770991,22.73,69.1
2026-02-27 08:00:00,future,4833,18560.03523020121,99.8471963494858,6674.383848241924,23.69,67.2
2026-02-27 09:00:00,future,4834,16337.74192587256,96.15778728284864,6542.939495941154,24.73,65.1
2026-02-27 10:00:00,future,4835,13204.71535522732,90.64489464720752,6298.8243571927605,25.76,63.0
2026-02-27 11:00:00,future,4836,11564.70133772054,88.06678038445288,6229.1181842533515,26.73,61.1
2026-02-27 12:00:00,future,4837,11021.974281563522,87.57709099541036,6274.665478555886,27.56,59.5
2026-02-27 13:00:00,future,4838,11037.81791857602,88.0585783341337,6361.52846578552,28.19,58.2
2026-02-27 14:00:00,future,4839,12006.486844576915,90.27611010057296,6533.854427659481,28.59,57.4
2026-02-27 15:00:00,future,4840,13895.281643617633,94.14304814416771,6783.602265293879,28.73,57.1
2026-02-27 16:00:00,future,4841,16688.26091084724,99.61331714939446,7106.127319176495,28.59,57.4
2026-02-27 17:00:00,future,4842,20130.79712808368,106.19337688869938,7473.001473895558,28.19,58.2
2026-02-27 18:00:00,future,4843,21835.92697222584,109.14415379246508,7596.5002974546815,27.56,59.5
2026-02-27 19:00:00,future,4844,19656.282545059265,104.2044171041724,7218.186112120569,26.73,61.1
2026-02-27 20:00:00,future,4845,15931.443307193662,96.08300915101165,6632.123757668774,25.76,63.0
2026-02-27 21:00:00,future,4846,12510.765755747769,88.52536667357575,6075.152138489982,24.73,65.1
2026-02-27 22:00:00,future,4847,9397.954728359682,81.57458399512339,5554.464299181446,23.69,67.2
2026-02-27 23:00:00,future,4848,7318.3353674293085,76.74150038731717,5170.852111918324,22.73,69.1
2026-02-28 00:00:00,future,4849,5399.878896676319,72.28686732927434,4811.041109381488,21.91,70.2
2026-02-28 01:00:00,future,4850,4596.149540721772,70.23333646078669,4627.376585746837,21.27,71.4
2026-02-28 02:00:00,future,4851,4633.398974229501,70.0217225411832,4578.117998514732,20.87,72.2
2026-02-28 03:00:00,future,4852,5304.95318662299,71.25576080514931,4640.854023858708,20.73,72.5
2026-02-28 04:00:00,future,4853,6905.763384922504,74.53563397341149,4854.095455597472,20.87,72.2
2026-02-28 05:00:00,future,4854,9427.928098404822,79.83136588198751,5214.193538723851,21.27,71.4
2026-02-28 06:00:00,future,4855,13480.172789847558,88.337871652576,5792.388533511632,21.91,70.2
2026-02-28 07:00:00,future,4856,17017.599802554392,95.95024735606903,6332.261323282043,22.73,68.5
2026-02-28 08:00:00,future,4857,18628.84979676573,99.84349433808023,6658.369373564311,23.7,66.6
2026-02-28 09:00:00,future,4858,16413.337176463225,96.17795508592431,6527.786502858396,24.73,64.5
2026-02-28 10:00:00,future,4859,13268.621427700027,90.67375144958183,6285.696965923486,25.77,62.4
2026-02-28 11:00:00,future,4860,11615.002693786057,88.07439833551213,6213.94387137583,26.73,60.5
2026-02-28 12:00:00,future,4861,11073.381827186007,87.59113776963895,6259.763014136619,27.56,58.9
2026-02-28 13:00:00,future,4862,11093.144134886024,88.08736655886759,6348.215153967053,28.2,57.6
2026-02-28 14:00:00,future,4863,12061.416744521632,90.29638785932251,6519.593862074803,28.6,56.8
2026-02-28 15:00:00,future,4864,13944.224464737512,94.12929148235598,6765.73918107661,28.73,56.5
2026-02-28 16:00:00,future,4865,16720.269888649345,99.55091163613938,7085.409114940067,28.6,56.8
2026-02-28 17:00:00,future,4866,20164.909747208192,106.10786816295159,7449.976294547403,28.2,57.6
2026-02-28 18:00:00,future,4867,21879.21198819332,109.05625140588577,7572.1253779677345,27.56,58.9
2026-02-28 19:00:00,future,4868,19711.712645004452,104.15801214334122,7197.285017082433,26.73,60.5
2026-02-28 20:00:00,future,4869,15990.33167127187,96.08026060183752,6616.247236999034,25.77,62.4
2026-02-28 21:00:00,future,4870,12567.49358895926,88.5384245359357,6060.7108310942795,24.73,64.5
2026-02-28 22:00:00,future,4871,9449.769819207628,81.60981938125346,5543.574960025233,23.7,66.6
2026-02-28 23:00:00,future,4872,7367.2271830225645,76.78037869962279,5160.228667381104,22.73,68.5
2026-03-01 00:00:00,future,4873,5207.798110600182,75.21425001030609,5075.664738647004,24.7,70.2
2026-03-01 01:00:00,future,4874,4604.496138345465,73.46671503147975,4906.910541280332,23.99,71.5
2026-03-01 02:00:00,future,4875,4429.634062036995,72.7989568424828,4827.215363093989,23.54,72.3
2026-03-01 03:00:00,future,4876,4863.320065481103,73.61253355425367,4864.0222368422865,23.38,72.6
2026-03-01 04:00:00,future,4877,6239.041417088372,76.63409900149614,5064.9241982255435,23.54,72.3
2026-03-01 05:00:00,future,4878,8981.16613487119,82.74331688285665,5481.8905886007515,23.99,71.5
2026-03-01 06:00:00,future,4879,13410.376869338364,92.60008384282686,6153.269201993027,24.7,70.2
2026-03-01 07:00:00,future,4880,17448.07487561072,101.77227982667091,6800.94445729787,25.63,68.6
2026-03-01 08:00:00,future,4881,19193.484847944783,106.1914860173964,7167.6411091394275,26.72,66.7
2026-03-01 09:00:00,future,4882,16859.066625983876,102.0094834155529,7007.178525916635,27.88,64.6
2026-03-01 10:00:00,future,4883,13558.68460218684,95.7866682496642,6721.074054168511,29.05,62.5
2026-03-01 11:00:00,future,4884,11927.885225261794,93.04320318581837,6642.964531082574,30.13,60.6
2026-03-01 12:00:00,future,4885,11199.549016153118,92.11351763387695,6664.507457272842,31.06,58.9
2026-03-01 13:00:00,future,4886,10930.621368422542,92.01891499686872,6719.933987739051,31.78,57.7
2026-03-01 14:00:00,future,4887,11440.72198181534,93.39723039859544,6843.670747783151,32.23,56.9
2026-03-01 15:00:00,future,4888,12943.04205543336,96.68052621733258,7059.943964150666,32.38,56.6
2026-03-01 16:00:00,future,4889,15634.600036081334,102.28639429569901,7394.636711406667,32.23,56.9
2026-03-01 17:00:00,future,4890,19139.8500056275,109.41884362633449,7798.412071311993,31.78,57.7
2026-03-01 18:00:00,future,4891,20750.132912981273,112.35652529252526,7919.204563816184,31.06,58.9
2026-03-01 19:00:00,future,4892,18595.879984913885,107.17639864754216,7518.964765388687,30.13,60.6
2026-03-01 20:00:00,future,4893,15098.517409942622,99.05043177000671,6923.367839482866,29.05,62.5
2026-03-01 21:00:00,future,4894,12023.369785144763,91.75994796918953,6371.894348544334,27.88,64.6
2026-03-01 22:00:00,future,4895,9447.022877729269,85.53330360267287,5887.210743292848,26.72,66.7
2026-03-01 23:00:00,future,4896,7921.847098794069,81.58089635448638,5549.447108343716,25.63,68.6
2026-03-02 00:00:00,future,4897,5099.678456420576,94.62128159649457,4910.009652338585,24.4,73.6
2026-03-02 01:00:00,future,4898,4031.836913270531,90.35151036808264,4648.21415004942,23.68,74.9
2026-03-02 02:00:00,future,4899,3563.455617758823,88.37119291708056,4517.537230584384,23.23,75.7
2026-03-02 03:00:00,future,4900,3634.986592103251,88.49841971474189,4511.66426402024,23.08,76.0
2026-03-02 04:00:00,future,4901,4696.728998681765,92.2905052567021,4705.136763376578,23.23,75.7
2026-03-02 05:00:00,future,4902,7124.740694764201,101.04800793003722,5160.206502597999,23.68,74.9
2026-03-02 06:00:00,future,4903,10082.715853102907,111.85461671789952,5734.890482718907,24.4,73.6
2026-03-02 07:00:00,future,4904,12629.547521112085,121.40754524050271,6266.314352910725,25.33,72.0
2026-03-02 08:00:00,future,4905,13519.227488849836,125.34953669597354,6541.131092298413,26.41,70.0
2026-03-02 09:00:00,future,4906,11590.6287255872,119.61688732858885,6360.044719968919,27.58,68.0
2026-03-02 10:00:00,future,4907,9635.182166346456,113.78337715761371,6173.333087492964,28.74,65.9
2026-03-02 11:00:00,future,4908,8837.043402538146,111.8962271835082,6169.933037197993,29.83,64.0
2026-03-02 12:00:00,future,4909,8414.119223002377,111.17855292404751,6209.750187524395,30.76,62.3
2026-03-02 13:00:00,future,4910,8148.178864117337,110.83557320021109,6250.754426310409,31.48,61.0
2026-03-02 14:00:00,future,4911,8518.079098827295,112.47530377842793,6365.12901192883,31.93,60.3
2026-03-02 15:00:00,future,4912,9635.13756357988,116.4586943603109,6567.758407444599,32.08,60.0
2026-03-02 16:00:00,future,4913,11545.439216203067,122.94512515096024,6866.271413377356,31.93,60.3
2026-03-02 17:00:00,future,4914,13872.017908772885,130.63089653115895,7198.265899385509,31.48,61.0
2026-03-02 18:00:00,future,4915,14743.77990703781,133.0690496410477,7257.548015521649,30.76,62.3
2026-03-02 19:00:00,future,4916,13041.070352574849,126.43543279686295,6865.858226079052,29.83,64.0
2026-03-02 20:00:00,future,4917,10702.9157169957,117.47602656677869,6350.083303831071,28.74,65.9
2026-03-02 21:00:00,future,4918,8641.187331098532,109.41654004522138,5871.800809083615,27.58,68.0
2026-03-02 22:00:00,future,4919,6933.355301589887,102.57295818878514,5450.92058691015,26.41,70.0
2026-03-02 23:00:00,future,4920,5993.226694058271,98.45649517173914,5167.752692880831,25.33,72.0
2026-03-03 00:00:00,future,4921,5423.641217326467,84.27645468102774,5082.6257462710055,24.46,71.8
2026-03-03 01:00:00,future,4922,4939.696101996364,82.64719508941047,4930.286544858351,23.74,73.1
2026-03-03 02:00:00,future,4923,4932.085967897145,82.2934232440982,4871.892327315194,23.29,73.9
2026-03-03 03:00:00,future,4924,5284.900114748281,82.97635282239968,4896.799248533316,23.14,74.2
2026-03-03 04:00:00,future,4925,6999.569442581167,86.95290666417617,5130.053163283745,23.29,73.9
2026-03-03 05:00:00,future,4926,10024.974571915249,94.10787712494056,5565.2709386890065,23.74,73.1
2026-03-03 06:00:00,future,4927,14289.92450580083,104.25837980218235,6189.733558117653,24.46,71.8
2026-03-03 07:00:00,future,4928,17642.632135310945,112.51005355515598,6727.094233462072,25.39,70.2
2026-03-03 08:00:00,future,4929,19168.70833874913,116.75725864095914,7055.516576683533,26.47,68.3
2026-03-03 09:00:00,future,4930,16661.180982227525,111.98126353717677,6891.763001101522,27.64,66.2
2026-03-03 10:00:00,future,4931,13644.54599915539,106.05041311732649,6663.162058217902,28.8,64.1
2026-03-03 11:00:00,future,4932,12189.325409478017,103.58615597811706,6620.594803714186,29.89,62.2
2026-03-03 12:00:00,future,4933,11614.57345367375,102.9865218271204,6667.544666980691,30.82,60.5
2026-03-03 13:00:00,future,4934,11497.727831644248,103.26178052153999,6744.864821857738,31.54,59.3
2026-03-03 14:00:00,future,4935,12387.384238249797,105.60341830764919,6913.397672121033,31.99,58.5
2026-03-03 15:00:00,future,4936,14246.626567370742,109.90579603664953,7164.704010181261,32.14,58.2
2026-03-03 16:00:00,future,4937,17147.80163675912,116.33196158870003,7507.817579320641,31.99,58.5
2026-03-03 17:00:00,future,4938,20552.905521554803,123.66941658182168,7875.559345366977,31.54,59.3
2026-03-03 18:00:00,future,4939,22225.599907335058,126.90057117080373,7992.513641729216,30.82,60.5
2026-03-03 19:00:00,future,4940,20012.966194834757,121.2182797509984,7597.510784033702,29.89,62.2
2026-03-03 20:00:00,future,4941,16367.778988121054,112.18775792151365,7003.204488339842,28.8,64.1
2026-03-03 21:00:00,future,4942,13038.44413076284,103.81670865613475,6439.402058187029,27.64,66.2
2026-03-03 22:00:00,future,4943,10021.63801037642,96.14252432302047,5913.3476783339465,26.47,68.3
2026-03-03 23:00:00,future,4944,7931.094204832021,90.62317971813988,5514.441856128851,25.39,70.2
2026-03-04 00:00:00,future,4945,5855.588574344436,85.590978252891,5204.153726901099,24.45,71.2
2026-03-04 01:00:00,future,4946,4918.485957116927,82.91809771670174,4992.743383241107,23.74,72.5
2026-03-04 02:00:00,future,4947,4892.55154710486,82.5213902235102,4931.303781543496,23.29,73.3
2026-03-04 03:00:00,future,4948,5501.259095033811,83.79174311273596,4988.388507092213,23.13,73.6
2026-03-04 04:00:00,future,4949,7145.92619392423,87.66829978373623,5219.134210269884,23.29,73.3
2026-03-04 05:00:00,future,4950,9806.13572690454,94.0819276473635,5617.057822337203,23.74,72.5
2026-03-04 06:00:00,future,4951,13868.20457301986,103.8925109981063,6227.629650611326,24.45,71.2
2026-03-04 07:00:00,future,4952,17327.879732465033,112.49215901468223,6789.6734981624195,25.38,69.6
2026-03-04 08:00:00,future,4953,18843.91471344141,116.77234842493323,7124.117596437397,26.47,67.7
2026-03-04 09:00:00,future,4954,16567.881962143725,112.44361091047958,6983.231262145717,27.63,65.6
2026-03-04 10:00:00,future,4955,13527.718115181484,106.37702887446616,6746.031837574727,28.8,63.5
2026-03-04 11:00:00,future,4956,11918.403865894368,103.51114130565715,6679.973819960385,29.88,61.6
2026-03-04 12:00:00,future,4957,11386.44865974252,103.00104733502758,6733.446234000166,30.82,59.9
2026-03-04 13:00:00,future,4958,11381.471692133178,103.52213370395104,6824.521873805782,31.53,58.7
2026-03-04 14:00:00,future,4959,12337.469893660367,106.04319021603567,7004.761365363051,31.98,57.9
2026-03-04 15:00:00,future,4960,14231.805147057668,110.48251196321192,7266.106235426834,32.13,57.6
2026-03-04 16:00:00,future,4961,17009.506353114113,116.71454003033695,7601.534857533116,31.98,57.9
2026-03-04 17:00:00,future,4962,20320.395213264663,123.93943581302597,7966.317887651637,31.53,58.7
2026-03-04 18:00:00,future,4963,21954.266213119583,127.13888933701092,8083.305859599562,30.82,59.9
2026-03-04 19:00:00,future,4964,19755.298981328306,121.41131181172435,7681.004378346666,29.88,61.6
2026-03-04 20:00:00,future,4965,16129.20997872454,112.31906934351086,7078.328342050236,28.8,63.5
2026-03-04 21:00:00,future,4966,12791.442005249051,103.81788373936934,6500.855047703651,27.63,65.6
2026-03-04 22:00:00,future,4967,9720.545309583013,95.93375539626292,5958.761746424469,26.47,67.7
2026-03-04 23:00:00,future,4968,7656.180177072385,90.40113079815917,5554.27776249511,25.38,69.6
2026-03-05 00:00:00,future,4969,5748.6496444962695,85.27446299071566,5185.601259707424,24.45,72.6
2026-03-05 01:00:00,future,4970,4895.428667411506,82.79649703968035,4985.153673035919,23.74,73.9
2026-03-05 02:00:00,future,4971,4926.94042394669,82.53117242692106,4931.096785888026,23.29,74.7
2026-03-05 03:00:00,future,4972,5576.183650777417,83.89950963879345,4994.540459033391,23.14,75.0
2026-03-05 04:00:00,future,4973,7198.3316371003675,87.71155573770359,5220.782283907794,23.29,74.7
2026-03-05 05:00:00,future,4974,9765.992919893928,93.90483875621885,5606.328846624208,23.74,73.9
2026-03-05 06:00:00,future,4975,13860.090704061851,103.77430293375537,6220.10682149295,24.45,72.6
2026-03-05 07:00:00,future,4976,17328.85505458494,112.3899067492331,6783.8150815452755,25.39,71.0
2026-03-05 08:00:00,future,4977,18879.134856253597,116.73490953278814,7120.914380712573,26.47,69.1
2026-03-05 09:00:00,future,4978,16598.142667149317,112.40933299399744,6981.001458933925,27.64,67.0
2026-03-05 10:00:00,future,4979,13505.75081475542,106.22569641394712,6736.314814970908,28.8,64.9
2026-03-05 11:00:00,future,4980,11871.063596000004,103.314208142417,6668.50484277351,29.89,63.0
2026-03-05 12:00:00,future,4981,11372.736993210488,102.87453710038196,6724.973263112683,30.82,61.3
2026-03-05 13:00:00,future,4982,11386.65698312562,103.4383013932097,6818.379260889802,31.53,60.1
2026-03-05 14:00:00,future,4983,12360.397779671042,105.99631496194586,7000.642634348115,31.98,59.3
2026-03-05 15:00:00,future,4984,14243.858347929548,110.41183232004182,7261.501948877027,32.14,59.0
2026-03-05 16:00:00,future,4985,17000.25413321,116.57847900269198,7592.3941083924865,31.98,59.3
2026-03-05 17:00:00,future,4986,20327.90765125972,123.83069591797944,7958.715913474521,31.53,60.1
2026-03-05 18:00:00,future,4987,21996.556761797947,127.10438280342093,8079.899047237081,30.82,61.3
2026-03-05 19:00:00,future,4988,19815.06763477564,121.43217289676866,7681.656057287815,29.89,63.0
2026-03-05 20:00:00,future,4989,16183.837804052324,112.33363460787677,7077.8689069045395,28.8,64.9
2026-03-05 21:00:00,future,4990,12826.649046665469,103.8076520087345,6499.998009857748,27.64,67.0
2026-03-05 22:00:00,future,4991,9742.52539375233,95.89695836762395,5955.6623329678,26.47,69.1
2026-03-05 23:00:00,future,4992,7674.801387851303,90.37181571897506,5552.569962623488,25.39,71.0
2026-03-06 00:00:00,future,4993,5732.308578707016,85.24244307737956,5165.652720523829,24.45,72.0
2026-03-06 01:00:00,future,4994,4859.304540045028,82.7032974937301,4961.6704733048755,23.73,73.3
2026-03-06 02:00:00,future,4995,4867.172458753906,82.38432298805711,4904.837262485475,23.28,74.1
2026-03-06 03:00:00,future,4996,5490.354294886038,83.69962463008491,4965.109483107728,23.13,74.4
2026-03-06 04:00:00,future,4997,7103.829214216534,87.50823458537756,5190.354580909853,23.28,74.1
2026-03-06 05:00:00,future,4998,9701.087356175183,93.79523954638753,5579.741548662516,23.73,73.3
2026-03-06 06:00:00,future,4999,13788.98766195161,103.69932578399202,6194.11692346228,24.45,72.0
2026-03-06 07:00:00,future,5000,17261.312870923924,112.35046969922465,6756.902782617277,25.38,70.4
2026-03-06 08:00:00,future,5001,18796.49540054263,116.68367459218787,7092.96985021006,26.47,68.5
2026-03-06 09:00:00,future,5002,16507.93739575139,112.3095719084104,6949.919575799152,27.63,66.4
2026-03-06 10:00:00,future,5003,13427.883340891778,106.12973584241904,6707.117249554935,28.8,64.3
2026-03-06 11:00:00,future,5004,11809.474548404249,103.23095347076097,6639.3317078267555,29.88,62.4
2026-03-06 12:00:00,future,5005,11310.99612154808,102.7854638723298,6695.230131829897,30.81,60.7
2026-03-06 13:00:00,future,5006,11319.083094434727,103.34318849220243,6788.802589671679,31.53,59.5
2026-03-06 14:00:00,future,5007,12290.813122431156,105.90630406582235,6970.685018791666,31.98,58.7
2026-03-06 15:00:00,future,5008,14177.978368705884,110.34190564013704,7230.867675983249,32.13,58.4
2026-03-06 16:00:00,future,5009,16951.27700511626,116.58286625135273,7565.610076983122,31.98,58.7
2026-03-06 17:00:00,future,5010,20279.19871888151,123.86973564759685,7932.593732240298,31.53,59.5
2026-03-06 18:00:00,future,5011,21938.037132391473,127.13073658691663,8051.81032447296,30.81,60.7
2026-03-06 19:00:00,future,5012,19741.653925645936,121.40262232598869,7651.903073334628,29.88,62.4
2026-03-06 20:00:00,future,5013,16105.54670135022,112.26394052664884,7048.930654966429,28.8,64.3
2026-03-06 21:00:00,future,5014,12749.748012830963,103.70001207450125,6470.173118448584,27.63,66.4
2026-03-06 22:00:00,future,5015,9671.892360873137,95.78030655338587,5928.181294607794,26.47,68.5
2026-03-06 23:00:00,future,5016,7609.469788668424,90.2392581403205,5524.810130059833,25.38,70.4
2026-03-07 00:00:00,future,5017,5794.919179103099,82.23591535729891,5211.152194989569,24.48,71.7
2026-03-07 01:00:00,future,5018,4989.188484074616,79.98508977766957,5016.8830101328,23.76,73.0
2026-03-07 02:00:00,future,5019,5018.872860435394,79.72295250062145,4962.135952746859,23.31,73.8
2026-03-07 03:00:00,future,5020,5718.73420361562,81.11655181953422,5030.14947623675,23.16,74.0
2026-03-07 04:00:00,future,5021,7406.290876616583,84.84742489017553,5260.621072138096,23.31,73.8
2026-03-07 05:00:00,future,5022,9998.643833241911,90.73763308995208,5643.186350330007,23.76,73.0
2026-03-07 06:00:00,future,5023,14235.860463885743,100.35397020255189,6266.474451119999,24.48,71.7
2026-03-07 07:00:00,future,5024,17876.072359141068,108.84093162434665,6842.403040672573,25.41,70.0
2026-03-07 08:00:00,future,5025,19530.79351474016,113.17475505373794,7189.583270481553,26.49,68.1
2026-03-07 09:00:00,future,5026,17236.71370901265,109.09784699117124,7054.759332003805,27.66,66.0
2026-03-07 10:00:00,future,5027,13983.95646718626,102.95594496765929,6798.778403270738,28.82,64.0
2026-03-07 11:00:00,future,5028,12250.240609242848,100.02390038894207,6723.620949710984,29.91,62.0
2026-03-07 12:00:00,future,5029,11707.848713011155,99.53311367419397,6776.622685396047,30.84,60.4
2026-03-07 13:00:00,future,5030,11664.839769534916,99.95492123195585,6863.479769421171,31.55,59.1
2026-03-07 14:00:00,future,5031,12585.499072690622,102.25692329734939,7037.042821626872,32.0,58.3
2026-03-07 15:00:00,future,5032,14469.950151035451,106.41766146525286,7293.430064481271,32.16,58.0
2026-03-07 16:00:00,future,5033,17276.342991889916,112.32558324073659,7623.512010423343,32.0,58.3
2026-03-07 17:00:00,future,5034,20855.872338284487,119.68300919595113,8012.581617115261,31.55,59.1
2026-03-07 18:00:00,future,5035,22653.17743597879,123.02670987531445,8145.054073828439,30.84,60.4
2026-03-07 19:00:00,future,5036,20482.009972147596,117.69297825108265,7752.79164559857,29.91,62.0
2026-03-07 20:00:00,future,5037,16675.95032229883,108.73417403767344,7135.342884981832,28.82,64.0
2026-03-07 21:00:00,future,5038,13174.215983347953,100.37790046873741,6546.848647551793,27.66,66.0
2026-03-07 22:00:00,future,5039,10008.606594597391,92.73586097246725,5999.079102187304,26.49,68.1
2026-03-07 23:00:00,future,5040,7907.973234066509,87.44490947968251,5596.149038530639,25.41,70.0
2026-03-08 00:00:00,future,5041,5615.147185763518,77.2218958885327,5139.386047520889,24.86,72.0
2026-03-08 01:00:00,future,5042,4712.420777498926,74.77183130315977,4929.482312788376,24.15,73.3
2026-03-08 02:00:00,future,5043,4480.719844555665,73.965217267152,4842.106007626048,23.7,74.1
2026-03-08 03:00:00,future,5044,4924.07063506265,74.83743376033469,4882.801619717753,23.55,74.4
2026-03-08 04:00:00,future,5045,6379.745310502272,78.1277598237158,5096.804261588342,23.7,74.1
2026-03-08 05:00:00,future,5046,9204.464937094575,84.61810525555268,5531.957542682266,24.15,73.3
2026-03-08 06:00:00,future,5047,13204.318537798636,93.85687487558617,6157.249539636037,24.86,72.0
2026-03-08 07:00:00,future,5048,16642.172000713486,102.01646561176214,6735.941584661692,25.8,70.4
2026-03-08 08:00:00,future,5049,17895.052462382562,105.47967650715634,7039.0996463526735,26.88,68.5
2026-03-08 09:00:00,future,5050,15530.625379841222,101.07372833092808,6868.362686317795,28.05,66.4
2026-03-08 10:00:00,future,5051,12648.92116000336,95.5273030259068,6626.997134237216,29.21,64.3
2026-03-08 11:00:00,future,5052,11303.45358889754,93.30173962967716,6582.9145676564085,30.3,62.4
2026-03-08 12:00:00,future,5053,10797.13047015082,92.80930848422346,6631.360537545341,31.23,60.7
2026-03-08 13:00:00,future,5054,10680.903970686912,93.02589336244559,6704.601794010936,31.94,59.5
2026-03-08 14:00:00,future,5055,11454.134781999124,95.0195063117291,6864.608359779186,32.39,58.7
2026-03-08 15:00:00,future,5056,13118.842226289633,98.77465753162359,7107.8977034235195,32.55,58.4
2026-03-08 16:00:00,future,5057,15814.13742862632,104.5763536993812,7449.374115310214,32.39,58.7
2026-03-08 17:00:00,future,5058,19067.080070119253,111.407855861998,7829.359965108466,31.94,59.5
2026-03-08 18:00:00,future,5059,20585.44834289702,114.26467621525627,7944.174670963851,31.23,60.7
2026-03-08 19:00:00,future,5060,18391.208035425676,108.83764477850119,7533.527771331561,30.3,62.4
2026-03-08 20:00:00,future,5061,14931.738457526626,100.53109276974999,6933.169742356652,29.21,64.3
2026-03-08 21:00:00,future,5062,11781.671035582644,92.85625980276778,6365.551037506623,28.05,66.4
2026-03-08 22:00:00,future,5063,9001.61756167117,85.98583510688415,5846.307668805696,26.88,68.5
2026-03-08 23:00:00,future,5064,7248.177396139344,81.42542930452693,5476.014286991888,25.8,70.4
2026-03-09 00:00:00,future,5065,4673.175757761787,93.38138352656381,4819.790839734384,24.41,73.4
2026-03-09 01:00:00,future,5066,3751.685607940472,89.56102133258885,4581.084836143718,23.69,74.7
2026-03-09 02:00:00,future,5067,3391.7821249388026,87.94186477453509,4469.241639945455,23.25,75.5
2026-03-09 03:00:00,future,5068,3566.954039442254,88.43057568827037,4479.821686783913,23.09,75.8
2026-03-09 04:00:00,future,5069,4631.935059810646,92.30806832408186,4676.917051481935,23.25,75.5
2026-03-09 05:00:00,future,5070,6965.898904400739,100.87729459968834,5119.3354424509125,23.69,74.7
2026-03-09 06:00:00,future,5071,9990.032944327486,112.100430240601,5710.149176397783,24.41,73.4
2026-03-09 07:00:00,future,5072,12491.721370154291,121.65221439917092,6238.089251665418,25.34,71.8
2026-03-09 08:00:00,future,5073,13382.690149720282,125.66115808812901,6515.053150238415,26.43,69.8
2026-03-09 09:00:00,future,5074,11460.167387408192,119.82065584957286,6329.076057843134,27.59,67.8
2026-03-09 10:00:00,future,5075,9469.348900151948,113.74770603861889,6132.834331167686,28.76,65.7
2026-03-09 11:00:00,future,5076,8633.216126459507,111.66804628400085,6119.406502907832,29.84,63.8
2026-03-09 12:00:00,future,5077,8219.623819463985,110.9560083560718,6159.155074604324,30.77,62.1
2026-03-09 13:00:00,future,5078,7935.707491548084,110.53249877121104,6196.004291589324,31.49,60.8
2026-03-09 14:00:00,future,5079,8330.491782210156,112.2824611349147,6314.860745827829,31.94,60.1
2026-03-09 15:00:00,future,5080,9436.281202853035,116.2956267831761,6517.617730691959,32.09,59.8
2026-03-09 16:00:00,future,5081,11335.45682259326,122.86203455417244,6818.07074022968,31.94,60.1
2026-03-09 17:00:00,future,5082,13676.64542404606,130.74460557978836,7157.378985154933,31.49,60.8
2026-03-09 18:00:00,future,5083,14597.557532999905,133.41078472741685,7227.2007740227145,30.77,62.1
2026-03-09 19:00:00,future,5084,12924.481791828726,126.7762953179149,6838.019778745476,29.84,63.8
2026-03-09 20:00:00,future,5085,10594.806891399396,117.71010336726626,6321.302982837239,28.76,65.7
2026-03-09 21:00:00,future,5086,8530.449925065663,109.50600640307455,5838.466986518819,27.59,67.8
2026-03-09 22:00:00,future,5087,6826.544833831351,102.57895254342596,5417.1642219580435,26.43,69.8
2026-03-09 23:00:00,future,5088,5868.643840260625,98.33436076450327,5128.991887153012,25.34,71.8
2026-03-10 00:00:00,future,5089,5279.883944421088,83.9654212001969,5065.868273141004,24.47,71.6
2026-03-10 01:00:00,future,5090,4778.2021838887285,82.287896321573,4910.922963769344,23.75,72.9
2026-03-10 02:00:00,future,5091,4770.718160642001,81.93479394339408,4852.615356383664,23.3,73.7
2026-03-10 03:00:00,future,5092,5162.559205206073,82.71298044892607,4882.825537388138,23.15,74.0
2026-03-10 04:00:00,future,5093,6916.766544667127,86.8103793802667,5122.798402284026,23.3,73.7
2026-03-10 05:00:00,future,5094,9930.299355797237,93.99289334200161,5559.561324881237,23.75,72.9
2026-03-10 06:00:00,future,5095,14174.453188852654,104.17290235403182,6185.6761154622645,24.47,71.6
2026-03-10 07:00:00,future,5096,17507.01764245747,112.43872718617766,6723.794204276714,25.4,70.0
2026-03-10 08:00:00,future,5097,19038.585330264577,116.73238787902956,7055.5671122403,26.49,68.1
2026-03-10 09:00:00,future,5098,16560.300874946406,111.96838852775926,6891.431446231279,27.65,66.0
2026-03-10 10:00:00,future,5099,13550.721032782378,105.99734460560896,6660.406791623784,28.81,63.9
2026-03-10 11:00:00,future,5100,12088.54223301609,103.4895431855123,6615.273218500026,29.9,62.0
2026-03-10 12:00:00,future,5101,11506.282633822037,102.86131917802058,6660.523068824276,30.83,60.3
2026-03-10 13:00:00,future,5102,11391.47818989872,103.138255336068,6737.854042137503,31.55,59.1
2026-03-10 14:00:00,future,5103,12288.413968747163,105.51209408659224,6908.1417830088785,32.0,58.3
2026-03-10 15:00:00,future,5104,14149.041624503812,109.8512682491814,7161.512745271282,32.15,58.0
2026-03-10 16:00:00,future,5105,17029.164090786915,116.28255593960817,7504.992402668634,32.0,58.3
2026-03-10 17:00:00,future,5106,20418.23192109174,123.64604507727306,7874.303637515142,31.55,59.1
2026-03-10 18:00:00,future,5107,22087.669144094725,126.90106327486284,7992.697710587157,30.83,60.3
2026-03-10 19:00:00,future,5108,19885.3923526866,121.20312745505457,7596.88049699488,29.9,62.0
2026-03-10 20:00:00,future,5109,16254.8572916974,112.14084419370162,7000.851944865361,28.81,63.9
2026-03-10 21:00:00,future,5110,12928.957305032676,103.7183761060705,6434.252813292079,27.65,66.0
2026-03-10 22:00:00,future,5111,9908.606969882769,95.99008315552223,5906.121749882864,26.49,68.1
2026-03-10 23:00:00,future,5112,7817.3947079564605,90.42497166234745,5503.890749369873,25.4,70.0
2026-03-11 00:00:00,future,5113,5740.003067040054,85.32878775960229,5186.733650185004,24.46,71.0
2026-03-11 01:00:00,future,5114,4804.311779028503,82.64717429339167,4975.0176608708725,23.75,72.3
2026-03-11 02:00:00,future,5115,4784.333738885762,82.2643128888444,4914.437441726273,23.3,73.1
2026-03-11 03:00:00,future,5116,5406.422944254817,83.58138950318204,4975.002044620767,23.15,73.4
2026-03-11 04:00:00,future,5117,7058.12489224367,87.48888069839518,5206.4887656556875,23.3,73.1
2026-03-11 05:00:00,future,5118,9714.2612725115,93.92893340846621,5605.663640771278,23.75,72.3
2026-03-11 06:00:00,future,5119,13777.049537284964,103.79578470006219,6219.031651103382,24.46,71.0
2026-03-11 07:00:00,future,5120,17237.614381811953,112.45110917040931,6784.700302684395,25.4,69.4
2026-03-11 08:00:00,future,5121,18761.662089052406,116.76166301131926,7119.68679315137,26.48,67.5
2026-03-11 09:00:00,future,5122,16491.476978064085,112.42146959025135,6978.935533647151,27.65,65.4
2026-03-11 10:00:00,future,5123,13446.26634927716,106.2929855553319,6737.348887657368,28.81,63.3
2026-03-11 11:00:00,future,5124,11831.48464674459,103.39883149497261,6670.465618811041,29.9,61.4
2026-03-11 12:00:00,future,5125,11298.372243245203,102.87025903332894,6721.887345343447,30.83,59.7
2026-03-11 13:00:00,future,5126,11296.442237456216,103.39746793960214,6813.172951333033,31.54,58.5
2026-03-11 14:00:00,future,5127,12255.660545361286,105.93845387600808,6994.391498796712,31.99,57.7
2026-03-11 15:00:00,future,5128,14150.27463992573,110.41158056733352,7258.367657166711,32.15,57.4
2026-03-11 16:00:00,future,5129,16922.931426015093,116.66260203073499,7593.867241245251,31.99,57.7
2026-03-11 17:00:00,future,5130,20233.11476530465,123.93156648446721,7961.021134059666,31.54,58.5
2026-03-11 18:00:00,future,5131,21868.181673061015,127.15687217216082,8079.499645444355,30.83,59.7
2026-03-11 19:00:00,future,5132,19673.626890252,121.41799031826226,7677.729641840083,29.9,61.4
2026-03-11 20:00:00,future,5133,16049.646116385462,112.27486041098133,7071.733383151688,28.81,63.3
2026-03-11 21:00:00,future,5134,12711.107363444626,103.73518485052186,6493.375569504586,27.65,65.4
2026-03-11 22:00:00,future,5135,9638.18099983853,95.7983280368828,5947.8444596921345,26.48,67.5
2026-03-11 23:00:00,future,5136,7571.776869669298,90.24158326750864,5543.196377339707,25.4,69.4
2026-03-12 00:00:00,future,5137,5662.785396548419,85.06182264103387,5170.490223344104,24.46,72.4
2026-03-12 01:00:00,future,5138,4810.134050337512,82.57703469367473,4969.860889259793,23.75,73.7
2026-03-12 02:00:00,future,5139,4841.575402104637,82.31235682719351,4915.926007952274,23.3,74.5
2026-03-12 03:00:00,future,5140,5499.322380515703,83.70709750849912,4980.828640644146,23.15,74.8
2026-03-12 04:00:00,future,5141,7127.772408416535,87.55031327910399,5208.668051316053,23.3,74.5
2026-03-12 05:00:00,future,5142,9694.537146870283,93.76779850037222,5595.296990848448,23.75,73.7
2026-03-12 06:00:00,future,5143,13790.835742414947,103.68417829675488,6211.267575533504,24.46,72.4
2026-03-12 07:00:00,future,5144,17259.51876746847,112.33471238453025,6776.49793688551,25.4,70.8
2026-03-12 08:00:00,future,5145,18810.988525167515,116.69743223122016,7114.266008638855,26.48,68.9
2026-03-12 09:00:00,future,5146,16531.436642693174,112.3501565582274,6973.073122021875,27.65,66.8
2026-03-12 10:00:00,future,5147,13437.08292108394,106.12858786684261,6726.258794797396,28.81,64.7
2026-03-12 11:00:00,future,5148,11800.719208864017,103.19507457699567,6657.120455893712,29.9,62.8
2026-03-12 12:00:00,future,5149,11302.86847319032,102.75031303469747,6713.157663301844,30.83,61.1
2026-03-12 13:00:00,future,5150,11317.75581670765,103.31568137343497,6806.513326163582,31.54,59.9
2026-03-12 14:00:00,future,5151,12293.818567768663,105.88867414067282,6989.456691405343,31.99,59.1
2026-03-12 15:00:00,future,5152,14177.817537678176,110.32486626594198,7251.306550539346,32.15,58.8
2026-03-12 16:00:00,future,5153,16932.211399728185,116.51579839706032,7583.391768654973,31.99,59.1
2026-03-12 17:00:00,future,5154,20258.348411767347,123.79967052130944,7951.334764532558,31.54,59.9
2026-03-12 18:00:00,future,5155,21926.81943140574,127.09108170543257,8073.529102647631,30.83,61.1
2026-03-12 19:00:00,future,5156,19746.137803433507,121.39899859389072,7674.512250359873,29.9,62.8
2026-03-12 20:00:00,future,5157,16116.265566901871,112.26692239652841,7069.321706749488,28.81,64.7
2026-03-12 21:00:00,future,5158,12758.94017865788,103.70690659374586,6490.013997888959,27.65,66.8
2026-03-12 22:00:00,future,5159,9673.901729062103,95.76325087974783,5944.283959104503,26.48,68.9
2026-03-12 23:00:00,future,5160,7605.145163844521,90.21536380405307,5540.27855232709,25.4,70.8
2026-03-13 00:00:00,future,5161,5662.5815584036745,85.05517315252304,5150.999596514433,24.46,71.8
2026-03-13 01:00:00,future,5162,4789.519591845246,82.51691927137088,4948.172567454878,23.75,73.1
2026-03-13 02:00:00,future,5163,4803.686745999496,82.21298193177762,4892.274761987549,23.3,73.9
2026-03-13 03:00:00,future,5164,5432.233414782766,83.53846813172981,4952.222877995237,23.14,74.2
2026-03-13 04:00:00,future,5165,7049.765809825991,87.37709437471061,5179.822164049969,23.3,73.9
2026-03-13 05:00:00,future,5166,9643.579968838058,93.67721812072293,5569.598800100723,23.75,73.1
2026-03-13 06:00:00,future,5167,13731.724486121484,103.60748596641035,6184.026938741075,24.46,71.8
2026-03-13 07:00:00,future,5168,17203.741905320778,112.28569028837094,6747.791807197392,25.39,70.2
2026-03-13 08:00:00,future,5169,18741.251920104332,116.63578566504641,7084.416931009905,26.48,68.3
2026-03-13 09:00:00,future,5170,16454.152622181835,112.24480883210175,6940.385492217113,27.64,66.2
2026-03-13 10:00:00,future,5171,13372.61958926262,106.03477361318966,6695.931582481956,28.81,64.1
2026-03-13 11:00:00,future,5172,11752.099168338016,103.11654940552596,6626.977041187907,29.89,62.2
2026-03-13 12:00:00,future,5173,11253.786049235332,102.66629798182278,6682.452486531554,30.82,60.5
2026-03-13 13:00:00,future,5174,11263.049864598815,103.22601305151625,6775.976877429967,31.54,59.3
2026-03-13 14:00:00,future,5175,12234.980485624848,105.79715454824257,6958.116834386637,31.99,58.5
2026-03-13 15:00:00,future,5176,14121.074604216068,110.24577123232248,7218.815435603184,32.14,58.2
2026-03-13 16:00:00,future,5177,16890.961074945946,116.50203474707466,7554.184508082627,31.99,58.5
2026-03-13 17:00:00,future,5178,20218.147358694685,123.81528399113924,7922.425843147165,31.54,59.3
2026-03-13 18:00:00,future,5179,21878.075992247977,127.09332229082884,8042.59470996094,30.82,60.5
2026-03-13 19:00:00,future,5180,19683.77950399161,121.35281266730742,7642.406155522476,29.89,62.2
2026-03-13 20:00:00,future,5181,16048.719723120485,112.18757661213947,7038.531116729323,28.81,64.1
2026-03-13 21:00:00,future,5182,12692.435984235915,103.59599142862626,6458.80322561001,27.64,66.2
2026-03-13 22:00:00,future,5183,9613.55730365678,95.64968499600495,5915.8717466266,26.48,68.3
2026-03-13 23:00:00,future,5184,7551.039595987968,90.0925088877877,5512.034118773936,25.39,70.2
2026-03-14 00:00:00,future,5185,5736.167552889218,82.0733913317972,5197.100262529768,24.49,71.5
2026-03-14 01:00:00,future,5186,4930.476320656772,79.81828639916708,5002.8281419183495,23.77,72.8
2026-03-14 02:00:00,future,5187,4962.3520721914065,79.56153218257491,4948.495422876767,23.32,73.6
2026-03-14 03:00:00,future,5188,5665.510568660407,80.96684167553244,5017.155866933582,23.17,73.8
2026-03-14 04:00:00,future,5189,7355.480018446844,84.71348795063402,5248.343761997389,23.32,73.6
2026-03-14 05:00:00,future,5190,9946.437375809805,90.61671008181675,5631.30586030977,23.77,72.8
2026-03-14 06:00:00,future,5191,14184.08319629993,100.26016976762972,6255.586700194497,24.49,71.5
2026-03-14 07:00:00,future,5192,17824.52350152569,108.76980042774579,6832.259416877201,25.42,69.8
2026-03-14 08:00:00,future,5193,19480.56750586986,113.11585682806336,7179.738263669003,26.5,67.9
2026-03-14 09:00:00,future,5194,17187.401912886737,109.02508077016994,7044.063949966845,27.67,65.8
2026-03-14 10:00:00,future,5195,13933.672759229328,102.85916087322367,6786.739126911222,28.83,63.8
2026-03-14 11:00:00,future,5196,12198.7850885269,99.91240775496738,6710.645390758466,29.92,61.8
2026-03-14 12:00:00,future,5197,11656.568832926068,99.41756306804703,6763.249753787853,30.85,60.2
2026-03-14 13:00:00,future,5198,11614.268563667196,99.84710129238259,6851.272292671542,31.57,58.9
2026-03-14 14:00:00,future,5199,12535.246962564914,102.15517183918612,7024.993419206503,32.02,58.1
2026-03-14 15:00:00,future,5200,14419.350784135058,106.31975301745686,7280.50549177058,32.17,57.8
2026-03-14 16:00:00,future,5201,17224.153285402856,112.24950800438478,7612.492627259743,32.02,58.1
2026-03-14 17:00:00,future,5202,20803.37029435048,119.62951440520933,8002.6260664081865,31.57,58.9
2026-03-14 18:00:00,future,5203,22600.900617026786,122.9786573885059,8134.526084158099,30.85,60.2
2026-03-14 19:00:00,future,5204,20430.546430345163,117.63384650738578,7742.048651183262,29.92,61.8
2026-03-14 20:00:00,future,5205,16624.901499930336,108.65287175922789,7123.938176111891,28.83,63.8
2026-03-14 21:00:00,future,5206,13122.85448370949,100.2748722386682,6534.794147730494,27.67,65.8
2026-03-14 22:00:00,future,5207,9956.66047708189,92.61267068283514,5986.434868006563,26.5,67.9
2026-03-14 23:00:00,future,5208,7856.210893055744,87.30989239341727,5583.27396912386,25.42,69.8
2026-03-15 00:00:00,future,5209,5563.613508229708,77.0714735879702,5125.378351287886,24.87,71.8
2026-03-15 01:00:00,future,5210,4661.069684561879,74.61707710741699,4915.4790331943495,24.16,73.1
2026-03-15 02:00:00,future,5211,4432.247356800049,73.81583464975844,4828.562228565373,23.71,73.9
2026-03-15 03:00:00,future,5212,4877.52851262573,74.69510174706342,4869.672119610373,23.56,74.2
2026-03-15 04:00:00,future,5213,6334.769560750925,77.99746699184149,5084.20697613101,23.71,73.9
2026-03-15 05:00:00,future,5214,9159.038603771049,84.50334927138434,5519.87782892005,24.16,73.1
2026-03-15 06:00:00,future,5215,13158.915322042987,93.76550199224718,6145.970390027248,24.87,71.8
2026-03-15 07:00:00,future,5216,16596.32294330017,101.94384727775636,6725.192049468546,25.81,70.2
2026-03-15 08:00:00,future,5217,17849.44829305496,105.4140739093877,7028.383429454747,26.89,68.3
2026-03-15 09:00:00,future,5218,15485.54096968675,100.99393551236832,6856.782653068557,28.06,66.2
2026-03-15 10:00:00,future,5219,12603.680030210064,95.42873642587384,6614.33546288583,29.22,64.1
2026-03-15 11:00:00,future,5220,11257.94863102656,93.19345716775535,6569.562796886456,30.31,62.2
2026-03-15 12:00:00,future,5221,10751.876932639792,92.69763695713114,6617.645042038833,31.24,60.5
2026-03-15 13:00:00,future,5222,10636.204812189591,92.91405444626622,6690.725164298121,31.95,59.3
2026-03-15 14:00:00,future,5223,11410.363229486273,94.91391367936552,6850.9195930505175,32.4,58.5
2026-03-15 15:00:00,future,5224,13075.34569542913,98.67951137603612,7094.61718737214,32.56,58.2
2026-03-15 16:00:00,future,5225,15770.360959596668,104.49693325294889,7436.778994210813,32.4,58.5
2026-03-15 17:00:00,future,5226,19022.58096908796,111.34681791033236,7817.615042991029,31.95,59.3
2026-03-15 18:00:00,future,5227,20540.63359241451,114.2127506058923,7932.974881592273,31.24,60.5
2026-03-15 19:00:00,future,5228,18346.583225018636,108.77386070674673,7522.073205229077,30.31,62.2
2026-03-15 20:00:00,future,5229,14887.470447038962,100.4483739626758,6921.211789159771,29.22,64.1
2026-03-15 21:00:00,future,5230,11737.382485059088,92.75570275480905,6353.137004335102,28.06,66.2
2026-03-15 22:00:00,future,5231,8957.058208315662,85.8691214775345,5833.499704183357,26.89,68.3
2026-03-15 23:00:00,future,5232,7203.331324579578,81.29860200272616,5463.041749058187,25.81,70.2
2026-03-16 00:00:00,future,5233,4628.687020883442,93.21463774627763,4805.362607469183,24.42,73.2
2026-03-16 01:00:00,future,5234,3707.40297834946,89.39167045387235,4567.703931107881,23.71,74.5
2026-03-16 02:00:00,future,5235,3349.334694489378,87.76675320029076,4454.987033778909,23.26,75.3
2026-03-16 03:00:00,future,5236,3525.7469525760102,88.26231267413596,4465.895476006043,23.1,75.6
2026-03-16 04:00:00,future,5237,4591.814256882968,92.15743942874265,4663.558699197679,23.26,75.3
2026-03-16 05:00:00,future,5238,6925.850365493705,100.76505078739505,5107.97594194577,23.71,74.5
2026-03-16 06:00:00,future,5239,9950.17017326472,112.01974609517266,5698.665513355128,24.42,73.2
2026-03-16 07:00:00,future,5240,12451.39319102569,121.60170774331787,6227.26417934541,25.35,71.6
2026-03-16 08:00:00,future,5241,13342.206638132247,125.62063642147531,6504.233173769288,26.44,69.6
2026-03-16 09:00:00,future,5242,11419.759074764406,119.75396972031416,6317.131306737096,27.6,67.6
2026-03-16 10:00:00,future,5243,9428.8547916405,113.65338049571221,6119.706884054667,28.77,65.5
2026-03-16 11:00:00,future,5244,8592.587047177773,111.56114255577805,6105.586367626687,29.85,63.6
2026-03-16 12:00:00,future,5245,8179.032005615356,110.84283346191583,6144.889167061228,30.78,61.9
2026-03-16 13:00:00,future,5246,7895.273533833156,110.41540041774407,6181.429721198923,31.5,60.6
2026-03-16 14:00:00,future,5247,8290.69036276775,112.17230031914922,6300.416217226284,31.95,59.9
2026-03-16 15:00:00,future,5248,9396.729673208723,116.20069004221715,6503.6203446519485,32.1,59.6
2026-03-16 16:00:00,future,5249,11295.29328788527,122.78999503588588,6804.790739738834,31.95,59.9
2026-03-16 17:00:00,future,5250,13636.15983180885,130.70259963659538,7145.136692637447,31.5,60.6
2026-03-16 18:00:00,future,5251,14557.081401999494,133.381645766515,7215.554975168598,30.78,61.9
2026-03-16 19:00:00,future,5252,12884.402786506218,126.72760229650821,6826.041804895812,29.85,63.6
2026-03-16 20:00:00,future,5253,10555.080859999332,117.63324900875274,6308.763391562213,28.77,65.5
2026-03-16 21:00:00,future,5254,8490.749228992512,109.40340655446569,5825.446388891261,27.6,67.6
2026-03-16 22:00:00,future,5255,6786.644979777635,102.45452957811236,5403.768864960539,26.44,69.6
2026-03-16 23:00:00,future,5256,5828.518652292887,98.19772999582143,5115.500240353959,25.35,71.6
2026-03-17 00:00:00,future,5257,5239.904316722845,83.82830057094073,5052.38957688414,24.48,71.4
2026-03-17 01:00:00,future,5258,4738.293968710959,82.14934783994322,4897.619240159781,23.76,72.7
2026-03-17 02:00:00,future,5259,4730.881494908407,81.79683638901777,4839.461134387243,23.31,73.5
2026-03-17 03:00:00,future,5260,5123.158502258741,82.5779902351624,4869.820433714013,23.16,73.8
2026-03-17 04:00:00,future,5261,6878.040254416561,86.68492067216435,5110.041799439542,23.31,73.5
2026-03-17 05:00:00,future,5262,9892.22666708168,93.88246133597185,5547.107560939278,23.76,72.7
2026-03-17 06:00:00,future,5263,14136.382416787235,104.08145352654427,6173.506005876123,24.48,71.4
2026-03-17 07:00:00,future,5264,17468.75745382889,112.36137452519509,6711.708197273881,25.41,69.8
2026-03-17 08:00:00,future,5265,18999.946990834054,116.66016932089936,7043.274895171514,26.5,67.9
2026-03-17 09:00:00,future,5266,16521.463855576185,111.88300995170657,6878.452150124693,27.66,65.8
2026-03-17 10:00:00,future,5267,13512.075445125462,105.9046841868343,6647.997425476623,28.83,63.7
2026-03-17 11:00:00,future,5268,12050.127960788672,103.38203611071259,6601.103320340632,29.91,61.8
2026-03-17 12:00:00,future,5269,11468.016918245983,102.75048850114769,6646.009782178774,30.84,60.1
2026-03-17 13:00:00,future,5270,11353.370086175024,103.02650955650644,6723.120617996798,31.56,58.9
2026-03-17 14:00:00,future,5271,12250.606848202351,105.40473806201521,6893.412606101679,32.01,58.1
2026-03-17 15:00:00,future,5272,14111.399552416047,109.75277859759044,7146.980658799795,32.16,57.8
2026-03-17 16:00:00,future,5273,16991.7349102776,116.19808692920562,7490.880109821944,32.01,58.1
2026-03-17 17:00:00,future,5274,20380.370496917363,123.5768012553909,7860.685208295442,31.56,58.9
2026-03-17 18:00:00,future,5275,22049.44281538477,126.83948582938088,7979.459972468981,30.84,60.1
2026-03-17 19:00:00,future,5276,19846.933789059934,121.13174551582833,7583.641242585626,29.91,61.8
2026-03-17 20:00:00,future,5277,16216.54601259191,112.06150888203918,6988.8094131878,28.83,63.7
2026-03-17 21:00:00,future,5278,12890.725638268374,103.6175035760591,6420.913760324871,27.66,65.8
2026-03-17 22:00:00,future,5279,9870.329819656024,95.8762668693624,5892.778745359049,26.5,67.9
2026-03-17 23:00:00,future,5280,7779.00005596403,90.30229266444982,5490.6242931147435,25.41,69.8
2026-03-18 00:00:00,future,5281,5702.045564245741,85.1959949949146,5173.273308517671,24.47,72.8
2026-03-18 01:00:00,future,5282,4766.502176700043,82.51135129981243,4961.70553826355,23.76,74.1
2026-03-18 02:00:00,future,5283,4746.7480166179885,82.12937299699736,4901.294443506791,23.31,74.9
2026-03-18 03:00:00,future,5284,5369.728941127496,83.45137239515938,4962.084587581806,23.16,75.2
2026-03-18 04:00:00,future,5285,7022.065089687494,87.36738920889533,5193.773847447769,23.31,74.9
2026-03-18 05:00:00,future,5286,9677.814848629856,93.81770314929925,5593.027572390404,23.76,74.1
2026-03-18 06:00:00,future,5287,13740.69107145789,103.70179182949578,6206.596652446361,24.47,72.8
2026-03-18 07:00:00,future,5288,17201.04491355528,112.37080141292303,6772.293742115239,25.41,71.2
2026-03-18 08:00:00,future,5289,18725.31752534219,116.68744049226767,7107.1228781351065,26.49,69.3
2026-03-18 09:00:00,future,5290,16455.459317967645,112.33689681031456,6965.811879130376,27.66,67.2
2026-03-18 10:00:00,future,5291,13410.169315800253,106.19375077591323,6723.537378829283,28.82,65.1
2026-03-18 11:00:00,future,5292,11795.187538835396,103.29097804203323,6656.118795550883,29.91,63.2
2026-03-18 12:00:00,future,5293,11262.15564012995,102.75932107930305,6707.202232400202,30.84,61.5
2026-03-18 13:00:00,future,5294,11260.362807865657,103.28611944661523,6798.280624665139,31.55,60.3
2026-03-18 14:00:00,future,5295,12219.815138976332,105.83138053423293,6979.484713154459,32.0,59.5
2026-03-18 15:00:00,future,5296,14114.427787438806,110.31262083918105,7243.603314966789,32.16,59.2
2026-03-18 16:00:00,future,5297,16886.797981683325,116.57525974126168,7579.399501380553,32.0,59.5
2026-03-18 17:00:00,future,5298,20196.78782199568,123.85869794763096,7947.008550294403,31.55,60.3
2026-03-18 18:00:00,future,5299,21831.843179629028,127.09183954096233,8065.877006999683,30.84,61.5
2026-03-18 19:00:00,future,5300,19637.445183755077,121.3446696211828,7664.19756781772,29.91,63.2
2026-03-18 20:00:00,future,5301,16013.665384316286,112.18726911931604,7058.202374444592,28.82,65.1
2026-03-18 21:00:00,future,5302,12675.123188333026,103.63417042205927,6479.870613634365,27.66,67.2
2026-03-18 22:00:00,future,5303,9602.07944461928,95.68479890993912,5934.381167784503,26.49,69.3
2026-03-18 23:00:00,future,5304,7535.597132510438,90.11993678768327,5529.853978759989,25.41,71.2
2026-03-19 00:00:00,future,5305,5626.837023305276,84.93145018995247,5156.9931631424415,24.47,72.2
2026-03-19 01:00:00,future,5306,4774.249529850287,82.44408857482847,4956.532851688675,23.76,73.5
2026-03-19 02:00:00,future,5307,4805.833916761143,82.18032175277705,4902.763376350004,23.31,74.3
2026-03-19 03:00:00,future,5308,5464.328234069992,83.57958299579917,4967.86187953576,23.16,74.6
2026-03-19 04:00:00,future,5309,7093.305623636223,87.4304262788805,5195.849196966435,23.31,74.3
2026-03-19 05:00:00,future,5310,9659.735005250765,93.65704011845753,5582.493170832239,23.76,73.5
2026-03-19 06:00:00,future,5311,13756.091490901938,103.5893577592139,6198.566359206222,24.47,72.2
2026-03-19 07:00:00,future,5312,17224.646152205743,112.25263740339679,6763.752015722292,25.41,70.6
2026-03-19 08:00:00,future,5313,18776.286216717155,116.62091248908824,7101.317334697408,26.49,68.7
2026-03-19 09:00:00,future,5314,16496.983270084525,112.26382713119554,6959.600459727397,27.66,66.6
2026-03-19 10:00:00,future,5315,13402.556995560966,106.02843413800795,6712.159852185826,28.82,64.5
2026-03-19 11:00:00,future,5316,11766.03840297535,103.08685999327899,6642.522259786369,29.91,62.6
2026-03-19 12:00:00,future,5317,11268.28419559184,102.63936944509882,6698.233703511552,30.84,60.9
2026-03-19 13:00:00,future,5318,11283.293586320551,103.20435861081859,6791.378036004759,31.55,59.7
2026-03-19 14:00:00,future,5319,12259.5309209519,105.78123355388905,6974.276215058317,32.0,58.9
2026-03-19 15:00:00,future,5320,14143.512649771736,110.22482398705228,7236.221160616845,32.16,58.6
2026-03-19 16:00:00,future,5321,16897.646747071718,116.42643315050793,7568.541918510192,32.0,58.9
2026-03-19 17:00:00,future,5322,20223.630517997703,123.72382700416092,7936.872416692664,31.55,59.7
2026-03-19 18:00:00,future,5323,21892.13797542272,127.02277171692299,8059.431262288937,30.84,60.9
2026-03-19 19:00:00,future,5324,19711.580406471378,121.32311878919059,7660.557014637272,29.91,62.6
2026-03-19 20:00:00,future,5325,16081.84491738008,112.17781802013394,7055.447726249541,28.82,64.5
2026-03-19 21:00:00,future,5326,12724.480104392776,103.60534366868535,6476.242705936728,27.66,66.6
2026-03-19 22:00:00,future,5327,9639.412379899584,95.65036122896208,5930.6413616202435,26.49,68.7
2026-03-19 23:00:00,future,5328,7570.608592582048,90.09511469628818,5526.813647514239,25.41,70.6
2026-03-20 00:00:00,future,5329,5628.302880964321,84.92632848447565,5137.4165635672425,24.47,71.6
2026-03-20 01:00:00,future,5330,4755.258314658722,82.38556838351822,4934.773993417634,23.76,72.9
2026-03-20 02:00:00,future,5331,4770.171200355345,82.08385917477075,4879.119283887381,23.31,73.7
2026-03-20 03:00:00,future,5332,5399.349023382747,83.4133147231947,4939.235962780555,23.15,74.0
2026-03-20 04:00:00,future,5333,7017.387391859849,87.2589990191413,5166.939314193223,23.31,73.7
2026-03-20 05:00:00,future,5334,9610.667462006795,93.56714558741842,5556.647408721468,23.76,72.9
2026-03-20 06:00:00,future,5335,13698.74715066831,103.5118468070163,6171.066785147693,24.47,71.6
2026-03-20 07:00:00,future,5336,17170.699977124605,112.2019546534714,6734.716327115428,25.4,70.0
2026-03-20 08:00:00,future,5337,18708.53184282687,116.55743848919909,7071.114058791518,26.49,68.1
2026-03-20 09:00:00,future,5338,16421.67647799245,112.15728119696287,6926.606183296268,27.65,66.0
2026-03-20 10:00:00,future,5339,13339.981434441024,105.93414635475852,6681.575667433059,28.82,63.9
2026-03-20 11:00:00,future,5340,11719.180007830855,103.00810966262648,6612.141237194728,29.9,62.0
2026-03-20 12:00:00,future,5341,11220.921142700769,102.55517164042455,6667.292107021819,30.83,60.3
2026-03-20 13:00:00,future,5342,11230.341094949776,103.1145485778756,6760.602166952556,31.55,59.1
2026-03-20 14:00:00,future,5343,12202.288171480814,105.6889088696144,6942.652398778251,32.0,58.3
2026-03-20 15:00:00,future,5344,14088.234523004065,110.14409369278557,7203.389780788953,32.15,58.0
2026-03-20 16:00:00,future,5345,16857.67148633291,116.40984429834107,7538.906809827582,32.0,58.3
2026-03-20 17:00:00,future,5346,20184.77335640343,123.73581294716668,7907.472225385931,31.55,59.1
2026-03-20 18:00:00,future,5347,21844.88079097517,127.0212097050401,8027.992692703873,30.83,60.3
2026-03-20 19:00:00,future,5348,19650.87618054625,121.27410340726014,7628.0208136405,29.9,62.0
2026-03-20 20:00:00,future,5349,16015.933371207497,112.09662664567757,7024.307519601433,28.82,63.9
2026-03-20 21:00:00,future,5350,12659.565857724168,103.49347366323146,6444.760779710684,27.65,66.0
2026-03-20 22:00:00,future,5351,9580.62658245108,95.53668116856748,5902.025842623357,26.49,68.1
2026-03-20 23:00:00,future,5352,7518.122956607769,89.97292474145013,5498.428950281149,25.4,70.0
2026-03-21 00:00:00,future,5353,5703.4736382496085,81.94935164302828,5183.591079218706,24.5,71.3
2026-03-21 01:00:00,future,5354,4897.822973132703,79.69261354004188,4989.535394888216,23.78,72.6
2026-03-21 02:00:00,future,5355,4930.0220408653095,79.43709730886452,4935.391441377313,23.33,73.4
2026-03-21 03:00:00,future,5356,5633.725343001215,80.84585225004271,5004.190468130535,23.18,73.6
2026-03-21 04:00:00,future,5357,7324.10733020518,84.59834130909589,5235.431945575679,23.33,73.4
2026-03-21 05:00:00,future,5358,9914.717587550009,90.50819197567648,5618.281411716584,23.78,72.6
2026-03-21 06:00:00,future,5359,14152.430834377372,100.16387801387027,6242.462869778672,24.5,71.3
2026-03-21 07:00:00,future,5360,17792.806867990723,108.6834407198079,6818.932953001103,25.43,69.6
2026-03-21 08:00:00,future,5361,19449.025649412222,113.03380578157528,7166.130174019147,26.51,67.7
2026-03-21 09:00:00,future,5362,17156.016851829812,108.93528881784889,7030.0234017644225,27.68,65.6
2026-03-21 10:00:00,future,5363,13902.167796728516,102.75814164235268,6772.205741849157,28.84,63.6
2026-03-21 11:00:00,future,5364,12167.158555986894,99.80481190135399,6695.687684318952,29.93,61.6
2026-03-21 12:00:00,future,5365,11625.055864653566,99.30765606290817,6747.985537328998,30.86,60.0
2026-03-21 13:00:00,future,5366,11582.894536479196,99.7366545347366,6835.788558454379,31.58,58.7
2026-03-21 14:00:00,future,5367,12503.960886137344,102.04002947850493,7008.108329405043,32.02,57.9
2026-03-21 15:00:00,future,5368,14388.002766181717,106.21723730685635,7264.91324961636,32.18,57.6
2026-03-21 16:00:00,future,5369,17192.576830744736,112.14789448283253,7595.712579878674,32.02,57.9
2026-03-21 17:00:00,future,5370,20771.70866705975,119.54618764196222,7987.383464868369,31.58,58.7
2026-03-21 18:00:00,future,5371,22569.25073357824,122.90149390824878,8119.574829130192,30.86,60.0
2026-03-21 19:00:00,future,5372,20398.98145036058,117.5512333482976,7727.346958404612,29.93,61.6
2026-03-21 20:00:00,future,5373,16593.406885866156,108.5599991049286,7109.4872651176365,28.84,63.6
2026-03-21 21:00:00,future,5374,13091.30092372325,100.17244699680022,6520.60988090005,27.68,65.6
2026-03-21 22:00:00,future,5375,9925.009483490536,92.50163363493314,5972.52582536018,26.51,67.7
2026-03-21 23:00:00,future,5376,7824.580993678368,87.1936273803125,5569.6576950939125,25.43,69.6
2026-03-22 00:00:00,future,5377,5532.334121845096,76.94799479357023,5111.474348569291,24.88,71.6
2026-03-22 01:00:00,future,5378,4629.894029026578,74.4917306894587,4901.794772229676,24.17,72.9
2026-03-22 02:00:00,future,5379,4401.757317943705,73.69172995501309,4815.11138525903,23.72,73.7
2026-03-22 03:00:00,future,5380,4847.506239749007,74.57354993839527,4856.347695736246,23.57,74.0
2026-03-22 04:00:00,future,5381,6305.125671749514,77.88110650701476,5070.929903048958,23.72,73.7
2026-03-22 05:00:00,future,5382,9129.17666055617,84.39480022388133,5506.512094346769,24.17,72.9
2026-03-22 06:00:00,future,5383,13129.035028849408,93.66858415754612,6132.494143417431,24.88,71.6
2026-03-22 07:00:00,future,5384,16566.300859017803,101.85632510715028,6711.495052849385,25.82,70.0
2026-03-22 08:00:00,future,5385,17819.473891320507,105.32947463539628,7014.376013947816,26.9,68.1
2026-03-22 09:00:00,future,5386,15455.736600941656,100.90125805766333,6842.337408445048,28.07,66.0
2026-03-22 10:00:00,future,5387,12573.852560133297,95.32596417820318,6599.413384067742,29.23,63.9
2026-03-22 11:00:00,future,5388,11228.052806010888,93.08530805224517,6554.229381631685,30.32,62.0
2026-03-22 12:00:00,future,5389,10722.072215374785,92.58721430791978,6602.001019562726,31.25,60.3
2026-03-22 13:00:00,future,5390,10606.535466980742,92.8028777944318,6674.861400530743,31.96,59.1
2026-03-22 14:00:00,future,5391,11380.912490467716,94.8051714807215,6834.961153175913,32.41,58.3
2026-03-22 15:00:00,future,5392,13045.945523579145,98.57587143618404,7078.6652954174815,32.57,58.0
2026-03-22 16:00:00,future,5393,15740.875552078873,104.40159404463829,7420.953499749307,32.41,58.3
2026-03-22 17:00:00,future,5394,18992.9274973227,111.2616033782411,7802.018093305218,31.96,59.1
2026-03-22 18:00:00,future,5395,20510.933576811265,114.13282116662303,7917.653872215581,31.25,60.3
2026-03-22 19:00:00,future,5396,18316.947056533623,108.68819820925434,7506.998411500346,30.32,62.0
2026-03-22 20:00:00,future,5397,14857.917186823932,100.3532657886252,6906.398643210083,29.23,63.9
2026-03-22 21:00:00,future,5398,11707.813671164266,92.65195601934607,6338.605124166268,28.07,66.0
2026-03-22 22:00:00,future,5399,8927.411408091775,85.75775169922052,5819.255668478899,26.9,68.1
2026-03-22 23:00:00,future,5400,7173.606647765901,81.18269521829525,5449.088274691062,25.82,70.0
2026-03-23 00:00:00,future,5401,4599.276396040794,93.0762481819667,4791.009908332727,24.43,73.0
2026-03-23 01:00:00,future,5402,3678.146374975063,89.23918489739296,4552.341956212422,23.71,74.3
2026-03-23 02:00:00,future,5403,3320.699781417906,87.62203879843197,4441.0040956150615,23.27,75.1
2026-03-23 03:00:00,future,5404,3497.5489787945444,88.12072393410493,4452.059710534302,23.11,75.4
2026-03-23 04:00:00,future,5405,4563.999479588122,92.02559235083868,4649.856997924805,23.27,75.1
2026-03-23 05:00:00,future,5406,6898.0337292481345,100.64347174643345,5093.227488510128,23.71,74.3
2026-03-23 06:00:00,future,5407,9922.41374715931,111.9298845392865,5685.205158931347,24.43,73.0
2026-03-23 07:00:00,future,5408,12423.471358807798,121.53036505946292,6213.754441890397,25.36,71.4
2026-03-23 08:00:00,future,5409,13314.19860827022,125.5550168679688,6490.448001865019,26.45,69.4
2026-03-23 09:00:00,future,5410,11391.780169945596,119.67185268229231,6302.7418630145185,27.61,67.4
2026-03-23 10:00:00,future,5411,9400.8437855404,113.55398999169911,6104.691641134427,28.78,65.3
2026-03-23 11:00:00,future,5412,8564.526883314902,111.4537683806437,6090.105825250789,29.86,63.4
2026-03-23 12:00:00,future,5413,8150.990841392546,110.731259796992,6129.053651298288,30.79,61.7
2026-03-23 13:00:00,future,5414,7867.276249976891,110.30097082434344,6165.328492152394,31.51,60.4
2026-03-23 14:00:00,future,5415,8262.909930336253,112.06134928035297,6284.246874577242,31.96,59.7
2026-03-23 15:00:00,future,5416,9369.035049954917,116.09875810095505,6487.543063567272,32.11,59.4
2026-03-23 16:00:00,future,5417,11267.390791862956,122.7027034046926,6788.9478318664815,31.96,59.7
2026-03-23 17:00:00,future,5418,13608.151968764145,130.63416458494382,7129.696582511331,31.51,60.4
2026-03-23 18:00:00,future,5419,14529.095644654011,133.3214093042744,7200.465235614865,30.79,61.7
2026-03-23 19:00:00,future,5420,12856.565234661455,126.65542953841096,6811.094230397761,29.86,63.4
2026-03-23 20:00:00,future,5421,10527.370786610069,117.54395474817991,6293.9287446662265,28.78,65.3
2026-03-23 21:00:00,future,5422,8463.061103937074,109.29883379866881,5810.767580477517,27.61,67.4
2026-03-23 22:00:00,future,5423,6758.906710216828,102.33730116577787,5389.27204210977,26.45,69.4
2026-03-23 23:00:00,future,5424,5800.70310726183,98.07365972624176,5101.243618718914,25.36,71.4
2026-03-24 00:00:00,future,5425,5212.319039830207,83.70754590918304,5038.776628937247,24.49,71.2
2026-03-24 01:00:00,future,5426,4710.786633247268,82.02821629829332,4884.273348511316,23.77,72.5
2026-03-24 02:00:00,future,5427,4703.422429568503,81.67623806352678,4826.273160096884,23.32,73.3
2026-03-24 03:00:00,future,5428,5095.888011680365,82.45895547606914,4856.695304292937,23.17,73.6
2026-03-24 04:00:00,future,5429,6851.035817858305,86.57075822185195,5096.848413008509,23.32,73.3
2026-03-24 05:00:00,future,5430,9865.599024514437,93.77629595686399,5533.722022133982,23.77,72.5
2026-03-24 06:00:00,future,5431,14109.723932197829,103.98518425877117,6159.750074221355,24.49,71.2
2026-03-24 07:00:00,future,5432,17441.957942025198,112.27225107636751,6697.523856056764,25.42,69.6
2026-03-24 08:00:00,future,5433,18972.89563456672,116.56580357049882,7027.378587335832,26.5,67.7
2026-03-24 09:00:00,future,5434,16494.261605598287,111.7883771173946,6863.486629187993,27.67,65.6
2026-03-24 10:00:00,future,5435,13485.002114148449,105.79417946881858,6631.473525877727,28.83,63.5
2026-03-24 11:00:00,future,5436,12023.229126362488,103.274640861248,6585.548478097317,29.92,61.6
2026-03-24 12:00:00,future,5437,11441.250083819805,102.64101702136021,6630.175219422613,30.85,59.9
2026-03-24 13:00:00,future,5438,11326.718619814685,102.91630573277953,6707.061346545723,31.57,58.7
2026-03-24 14:00:00,future,5439,12224.133507657796,105.29675475252408,6877.197960578042,32.02,57.9
2026-03-24 15:00:00,future,5440,14085.007749024006,109.64951342227276,7130.67141693928,32.17,57.6
2026-03-24 16:00:00,future,5441,16965.516671361485,116.10260817084875,7474.5591782279525,32.02,57.9
2026-03-24 17:00:00,future,5442,20353.897747591494,123.4897061663186,7844.384893183603,31.57,58.7
2026-03-24 18:00:00,future,5443,22022.74664990078,126.75678596298268,7963.3253688686455,30.85,59.9
2026-03-24 19:00:00,future,5444,19820.06920405261,121.04403601382755,7567.863073189521,29.92,61.6
2026-03-24 20:00:00,future,5445,16189.741159642936,111.95841734020007,6972.240376785374,28.83,63.5
2026-03-24 21:00:00,future,5446,12863.95588658833,103.51472571464984,6406.108735464837,27.67,65.6
2026-03-24 22:00:00,future,5447,9843.535822182715,95.75952815893605,5877.181417944888,26.5,67.7
2026-03-24 23:00:00,future,5448,7752.1386859296035,90.18866008271362,5476.715068878443,25.42,69.6
2026-03-25 00:00:00,future,5449,5675.612996017548,85.07782343234912,5159.690462840305,24.48,72.6
2026-03-25 01:00:00,future,5450,4740.2325731756755,82.39206913862141,4948.421560223719,23.77,73.9
2026-03-25 02:00:00,future,5451,4720.678722274319,82.01093092481341,4888.187356476622,23.32,74.7
2026-03-25 03:00:00,future,5452,5344.230865507328,83.32835467004637,4947.791127922164,23.16,75.0
2026-03-25 04:00:00,future,5453,6996.971015229712,87.25643585322516,5180.692840740985,23.32,74.7
2026-03-25 05:00:00,future,5454,9652.393616662808,93.71168966473142,5579.638407575185,23.77,73.9
2026-03-25 06:00:00,future,5455,13715.318316556542,103.60458030464493,6192.799394151491,24.48,72.6
2026-03-25 07:00:00,future,5456,17175.50271070232,112.2728165759707,6756.727150312073,25.41,71.0
2026-03-25 08:00:00,future,5457,18699.920978512,116.59975341755671,7092.430528713106,26.5,69.1
2026-03-25 09:00:00,future,5458,16430.276295477895,112.23590213960627,6949.572512728908,27.66,67.0
2026-03-25 10:00:00,future,5459,13384.936193898217,106.0920009606378,6708.3196799922725,28.83,64.9
2026-03-25 11:00:00,future,5460,11769.820400725428,103.17670370470368,6639.307576674991,29.91,63.0
2026-03-25 12:00:00,future,5461,11236.865740252191,102.65058897574524,6691.396288478665,30.85,61.3
2026-03-25 13:00:00,future,5462,11235.175084138198,103.17694968977004,6782.250765149871,31.56,60.1
2026-03-25 14:00:00,future,5463,12194.792295287189,105.72437691859552,6963.283905518332,32.01,59.3
2026-03-25 15:00:00,future,5464,14089.399912694618,110.20235089343134,7225.983092049088,32.16,59.0
2026-03-25 16:00:00,future,5465,16861.58170478628,116.47856122223094,7562.970290439059,32.01,59.3
2026-03-25 17:00:00,future,5466,20171.446358635058,123.7697598297796,7930.569179596852,31.56,60.1
2026-03-25 18:00:00,future,5467,21806.51441892219,127.00736618187467,8049.6050803928665,30.85,61.3
2026-03-25 19:00:00,future,5468,19612.234960715912,121.24882227769581,7647.0644784451015,29.91,63.0
2026-03-25 20:00:00,future,5469,15988.581498719002,112.09186060983143,7042.89030306039,28.83,64.9
2026-03-25 21:00:00,future,5470,12650.029171850958,103.52467248822691,6463.807561119888,27.66,67.0
2026-03-25 22:00:00,future,5471,9576.900204263511,95.57659633820317,5920.114645650151,26.5,69.1
2026-03-25 23:00:00,future,5472,7510.356486998682,90.00038156964132,5514.747688623619,25.41,71.0
2026-03-26 00:00:00,future,5473,5601.847425853757,84.81273947779307,5142.993875980883,24.48,72.0
2026-03-26 01:00:00,future,5474,4749.343912352229,82.32456519469294,4942.847681963283,23.77,73.3
2026-03-26 02:00:00,future,5475,4781.070995027185,82.06165589899244,4889.253539384525,23.32,74.1
2026-03-26 03:00:00,future,5476,5440.1278332791035,83.46370810440693,4954.436541335839,23.17,74.4
2026-03-26 04:00:00,future,5477,7069.501227211684,87.31862989981396,5182.321280966305,23.32,74.1
2026-03-26 05:00:00,future,5478,9635.608739953976,93.54927582758414,5568.607024614842,23.77,73.3
2026-03-26 06:00:00,future,5479,13731.981767363735,103.48925591924264,6184.179260054546,24.48,72.0
2026-03-26 07:00:00,future,5480,17200.430151737142,112.15839704582544,6748.805618486375,25.42,70.4
2026-03-26 08:00:00,future,5481,18752.2083240079,116.52903882307378,7085.911487392467,26.5,68.5
2026-03-26 09:00:00,future,5482,16473.109782092954,112.16656241306595,6943.947711367435,27.67,66.4
2026-03-26 10:00:00,future,5483,13378.633778707652,105.92354166487675,6696.281375180189,28.83,64.3
2026-03-26 11:00:00,future,5484,11741.987214926658,102.97720724383207,6626.343008971334,29.92,62.4
2026-03-26 12:00:00,future,5485,11244.322473732733,102.52794498078762,6681.767949197711,30.85,60.7
2026-03-26 13:00:00,future,5486,11259.43607285132,103.09247005380934,6774.673831677693,31.56,59.5
2026-03-26 14:00:00,future,5487,12235.799762823135,105.67116197977744,6957.3690855308805,32.01,58.7
2026-03-26 15:00:00,future,5488,14119.755425198577,110.11837133888818,7219.138167578025,32.17,58.4
2026-03-26 16:00:00,future,5489,16873.67219424346,116.3252664607472,7551.318064225883,32.01,58.7
2026-03-26 17:00:00,future,5490,20199.54009990157,123.62964605064077,7919.587956594111,31.56,59.5
2026-03-26 18:00:00,future,5491,21868.095512900196,126.93283959897289,8042.301090159639,30.85,60.7
2026-03-26 19:00:00,future,5492,19687.6509456895,121.22995843739484,7643.904170414329,29.92,62.4
2026-03-26 20:00:00,future,5493,16058.016647630711,112.07861070830978,7039.416453184561,28.83,64.3
2026-03-26 21:00:00,future,5494,12700.613317594109,103.50039660510497,6460.823077097706,27.67,66.4
2026-03-26 22:00:00,future,5495,9615.54345289295,95.54032393626655,5915.824804517635,26.5,68.5
2026-03-26 23:00:00,future,5496,7546.712542098661,89.98191039947582,5512.502593847383,25.42,70.4
2026-03-27 00:00:00,future,5497,5604.681550870906,84.81043060235608,5123.6209648142585,24.48,71.4
2026-03-27 01:00:00,future,5498,4731.664325998636,82.26141208634735,4920.022666779291,23.76,72.7
2026-03-27 02:00:00,future,5499,4747.198536257966,81.9615977945352,4864.601868475122,23.31,73.5
2026-03-27 03:00:00,future,5500,5376.907560512446,83.30100932898742,4926.0664294467215,23.16,73.8
2026-03-27 04:00:00,future,5501,6995.373485207703,87.14294191082517,5152.36177611657,23.31,73.5
2026-03-27 05:00:00,future,5502,9588.177140498465,93.45416383765162,5541.642296342748,23.76,72.7
2026-03-27 06:00:00,future,5503,13676.189565156634,103.41274648482069,6156.750704918838,24.48,71.4
2026-03-27 07:00:00,future,5504,17148.075786970167,112.1079705522939,6719.787665465289,25.41,69.8
2026-03-27 08:00:00,future,5505,18686.178544691196,116.46575517387772,7055.718057400299,26.5,67.9
2026-03-27 09:00:00,future,5506,16399.53719575311,112.060900959298,6911.022547281249,27.66,65.8
2026-03-27 10:00:00,future,5507,13317.708859587468,105.82338802767914,6664.545396854721,28.82,63.7
2026-03-27 11:00:00,future,5508,11696.668229467054,102.90032957574883,6596.114549049011,29.91,61.8
2026-03-27 12:00:00,future,5509,11198.462186668776,102.44572559893017,6650.991153157711,30.84,60.1
2026-03-27 13:00:00,future,5510,11208.015641999737,103.00472864748943,6744.06857972268,31.56,58.9
2026-03-27 14:00:00,future,5511,12179.977905048305,105.58041521704457,6925.88607775348,32.01,58.1
2026-03-27 15:00:00,future,5512,14065.79918765916,110.03851875628123,7186.402138935417,32.16,57.8
2026-03-27 16:00:00,future,5513,16834.8517880673,116.30845193728274,7521.696505801303,32.01,58.1
2026-03-27 17:00:00,future,5514,20161.88043574435,123.64060250988508,7890.137442061724,31.56,58.9
2026-03-27 18:00:00,future,5515,21822.14715504116,126.93001568049587,8010.792180537196,30.84,60.1
2026-03-27 19:00:00,future,5516,19628.396908471594,121.1804975591914,7611.352937490994,29.91,61.8
2026-03-27 20:00:00,future,5517,15993.552801254204,111.99037617499485,7007.0457017694525,28.82,63.7
2026-03-27 21:00:00,future,5518,12637.113261702878,103.38968383592119,6429.443138047082,27.66,65.8
2026-03-27 22:00:00,future,5519,9558.138695136004,95.42846197307591,5887.3552904000935,26.5,67.9
2026-03-27 23:00:00,future,5520,7495.650367706425,89.86213168757655,5484.305058357297,25.41,69.8
2026-03-28 00:00:00,future,5521,5681.244214155069,81.82902573724823,5168.403689984377,24.5,73.1
2026-03-28 01:00:00,future,5522,4875.641285816666,79.5793061268939,4975.978207691514,23.79,74.4
2026-03-28 02:00:00,future,5523,4908.121157115912,79.32487949868286,4922.025391096165,23.34,75.2
2026-03-28 03:00:00,future,5524,5612.317598964639,80.73572414455117,4990.869177955304,23.19,75.4
2026-03-28 04:00:00,future,5525,7303.07230205823,84.49097848567223,5221.935992956837,23.34,75.2
2026-03-28 05:00:00,future,5526,9893.356672900369,90.4029149645758,5604.32757710718,23.79,74.4
2026-03-28 06:00:00,future,5527,14131.13120743209,100.05610010923688,6226.550825536664,24.5,73.1
2026-03-28 07:00:00,future,5528,17771.440228876258,108.58635446563214,6803.6104872470805,25.44,71.4
2026-03-28 08:00:00,future,5529,19427.8114107922,112.93804994234138,7150.2798888892385,26.52,69.5
2026-03-28 09:00:00,future,5530,17134.94542364075,108.83582623731436,7014.005404522449,27.69,67.4
2026-03-28 10:00:00,future,5531,13880.992432654451,102.6532510218041,6756.088321915059,28.85,65.4
2026-03-28 11:00:00,future,5532,12145.872040099726,99.69644185981726,6679.343499314319,29.94,63.4
2026-03-28 12:00:00,future,5533,11603.878192495104,99.19792738485876,6731.379979885969,30.87,61.8
2026-03-28 13:00:00,future,5534,11561.845467863688,99.61922986971513,6817.659280709703,31.58,60.5
2026-03-28 14:00:00,future,5535,12482.998692952684,101.93071849003186,6991.0319345305625,32.03,59.7
2026-03-28 15:00:00,future,5536,14366.98815064638,106.11000632642065,7247.586137803428,32.19,59.4
2026-03-28 16:00:00,future,5537,17171.35960331399,112.04388367956287,7578.137498389725,32.03,59.7
2026-03-28 17:00:00,future,5538,20750.410450455856,119.43969107148158,7968.3082448794885,31.58,60.5
2026-03-28 18:00:00,future,5539,22547.96289196142,122.80518342381254,8101.865985816657,30.87,61.8
2026-03-28 19:00:00,future,5540,20377.769494279848,117.45329555967196,7710.192635904101,29.94,63.4
2026-03-28 20:00:00,future,5541,16572.257166383202,108.45852184914331,7093.105144894316,28.85,65.4
2026-03-28 21:00:00,future,5542,13070.095896756582,100.06762440261421,6504.979794269234,27.69,67.4
2026-03-28 22:00:00,future,5543,9903.710813943762,92.39381189002461,5957.613078873285,26.52,69.5
2026-03-28 23:00:00,future,5544,7803.291671626413,87.08426985212401,5555.337243947414,25.44,71.4
2026-03-29 00:00:00,future,5545,5511.406916633749,76.83692514889833,5097.568184125428,24.89,71.4
2026-03-29 01:00:00,future,5546,4609.080012280912,74.38053289552045,4888.251435106216,24.18,72.7
2026-03-29 02:00:00,future,5547,4381.590968964896,73.58210585300488,4801.835053899855,23.73,73.5
2026-03-29 03:00:00,future,5548,4827.7883232973345,74.45893900752587,4841.888936524733,23.57,73.8
2026-03-29 04:00:00,future,5549,6285.765892406796,77.77539887153887,5057.538823712578,23.73,73.5
2026-03-29 05:00:00,future,5550,9109.60162099059,84.29139014357803,5492.607855991412,24.18,72.7
2026-03-29 06:00:00,future,5551,13109.445576367589,93.56900268766938,6117.877350346857,24.89,71.4
2026-03-29 07:00:00,future,5552,16546.567549586696,101.75283787818601,6694.894394600577,25.82,69.8
2026-03-29 08:00:00,future,5553,17799.774693430383,105.23311240791296,6998.506668258071,26.91,67.9
2026-03-29 09:00:00,future,5554,15436.193763701229,100.79492169898873,6825.125989659809,28.07,65.8
2026-03-29 10:00:00,future,5555,12554.288457470364,95.22190932604737,6583.383182779174,29.24,63.7
2026-03-29 11:00:00,future,5556,11208.42404647568,92.97200880443401,6536.735386816314,30.32,61.8
2026-03-29 12:00:00,future,5557,10702.53463049117,92.47271203748267,6584.261750239401,31.25,60.1
2026-03-29 13:00:00,future,5558,10587.130021836289,92.69450947410628,6658.153053471177,31.97,58.9
2026-03-29 14:00:00,future,5559,11361.72269677916,94.6977448620488,6818.037717114716,32.42,58.1
2026-03-29 15:00:00,future,5560,13026.808126636395,98.46367861729942,7060.2577546912125,32.57,57.8
2026-03-29 16:00:00,future,5561,15721.66077222874,104.29901503316135,7403.515757140225,32.42,58.1
2026-03-29 17:00:00,future,5562,18973.546553186658,111.16271922652956,7784.330221275617,31.97,58.9
2026-03-29 18:00:00,future,5563,20491.50705100874,114.02957070852406,7898.782343754348,31.25,60.1
2026-03-29 19:00:00,future,5564,18297.58028966043,108.58344713180693,7488.708839390276,30.32,61.8
2026-03-29 20:00:00,future,5565,14838.630832397506,100.25239093506306,6890.138066283258,29.24,63.7
2026-03-29 21:00:00,future,5566,11688.512990018358,92.54193851424407,6321.865448788279,28.07,65.8
2026-03-29 22:00:00,future,5567,8908.034421913442,85.65210020984576,5804.471666729566,26.91,67.9
2026-03-29 23:00:00,future,5568,7154.149255323031,81.06925383576205,5433.625413513456,25.82,69.8
2026-03-30 00:00:00,future,5569,4580.142160416315,92.95403068294222,4776.445704458357,24.44,72.8
2026-03-30 01:00:00,future,5570,3659.180403323523,89.11477904400826,4538.17668326802,23.72,74.1
2026-03-30 02:00:00,future,5571,3302.3458336638946,87.4909110456132,4425.980325045613,23.27,74.9
2026-03-30 03:00:00,future,5572,3479.6289628568884,87.99993533998412,4438.305868384324,23.12,75.2
2026-03-30 04:00:00,future,5573,4546.455276623082,91.90205774513376,4634.814435069015,23.27,74.9
2026-03-30 05:00:00,future,5574,6880.488589781502,100.53633287534493,5078.900035250584,23.72,74.1
2026-03-30 06:00:00,future,5575,9904.941711483169,111.83377803814946,5670.257564494644,24.44,72.8
2026-03-30 07:00:00,future,5576,12405.831784787944,121.44224199245849,6198.136749297068,25.37,71.2
2026-03-30 08:00:00,future,5577,13296.463515948271,125.46088758168325,6473.153591545978,26.45,69.2
2026-03-30 09:00:00,future,5578,11374.06550899609,119.57731521145992,6286.439754641931,27.62,67.2
2026-03-30 10:00:00,future,5579,9383.09439377315,113.4426378928317,6087.053158035632,28.78,65.1
2026-03-30 11:00:00,future,5580,8546.730232168164,111.34597242300602,6073.341579858238,29.87,63.2
2026-03-30 12:00:00,future,5581,8133.213314095793,110.62103938091059,6112.013328984769,30.8,61.5
2026-03-30 13:00:00,future,5582,7849.540859320591,110.18910872323579,6148.074485776277,31.52,60.2
2026-03-30 14:00:00,future,5583,8245.391714640671,111.95131387572339,6266.820051818325,31.97,59.5
2026-03-30 15:00:00,future,5584,9351.603282973125,115.99308166068504,6469.939760820067,32.12,59.2
2026-03-30 16:00:00,future,5585,11249.751694437313,122.60365052026275,6771.126844216283,31.97,59.5
2026-03-30 17:00:00,future,5586,13590.40854554278,130.54407804669742,7111.726840317282,31.52,60.2
2026-03-30 18:00:00,future,5587,14511.37539422062,133.23561623182573,7182.640844213409,30.8,61.5
2026-03-30 19:00:00,future,5588,12838.993982976965,126.56473407215545,6793.833724226017,29.87,63.2
2026-03-30 20:00:00,future,5589,10509.927835660974,117.43796776209942,6276.201516576764,28.78,65.1
2026-03-30 21:00:00,future,5590,8445.641872508786,109.1942204347147,5794.879508589378,27.62,67.2
2026-03-30 22:00:00,future,5591,6741.440394413461,102.21922763650772,5372.838480591985,26.45,69.2
2026-03-30 23:00:00,future,5592,5783.16117868029,97.96072937194711,5086.466445826819,25.37,71.2
2026-03-31 00:00:00,future,5593,5195.012850612953,83.5918177669609,5023.626224931147,24.49,71.0
2026-03-31 01:00:00,future,5594,4693.564544633419,81.92050989162998,4870.738591411643,23.78,72.3
2026-03-31 02:00:00,future,5595,4686.246894587524,81.56907194245919,4812.908025023327,23.33,73.1
2026-03-31 03:00:00,future,5596,5078.90195015081,82.35261087833204,4843.345395312635,23.18,73.4
2026-03-31 04:00:00,future,5597,6834.311451412121,86.4659522242835,5083.196343052227,23.33,73.1
2026-03-31 05:00:00,future,5598,9849.250276291184,93.67377667238225,5519.472178243583,23.78,72.3
2026-03-31 06:00:00,future,5599,14093.343866312667,103.87708412615244,6143.292259109033,24.49,71.0
2026-03-31 07:00:00,future,5600,17425.445819523367,112.17244834582816,6681.444784161766,25.43,69.4
2026-03-31 08:00:00,future,5601,18956.13740101273,116.46533609206246,7010.633330131665,26.51,67.5
2026-03-31 09:00:00,future,5602,16477.35536840211,111.68489470105288,6846.696707659323,27.68,65.4
2026-03-31 10:00:00,future,5603,13468.22254194992,105.68798900873331,6614.762035757094,28.84,63.3
2026-03-31 11:00:00,future,5604,12006.62392156615,103.16687885389334,6568.699052494836,29.93,61.4
2026-03-31 12:00:00,future,5605,11424.776218202493,102.53228687562222,6613.099449830345,30.86,59.7
2026-03-31 13:00:00,future,5606,11310.362008036444,102.79963088867231,6688.4938613248505,31.57,58.5
2026-03-31 14:00:00,future,5607,12207.953643264456,105.18060054330732,6858.346506972963,32.02,57.7
2026-03-31 15:00:00,future,5608,14068.907078302316,109.54198634954165,7112.74258005349,32.18,57.4
2026-03-31 16:00:00,future,5609,16949.58797764349,115.98996639866405,7454.980516353923,32.02,57.7
2026-03-31 17:00:00,future,5610,20337.716147299667,123.37902750929858,7824.394716259879,31.57,58.5
2026-03-31 18:00:00,future,5611,22006.339787335004,126.6547695207221,7944.564563450886,30.86,59.7
2026-03-31 19:00:00,future,5612,19803.493409737443,120.94117541089447,7549.769539018746,29.93,61.4
2026-03-31 20:00:00,future,5613,16173.223498282896,111.85450099893346,6955.128975116965,28.84,63.3
2026-03-31 21:00:00,future,5614,12847.47046222832,103.40995167577883,6389.952759805841,27.68,65.4
2026-03-31 22:00:00,future,5615,9827.021586559456,95.65395634080804,5861.927928918206,26.51,67.5
2026-03-31 23:00:00,future,5616,7735.555784965465,90.0826879182289,5462.177853377652,25.43,69.4
2026-04-01 00:00:00,future,5617,6007.0529599363035,62.14790168976965,5336.172471862001,26.07,64.7
2026-04-01 01:00:00,future,5618,5424.574136994241,60.90033505172818,5176.733675516661,25.35,66.0
2026-04-01 02:00:00,future,5619,5114.3969462532405,60.201333646273746,5083.434338640155,24.9,66.8
2026-04-01 03:00:00,future,5620,5568.090506427329,60.80313104518783,5117.998379933769,24.75,67.1
2026-04-01 04:00:00,future,5621,7152.229512145258,63.255042429413415,5323.634023462295,24.9,66.8
2026-04-01 05:00:00,future,5622,10495.531318171044,68.499205902193,5774.448294986422,25.35,66.0
2026-04-01 06:00:00,future,5623,15841.681560662804,76.8851731612407,6495.381883751674,26.07,64.7
2026-04-01 07:00:00,future,5624,20336.372245660816,84.10451386410107,7142.431842337952,27.0,63.1
2026-04-01 08:00:00,future,5625,22349.144351199873,87.68274537215271,7515.850518025637,28.08,61.1
2026-04-01 09:00:00,future,5626,19562.183175849103,84.11537693391132,7334.871522634825,29.25,59.1
2026-04-01 10:00:00,future,5627,15709.66922784624,78.94606453479156,7027.0347736224585,30.41,57.0
2026-04-01 11:00:00,future,5628,13906.279901985195,76.81095130375594,6951.902686632995,31.5,55.1
2026-04-01 12:00:00,future,5629,13009.338809059283,75.95088764765501,6963.440054336974,32.43,53.4
2026-04-01 13:00:00,future,5630,12564.571891624344,75.65911813397543,7001.797213651241,33.15,52.1
2026-04-01 14:00:00,future,5631,13157.874951930617,76.78238597284367,7128.468646828896,33.6,51.3
2026-04-01 15:00:00,future,5632,14935.141661209367,79.52370080193623,7356.868286920324,33.75,51.1
2026-04-01 16:00:00,future,5633,18242.71183075494,84.40205566386238,7727.8192687142455,33.6,51.3
2026-04-01 17:00:00,future,5634,22502.499687533706,90.55118429510887,8173.182519939992,33.15,52.1
2026-04-01 18:00:00,future,5635,24572.463332773194,93.27832441042284,8326.38758626017,32.43,53.4
2026-04-01 19:00:00,future,5636,22189.459839845706,89.22336425265728,7928.242570340885,31.5,55.1
2026-04-01 20:00:00,future,5637,17925.233051882464,82.26610506329514,7288.183673264214,30.41,57.0
2026-04-01 21:00:00,future,5638,14256.959786315105,76.16545625235302,6709.543903768695,29.25,59.1
2026-04-01 22:00:00,future,5639,11201.96649521766,70.97860809621685,6201.930693365644,28.08,61.1
2026-04-01 23:00:00,future,5640,9297.109068497057,67.56208761784114,5841.2319399491635,27.0,63.1
2026-04-02 00:00:00,future,5641,6106.011480244377,65.64202624010485,5425.8904459702935,26.23,63.1
2026-04-02 01:00:00,future,5642,4848.323068862381,62.86499946787588,5155.179019132283,25.51,64.4
2026-04-02 02:00:00,future,5643,4346.199718255268,61.67082262170968,5027.10694654641,25.06,65.2
2026-04-02 03:00:00,future,5644,4626.168631620044,62.125858087596555,5049.206115497547,24.91,65.5
2026-04-02 04:00:00,future,5645,6009.0203797249105,64.84186109981415,5267.937427839034,25.06,65.2
2026-04-02 05:00:00,future,5646,8864.965714611344,70.52483235160257,5736.9194340614895,25.51,64.4
2026-04-02 06:00:00,future,5647,12471.62272008154,77.78139799913596,6347.83786587834,26.23,63.1
2026-04-02 07:00:00,future,5648,15748.235522091236,84.51898217317635,6936.78437106069,27.16,61.5
2026-04-02 08:00:00,future,5649,16980.800814875285,87.43739111839761,7248.135785739122,28.24,59.5
2026-04-02 09:00:00,future,5650,14748.091584087078,83.79476241795021,7068.672469651551,29.41,57.5
2026-04-02 10:00:00,future,5651,12140.774464541306,79.43248945358137,6833.723792748274,30.57,55.4
2026-04-02 11:00:00,future,5652,10939.425896695257,77.71462501010706,6793.795328731834,31.66,53.5
2026-04-02 12:00:00,future,5653,10353.0791635241,77.08545364083314,6823.259728820964,32.59,51.8
2026-04-02 13:00:00,future,5654,10218.090991266448,77.20661310481418,6892.26631779241,33.31,50.5
2026-04-02 14:00:00,future,5655,10890.701236372694,78.72591250628437,7045.030434329686,33.76,49.7
2026-04-02 15:00:00,future,5656,12523.732249881194,81.91901331708097,7299.995836307359,33.91,49.5
2026-04-02 16:00:00,future,5657,15218.981447911488,86.98004562649535,7671.906098475542,33.76,49.7
2026-04-02 17:00:00,future,5658,18282.991773178284,92.58657036306371,8060.326098315263,33.31,50.5
2026-04-02 18:00:00,future,5659,19538.408900805047,94.60209551684397,8153.594041305219,32.59,51.8
2026-04-02 19:00:00,future,5660,17336.332796729825,89.91367833611841,7720.275377492983,31.66,53.5
2026-04-02 20:00:00,future,5661,13972.953071401567,82.92649755423776,7099.082809465221,30.57,55.4
2026-04-02 21:00:00,future,5662,11036.370662384408,76.71642250106348,6531.094631758008,29.41,57.5
2026-04-02 22:00:00,future,5663,8446.631739794211,71.16252808427274,6012.1107029332,28.24,59.5
2026-04-02 23:00:00,future,5664,6808.43483452737,67.47057002403045,5642.010645827271,27.16,61.5
2026-04-03 00:00:00,future,5665,5059.357225741637,63.61631644689424,5247.656444786161,26.25,62.5
2026-04-03 01:00:00,future,5666,4287.9209099689015,61.75329943847897,5047.437090566048,25.53,63.8
2026-04-03 02:00:00,future,5667,4301.435796810336,61.543430339824745,4994.470376679453,25.08,64.6
2026-04-03 03:00:00,future,5668,4911.383706823819,62.639398780072455,5064.969631899598,24.93,64.9
2026-04-03 04:00:00,future,5669,6427.903966580092,65.63845200714756,5304.092337425835,25.08,64.6
2026-04-03 05:00:00,future,5670,8736.395065507893,70.31989747762582,5695.152071654489,25.53,63.8
2026-04-03 06:00:00,future,5671,12272.985502829291,77.50787829326084,6297.9885226414635,26.25,62.5
2026-04-03 07:00:00,future,5672,15287.482739346618,83.80052856463362,6850.442307119903,27.18,60.9
2026-04-03 08:00:00,future,5673,16626.836387066378,86.95116416153822,7178.521007784484,28.27,58.9
2026-04-03 09:00:00,future,5674,14656.294586489092,83.7645014091698,7033.211546997933,29.43,56.9
2026-04-03 10:00:00,future,5675,11989.044086800484,79.24140199367059,6787.679381975578,30.6,54.8
2026-04-03 11:00:00,future,5676,10607.15145863835,77.14638669673747,6718.313370008472,31.68,52.9
2026-04-03 12:00:00,future,5677,10128.706841489804,76.71254429034343,6762.181359091615,32.61,51.2
2026-04-03 13:00:00,future,5678,10091.13261443176,77.01761853287034,6844.6056604175765,33.33,49.9
2026-04-03 14:00:00,future,5679,10891.20002870166,78.79423440844059,7016.0330928231415,33.78,49.1
2026-04-03 15:00:00,future,5680,12505.150426695594,81.98091260578586,7269.342001964268,33.93,48.9
2026-04-03 16:00:00,future,5681,14991.274113226118,86.6899050102603,7613.019680867554,33.78,49.1
2026-04-03 17:00:00,future,5682,17986.076691886163,92.22121646068618,7994.1399445395655,33.33,49.9
2026-04-03 18:00:00,future,5683,19395.455554230903,94.55787924704747,8111.455684930021,32.61,51.2
2026-04-03 19:00:00,future,5684,17436.43799644838,90.29780685070861,7712.683809404499,31.68,52.9
2026-04-03 20:00:00,future,5685,14161.672941887547,83.42531707084555,7104.0225164035255,30.6,54.8
2026-04-03 21:00:00,future,5686,11185.309485067475,77.08029169498666,6527.82273934886,29.43,56.9
2026-04-03 22:00:00,future,5687,8499.586517324336,71.30020602095914,5995.162105018602,28.27,58.9
2026-04-03 23:00:00,future,5688,6749.004509417659,67.35765213008574,5607.206970271595,27.18,60.9
2026-04-04 00:00:00,future,5689,5011.056788579345,63.54887256781089,5229.8506055109465,26.25,63.9
2026-04-04 01:00:00,future,5690,4253.488973983412,61.71592824028405,5033.193744890364,25.54,65.2
2026-04-04 02:00:00,future,5691,4265.503029447329,61.50315283903139,4980.12853326781,25.09,66.0
2026-04-04 03:00:00,future,5692,4848.199948104108,62.54277406189065,5045.382748625493,24.93,66.3
2026-04-04 04:00:00,future,5693,6340.134997550347,65.50329724058348,5281.847501963419,25.09,66.0
2026-04-04 05:00:00,future,5694,8661.826138036922,70.21574194124933,5674.309356358038,25.54,65.2
2026-04-04 06:00:00,future,5695,12257.029271966388,77.51999453491528,6283.650690777799,26.25,63.9
2026-04-04 07:00:00,future,5696,15324.177266697036,83.92144060830186,6842.9928280209815,27.18,62.3
2026-04-04 08:00:00,future,5697,16677.337990401033,87.1019991720188,7172.554335747136,28.27,60.3
2026-04-04 09:00:00,future,5698,14682.560452332018,83.86402470084835,7023.74310396922,29.43,58.3
2026-04-04 10:00:00,future,5699,11974.94792186729,79.25686021277194,6772.4805326207825,30.6,56.2
2026-04-04 11:00:00,future,5700,10584.34438288126,77.14186228836377,6701.7914171244665,31.68,54.3
2026-04-04 12:00:00,future,5701,10122.865518861712,76.74492693002549,6749.1744895523525,32.62,52.6
2026-04-04 13:00:00,future,5702,10088.495663920326,77.05091848526158,6830.657854055217,33.33,51.3
2026-04-04 14:00:00,future,5703,10885.554950819416,78.82368633368436,7001.388645987943,33.78,50.5
2026-04-04 15:00:00,future,5704,12500.762184182884,82.01665026292777,7254.563130124178,33.93,50.3
2026-04-04 16:00:00,future,5705,15001.017565162749,86.7588020504325,7599.910771741356,33.78,50.5
2026-04-04 17:00:00,future,5706,18024.54144565791,92.35258624723365,7984.817042576938,33.33,51.3
2026-04-04 18:00:00,future,5707,19442.042596202533,94.71344114658955,8104.485956886016,32.62,52.6
2026-04-04 19:00:00,future,5708,17466.88766721815,90.41224827034291,7702.737075766655,31.68,54.3
2026-04-04 20:00:00,future,5709,14160.725894197163,83.47130771646387,7090.363745522378,30.6,56.2
2026-04-04 21:00:00,future,5710,11161.434409290589,77.07486264956158,6511.656847376381,29.43,58.3
2026-04-04 22:00:00,future,5711,8465.44638469781,71.26846689364453,5978.278192119395,28.27,60.3
2026-04-04 23:00:00,future,5712,6725.827971066153,67.34277059534695,5592.513166158593,27.18,62.3
2026-04-05 00:00:00,future,5713,4912.869763589361,63.63491652843641,5232.404584127476,26.24,63.3
2026-04-05 01:00:00,future,5714,4127.188103682109,61.708305676076755,5027.94090770399,25.52,64.6
2026-04-05 02:00:00,future,5715,4079.596544909507,61.38344074177419,4967.237845596437,25.08,65.4
2026-04-05 03:00:00,future,5716,4620.115205761242,62.364726022672016,5028.018635730566,24.92,65.7
2026-04-05 04:00:00,future,5717,6082.861524034255,65.33168042265372,5264.786135822098,25.08,65.4
2026-04-05 05:00:00,future,5718,8463.671980034405,70.255091994674,5672.046094209836,25.52,64.6
2026-04-05 06:00:00,future,5719,12054.010039536148,77.7094067721279,6293.090065834415,26.24,63.3
2026-04-05 07:00:00,future,5720,15117.74532579366,84.23612069475413,6861.514993749477,27.17,61.7
2026-04-05 08:00:00,future,5721,16423.620104396778,87.38228741415746,7188.34531562946,28.26,59.7
2026-04-05 09:00:00,future,5722,14399.799490993137,84.00271021612826,7029.143139608738,29.42,57.7
2026-04-05 10:00:00,future,5723,11714.072670659752,79.32383202490104,6772.8458894239275,30.59,55.6
2026-04-05 11:00:00,future,5724,10354.32870135337,77.21107294138814,6702.528451238335,31.67,53.7
2026-04-05 12:00:00,future,5725,9886.572329770072,76.77756161100065,6746.415030164825,32.6,52.0
2026-04-05 13:00:00,future,5726,9833.254238995338,77.05058587226544,6826.260673568909,33.32,50.7
2026-04-05 14:00:00,future,5727,10619.466184420122,78.83645098597027,6997.891213535397,33.77,49.9
2026-04-05 15:00:00,future,5728,12239.891853694924,82.10892447736204,7256.860131469635,33.92,49.7
2026-04-05 16:00:00,future,5729,14770.48016380942,87.01769424639562,7614.448246749119,33.77,49.9
2026-04-05 17:00:00,future,5730,17794.662194702236,92.7417436242098,8008.781882542757,33.32,50.7
2026-04-05 18:00:00,future,5731,19203.446574291673,95.14021107440647,8130.265908901858,32.6,52.0
2026-04-05 19:00:00,future,5732,17207.984734783226,90.71895981220537,7720.513418675263,31.67,53.7
2026-04-05 20:00:00,future,5733,13894.753131502526,83.62174029791434,7096.745997204862,30.59,55.6
2026-04-05 21:00:00,future,5734,10902.380643143077,77.10963914483608,6509.665681945866,29.42,57.7
2026-04-05 22:00:00,future,5735,8220.2776189577,71.21430032589592,5969.889167234961,28.26,59.7
2026-04-05 23:00:00,future,5736,6483.137277103507,67.218151288842,5579.002251586424,27.17,61.7
2026-04-06 00:00:00,future,5737,4786.608904031831,63.041003365285,5164.382925213562,26.26,62.7
2026-04-06 01:00:00,future,5738,4047.363749448728,61.22320488208768,4969.243048620302,25.54,64.0
2026-04-06 02:00:00,future,5739,4083.3251891109785,61.05824977757632,4920.1658953350925,25.09,64.8
2026-04-06 03:00:00,future,5740,4696.040758618428,62.17479265910088,4991.728856400729,24.94,65.1
2026-04-06 04:00:00,future,5741,6212.395864104429,65.21031856000421,5231.774553466301,25.09,64.8
2026-04-06 05:00:00,future,5742,8497.076418737863,69.90094079848045,5620.498551893293,25.54,64.0
2026-04-06 06:00:00,future,5743,12074.523408290244,77.2537407147522,6231.0348151297685,26.26,62.7
2026-04-06 07:00:00,future,5744,15140.989500803684,83.71974341096818,6792.143293540064,27.19,61.1
2026-04-06 08:00:00,future,5745,16511.968077768524,86.96282832564471,7124.422955194718,28.28,59.1
2026-04-06 09:00:00,future,5746,14541.440244165631,83.72594681305922,6976.09603141865,29.44,57.1
2026-04-06 10:00:00,future,5747,11833.16747455567,79.05033066654778,6719.793495441279,30.6,55.0
2026-04-06 11:00:00,future,5748,10431.902699328415,76.88704499187531,6646.330388132942,31.69,53.1
2026-04-06 12:00:00,future,5749,9972.920256506924,76.4777922165155,6691.457739045096,32.62,51.4
2026-04-06 13:00:00,future,5750,9948.33759901192,76.80598979029752,6774.80453973885,33.34,50.1
2026-04-06 14:00:00,future,5751,10743.692311191033,78.59216014281806,6945.552294944723,33.79,49.3
2026-04-06 15:00:00,future,5752,12347.970957069536,81.79915268012385,7198.466393591158,33.94,49.1
2026-04-06 16:00:00,future,5753,14824.67845812158,86.55081336237035,7542.8413525759315,33.79,49.3
2026-04-06 17:00:00,future,5754,17842.967347398037,92.20193042867079,7930.254666985042,33.34,50.1
2026-04-06 18:00:00,future,5755,19263.60350659345,94.59628698664733,8051.232862851385,32.62,51.4
2026-04-06 19:00:00,future,5756,17301.17197313136,90.28334923148728,7651.709780133755,31.69,53.1
2026-04-06 20:00:00,future,5757,14001.671552635737,83.27930164102776,7037.173587074292,30.6,55.0
2026-04-06 21:00:00,future,5758,11002.953426841592,76.825264358594,6458.206633987205,29.44,57.1
2026-04-06 22:00:00,future,5759,8304.946329588534,70.95766738967451,5923.251446779724,28.28,59.1
2026-04-06 23:00:00,future,5760,6570.980341672332,67.00669207233199,5537.845310098391,27.19,61.1
2026-04-07 00:00:00,future,5761,5319.145094497698,57.43541272470456,5149.310298007018,26.11,64.6
2026-04-07 01:00:00,future,5762,4684.301660982061,56.13893151944553,4983.415261676368,25.39,65.9
2026-04-07 02:00:00,future,5763,4797.460621042714,56.09013638715442,4942.231759561186,24.94,66.7
2026-04-07 03:00:00,future,5764,5676.2039751927705,57.32980177826617,5031.584946643154,24.79,67.0
2026-04-07 04:00:00,future,5765,7428.5149641738335,60.019182885008355,5264.709910957233,24.94,66.7
2026-04-07 05:00:00,future,5766,10275.754716872274,64.48884610958491,5668.7380296338815,25.39,65.9
2026-04-07 06:00:00,future,5767,14537.307347760376,71.20122041787775,6279.144780697075,26.11,64.6
2026-04-07 07:00:00,future,5768,18036.338545146325,76.8765248939137,6821.783610239918,27.04,63.0
2026-04-07 08:00:00,future,5769,19800.38379614716,80.03834617725474,7171.346310005686,28.13,61.0
2026-04-07 09:00:00,future,5770,17442.85636628442,77.0791540138033,7024.307585947231,29.29,59.0
2026-04-07 10:00:00,future,5771,14154.186457958964,72.73429339982994,6764.365729923336,30.46,56.9
2026-04-07 11:00:00,future,5772,12501.709829524145,70.7892621928612,6693.95516224234,31.54,55.0
2026-04-07 12:00:00,future,5773,11958.05589258322,70.42748198821727,6741.097715854009,32.47,53.3
2026-04-07 13:00:00,future,5774,11963.022630155085,70.78334604782947,6829.79120252998,33.19,52.0
2026-04-07 14:00:00,future,5775,12989.87593557833,72.53456181270987,7010.701597364743,33.64,51.2
2026-04-07 15:00:00,future,5776,14866.732133018637,75.40993068378644,7259.091586019359,33.79,51.0
2026-04-07 16:00:00,future,5777,17833.870688538933,79.76827048521606,7604.411293017746,33.64,51.2
2026-04-07 17:00:00,future,5778,21537.993469068337,85.08198862049292,8003.358333085417,33.19,52.0
2026-04-07 18:00:00,future,5779,23442.301735870213,87.57731244643661,8148.677296788711,32.47,53.3
2026-04-07 19:00:00,future,5780,21229.189132537605,83.82231568342108,7763.648534152594,31.54,55.0
2026-04-07 20:00:00,future,5781,17136.329881201276,77.1876336372818,7129.875511519336,30.46,56.9
2026-04-07 21:00:00,future,5782,13412.058803758007,71.05982146449709,6530.26832369911,29.29,59.0
2026-04-07 22:00:00,future,5783,10037.422292999958,65.4589704973995,5974.737891063277,28.13,61.0
2026-04-07 23:00:00,future,5784,7885.569044109385,61.718021815977025,5577.643065409431,27.04,63.0
2026-04-08 00:00:00,future,5785,6008.16329461189,61.217291583169036,5268.304534981539,26.13,64.5
2026-04-08 01:00:00,future,5786,5134.413922445409,59.546486338064724,5077.143280938049,25.42,65.8
2026-04-08 02:00:00,future,5787,5141.530382408962,59.32754036115447,5022.221360089717,24.97,66.6
2026-04-08 03:00:00,future,5788,5927.029171455055,60.42227956418863,5095.154020827608,24.81,66.9
2026-04-08 04:00:00,future,5789,7707.017896923558,63.1696572149296,5325.178815967228,24.97,66.6
2026-04-08 05:00:00,future,5790,10526.462807906211,67.62170860361844,5713.888306226336,25.42,65.8
2026-04-08 06:00:00,future,5791,15194.17704145447,74.97441884887381,6353.077444089161,26.13,64.5
2026-04-08 07:00:00,future,5792,19165.045547429516,81.39577202075644,6937.237901364082,27.06,62.9
2026-04-08 08:00:00,future,5793,20986.34316468344,84.67952888183318,7287.382936588494,28.15,60.9
2026-04-08 09:00:00,future,5794,18451.11864157315,81.47460171917038,7131.742046159544,29.31,58.9
2026-04-08 10:00:00,future,5795,14830.61985374944,76.64945203691994,6849.1806881539,30.48,56.8
2026-04-08 11:00:00,future,5796,12998.972221004173,74.45739491326795,6766.711630196049,31.56,54.9
2026-04-08 12:00:00,future,5797,12462.910671110689,74.13419683325111,6819.889574176995,32.5,53.2
2026-04-08 13:00:00,future,5798,12468.233181046046,74.5044315377576,6908.498626617971,33.21,51.9
2026-04-08 14:00:00,future,5799,13533.44488241484,76.32931403867086,7090.051376805782,33.66,51.1
2026-04-08 15:00:00,future,5800,15554.302005016163,79.43231791028322,7347.281068145142,33.81,50.9
2026-04-08 16:00:00,future,5801,18649.676000010422,83.99146701876127,7694.225185603829,33.66,51.1
2026-04-08 17:00:00,future,5802,22586.440131695752,89.65762687982546,8103.3538806264805,33.21,51.9
2026-04-08 18:00:00,future,5803,24611.137999651095,92.3275845221044,8254.469171253155,32.5,53.2
2026-04-08 19:00:00,future,5804,22314.036233231094,88.40779000694384,7866.724036615571,31.56,54.9
2026-04-08 20:00:00,future,5805,18081.108361015857,81.51743779249809,7233.029653681549,30.48,56.8
2026-04-08 21:00:00,future,5806,14195.273746470732,75.10097748361467,6629.170922840911,29.31,58.9
2026-04-08 22:00:00,future,5807,10675.423410590876,69.23772363390647,6069.770300088058,28.15,60.9
2026-04-08 23:00:00,future,5808,8357.130330561278,65.20965808569842,5660.935257551849,27.06,62.9
2026-04-09 00:00:00,future,5809,5546.280654132295,64.67015461494925,5338.475970333397,26.25,62.9
2026-04-09 01:00:00,future,5810,4478.669175448295,62.212713945385005,5093.643105100097,25.54,64.2
2026-04-09 02:00:00,future,5811,4080.622558369805,61.19943955346015,4979.70994397534,25.09,65.0
2026-04-09 03:00:00,future,5812,4475.646470540413,61.89254894716469,5019.8488927227245,24.94,65.3
2026-04-09 04:00:00,future,5813,5881.858540111563,64.71813227731796,5246.348041268197,25.09,65.0
2026-04-09 05:00:00,future,5814,8615.033629648258,70.29305192205781,5705.951741479431,25.54,64.2
2026-04-09 06:00:00,future,5815,12296.906802710477,77.8574212203594,6337.775412515183,26.25,62.9
2026-04-09 07:00:00,future,5816,15556.945455352168,84.71820828315263,6935.270911500303,27.19,61.3
2026-04-09 08:00:00,future,5817,16813.023861625363,87.73761059639686,7253.233156443409,28.27,59.3
2026-04-09 09:00:00,future,5818,14526.52450456135,83.88376908524496,7057.7873969061575,29.44,57.3
2026-04-09 10:00:00,future,5819,11825.86749489898,79.21563793482271,6799.811173112872,30.6,55.2
2026-04-09 11:00:00,future,5820,10538.595098272375,77.27187285861059,6742.50204218942,31.69,53.3
2026-04-09 12:00:00,future,5821,9969.362696970196,76.64698752147834,6771.925688336217,32.62,51.6
2026-04-09 13:00:00,future,5822,9821.710324954009,76.73042494417693,6836.86228004174,33.33,50.3
2026-04-09 14:00:00,future,5823,10525.221850686692,78.34042134386229,6996.013604060696,33.78,49.5
2026-04-09 15:00:00,future,5824,12130.10055290426,81.55933520984384,7253.143945402991,33.94,49.3
2026-04-09 16:00:00,future,5825,14743.08004657833,86.57995636014407,7620.385810369902,33.78,49.5
2026-04-09 17:00:00,future,5826,17826.1018073375,92.36690697843943,8021.757394554215,33.33,50.3
2026-04-09 18:00:00,future,5827,19172.14344445676,94.62450850355818,8134.2191208382565,32.62,51.6
2026-04-09 19:00:00,future,5828,17063.11124442498,90.01743630663825,7708.330278245653,31.69,53.3
2026-04-09 20:00:00,future,5829,13723.273990791777,82.92219859593197,7080.685452210244,30.6,55.2
2026-04-09 21:00:00,future,5830,10786.94123428756,76.57853835659338,6504.21452918573,29.44,57.3
2026-04-09 22:00:00,future,5831,8211.045644632815,70.93375009742618,5979.876901081674,28.27,59.3
2026-04-09 23:00:00,future,5832,6580.797527012814,67.18341177460323,5606.526078012531,27.19,61.3
2026-04-10 00:00:00,future,5833,4812.485552624317,63.137252633174846,5211.920770653829,26.25,62.3
2026-04-10 01:00:00,future,5834,4061.042390624367,61.30119327963896,5014.6335137416445,25.54,63.6
2026-04-10 02:00:00,future,5835,4095.185693858616,61.13237427954408,4964.837765215054,25.09,64.4
2026-04-10 03:00:00,future,5836,4720.464345298237,62.26746697869095,5037.522511767883,24.93,64.7
2026-04-10 04:00:00,future,5837,6256.137156978628,65.34445527794118,5283.408677384245,25.09,64.4
2026-04-10 05:00:00,future,5838,8561.615824556537,70.07361606029059,5678.115229366172,25.54,63.6
2026-04-10 06:00:00,future,5839,12103.53387343259,77.34881018761033,6286.778745888483,26.25,62.3
2026-04-10 07:00:00,future,5840,15122.86127403519,83.72045162580956,6845.20650627612,27.18,60.7
2026-04-10 08:00:00,future,5841,16475.46500895872,86.92703771636269,7177.41803464142,28.27,58.7
2026-04-10 09:00:00,future,5842,14512.95922998033,83.70849546162766,7029.439817733406,29.43,56.7
2026-04-10 10:00:00,future,5843,11844.834072781745,79.11980525607397,6778.656493238934,30.6,54.6
2026-04-10 11:00:00,future,5844,10462.472990267552,76.99022517552083,6706.456718127427,31.68,52.7
2026-04-10 12:00:00,future,5845,9991.522247450848,76.56392055077708,6751.560533254858,32.62,51.0
2026-04-10 13:00:00,future,5846,9968.87725969105,76.8911436151444,6834.730480187169,33.33,49.7
2026-04-10 14:00:00,future,5847,10772.891024860104,78.69368068884958,7008.088680892477,33.78,48.9
2026-04-10 15:00:00,future,5848,12385.011429328331,81.91444856953319,7264.026445737032,33.93,48.7
2026-04-10 16:00:00,future,5849,14868.267678824344,86.67630245515986,7611.8356407830515,33.78,48.9
2026-04-10 17:00:00,future,5850,17858.420259605984,92.26927437056573,7997.8194958248005,33.33,49.7
2026-04-10 18:00:00,future,5851,19257.656039378395,94.62527303355412,8117.588759596461,32.62,51.0
2026-04-10 19:00:00,future,5852,17288.95172286271,90.29625349047937,7712.827103516154,31.68,52.7
2026-04-10 20:00:00,future,5853,14008.917906965726,83.33799180605963,7097.689184547606,30.6,54.6
2026-04-10 21:00:00,future,5854,11025.37010825654,76.9105603295634,6515.293865480155,29.43,56.7
2026-04-10 22:00:00,future,5855,8333.254772679084,71.05641331479875,5977.080411925979,28.27,58.7
2026-04-10 23:00:00,future,5856,6590.688882846195,67.08972121963588,5587.380040557434,27.18,60.7
2026-04-11 00:00:00,future,5857,4860.062927335488,63.21968478606785,5202.747807725866,26.25,63.7
2026-04-11 01:00:00,future,5858,4104.460480309766,61.38155552233549,5005.860108516552,25.54,65.0
2026-04-11 02:00:00,future,5859,4143.077797923565,61.22102982614123,4956.819622106047,25.09,65.8
2026-04-11 03:00:00,future,5860,4751.864375256067,62.32416636574106,5027.694499183582,24.94,66.1
2026-04-11 04:00:00,future,5861,6261.7768506290795,65.33333851540003,5266.925615237978,25.09,65.8
2026-04-11 05:00:00,future,5862,8568.520447602536,70.04611435594062,5659.247737019086,25.54,65.0
2026-04-11 06:00:00,future,5863,12168.607566927702,77.40527267730306,6272.471934385406,26.25,63.7
2026-04-11 07:00:00,future,5864,15235.29508999166,83.84948069455827,6835.5785198027415,27.19,62.1
2026-04-11 08:00:00,future,5865,16601.085127544553,87.0655764215132,7166.746677011267,28.27,60.1
2026-04-11 09:00:00,future,5866,14612.62593062342,83.81830687668386,7017.90457036314,29.44,58.1
2026-04-11 10:00:00,future,5867,11896.362554183535,79.15316612434536,6761.321115069945,30.6,56.0
2026-04-11 11:00:00,future,5868,10496.527883345045,77.00652967263454,6688.910604360653,31.69,54.1
2026-04-11 12:00:00,future,5869,10036.463681232692,76.60022313546963,6734.6044405336,32.62,52.4
2026-04-11 13:00:00,future,5870,10007.210900325668,76.91498032353296,6816.615838829825,33.33,51.1
2026-04-11 14:00:00,future,5871,10804.499552610634,78.69796550920893,6988.004730800503,33.78,50.3
2026-04-11 15:00:00,future,5872,12414.358773432235,81.9063631231577,7243.080069813823,33.94,50.1
2026-04-11 16:00:00,future,5873,14900.72404741378,86.64857065137069,7587.553667885356,33.78,50.3
2026-04-11 17:00:00,future,5874,17923.639206315125,92.28044568731043,7975.313606099663,33.33,51.1
2026-04-11 18:00:00,future,5875,19344.64509633134,94.66702467843884,8097.007863660332,32.62,52.4
2026-04-11 19:00:00,future,5876,17376.762441717627,90.3607851165137,7695.944599103901,31.69,54.1
2026-04-11 20:00:00,future,5877,14073.646643725024,83.37918598732345,7080.001979185791,30.6,56.0
2026-04-11 21:00:00,future,5878,11071.479726711674,76.9450861209156,6499.6003501450095,29.44,58.1
2026-04-11 22:00:00,future,5879,8370.7786466449,71.0908862863348,5962.10774455864,28.27,60.1
2026-04-11 23:00:00,future,5880,6632.906330172551,67.15259398938292,5576.4793068851895,27.19,62.1
2026-04-12 00:00:00,future,5881,4818.354258339028,63.389628859737776,5209.223225935234,26.24,63.1
2026-04-12 01:00:00,future,5882,4032.050391695301,61.46259673590919,5005.801487079227,25.53,64.4
2026-04-12 02:00:00,future,5883,4003.687914012342,61.17060040171983,4946.859318574114,25.08,65.2
2026-04-12 03:00:00,future,5884,4557.11785667368,62.18105576521756,5009.814468741772,24.92,65.5
2026-04-12 04:00:00,future,5885,6029.651460666569,65.17667941642866,5248.543534942278,25.08,65.2
2026-04-12 05:00:00,future,5886,8404.04177980222,70.10764021722315,5656.830375564212,25.53,64.4
2026-04-12 06:00:00,future,5887,11994.469729927843,77.57946245537937,6277.811442238033,26.24,63.1
2026-04-12 07:00:00,future,5888,15058.575961951829,84.1258874102333,6847.169849519307,27.17,61.5
2026-04-12 08:00:00,future,5889,16374.761663413006,87.29990745646477,7175.70270142977,28.26,59.5
2026-04-12 09:00:00,future,5890,14357.128466151746,83.9184325018409,7016.311701534554,29.42,57.5
2026-04-12 10:00:00,future,5891,11667.413731982895,79.21324636845834,6758.057680547493,30.59,55.4
2026-04-12 11:00:00,future,5892,10302.558887642235,77.08061544725751,6686.143479792771,31.67,53.5
2026-04-12 12:00:00,future,5893,9835.34160856309,76.649550659708,6730.87198788774,32.61,51.8
2026-04-12 13:00:00,future,5894,9787.013928774197,76.92620761824823,6810.009573429391,33.32,50.5
2026-04-12 14:00:00,future,5895,10578.650628966596,78.72747930455976,6982.610147127458,33.77,49.7
2026-04-12 15:00:00,future,5896,12199.738281328622,82.01160671980548,7242.244276890047,33.92,49.5
2026-04-12 16:00:00,future,5897,14726.07392574388,86.92846863715295,7600.1988245257435,33.77,49.7
2026-04-12 17:00:00,future,5898,17747.87047759648,92.66776447499026,7995.452802907554,33.32,50.5
2026-04-12 18:00:00,future,5899,19155.349846276116,95.07865294028713,8118.705143317742,32.61,51.8
2026-04-12 19:00:00,future,5900,17161.81776672123,90.64390640444834,7707.548896103795,31.67,53.5
2026-04-12 20:00:00,future,5901,13851.004340379175,83.5310123655109,7083.213985877278,30.59,55.4
2026-04-12 21:00:00,future,5902,10857.899900296532,76.99916381682802,6495.245056714367,29.42,57.5
2026-04-12 22:00:00,future,5903,8173.741735811154,71.08345880148711,5954.496982124433,28.26,59.5
2026-04-12 23:00:00,future,5904,6435.3570684263195,67.07459529510962,5563.094902188385,27.17,61.5
2026-04-13 00:00:00,future,5905,4738.948214369844,62.87247054315381,5145.558623428188,26.26,62.5
2026-04-13 01:00:00,future,5906,4000.299905307683,61.06025273294351,4951.948213636628,25.55,63.8
2026-04-13 02:00:00,future,5907,4047.745408292697,60.9181699868136,4904.696640298534,25.1,64.6
2026-04-13 03:00:00,future,5908,4669.4197311674225,62.04828835738967,4976.410165795659,24.94,64.9
2026-04-13 04:00:00,future,5909,6192.1818325366585,65.1043144358266,5218.538105135972,25.1,64.6
2026-04-13 05:00:00,future,5910,8469.681559353896,69.78491203740494,5606.048875873776,25.55,63.8
2026-04-13 06:00:00,future,5911,12048.311866973054,77.14104560289236,6215.294881322279,26.26,62.5
2026-04-13 07:00:00,future,5912,15115.553534401042,83.61364242257363,6776.193874321537,27.19,60.9
2026-04-13 08:00:00,future,5913,16491.692303092008,86.86849428324307,7108.866876826734,28.28,58.9
2026-04-13 09:00:00,future,5914,14523.532649170276,83.63146565211963,6960.527202801181,29.44,56.9
2026-04-13 10:00:00,future,5915,11811.670325062156,78.94787404549483,6704.549875097481,30.61,54.8
2026-04-13 11:00:00,future,5916,10406.005914370206,76.767165179938,6628.897498936848,31.69,52.9
2026-04-13 12:00:00,future,5917,9947.461714456573,76.35709167649036,6673.792478574062,32.62,51.2
2026-04-13 13:00:00,future,5918,9925.216374043568,76.68918807985146,6757.249309262513,33.34,49.9
2026-04-13 14:00:00,future,5919,10720.028801234756,78.475438645173,6927.766585229511,33.79,49.1
2026-04-13 15:00:00,future,5920,12321.79565261412,81.68047395615184,7180.252647559126,33.94,48.9
2026-04-13 16:00:00,future,5921,14791.996417999464,86.42430784118561,7523.705111160213,33.79,49.1
2026-04-13 17:00:00,future,5922,17810.29086411606,92.08160560899702,7911.241705744555,33.34,49.9
2026-04-13 18:00:00,future,5923,19233.119384808175,94.48358116935636,8032.762309665966,32.62,51.2
2026-04-13 19:00:00,future,5924,17274.6334736569,90.1753813455363,7634.131373095338,31.69,52.9
2026-04-13 20:00:00,future,5925,13976.16076510175,83.17316584621021,7021.3262750171725,30.61,54.8
2026-04-13 21:00:00,future,5926,10976.04200822596,76.70642554058999,6441.346663493009,29.44,56.9
2026-04-13 22:00:00,future,5927,8275.996437517426,70.83067229251687,5906.487549577685,28.28,58.9
2026-04-13 23:00:00,future,5928,6543.164782795631,66.87952189486151,5521.612011905945,27.19,60.9
2026-04-14 00:00:00,future,5929,5290.983333997788,57.30739193040261,5132.517303083118,26.11,64.4
2026-04-14 01:00:00,future,5930,4656.8416946824655,56.01783028457379,4968.290040569507,25.4,65.7
2026-04-14 02:00:00,future,5931,4773.976661355107,55.97526759604433,4927.724835526456,24.95,66.5
2026-04-14 03:00:00,future,5932,5658.45644198982,57.2181815316277,5016.448148421609,24.79,66.8
2026-04-14 04:00:00,future,5933,7414.019851017989,59.9159107126933,5250.815645738235,24.95,66.5
2026-04-14 05:00:00,future,5934,10265.29517810326,64.38925151776589,5654.657516332235,25.4,65.7
2026-04-14 06:00:00,future,5935,14525.38154325492,71.09105572885407,6262.631087179226,26.11,64.4
2026-04-14 07:00:00,future,5936,18021.649538765676,76.75903759005307,6803.9680329097355,27.04,62.8
2026-04-14 08:00:00,future,5937,19784.540705962303,79.91700491641348,7152.692897563181,28.13,60.8
2026-04-14 09:00:00,future,5938,17426.48708845103,76.95768940361052,7005.632955208258,29.29,58.8
2026-04-14 10:00:00,future,5939,14138.817722105392,72.61562024001832,6746.025825290483,30.46,56.7
2026-04-14 11:00:00,future,5940,12487.72695901499,70.67289868761306,6675.724568829002,31.54,54.8
2026-04-14 12:00:00,future,5941,11944.2967318453,70.31588273294265,6723.899695298648,32.48,53.1
2026-04-14 13:00:00,future,5942,11950.485449087984,70.66813457655527,6811.277526272008,33.19,51.8
2026-04-14 14:00:00,future,5943,12978.809727545566,72.42045947935391,6992.025042355567,33.64,51.0
2026-04-14 15:00:00,future,5944,14855.37804028199,75.29397464743325,7239.981219995174,33.79,50.8
2026-04-14 16:00:00,future,5945,17822.263458676443,79.6500088598797,7584.771174820981,33.64,51.0
2026-04-14 17:00:00,future,5946,21523.556506203095,84.95731617559919,7982.838391703605,33.19,51.8
2026-04-14 18:00:00,future,5947,23426.467186153113,87.4546690005779,8129.09782599505,32.48,53.1
2026-04-14 19:00:00,future,5948,21213.2126900101,83.69693761996675,7743.557195718149,31.54,54.8
2026-04-14 20:00:00,future,5949,17121.631762743724,77.06789801468088,7111.065234067718,30.46,56.7
2026-04-14 21:00:00,future,5950,13397.605852041454,70.94400630394847,6512.574921909637,29.29,58.8
2026-04-14 22:00:00,future,5951,10022.610545796586,65.34592401838579,5958.019288802455,28.13,60.8
2026-04-14 23:00:00,future,5952,7870.234218796988,61.606594227947475,5561.628887335472,27.04,62.8
2026-04-15 00:00:00,future,5953,5993.3147697933755,61.1057052701922,5252.253166522124,26.13,64.3
2026-04-15 01:00:00,future,5954,5119.739080486994,59.43706274009071,5061.588961602109,25.42,65.6
2026-04-15 02:00:00,future,5955,5128.652139438422,59.22116657721618,5007.034472633892,24.97,66.4
2026-04-15 03:00:00,future,5956,5918.493206223714,60.326446667614654,5081.565563955842,24.82,66.7
2026-04-15 04:00:00,future,5957,7701.431700881392,63.070332161403954,5310.18189498297,24.97,66.4
2026-04-15 05:00:00,future,5958,10518.744580099228,67.51457799611687,5697.74707828817,25.42,65.6
2026-04-15 06:00:00,future,5959,15186.860314216552,74.86027625504916,6335.517226843571,26.13,64.3
2026-04-15 07:00:00,future,5960,19157.81369995884,81.28010433243904,6919.561783080339,27.07,62.7
2026-04-15 08:00:00,future,5961,20980.987071787175,84.55792995855954,7267.835327269927,28.15,60.7
2026-04-15 09:00:00,future,5962,18447.5714443699,81.36365806226055,7113.898337875662,29.32,58.7
2026-04-15 10:00:00,future,5963,14825.982202022213,76.53626287283282,6830.507542011977,30.48,56.6
2026-04-15 11:00:00,future,5964,12992.810960664629,74.34888259555572,6749.194198825064,31.57,54.7
2026-04-15 12:00:00,future,5965,12456.78616034254,74.02067388645409,6800.951449451417,32.5,53.0
2026-04-15 13:00:00,future,5966,12462.92194640156,74.39152943473648,6889.406287252282,33.21,51.7
2026-04-15 14:00:00,future,5967,13528.754358648612,76.21536486356919,7070.596701100295,33.66,50.9
2026-04-15 15:00:00,future,5968,15549.320539549495,79.31986194154098,7328.44806753104,33.82,50.7
2026-04-15 16:00:00,future,5969,18642.704539221344,83.86640552376129,7673.167103359219,33.66,50.9
2026-04-15 17:00:00,future,5970,22578.992150278755,89.52630034925369,8081.370283144616,33.21,51.7
2026-04-15 18:00:00,future,5971,24604.136442970535,92.1944666776021,8232.258655765158,32.5,53.0
2026-04-15 19:00:00,future,5972,22308.277664573085,88.28586125268593,7846.824078038138,31.57,54.7
2026-04-15 20:00:00,future,5973,18076.108968456872,81.39881553031401,7213.465944790883,30.48,56.6
2026-04-15 21:00:00,future,5974,14190.032307723804,74.9939039785025,6612.237785931327,29.32,58.7
2026-04-15 22:00:00,future,5975,10669.428872532118,69.13068716840745,6052.837223525093,28.15,60.7
2026-04-15 23:00:00,future,5976,8350.71736913322,65.11148114954769,5646.175036362516,27.07,62.7
2026-04-16 00:00:00,future,5977,5539.776913291782,64.5698235087241,5323.592342832892,26.26,62.7
2026-04-16 01:00:00,future,5978,4472.326481039963,62.11104283981023,5078.260703778039,25.54,64.0
2026-04-16 02:00:00,future,5979,4077.424309370086,61.10537641746933,4965.115742392222,25.09,64.8
2026-04-16 03:00:00,future,5980,4474.654514615335,61.80178053525122,5005.466115030396,24.94,65.1
2026-04-16 04:00:00,future,5981,5882.7937152527375,64.62701063949079,5231.605316719531,25.09,64.8
2026-04-16 05:00:00,future,5982,8615.992334940802,70.19386258194754,5689.904916847428,25.54,64.0
2026-04-16 06:00:00,future,5983,12298.063528700968,77.75283932227647,6321.1792729392155,26.26,62.7
2026-04-16 07:00:00,future,5984,15557.514043592611,84.59726449968402,6915.669205545797,27.19,61.1
2026-04-16 08:00:00,future,5985,16813.682108247893,87.61244829626214,7232.740286497933,28.27,59.1
2026-04-16 09:00:00,future,5986,14527.50323162753,83.76484240756311,7037.898239050148,29.44,57.1
2026-04-16 10:00:00,future,5987,11826.617124459204,79.10306000913859,6780.622517378222,30.6,55.0
2026-04-16 11:00:00,future,5988,10539.037277476758,77.16152553950971,6723.43135373668,31.69,53.1
2026-04-16 12:00:00,future,5989,9969.93203421327,76.53779880578821,6752.790299324942,32.62,51.4
2026-04-16 13:00:00,future,5990,9822.791318703772,76.62211365946136,6817.617843822354,33.33,50.1
2026-04-16 14:00:00,future,5991,10527.449522647506,78.23200403739759,6976.4857209266975,33.78,49.3
2026-04-16 15:00:00,future,5992,12132.779213911652,81.44711278042656,7232.951071786212,33.94,49.1
2026-04-16 16:00:00,future,5993,14745.588117406069,86.46009363508784,7599.122813871803,33.78,49.3
2026-04-16 17:00:00,future,5994,17827.666887981053,92.23678158057201,7999.213076381892,33.33,50.1
2026-04-16 18:00:00,future,5995,19173.23619269637,94.49017507547515,8111.2849096841155,32.62,51.4
2026-04-16 19:00:00,future,5996,17064.246894509975,89.88989094679492,7686.61391768929,31.69,53.1
2026-04-16 20:00:00,future,5997,13724.93758966258,82.80600872026706,7060.832545896757,30.6,55.0
2026-04-16 21:00:00,future,5998,10788.65390337633,76.47167586643958,6486.00876827866,29.44,57.1
2026-04-16 22:00:00,future,5999,8212.476587258545,70.83455252897068,5963.121121289176,28.27,59.1
2026-04-16 23:00:00,future,6000,6581.8075797898455,67.08885046167539,5590.770164367981,27.19,61.1
2026-04-17 00:00:00,future,6001,4813.910922749232,63.04588640146017,5196.547057198032,26.25,64.1
2026-04-17 01:00:00,future,6002,4062.609634310097,61.21336389466575,4999.903621682663,25.54,65.4
2026-04-17 02:00:00,future,6003,4098.9208543311515,61.04899647862804,4950.572832286233,25.09,66.2
2026-04-17 03:00:00,future,6004,4725.912599334648,62.1905258562084,5024.477728067558,24.94,66.5
2026-04-17 04:00:00,future,6005,6262.764518759284,65.25894401543391,5268.516930968062,25.09,66.2
2026-04-17 05:00:00,future,6006,8566.701886750605,69.97647021118406,5661.711854469421,25.54,65.4
2026-04-17 06:00:00,future,6007,12108.689938143758,77.23851845351723,6268.404501088597,26.25,64.1
2026-04-17 07:00:00,future,6008,15127.95245812133,83.60367665751146,6826.23102593181,27.19,62.5
2026-04-17 08:00:00,future,6009,16481.481673101505,86.80112018535131,7156.310489694341,28.27,60.5
2026-04-17 09:00:00,future,6010,14519.566314471142,83.59507847105077,7010.168753754434,29.44,58.5
2026-04-17 10:00:00,future,6011,11850.886449849724,79.00874191863362,6758.963859498504,30.6,56.4
2026-04-17 11:00:00,future,6012,10467.71703380713,76.88692088939482,6688.141655448406,31.69,54.5
2026-04-17 12:00:00,future,6013,9996.901218460129,76.4566032084212,6731.939151952825,32.62,52.8
2026-04-17 13:00:00,future,6014,9974.725540791052,76.7842584728292,6814.93184601991,33.33,51.5
2026-04-17 14:00:00,future,6015,10778.643391255824,78.58336520196758,6987.7215889875015,33.78,50.7
2026-04-17 15:00:00,future,6016,12390.24166520386,81.80243148142118,7243.958442024143,33.94,50.5
2026-04-17 16:00:00,future,6017,14872.2074605946,86.54775295038856,7589.20891444371,33.78,50.7
2026-04-17 17:00:00,future,6018,17862.228728105478,92.13008736096127,7973.881142111272,33.33,51.5
2026-04-17 18:00:00,future,6019,19261.85323112308,94.48237953669552,8093.2837192254465,32.62,52.8
2026-04-17 19:00:00,future,6020,17293.955360583343,90.1679659583584,7691.154131753069,31.69,54.5
2026-04-17 20:00:00,future,6021,14014.241479051409,83.21773877277151,7076.836160624341,30.6,56.4
2026-04-17 21:00:00,future,6022,11030.461748702752,76.80671967517777,6497.497609989958,29.44,58.5
2026-04-17 22:00:00,future,6023,8338.03409971958,70.9573290574338,5959.754037190222,28.27,60.5
2026-04-17 23:00:00,future,6024,6595.688728090963,67.00340961228916,5572.543919993355,27.19,62.5
2026-04-18 00:00:00,future,6025,4865.234610962303,63.13992355258286,5188.992235352969,26.26,63.5
2026-04-18 01:00:00,future,6026,4109.789629802605,61.30044904875097,4991.5657700222555,25.54,64.8
2026-04-18 02:00:00,future,6027,4149.286329865345,61.1418116768702,4942.794687480795,25.09,65.6
2026-04-18 03:00:00,future,6028,4759.31157604755,62.24501301155405,5013.5853665471395,24.94,65.9
2026-04-18 04:00:00,future,6029,6270.096423078476,65.24969027797611,5252.099639798204,25.09,65.6
2026-04-18 05:00:00,future,6030,8576.254201478689,69.95171598457935,5642.967616793286,25.54,64.8
2026-04-18 06:00:00,future,6031,12176.450252054869,77.30129819721814,6255.280637358976,26.26,63.5
2026-04-18 07:00:00,future,6032,15242.99206263623,83.726957019517,6815.211995185412,27.19,61.9
2026-04-18 08:00:00,future,6033,16609.16191758805,86.93748004875764,7145.333420852406,28.27,59.9
2026-04-18 09:00:00,future,6034,14620.97862007455,83.69785551332416,6997.152758408295,29.44,57.9
2026-04-18 10:00:00,future,6035,11904.468660329654,79.04228173190651,6741.539063434294,30.6,55.8
2026-04-18 11:00:00,future,6036,10504.327544226984,76.89985602879081,6669.425668771946,31.69,53.9
2026-04-18 12:00:00,future,6037,10044.428861081642,76.49501668974509,6715.050954473936,32.62,52.2
2026-04-18 13:00:00,future,6038,10015.487756659735,76.81518362979405,6798.080330892419,33.34,50.9
2026-04-18 14:00:00,future,6039,10812.919066976345,78.58967370508498,6967.699556774376,33.78,50.1
2026-04-18 15:00:00,future,6040,12422.603879357304,81.79113945087752,7221.849489896074,33.94,49.9
2026-04-18 16:00:00,future,6041,14908.417547205703,86.52240215712054,7564.998657809947,33.78,50.1
2026-04-18 17:00:00,future,6042,17931.127375634005,92.14729031341821,7952.519638185264,33.34,50.9
2026-04-18 18:00:00,future,6043,19352.178512935458,94.52355481376601,8072.519532854433,32.62,52.2
2026-04-18 19:00:00,future,6044,17384.53943584105,90.22640294172817,7672.855262906523,31.69,53.9
2026-04-18 20:00:00,future,6045,14081.593924355384,83.2592393523169,7059.057179805704,30.6,55.8
2026-04-18 21:00:00,future,6046,11079.298954112424,76.83784001342825,6480.62416223197,29.44,57.9
2026-04-18 22:00:00,future,6047,8378.338981615105,70.9948826816594,5944.926885683999,28.27,59.9
2026-04-18 23:00:00,future,6048,6640.612443231132,67.06467722830487,5560.616580673225,27.19,61.9
2026-04-19 00:00:00,future,6049,4826.363137325869,63.30758118723764,5194.151320184383,26.24,62.9
2026-04-19 01:00:00,future,6050,4040.213108593621,61.385035678066544,4991.4683514699955,25.53,64.2
2026-04-19 02:00:00,future,6051,4013.075057076735,61.09593677484711,4932.890155365465,25.08,65.0
2026-04-19 03:00:00,future,6052,4567.3273210544085,62.11081947579465,4996.918976808271,24.93,65.3
2026-04-19 04:00:00,future,6053,6040.4091115137335,65.09536837289212,5233.607684807801,25.08,65.0
2026-04-19 05:00:00,future,6054,8414.159446541798,70.01375631434135,5640.262433423303,25.53,64.2
2026-04-19 06:00:00,future,6055,12004.529149769429,77.46833772528736,6258.899551717655,26.24,62.9
2026-04-19 07:00:00,future,6056,15068.57783966287,84.00501564944462,6827.3492030998905,27.18,61.3
2026-04-19 08:00:00,future,6057,16385.436008873847,87.16820230242551,7153.607411722921,28.26,59.3
2026-04-19 09:00:00,future,6058,14368.216596473168,83.80118612717172,6996.2273988280895,29.43,57.3
2026-04-19 10:00:00,future,6059,11678.238751127934,79.10174826946863,6737.843825366904,30.59,55.2
2026-04-19 11:00:00,future,6060,10313.055156109243,76.97916071145875,6667.483002532572,31.68,53.3
2026-04-19 12:00:00,future,6061,9845.9151576502,76.54443690482873,6710.933806233218,32.61,51.6
2026-04-19 13:00:00,future,6062,9797.91272564646,76.82140471467935,6789.885677636938,33.32,50.3
2026-04-19 14:00:00,future,6063,10589.866646038225,78.6192972703163,6961.910169413851,33.77,49.5
2026-04-19 15:00:00,future,6064,12211.03643944534,81.90122210015232,7221.777278808379,33.93,49.3
2026-04-19 16:00:00,future,6065,14737.09734647731,86.80076369979656,7577.075177634359,33.77,49.5
2026-04-19 17:00:00,future,6066,17758.760758875633,92.52620042984483,7970.730318202786,33.32,50.3
2026-04-19 18:00:00,future,6067,19166.226681337914,94.9311198147705,8093.42972440821,32.61,51.6
2026-04-19 19:00:00,future,6068,17172.871727494272,90.51189207970334,7685.009979529647,31.68,53.3
2026-04-19 20:00:00,future,6069,13862.214389540344,83.41019519685612,7061.796238097432,30.59,55.2
2026-04-19 21:00:00,future,6070,10869.083094291507,76.8982561123698,6477.195629168799,29.43,57.3
2026-04-19 22:00:00,future,6071,8184.806860135144,70.99037740497776,5937.195675292855,28.26,59.3
2026-04-19 23:00:00,future,6072,6446.332645119315,66.99544596275295,5548.39852031799,27.18,61.3
2026-04-20 00:00:00,future,6073,4750.191065864197,62.797594975153075,5131.154911689157,26.26,62.3
2026-04-20 01:00:00,future,6074,4011.624210654664,60.98967239746274,4938.253864129037,25.55,63.6
2026-04-20 02:00:00,future,6075,4059.9064729884312,60.84930750100585,4891.256327007576,25.1,64.4
2026-04-20 03:00:00,future,6076,4682.269664337084,61.9778271509159,4962.753593072665,24.94,64.7
2026-04-20 04:00:00,future,6077,6205.483430763748,65.02713665257376,5203.974737528853,25.1,64.4
2026-04-20 05:00:00,future,6078,8482.355167256801,69.69499990931116,5589.86408652186,25.55,63.6
2026-04-20 06:00:00,future,6079,12061.040918597517,77.03315130269438,6196.713216284771,26.26,62.3
2026-04-20 07:00:00,future,6080,15128.297499327931,83.49004235850877,6755.4383682085945,27.19,60.7
2026-04-20 08:00:00,future,6081,16504.819548580013,86.7381001623685,7086.950847951922,28.28,58.7
2026-04-20 09:00:00,future,6082,14536.860970596275,83.51030398641527,6939.409785615597,29.44,56.7
2026-04-20 10:00:00,future,6083,11824.735023286155,78.8386868209193,6684.606902756342,30.61,54.6
2026-04-20 11:00:00,future,6084,10418.747991486593,76.66348418471203,6609.367175239342,31.69,52.7
2026-04-20 12:00:00,future,6085,9960.303439292473,76.25519293165178,6654.220452157371,32.62,51.0
2026-04-20 13:00:00,future,6086,9938.27636274504,76.58730901066454,6737.465503364607,33.34,49.7
2026-04-20 14:00:00,future,6087,10733.082691715175,78.36932096216621,6907.343426223687,33.79,48.9
2026-04-20 15:00:00,future,6088,12334.656763410028,81.56600382352907,7158.784835069574,33.94,48.7
2026-04-20 16:00:00,future,6089,14804.372852535962,86.29686448687154,7500.735046714849,33.79,48.9
2026-04-20 17:00:00,future,6090,17822.639077019576,91.93959934444275,7886.613459603682,33.34,49.7
2026-04-20 18:00:00,future,6091,19245.61947989898,94.3353945740994,8007.557727188949,32.62,51.0
2026-04-20 19:00:00,future,6092,17287.410372306294,90.03802096041478,7610.476538552221,31.69,52.7
2026-04-20 20:00:00,future,6093,13989.018962997938,83.05294187377626,7000.051860855239,30.61,54.6
2026-04-20 21:00:00,future,6094,10988.762314398356,76.60150962004002,6422.273465653735,29.44,56.7
2026-04-20 22:00:00,future,6095,8288.522628729366,70.7394734688373,5889.423393233784,28.28,58.7
2026-04-20 23:00:00,future,6096,6555.747051443743,66.79772515465874,5505.98686731466,27.19,60.7
2026-04-21 00:00:00,future,6097,5303.886362908055,57.23318224007051,5118.232240662269,26.11,64.2
2026-04-21 01:00:00,future,6098,4669.939645174896,55.94684138228188,4954.597349639191,25.4,65.5
2026-04-21 02:00:00,future,6099,4787.480609450566,55.90475783007071,4914.18603486069,24.95,66.3
2026-04-21 03:00:00,future,6100,5672.602307650497,57.14536338506271,5002.609049092517,24.79,66.6
2026-04-21 04:00:00,future,6101,7428.5071451230015,59.83678030478384,5236.094704483695,24.95,66.3
2026-04-21 05:00:00,future,6102,10280.32196051699,64.29971063887248,5638.433987709306,25.4,65.5
2026-04-21 06:00:00,future,6103,14540.25086354198,70.98449912787615,6244.031534380906,26.11,64.2
2026-04-21 07:00:00,future,6104,18036.102083824742,76.63783941563882,6783.258259484975,27.04,62.6
2026-04-21 08:00:00,future,6105,19798.771480825533,79.78796227128889,7130.693865971256,28.13,60.6
2026-04-21 09:00:00,future,6106,17440.60126268201,76.8366503087317,6984.364596839286,29.29,58.6
2026-04-21 10:00:00,future,6107,14153.091931793551,72.50654042799324,6725.976716375998,30.46,56.5
2026-04-21 11:00:00,future,6108,12502.229545014654,70.56969278213525,6656.128357069982,31.54,54.6
2026-04-21 12:00:00,future,6109,11958.85057462005,70.21415610965703,6704.238977081204,32.48,52.9
2026-04-21 13:00:00,future,6110,11965.157221969075,70.56605165633385,6791.372258851045,33.19,51.6
2026-04-21 14:00:00,future,6111,12993.658654890114,72.3143901067391,6971.472054010231,33.64,50.8
2026-04-21 15:00:00,future,6112,14870.185539451291,75.18056794050939,7218.443651662389,33.79,50.6
2026-04-21 16:00:00,future,6113,17837.085055801166,79.52539734417765,7561.826193991349,33.64,50.8
2026-04-21 17:00:00,future,6114,21538.020917547274,84.8183564665902,7958.186667984319,33.19,51.6
2026-04-21 18:00:00,future,6115,23440.75263994273,87.30868218256867,8103.741696446563,32.48,52.9
2026-04-21 19:00:00,future,6116,21227.465497012527,83.56002945502881,7719.627363807264,31.54,54.6
2026-04-21 20:00:00,future,6117,17136.051282742395,76.9476405270122,7089.562792938818,30.46,56.5
2026-04-21 21:00:00,future,6118,13412.08701803601,70.83890347215286,6493.338231319967,29.29,58.6
2026-04-21 22:00:00,future,6119,10037.091065243856,65.25454268364304,5940.8650197174475,28.13,60.6
2026-04-21 23:00:00,future,6120,7884.670512530114,61.52414913282611,5545.923538403731,27.04,62.6
2026-04-22 00:00:00,future,6121,6008.062547848522,61.032221112352254,5237.823593483429,26.13,64.1
2026-04-22 01:00:00,future,6122,5134.5886248588995,59.367543842714326,5047.84558492744,25.42,65.4
2026-04-22 02:00:00,future,6123,5143.8104736407295,59.1523947824187,4993.485682377103,24.97,66.2
2026-04-22 03:00:00,future,6124,5934.285166371939,60.25573581792549,5067.767681211148,24.82,66.5
2026-04-22 04:00:00,future,6125,7717.640777662113,62.99338470143294,5295.52626745114,24.97,66.2
2026-04-22 05:00:00,future,6126,10534.513262397775,67.42598346238053,5681.530095646604,25.42,65.4
2026-04-22 06:00:00,future,6127,15202.670685658091,74.75355973807052,6316.816570266499,26.13,64.1
2026-04-22 07:00:00,future,6128,19173.59594889069,81.15763838845535,6898.619487141233,27.07,62.5
2026-04-22 08:00:00,future,6129,20997.051793577863,84.4282126694411,7245.664184630629,28.15,60.5
2026-04-22 09:00:00,future,6130,18463.90668335719,81.24310699238421,7092.547472130685,29.32,58.5
2026-04-22 10:00:00,future,6131,14842.163502649051,76.42837287520653,6810.4510533135635,30.48,56.4
2026-04-22 11:00:00,future,6132,13008.768658063378,74.2468263376461,6729.594097227281,31.57,54.5
2026-04-22 12:00:00,future,6133,12472.812838275626,73.92008919652861,6781.279672781882,32.5,52.8
2026-04-22 13:00:00,future,6134,12479.10586393685,74.29065120169244,6869.493464332243,33.21,51.5
2026-04-22 14:00:00,future,6135,13545.053553194355,76.1103020624323,7050.025180080908,33.66,50.7
2026-04-22 15:00:00,future,6136,15565.56380577982,79.20694953022723,7306.846057294557,33.82,50.5
2026-04-22 16:00:00,future,6137,18658.64913815433,83.74144583327812,7650.108798608578,33.66,50.7
2026-04-22 17:00:00,future,6138,22594.854233894832,89.38662992709114,8056.582819582318,33.21,51.5
2026-04-22 18:00:00,future,6139,24620.085906573982,92.04776192069723,8206.769713391976,32.5,52.8
2026-04-22 19:00:00,future,6140,22324.416296801137,88.1487951712461,7822.7911346355995,31.57,54.5
2026-04-22 20:00:00,future,6141,18092.34793913746,81.27870260983741,7191.862215992661,30.48,56.4
2026-04-22 21:00:00,future,6142,14206.210182843708,74.8892423606938,6592.904142858543,29.32,58.5
2026-04-22 22:00:00,future,6143,10685.468010522449,69.03998396690986,6035.5934219980445,28.15,60.5
2026-04-22 23:00:00,future,6144,8366.665363478045,65.03019153650015,5630.419469536099,27.07,62.5
2026-04-23 00:00:00,future,6145,5556.01726787553,64.49239533411537,5307.752103569527,26.25,62.5
2026-04-23 01:00:00,future,6146,4488.696376633028,62.045717609490566,5064.631885461412,25.54,63.8
2026-04-23 02:00:00,future,6147,4094.472606426412,61.04394911386267,4952.013833334477,25.09,64.6
2026-04-23 03:00:00,future,6148,4492.200822210214,61.739143394472265,4992.223536353719,24.94,64.9
2026-04-23 04:00:00,future,6149,5900.753463037607,64.5569855553978,5217.421196333649,25.09,64.6
2026-04-23 05:00:00,future,6150,8633.886319594907,70.10769937351726,5673.708778385054,25.54,63.8
2026-04-23 06:00:00,future,6151,12315.992668147006,77.63987449723341,6301.034647841943,26.25,62.5
2026-04-23 07:00:00,future,6152,15575.243345216371,84.46977027561071,6894.181794607144,27.19,60.9
2026-04-23 08:00:00,future,6153,16831.352804610167,87.47688014496218,7210.011170802236,28.27,58.9
2026-04-23 09:00:00,future,6154,14545.243247875556,83.64173517602998,7016.30017469544,29.44,56.9
2026-04-23 10:00:00,future,6155,11844.330336806375,78.99461581185034,6760.4243186585345,30.6,54.8
2026-04-23 11:00:00,future,6156,10556.701214954935,77.0596305498524,6703.702762623999,31.69,52.9
2026-04-23 12:00:00,future,6157,9987.668814433928,76.43867370075827,6733.122599364722,32.62,51.2
2026-04-23 13:00:00,future,6158,9840.655182808105,76.52359167166786,6797.813575788904,33.33,49.9
2026-04-23 14:00:00,future,6159,10545.595795329322,78.12967349213373,6956.087062648656,33.78,49.1
2026-04-23 15:00:00,future,6160,12151.030423642616,81.33565468498192,7211.429127320636,33.94,48.9
2026-04-23 16:00:00,future,6161,14763.818219954184,86.3336961622348,7575.895043321201,33.78,49.1
2026-04-23 17:00:00,future,6162,17845.654598599154,92.09251859641056,7974.034747584413,33.33,49.9
2026-04-23 18:00:00,future,6163,19191.119507930533,94.33846904863358,8085.4391951551315,32.62,51.2
2026-04-23 19:00:00,future,6164,17082.135730097172,89.75095104114865,7662.522849073312,31.69,52.9
2026-04-23 20:00:00,future,6165,13742.947300782522,82.68723678967466,7039.399163522801,30.6,54.8
2026-04-23 21:00:00,future,6166,10806.672062897273,76.37058641528722,6466.970143345084,29.44,56.9
2026-04-23 22:00:00,future,6167,8230.419656545577,70.74892143922351,5946.225986009484,28.27,58.9
2026-04-23 23:00:00,future,6168,6599.631444228677,67.01309869663856,5575.342879149434,27.19,60.9
2026-04-24 00:00:00,future,6169,4832.065885443628,62.98200294386788,5182.818981326528,26.25,63.9
2026-04-24 01:00:00,future,6170,4080.900860707999,61.154687955508145,4986.963880852941,25.54,65.2
2026-04-24 02:00:00,future,6171,4117.883623313578,60.99169428053777,4937.863238248532,25.09,66.0
2026-04-24 03:00:00,future,6172,4745.419043165404,62.125412183091406,5010.25428090952,24.93,66.3
2026-04-24 04:00:00,future,6173,6282.630910026646,65.19046678766277,5254.440255031705,25.09,66.0
2026-04-24 05:00:00,future,6174,8586.010322970453,69.89285793398079,5645.800190568448,25.54,65.2
2026-04-24 06:00:00,future,6175,12128.02543358887,77.13334271081263,6249.7948461304095,26.25,63.9
2026-04-24 07:00:00,future,6176,15147.183809372837,83.47444253972608,6803.974758287406,27.18,62.3
2026-04-24 08:00:00,future,6177,16500.9371796149,86.66875887218305,7133.983482699298,28.27,60.3
2026-04-24 09:00:00,future,6178,14539.179877144074,83.46877971598929,6987.604417482096,29.43,58.3
2026-04-24 10:00:00,future,6179,11870.351722234383,78.90257270179296,6739.03319507649,30.6,56.2
2026-04-24 11:00:00,future,6180,10486.962666054404,76.78267520156713,6667.545368216791,31.68,54.3
2026-04-24 12:00:00,future,6181,10016.229038158195,76.35995041197141,6712.56773572034,32.62,52.6
2026-04-24 13:00:00,future,6182,9994.209814050388,76.6875869912568,6795.350809530595,33.33,51.3
2026-04-24 14:00:00,future,6183,10798.115309344874,78.48157866793665,6967.424649869418,33.78,50.5
2026-04-24 15:00:00,future,6184,12409.537168627776,81.68535582484026,7221.251930402735,33.93,50.3
2026-04-24 16:00:00,future,6185,14891.09868714593,86.42038343480851,7565.990808349202,33.78,50.5
2026-04-24 17:00:00,future,6186,17881.052798554774,91.98501209699755,7948.73866186638,33.33,51.3
2026-04-24 18:00:00,future,6187,19280.813078693776,94.32966031673125,8067.439223626501,32.62,52.6
2026-04-24 19:00:00,future,6188,17313.180038755716,90.02289682377642,7665.825188234275,31.68,54.3
2026-04-24 20:00:00,future,6189,14033.571282890272,83.09838201122432,7055.386794114502,30.6,56.2
2026-04-24 21:00:00,future,6190,11049.760720916756,76.70065610685941,6477.304710183778,29.43,58.3
2026-04-24 22:00:00,future,6191,8357.29338799218,70.87323951989717,5943.040561499807,28.27,60.3
2026-04-24 23:00:00,future,6192,6615.026207049319,66.92535665474539,5556.214792472293,27.18,62.3
2026-04-25 00:00:00,future,6193,4884.830225252099,63.076634414261044,5175.0426317263145,26.26,63.3
2026-04-25 01:00:00,future,6194,4129.511940178689,61.24254906454585,4978.427992143629,25.54,64.6
2026-04-25 02:00:00,future,6195,4169.369942261988,61.084672463845216,4929.843552841174,25.09,65.4
2026-04-25 03:00:00,future,6196,4779.994225833448,62.185374352233374,5000.343979532285,24.94,65.7
2026-04-25 04:00:00,future,6197,6291.201845425678,65.18145813596246,5237.79757306059,25.09,65.4
2026-04-25 05:00:00,future,6198,8596.993901164737,69.86826350541212,5626.820085830253,25.54,64.6
2026-04-25 06:00:00,future,6199,12197.181676400109,77.1951593595605,6236.327469267282,26.26,63.3
2026-04-25 07:00:00,future,6200,15263.557877684343,83.60097272918206,6793.731944706907,27.19,61.7
2026-04-25 08:00:00,future,6201,16629.86346661999,86.80260555896334,7122.518200872526,28.27,59.7
2026-04-25 09:00:00,future,6202,14641.849411786128,83.57475960865902,6975.346051079476,29.44,57.7
2026-04-25 10:00:00,future,6203,11925.275706814604,78.93500842665921,6721.225522017313,30.6,55.6
2026-04-25 11:00:00,future,6204,10524.999544656608,76.80020549409284,6649.689603107158,31.69,53.7
2026-04-25 12:00:00,future,6205,10065.20371129139,76.39776461537683,6695.319864747617,32.62,52.0
2026-04-25 13:00:00,future,6206,10036.40168232872,76.71266944384462,6776.922277124855,33.33,50.7
2026-04-25 14:00:00,future,6207,10833.909106059247,78.48731251585971,6947.038515853847,33.78,49.9
2026-04-25 15:00:00,future,6208,12443.503218156113,81.67857726613657,7199.979729182948,33.94,49.7
2026-04-25 16:00:00,future,6209,14929.03386483651,86.3940879829816,7541.38820532981,33.78,49.9
2026-04-25 17:00:00,future,6210,17951.61501606387,91.99518665411384,7925.704027170034,33.33,50.7
2026-04-25 18:00:00,future,6211,19372.70671178206,94.36848363357261,8046.172853116636,32.62,52.0
2026-04-25 19:00:00,future,6212,17405.214768511265,90.08437145848596,7648.255952779688,31.69,53.7
2026-04-25 20:00:00,future,6213,14102.37195821592,83.13849726866526,7037.200384127745,30.6,55.6
2026-04-25 21:00:00,future,6214,11100.02464359063,76.73628341181308,6461.300063434446,29.44,57.7
2026-04-25 22:00:00,future,6215,8398.92389632379,70.91049117922641,5927.913233779495,28.27,59.7
2026-04-25 23:00:00,future,6216,6661.29267475258,66.9919111072046,5545.234291199774,27.19,61.7
2026-04-26 00:00:00,future,6217,4847.327347636952,63.24731452824133,5180.511262429154,26.24,62.7
2026-04-26 01:00:00,future,6218,4061.3116542148223,61.33068540516258,4978.685380276003,25.53,64.0
2026-04-26 02:00:00,future,6219,4034.829745972228,61.04334090088104,4920.382415934753,25.08,64.8
2026-04-26 03:00:00,future,6220,4589.541626375307,62.05032553963699,4982.9085840849475,24.92,65.1
2026-04-26 04:00:00,future,6221,6062.900371610611,65.03080304011723,5219.692806397931,25.08,64.8
2026-04-26 05:00:00,future,6222,8436.247392047979,69.93240291719938,5624.355066226892,25.53,64.0
2026-04-26 06:00:00,future,6223,12026.566788281856,77.3626737747034,6240.050774043393,26.24,62.7
2026-04-26 07:00:00,future,6224,15090.561221409018,83.87314285648606,6804.662384915824,27.17,61.1
2026-04-26 08:00:00,future,6225,16407.786134595914,87.03288017091084,7130.8194191132425,28.26,59.1
2026-04-26 09:00:00,future,6226,14390.793053980768,83.67369104334432,6973.361249544763,29.42,57.1
2026-04-26 10:00:00,future,6227,11700.652487373996,78.99623097403632,6717.766179406618,30.59,55.0
2026-04-26 11:00:00,future,6228,10335.282041156375,76.87639328939964,6646.8067987062595,31.67,53.1
2026-04-26 12:00:00,future,6229,9868.1885744575,76.4494926405263,6691.495773161677,32.61,51.4
2026-04-26 13:00:00,future,6230,9820.36116519496,76.72667303830647,6770.259913038958,33.32,50.1
2026-04-26 14:00:00,future,6231,10612.485632659003,78.51937474193231,6941.5593235881215,33.77,49.3
2026-04-26 15:00:00,future,6232,12233.737749084958,81.78540229674033,7198.961442839432,33.92,49.1
2026-04-26 16:00:00,future,6233,14759.663996034422,86.67329034011998,7553.615708395538,33.77,49.3
2026-04-26 17:00:00,future,6234,17781.264047354918,92.37888871336811,7945.160293714164,33.32,50.1
2026-04-26 18:00:00,future,6235,19188.747132856945,94.7749759340152,8067.0593192148735,32.61,51.4
2026-04-26 19:00:00,future,6236,17195.502081648483,90.36451709163713,7659.264211690426,31.67,53.1
2026-04-26 20:00:00,future,6237,13884.934350108391,83.29082560943375,7040.130819450098,30.59,55.0
2026-04-26 21:00:00,future,6238,10891.80786146483,76.79421120446364,6456.967682694905,29.42,57.1
2026-04-26 22:00:00,future,6239,8207.483724777923,70.90997252850859,5920.587543965316,28.26,59.1
2026-04-26 23:00:00,future,6240,6468.941392451724,66.92186797865287,5532.250879710968,27.17,61.1
2026-04-27 00:00:00,future,6241,4773.0582872564555,62.74006284038538,5117.539310204657,26.26,64.1
2026-04-27 01:00:00,future,6242,4034.557018727129,60.93251877978635,4924.264054476068,25.54,65.4
2026-04-27 02:00:00,future,6243,4083.369928658587,60.793153386767834,4877.468418487758,25.09,66.2
2026-04-27 03:00:00,future,6244,4706.18739384916,61.923659687098166,4949.815370745415,24.94,66.5
2026-04-27 04:00:00,future,6245,6229.696805493498,64.95795191913223,5188.672566327048,25.09,66.2
2026-04-27 05:00:00,future,6246,8506.127514962962,69.60929138189329,5572.614173371504,25.54,65.4
2026-04-27 06:00:00,future,6247,12084.847542194411,76.92808307467031,6177.703616407152,26.26,64.1
2026-04-27 07:00:00,future,6248,15152.088299843312,83.36362364648537,6733.7725524703665,27.19,62.5
2026-04-27 08:00:00,future,6249,16528.855378504653,86.6021468941272,7063.888158299098,28.28,60.5
2026-04-27 09:00:00,future,6250,14561.038653710386,83.38715008305589,6917.440035366146,29.44,58.5
2026-04-27 10:00:00,future,6251,11848.749972932204,78.73275889898844,6664.245256818929,30.61,56.4
2026-04-27 11:00:00,future,6252,10442.557542883818,76.56594026545608,6589.651730758444,31.69,54.5
2026-04-27 12:00:00,future,6253,9984.197351731164,76.16029657230766,6634.530292822735,32.62,52.8
2026-04-27 13:00:00,future,6254,9962.32317483762,76.49238478630562,6717.555802771829,33.34,51.5
2026-04-27 14:00:00,future,6255,10757.13829775147,78.26875190118527,6886.672295796658,33.79,50.7
2026-04-27 15:00:00,future,6256,12358.587148767005,81.45428021296554,7136.830228966012,33.94,50.5
2026-04-27 16:00:00,future,6257,14827.987054649817,86.16795174403926,7476.920236148302,33.79,50.7
2026-04-27 17:00:00,future,6258,17846.225744122232,91.79055125118279,7860.673007892179,33.34,51.5
2026-04-27 18:00:00,future,6259,19269.302049279508,94.17739864309043,7980.81315690364,32.62,52.8
2026-04-27 19:00:00,future,6260,17311.269828734523,89.89420035300125,7585.572611562776,31.69,54.5
2026-04-27 20:00:00,future,6261,14012.93185325371,82.93220382800327,6978.038269944624,30.61,56.4
2026-04-27 21:00:00,future,6262,11012.57480744625,76.50160195030253,6402.934682368089,29.44,58.5
2026-04-27 22:00:00,future,6263,8312.194355671663,70.65828571521199,5872.523031536192,28.28,60.5
2026-04-27 23:00:00,future,6264,6579.441871009579,66.72899746226892,5490.79173933957,27.19,62.5
2026-04-28 00:00:00,future,6265,5327.908148579086,57.17311870382532,5104.621453820719,26.11,64.0
2026-04-28 01:00:00,future,6266,4694.145813687586,55.885826783070385,4940.431853289327,25.39,65.3
2026-04-28 02:00:00,future,6267,4811.985890637747,55.84872215935629,4901.3618148371215,24.95,66.1
2026-04-28 03:00:00,future,6268,5697.6059482938645,57.08581065001276,4989.373506417506,24.79,66.4
2026-04-28 04:00:00,future,6269,7453.7675994833135,59.76884944544641,5221.781987514102,24.95,66.1
2026-04-28 05:00:00,future,6270,10306.016115851253,64.21325437629272,5621.092350422486,25.39,65.3
2026-04-28 06:00:00,future,6271,14565.825008803986,70.88121950153459,6225.083036856799,26.11,64.0
2026-04-28 07:00:00,future,6272,18061.333558771315,76.51620903613005,6761.840783365707,27.04,62.4
2026-04-28 08:00:00,future,6273,19823.810783580928,79.65664053928515,7107.804816694142,28.13,60.4
2026-04-28 09:00:00,future,6274,17465.536309723208,76.71603025287556,6962.45479954036,29.29,58.4
2026-04-28 10:00:00,future,6275,14178.155499423685,72.40154093300187,6705.626803965537,30.46,56.3
2026-04-28 11:00:00,future,6276,12527.480324801463,70.47239442819883,6636.398769776672,31.54,54.4
2026-04-28 12:00:00,future,6277,11984.14337335085,70.11416037380606,6683.287285740597,32.47,52.7
2026-04-28 13:00:00,future,6278,11990.53936613397,70.47050636975621,6771.383986167106,33.19,51.4
2026-04-28 14:00:00,future,6279,13019.185096520196,72.21369324915256,6950.723414608592,33.64,50.6
2026-04-28 15:00:00,future,6280,14895.682694696075,75.07048055202313,7196.514582233788,33.79,50.4
2026-04-28 16:00:00,future,6281,17862.603155045577,79.40081822075518,7538.178784392984,33.64,50.6
2026-04-28 17:00:00,future,6282,21563.252779936058,84.67541017755988,7932.452849187625,33.19,51.4
2026-04-28 18:00:00,future,6283,23465.84331767835,87.15180019535154,8075.896018880167,32.47,52.7
2026-04-28 19:00:00,future,6284,21252.532245011236,83.41945738591531,7694.655261419554,31.54,54.4
2026-04-28 20:00:00,future,6285,17161.252080355684,76.82814373095368,7067.444859701883,30.46,56.3
2026-04-28 21:00:00,future,6286,13437.343066825986,70.73861349953383,6473.877575258871,29.29,58.4
2026-04-28 22:00:00,future,6287,10062.354340753724,65.17166185032711,5923.843421050921,28.13,60.4
2026-04-28 23:00:00,future,6288,7909.896576328612,61.45254008322171,5530.578874047998,27.04,62.4
2026-04-29 00:00:00,future,6289,6033.582013907391,60.97297177905057,5224.189674180275,26.13,63.9
2026-04-29 01:00:00,future,6290,5160.215470171279,59.313103874950656,5034.975037971452,25.42,65.2
2026-04-29 02:00:00,future,6291,5169.696612971303,59.098576921562206,4980.799522070884,24.97,66.0
2026-04-29 03:00:00,future,6292,5960.693069173109,60.19390016309236,5053.515155891185,24.81,66.3
2026-04-29 04:00:00,future,6293,7744.386310735369,62.92844986028087,5281.468997310246,24.97,66.0
2026-04-29 05:00:00,future,6294,10560.878312193016,67.3466360274912,5665.65859726233,25.42,65.2
2026-04-29 06:00:00,future,6295,15229.07135568987,74.65134079530624,6298.028963382353,26.13,63.9
2026-04-29 07:00:00,future,6296,19199.97835919731,81.03060139816891,6875.998125090822,27.06,62.3
2026-04-29 08:00:00,future,6297,21023.673070430326,84.29715610785728,7222.874236043118,28.15,60.3
2026-04-29 09:00:00,future,6298,18490.750840327637,81.118770571869,7069.588870788055,29.31,58.3
2026-04-29 10:00:00,future,6299,14868.864294108207,76.32562197701489,6790.363936483518,30.48,56.2
2026-04-29 11:00:00,future,6300,13035.27580540835,74.1468559855863,6708.917970413512,31.56,54.3
2026-04-29 12:00:00,future,6301,12499.381350918582,73.82729155892962,6761.816242201011,32.5,52.6
2026-04-29 13:00:00,future,6302,12505.811178183534,74.19758368507155,6849.7909473092095,33.21,51.3
2026-04-29 14:00:00,future,6303,13571.859218687436,76.01196949427282,7029.565596740099,33.66,50.5
2026-04-29 15:00:00,future,6304,15592.324489076884,79.09363893684004,7283.940914583767,33.81,50.3
2026-04-29 16:00:00,future,6305,18685.160034106353,83.61804817533009,7626.691329696633,33.66,50.5
2026-04-29 17:00:00,future,6306,22621.29878914795,89.24445799261254,8031.066638286723,33.21,51.3
2026-04-29 18:00:00,future,6307,24646.610204349898,91.8963983357892,8180.3564756689075,32.5,52.6
2026-04-29 19:00:00,future,6308,22351.10435936634,88.0042306088392,7796.810342519893,31.56,54.3
2026-04-29 20:00:00,future,6309,18119.115005698142,81.16039769976689,7169.924695474701,30.48,56.2
2026-04-29 21:00:00,future,6310,14232.921864518265,74.78521356641473,6572.364213025486,29.31,58.3
2026-04-29 22:00:00,future,6311,10712.057466692591,68.95853973419464,6018.694930421047,28.15,60.3
2026-04-29 23:00:00,future,6312,8393.171252837565,64.95538343052687,5613.990891945812,27.06,62.3
2026-04-30 00:00:00,future,6313,5582.811808286588,64.43536757761996,5293.916792788008,26.25,62.3
2026-04-30 01:00:00,future,6314,4515.624273713756,61.99731111407877,5051.937400895076,25.54,63.6
2026-04-30 02:00:00,future,6315,4121.992273228414,60.9998934259773,4939.886420679294,25.09,64.4
2026-04-30 03:00:00,future,6316,4520.162249481358,61.68786496403365,4978.677638428675,24.93,64.7
2026-04-30 04:00:00,future,6317,5929.0839295114765,64.50108615344082,5203.939660460901,25.09,64.4
2026-04-30 05:00:00,future,6318,8662.151806468353,70.03109954502571,5657.830314550351,25.54,63.6
2026-04-30 06:00:00,future,6319,12344.29690041137,77.53556775235427,6281.908762151027,26.25,62.3
2026-04-30 07:00:00,future,6320,15603.356705905338,84.3350937908655,6870.826453095516,27.18,60.7
2026-04-30 08:00:00,future,6321,16859.394085224812,87.33728872630827,7186.450992036295,28.27,58.7
2026-04-30 09:00:00,future,6322,14573.33616884757,83.51328600634292,6992.985543069073,29.43,56.7
2026-04-30 10:00:00,future,6323,11872.4022652713,78.89068895568754,6740.1100337368225,30.6,54.6
2026-04-30 11:00:00,future,6324,10584.732748534503,76.95930141803959,6682.834853530481,31.68,52.7
2026-04-30 12:00:00,future,6325,10015.76947737507,76.34735008486409,6713.611529491218,32.62,51.0
2026-04-30 13:00:00,future,6326,9868.868023762649,76.43314095017271,6778.18756190382,33.33,49.7
2026-04-30 14:00:00,future,6327,10574.064435194668,78.03420651963661,6935.7645074601405,33.78,48.9
2026-04-30 15:00:00,future,6328,12179.595704691834,81.22313661401017,7188.543382196228,33.93,48.7
2026-04-30 16:00:00,future,6329,14792.368096145648,86.20705931800117,7552.145388963278,33.78,48.9
2026-04-30 17:00:00,future,6330,17873.982224930303,91.9428399331738,7947.899309667524,33.33,49.7
2026-04-30 18:00:00,future,6331,19219.354357991982,94.1790546022146,8058.444480759759,32.62,51.0
2026-04-30 19:00:00,future,6332,17110.37499353478,89.60256225696011,7636.36533465298,31.68,52.7
2026-04-30 20:00:00,future,6333,13771.295827780214,82.5697454707059,7017.577419210919,30.6,54.6
2026-04-30 21:00:00,future,6334,10835.030430422596,76.2704166040626,6446.742225474635,29.43,56.7
2026-04-30 22:00:00,future,6335,8258.711934352052,70.67369244818781,5929.714523593404,28.27,58.7
2026-04-30 23:00:00,future,6336,6627.814304830434,66.94521560155385,5559.315196009744,27.18,60.7
2026-05-01 00:00:00,future,6337,4564.619315013657,46.24182212610971,4527.4836983889845,24.9,67.5
2026-05-01 01:00:00,future,6338,3811.860008179752,44.81297590157784,4351.5047496045945,24.26,68.8
2026-05-01 02:00:00,future,6339,3635.3798861046,44.377114165894376,4282.437580624275,23.86,69.6
2026-05-01 03:00:00,future,6340,4050.338195557514,44.96991722162215,4325.729915323165,23.73,69.8
2026-05-01 04:00:00,future,6341,5392.069807380834,47.10880160897065,4526.942809250166,23.86,69.6
2026-05-01 05:00:00,future,6342,7955.43565690086,51.256317684301145,4928.229132803189,24.26,68.8
2026-05-01 06:00:00,future,6343,11480.264272477096,56.995786307421824,5490.0390878977005,24.9,67.5
2026-05-01 07:00:00,future,6344,14331.439280363262,61.764390338725974,5979.225715179836,25.73,65.8
2026-05-01 08:00:00,future,6345,15294.952618706451,63.65010856981233,6220.141503932802,26.69,63.9
2026-05-01 09:00:00,future,6346,13182.71352958025,60.78525750229264,6041.858842152469,27.73,61.8
2026-05-01 10:00:00,future,6347,10767.071730145328,57.44457344999875,5820.234421360671,28.76,59.8
2026-05-01 11:00:00,future,6348,9690.689302584393,56.162249360762814,5778.339514599219,29.73,57.8
2026-05-01 12:00:00,future,6349,9138.040796087022,55.63784075501936,5793.764303490492,30.56,56.2
2026-05-01 13:00:00,future,6350,8913.646960596974,55.54315879677298,5832.625408240404,31.19,54.9
2026-05-01 14:00:00,future,6351,9606.292803752243,56.78166839975714,5973.5352035789665,31.59,54.1
2026-05-01 15:00:00,future,6352,11066.792746100176,59.10927567310383,6192.391484428794,31.73,53.8
2026-05-01 16:00:00,future,6353,13272.57106784965,62.482803344268206,6483.826857394579,31.59,54.1
2026-05-01 17:00:00,future,6354,15794.068672992207,66.24235013793165,6790.27824352823,31.19,54.9
2026-05-01 18:00:00,future,6355,16933.682900514883,67.76021784016326,6878.802267187572,30.56,56.2
2026-05-01 19:00:00,future,6356,15156.49542127822,64.6616855787825,6539.098803128133,29.73,57.8
2026-05-01 20:00:00,future,6357,12496.502783802933,60.13387281679336,6060.945619191228,28.76,59.8
2026-05-01 21:00:00,future,6358,10183.9463549172,56.1221154551264,5624.4748492482895,27.73,61.8
2026-05-01 22:00:00,future,6359,8196.157438400864,52.61134218301421,5232.094315008302,26.69,63.9
2026-05-01 23:00:00,future,6360,6877.47552503603,50.17332981918924,4941.744319008728,25.73,65.8
2026-05-02 00:00:00,future,6361,5429.888820544007,55.93925872269819,4507.166260092025,24.26,69.2
2026-05-02 01:00:00,future,6362,4618.023979912453,54.26609795653111,4335.0607868135885,23.62,70.5
2026-05-02 02:00:00,future,6363,4502.404415980346,53.87494075626867,4275.801394927129,23.22,71.3
2026-05-02 03:00:00,future,6364,4969.53159886546,54.591016129784734,4318.769574727072,23.09,71.5
2026-05-02 04:00:00,future,6365,6339.74174634922,56.944555688088506,4502.336116061732,23.22,71.3
2026-05-02 05:00:00,future,6366,8604.187097226906,60.9257274232232,4826.5352347836715,23.62,70.5
2026-05-02 06:00:00,future,6367,12163.78229847348,67.18948459438752,5337.422444385965,24.26,69.2
2026-05-02 07:00:00,future,6368,15138.570762998705,72.57025970450344,5797.582769461817,25.09,67.5
2026-05-02 08:00:00,future,6369,16616.006787051305,75.51377586661312,6087.753171056858,26.05,65.6
2026-05-02 09:00:00,future,6370,14787.212688808362,72.97321616108539,5979.282355706167,27.09,63.5
2026-05-02 10:00:00,future,6371,12163.001593608984,69.09881407668189,5771.61540703845,28.12,61.5
2026-05-02 11:00:00,future,6372,10776.223249916164,67.26207538774294,5709.767264626272,29.09,59.5
2026-05-02 12:00:00,future,6373,10208.844810439894,66.72004974466677,5732.070605198874,29.91,57.9
2026-05-02 13:00:00,future,6374,10147.955622745703,66.93511201532417,5796.56976843397,30.55,56.6
2026-05-02 14:00:00,future,6375,10784.214828606708,68.1960949098381,5920.021485892077,30.95,55.8
2026-05-02 15:00:00,future,6376,12287.073772825805,70.77619886920309,6121.068077747023,31.09,55.5
2026-05-02 16:00:00,future,6377,14420.81877733736,74.27172054353566,6368.396995269717,30.95,55.8
2026-05-02 17:00:00,future,6378,17444.024407249963,79.12455666129047,6696.13942293216,30.55,56.6
2026-05-02 18:00:00,future,6379,18982.34231134025,81.37781480931108,6813.800006158999,29.91,57.9
2026-05-02 19:00:00,future,6380,17373.32965451075,78.28377292342746,6523.158270707936,29.09,59.5
2026-05-02 20:00:00,future,6381,14279.99899796777,72.63565335797975,6032.630849718654,28.12,61.5
2026-05-02 21:00:00,future,6382,11455.989563898707,67.40778618999062,5568.558810734138,27.09,63.5
2026-05-02 22:00:00,future,6383,8890.528065450275,62.6069217754692,5135.239368119081,26.05,65.6
2026-05-02 23:00:00,future,6384,7259.826383018237,59.407346725467534,4826.172059240539,25.09,67.5
2026-05-03 00:00:00,future,6385,5428.563644670167,46.45948774219946,4274.732322415664,23.96,67.8
2026-05-03 01:00:00,future,6386,4613.424612236899,45.08310899383047,4112.630362057194,23.33,69.1
2026-05-03 02:00:00,future,6387,4516.604302081616,44.78401230928617,4058.164440870967,22.93,69.9
2026-05-03 03:00:00,future,6388,5065.696717859528,45.47578900673252,4106.2440655370965,22.79,70.2
2026-05-03 04:00:00,future,6389,6396.951634729479,47.35292319529357,4274.727092034796,22.93,69.9
2026-05-03 05:00:00,future,6390,8782.67503439114,50.77909537358129,4592.8096933492425,23.33,69.1
2026-05-03 06:00:00,future,6391,12378.99173411013,55.955090002145205,5075.224395150478,23.96,67.8
2026-05-03 07:00:00,future,6392,15565.976082027191,60.65526994111237,5532.153110827348,24.79,66.2
2026-05-03 08:00:00,future,6393,17039.27533865251,63.072618833286406,5806.874175086723,25.76,64.2
2026-05-03 09:00:00,future,6394,15112.635404217335,60.87002958253808,5696.515975289665,26.79,62.2
2026-05-03 10:00:00,future,6395,12298.704855600748,57.459403706972125,5485.049950999372,27.83,60.1
2026-05-03 11:00:00,future,6396,10861.7072307523,55.896564852450226,5423.504530332463,28.79,58.2
2026-05-03 12:00:00,future,6397,10320.111000233816,55.50279694944567,5451.006575136299,29.62,56.5
2026-05-03 13:00:00,future,6398,10318.252601894812,55.7630023412702,5519.013616683715,30.25,55.2
2026-05-03 14:00:00,future,6399,11129.121069067576,57.037624159839986,5655.717621897001,30.65,54.5
2026-05-03 15:00:00,future,6400,12723.961455620842,59.27486606398425,5854.558214325088,30.79,54.2
2026-05-03 16:00:00,future,6401,14993.150507294828,62.31662081932257,6100.744157573899,30.65,54.5
2026-05-03 17:00:00,future,6402,17967.759399798015,66.21367863097953,6400.0197177835935,30.25,55.2
2026-05-03 18:00:00,future,6403,19467.96753747588,68.00050300307298,6504.580045193976,29.62,56.5
2026-05-03 19:00:00,future,6404,17748.34339272818,65.3050152473886,6216.649583346714,28.79,58.2
2026-05-03 20:00:00,future,6405,14524.729688474932,60.50057558325559,5741.424840358194,27.83,60.1
2026-05-03 21:00:00,future,6406,11586.691342818724,56.05292163364386,5290.427280645907,26.79,62.2
2026-05-03 22:00:00,future,6407,8867.175134318148,51.90798089009563,4865.680144016428,25.76,64.2
2026-05-03 23:00:00,future,6408,7085.577063069213,49.069437377502965,4555.451805390068,24.79,66.2
2026-05-04 00:00:00,future,6409,5266.1505712657545,45.79315159772561,4187.208225102056,23.96,69.2
2026-05-04 01:00:00,future,6410,4489.806080931011,44.4714833984116,4030.5304140300827,23.32,70.5
2026-05-04 02:00:00,future,6411,4454.259723465048,44.258014242984366,3983.9054572268838,22.92,71.3
2026-05-04 03:00:00,future,6412,5037.3805258293605,44.994620228869415,4035.5290230713476,22.78,71.6
2026-05-04 04:00:00,future,6413,6412.818389977543,46.92611280650259,4207.339752513514,22.92,71.3
2026-05-04 05:00:00,future,6414,8683.409871071475,50.184331545238855,4508.940851042847,23.32,70.5
2026-05-04 06:00:00,future,6415,12204.317567154072,55.244853868223366,4978.721126815474,23.96,69.2
2026-05-04 07:00:00,future,6416,15333.17824876542,59.84557006645693,5422.932701378214,24.78,67.6
2026-05-04 08:00:00,future,6417,16746.395969282163,62.17099801750279,5687.3857153291565,25.75,65.6
2026-05-04 09:00:00,future,6418,14851.050862782022,60.01400515863708,5580.7801031546505,26.78,63.6
2026-05-04 10:00:00,future,6419,12062.362060069096,56.64415725170399,5373.325210005342,27.82,61.5
2026-05-04 11:00:00,future,6420,10574.85629414822,55.01387145938729,5305.7965963042225,28.78,59.6
2026-05-04 12:00:00,future,6421,10118.916105794644,54.735223588485475,5342.11481345289,29.61,57.9
2026-05-04 13:00:00,future,6422,10204.820008399784,55.11632075880077,5420.0264845085685,30.25,56.6
2026-05-04 14:00:00,future,6423,11146.041809334623,56.56357034217703,5569.971784955191,30.65,55.9
2026-05-04 15:00:00,future,6424,12811.573602409951,58.88612494984994,5773.812469742615,30.78,55.6
2026-05-04 16:00:00,future,6425,15145.08212241276,62.011369224696324,6026.186229512265,30.65,55.9
2026-05-04 17:00:00,future,6426,18026.954963602708,65.77223186039936,6312.383318764029,30.25,56.6
2026-05-04 18:00:00,future,6427,19520.49202209433,67.54277008988957,6414.6558230018545,29.61,57.9
2026-05-04 19:00:00,future,6428,17787.665538321016,64.83971242721293,6128.640955303342,28.78,59.6
2026-05-04 20:00:00,future,6429,14544.273768198847,60.02520739662076,5656.4641340269845,27.82,61.5
2026-05-04 21:00:00,future,6430,11567.8824414271,55.54142177444691,5206.233026737996,26.78,63.6
2026-05-04 22:00:00,future,6431,8764.946230959737,51.29805612113855,4776.854094224736,25.75,65.6
2026-05-04 23:00:00,future,6432,6817.521209090868,48.24489008507706,4451.458186933189,24.78,67.6
2026-05-05 00:00:00,future,6433,4996.93740923421,45.67671508776039,4213.286337903528,23.95,68.6
2026-05-05 01:00:00,future,6434,4260.560829906272,44.39108738154172,4058.917852019604,23.32,69.9
2026-05-05 02:00:00,future,6435,4209.458883676609,44.15445491603471,4009.8595578048307,22.92,70.7
2026-05-05 03:00:00,future,6436,4814.5328661066,44.93872813664337,4065.9196625440145,22.78,71.0
2026-05-05 04:00:00,future,6437,6197.0880052580815,46.92102640705806,4243.510463671963,22.92,70.7
2026-05-05 05:00:00,future,6438,8431.30218533381,50.196322374867385,4549.199205443222,23.32,69.9
2026-05-05 06:00:00,future,6439,11989.437280320988,55.40954229595754,5035.272648838283,23.95,68.6
2026-05-05 07:00:00,future,6440,15173.288643545877,60.18455043175995,5498.87364333004,24.78,67.0
2026-05-05 08:00:00,future,6441,16604.906840583975,62.57855995236802,5771.563026054322,25.75,65.0
2026-05-05 09:00:00,future,6442,14717.867071472114,60.37817087031056,5660.593314613124,26.78,63.0
2026-05-05 10:00:00,future,6443,11883.895990540048,56.863890211054944,5439.3856747443115,27.82,60.9
2026-05-05 11:00:00,future,6444,10347.391117106095,55.122445793517834,5362.088292562148,28.78,59.0
2026-05-05 12:00:00,future,6445,9882.650793318902,54.8189965682,5396.787967610884,29.61,57.3
2026-05-05 13:00:00,future,6446,9967.566094739155,55.201996027687166,5475.651786081868,30.25,56.0
2026-05-05 14:00:00,future,6447,10904.69759452191,56.671888801391795,5628.865128924634,30.65,55.3
2026-05-05 15:00:00,future,6448,12577.405032818177,59.05391107486256,5839.4877994624885,30.78,55.0
2026-05-05 16:00:00,future,6449,14894.451606692715,62.225208375158836,6097.870955519195,30.65,55.3
2026-05-05 17:00:00,future,6450,17799.284418069576,66.10292739551278,6396.290380512613,30.25,56.0
2026-05-05 18:00:00,future,6451,19319.722636293125,67.95441184061177,6506.139989526189,29.61,57.3
2026-05-05 19:00:00,future,6452,17613.692940219862,65.23637663238713,6216.260725859808,28.78,59.0
2026-05-05 20:00:00,future,6453,14361.612274274656,60.31261168479267,5730.647584670303,27.82,60.9
2026-05-05 21:00:00,future,6454,11376.929324563964,55.72793556055335,5267.857505636,26.78,63.0
2026-05-05 22:00:00,future,6455,8567.095387996382,51.39076854123361,4826.6976551988,25.75,65.0
2026-05-05 23:00:00,future,6456,6613.353430755909,48.270017449938315,4492.63128407088,24.78,67.0
2026-05-06 00:00:00,future,6457,4818.21617558531,45.45994341897044,4227.856058567755,23.95,68.0
2026-05-06 01:00:00,future,6458,4106.715851462011,44.205314500524004,4074.909593799615,23.32,69.3
2026-05-06 02:00:00,future,6459,4103.954758097435,44.035920283991175,4031.1847830687125,22.92,70.1
2026-05-06 03:00:00,future,6460,4757.288921209468,44.89063672689773,4093.6770292944366,22.78,70.4
2026-05-06 04:00:00,future,6461,6177.586477853356,46.93261442064612,4277.738311284011,22.92,70.1
2026-05-06 05:00:00,future,6462,8374.666798896444,50.16729336455267,4582.366320234935,23.32,69.3
2026-05-06 06:00:00,future,6463,11934.73473363791,55.40113856182516,5074.005711074055,23.95,68.0
2026-05-06 07:00:00,future,6464,15114.77581783014,60.18688588708307,5542.158403781157,24.78,66.4
2026-05-06 08:00:00,future,6465,16569.629636327125,62.62062553491684,5820.3761796799745,25.75,64.4
2026-05-06 09:00:00,future,6466,14697.27042588191,60.43135092984879,5709.499863243818,26.78,62.4
2026-05-06 10:00:00,future,6467,11850.096910315637,56.884478793979426,5483.803642152011,27.82,60.3
2026-05-06 11:00:00,future,6468,10301.54841879095,55.11857230507278,5403.8338290790125,28.78,58.4
2026-05-06 12:00:00,future,6469,9850.782503937808,54.83237881979063,5440.285816518737,29.61,56.7
2026-05-06 13:00:00,future,6470,9959.12447628688,55.248583217115325,5522.602039485469,30.25,55.4
2026-05-06 14:00:00,future,6471,10923.584539489537,56.76139234219563,5680.672262584247,30.65,54.7
2026-05-06 15:00:00,future,6472,12597.617982394297,59.15367991384108,5893.817671465226,30.78,54.4
2026-05-06 16:00:00,future,6473,14895.987213129569,62.31051440834531,6152.98848216499,30.65,54.7
2026-05-06 17:00:00,future,6474,17777.781489625748,66.1706084307924,6452.235519808045,30.25,55.4
2026-05-06 18:00:00,future,6475,19296.10865109801,68.02672794582205,6563.329250191072,29.61,56.7
2026-05-06 19:00:00,future,6476,17600.237666173576,65.31424502107862,6271.643463810614,28.78,58.4
2026-05-06 20:00:00,future,6477,14360.431093343685,60.39121060163027,5782.280822997742,27.82,60.3
2026-05-06 21:00:00,future,6478,11375.58995412066,55.791234628230576,5314.554110768066,26.78,62.4
2026-05-06 22:00:00,future,6479,8558.205032145685,51.42931974223873,4867.822752100132,25.75,64.4
2026-05-06 23:00:00,future,6480,6594.8924694564885,48.28530476007228,4529.149546175744,24.78,66.4
2026-05-07 00:00:00,future,6481,5101.880310160559,45.08017993928869,4262.796849673226,23.96,69.8
2026-05-07 01:00:00,future,6482,4484.189819120309,44.04683876639951,4125.814829591652,23.32,71.0
2026-05-07 02:00:00,future,6483,4523.5979502908385,43.93033754063712,4085.9708226514445,22.92,71.8
2026-05-07 03:00:00,future,6484,5361.027672722887,44.914280476126116,4160.628915664959,22.78,72.1
2026-05-07 04:00:00,future,6485,6955.744315641206,46.95626451984635,4347.611207559798,22.92,71.8
2026-05-07 05:00:00,future,6486,9383.070603727316,50.14172505501176,4652.816441157929,23.32,71.0
2026-05-07 06:00:00,future,6487,13384.411102798997,55.38479554081131,5153.797726706802,23.96,69.8
2026-05-07 07:00:00,future,6488,16877.569738683043,60.07010607538311,5619.948398184148,24.78,68.1
2026-05-07 08:00:00,future,6489,18607.978061500653,62.62438494437878,5913.000846347267,25.75,66.2
2026-05-07 09:00:00,future,6490,16547.72755787703,60.48738871149686,5804.8821865472855,26.78,64.1
2026-05-07 10:00:00,future,6491,13279.344838803743,56.85144691221473,5567.899675478399,27.82,62.0
2026-05-07 11:00:00,future,6492,11509.30224643363,55.046541700551856,5483.2858087066015,28.78,60.1
2026-05-07 12:00:00,future,6493,11014.488241544434,54.7744001163551,5521.528735329024,29.61,58.4
2026-05-07 13:00:00,future,6494,11157.96108206442,55.21774884340735,5607.496354969865,30.25,57.2
2026-05-07 14:00:00,future,6495,12295.634664153553,56.79870276972633,5773.966011136357,30.65,56.4
2026-05-07 15:00:00,future,6496,14198.33446964874,59.21972226950067,5992.9777910299445,30.78,56.1
2026-05-07 16:00:00,future,6497,16767.38580184593,62.362180611613425,6255.018757611034,30.65,56.4
2026-05-07 17:00:00,future,6498,19941.022219377803,66.14509352712756,6552.342244748057,30.25,57.2
2026-05-07 18:00:00,future,6499,21687.248436085887,68.05279218822415,6669.660741328629,29.61,58.4
2026-05-07 19:00:00,future,6500,19896.525476449933,65.48140919616031,6385.549071097727,28.78,60.1
2026-05-07 20:00:00,future,6501,16277.85501764417,60.58200892807422,5890.467169162277,27.82,62.0
2026-05-07 21:00:00,future,6502,12938.70783891857,55.99726825999955,5416.638566894034,26.78,64.1
2026-05-07 22:00:00,future,6503,9726.104068842078,51.57410338106061,4957.5250726629365,25.75,66.2
2026-05-07 23:00:00,future,6504,7414.745324676702,48.297041714704,4601.976347951838,24.78,68.1
2026-05-08 00:00:00,future,6505,4752.771857499099,46.39058944636931,4510.631264507448,24.8,67.3
2026-05-08 01:00:00,future,6506,3828.8016971810457,44.64048977556601,4307.390104734718,24.16,68.6
2026-05-08 02:00:00,future,6507,3368.1281322168256,43.735514411482164,4197.172831874326,23.76,69.4
2026-05-08 03:00:00,future,6508,3684.761806301657,44.19532482047581,4228.459603070474,23.63,69.6
2026-05-08 04:00:00,future,6509,4858.605142571962,46.145089274635126,4411.650070970321,23.76,69.4
2026-05-08 05:00:00,future,6510,7280.981949225565,50.22144587257923,4804.153277984738,24.16,68.6
2026-05-08 06:00:00,future,6511,10642.862878301668,55.91278614367172,5358.205867395712,24.8,67.3
2026-05-08 07:00:00,future,6512,13715.026831823066,61.21186513897085,5891.434018560756,25.63,65.6
2026-05-08 08:00:00,future,6513,14950.475952430374,63.593699410744584,6174.638170191016,26.59,63.7
2026-05-08 09:00:00,future,6514,12978.635408546825,60.82252495143575,6005.1039272455355,27.63,61.6
2026-05-08 10:00:00,future,6515,10471.59168610064,57.18211027234209,5757.456632431593,28.66,59.6
2026-05-08 11:00:00,future,6516,9161.640568324065,55.45293716179317,5675.479970257778,29.63,57.6
2026-05-08 12:00:00,future,6517,8578.857818332406,54.839252605529566,5681.669005435099,30.45,56.0
2026-05-08 13:00:00,future,6518,8465.43325046268,54.91225142684504,5735.630736133347,31.09,54.7
2026-05-08 14:00:00,future,6519,9091.279852547865,56.08425324994315,5869.616142771505,31.49,53.9
2026-05-08 15:00:00,future,6520,10548.102319033824,58.49550072766272,6094.625028575495,31.63,53.6
2026-05-08 16:00:00,future,6521,12662.340457164908,61.85739688644299,6383.486007117982,31.49,53.9
2026-05-08 17:00:00,future,6522,15266.408654131475,65.90702643092058,6714.2801333428315,31.09,54.7
2026-05-08 18:00:00,future,6523,16445.173135468074,67.55630595296024,6813.6190988322405,30.45,56.0
2026-05-08 19:00:00,future,6524,14739.278917557076,64.47000825292496,6478.093137390359,29.63,57.6
2026-05-08 20:00:00,future,6525,11938.715977982356,59.55393203831281,5968.573452984551,28.66,59.6
2026-05-08 21:00:00,future,6526,9482.87708846774,55.171118510947686,5502.069940254507,27.63,61.6
2026-05-08 22:00:00,future,6527,7272.273256325883,51.18075772684809,5069.757179717015,26.59,63.7
2026-05-08 23:00:00,future,6528,5818.005316807836,48.44517071553595,4755.065352788067,25.63,65.6
2026-05-09 00:00:00,future,6529,4362.458914004654,54.18494700435709,4414.2563044725775,24.24,69.0
2026-05-09 01:00:00,future,6530,3863.696307847052,53.00429356179691,4277.520890093777,23.6,70.3
2026-05-09 02:00:00,future,6531,3863.668126442948,52.807167966386324,4232.32434694747,23.2,71.1
2026-05-09 03:00:00,future,6532,4480.470440539404,53.8132423491597,4297.310991989342,23.07,71.3
2026-05-09 04:00:00,future,6533,5879.4866543358785,56.304522570557786,4492.714108821026,23.2,71.1
2026-05-09 05:00:00,future,6534,8044.371569520106,60.257577363211894,4817.552158183964,23.6,70.3
2026-05-09 06:00:00,future,6535,11658.18052478147,66.84269630725403,5356.668127084238,24.24,69.0
2026-05-09 07:00:00,future,6536,14742.851026860051,72.60339523502314,5848.900209202663,25.07,67.3
2026-05-09 08:00:00,future,6537,16263.955616550757,75.71542746144962,6153.849147612076,26.03,65.4
2026-05-09 09:00:00,future,6538,14400.40406618822,72.9946486491736,6030.629748343729,27.07,63.3
2026-05-09 10:00:00,future,6539,11646.704314491575,68.72457577158556,5791.297220729811,28.1,61.3
2026-05-09 11:00:00,future,6540,10186.171007222412,66.66852708642597,5712.228225978021,29.07,59.3
2026-05-09 12:00:00,future,6541,9663.89551541927,66.17133672299687,5738.539494569959,29.9,57.7
2026-05-09 13:00:00,future,6542,9716.216350604487,66.5725068275768,5816.47676711858,30.53,56.4
2026-05-09 14:00:00,future,6543,10444.591224723416,68.0332812207102,5955.756194836666,30.93,55.6
2026-05-09 15:00:00,future,6544,11974.377740163596,70.75636895938048,6169.1811546445415,31.07,55.3
2026-05-09 16:00:00,future,6545,14094.961733640635,74.36651009505628,6427.2862926182115,30.93,55.6
2026-05-09 17:00:00,future,6546,17067.63088946536,79.32688085921764,6766.082624352497,30.53,56.4
2026-05-09 18:00:00,future,6547,18595.928264602324,81.6680123551125,6892.318889105871,29.9,57.7
2026-05-09 19:00:00,future,6548,17013.241929017175,78.51318849367155,6594.102931970623,29.07,59.3
2026-05-09 20:00:00,future,6549,13913.48825134365,72.65734408803621,6084.104991552654,28.1,61.3
2026-05-09 21:00:00,future,6550,11075.521607414812,67.22612692233206,5601.143988728984,27.07,63.3
2026-05-09 22:00:00,future,6551,8486.964090384761,62.2226964718852,5149.270142324461,26.03,65.4
2026-05-09 23:00:00,future,6552,6831.0723470927915,58.876814588008,4826.910313825386,25.07,67.3
2026-05-10 00:00:00,future,6553,5015.5628039849835,45.822819150685206,4233.815153671393,23.95,67.6
2026-05-10 01:00:00,future,6554,4229.957734105961,44.47143869509663,4073.4639665060567,23.32,68.9
2026-05-10 02:00:00,future,6555,4147.66906811006,44.191170078378676,4020.526313444253,22.92,69.7
2026-05-10 03:00:00,future,6556,4805.376100865871,45.045351493975886,4082.5522526968193,22.78,70.0
2026-05-10 04:00:00,future,6557,6202.964760948933,47.04213089005766,4261.692498722007,22.92,69.7
2026-05-10 05:00:00,future,6558,8552.690725560715,50.467628148968814,4580.688804837465,23.32,68.9
2026-05-10 06:00:00,future,6559,12161.320967608724,55.734909447574466,5072.290728374797,23.95,67.6
2026-05-10 07:00:00,future,6560,15335.853329338686,60.48310267065521,5534.597068451948,24.78,66.0
2026-05-10 08:00:00,future,6561,16822.203386022487,62.94771206711821,5813.962609528026,25.75,64.0
2026-05-10 09:00:00,future,6562,14921.414531112374,60.73884048159022,5702.3772134148585,26.78,62.0
2026-05-10 10:00:00,future,6563,12095.456862124214,57.25079324541746,5483.31555379743,27.82,59.9
2026-05-10 11:00:00,future,6564,10652.297350311845,55.647641086051586,5417.853544266226,28.78,58.0
2026-05-10 12:00:00,future,6565,10130.202828710826,55.268134963244655,5446.401663103328,29.61,56.3
2026-05-10 13:00:00,future,6566,10146.649120007343,55.55674585465871,5517.582636476181,30.25,55.0
2026-05-10 14:00:00,future,6567,10981.91106203574,56.87733265123301,5657.791313875447,30.64,54.3
2026-05-10 15:00:00,future,6568,12569.71688673867,59.13796784379674,5859.251437339953,30.78,54.0
2026-05-10 16:00:00,future,6569,14807.844944077598,62.18439751969975,6106.722279221112,30.64,54.3
2026-05-10 17:00:00,future,6570,17751.329200671902,66.10542017479221,6409.907615164962,30.25,55.0
2026-05-10 18:00:00,future,6571,19247.63461596486,67.91519145209183,6516.231299453647,29.61,56.3
2026-05-10 19:00:00,future,6572,17541.6318577705,65.20403862424861,6226.24064304484,28.78,58.0
2026-05-10 20:00:00,future,6573,14339.334676397692,60.36334183732029,5746.609762306309,27.82,59.9
2026-05-10 21:00:00,future,6574,11402.63781285278,55.857842305142945,5289.4877391929285,26.78,62.0
2026-05-10 22:00:00,future,6575,8672.828843229281,51.643476115985315,4857.723768697082,25.75,64.0
2026-05-10 23:00:00,future,6576,6886.411318667729,48.76263435219926,4543.148633786806,24.78,66.0
2026-05-11 00:00:00,future,6577,5066.6362458521435,45.45602586514267,4161.9097967589905,23.95,69.0
2026-05-11 01:00:00,future,6578,4283.097340077824,44.117045199751054,4003.7462533646394,23.31,70.3
2026-05-11 02:00:00,future,6579,4252.703397641016,43.91073794977642,3957.753731427708,22.91,71.1
2026-05-11 03:00:00,future,6580,4884.7913586625,44.72498472266208,4016.685553419346,22.78,71.4
2026-05-11 04:00:00,future,6581,6292.854224941516,46.71147516722946,4192.540470508949,22.91,71.1
2026-05-11 05:00:00,future,6582,8558.285797695533,49.98606197275062,4495.747895346168,23.31,70.3
2026-05-11 06:00:00,future,6583,12089.349206681867,55.09686873503534,4970.104883863653,23.95,69.0
2026-05-11 07:00:00,future,6584,15214.103294002076,59.7280669767413,5417.887544581631,24.78,67.4
2026-05-11 08:00:00,future,6585,16640.81450628606,62.08166605030839,5684.0650618456075,25.74,65.4
2026-05-11 09:00:00,future,6586,14759.502961657085,59.92689846970566,5578.044235569691,26.78,63.4
2026-05-11 10:00:00,future,6587,11961.25305056528,56.50923518251641,5365.436996286171,27.81,61.3
2026-05-11 11:00:00,future,6588,10465.51799611059,54.854988559421336,5296.3529092223,28.78,59.4
2026-05-11 12:00:00,future,6589,10009.58836342517,54.57059231450908,5332.059637586882,29.61,57.7
2026-05-11 13:00:00,future,6590,10099.253572538168,54.95290243777354,5409.307726084226,30.24,56.4
2026-05-11 14:00:00,future,6591,11051.882163535663,56.42526162316627,5561.433805847274,30.64,55.7
2026-05-11 15:00:00,future,6592,12719.025651366785,58.77153480575638,5768.166873280733,30.78,55.4
2026-05-11 16:00:00,future,6593,15040.088234129957,61.90030642049896,6020.408645142781,30.64,55.7
2026-05-11 17:00:00,future,6594,17913.8410175107,65.6808376488853,6308.634128288535,30.24,56.4
2026-05-11 18:00:00,future,6595,19407.249112567115,67.47178465034547,6413.57091251666,29.61,57.7
2026-05-11 19:00:00,future,6596,17679.36633035237,64.75822377145045,6126.544434259871,28.78,59.4
2026-05-11 20:00:00,future,6597,14444.573695880825,59.918359871306066,5651.225060876593,27.81,61.3
2026-05-11 21:00:00,future,6598,11467.029550725683,55.406961661076814,5199.136418892659,26.78,63.4
2026-05-11 22:00:00,future,6599,8657.699086973123,51.122374135760296,4765.343949696394,25.74,65.4
2026-05-11 23:00:00,future,6600,6704.905825308473,48.04656494154052,4438.623316104739,24.78,67.4
2026-05-12 00:00:00,future,6601,4881.28977865341,45.43608636028092,4190.963491418847,23.95,68.4
2026-05-12 01:00:00,future,6602,4143.6319886132505,44.14343632651984,4035.4332293824573,23.31,69.7
2026-05-12 02:00:00,future,6603,4126.702782165342,43.95469140898912,3990.4990875844846,22.91,70.5
2026-05-12 03:00:00,future,6604,4754.807645007274,44.776706149077654,4050.4722857968545,22.78,70.8
2026-05-12 04:00:00,future,6605,6154.646439396159,46.78199336021293,4229.192112749972,22.91,70.5
2026-05-12 05:00:00,future,6606,8373.927269650118,50.041194905602055,4533.347446265972,23.31,69.7
2026-05-12 06:00:00,future,6607,11931.836021505676,55.2657594276432,5020.826888153257,23.95,68.4
2026-05-12 07:00:00,future,6608,15116.613299752576,60.048557334403235,5484.785240841136,24.78,66.8
2026-05-12 08:00:00,future,6609,16568.293604734943,62.468791611195414,5758.710613487733,25.74,64.8
2026-05-12 09:00:00,future,6610,14693.349256837464,60.284167995217295,5649.673917959244,26.78,62.8
2026-05-12 10:00:00,future,6611,11850.979455652576,56.746658482257494,5425.695772827395,27.81,60.7
2026-05-12 11:00:00,future,6612,10304.127292294352,54.99055178115763,5347.761414178141,28.78,58.8
2026-05-12 12:00:00,future,6613,9839.45160736054,54.68125654771708,5381.098314205933,29.6,57.1
2026-05-12 13:00:00,future,6614,9933.392949334597,55.07645523308254,5460.861862611092,30.24,55.8
2026-05-12 14:00:00,future,6615,10882.103227880742,56.56426308752646,5615.468500534905,30.64,55.1
2026-05-12 15:00:00,future,6616,12557.062646794931,58.95724429486174,5827.644113855774,30.78,54.8
2026-05-12 16:00:00,future,6617,14865.017030047173,62.11712937366298,6084.265422492126,30.64,55.1
2026-05-12 17:00:00,future,6618,17763.78235308998,65.9933636793018,6382.514359386259,30.24,55.8
2026-05-12 18:00:00,future,6619,19285.43095216327,67.85057500365922,6492.908978877198,29.6,57.1
2026-05-12 19:00:00,future,6620,17586.81611238273,65.14387149385028,6204.948456632504,28.78,58.8
2026-05-12 20:00:00,future,6621,14340.372995411344,60.21730086782297,5718.702372253254,27.81,60.7
2026-05-12 21:00:00,future,6622,11354.489379105751,55.62922355752806,5256.683431276931,26.78,62.8
2026-05-12 22:00:00,future,6623,8540.275656124471,51.276355011866976,4813.796841645915,25.74,64.8
2026-05-12 23:00:00,future,6624,6578.98181993413,48.14563189776565,4479.888936942486,24.78,66.8
2026-05-13 00:00:00,future,6625,4781.083691908145,45.32123454319338,4211.353107700049,23.95,67.8
2026-05-13 01:00:00,future,6626,4070.1273558211014,44.06538732881757,4057.8160785136097,23.31,69.1
2026-05-13 02:00:00,future,6627,4085.5797076633103,43.92167844278921,4016.3719831969443,22.91,69.9
2026-05-13 03:00:00,future,6628,4752.999616144597,44.79456187622531,4080.358462538213,22.77,70.2
2026-05-13 04:00:00,future,6629,6183.793344238995,46.847657604798336,4265.148296543095,22.91,69.9
2026-05-13 05:00:00,future,6630,8370.511128923856,50.06231399510129,4567.694387565158,23.31,69.1
2026-05-13 06:00:00,future,6631,11931.322471508993,55.292311514481106,5059.126667134549,23.95,67.8
2026-05-13 07:00:00,future,6632,15113.986642832611,60.06934495766717,5525.1979334313355,24.77,66.2
2026-05-13 08:00:00,future,6633,16577.749829524317,62.511325894407854,5803.694963386865,25.74,64.2
2026-05-13 09:00:00,future,6634,14709.790718879856,60.33197654046696,5693.655209359802,26.77,62.2
2026-05-13 10:00:00,future,6635,11856.255253991923,56.782362884135416,5467.841742366382,27.81,60.1
2026-05-13 11:00:00,future,6636,10300.8496953254,55.00995243981769,5387.286802906411,28.77,58.2
2026-05-13 12:00:00,future,6637,9850.256521244086,54.72450489078669,5423.660023454023,29.6,56.5
2026-05-13 13:00:00,future,6638,9962.882164319264,55.14597418042439,5506.255513907417,30.24,55.2
2026-05-13 14:00:00,future,6639,10928.232262872729,56.65742154735827,5663.989205991986,30.64,54.5
2026-05-13 15:00:00,future,6640,12599.652985928638,59.04194250873683,5876.2272593141615,30.77,54.2
2026-05-13 16:00:00,future,6641,14888.746337889486,62.18039664023551,6133.570602930288,30.64,54.5
2026-05-13 17:00:00,future,6642,17769.07940981801,66.03179156179404,6431.803293282932,30.24,55.2
2026-05-13 18:00:00,future,6643,19290.948955077867,67.88964158364342,6543.002981760711,29.6,56.5
2026-05-13 19:00:00,future,6644,17601.658519724486,65.19100079143703,6252.912815490727,28.77,58.2
2026-05-13 20:00:00,future,6645,14363.824232105952,60.27919201981696,5765.153586576141,27.81,60.1
2026-05-13 21:00:00,future,6646,11376.972933924357,55.68432998076382,5298.497105750839,26.77,62.2
2026-05-13 22:00:00,future,6647,8556.282174219432,51.325311849404905,4852.623482329815,25.74,64.2
2026-05-13 23:00:00,future,6648,6591.989334093099,48.18533748130536,4514.780769107679,24.77,66.2
2026-05-14 00:00:00,future,6649,5097.437562272652,44.98158978191757,4247.183167052582,23.95,69.6
2026-05-14 01:00:00,future,6650,4480.326574832133,43.95174156797041,4110.77562411891,23.31,70.8
2026-05-14 02:00:00,future,6651,4524.908977096157,43.8417796061955,4071.6016034623876,22.91,71.6
2026-05-14 03:00:00,future,6652,5371.3758471714145,44.83798417466349,4147.971079306923,22.78,71.9
2026-05-14 04:00:00,future,6653,6972.119013118729,46.877173053792106,4333.68671715974,22.91,71.6
2026-05-14 05:00:00,future,6654,9406.318728993268,50.06168884979623,4638.32707854735,23.31,70.8
2026-05-14 06:00:00,future,6655,13405.669443307212,55.28669324324257,5136.957181180079,23.95,69.6
2026-05-14 07:00:00,future,6656,16894.986333653964,59.95757626500763,5601.840552920949,24.78,67.9
2026-05-14 08:00:00,future,6657,18623.628454458325,62.49831826539047,5892.446922390056,25.74,66.0
2026-05-14 09:00:00,future,6658,16562.85086377871,60.37191091419343,5786.013318364772,26.78,63.9
2026-05-14 10:00:00,future,6659,13295.901780840211,56.745298995777844,5549.305494306853,27.81,61.8
2026-05-14 11:00:00,future,6660,11527.384756340456,54.95247617334252,5466.480669578851,28.78,59.9
2026-05-14 12:00:00,future,6661,11032.57356292013,54.68165165801875,5504.681963995456,29.61,58.2
2026-05-14 13:00:00,future,6662,11177.589461897314,55.12180591614458,5589.431545786957,30.24,57.0
2026-05-14 14:00:00,future,6663,12317.478805686713,56.70092570414242,5755.45712706402,30.64,56.2
2026-05-14 15:00:00,future,6664,14219.91036598691,59.118444841201466,5974.580940734771,30.78,55.9
2026-05-14 16:00:00,future,6665,16788.00241022258,62.245933225682734,6234.229962225222,30.64,56.2
2026-05-14 17:00:00,future,6666,19957.21872377048,66.01160644063515,6529.69008487763,30.24,57.0
2026-05-14 18:00:00,future,6667,21701.35319560837,67.91465712719675,6647.259953578076,29.61,58.2
2026-05-14 19:00:00,future,6668,19910.69244462512,65.35069980418528,6364.2949627136395,28.78,59.9
2026-05-14 20:00:00,future,6669,16294.238702941777,60.46428188366515,5870.413801957118,27.81,61.8
2026-05-14 21:00:00,future,6670,12955.71873841004,55.897809771753415,5399.705801117448,26.78,63.9
2026-05-14 22:00:00,future,6671,9742.363269406223,51.482453769799505,4941.303636142419,25.74,66.0
2026-05-14 23:00:00,future,6672,7430.10605410489,48.21782562655261,4588.194732708011,24.78,67.9
2026-05-15 00:00:00,future,6673,4768.464029706893,46.311466505141986,4495.359052491563,24.79,67.1
2026-05-15 01:00:00,future,6674,3844.437499759372,44.56901116367562,4293.1982060642595,24.15,68.4
2026-05-15 02:00:00,future,6675,3391.574580963621,43.68050119963869,4184.6669194714395,23.75,69.2
2026-05-15 03:00:00,future,6676,3713.4029889442486,44.14620847857564,4216.439072574581,23.62,69.4
2026-05-15 04:00:00,future,6677,4891.598311264284,46.0935205144021,4399.095328337405,23.75,69.2
2026-05-15 05:00:00,future,6678,7314.11970232467,50.150529643521764,4789.189315363252,24.15,68.4
2026-05-15 06:00:00,future,6679,10676.189899435789,55.81495391138851,5339.8685310238525,24.79,67.1
2026-05-15 07:00:00,future,6680,13746.559363569468,61.08613743441124,5869.651524156839,25.62,65.4
2026-05-15 08:00:00,future,6681,14982.28199981603,63.45801213391847,6151.404954299806,26.58,63.5
2026-05-15 09:00:00,future,6682,13011.649265438478,60.70397217497142,5983.5687541539955,27.62,61.4
2026-05-15 10:00:00,future,6683,10504.440316269944,57.082766436994135,5737.934114975488,28.65,59.4
2026-05-15 11:00:00,future,6684,9193.776830920697,55.36238693162352,5656.776484007033,29.62,57.4
2026-05-15 12:00:00,future,6685,8610.87015201679,54.7567128308358,5664.323612016387,30.45,55.8
2026-05-15 13:00:00,future,6686,8498.365619079708,54.82774798009827,5717.217468336772,31.08,54.5
2026-05-15 14:00:00,future,6687,9126.622974652018,55.99840692291106,5850.82139161008,31.48,53.7
2026-05-15 15:00:00,future,6688,10584.341799093989,58.39937583917294,6074.5303982815485,31.62,53.4
2026-05-15 16:00:00,future,6689,12698.12234553977,61.743714007413054,6361.367266248849,31.48,53.7
2026-05-15 17:00:00,future,6690,15299.748116763469,65.76881977948582,6689.475171736463,31.08,54.5
2026-05-15 18:00:00,future,6691,16477.373637107958,67.41119586716343,6788.840372366957,30.45,55.8
2026-05-15 19:00:00,future,6692,14771.927325016231,64.33570156059383,6454.173158941009,29.62,57.4
2026-05-15 20:00:00,future,6693,11972.986657392254,59.44514952078907,5947.862830709657,28.65,59.4
2026-05-15 21:00:00,future,6694,9517.485505592758,55.08307133777996,5484.078005970524,27.62,61.4
2026-05-15 22:00:00,future,6695,7306.362241500496,51.11011238990783,5054.132139803383,26.58,63.5
2026-05-15 23:00:00,future,6696,5850.950443148505,48.384833820384266,4740.974141503402,25.62,65.4
2026-05-16 00:00:00,future,6697,4395.618138255075,54.14023950316731,4401.1571399431505,24.23,68.8
2026-05-16 01:00:00,future,6698,3897.086922305014,52.96954896119536,4266.2534754694825,23.6,70.1
2026-05-16 02:00:00,future,6699,3897.466380620256,52.77334256474806,4221.250267912006,23.2,70.9
2026-05-16 03:00:00,future,6700,4516.0576935932995,53.77233916765286,4284.829255205319,23.06,71.1
2026-05-16 04:00:00,future,6701,5917.856383399316,56.261219997159266,4480.407123828487,23.2,70.9
2026-05-16 05:00:00,future,6702,8085.522880022044,60.20020800916452,4803.50712081341,23.6,70.1
2026-05-16 06:00:00,future,6703,11699.468654156311,66.74915924097829,5338.027216107312,24.23,68.8
2026-05-16 07:00:00,future,6704,14782.738363661672,72.48041458512249,5827.003057390965,25.06,67.1
2026-05-16 08:00:00,future,6705,16302.848158525903,75.58202800313686,6131.239428173105,26.03,65.2
2026-05-16 09:00:00,future,6706,14438.924375644763,72.8711825452446,6008.16119847868,27.06,63.1
2026-05-16 10:00:00,future,6707,11686.13760817174,68.63078006293425,5772.194181536744,28.1,61.1
2026-05-16 11:00:00,future,6708,10226.41077740247,66.58326468494455,5693.078501860681,29.06,59.1
2026-05-16 12:00:00,future,6709,9704.351618183357,66.09050130975845,5719.596256894474,29.89,57.5
2026-05-16 13:00:00,future,6710,9756.949905151603,66.49136058290344,5797.299788886,30.52,56.2
2026-05-16 14:00:00,future,6711,10486.246510458031,67.94723499977054,5935.899061671277,30.92,55.4
2026-05-16 15:00:00,future,6712,12016.485982443231,70.65784812103638,6147.952120349446,31.06,55.1
2026-05-16 16:00:00,future,6713,14137.602852578975,74.25071272726743,6404.261124517143,30.92,55.4
2026-05-16 17:00:00,future,6714,17108.62448093852,79.18284084564877,6740.304291066965,30.52,56.2
2026-05-16 18:00:00,future,6715,18635.66875293047,81.50897963975568,6865.222628362501,29.89,57.5
2026-05-16 19:00:00,future,6716,17052.31118723361,78.36708066234915,6568.641579572219,29.06,59.1
2026-05-16 20:00:00,future,6717,13953.38551189939,72.5448178408959,6063.015675161775,28.1,61.1
2026-05-16 21:00:00,future,6718,11115.91967436349,67.1345509595345,5581.917033047659,27.06,63.1
2026-05-16 22:00:00,future,6719,8527.390045593113,62.15895382366985,5133.875911680636,26.03,65.2
2026-05-16 23:00:00,future,6720,6870.968490178574,58.82202013939913,4812.154734875863,25.06,67.1
2026-05-17 00:00:00,future,6721,5055.849184881091,45.78356782944216,4221.862869222617,23.95,69.4
2026-05-17 01:00:00,future,6722,4270.065837039168,44.43407529042937,4061.3261200891347,23.31,70.7
2026-05-17 02:00:00,future,6723,4188.139585142932,44.15513520267863,4008.6444150481543,22.91,71.5
2026-05-17 03:00:00,future,6724,4848.3041420681975,45.00778856868375,4070.4274550453088,22.77,71.8
2026-05-17 04:00:00,future,6725,6247.6163699546005,46.99627117101468,4248.489516282356,22.91,71.5
2026-05-17 05:00:00,future,6726,8596.712544978465,50.40286876014223,4565.204107606834,23.31,70.7
2026-05-17 06:00:00,future,6727,12205.65390706205,55.64702806000987,5054.523693584899,23.95,69.4
2026-05-17 07:00:00,future,6728,15379.861287730391,60.36611701050355,5512.627776671541,24.77,67.8
2026-05-17 08:00:00,future,6729,16866.980700933782,62.82001598156039,5790.432615692928,25.74,65.8
2026-05-17 09:00:00,future,6730,14967.152714753684,60.62636461472084,5680.267229935767,26.77,63.8
2026-05-17 10:00:00,future,6731,12140.906965369051,57.15882845697589,5463.290451418642,27.81,61.7
2026-05-17 11:00:00,future,6732,10697.232979690149,55.56542508495721,5398.6988025988985,28.77,59.8
2026-05-17 12:00:00,future,6733,10175.132472824494,55.18944780729475,5427.412194058576,29.6,58.1
2026-05-17 13:00:00,future,6734,10191.86917227721,55.47800772974169,5498.386354967205,30.24,56.8
2026-05-17 14:00:00,future,6735,11027.717809773298,56.7970158691735,5638.869288082461,30.64,56.1
2026-05-17 15:00:00,future,6736,12615.605346042155,59.04149816031962,5837.814170523431,30.77,55.8
2026-05-17 16:00:00,future,6737,14853.01842313795,62.07418104164819,6084.36089043019,30.64,56.1
2026-05-17 17:00:00,future,6738,17795.952323853657,65.96816440812233,6383.95209998235,30.24,56.8
2026-05-17 18:00:00,future,6739,19292.179588275765,67.76680273343528,6489.176572510824,29.6,58.1
2026-05-17 19:00:00,future,6740,17586.582617282078,65.06957642968595,6201.027225746019,28.77,59.8
2026-05-17 20:00:00,future,6741,14384.875336748144,60.254478429217095,5724.621302617814,27.81,61.7
2026-05-17 21:00:00,future,6742,11448.246417857586,55.771883455696745,5270.458076835799,26.77,63.8
2026-05-17 22:00:00,future,6743,8718.176604184708,51.57839355156289,4841.429083370428,25.74,65.8
2026-05-17 23:00:00,future,6744,6931.429517946247,48.7111454399637,4528.729833253148,24.77,67.8
2026-05-18 00:00:00,future,6745,5111.695264778987,45.41856279940464,4149.210408999185,23.94,68.8
2026-05-18 01:00:00,future,6746,4328.121520914789,44.0860179069135,3991.9773849972757,23.3,70.1
2026-05-18 02:00:00,future,6747,4297.788870432441,43.88433650150864,3947.218875572754,22.91,70.9
2026-05-18 03:00:00,future,6748,4931.595946046306,44.69190159025198,4004.76150383512,22.77,71.2
2026-05-18 04:00:00,future,6749,6340.841038413052,46.6729565716011,4180.489591219432,22.91,70.9
2026-05-18 05:00:00,future,6750,8605.95282200717,49.92495164030271,4480.409733745335,23.3,70.1
2026-05-18 06:00:00,future,6751,12137.3030879043,55.00801493734524,4951.377182045041,23.94,68.8
2026-05-18 07:00:00,future,6752,15261.904189430748,59.613979607842055,5396.021177410844,24.77,67.2
2026-05-18 08:00:00,future,6753,16688.997326613877,61.95639383188402,5660.612918990127,25.73,65.2
2026-05-18 09:00:00,future,6754,14808.162674662515,59.816601086941176,5555.984340755927,26.77,63.2
2026-05-18 10:00:00,future,6755,12009.578153121856,56.42003568555966,5345.510468539259,27.8,61.1
2026-05-18 11:00:00,future,6756,10513.545018433411,54.7767013702141,5277.405630197509,28.77,59.2
2026-05-18 12:00:00,future,6757,10057.673013618594,54.4955763612347,5313.239935355813,29.6,57.5
2026-05-18 13:00:00,future,6758,10147.541225819845,54.877153092700276,5390.208501667025,30.23,56.2
2026-05-18 14:00:00,future,6759,11100.622213455352,56.342429705228895,5541.3830179143615,30.63,55.5
2026-05-18 15:00:00,future,6760,12767.844976004511,58.675605753274716,5746.566366739108,30.77,55.2
2026-05-18 16:00:00,future,6761,15088.452753438778,61.78553314341332,5996.703786771226,30.63,55.5
2026-05-18 17:00:00,future,6762,17961.83066913094,65.5430992279219,6282.425019326092,30.23,56.2
2026-05-18 18:00:00,future,6763,19455.199066464535,67.32252721980507,6386.226549213285,29.6,57.5
2026-05-18 19:00:00,future,6764,17727.52950126229,64.62327417409713,6101.080790992277,28.77,59.2
2026-05-18 20:00:00,future,6765,14493.056533085712,59.809806031391396,5629.0679753257045,27.8,61.1
2026-05-18 21:00:00,future,6766,11515.486178471048,55.322333194273064,5180.034565856753,26.77,63.2
2026-05-18 22:00:00,future,6767,8705.916832473007,51.06005998587715,4749.124250654293,25.73,65.2
2026-05-18 23:00:00,future,6768,6752.993722648518,47.99992546171517,4424.494524754834,24.77,67.2
2026-05-19 00:00:00,future,6769,4929.538872204448,45.40415343155107,4178.605476236814,23.94,68.2
2026-05-19 01:00:00,future,6770,4191.9571203851465,44.11813103343434,4024.020467271091,23.3,69.5
2026-05-19 02:00:00,future,6771,4176.409753871696,43.9316304423142,3979.404764747144,22.9,70.3
2026-05-19 03:00:00,future,6772,4805.4464679265,44.74969778113953,4038.9270282862503,22.77,70.6
2026-05-19 04:00:00,future,6773,6205.900438350238,46.74396629271653,4216.323493658892,22.9,70.3
2026-05-19 05:00:00,future,6774,8424.417500133808,49.983198635078935,4518.109521736022,23.3,69.5
2026-05-19 06:00:00,future,6775,11982.31159507272,55.17742596980786,5001.932216085699,23.94,68.2
2026-05-19 07:00:00,future,6776,15167.178180528315,59.933090237081245,5462.538765200501,24.77,66.6
2026-05-19 08:00:00,future,6777,16619.74347046246,62.34185505081823,5734.830125391773,25.73,64.6
2026-05-19 09:00:00,future,6778,14745.40391100795,60.173403279804376,5627.30533961377,26.77,62.6
2026-05-19 10:00:00,future,6779,11902.646806970752,56.658857723002605,5405.659386516187,27.8,60.5
2026-05-19 11:00:00,future,6780,10355.329972455998,54.91470540825729,5328.820458517431,28.77,58.6
2026-05-19 12:00:00,future,6781,9890.650114292055,54.61306619560033,5363.3861732793075,29.6,56.9
2026-05-19 13:00:00,future,6782,9984.967010397864,55.003570201428175,5441.807696790305,30.23,55.6
2026-05-19 14:00:00,future,6783,10934.10135285688,56.48377474595918,5595.408496590724,30.63,54.9
2026-05-19 15:00:00,future,6784,12609.134053099016,58.86266045804792,5805.928758208131,30.77,54.6
2026-05-19 16:00:00,future,6785,14916.683828862915,62.00257784277343,6060.3272987403325,30.63,54.9
2026-05-19 17:00:00,future,6786,17815.28195470402,65.85431004775151,6355.903177874193,30.23,55.6
2026-05-19 18:00:00,future,6787,19337.054118962973,67.70327687895026,6466.140695233923,29.6,56.9
2026-05-19 19:00:00,future,6788,17638.80148678007,65.00766528817947,6179.078519042582,28.77,58.6
2026-05-19 20:00:00,future,6789,14392.557200409074,60.109213182779044,5696.326601709209,27.8,60.5
2026-05-19 21:00:00,future,6790,11406.605303503546,55.54671388774608,5237.540593102749,26.77,62.6
2026-05-19 22:00:00,future,6791,8592.213310737945,51.217827219086686,4797.7121300799,25.73,64.6
2026-05-19 23:00:00,future,6792,6630.60597486661,48.10366513198447,4465.996208145904,24.77,66.6
2026-05-20 00:00:00,future,6793,4832.7893647041055,45.29409789953841,4199.20750277866,23.94,67.6
2026-05-20 01:00:00,future,6794,4121.904378364878,44.04482806513015,4046.6135015529685,23.3,68.9
2026-05-20 02:00:00,future,6795,4138.232836137022,43.90239630665478,4005.4014252331444,22.9,69.7
2026-05-20 03:00:00,future,6796,4806.392855550372,44.774714888663496,4069.943073943444,22.77,70.0
2026-05-20 04:00:00,future,6797,6237.72326997012,46.8119551649906,4252.250914096803,22.9,69.7
2026-05-20 05:00:00,future,6798,8423.84031895533,50.00662509084273,4552.417515206014,23.3,68.9
2026-05-20 06:00:00,future,6799,11984.668266038503,55.20546128361982,5040.096140687799,23.94,67.6
2026-05-20 07:00:00,future,6800,15167.44086712604,59.95877675755024,5503.812223557712,24.77,66.0
2026-05-20 08:00:00,future,6801,16631.651163119266,62.384083627803484,5779.48465783054,25.73,64.0
2026-05-20 09:00:00,future,6802,14764.016665439198,60.22499714514659,5672.038805380148,26.77,62.0
2026-05-20 10:00:00,future,6803,11910.171970190131,56.695054125960006,5447.560098190996,27.8,59.9
2026-05-20 11:00:00,future,6804,10354.4058125709,54.93928184813465,5369.234364055197,28.77,58.0
2026-05-20 12:00:00,future,6805,9903.804971000682,54.65319476832533,5404.674976617104,29.59,56.3
2026-05-20 13:00:00,future,6806,10016.636763461313,55.073658269556546,5486.952332030469,30.23,55.0
2026-05-20 14:00:00,future,6807,10981.9762324745,56.57652519186724,5643.584903750401,30.63,54.3
2026-05-20 15:00:00,future,6808,12653.25336388416,58.95041985472555,5855.182994165761,30.77,54.0
2026-05-20 16:00:00,future,6809,14941.837806085668,62.06426170812703,6109.169213954727,30.63,54.3
2026-05-20 17:00:00,future,6810,17822.12003374841,65.8908130546787,6404.689095463315,30.23,55.0
2026-05-20 18:00:00,future,6811,19344.196386001055,67.7360714630878,6514.63754558729,29.59,56.3
2026-05-20 19:00:00,future,6812,17655.260588868736,65.05710203225338,6227.638975362034,28.77,58.0
2026-05-20 20:00:00,future,6813,14417.519867313978,60.1698383723865,5742.363797619329,27.8,59.9
2026-05-20 21:00:00,future,6814,11430.561009112782,55.6053593142532,5280.1047381162525,26.77,62.0
2026-05-20 22:00:00,future,6815,8609.695154264424,51.26693215589572,4836.295916142758,25.73,64.0
2026-05-20 23:00:00,future,6816,6645.362223722548,48.14853508710865,4501.8211102477435,24.77,66.0
2026-05-21 00:00:00,future,6817,5150.932276178095,44.955565403094695,4235.3611285983325,23.94,69.4
2026-05-21 01:00:00,future,6818,4533.891705875447,43.93051421104322,4099.704654488026,23.3,70.6
2026-05-21 02:00:00,future,6819,4578.840720741128,43.824988871277874,4061.7667006304437,22.91,71.4
2026-05-21 03:00:00,future,6820,5425.948792542965,44.81184294211771,4136.440576613838,22.77,71.7
2026-05-21 04:00:00,future,6821,7027.1139893754425,46.84413948148915,4321.901031498203,22.91,71.4
2026-05-21 05:00:00,future,6822,9461.871757423678,50.00757847112894,4623.313195112353,23.3,70.6
2026-05-21 06:00:00,future,6823,13460.989030740184,55.203323789731684,5118.322634985632,23.94,69.4
2026-05-21 07:00:00,future,6824,16949.904382553057,59.84831475059712,5579.931345100177,24.77,67.7
2026-05-21 08:00:00,future,6825,18678.371055811313,62.37601532135084,5868.726536243575,25.73,65.8
2026-05-21 09:00:00,future,6826,16617.56139828373,60.2638896461472,5763.6647426664895,26.77,63.7
2026-05-21 10:00:00,future,6827,13350.781190512487,56.66046357502825,5529.370741592162,27.8,61.6
2026-05-21 11:00:00,future,6828,11582.50209389764,54.88018999606986,5447.724358360869,28.77,59.7
2026-05-21 12:00:00,future,6829,11087.715507668065,54.61257733084995,5486.056120062163,29.6,58.0
2026-05-21 13:00:00,future,6830,11232.860361650037,55.0515712267548,5570.4774257214185,30.23,56.8
2026-05-21 14:00:00,future,6831,12372.92016284788,56.6225474654239,5735.420357475433,30.63,56.0
2026-05-21 15:00:00,future,6832,14275.317421274263,59.02631600272462,5952.887370525733,30.77,55.7
2026-05-21 16:00:00,future,6833,16843.388963652484,62.135420060487,6210.4173380254,30.63,56.0
2026-05-21 17:00:00,future,6834,20012.23535095206,65.87808136179804,6503.305009773412,30.23,56.8
2026-05-21 18:00:00,future,6835,21756.16794751899,67.76865149398982,6619.602269664654,29.6,58.0
2026-05-21 19:00:00,future,6836,19965.475979926447,65.21786800270313,6338.4334676999715,28.77,59.7
2026-05-21 20:00:00,future,6837,16349.190222437424,60.35802812975988,5847.958187356633,27.8,61.6
2026-05-21 21:00:00,future,6838,13010.724191949535,55.81602637371479,5380.430487226507,26.77,63.7
2026-05-21 22:00:00,future,6839,9797.30375600446,51.424100720536636,4925.093924220858,25.73,65.8
2026-05-21 23:00:00,future,6840,7484.972814074537,48.17639303880222,4574.261891522914,24.77,67.7
2026-05-22 00:00:00,future,6841,4823.564119600716,46.289495382240965,4483.592431237654,24.78,66.9
2026-05-22 01:00:00,future,6842,3899.6010300037806,44.562146281161304,4283.969126705325,24.15,68.2
2026-05-22 02:00:00,future,6843,3447.4410739935547,43.68019194645799,4176.271106052079,23.75,69.0
2026-05-22 03:00:00,future,6844,3769.755712887813,44.138998734500575,4206.640260293757,23.61,69.2
2026-05-22 04:00:00,future,6845,4948.33205378557,46.07717580326732,4388.843057767884,23.75,69.0
2026-05-22 05:00:00,future,6846,7370.818627953091,50.10582177643945,4775.599438007872,24.15,68.2
2026-05-22 06:00:00,future,6847,10732.910256871231,55.726961184919666,5320.536125800945,24.78,66.9
2026-05-22 07:00:00,future,6848,13803.082883933552,60.96181235021358,5845.95736533012,25.61,65.2
2026-05-22 08:00:00,future,6849,15038.783905645389,63.318884719372896,6125.750432077779,26.57,63.3
2026-05-22 09:00:00,future,6850,13068.24579601151,60.587430271010845,5960.173897610459,27.61,61.2
2026-05-22 10:00:00,future,6851,10561.014743399464,56.99485948072863,5717.493809651146,28.64,59.2
2026-05-22 11:00:00,future,6852,9250.28562196616,55.28917539525238,5637.726141397236,29.61,57.2
2026-05-22 12:00:00,future,6853,8667.36787114777,54.68989284854342,5645.75833543562,30.44,55.6
2026-05-22 13:00:00,future,6854,8554.94116034096,54.76208534306271,5698.597226192134,31.07,54.3
2026-05-22 14:00:00,future,6855,9183.427422244124,55.92563995016874,5831.268431098707,31.47,53.5
2026-05-22 15:00:00,future,6856,10641.238284681627,58.30976589157605,6053.019355671551,31.61,53.2
2026-05-22 16:00:00,future,6857,12754.990808039613,61.62957174440834,6337.11076729588,31.47,53.5
2026-05-22 17:00:00,future,6858,15356.396690644808,65.62428608145619,6661.890827160603,31.07,54.3
2026-05-22 18:00:00,future,6859,16533.943585006906,67.25313378233979,6759.905448936771,30.44,55.6
2026-05-22 19:00:00,future,6860,14828.561644138072,64.19790877695715,6427.780207420657,29.61,57.2
2026-05-22 20:00:00,future,6861,12029.763230366134,59.340510470955856,5925.513403784095,28.64,59.2
2026-05-22 21:00:00,future,6862,9574.2702529362,55.00740941300106,5465.320366981786,27.61,61.2
2026-05-22 22:00:00,future,6863,7363.08238564091,51.06047762594947,5038.636927590314,26.57,63.3
2026-05-22 23:00:00,future,6864,5907.531609005667,48.352296268482476,4727.706428399172,25.61,65.2
2026-05-23 00:00:00,future,6865,4452.415486854519,54.13486517200942,4390.304155972048,24.22,68.6
2026-05-23 01:00:00,future,6866,3954.073658299764,52.970301668893356,4256.195541569048,23.59,69.9
2026-05-23 02:00:00,future,6867,3954.5697497228457,52.77445312095372,4211.344414893813,23.19,70.7
2026-05-23 03:00:00,future,6868,4573.4059163941065,53.76704351410586,4274.315136886407,23.05,70.9
2026-05-23 04:00:00,future,6869,5975.565295076313,56.24088887188613,4468.332537253396,23.19,70.7
2026-05-23 05:00:00,future,6870,8143.738565049415,60.1564650677067,4788.949866622802,23.59,69.9
2026-05-23 06:00:00,future,6871,11757.661303318022,66.66491024101502,5319.233173190542,24.22,68.6
2026-05-23 07:00:00,future,6872,14840.673788313356,72.36108151779747,5804.463475593848,25.05,66.9
2026-05-23 08:00:00,future,6873,16360.563889190336,75.44501137805115,6106.6484014365715,26.02,65.0
2026-05-23 09:00:00,future,6874,14496.50084919592,72.75424922226863,5985.269775508611,27.05,62.9
2026-05-23 10:00:00,future,6875,11743.872159560142,68.54432611423844,5752.024731570034,28.09,60.9
2026-05-23 11:00:00,future,6876,10284.307712428748,66.51294238309767,5674.221825606562,29.05,58.9
2026-05-23 12:00:00,future,6877,9762.277538067608,66.02570133778906,5701.037884502871,29.88,57.3
2026-05-23 13:00:00,future,6878,9814.916093219605,66.43070673749398,5779.594094449082,30.52,56.0
2026-05-23 14:00:00,future,6879,10544.338941824,67.8785209885799,5917.261109958724,30.92,55.2
2026-05-23 15:00:00,future,6880,12074.62559914491,70.56721430213193,6126.448213896034,31.05,54.9
2026-05-23 16:00:00,future,6881,14195.846439188348,74.14163035701134,6381.58378384442,30.92,55.2
2026-05-23 17:00:00,future,6882,17166.60066866526,79.0404041217829,6714.428225858932,30.52,56.0
2026-05-23 18:00:00,future,6883,18693.449384517517,81.34455419594332,6836.718311195006,29.88,57.3
2026-05-23 19:00:00,future,6884,17109.991581421236,78.22043705939099,6542.17014214067,29.05,58.9
2026-05-23 20:00:00,future,6885,14011.190086275932,72.43325696218989,6040.335004256461,28.09,60.9
2026-05-23 21:00:00,future,6886,11173.81719993021,67.05514245415411,5562.760070238411,27.05,62.9
2026-05-23 22:00:00,future,6887,8585.324163265277,62.108827129657556,5117.955347335035,26.02,65.0
2026-05-23 23:00:00,future,6888,6928.849912404033,58.79062650042334,4798.402493923528,25.05,66.9
2026-05-24 00:00:00,future,6889,5113.959738155295,45.76560382254579,4210.506514525737,23.94,69.2
2026-05-24 01:00:00,future,6890,4328.254942669863,44.423551152111365,4050.9943309227783,23.3,70.5
2026-05-24 02:00:00,future,6891,4246.447765363634,44.145671040650384,3998.5456953564,22.9,71.3
2026-05-24 03:00:00,future,6892,4907.0753289565855,44.993067985543355,4059.759717005088,22.76,71.6
2026-05-24 04:00:00,future,6893,6306.697398391774,46.96931505062924,4236.389464626971,22.9,71.3
2026-05-24 05:00:00,future,6894,8655.605299188408,50.35433580916488,4550.561617939334,23.3,70.5
2026-05-24 06:00:00,future,6895,12264.610874177528,55.56582071082705,5036.007362416044,23.94,69.2
2026-05-24 07:00:00,future,6896,15438.770791673574,60.255926700120895,5490.60473319974,24.76,67.6
2026-05-24 08:00:00,future,6897,16926.069985045546,62.696291402859806,5766.590578505899,25.73,65.6
2026-05-24 09:00:00,future,6898,15026.418954893505,60.519586722096115,5658.023502856508,26.76,63.6
2026-05-24 10:00:00,future,6899,12200.080759590845,57.076968959779634,5443.550926278072,27.8,61.5
2026-05-24 11:00:00,future,6900,10756.274911841374,55.496007916137295,5380.08272739166,28.76,59.6
2026-05-24 12:00:00,future,6901,10234.171383243887,55.12439989252727,5409.043215484757,29.59,57.9
2026-05-24 13:00:00,future,6902,10250.98140911694,55.412655452303305,5479.79099537405,30.23,56.6
2026-05-24 14:00:00,future,6903,11086.951844116353,56.72414262331347,5619.303367770941,30.63,55.9
2026-05-24 15:00:00,future,6904,12674.859211873949,58.9542972465427,5816.594439874802,30.76,55.6
2026-05-24 16:00:00,future,6905,14912.130496340833,61.966683437446505,6060.897868841758,30.63,55.9
2026-05-24 17:00:00,future,6906,17854.976490103312,65.83419603560532,6357.627749999981,30.23,56.6
2026-05-24 18:00:00,future,6907,19351.218254777516,67.61963074941382,6461.552949149837,29.59,57.9
2026-05-24 19:00:00,future,6908,17645.727684113917,64.93824333295285,6175.429751994921,28.76,59.6
2026-05-24 20:00:00,future,6909,14444.11604082816,60.15249761342819,5702.611673630886,27.8,61.5
2026-05-24 21:00:00,future,6910,11507.48889531594,55.69677029006183,5251.78361049002,26.76,63.6
2026-05-24 22:00:00,future,6911,8777.36775182427,51.52821066105279,4825.870569268844,25.73,65.6
2026-05-24 23:00:00,future,6912,6990.549272670987,48.67734432607891,4515.306974374762,24.76,67.6
2026-05-25 00:00:00,future,6913,5170.966972778529,45.40150218270974,4137.831166343444,23.93,68.6
2026-05-25 01:00:00,future,6914,4387.4955434789445,44.0805159433892,3982.675105427834,23.3,69.9
2026-05-25 02:00:00,future,6915,4357.19262754472,43.87519867839714,3937.0285651872146,22.9,70.7
2026-05-25 03:00:00,future,6916,4991.442947743902,44.677712197022764,3994.02941786496,22.76,71.0
2026-05-25 04:00:00,future,6917,6400.975403113262,46.64640763600501,4168.319499170747,22.9,70.7
2026-05-25 05:00:00,future,6918,8665.910448240094,49.881710595858515,4466.855024703254,23.3,69.9
2026-05-25 06:00:00,future,6919,12197.32099922746,54.9286865049295,4932.990027991176,23.93,68.6
2026-05-25 07:00:00,future,6920,15321.881578738414,59.50612024542465,5374.191217855526,24.76,67.0
2026-05-25 08:00:00,future,6921,16749.07697828306,61.83543447525239,5637.025477205021,25.72,65.0
2026-05-25 09:00:00,future,6922,14868.3573288624,59.71232142760718,5533.95284783955,26.76,63.0
2026-05-25 10:00:00,future,6923,12069.650375510571,56.34038395763301,5325.937944740472,27.79,60.9
2026-05-25 11:00:00,future,6924,10573.527782570029,54.71001426262729,5259.0014054047715,28.76,59.0
2026-05-25 12:00:00,future,6925,10117.686678852637,54.4327044682394,5295.015478884048,29.59,57.3
2026-05-25 13:00:00,future,6926,10207.626756836646,54.8133166540537,5371.685941471814,30.22,56.0
2026-05-25 14:00:00,future,6927,11160.840011562228,56.27002786780633,5521.776455305827,30.62,55.3
2026-05-25 15:00:00,future,6928,12828.08371033566,58.5881595163187,5725.23121834664,30.76,55.0
2026-05-25 16:00:00,future,6929,15148.568672525322,61.67707479954125,5973.059975987461,30.62,55.3
2026-05-25 17:00:00,future,6930,18021.85457011177,65.40879596418371,6256.0069519518665,30.22,56.0
2026-05-25 18:00:00,future,6931,19515.243055667168,67.17505298118684,6358.518712955334,29.59,57.3
2026-05-25 19:00:00,future,6932,17787.662398434415,64.49181431880548,6075.411032265457,28.76,59.0
2026-05-25 20:00:00,future,6933,14553.254139760553,59.70795563937573,5607.002567236176,27.79,60.9
2026-05-25 21:00:00,future,6934,11575.657994404824,55.24767968610901,5161.324448433555,26.76,63.0
2026-05-25 22:00:00,future,6935,8766.007141840742,51.011018639864,4733.596942334004,25.72,65.0
2026-05-25 23:00:00,future,6936,6813.089998990286,47.96886700790433,4411.267772626031,24.76,67.0
2026-05-26 00:00:00,future,6937,4989.832575305015,45.390960995103946,4167.649010845579,23.93,68.0
2026-05-26 01:00:00,future,6938,4252.352011235824,44.11221843424652,4014.062752615438,23.29,69.3
2026-05-26 02:00:00,future,6939,4237.2801895263865,43.92666848842249,3969.6527850102157,22.89,70.1
2026-05-26 03:00:00,future,6940,4866.643957217114,44.739350825502584,4028.59825199385,22.76,70.4
2026-05-26 04:00:00,future,6941,6267.282011730174,46.720723634641736,4204.506649881419,22.89,70.1
2026-05-26 05:00:00,future,6942,8485.470291414757,49.93860035465711,4503.798366486805,23.29,69.3
2026-05-26 06:00:00,future,6943,12043.36826210432,55.09931074591725,4983.682818762762,23.93,68.0
2026-05-26 07:00:00,future,6944,15228.293025232651,59.82495060303056,5440.683944049105,24.76,66.4
2026-05-26 08:00:00,future,6945,16681.18742272765,62.220219198429774,5711.170499034424,25.72,64.4
2026-05-26 09:00:00,future,6946,14807.105228935425,60.06926280039837,5605.287548078274,26.76,62.4
2026-05-26 10:00:00,future,6947,11964.188378007331,56.58070103148295,5386.252048623545,27.79,60.3
2026-05-26 11:00:00,future,6948,10416.687708473512,54.850404169038015,5310.685189292224,28.76,58.4
2026-05-26 12:00:00,future,6949,9951.99662708554,54.55278354403815,5345.456946602271,29.59,56.7
2026-05-26 13:00:00,future,6950,10046.44730050224,54.94235209722453,5423.583483879682,30.22,55.4
2026-05-26 14:00:00,future,6951,10995.712046562816,56.41370707006635,5576.071590341458,30.62,54.7
2026-05-26 15:00:00,future,6952,12670.771202097563,58.77690789617614,5784.794821909533,30.76,54.4
2026-05-26 16:00:00,future,6953,14978.16950210342,61.89508429177377,6036.807888648562,30.62,54.7
2026-05-26 17:00:00,future,6954,17876.748111310437,65.71982630319943,6329.482379342749,30.22,55.4
2026-05-26 18:00:00,future,6955,19398.594828271856,67.5548981380222,6438.347639195574,29.59,56.7
2026-05-26 19:00:00,future,6956,17700.49128788954,64.87569018234015,6153.359024792276,28.76,58.4
2026-05-26 20:00:00,future,6957,14454.300122741146,60.00804255351241,5674.336699984613,27.79,60.3
2026-05-26 21:00:00,future,6958,11468.316572328573,55.47381883276517,5219.018229787221,26.76,62.4
2026-05-26 22:00:00,future,6959,8653.86610088414,51.171569781305884,4782.478013945261,25.72,64.4
2026-05-26 23:00:00,future,6960,6692.140686258885,48.07595604019378,4453.1240581367965,24.76,66.4
2026-05-27 00:00:00,future,6961,4894.464381790582,45.28421315024261,4188.596451542265,23.93,69.4
2026-05-27 01:00:00,future,6962,4183.639142535467,44.04197984880683,4036.9754909291532,23.29,70.7
2026-05-27 02:00:00,future,6963,4200.365246549586,43.90008751289488,3995.9256424792816,22.89,71.5
2026-05-27 03:00:00,future,6964,4868.880452784506,44.766626483236166,4059.844243875988,22.76,71.8
2026-05-27 04:00:00,future,6965,6300.46351872964,46.79063660663334,4240.6221606337995,22.89,71.5
2026-05-27 05:00:00,future,6966,8486.257118697577,49.96404961880277,4538.302334373955,23.29,70.7
2026-05-27 06:00:00,future,6967,12047.08087040819,55.12898536062601,5021.995713683684,23.93,69.4
2026-05-27 07:00:00,future,6968,15229.901387561944,59.851976280586165,5482.069795374799,24.76,67.8
2026-05-27 08:00:00,future,6969,16694.341189537325,62.26340642545227,5755.898412220905,25.72,65.8
2026-05-27 09:00:00,future,6970,14826.920710228917,60.12188838292449,5650.109411489327,26.76,63.8
2026-05-27 10:00:00,future,6971,11972.93233331614,56.61834773075017,5428.2938080624845,27.79,61.7
2026-05-27 11:00:00,future,6972,10416.98057324853,54.87667141337081,5351.271338521145,28.76,59.8
2026-05-27 12:00:00,future,6973,9966.359300361652,54.59451547927492,5386.913809021411,29.58,58.1
2026-05-27 13:00:00,future,6974,10079.287397206226,55.013810603941685,5468.869768286503,30.22,56.8
2026-05-27 14:00:00,future,6975,11044.611731392031,56.50738492623874,5624.344892002273,30.62,56.1
2026-05-27 15:00:00,future,6976,12715.82929978461,58.86534784128647,5834.11919791277,30.76,55.8
2026-05-27 16:00:00,future,6977,15004.163276277097,61.9572623349741,6085.698767352564,30.62,56.1
2026-05-27 17:00:00,future,6978,17884.434114487874,65.75671729026264,6378.299698639896,30.22,56.8
2026-05-27 18:00:00,future,6979,19406.61862727002,67.58797078730896,6486.861663067425,29.58,58.1
2026-05-27 19:00:00,future,6980,17717.86338829838,64.925515547996,6201.9461035845625,28.76,59.8
2026-05-27 20:00:00,future,6981,14480.166636863116,60.06927378497928,5720.428472617322,27.79,61.7
2026-05-27 21:00:00,future,6982,11493.15789038403,55.53333877774895,5261.670372623678,26.76,63.8
2026-05-27 22:00:00,future,6983,8672.209310456412,51.22184406615536,4821.1860870925475,25.72,65.8
2026-05-27 23:00:00,future,6984,6707.84390421486,48.1223225488564,4489.107789114501,24.76,67.8
2026-05-28 00:00:00,future,6985,5213.552829871476,44.94470108635975,4224.858278337487,23.93,69.2
2026-05-28 01:00:00,future,6986,4596.568310343059,43.924702675477995,4089.9669443654793,23.29,70.4
2026-05-28 02:00:00,future,6987,4641.7133234986595,43.815080618054644,4051.044774701231,22.89,71.2
2026-05-28 03:00:00,future,6988,5489.2004254681915,44.800029831528235,4126.140464501241,22.76,71.5
2026-05-28 04:00:00,future,6989,7090.618816699252,46.816101481499786,4309.061485158194,22.89,71.2
2026-05-28 05:00:00,future,6990,9525.72746899564,49.9651601432854,4609.303209062314,23.29,70.4
2026-05-28 06:00:00,future,6991,13524.68589026762,55.129611766812246,5100.519351566941,23.93,69.2
2026-05-28 07:00:00,future,6992,17013.33313515252,59.74704951901985,5558.716460917991,24.76,67.5
2026-05-28 08:00:00,future,6993,18741.68501138194,62.260933579036475,5845.644391168544,25.72,65.6
2026-05-28 09:00:00,future,6994,16680.859516497563,60.16434437237824,5742.080280500958,26.76,63.5
2026-05-28 10:00:00,future,6995,13414.192134478584,56.58592785510854,5510.376688749632,27.79,61.4
2026-05-28 11:00:00,future,6996,11646.089959985504,54.81919218366671,5430.010146895574,28.76,59.5
2026-05-28 12:00:00,future,6997,11151.31882689537,54.55513422551505,5468.514250896848,29.59,57.8
2026-05-28 13:00:00,future,6998,11296.543499968577,54.99288904825888,5552.608995892437,30.22,56.6
2026-05-28 14:00:00,future,6999,12436.708424409491,56.555053828238265,5716.415433985884,30.62,55.8
2026-05-28 15:00:00,future,7000,14339.08583212622,58.94406051783269,5932.137466242173,30.76,55.5
2026-05-28 16:00:00,future,7001,16907.162416074512,62.03338924596172,6187.4225171016615,30.62,55.8
2026-05-28 17:00:00,future,7002,20075.778330872337,65.75143688351763,6477.589276956082,30.22,56.6
2026-05-28 18:00:00,future,7003,21819.575550216887,67.62859136470175,6592.521899907557,29.59,57.8
2026-05-28 19:00:00,future,7004,20028.856742809683,65.09188669086535,6313.218549930112,28.76,59.5
2026-05-28 20:00:00,future,7005,16412.67137818342,60.26042603151829,5826.296495774555,27.79,61.4
2026-05-28 21:00:00,future,7006,13074.240436670636,55.74459884315647,5362.086853465085,26.76,63.5
2026-05-28 22:00:00,future,7007,9860.773417908416,51.37778555538883,4909.951445250742,25.72,65.6
2026-05-28 23:00:00,future,7008,7548.39119978049,48.14819921703243,4561.490071573277,24.76,67.5
2026-05-29 00:00:00,future,7009,4887.182474612931,46.283546255700074,4473.400762811551,24.77,66.7
2026-05-29 01:00:00,future,7010,3963.2860540018055,44.56406044001752,4274.186348748827,24.13,68.0
2026-05-29 02:00:00,future,7011,3511.5876547666917,43.68861657409109,4167.309670620262,23.73,68.8
2026-05-29 03:00:00,future,7012,3834.2307510861897,44.14795061985385,4198.405967647256,23.6,69.0
2026-05-29 04:00:00,future,7013,5013.054682599881,46.06774730463196,4377.863380510453,23.73,68.8
2026-05-29 05:00:00,future,7014,7435.507214508005,50.06592489195696,4761.10283332782,24.13,68.0
2026-05-29 06:00:00,future,7015,10797.619325473031,55.6488547720618,5302.233086766222,24.77,66.7
2026-05-29 07:00:00,future,7016,13867.660117479005,60.8448493581034,5823.084301247034,25.6,65.0
2026-05-29 08:00:00,future,7017,15103.333194693172,63.18612563136108,6100.847066458237,26.56,63.1
2026-05-29 09:00:00,future,7018,13132.848478418517,60.47906698845283,5937.710765135177,27.6,61.0
2026-05-29 10:00:00,future,7019,10625.594204774658,56.917484110717545,5698.213847562514,28.63,59.0
2026-05-29 11:00:00,future,7020,9314.816827383424,55.227807053508485,5619.9711497856115,29.6,57.0
2026-05-29 12:00:00,future,7021,8731.885001261395,54.63552973446884,5628.55874301054,30.43,55.4
2026-05-29 13:00:00,future,7022,8619.505023738788,54.709004021265514,5681.365702305816,31.06,54.1
2026-05-29 14:00:00,future,7023,9248.142682062102,55.86481476900312,5813.054924922958,31.46,53.3
2026-05-29 15:00:00,future,7024,10706.018108520291,58.23077176801326,6032.732637170097,31.6,53.0
2026-05-29 16:00:00,future,7025,12819.754179007106,61.5241669308669,6313.909114211075,31.46,53.3
2026-05-29 17:00:00,future,7026,15421.021213085474,65.48626111741248,6635.155855534706,31.06,54.1
2026-05-29 18:00:00,future,7027,16598.52789550329,67.10051997996972,6731.713734135634,30.43,55.4
2026-05-29 19:00:00,future,7028,14893.2024829788,64.06696801676196,6402.239273700968,29.6,57.0
2026-05-29 20:00:00,future,7029,12094.495439793704,59.24501312306394,5904.200791506185,28.63,59.0
2026-05-29 21:00:00,future,7030,9638.997225195291,54.942928844628334,5447.761049601115,27.6,61.0
2026-05-29 22:00:00,future,7031,7427.76051409482,51.023893294321496,5024.486231705805,26.56,63.1
2026-05-29 23:00:00,future,7032,5972.105712217106,48.334047740751544,4715.8749913850315,25.6,65.0
2026-05-30 00:00:00,future,7033,4517.176072060081,54.1464768709858,4381.019437634619,24.21,68.4
2026-05-30 01:00:00,future,7034,4019.016405630865,52.988355654839744,4247.713214608795,23.58,69.7
2026-05-30 02:00:00,future,7035,4019.609271290841,52.7927743269638,4202.998719547065,23.18,70.5
2026-05-30 03:00:00,future,7036,4638.629408436609,53.77831315942793,4265.312989015899,23.04,70.7
2026-05-30 04:00:00,future,7037,6041.053712275589,56.235798519469554,4457.6809586070485,23.18,70.5
2026-05-30 05:00:00,future,7038,8209.629864689217,60.126015848928155,4775.689545369567,23.58,69.7
2026-05-30 06:00:00,future,7039,11823.529818401175,66.59102008850937,5301.548586868108,24.21,68.4
2026-05-30 07:00:00,future,7040,14906.347530373328,72.24975433912978,5782.891052638459,25.04,66.7
2026-05-30 08:00:00,future,7041,16426.062366820297,75.31494132427471,6082.974052726112,26.01,64.8
2026-05-30 09:00:00,future,7042,14561.87672897092,72.64599025585704,5963.437050711427,27.04,62.7
2026-05-30 10:00:00,future,7043,11809.365008723556,68.46891302787259,5733.099375849311,28.08,60.7
2026-05-30 11:00:00,future,7044,10349.924501229514,66.45494044512449,5656.718195389224,29.04,58.7
2026-05-30 12:00:00,future,7045,9827.910740545656,65.97374736525914,5683.887134410214,29.87,57.1
2026-05-30 13:00:00,future,7046,9880.580514507532,66.37308815381421,5761.065985843819,30.5,55.8
2026-05-30 14:00:00,future,7047,10610.096725623278,67.812227386889,5897.7670874435335,30.9,55.0
2026-05-30 15:00:00,future,7048,12140.417332926423,70.4875520592714,6106.248741028829,31.04,54.7
2026-05-30 16:00:00,future,7049,14261.71903056854,74.0318511781298,6357.835801660478,30.9,55.0
2026-05-30 17:00:00,future,7050,17232.268197991234,78.89484637619216,6687.306767998201,30.5,55.8
2026-05-30 18:00:00,future,7051,18758.96820427908,81.18556634422325,6809.11306984525,29.87,57.1
2026-05-30 19:00:00,future,7052,17175.438215172027,78.08049312760913,6516.666200962249,29.04,58.7
2026-05-30 20:00:00,future,7053,14076.73007515697,72.33080139774027,6018.765209734087,28.08,60.7
2026-05-30 21:00:00,future,7054,11239.430207251304,66.9870349461506,5544.84126734357,27.04,62.7
2026-05-30 22:00:00,future,7055,8650.97064482393,62.0720203935645,5103.388500678913,26.01,64.8
2026-05-30 23:00:00,future,7056,6994.461941933326,58.77383932656274,4786.070810639274,25.04,66.7
2026-05-31 00:00:00,future,7057,5179.766348275993,45.75738871855757,4199.332880939098,23.92,69.0
2026-05-31 01:00:00,future,7058,4394.144534774444,44.4273037400239,4041.9384373944836,23.29,70.3
2026-05-31 02:00:00,future,7059,4312.432437811391,44.150459240808615,3989.71466188913,22.89,71.1
2026-05-31 03:00:00,future,7060,4973.424333837953,44.9920757925209,4050.314803199927,22.75,71.4
2026-05-31 04:00:00,future,7061,6373.28728263251,46.95521872603341,4225.444292131829,22.89,71.1
2026-05-31 05:00:00,future,7062,8722.039856146524,50.31743495629207,4536.982116186279,23.29,70.3
2026-05-31 06:00:00,future,7063,12331.09825363154,55.49012950034595,5017.333639230542,23.92,69.0
2026-05-31 07:00:00,future,7064,15505.229395850492,60.15371998352952,5469.374865684943,24.75,67.4
2026-05-31 08:00:00,future,7065,16992.676094711303,62.57975819042419,5743.492731518479,25.72,65.4
2026-05-31 09:00:00,future,7066,15093.162032446053,60.42109344634299,5636.626725011077,26.75,63.4
2026-05-31 10:00:00,future,7067,12266.739660715812,57.00507618143487,5424.80880394086,27.79,61.3
2026-05-31 11:00:00,future,7068,10822.817038248362,55.43747079519322,5362.551839968899,28.75,59.4
2026-05-31 12:00:00,future,7069,10300.704470326677,55.07058830170322,5391.80047369512,29.58,57.7
2026-05-31 13:00:00,future,7070,10317.57447228577,55.3585668446997,5462.333637672125,30.22,56.4
2026-05-31 14:00:00,future,7071,11153.641778372566,56.662065372138024,5600.84387579044,30.62,55.7
2026-05-31 15:00:00,future,7072,12741.570073399838,58.877018483490566,5796.4131755007265,30.75,55.4
2026-05-31 16:00:00,future,7073,14978.730246650506,61.86789206594273,6038.374297954177,30.62,55.7
2026-05-31 17:00:00,future,7074,17921.513885647895,65.70729239822275,6332.105630980716,30.22,56.4
2026-05-31 18:00:00,future,7075,19417.77463536319,67.47863784828141,6434.651009385,29.58,57.7
2026-05-31 19:00:00,future,7076,17712.375406233034,64.81394591675479,6150.609791115613,28.75,59.4
2026-05-31 20:00:00,future,7077,14510.832069173135,60.059216303995505,5681.497951653254,27.79,61.3
2026-05-31 21:00:00,future,7078,11574.201777636878,55.63189775038809,5234.112592689002,26.75,63.4
2026-05-31 22:00:00,future,7079,8844.036903111743,51.4897131434635,4811.415584773264,25.72,65.4
2026-05-31 23:00:00,future,7080,7057.156665666937,48.656155183468144,4503.047195420302,24.75,67.4
2026-06-01 00:00:00,future,7081,5464.089891736894,33.578191546867934,3467.8377648176124,22.01,78.7
2026-06-01 01:00:00,future,7082,4938.754100044318,32.943007172682975,3376.618085911022,21.53,79.9
2026-06-01 02:00:00,future,7083,4729.799293774671,32.65347186996027,3329.681638108317,21.23,80.7
2026-06-01 03:00:00,future,7084,5324.534649779323,33.15498001222995,3370.1113839763575,21.13,81.0
2026-06-01 04:00:00,future,7085,6774.70949536752,34.49411157472319,3502.2750422318113,21.23,80.7
2026-06-01 05:00:00,future,7086,9530.823018121631,37.0763644081435,3764.1954014935354,21.53,79.9
2026-06-01 06:00:00,future,7087,14024.110764752742,41.283133446125696,4190.316013833715,22.01,78.7
2026-06-01 07:00:00,future,7088,17720.012418694525,44.81951395072836,4562.8095768141475,22.63,77.0
2026-06-01 08:00:00,future,7089,19312.265201262224,46.49620142783802,4767.518892030708,23.35,75.1
2026-06-01 09:00:00,future,7090,16888.678618086327,44.57849109591689,4639.145577949896,24.13,73.0
2026-06-01 10:00:00,future,7091,13610.007791565298,41.891112732611184,4438.601906336343,24.91,70.9
2026-06-01 11:00:00,future,7092,12063.951439859033,40.742983553289996,4378.433352463941,25.63,69.0
2026-06-01 12:00:00,future,7093,11498.865178702436,40.44401542892306,4391.293319493287,26.25,67.3
2026-06-01 13:00:00,future,7094,11391.243897996934,40.50947017979306,4429.0904981335425,26.73,66.1
2026-06-01 14:00:00,future,7095,12243.541186542374,41.37808309468436,4530.3259899464665,27.03,65.3
2026-06-01 15:00:00,future,7096,13856.427325370696,42.863672367896534,4676.222718714148,27.13,65.0
2026-06-01 16:00:00,future,7097,16256.641233151737,44.99030590976025,4869.0374881789785,27.03,65.3
2026-06-01 17:00:00,future,7098,19463.792935958045,47.77563485848804,5110.4254131485295,26.73,66.1
2026-06-01 18:00:00,future,7099,21089.06919932224,49.07623325608243,5200.720528995344,26.25,67.3
2026-06-01 19:00:00,future,7100,19532.58209061317,47.46555655687685,5008.796674604272,25.63,69.0
2026-06-01 20:00:00,future,7101,16251.06405657152,44.268348182899786,4661.510907868071,24.91,70.9
2026-06-01 21:00:00,future,7102,13260.46669988248,41.31270910278185,4332.919199228491,24.13,73.0
2026-06-01 22:00:00,future,7103,10596.398343400186,38.65098133577143,4031.887014545918,23.35,75.1
2026-06-01 23:00:00,future,7104,8790.580597497534,36.782062360792395,3809.1525048759386,22.63,77.0
2026-06-02 00:00:00,future,7105,6568.395927146903,37.21032623691615,3857.2137922922875,22.31,73.5
2026-06-02 01:00:00,future,7106,5515.667359552807,35.9912067081881,3708.4924971303058,21.83,74.8
2026-06-02 02:00:00,future,7107,4962.077813353986,35.33311116613988,3625.3423480753017,21.53,75.6
2026-06-02 03:00:00,future,7108,5398.197298369858,35.731352634824006,3655.908832375207,21.43,75.8
2026-06-02 04:00:00,future,7109,6749.815687805649,37.112084796736234,3793.223113562845,21.53,75.6
2026-06-02 05:00:00,future,7110,9511.092541124872,39.967044633094986,4083.6901407648684,21.83,74.8
2026-06-02 06:00:00,future,7111,13509.891572372822,44.11779174750951,4509.067522753981,22.31,73.5
2026-06-02 07:00:00,future,7112,17089.614934288362,47.90155364295055,4909.634193421714,22.93,71.8
2026-06-02 08:00:00,future,7113,18509.162160038624,49.571469470241375,5117.733715002416,23.65,69.9
2026-06-02 09:00:00,future,7114,16255.047680594667,47.607177413934195,4987.084239274997,24.43,67.8
2026-06-02 10:00:00,future,7115,13200.362334642075,44.84266522911954,4780.216894599674,25.2,65.8
2026-06-02 11:00:00,future,7116,11611.86740668162,43.522859589484376,4706.879576114319,25.93,63.8
2026-06-02 12:00:00,future,7117,10937.5397028946,43.07342556887629,4707.961870722561,26.55,62.2
2026-06-02 13:00:00,future,7118,10860.985598081286,43.16879864438432,4750.635829636368,27.03,60.9
2026-06-02 14:00:00,future,7119,11695.541448383825,44.10648307540203,4860.170628747301,27.33,60.1
2026-06-02 15:00:00,future,7120,13417.819538682956,45.85605780824366,5032.292380988494,27.43,59.8
2026-06-02 16:00:00,future,7121,15884.375235407324,48.27478143533441,5253.530658042023,27.33,60.1
2026-06-02 17:00:00,future,7122,19032.335283546698,51.30008893283527,5517.981232934428,27.03,60.9
2026-06-02 18:00:00,future,7123,20577.77125912052,52.66639665062894,5613.245288535018,26.55,62.2
2026-06-02 19:00:00,future,7124,18808.53860274112,50.68424967290978,5382.696029198749,25.93,63.8
2026-06-02 20:00:00,future,7125,15417.483311090731,47.048916944938874,4988.419658564081,25.2,65.8
2026-06-02 21:00:00,future,7126,12317.7572151321,43.68918920427862,4617.345841529521,24.43,67.8
2026-06-02 22:00:00,future,7127,9468.699271075584,40.57532673718937,4268.772661007651,23.65,69.9
2026-06-02 23:00:00,future,7128,7506.087150091563,38.36500834745928,4009.6756461008013,22.93,71.8
2026-06-03 00:00:00,future,7129,5481.740960907173,36.06862272343792,3820.213660701692,22.32,80.5
2026-06-03 01:00:00,future,7130,4820.997746002555,35.235582352869294,3705.9016686387213,21.84,81.8
2026-06-03 02:00:00,future,7131,4752.672739145997,35.060280669052894,3667.670354743387,21.54,82.6
2026-06-03 03:00:00,future,7132,5404.622444336157,35.6779596292468,3719.9513154742235,21.44,82.8
2026-06-03 04:00:00,future,7133,6886.443769192456,37.19844162066577,3873.306650410855,21.54,82.6
2026-06-03 05:00:00,future,7134,9213.65635839414,39.637278217386296,4129.232022488516,21.84,81.8
2026-06-03 06:00:00,future,7135,12939.437602511587,43.54166248427198,4538.928597776201,22.32,80.5
2026-06-03 07:00:00,future,7136,16407.799975877555,47.237955129279925,4938.585590256876,22.94,78.8
2026-06-03 08:00:00,future,7137,18013.087883649507,49.10295234177235,5169.242814874359,23.66,76.9
2026-06-03 09:00:00,future,7138,16017.703904137845,47.38123703326849,5059.224557054834,24.44,74.8
2026-06-03 10:00:00,future,7139,12968.420240847609,44.599892593041226,4846.584735728935,25.21,72.8
2026-06-03 11:00:00,future,7140,11277.538034726773,43.165499507712696,4760.637549513553,25.94,70.8
2026-06-03 12:00:00,future,7141,10800.693082010108,42.90846814003909,4780.086071285856,26.56,69.2
2026-06-03 13:00:00,future,7142,11045.737253993591,43.32139302414452,4853.281325726073,27.03,67.9
2026-06-03 14:00:00,future,7143,12101.582571233372,44.48624669683578,4986.682184836938,27.33,67.1
2026-06-03 15:00:00,future,7144,13820.50386303694,46.24787765728746,5163.942264227543,27.44,66.8
2026-06-03 16:00:00,future,7145,16183.057536593496,48.57611869951665,5380.023073300445,27.33,67.1
2026-06-03 17:00:00,future,7146,19095.1443104559,51.38736055740422,5629.020721426113,27.03,67.9
2026-06-03 18:00:00,future,7147,20629.90854039644,52.75790577049266,5727.349590997234,26.56,69.2
2026-06-03 19:00:00,future,7148,18971.863661245483,50.875655082961266,5502.156952118868,25.94,70.8
2026-06-03 20:00:00,future,7149,15658.49533858624,47.295502126537286,5105.833301004578,25.21,72.8
2026-06-03 21:00:00,future,7150,12496.916147446876,43.85320577111878,4719.9183513175,24.44,74.8
2026-06-03 22:00:00,future,7151,9497.63737376352,40.56998253890005,4348.589767225435,23.66,76.9
2026-06-03 23:00:00,future,7152,7324.41045758212,38.13587786661969,4063.1989876904727,22.94,78.8
2026-06-04 00:00:00,future,7153,5419.258892192607,35.93975071805015,3812.499133824902,22.31,77.5
2026-06-04 01:00:00,future,7154,4757.23299487369,35.110461586567574,3699.140600249926,21.84,78.8
2026-06-04 02:00:00,future,7155,4747.0273159977205,34.99359952973239,3666.515262686987,21.54,79.6
2026-06-04 03:00:00,future,7156,5396.22090093334,35.60741093867875,3718.517562570707,21.44,79.8
2026-06-04 04:00:00,future,7157,6860.922018147814,37.10804473584821,3870.188492841874,21.54,79.6
2026-06-04 05:00:00,future,7158,9131.94456620311,39.48631242754296,4120.642974905747,21.84,78.8
2026-06-04 06:00:00,future,7159,12929.369645421331,43.45181726678206,4536.096441853178,22.31,77.5
2026-06-04 07:00:00,future,7160,16449.19549630201,47.19653256892768,4941.679037580099,22.94,75.8
2026-06-04 08:00:00,future,7161,18088.28301864438,49.09201587359272,5175.545568790643,23.66,73.9
2026-06-04 09:00:00,future,7162,16071.66036125767,47.35216771645399,5063.513735649218,24.44,71.8
2026-06-04 10:00:00,future,7163,12960.516170670544,44.513957864995135,4844.970290205826,25.21,69.8
2026-06-04 11:00:00,future,7164,11241.050892314955,43.05356885307532,4756.2958263285755,25.94,67.8
2026-06-04 12:00:00,future,7165,10792.388686643006,42.82520749441808,4778.460848178063,26.56,66.2
2026-06-04 13:00:00,future,7166,11036.56557205119,43.236538797056944,4851.559733111919,27.03,64.9
2026-06-04 14:00:00,future,7167,12092.155352535525,44.399057196162744,4984.9075695347,27.33,64.1
2026-06-04 15:00:00,future,7168,13807.633447524116,46.154088402868936,5161.795533501587,27.44,63.8
2026-06-04 16:00:00,future,7169,16165.13018209529,48.47309271658553,5377.337683973336,27.33,64.1
2026-06-04 17:00:00,future,7170,19111.99324362002,51.31406948489882,5629.625185983184,27.03,64.9
2026-06-04 18:00:00,future,7171,20688.322584583628,52.723718507883824,5731.931624344328,26.56,66.2
2026-06-04 19:00:00,future,7172,19040.40886709402,50.85495794959894,5507.762032399201,25.94,67.8
2026-06-04 20:00:00,future,7173,15699.785624044827,47.253940683465494,5108.898222503437,25.21,69.8
2026-06-04 21:00:00,future,7174,12509.968318548668,43.789548131993634,4720.345590888906,24.44,71.8
2026-06-04 22:00:00,future,7175,9497.713422944324,40.49920910750501,4347.846319321425,23.66,73.9
2026-06-04 23:00:00,future,7176,7330.53258546377,38.07549496076443,4063.0981282022794,22.94,75.8
2026-06-05 00:00:00,future,7177,5400.154099081983,35.87321815112003,3790.5112625419083,22.31,74.5
2026-06-05 01:00:00,future,7178,4724.422686581449,35.02525297676903,3675.168862592479,21.83,75.8
2026-06-05 02:00:00,future,7179,4700.728075146106,34.895027777266016,3641.4307785946444,21.53,76.6
2026-06-05 03:00:00,future,7180,5337.561178073394,35.4981548450259,3692.2111150050628,21.43,76.8
2026-06-05 04:00:00,future,7181,6798.732291350952,36.998902868735144,3843.2692385657947,21.53,76.6
2026-06-05 05:00:00,future,7182,9092.70608812028,39.40576020835138,4095.4194930125886,21.83,75.8
2026-06-05 06:00:00,future,7183,12888.484532670216,43.382503287074336,4510.925964665162,22.31,74.5
2026-06-05 07:00:00,future,7184,16397.735368381305,47.12160029475637,4913.547706588087,22.93,72.8
2026-06-05 08:00:00,future,7185,18009.434595110197,48.993323841960986,5144.101709647441,23.65,70.9
2026-06-05 09:00:00,future,7186,15980.582015301854,47.23560103095552,5030.708196879814,24.43,68.8
2026-06-05 10:00:00,future,7187,12885.853266819922,44.40547058528223,4813.72346727251,25.2,66.8
2026-06-05 11:00:00,future,7188,11186.949291489866,42.96087563148056,4726.829563674416,25.93,64.8
2026-06-05 12:00:00,future,7189,10743.809175235698,42.73652165495552,4749.211601221703,26.55,63.2
2026-06-05 13:00:00,future,7190,10982.430013571542,43.146153082358005,4822.501785810907,27.03,61.9
2026-06-05 14:00:00,future,7191,12037.369158544832,44.31050856175573,4955.450732635074,27.33,61.1
2026-06-05 15:00:00,future,7192,13752.080780039134,46.06550657971929,5130.900716480692,27.43,60.8
2026-06-05 16:00:00,future,7193,16123.224558098294,48.40779746902734,5348.530381923137,27.33,61.1
2026-06-05 17:00:00,future,7194,19065.961566750095,51.25230489772529,5600.177801530817,27.03,61.9
2026-06-05 18:00:00,future,7195,20633.07161853184,52.65345736306779,5700.607926542784,26.55,63.2
2026-06-05 19:00:00,future,7196,18968.606997486833,50.7643088617536,5475.463811055598,25.93,64.8
2026-06-05 20:00:00,future,7197,15625.99299607649,47.153278086811575,5077.338563365772,25.2,66.8
2026-06-05 21:00:00,future,7198,12439.544962002496,43.68465504292402,4690.04278733569,24.43,68.8
2026-06-05 22:00:00,future,7199,9432.808207934348,40.392697358255994,4318.987513801381,23.65,70.9
2026-06-05 23:00:00,future,7200,7272.2768467164915,37.97060587173525,4035.633124569155,22.93,72.8
2026-06-06 00:00:00,future,7201,5386.218378486525,35.84634940378011,3775.3795998450387,22.31,81.5
2026-06-06 01:00:00,future,7202,4726.8780507732245,35.017262605310805,3662.218902033298,21.83,82.8
2026-06-06 02:00:00,future,7203,4723.992906556515,34.907890144976264,3630.582112864122,21.53,83.6
2026-06-06 03:00:00,future,7204,5384.241261366084,35.53200321962115,3683.197917368155,21.43,83.8
2026-06-06 04:00:00,future,7205,6858.635432603833,37.04046809078942,3834.4916093492707,21.53,83.6
2026-06-06 05:00:00,future,7206,9125.702851702345,39.41183295771906,4082.4120441350487,21.83,82.8
2026-06-06 06:00:00,future,7207,12928.52846111829,43.381364726691466,4495.850888371318,22.31,81.5
2026-06-06 07:00:00,future,7208,16439.42591913771,47.10894607394686,4896.038822458023,22.93,79.8
2026-06-06 08:00:00,future,7209,18073.32731516808,48.99684345153053,5127.382398878754,23.65,77.9
2026-06-06 09:00:00,future,7210,16053.966062921443,47.25630955902971,5016.024116434134,24.43,75.8
2026-06-06 10:00:00,future,7211,12945.028244098172,44.423703244700256,4799.539798173591,25.2,73.8
2026-06-06 11:00:00,future,7212,11232.930321551445,42.9723871523361,4712.3056593947895,25.93,71.8
2026-06-06 12:00:00,future,7213,10791.101759074138,42.75106547049187,4734.913571183481,26.55,70.2
2026-06-06 13:00:00,future,7214,11036.493292654864,43.16660383717869,4808.53224303432,27.03,68.9
2026-06-06 14:00:00,future,7215,12099.040269742783,44.33461324830309,4941.392121385271,27.33,68.1
2026-06-06 15:00:00,future,7216,13814.028956153415,46.08343993681572,5115.66835299415,27.43,67.8
2026-06-06 16:00:00,future,7217,16172.74136603873,48.40437434871652,5330.528161373584,27.33,68.1
2026-06-06 17:00:00,future,7218,19113.78071947185,51.23607908572061,5580.106683283978,27.03,68.9
2026-06-06 18:00:00,future,7219,20686.38975787536,52.6367829600559,5680.150616164175,26.55,70.2
2026-06-06 19:00:00,future,7220,19032.12053492306,50.76403415706247,5457.315153956527,25.93,71.8
2026-06-06 20:00:00,future,7221,15694.319611386083,47.1703355566449,5062.162982877361,25.2,73.8
2026-06-06 21:00:00,future,7222,12506.338530375016,43.71211321535565,4677.140703848005,24.43,75.8
2026-06-06 22:00:00,future,7223,9493.835980316477,40.425650015747706,4307.835455144013,23.65,77.9
2026-06-06 23:00:00,future,7224,7327.0387500107245,38.005372209251796,4025.5875610587523,22.93,79.8
2026-06-07 00:00:00,future,7225,5520.2719510008155,36.65353162982542,3787.535653887793,22.62,78.2
2026-06-07 01:00:00,future,7226,4913.241238996763,35.888642891039225,3682.1824720463546,22.14,79.4
2026-06-07 02:00:00,future,7227,4884.438930537477,35.752644760588915,3648.398828874719,21.84,80.2
2026-06-07 03:00:00,future,7228,5585.741682702766,36.400909851058806,3702.1506894086274,21.74,80.5
2026-06-07 04:00:00,future,7229,7097.057882392628,37.911401317387494,3850.7457821743797,21.84,80.2
2026-06-07 05:00:00,future,7230,9457.959072611411,40.32272740156423,4097.802977541673,22.14,79.4
2026-06-07 06:00:00,future,7231,13573.435786030204,44.510655070473284,4524.008224130824,22.62,78.2
2026-06-07 07:00:00,future,7232,17364.786907189744,48.432699342844685,4935.10824884932,23.24,76.5
2026-06-07 08:00:00,future,7233,19212.824314624697,50.494702179508906,5178.872854588117,23.96,74.6
2026-06-07 09:00:00,future,7234,17098.67813025954,48.71255334822147,5066.520414688261,24.74,72.5
2026-06-07 10:00:00,future,7235,13723.329855052136,45.69630765189629,4837.791040859567,25.51,70.4
2026-06-07 11:00:00,future,7236,11862.319389647164,44.14314955933114,4743.396594362209,26.24,68.5
2026-06-07 12:00:00,future,7237,11330.655684678077,43.847415351039196,4759.151149223384,26.86,66.8
2026-06-07 13:00:00,future,7238,11501.648523757563,44.18328424194498,4823.5897650812385,27.33,65.6
2026-06-07 14:00:00,future,7239,12500.65043708382,45.26586413996711,4946.09945571476,27.63,64.8
2026-06-07 15:00:00,future,7240,14340.722919433654,47.10070544933271,5125.798069992574,27.74,64.5
2026-06-07 16:00:00,future,7241,16822.952066410697,49.48294678537572,5341.379702773634,27.63,64.8
2026-06-07 17:00:00,future,7242,20113.439174421925,52.58543569116358,5611.149502448305,27.33,65.6
2026-06-07 18:00:00,future,7243,21869.1908323502,54.129408023123425,5722.914239829163,26.86,66.8
2026-06-07 19:00:00,future,7244,20142.416639334057,52.221682111763855,5500.62252795293,26.24,68.5
2026-06-07 20:00:00,future,7245,16558.201309004973,48.46216904604673,5097.0438151443495,25.51,70.4
2026-06-07 21:00:00,future,7246,13187.227956706773,44.89632068797591,4708.813081060738,24.74,72.5
2026-06-07 22:00:00,future,7247,10007.647802788106,41.51360982524062,4337.047189037339,23.96,74.6
2026-06-07 23:00:00,future,7248,7729.224276623603,39.031697878160664,4053.9231988937518,23.24,76.5
2026-06-08 00:00:00,future,7249,5559.469715164367,33.56234973921201,3435.121468136775,21.92,77.7
2026-06-08 01:00:00,future,7250,4846.712670731838,32.74860110182241,3328.8002251027256,21.45,78.9
2026-06-08 02:00:00,future,7251,4687.733848318458,32.501339708698694,3286.2483140260774,21.15,79.7
2026-06-08 03:00:00,future,7252,5281.306952511404,33.013449683715876,3327.361174080797,21.05,80.0
2026-06-08 04:00:00,future,7253,6780.011702317897,34.425231137103204,3465.188013328112,21.15,79.7
2026-06-08 05:00:00,future,7254,9345.916920343278,36.88570960006631,3713.589584692306,21.45,78.9
2026-06-08 06:00:00,future,7255,13409.64597969874,40.78074417852258,4106.498922884774,21.92,77.7
2026-06-08 07:00:00,future,7256,17064.432127272365,44.353655380774605,4479.8767749917615,22.55,76.0
2026-06-08 08:00:00,future,7257,18562.17834723573,45.973448283432035,4677.462852706977,23.27,74.1
2026-06-08 09:00:00,future,7258,16349.2949270832,44.20145828479417,4563.492608648339,24.05,72.0
2026-06-08 10:00:00,future,7259,13228.759099964933,41.591494463914955,4370.931237184708,24.82,69.9
2026-06-08 11:00:00,future,7260,11573.44867519037,40.315357815089385,4299.820889040447,25.55,68.0
2026-06-08 12:00:00,future,7261,11052.562553045089,40.04528542080637,4315.113907666878,26.17,66.3
2026-06-08 13:00:00,future,7262,11105.659640795257,40.25246350453029,4365.018478285885,26.64,65.1
2026-06-08 14:00:00,future,7263,12038.104502981643,41.210942426070126,4473.720198439159,26.94,64.3
2026-06-08 15:00:00,future,7264,13769.33342404247,42.83990375538992,4632.3985855907895,27.05,64.0
2026-06-08 16:00:00,future,7265,16160.440610852926,45.00151311331217,4826.278336047112,26.94,64.3
2026-06-08 17:00:00,future,7266,19198.6986440416,47.694175100495585,5057.166494340412,26.64,65.1
2026-06-08 18:00:00,future,7267,20740.82016807932,48.95383250794869,5143.691192983466,26.17,66.3
2026-06-08 19:00:00,future,7268,19155.18365612419,47.28691511297449,4948.240206332699,25.55,68.0
2026-06-08 20:00:00,future,7269,15840.563559490613,43.99310102049397,4594.302862387296,24.82,69.9
2026-06-08 21:00:00,future,7270,12743.774382909063,40.88610986841943,4255.134538151838,24.05,72.0
2026-06-08 22:00:00,future,7271,9818.445849616464,37.93341097563565,3929.665010794802,23.27,74.1
2026-06-08 23:00:00,future,7272,7737.332796834307,35.777200576071586,3682.1871438758544,22.55,76.0
2026-06-09 00:00:00,future,7273,5611.500214801577,36.265731904941894,3784.9913582370414,22.28,72.5
2026-06-09 01:00:00,future,7274,4852.799357841173,35.32774395707033,3662.98134885544,21.81,73.8
2026-06-09 02:00:00,future,7275,4632.706122711075,34.99728700850098,3610.5426703129606,21.51,74.6
2026-06-09 03:00:00,future,7276,5167.396933264585,35.501003117637474,3650.575370021192,21.4,74.8
2026-06-09 04:00:00,future,7277,6573.146417686992,36.967657261554386,3797.4007580069465,21.51,74.6
2026-06-09 05:00:00,future,7278,9147.048922916532,39.688229370674364,4076.5036117605546,21.81,73.8
2026-06-09 06:00:00,future,7279,13139.429676799631,43.90977450569057,4509.906475288672,22.28,72.5
2026-06-09 07:00:00,future,7280,16754.59663374563,47.80177204344147,4922.607085345089,22.9,70.8
2026-06-09 08:00:00,future,7281,18261.55108110749,49.592261282143376,5143.749975115662,23.63,68.9
2026-06-09 09:00:00,future,7282,16034.083194235038,47.604989811942275,5009.446065195765,24.4,66.8
2026-06-09 10:00:00,future,7283,12892.112447439207,44.69267553453529,4788.119985493632,25.18,64.8
2026-06-09 11:00:00,future,7284,11207.141763548076,43.23844075944426,4700.849388679702,25.9,62.8
2026-06-09 12:00:00,future,7285,10587.962413464613,42.83434573911131,4706.83770523516,26.53,61.2
2026-06-09 13:00:00,future,7286,10637.577726704822,43.0523109860351,4760.565083579845,27.0,59.9
2026-06-09 14:00:00,future,7287,11574.371820218554,44.11052341121109,4882.019723186906,27.3,59.1
2026-06-09 15:00:00,future,7288,13317.238975173696,45.91592940317658,5060.266965587448,27.4,58.8
2026-06-09 16:00:00,future,7289,15735.510432283723,48.33584472682873,5282.72383435862,27.3,59.1
2026-06-09 17:00:00,future,7290,18804.18493107689,51.344882494433925,5546.9827894520195,27.0,59.9
2026-06-09 18:00:00,future,7291,20350.589979618457,52.74755512658562,5646.9469797144,26.53,61.2
2026-06-09 19:00:00,future,7292,18647.661522651048,50.79372542269874,5417.347235707018,25.9,62.8
2026-06-09 20:00:00,future,7293,15279.09730638317,47.11647799459007,5017.978861982435,25.18,64.8
2026-06-09 21:00:00,future,7294,12165.551391321278,43.67678856442752,4636.919037826031,24.4,66.8
2026-06-09 22:00:00,future,7295,9276.94572617237,40.469074563838205,4278.561708486129,23.63,68.9
2026-06-09 23:00:00,future,7296,7273.388936439904,38.17432323290025,4009.5976287103886,22.9,70.8
2026-06-10 00:00:00,future,7297,5296.330240929405,35.80582028437704,3796.0114528529234,22.3,79.5
2026-06-10 01:00:00,future,7298,4674.1343477842765,35.0112384788698,3685.396671727571,21.82,80.8
2026-06-10 02:00:00,future,7299,4664.45299098507,34.8948958082141,3652.8566855789663,21.52,81.6
2026-06-10 03:00:00,future,7300,5359.261623859555,35.55613857471631,3709.3747318086116,21.42,81.8
2026-06-10 04:00:00,future,7301,6854.070348833873,37.09074887976735,3864.1681179412167,21.52,81.6
2026-06-10 05:00:00,future,7302,9118.62699030296,39.46838839393928,4114.317324483448,21.82,80.8
2026-06-10 06:00:00,future,7303,12858.376222139184,43.38940187937323,4525.795020813192,22.3,79.5
2026-06-10 07:00:00,future,7304,16350.036610222534,47.11138241317518,4928.079945844135,22.92,77.8
2026-06-10 08:00:00,future,7305,17999.084711354808,49.02104774751783,5163.076770076704,23.64,75.9
2026-06-10 09:00:00,future,7306,16020.591567675918,47.31416787253121,5054.3148703150755,24.42,73.8
2026-06-10 10:00:00,future,7307,12934.73823133774,44.49677420313639,4838.685956728865,25.2,71.8
2026-06-10 11:00:00,future,7308,11220.981425875749,43.0340578486373,4749.151593345451,25.92,69.8
2026-06-10 12:00:00,future,7309,10762.760147535631,42.79490802402403,4770.248842090642,26.54,68.2
2026-06-10 13:00:00,future,7310,11033.02982945974,43.2365613833351,4846.900596976563,27.02,66.9
2026-06-10 14:00:00,future,7311,12104.927794002146,44.418145701079,4981.95096561579,27.32,66.1
2026-06-10 15:00:00,future,7312,13815.348777422903,46.16898229711966,5157.552249988633,27.42,65.8
2026-06-10 16:00:00,future,7313,16148.932006585286,48.473666653059006,5372.222041782024,27.32,66.1
2026-06-10 17:00:00,future,7314,19058.20153056498,51.28458761332763,5621.37862211407,27.02,66.9
2026-06-10 18:00:00,future,7315,20613.95331176884,52.67415596230217,5720.949077704627,26.54,68.2
2026-06-10 19:00:00,future,7316,18982.477195976942,50.81765723669123,5498.183282637934,25.92,69.8
2026-06-10 20:00:00,future,7317,15669.133263902826,47.23895639747055,5102.571758010246,25.2,71.8
2026-06-10 21:00:00,future,7318,12495.77176145638,43.77930988905091,4714.148256545241,24.42,73.8
2026-06-10 22:00:00,future,7319,9482.313915198676,40.48002241931718,4341.156433363239,23.64,75.9
2026-06-10 23:00:00,future,7320,7301.805490385492,38.03738323911959,4054.8704458263337,22.92,77.8
2026-06-11 00:00:00,future,7321,5392.794920465377,35.84660022041489,3800.7686067534505,22.3,76.5
2026-06-11 01:00:00,future,7322,4732.159928018538,35.01678873579377,3686.761432600439,21.82,77.8
2026-06-11 02:00:00,future,7323,4716.907227496427,34.8950400634655,3653.7122417419237,21.52,78.6
2026-06-11 03:00:00,future,7324,5385.347800321906,35.52669357535618,3707.4075003774265,21.42,78.8
2026-06-11 04:00:00,future,7325,6862.856207954825,37.03688400056445,3859.893083231151,21.52,78.6
2026-06-11 05:00:00,future,7326,9136.145023438956,39.412349330009484,4109.892346312021,21.82,77.8
2026-06-11 06:00:00,future,7327,12942.776215608252,43.38213895384645,4526.163996315772,22.3,76.5
2026-06-11 07:00:00,future,7328,16464.725094465033,47.11750257705275,4929.822698300068,22.92,74.8
2026-06-11 08:00:00,future,7329,18102.095486383027,49.010951995391544,5163.993499169954,23.65,72.9
2026-06-11 09:00:00,future,7330,16083.307385976696,47.26944023825896,5051.09505485221,24.42,70.8
2026-06-11 10:00:00,future,7331,12966.74070880914,44.43580071275078,4833.775826378184,25.2,68.8
2026-06-11 11:00:00,future,7332,11247.163732284009,42.975173518997934,4744.361362635227,25.92,66.8
2026-06-11 12:00:00,future,7333,10800.966626280093,42.749981930224365,4766.764179339384,26.54,65.2
2026-06-11 13:00:00,future,7334,11045.669806615051,43.16465724985237,4840.809000331023,27.02,63.9
2026-06-11 14:00:00,future,7335,12105.196449914389,44.3286822453251,4974.191089234994,27.32,63.1
2026-06-11 15:00:00,future,7336,13821.30506708771,46.07701645533365,5149.601164903099,27.42,62.8
2026-06-11 16:00:00,future,7337,16176.531784970248,48.392229413824595,5365.361314161465,27.32,63.1
2026-06-11 17:00:00,future,7338,19121.35270688706,51.22489195971319,5616.713325709055,27.02,63.9
2026-06-11 18:00:00,future,7339,20697.936433296105,52.62801955825804,5717.656107146611,26.54,65.2
2026-06-11 19:00:00,future,7340,19049.288254522537,50.7623731479835,5493.982445917111,25.92,66.8
2026-06-11 20:00:00,future,7341,15709.168147729812,47.17298208867115,5097.265779880728,25.2,68.8
2026-06-11 21:00:00,future,7342,12518.195400538418,43.71114805115457,4708.56231252952,24.42,70.8
2026-06-11 22:00:00,future,7343,9503.727521246292,40.429032078945085,4337.870064442621,23.65,72.9
2026-06-11 23:00:00,future,7344,7336.547731928937,38.00678674981279,4052.7956547826675,22.92,74.8
2026-06-12 00:00:00,future,7345,5406.800722076088,35.808378371459895,3778.4079018468083,22.29,73.5
2026-06-12 01:00:00,future,7346,4731.159438036024,34.9671668298434,3664.600287861153,21.82,74.8
2026-06-12 02:00:00,future,7347,4716.98088373748,34.84663496566289,3631.85323546193,21.52,75.6
2026-06-12 03:00:00,future,7348,5365.860835993139,35.45546773110298,3682.4121090876197,21.41,75.8
2026-06-12 04:00:00,future,7349,6835.787181387066,36.962036767142024,3834.528373644484,21.52,75.6
2026-06-12 05:00:00,future,7350,9124.161145986414,39.35310986635784,4084.8143627309128,21.82,74.8
2026-06-12 06:00:00,future,7351,12920.51332836574,43.310017950676524,4497.134640781395,22.29,73.5
2026-06-12 07:00:00,future,7352,16428.868071459263,47.032579395737244,4897.601824648277,22.91,71.8
2026-06-12 08:00:00,future,7353,18046.918580169146,48.90687851271848,5128.761272285761,23.64,69.9
2026-06-12 09:00:00,future,7354,16023.23865311074,47.1594822022509,5015.755194245703,24.41,67.8
2026-06-12 10:00:00,future,7355,12925.910257835338,44.34370843075108,4801.095266167104,25.19,65.8
2026-06-12 11:00:00,future,7356,11223.732529819152,42.89956838120185,4713.6107908379645,25.91,63.8
2026-06-12 12:00:00,future,7357,10780.987580862988,42.67737875786273,4736.134187701975,26.53,62.2
2026-06-12 13:00:00,future,7358,11022.76944465726,43.088973873916025,4809.487190979787,27.01,60.9
2026-06-12 14:00:00,future,7359,12082.394261696194,44.25327217866446,4942.236761777407,27.31,60.1
2026-06-12 15:00:00,future,7360,13798.001935545151,46.001581912875004,5116.807397568158,27.41,59.8
2026-06-12 16:00:00,future,7361,16164.82272337262,48.32914099773489,5332.742846976658,27.31,60.1
2026-06-12 17:00:00,future,7362,19104.069211804777,51.157288615419574,5582.506673137349,27.01,60.9
2026-06-12 18:00:00,future,7363,20670.99994798556,52.55149986146255,5682.166689756224,26.53,62.2
2026-06-12 19:00:00,future,7364,19009.21045771519,50.672536609735516,5458.333334188887,25.91,63.8
2026-06-12 20:00:00,future,7365,15669.611379794773,47.08300097606387,5063.5449316422455,25.19,65.8
2026-06-12 21:00:00,future,7366,12483.13588848123,43.62506767175519,4677.125458343159,24.41,67.8
2026-06-12 22:00:00,future,7367,9474.398109255211,40.34813236046066,4308.753906372883,23.64,69.9
2026-06-12 23:00:00,future,7368,7311.27340862324,37.92963487630879,4025.4552012251206,22.91,71.8
2026-06-13 00:00:00,future,7369,5424.283607525884,35.81386594539171,3765.1089968557853,22.29,80.5
2026-06-13 01:00:00,future,7370,4764.914632118745,34.99200697522115,3653.5537894404156,21.82,81.8
2026-06-13 02:00:00,future,7371,4762.229409046672,34.882915966770646,3622.0102747042565,21.52,82.6
2026-06-13 03:00:00,future,7372,5430.26923546103,35.50763880788067,3673.8960833367805,21.41,82.8
2026-06-13 04:00:00,future,7373,6910.069835927305,37.01694673088316,3825.716241603279,21.52,82.6
2026-06-13 05:00:00,future,7374,9175.756039973723,39.37448862617623,4071.887806521137,21.82,81.8
2026-06-13 06:00:00,future,7375,12980.319854195332,43.32132022520541,4481.740293244643,22.29,80.5
2026-06-13 07:00:00,future,7376,16491.295790035318,47.029663110981616,4879.392673195494,22.91,78.8
2026-06-13 08:00:00,future,7377,18127.19016563677,48.914002165630535,5110.680719759901,23.64,76.9
2026-06-13 09:00:00,future,7378,16109.872486412696,47.18280744115514,4999.661849096454,24.41,74.8
2026-06-13 10:00:00,future,7379,12999.18463535996,44.368819865859884,4785.988279043632,25.19,72.8
2026-06-13 11:00:00,future,7380,11285.52973012155,42.92159832318232,4698.554654745016,25.91,70.8
2026-06-13 12:00:00,future,7381,10843.966341446188,42.70636239691326,4722.382368726724,26.54,69.2
2026-06-13 13:00:00,future,7382,11090.43860050632,43.11797939377055,4794.777532509312,27.01,67.9
2026-06-13 14:00:00,future,7383,12154.95035213525,44.282069856431924,4927.027038701664,27.31,67.1
2026-06-13 15:00:00,future,7384,13870.338859169566,46.02190352508816,5100.14791700837,27.41,66.8
2026-06-13 16:00:00,future,7385,16226.77367405615,48.32771315761045,5313.2078259021955,27.31,67.1
2026-06-13 17:00:00,future,7386,19166.131507702812,51.14174917191541,5560.694223270746,27.01,67.9
2026-06-13 18:00:00,future,7387,20738.607588462088,52.53738548257851,5660.812168779251,26.54,69.2
2026-06-13 19:00:00,future,7388,19085.524542523373,50.671442623188426,5438.323524527995,25.91,70.8
2026-06-13 20:00:00,future,7389,15749.157951542556,47.10111207145228,5046.801869433614,25.19,72.8
2026-06-13 21:00:00,future,7390,12561.088624989285,43.65684068837249,4663.087288547371,24.41,74.8
2026-06-13 22:00:00,future,7391,9547.388570976049,40.38936489563599,4296.953238998933,23.64,76.9
2026-06-13 23:00:00,future,7392,7379.610425541971,37.97656184824836,4015.22015179945,22.91,78.8
2026-06-14 00:00:00,future,7393,5572.529563879472,36.63631159595299,3778.0237830100427,22.6,77.2
2026-06-14 01:00:00,future,7394,4965.668312485326,35.87513534298447,3673.232176954729,22.12,78.4
2026-06-14 02:00:00,future,7395,4937.062510113912,35.73953937698089,3639.559294146495,21.82,79.2
2026-06-14 03:00:00,future,7396,5643.65320587753,36.38893631919857,3693.3181949904183,21.72,79.5
2026-06-14 04:00:00,future,7397,7158.489252933408,37.894178805088735,3841.13752880424,21.82,79.2
2026-06-14 05:00:00,future,7398,9518.150039751485,40.290746461836115,4086.3366076366083,22.12,78.4
2026-06-14 06:00:00,future,7399,13634.656887519295,44.456050627226276,4509.6028903285205,22.6,77.2
2026-06-14 07:00:00,future,7400,17425.964242051523,48.35626253235661,4917.86235060052,23.22,75.5
2026-06-14 08:00:00,future,7401,19275.39968059046,50.412530078102556,5161.306075060091,23.95,73.6
2026-06-14 09:00:00,future,7402,17162.78288920781,48.64024473417477,5049.366144105471,24.72,71.5
2026-06-14 10:00:00,future,7403,13786.27700083892,45.64566419367975,4823.773422536935,25.5,69.4
2026-06-14 11:00:00,future,7404,11924.19236235793,44.09840370687453,4729.387933426412,26.22,67.5
2026-06-14 12:00:00,future,7405,11392.710673207936,43.80579145382955,4745.385894623577,26.84,65.8
2026-06-14 13:00:00,future,7406,11564.483934393667,44.14496066045748,4810.696446770411,27.32,64.6
2026-06-14 14:00:00,future,7407,12564.878549656409,45.223128556333556,4932.552058987108,27.62,63.8
2026-06-14 15:00:00,future,7408,14405.31862940972,47.04418577213481,5109.9175780716105,27.72,63.5
2026-06-14 16:00:00,future,7409,16886.107876217015,49.41443989036655,5324.672025137232,27.62,63.8
2026-06-14 17:00:00,future,7410,20175.47410053158,52.49706094329684,5592.0808439628945,27.32,64.6
2026-06-14 18:00:00,future,7411,21931.10845661675,54.02735174007929,5701.668440589688,26.84,65.8
2026-06-14 19:00:00,future,7412,20205.053891583982,52.13030068805786,5480.815570597993,26.22,67.5
2026-06-14 20:00:00,future,7413,16621.7971070079,48.395934235081086,5081.076139894437,25.5,69.4
2026-06-14 21:00:00,future,7414,13250.771310824564,44.84584799467183,4694.379696553179,24.72,71.5
2026-06-14 22:00:00,future,7415,10070.483323527013,41.48436002726813,4326.027218610394,23.95,73.6
2026-06-14 23:00:00,future,7416,7791.385894326216,39.01134830175944,4043.594810028283,23.22,75.5
2026-06-15 00:00:00,future,7417,5621.418713916114,33.55567186737815,3426.6059260938537,21.91,76.7
2026-06-15 01:00:00,future,7418,4908.6359889059895,32.7429839479692,3319.9892918729743,21.43,77.9
2026-06-15 02:00:00,future,7419,4753.345496533806,32.50010990140408,3277.9498851515928,21.13,78.7
2026-06-15 03:00:00,future,7420,5349.446795564065,33.01088569561626,3318.8469722942395,21.03,79.0
2026-06-15 04:00:00,future,7421,6849.998331250578,34.41510879670204,3455.6531262252074,21.13,78.7
2026-06-15 05:00:00,future,7422,9414.565288753894,36.85851966691195,3701.8924030476487,21.43,77.9
2026-06-15 06:00:00,future,7423,13478.332313007531,40.73186270525908,4092.5239971618794,21.91,76.7
2026-06-15 07:00:00,future,7424,17133.1802797806,44.27886644946673,4461.973616703838,22.53,75.0
2026-06-15 08:00:00,future,7425,18632.929155059668,45.89116812950187,4658.392227854887,23.25,73.1
2026-06-15 09:00:00,future,7426,16421.21033835024,44.13377115187963,4546.018394309256,24.03,71.0
2026-06-15 10:00:00,future,7427,13299.798815857812,41.545497217524385,4356.542935009496,24.81,68.9
2026-06-15 11:00:00,future,7428,11643.438589153851,40.27513499457066,4285.463366529828,25.53,67.0
2026-06-15 12:00:00,future,7429,11122.560289499232,40.00819727223317,4300.9964582167295,26.15,65.3
2026-06-15 13:00:00,future,7430,11176.56094097779,40.21917997742364,4351.777568458948,26.63,64.1
2026-06-15 14:00:00,future,7431,12110.184120649144,41.17295199034358,4459.785092970933,26.93,63.3
2026-06-15 15:00:00,future,7432,13841.735366950332,42.78816099396721,4616.169784933372,27.03,63.0
2026-06-15 16:00:00,future,7433,16231.957518790983,44.937615063511046,4809.128808674707,26.93,63.3
2026-06-15 17:00:00,future,7434,19269.560276244138,47.61100209029897,5037.705247123838,26.63,64.1
2026-06-15 18:00:00,future,7435,20811.76930739332,48.85793350817263,5122.211977261904,26.15,65.3
2026-06-15 19:00:00,future,7436,19226.9306196946,47.2015935004912,4928.207406062275,25.53,67.0
2026-06-15 20:00:00,future,7437,15912.829988274923,43.93213544665871,4578.012174301863,24.81,68.9
2026-06-15 21:00:00,future,7438,12815.851390603371,40.84078039644036,4240.443737580298,24.03,71.0
2026-06-15 22:00:00,future,7439,9889.959351467696,37.905688970400284,3917.3758588207106,23.25,73.1
2026-06-15 23:00:00,future,7440,7808.029664631048,35.76164660705501,3671.6141158971463,22.53,75.0
2026-06-16 00:00:00,future,7441,5681.996199360419,36.269101308678174,3777.0047737659575,22.27,81.5
2026-06-16 01:00:00,future,7442,4923.497090980036,35.33324208963078,3654.769556320293,21.79,82.8
2026-06-16 02:00:00,future,7443,4703.492715565439,35.00448948042249,3602.612935724981,21.49,83.6
2026-06-16 03:00:00,future,7444,5240.067749705171,35.509860928384235,3643.420711275791,21.39,83.8
2026-06-16 04:00:00,future,7445,6647.226536342838,36.96430394207053,3788.070377388272,21.49,83.6
2026-06-16 05:00:00,future,7446,9221.068976385211,39.66636807681997,4064.8137088229028,21.79,82.8
2026-06-16 06:00:00,future,7447,13213.867369468191,43.863284156483665,4495.643068379267,22.27,81.5
2026-06-16 07:00:00,future,7448,16828.909685775794,47.729218748521895,4904.973422423445,22.89,79.8
2026-06-16 08:00:00,future,7449,18336.051979555865,49.505457226703726,5123.571196783165,23.61,77.9
2026-06-16 09:00:00,future,7450,16108.817923810057,47.53781023274716,4992.094054014093,24.39,75.8
2026-06-16 10:00:00,future,7451,12966.5020242855,44.64751086125887,4773.306222998694,25.17,73.8
2026-06-16 11:00:00,future,7452,11281.263011975192,43.20495724769816,4687.309374621209,25.89,71.8
2026-06-16 12:00:00,future,7453,10662.169956660164,42.80172718088271,4692.648243162955,26.51,70.2
2026-06-16 13:00:00,future,7454,10712.02875076213,43.02308345658255,4747.269974471416,26.99,68.9
2026-06-16 14:00:00,future,7455,11649.37221076861,44.0751097449648,4867.870056826471,27.29,68.1
2026-06-16 15:00:00,future,7456,13392.386136853853,45.868186450297685,5044.56466359163,27.39,67.8
2026-06-16 16:00:00,future,7457,15810.267106187172,48.27042800421974,5264.873450030558,27.29,68.1
2026-06-16 17:00:00,future,7458,18878.39180318918,51.257007380802634,5526.447032156718,26.99,68.9
2026-06-16 18:00:00,future,7459,20424.659251828765,52.64498220779964,5624.116466637663,26.51,70.2
2026-06-16 19:00:00,future,7460,18721.891732304284,50.70714279078991,5397.241954940636,25.89,71.8
2026-06-16 20:00:00,future,7461,15353.693403963049,47.0544516360726,5001.075273114101,25.17,73.8
2026-06-16 21:00:00,future,7462,12240.179358010251,43.63716615941853,4622.975708969183,24.39,75.8
2026-06-16 22:00:00,future,7463,9351.36399682035,40.446438314886905,4266.315316574932,23.61,77.9
2026-06-16 23:00:00,future,7464,7347.568843438456,38.16943813453066,4000.330411450738,22.89,79.8
2026-06-17 00:00:00,future,7465,5370.593847713165,35.81266190774449,3787.6619288749166,22.28,78.5
2026-06-17 01:00:00,future,7466,4748.439661197445,35.02617960722397,3678.7830034910367,21.81,79.8
2026-06-17 02:00:00,future,7467,4738.780525058429,34.90996256685828,3646.3317713638453,21.51,80.6
2026-06-17 03:00:00,future,7468,5434.95105943895,35.567603645052856,3702.384930467739,21.41,80.8
2026-06-17 04:00:00,future,7469,6930.647634865749,37.09239594594805,3855.9009964331785,21.51,80.6
2026-06-17 05:00:00,future,7470,9194.85773885287,39.4534604339874,4103.914794875248,21.81,79.8
2026-06-17 06:00:00,future,7471,12934.830541218083,43.3443423519535,4510.8952010956,22.28,78.5
2026-06-17 07:00:00,future,7472,16426.438327778113,47.04478126406627,4910.943656868923,22.91,76.8
2026-06-17 08:00:00,future,7473,18075.903579281377,48.94298601075097,5144.319132015163,23.63,74.9
2026-06-17 09:00:00,future,7474,16097.880883339967,47.25063530538087,5037.168063095247,24.41,72.8
2026-06-17 10:00:00,future,7475,13011.75026393908,44.451392624134144,4823.0174401787535,25.18,70.8
2026-06-17 11:00:00,future,7476,11297.694873312512,43.00410653718689,4735.850247854129,25.91,68.8
2026-06-17 12:00:00,future,7477,10839.470173822405,42.76815960865937,4757.195627196541,26.53,67.2
2026-06-17 13:00:00,future,7478,11109.937469103934,43.204468667844424,4832.4489970286195,27.0,65.9
2026-06-17 14:00:00,future,7479,12182.165445550176,44.37868128389583,4966.494768099177,27.3,65.1
2026-06-17 15:00:00,future,7480,13892.664443350965,46.12090481983611,5141.599488479277,27.41,64.8
2026-06-17 16:00:00,future,7481,16225.824290064033,48.40493634125392,5353.117865228463,27.3,65.1
2026-06-17 17:00:00,future,7482,19134.810104139196,51.194802490219516,5599.724682620832,27.0,65.9
2026-06-17 18:00:00,future,7483,20690.553704019287,52.57684436892889,5699.079344635099,26.53,67.2
2026-06-17 19:00:00,future,7484,19059.32213857191,50.73232799001227,5477.956465872248,25.91,68.8
2026-06-17 20:00:00,future,7485,15746.238314688777,47.17411151980791,5084.467844353731,25.18,70.8
2026-06-17 21:00:00,future,7486,12572.861376877958,43.74078737782039,4700.133211384522,24.41,72.8
2026-06-17 22:00:00,future,7487,9559.160735479796,40.46289897432916,4330.01465620815,23.63,74.9
2026-06-17 23:00:00,future,7488,7378.442549118102,38.03572778958499,4045.844921968402,22.91,76.8
2026-06-18 00:00:00,future,7489,5469.421404240093,35.85967157426639,3793.670026478894,22.29,75.5
2026-06-18 01:00:00,future,7490,4808.887246326982,35.034757547052074,3680.3891324506926,21.81,76.8
2026-06-18 02:00:00,future,7491,4793.696173511695,34.9132083673537,3647.4363497268705,21.51,77.6
2026-06-18 03:00:00,future,7492,5463.0776654533765,35.540996077336644,3700.6460130740656,21.41,77.8
2026-06-18 04:00:00,future,7493,6941.191196835176,37.041149632489216,3851.835663955516,21.51,77.6
2026-06-18 05:00:00,future,7494,9214.23913697077,39.39999703479529,4099.692039141443,21.81,76.8
2026-06-18 06:00:00,future,7495,13021.049385183142,43.342539112991375,4512.436572547904,22.29,75.5
2026-06-18 07:00:00,future,7496,16543.010514193295,47.052524064226176,4912.772284800892,22.91,73.8
2026-06-18 08:00:00,future,7497,18180.640964437407,48.93083469265351,5144.2590526315535,23.63,71.9
2026-06-18 09:00:00,future,7498,16162.173986971511,47.20763733516097,5034.058589246283,24.41,69.8
2026-06-18 10:00:00,future,7499,13045.39643056877,44.39258005297407,4818.270317856793,25.18,67.8
2026-06-18 11:00:00,future,7500,11325.61787505318,42.94760204129274,4731.247972573953,25.91,65.8
2026-06-18 12:00:00,future,7501,10879.432167794988,42.72557164101143,4753.894105441294,26.53,64.2
2026-06-18 13:00:00,future,7502,11124.285674650531,43.13504006653305,4826.560142561821,27.0,62.9
2026-06-18 14:00:00,future,7503,12184.050742102649,44.291651997732096,4958.935837025115,27.3,62.1
2026-06-18 15:00:00,future,7504,13900.235904129258,46.03125933178294,5133.835457222459,27.41,61.8
2026-06-18 16:00:00,future,7505,16255.19426206594,48.32572620900164,5346.428676155919,27.3,62.1
2026-06-18 17:00:00,future,7506,19199.83450042674,51.13705795172067,5595.193654668433,27.0,62.9
2026-06-18 18:00:00,future,7507,20776.41615230392,52.53243982570643,5695.892441826165,26.53,64.2
2026-06-18 19:00:00,future,7508,19127.927819230652,50.67886898872331,5473.874514041374,25.91,65.8
2026-06-18 20:00:00,future,7509,15787.96569430238,47.11017718144573,5079.309002763338,25.18,67.8
2026-06-18 21:00:00,future,7510,12596.974227312188,43.67490007401038,4694.721651070419,24.41,69.8
2026-06-18 22:00:00,future,7511,9582.327105192133,40.41081174826572,4325.868585010127,23.63,71.9
2026-06-18 23:00:00,future,7512,7414.990254574946,38.00761789751741,4043.9641799775786,22.91,73.8
2026-06-19 00:00:00,future,7513,5485.267531183024,35.82428991514989,3771.538713148053,22.28,72.5
2026-06-19 01:00:00,future,7514,4809.710533023141,34.984566920670616,3657.4251091670744,21.8,73.8
2026-06-19 02:00:00,future,7515,4795.584295675364,34.86421347108596,3624.77151869097,21.5,74.6
2026-06-19 03:00:00,future,7516,5445.156209337999,35.47256700046658,3675.880452993856,21.4,74.8
2026-06-19 04:00:00,future,7517,6915.516547327963,36.965322988262216,3825.636304783277,21.5,74.6
2026-06-19 05:00:00,future,7518,9203.692386861325,39.3395349080684,4073.757387935255,21.8,73.8
2026-06-19 06:00:00,future,7519,13000.162732881632,43.27246087276531,4483.579305963497,22.28,72.5
2026-06-19 07:00:00,future,7520,16508.528819922733,46.96947186776185,4880.716905003342,22.9,70.8
2026-06-19 08:00:00,future,7521,18126.775825935056,48.82859690005254,5109.20302034224,23.62,68.9
2026-06-19 09:00:00,future,7522,16103.35360311357,47.09965736487734,4998.901930136771,24.4,66.8
2026-06-19 10:00:00,future,7523,13005.870961218394,44.30264883220113,4785.789167205036,25.17,64.8
2026-06-19 11:00:00,future,7524,11303.533669599694,42.8742178972429,4700.691869868558,25.9,62.8
2026-06-19 12:00:00,future,7525,10860.786901496253,42.65519769977561,4723.459279551412,26.52,61.2
2026-06-19 13:00:00,future,7526,11102.680190760371,43.06510745597591,4796.483000563045,27.0,59.9
2026-06-19 14:00:00,future,7527,12162.473779997874,44.22184384805474,4928.214167125511,27.3,59.1
2026-06-19 15:00:00,future,7528,13878.147128650227,45.95773472895278,5101.213566143362,27.4,58.8
2026-06-19 16:00:00,future,7529,16244.769864143787,48.26789350253961,5315.014042012175,27.3,59.1
2026-06-19 17:00:00,future,7530,19183.891393175967,51.07456613300221,5562.182356414899,27.0,59.9
2026-06-19 18:00:00,future,7531,20750.827234994027,52.45742503688512,5660.546223949607,26.52,61.2
2026-06-19 19:00:00,future,7532,19089.165529114747,50.59072166027847,5438.384914934422,25.9,62.8
2026-06-19 20:00:00,future,7533,15749.680631948708,47.02209640322495,5045.766693448909,25.17,64.8
2026-06-19 21:00:00,future,7534,12563.196138188065,43.59093271763494,4663.469997644111,24.4,66.8
2026-06-19 22:00:00,future,7535,9554.322664687976,40.33225796818201,4296.958209604584,23.62,68.9
2026-06-19 23:00:00,future,7536,7391.074961131929,37.93297126252456,4016.8329683233646,22.9,70.8
2026-06-20 00:00:00,future,7537,5504.118415160212,35.832451074767675,3758.5509577913017,22.28,79.5
2026-06-20 01:00:00,future,7538,4844.836039067179,35.011931252637,3646.6707092158176,21.8,80.8
2026-06-20 02:00:00,future,7539,4842.1918844086695,34.902915056020944,3615.2066772749995,21.5,81.6
2026-06-20 03:00:00,future,7540,5510.764220514948,35.52687527671651,3667.6094364664295,21.4,81.8
2026-06-20 04:00:00,future,7541,6990.881828651176,37.022221702324686,3817.0619519563393,21.5,81.6
2026-06-20 05:00:00,future,7542,9256.394338607064,39.363161568496906,4061.1075686205363,21.8,80.8
2026-06-20 06:00:00,future,7543,13061.053235487185,43.28604494172702,4468.475234206082,22.28,79.5
2026-06-20 07:00:00,future,7544,16572.05048414523,46.96893964505026,4862.822615693979,22.9,77.8
2026-06-20 08:00:00,future,7545,18208.107116547708,48.838002912958885,5091.436880016329,23.62,75.9
2026-06-20 09:00:00,future,7546,16190.938784626524,47.125080645085696,4983.09783560656,24.4,73.8
2026-06-20 10:00:00,future,7547,13080.162828933586,44.32995887881509,4770.98103351242,25.17,71.8
2026-06-20 11:00:00,future,7548,11366.408585953335,42.89856681732702,4685.943140107508,25.9,69.8
2026-06-20 12:00:00,future,7549,10924.862631047145,42.682969277243096,4708.975108600076,26.52,68.2
2026-06-20 13:00:00,future,7550,11171.439748698136,43.09642757822487,4782.084415128535,27.0,66.9
2026-06-20 14:00:00,future,7551,12236.087599952134,44.25292458919705,4913.3167028213265,27.3,66.1
2026-06-20 15:00:00,future,7552,13951.506312162554,45.98035438033838,5084.874207969229,27.4,65.8
2026-06-20 16:00:00,future,7553,16307.801086459622,48.268957463983,5295.827379359365,27.3,66.1
2026-06-20 17:00:00,future,7554,19247.063344084156,51.0616171601878,5540.73608724981,27.0,66.9
2026-06-20 18:00:00,future,7555,20819.540451941015,52.44233754954508,5638.514949735231,26.52,68.2
2026-06-20 19:00:00,future,7556,19166.54654867636,50.59203802790357,5418.71475065873,25.9,69.8
2026-06-20 20:00:00,future,7557,15830.252022530804,47.04244065010824,5029.333808448242,25.17,71.8
2026-06-20 21:00:00,future,7558,12642.159949982706,43.62483129981587,4649.713426948713,24.4,73.8
2026-06-20 22:00:00,future,7559,9628.341715213,40.375565655550965,4285.4244041686725,23.62,75.9
2026-06-20 23:00:00,future,7560,7460.466373853093,37.98195629036001,4006.849273289038,22.9,77.8
2026-06-21 00:00:00,future,7561,5653.43185584363,36.65681878870765,3771.5589378670293,22.59,76.2
2026-06-21 01:00:00,future,7562,5046.664165076798,35.89985852315325,3667.3951047669148,22.11,77.4
2026-06-21 02:00:00,future,7563,5018.0967361188805,35.76450568317041,3633.821369376586,21.81,78.2
2026-06-21 03:00:00,future,7564,5725.1058905977325,36.40952952107703,3687.054721271242,21.71,78.5
2026-06-21 04:00:00,future,7565,7240.199074279135,37.90476700107015,3833.6144301857726,21.81,78.2
2026-06-21 05:00:00,future,7566,9599.681224777196,40.28518593371808,4076.7647357926035,22.11,77.4
2026-06-21 06:00:00,future,7567,13716.263051137406,44.42269231473519,4496.502022454774,22.59,76.2
2026-06-21 07:00:00,future,7568,17507.610414681458,48.29726695895113,4901.466004552791,23.21,74.5
2026-06-21 08:00:00,future,7569,19357.19937235108,50.337544879541056,5142.1781960318485,23.93,72.6
2026-06-21 09:00:00,future,7570,17244.70493542899,48.583232216644106,5032.85366109147,24.71,70.5
2026-06-21 10:00:00,future,7571,13868.056037677434,45.60772988016738,4808.8333079541035,25.48,68.4
2026-06-21 11:00:00,future,7572,12005.83483243435,44.076499847165586,4716.843740307595,26.21,66.5
2026-06-21 12:00:00,future,7573,11474.356375283503,43.78746027381517,4733.134983427858,26.83,64.8
2026-06-21 13:00:00,future,7574,11646.19239803008,44.12191301327348,4797.159852451963,27.3,63.6
2026-06-21 14:00:00,future,7575,12646.684711325952,45.19339431058694,4918.121033588495,27.6,62.8
2026-06-21 15:00:00,future,7576,14487.160288855734,47.00562479113535,5094.969942047335,27.71,62.5
2026-06-21 16:00:00,future,7577,16967.807222626085,49.355367952403284,5306.640625075406,27.6,62.8
2026-06-21 17:00:00,future,7578,20257.120633936036,52.41569692143434,5571.383289021617,27.3,63.6
2026-06-21 18:00:00,future,7579,22012.788176145827,53.93775693089175,5680.663596068787,26.83,64.8
2026-06-21 19:00:00,future,7580,20286.833012165796,52.05250517028278,5461.402595438293,26.21,66.5
2026-06-21 20:00:00,future,7581,16703.636880185804,48.33887501546426,5063.7852811227585,25.48,68.4
2026-06-21 21:00:00,future,7582,13332.591549787936,44.81520371195447,4681.108786822116,24.71,70.5
2026-06-21 22:00:00,future,7583,10152.23984501272,41.471608117372845,4314.544379618944,23.93,72.6
2026-06-21 23:00:00,future,7584,7873.088958405929,39.0175892252902,4035.209532866271,23.21,74.5
2026-06-22 00:00:00,future,7585,5703.155498028598,33.5716207326383,3419.227882782593,21.89,75.7
2026-06-22 01:00:00,future,7586,4990.4795431300745,32.76713441307376,3314.277619855759,21.42,76.9
2026-06-22 02:00:00,future,7587,4835.527780416522,32.525598205428935,3272.463908166365,21.12,77.7
2026-06-22 03:00:00,future,7588,5431.861897630939,33.02925244756943,3311.9536874897867,21.01,78.0
2026-06-22 04:00:00,future,7589,6932.56949380724,34.427007206163005,3448.477011692841,21.12,77.7
2026-06-22 05:00:00,future,7590,9496.988566648144,36.85323187336308,3692.5269575939897,21.42,76.9
2026-06-22 06:00:00,future,7591,13560.78561781936,40.696213695575494,4078.75022557435,21.89,75.7
2026-06-22 07:00:00,future,7592,17215.690417490507,44.218968700250876,4445.057525526204,22.51,74.0
2026-06-22 08:00:00,future,7593,18715.645473053708,45.82485685822184,4641.054198890316,23.24,72.1
2026-06-22 09:00:00,future,7594,16504.01301090607,44.07888293442583,4529.363543184168,24.01,70.0
2026-06-22 10:00:00,future,7595,13382.465209755092,41.51124753535399,4342.260317861772,24.79,67.9
2026-06-22 11:00:00,future,7596,11725.9581709234,40.25177148719757,4272.362228903001,25.51,66.0
2026-06-22 12:00:00,future,7597,11205.066707024032,39.99165764258783,4289.1385029340245,26.14,64.3
2026-06-22 13:00:00,future,7598,11259.167747430283,40.19900740445912,4338.811937620259,26.61,63.1
2026-06-22 14:00:00,future,7599,12192.910322068154,41.146681143859375,4445.992678934955,26.91,62.3
2026-06-22 15:00:00,future,7600,13924.516022166825,42.750425560524455,4600.935938734915,27.01,62.0
2026-06-22 16:00:00,future,7601,16314.664160842647,44.883917173935345,4791.947974197931,26.91,62.3
2026-06-22 17:00:00,future,7602,19352.233311736993,47.537072073960815,5018.095319500927,26.61,63.1
2026-06-22 18:00:00,future,7603,20894.47564577472,48.77714304819028,5102.409372920255,26.14,64.3
2026-06-22 19:00:00,future,7604,19309.721144762658,47.12804632990265,4908.897806097749,25.51,66.0
2026-06-22 20:00:00,future,7605,15995.644780067623,43.880643968338,4561.594937342941,24.79,67.9
2026-06-22 21:00:00,future,7606,12898.641122904268,40.80985565897126,4226.750251649671,24.01,70.0
2026-06-22 22:00:00,future,7607,9972.69400485773,37.89753404511019,3907.223292203048,23.24,72.1
2026-06-22 23:00:00,future,7608,7890.673171204987,35.76388093977955,3662.3715086120437,22.51,74.0
2026-06-23 00:00:00,future,7609,5764.674201008304,36.28979206914806,3770.118799520024,22.25,80.5
2026-06-23 01:00:00,future,7610,5006.273713141107,35.36325470929426,3649.7292523751066,21.78,81.8
2026-06-23 02:00:00,future,7611,4786.298371640358,35.036166724416205,3597.8423879765382,21.48,82.6
2026-06-23 03:00:00,future,7612,5323.129374794995,35.53421118196075,3637.1678344343604,21.37,82.8
2026-06-23 04:00:00,future,7613,6730.482705233895,36.98188782720866,3781.56136777023,21.48,82.6
2026-06-23 05:00:00,future,7614,9304.253205249945,39.664631514295166,4055.874078161737,21.78,81.8
2026-06-23 06:00:00,future,7615,13297.083087387811,43.82815490432259,4481.906489649561,22.25,80.5
2026-06-23 07:00:00,future,7616,16912.100429597947,47.66703649727149,4887.786829170518,22.87,78.8
2026-06-23 08:00:00,future,7617,18419.267396506857,49.43561245740375,5105.885595260642,23.6,76.9
2026-06-23 09:00:00,future,7618,16192.06524821692,47.48112599400924,4975.2455057664465,24.37,74.8
2026-06-23 10:00:00,future,7619,13049.692380893346,44.614310045713886,4759.161478756245,25.15,72.8
2026-06-23 11:00:00,future,7620,11364.397719646906,43.18433628945956,4674.546531282928,25.87,70.8
2026-06-23 12:00:00,future,7621,10745.316366703984,42.789336994072684,4681.355232845315,26.5,69.2
2026-06-23 13:00:00,future,7622,10795.23062806468,43.00682810860287,4734.795178307621,26.97,67.9
2026-06-23 14:00:00,future,7623,11732.6611433563,44.05193837554112,4854.479180199286,27.27,67.1
2026-06-23 15:00:00,future,7624,13475.700735956412,45.83200199869886,5029.557289305804,27.37,66.8
2026-06-23 16:00:00,future,7625,15893.513710400446,48.216079864296965,5247.665965773462,27.27,67.1
2026-06-23 17:00:00,future,7626,18961.54461576658,51.17959711170026,5506.484800825283,26.97,67.9
2026-06-23 18:00:00,future,7627,20507.805978274504,52.55954330877707,5603.878164798545,26.5,69.2
2026-06-23 19:00:00,future,7628,18805.0892384864,50.63090925963433,5377.667233975802,25.87,70.8
2026-06-23 20:00:00,future,7629,15436.947267970514,47.00345192453204,4984.749158269465,25.15,72.8
2026-06-23 21:00:00,future,7630,12323.440086092403,43.60944289962561,4609.67324201097,24.37,74.8
2026-06-23 22:00:00,future,7631,9434.588491177668,40.44383166488961,4256.863198701163,23.6,76.9
2026-06-23 23:00:00,future,7632,7430.744373306223,38.178185958229555,3991.8300869911386,22.87,78.8
2026-06-24 00:00:00,future,7633,5453.841476987992,35.84098294491201,3782.413966071006,22.27,77.5
2026-06-24 01:00:00,future,7634,4831.761985037917,35.05555057340058,3673.156715935095,21.79,78.8
2026-06-24 02:00:00,future,7635,4822.081267008073,34.93936784471636,3640.775533131284,21.49,79.6
2026-06-24 03:00:00,future,7636,5518.4874090052435,35.59214155317168,3696.2408061711017,21.39,79.8
2026-06-24 04:00:00,future,7637,7014.3181779710685,37.106124610394254,3848.392122002648,21.49,79.6
2026-06-24 05:00:00,future,7638,9278.422960993868,39.45052846385863,4094.2793505730856,21.79,78.8
2026-06-24 06:00:00,future,7639,13018.447322790247,43.31766615105261,4498.822696353696,22.27,77.5
2026-06-24 07:00:00,future,7640,16510.09110366735,46.989063606105674,4894.526440681995,22.89,75.8
2026-06-24 08:00:00,future,7641,18159.67234116101,48.875346798435764,5126.26510846613,23.61,73.9
2026-06-24 09:00:00,future,7642,16181.743636220042,47.19760513091987,5020.752009643129,24.39,71.8
2026-06-24 10:00:00,future,7643,13095.519505689848,44.4244496421348,4810.277392029944,25.17,69.8
2026-06-24 11:00:00,future,7644,11381.369828157418,42.986098219654444,4723.4527079398085,25.89,67.8
2026-06-24 12:00:00,future,7645,10923.109536373686,42.753500932890574,4745.07935967198,26.51,66.2
2026-06-24 13:00:00,future,7646,11193.618924878843,43.191449464293356,4821.041036112654,26.99,64.9
2026-06-24 14:00:00,future,7647,12265.891417611654,44.357873572217905,4954.055356933328,27.29,64.1
2026-06-24 15:00:00,future,7648,13976.418417774568,46.08405746831217,5126.539556926147,27.39,63.8
2026-06-24 16:00:00,future,7649,16309.4929398204,48.35447672771469,5337.0061003487635,27.29,64.1
2026-06-24 17:00:00,future,7650,19218.464032769836,51.1230226186756,5581.036892030213,26.99,64.9
2026-06-24 18:00:00,future,7651,20774.236313603484,52.49012907165182,5678.033881055974,26.51,66.2
2026-06-24 19:00:00,future,7652,19143.076274432904,50.657591146158225,5458.527921817456,25.89,67.8
2026-06-24 20:00:00,future,7653,15830.016305309371,47.12716366527269,5069.248899615446,25.17,69.8
2026-06-24 21:00:00,future,7654,12656.61987550309,43.71345352294875,4686.903889994438,24.39,71.8
2026-06-24 22:00:00,future,7655,9642.8381605517,40.45750290998228,4319.675249624457,23.61,73.9
2026-06-24 23:00:00,future,7656,7462.057999468936,38.04619486479454,4037.629195820048,22.89,75.8
2026-06-25 00:00:00,future,7657,5553.064018021061,35.885574726068455,3787.593674503411,22.27,74.5
2026-06-25 01:00:00,future,7658,4892.637375113523,35.06552192908009,3675.013270679935,21.79,75.8
2026-06-25 02:00:00,future,7659,4877.479096140294,34.94409224477011,3642.137719989757,21.49,76.6
2026-06-25 03:00:00,future,7660,5547.072203778021,35.56722402854679,3694.7859765674903,21.39,76.8
2026-06-25 04:00:00,future,7661,7025.302994923155,37.05677673951811,3844.6382537002505,21.49,76.6
2026-06-25 05:00:00,future,7662,9298.237309910988,39.399044187391816,4090.3808148333283,21.79,75.8
2026-06-25 06:00:00,future,7663,13105.090067242869,43.31404609523674,4499.611687912048,22.27,74.5
2026-06-25 07:00:00,future,7664,16627.094671093844,46.99856915289112,4896.66157446803,22.89,72.8
2026-06-25 08:00:00,future,7665,18264.80732152644,48.86513462251023,5126.539306696796,23.61,70.9
2026-06-25 09:00:00,future,7666,16246.451998992105,47.15675098239207,5018.005938534892,24.39,68.8
2026-06-25 10:00:00,future,7667,13129.60179528649,44.3678443513873,4805.904582400843,25.17,66.8
2026-06-25 11:00:00,future,7668,11409.750817815711,42.93177750519081,4719.2254372232865,25.89,64.8
2026-06-25 12:00:00,future,7669,10963.548789745357,42.71301564830112,4742.145973001041,26.51,63.2
2026-06-25 13:00:00,future,7670,11208.451163529986,43.12434234764949,4815.550033589518,26.99,61.9
2026-06-25 14:00:00,future,7671,12268.264395457036,44.27333594104807,4946.917451157768,27.29,61.1
2026-06-25 15:00:00,future,7672,13984.489161880978,45.99698893449595,5119.208209881663,27.39,60.8
2026-06-25 16:00:00,future,7673,16339.38354573646,48.27784967699311,5330.749571285387,27.29,61.1
2026-06-25 17:00:00,future,7674,19284.01094793603,51.067782195112486,5576.927708584161,26.99,61.9
2026-06-25 18:00:00,future,7675,20860.61358968797,52.44815983689311,5675.2582757794235,26.51,63.2
2026-06-25 19:00:00,future,7676,19212.183446825453,50.606558685326675,5454.852213939013,25.89,64.8
2026-06-25 20:00:00,future,7677,15872.23736783232,47.065609122579865,5064.484984420134,25.17,66.8
2026-06-25 21:00:00,future,7678,12681.229950465604,43.649857634886246,4681.870667839675,24.39,68.8
2026-06-25 22:00:00,future,7679,9666.507976632704,40.40750747837939,4315.876846273361,23.61,70.9
2026-06-25 23:00:00,future,7680,7499.108000058742,38.019920615136,4036.059281312454,22.89,72.8
2026-06-26 00:00:00,future,7681,5569.414998957711,35.85213448844383,3765.74453872165,22.26,81.5
2026-06-26 01:00:00,future,7682,4893.938744340781,35.017347353097854,3652.335851215875,21.78,82.8
2026-06-26 02:00:00,future,7683,4879.836726518388,34.89708921908776,3619.7549835820946,21.48,83.6
2026-06-26 03:00:00,future,7684,5529.604254909113,35.500907367604476,3670.3199549532073,21.38,83.8
2026-06-26 04:00:00,future,7685,7000.055983975819,36.98308525108732,3818.7486400843577,21.48,83.6
2026-06-26 05:00:00,future,7686,9288.127677016208,39.34060809378629,4064.7534443488894,21.78,82.8
2026-06-26 06:00:00,future,7687,13084.632384848595,43.246046033885584,4471.086961099791,22.26,81.5
2026-06-26 07:00:00,future,7688,16593.043204141824,46.91768605928735,4864.968110112037,22.88,79.8
2026-06-26 08:00:00,future,7689,18211.37062447284,48.76875857715277,5092.916072691099,23.61,77.9
2026-06-26 09:00:00,future,7690,16188.057414329123,47.051156001278535,4983.244675343697,24.38,75.8
2026-06-26 10:00:00,future,7691,13090.504452334391,44.28019949043917,4773.792174505656,25.16,73.8
2026-06-26 11:00:00,future,7692,11388.089866454577,42.860585174476014,4689.029236636924,25.88,71.8
2026-06-26 12:00:00,future,7693,10945.32039280959,42.64482233633247,4712.071468293831,26.5,70.2
2026-06-26 13:00:00,future,7694,11187.256315614031,43.0530670710792,4784.790130197239,26.98,68.9
2026-06-26 14:00:00,future,7695,12247.087801999574,44.202175176286914,4915.518172907195,27.28,68.1
2026-06-26 15:00:00,future,7696,13962.801759029246,45.92565642145305,5086.965999748607,27.38,67.8
2026-06-26 16:00:00,future,7697,16329.367283336733,48.2185611088411,5298.661434151605,27.28,68.1
2026-06-26 17:00:00,future,7698,19268.483479245537,51.00385222583615,5543.255527896201,26.98,68.9
2026-06-26 18:00:00,future,7699,20835.44120903669,52.375303137354116,5640.310987649149,26.5,70.2
2026-06-26 19:00:00,future,7700,19173.83775139643,50.520660488391385,5419.762360006099,25.88,71.8
2026-06-26 20:00:00,future,7701,15834.366232237731,46.97977160549366,5031.317940578807,25.16,73.8
2026-06-26 21:00:00,future,7702,12647.8716362438,43.568113641554326,4650.979740856065,24.38,75.8
2026-06-26 22:00:00,future,7703,9638.931923268125,40.33469070781521,4288.347905368673,23.61,77.9
2026-06-26 23:00:00,future,7704,7475.625370284337,37.94743576247787,4009.2508034057655,22.88,79.8
2026-06-27 00:00:00,future,7705,5588.6938953655535,35.86189909906085,3752.9729177982463,22.26,78.5
2026-06-27 01:00:00,future,7706,4929.493636334129,35.046138049385426,3641.771957482053,21.78,79.8
2026-06-27 02:00:00,future,7707,4926.86825691183,34.937123601415294,3610.3680569158896,21.48,80.6
2026-06-27 03:00:00,future,7708,5595.628235670628,35.55645357790017,3662.2167948479087,21.38,80.8
2026-06-27 04:00:00,future,7709,7075.827621737177,37.04126083699687,3810.3516976949654,21.48,80.6
2026-06-27 05:00:00,future,7710,9341.24544151662,39.36587131162102,4052.3326235678715,21.78,79.8
2026-06-27 06:00:00,future,7711,13145.941258190578,43.26152043899865,4456.255570147815,22.26,78.5
2026-06-27 07:00:00,future,7712,16656.98250567376,46.91931371220099,4847.391957739554,22.88,76.8
2026-06-27 08:00:00,future,7713,18293.114747788488,48.780333480689336,5075.473199715363,23.61,74.9
2026-06-27 09:00:00,future,7714,16275.99271658898,47.07848959302162,4967.734689902942,24.38,72.8
2026-06-27 10:00:00,future,7715,13165.181587716854,44.30931646214131,4759.255370965014,25.16,70.8
2026-06-27 11:00:00,future,7716,11451.384337555188,42.886730091406996,4674.551211009375,25.88,68.8
2026-06-27 12:00:00,future,7717,11009.83406210351,42.67437340431576,4697.856705096403,26.5,67.2
2026-06-27 13:00:00,future,7718,11256.461832087763,43.08616723581566,4770.6633850016015,26.98,65.9
2026-06-27 14:00:00,future,7719,12321.15228306216,44.23509462967113,4900.903793707386,27.28,65.1
2026-06-27 15:00:00,future,7720,14036.586712165465,45.95023049398438,5070.929831917599,27.38,64.8
2026-06-27 16:00:00,future,7721,16392.838999210828,48.22185574358711,5279.817768040907,27.28,65.1
2026-06-27 17:00:00,future,7722,19332.08939591876,50.99335661123076,5522.186856420072,26.98,65.9
2026-06-27 18:00:00,future,7723,20904.578526849327,52.362737272717,5618.668450086888,26.5,67.2
2026-06-27 19:00:00,future,7724,19251.626185976464,50.524277635791954,5400.44709779892,25.88,68.8
2026-06-27 20:00:00,future,7725,15915.335592807874,47.00210886222754,5015.186599653443,25.16,70.8
2026-06-27 21:00:00,future,7726,12727.223312442566,43.603738992344724,4637.483761317202,24.38,72.8
2026-06-27 22:00:00,future,7727,9713.337344166936,40.3795096198674,4277.033196458377,23.61,74.9
2026-06-27 23:00:00,future,7728,7545.411115174732,37.99778780937547,3999.4628392480313,22.88,76.8
2026-06-28 00:00:00,future,7729,5738.406677390975,36.687594410660246,3766.067523897509,22.57,75.2
2026-06-28 01:00:00,future,7730,5131.725660496384,35.93470436700171,3662.4909613024674,22.09,76.4
2026-06-28 02:00:00,future,7731,5103.179146015549,35.799524900791326,3628.9969690162457,21.79,77.2
2026-06-28 03:00:00,future,7732,5810.360503787338,36.43998574382596,3681.690618087594,21.69,77.5
2026-06-28 04:00:00,future,7733,7325.546599510517,37.925219729847676,3827.0118400487463,21.79,77.2
2026-06-28 05:00:00,future,7734,9684.920248239718,40.28983572731402,4068.18455515887,22.09,76.4
2026-06-28 06:00:00,future,7735,13801.530102128345,44.39997327179448,4484.498826766712,22.57,75.2
2026-06-28 07:00:00,future,7736,17592.92764145937,48.24938672097832,4886.279952670273,23.19,73.5
2026-06-28 08:00:00,future,7737,19442.603514398856,50.27750132206783,5125.3688153618195,23.91,71.6
2026-06-28 09:00:00,future,7738,17330.157123550965,48.537420280497656,5017.61923642913,24.69,69.5
2026-06-28 10:00:00,future,7739,13953.41726364162,45.58804233108842,4797.220010909088,25.47,67.4
2026-06-28 11:00:00,future,7740,12091.10762402618,44.065642188470186,4705.567739236406,26.19,65.5
2026-06-28 12:00:00,future,7741,11559.616260424322,43.78021170214806,4722.175707903562,26.81,63.8
2026-06-28 13:00:00,future,7742,11731.474006622768,44.117193216990366,4787.009139279046,27.29,62.6
2026-06-28 14:00:00,future,7743,12731.993595151309,45.18206508588419,4907.106776971406,27.59,61.8
2026-06-28 15:00:00,future,7744,14572.487814277085,46.97845634460599,5081.413235374934,27.69,61.5
2026-06-28 16:00:00,future,7745,17053.058730959143,49.31516458783978,5292.117434972369,27.59,61.8
2026-06-28 17:00:00,future,7746,20342.376557801923,52.35352290124844,5554.248038257563,27.29,62.6
2026-06-28 18:00:00,future,7747,22098.082685617657,53.860256543962116,5661.162222839815,26.81,63.8
2026-06-28 19:00:00,future,7748,20372.194244351576,51.98650288147136,5443.419752211996,26.19,65.5
2026-06-28 20:00:00,future,7749,16789.012799372344,48.30028992008133,5049.874036878122,25.47,67.4
2026-06-28 21:00:00,future,7750,13417.95127681979,44.79539475473583,4669.038296326363,24.69,69.5
2026-06-28 22:00:00,future,7751,10237.571752744709,41.47288695180434,4305.192487514899,23.91,71.6
2026-06-28 23:00:00,future,7752,7958.404371890616,39.03396365386234,4027.8355583001853,23.19,73.5
2026-06-29 00:00:00,future,7753,5788.481315845982,33.60224151195222,3414.2071073082725,21.88,74.7
2026-06-29 01:00:00,future,7754,5075.901881209742,32.79906943107673,3308.967254301003,21.4,75.9
2026-06-29 02:00:00,future,7755,4921.089732426462,32.55864257466755,3267.348380051509,21.1,76.7
2026-06-29 03:00:00,future,7756,5517.517868665471,33.06186463074072,3307.3521645304377,21.0,77.0
2026-06-29 04:00:00,future,7757,7018.280598408379,34.44655245841793,3441.706714190059,21.1,76.7
2026-06-29 05:00:00,future,7758,9582.633377810307,36.856069236794326,3683.652367088339,21.4,75.9
2026-06-29 06:00:00,future,7759,13646.455675274952,40.67605997075861,4067.511172874083,21.88,74.7
2026-06-29 07:00:00,future,7760,17301.42011417475,44.17515622638211,4430.79365772353,22.5,73.0
2026-06-29 08:00:00,future,7761,18801.475005835277,45.768071588377566,4624.501784897471,23.22,71.1
2026-06-29 09:00:00,future,7762,16589.866692169027,44.03992741345245,4515.375565062981,24.0,69.0
2026-06-29 10:00:00,future,7763,13468.228399551856,41.489197365618544,4329.632105358815,24.77,66.9
2026-06-29 11:00:00,future,7764,11811.626695368092,40.24383115006488,4261.85725074573,25.5,65.0
2026-06-29 12:00:00,future,7765,11290.715599966146,39.98376708203871,4277.961653933126,26.12,63.3
2026-06-29 13:00:00,future,7766,11344.868654672531,40.19421787533147,4328.460601560907,26.6,62.1
2026-06-29 14:00:00,future,7767,12278.667209696823,41.1358952280616,4434.843620224678,26.9,61.3
2026-06-29 15:00:00,future,7768,14010.314673624844,42.72842754845792,4588.393693898605,27.0,61.0
2026-06-29 16:00:00,future,7769,16400.439367629147,44.84635121075263,4777.5236017242405,26.9,61.3
2026-06-29 17:00:00,future,7770,19438.012971849785,47.479738423249465,5001.3164603075575,26.6,62.1
2026-06-29 18:00:00,future,7771,20980.283546475053,48.706402390160825,5083.542563653789,26.12,63.3
2026-06-29 19:00:00,future,7772,19395.56877865799,47.07096331484751,4892.378549162004,25.5,65.0
2026-06-29 20:00:00,future,7773,16081.485634830096,43.84167478829416,4546.89567712499,24.77,66.9
2026-06-29 21:00:00,future,7774,12984.465476743511,40.794313149201614,4215.6261431006815,24.0,69.0
2026-06-29 22:00:00,future,7775,10058.490793689803,37.8975593830639,3897.618892473856,23.22,71.1
2026-06-29 23:00:00,future,7776,7976.418644684213,35.78070690572125,3655.5224373338474,22.5,73.0
2026-06-30 00:00:00,future,7777,5850.435381952856,36.32506945039754,3765.659427182748,22.24,79.5
2026-06-30 01:00:00,future,7778,5092.124841284236,35.40055741058774,3645.0041799958967,21.76,80.8
2026-06-30 02:00:00,future,7779,4872.165931132848,35.075064364210135,3593.370022768781,21.46,81.6
2026-06-30 03:00:00,future,7780,5409.13464739421,35.57287063051596,3633.287296692499,21.36,81.8
2026-06-30 04:00:00,future,7781,6816.596525848727,37.006800307185216,3775.386790986166,21.46,81.6
2026-06-30 05:00:00,future,7782,9390.302752230797,39.67067370192818,4047.353564283465,21.76,80.8
2026-06-30 06:00:00,future,7783,13383.140582885051,43.80859569402896,4470.790615888564,22.24,79.5
2026-06-30 07:00:00,future,7784,16998.150705112617,47.62107613150346,4873.346665018581,22.86,77.8
2026-06-30 08:00:00,future,7785,18505.32936378285,49.375143285544006,5088.9380931234155,23.58,75.9
2026-06-30 09:00:00,future,7786,16278.141608841288,47.44061871309224,4961.166923075426,24.36,73.8
2026-06-30 10:00:00,future,7787,13135.729254114229,44.593279117247526,4746.687429020673,25.13,71.8
2026-06-30 11:00:00,future,7788,11450.391150378618,43.17923824432657,4664.464427041273,25.86,69.8
2026-06-30 12:00:00,future,7789,10831.310430117936,42.78527105210238,4670.6702368863835,26.48,68.2
2026-06-30 13:00:00,future,7790,10881.263059976576,43.006049854777885,4725.016602687992,26.96,66.9
2026-06-30 14:00:00,future,7791,11818.743433157037,44.044379864200636,4843.817434921188,27.26,66.1
2026-06-30 15:00:00,future,7792,13561.799720172225,45.811712945979785,5017.331683664841,27.36,65.8
2026-06-30 16:00:00,future,7793,15979.565402167693,48.178036972714054,5233.309026950925,27.26,66.1
2026-06-30 17:00:00,future,7794,19047.538772099248,51.119010202255296,5489.45587736927,26.96,66.9
2026-06-30 18:00:00,future,7795,20593.80410554696,52.48402809549731,5584.530342447979,26.48,68.2
2026-06-30 19:00:00,future,7796,18891.1324108432,50.57140095472532,5360.986936536867,25.86,69.8
2026-06-30 20:00:00,future,7797,15523.024348890836,46.96498821995374,4970.160428835278,25.13,71.8
2026-06-30 21:00:00,future,7798,12409.52358503767,43.597257830718,4599.028335010701,24.36,73.8
2026-06-30 22:00:00,future,7799,9520.650628979722,40.449123043284224,4247.888692221921,23.58,75.9
2026-06-30 23:00:00,future,7800,7516.776118394539,38.201602827726234,3985.8019178711334,22.86,77.8
2026-07-01 00:00:00,future,7801,5748.9647029511725,36.235933271289795,3818.3414757904816,20.74,81.1
2026-07-01 01:00:00,future,7802,5265.898189878079,35.606391894407274,3721.039946599785,20.26,82.3
2026-07-01 02:00:00,future,7803,5172.338379108574,35.4045431278764,3678.5963208482412,19.96,83.1
2026-07-01 03:00:00,future,7804,5876.780418227523,36.01377861474699,3729.3053435005754,19.86,83.4
2026-07-01 04:00:00,future,7805,7440.6020930594705,37.49054422948089,3878.5784036159016,19.96,83.1
2026-07-01 05:00:00,future,7806,10003.234197656107,39.963067033244094,4138.708454797854,20.26,82.3
2026-07-01 06:00:00,future,7807,14395.39826515683,44.18759683879216,4580.656625324069,20.74,81.1
2026-07-01 07:00:00,future,7808,18290.37165734416,48.00893008448353,4994.727465615243,21.36,79.4
2026-07-01 08:00:00,future,7809,20127.17254687793,49.97607417198271,5238.73727143173,22.08,77.5
2026-07-01 09:00:00,future,7810,17765.35183925701,48.105131378119296,5119.413450469502,22.86,75.4
2026-07-01 10:00:00,future,7811,14243.425224195493,45.16344085853468,4896.668748958768,23.63,73.3
2026-07-01 11:00:00,future,7812,12366.292366833462,43.71893848377936,4814.378413217131,24.36,71.4
2026-07-01 12:00:00,future,7813,11809.447108377208,43.44617166858736,4835.953460191175,24.98,69.7
2026-07-01 13:00:00,future,7814,12022.76590659394,43.82764046604059,4909.472609270156,25.46,68.5
2026-07-01 14:00:00,future,7815,13208.649310597928,45.03404095412891,5048.22123954465,25.76,67.7
2026-07-01 15:00:00,future,7816,15099.700809857291,46.8117423771796,5226.344605482091,25.86,67.4
2026-07-01 16:00:00,future,7817,17733.978105458642,49.19574437209678,5447.198074574292,25.76,67.7
2026-07-01 17:00:00,future,7818,20974.82081900788,52.06036768116349,5698.732947662079,25.46,68.5
2026-07-01 18:00:00,future,7819,22725.502485021643,53.48508531024373,5798.370429788621,24.98,69.7
2026-07-01 19:00:00,future,7820,20932.889246041064,51.59718051406889,5569.654740038432,24.36,71.4
2026-07-01 20:00:00,future,7821,17405.59478000888,48.07151946346786,5175.462281627227,23.63,73.3
2026-07-01 21:00:00,future,7822,14080.624418271922,44.71648418863578,4794.5484625284835,22.86,75.4
2026-07-01 22:00:00,future,7823,11004.883371935472,41.586791589429986,4434.468183321031,22.08,77.5
2026-07-01 23:00:00,future,7824,8702.686164600285,39.19164734231734,4149.426585489402,21.36,79.4
2026-07-02 00:00:00,future,7825,6592.923416546057,36.99023963062963,3944.5780718761966,21.06,78.2
2026-07-02 01:00:00,future,7826,5622.232625229566,35.92220408349219,3803.8921203118716,20.58,79.5
2026-07-02 02:00:00,future,7827,5425.881774199011,35.62887311973827,3752.3108900500856,20.28,80.3
2026-07-02 03:00:00,future,7828,6113.497219881439,36.217836061596415,3801.8244043471245,20.18,80.6
2026-07-02 04:00:00,future,7829,7743.313047082884,37.74219806277518,3957.591092210788,20.28,80.3
2026-07-02 05:00:00,future,7830,10353.034727123708,40.23634370846709,4222.950939109371,20.58,79.5
2026-07-02 06:00:00,future,7831,14519.994475821615,44.219138796189704,4646.765346481028,21.06,78.2
2026-07-02 07:00:00,future,7832,18261.625800012305,47.86739367467281,5048.858304838902,21.68,76.6
2026-07-02 08:00:00,future,7833,19969.72697723888,49.69931151710118,5282.215381788785,22.4,74.6
2026-07-02 09:00:00,future,7834,17728.124896568694,47.9522484982511,5172.541754952195,23.18,72.6
2026-07-02 10:00:00,future,7835,14421.612298534112,45.230257179200954,4967.3977614212345,23.95,70.5
2026-07-02 11:00:00,future,7836,12624.599983386586,43.86958135771984,4891.408258140054,24.68,68.6
2026-07-02 12:00:00,future,7837,12064.223034691133,43.59472468824852,4912.425351039315,25.3,66.9
2026-07-02 13:00:00,future,7838,12250.166133545355,43.94712871186407,4983.597627337953,25.78,65.6
2026-07-02 14:00:00,future,7839,13381.075213775037,45.09270726526458,5117.962888550613,26.08,64.8
2026-07-02 15:00:00,future,7840,15308.30563208021,46.88828925089642,5300.074835538762,26.18,64.6
2026-07-02 16:00:00,future,7841,17920.65084180294,49.232462570100566,5520.082689706873,26.08,64.8
2026-07-02 17:00:00,future,7842,21119.972761062458,52.035732592021205,5769.293289137318,25.78,65.6
2026-07-02 18:00:00,future,7843,22779.64709678064,53.366394385901046,5861.607509509999,25.3,66.9
2026-07-02 19:00:00,future,7844,20866.90561598712,51.38595100601239,5621.519302350215,24.68,68.6
2026-07-02 20:00:00,future,7845,17315.7178536167,47.86946617275466,5223.760304023175,23.95,70.5
2026-07-02 21:00:00,future,7846,13931.791799062425,44.49027509653176,4836.259063489398,23.18,72.6
2026-07-02 22:00:00,future,7847,10685.372725182631,41.23267103872163,4459.798708597898,22.4,74.6
2026-07-02 23:00:00,future,7848,8313.269648121795,38.79523285419594,4167.623730194808,21.68,76.6
2026-07-03 00:00:00,future,7849,5975.989627726351,36.71819060160757,3791.455323544546,20.86,85.1
2026-07-03 01:00:00,future,7850,5105.136636759788,35.67586347851874,3657.487010958394,20.38,86.3
2026-07-03 02:00:00,future,7851,4963.27696194285,35.42125196168898,3611.0884118862973,20.08,87.1
2026-07-03 03:00:00,future,7852,5557.30475922845,35.96880254047826,3655.1149901249,19.98,87.4
2026-07-03 04:00:00,future,7853,7011.304087785915,37.44087856848443,3801.0776456139106,20.08,87.1
2026-07-03 05:00:00,future,7854,9492.040616975815,40.00193313262744,4064.4467211696365,20.38,86.3
2026-07-03 06:00:00,future,7855,13286.057224234735,43.9268876101026,4469.58801213673,20.86,85.1
2026-07-03 07:00:00,future,7856,16793.685313686066,47.622960548114584,4863.673311012187,21.48,83.4
2026-07-03 08:00:00,future,7857,18372.139881805106,49.45867596075798,5090.98258956341,22.21,81.5
2026-07-03 09:00:00,future,7858,16277.9327330028,47.68795527425262,4982.022063463615,22.98,79.4
2026-07-03 10:00:00,future,7859,13223.031401697204,44.97368656685004,4785.048823394845,23.76,77.3
2026-07-03 11:00:00,future,7860,11546.319468043064,43.595551740832605,4709.278270898902,24.48,75.4
2026-07-03 12:00:00,future,7861,11028.454826291998,43.32195449097959,4729.930879490831,25.1,73.7
2026-07-03 13:00:00,future,7862,11277.77620469552,43.75136894027751,4806.241598914133,25.58,72.5
2026-07-03 14:00:00,future,7863,12426.759658144005,44.999138191198966,4946.068001044403,25.88,71.7
2026-07-03 15:00:00,future,7864,14231.92977502787,46.81751523186451,5124.60770013785,25.98,71.4
2026-07-03 16:00:00,future,7865,16708.135287985515,49.221142883716944,5343.238167859858,25.88,71.7
2026-07-03 17:00:00,future,7866,19591.834785205738,51.95013433150362,5577.511470755986,25.58,72.5
2026-07-03 18:00:00,future,7867,21049.778379223622,53.20430977202848,5659.578518788677,25.1,73.7
2026-07-03 19:00:00,future,7868,19247.179129508484,51.1896216001813,5423.663548156119,24.48,75.4
2026-07-03 20:00:00,future,7869,15967.269421970534,47.67986953248933,5039.62341962891,23.76,77.3
2026-07-03 21:00:00,future,7870,12831.14069845029,44.288960791595414,4662.273672829628,22.98,79.4
2026-07-03 22:00:00,future,7871,9840.057312960476,41.04490997593447,4299.487296898167,22.21,81.5
2026-07-03 23:00:00,future,7872,7617.630536562789,38.57415248329859,4012.438679522331,21.48,83.4
2026-07-04 00:00:00,future,7873,5692.900689864888,36.42575086440385,3749.6401727582406,20.86,82.1
2026-07-04 01:00:00,future,7874,4981.9750431257,35.54393231147136,3631.216438423326,20.38,83.3
2026-07-04 02:00:00,future,7875,5019.042512029052,35.46557506726814,3601.5051179250804,20.08,84.1
2026-07-04 03:00:00,future,7876,5712.603600894384,36.10846816093345,3654.293570338635,19.98,84.4
2026-07-04 04:00:00,future,7877,7201.9675787374945,37.60942732443081,3802.4026128275273,20.08,84.1
2026-07-04 05:00:00,future,7878,9443.75504014112,39.925849612915016,4041.839981061845,20.38,83.3
2026-07-04 06:00:00,future,7879,13218.8498400387,43.81699086570189,4442.263274710581,20.86,82.1
2026-07-04 07:00:00,future,7880,16719.236296781746,47.491896101194186,4832.862049293758,21.48,80.4
2026-07-04 08:00:00,future,7881,18435.601451107825,49.45296649342928,5070.315868835629,22.2,78.5
2026-07-04 09:00:00,future,7882,16462.75174295947,47.81380859746057,4974.870879561031,22.98,76.4
2026-07-04 10:00:00,future,7883,13343.143122715006,45.04459258571552,4772.784053982342,23.75,74.3
2026-07-04 11:00:00,future,7884,11577.609611428408,43.58991320185694,4690.898201665467,24.48,72.4
2026-07-04 12:00:00,future,7885,11090.761929044333,43.34895295970688,4714.546519562567,25.1,70.7
2026-07-04 13:00:00,future,7886,11389.369231441564,43.8258333740527,4795.024048714392,25.58,69.5
2026-07-04 14:00:00,future,7887,12547.005366438998,45.07750987548775,4934.685529589193,25.88,68.7
2026-07-04 15:00:00,future,7888,14328.436623040958,46.86530852072447,5109.673911887079,25.98,68.4
2026-07-04 16:00:00,future,7889,16696.672751173006,49.152901158914034,5316.584933735253,25.88,68.7
2026-07-04 17:00:00,future,7890,19580.265399413955,51.870118313421195,5548.843108400643,25.58,69.5
2026-07-04 18:00:00,future,7891,21116.76402895825,53.19549673714795,5637.252816942036,25.1,70.7
2026-07-04 19:00:00,future,7892,19419.423674842736,51.29136435860717,5412.590771354178,24.48,72.4
2026-07-04 20:00:00,future,7893,16153.44659380069,47.80459361904637,5031.420017198469,23.75,74.3
2026-07-04 21:00:00,future,7894,12988.150683005588,44.40140043067266,4655.098726418518,22.98,76.4
2026-07-04 22:00:00,future,7895,9943.718939676122,41.113082652549515,4288.796635962948,22.2,78.5
2026-07-04 23:00:00,future,7896,7676.740974055077,38.61125502759031,4000.669187656922,21.48,80.4
2026-07-05 00:00:00,future,7897,5632.767861911207,36.57349763602344,3758.7551255889734,20.84,79.1
2026-07-05 01:00:00,future,7898,4879.918269392061,35.633908363857905,3634.9653021066893,20.36,80.3
2026-07-05 02:00:00,future,7899,4833.081871030124,35.47173558051812,3597.3717818365462,20.06,81.1
2026-07-05 03:00:00,future,7900,5457.143386821963,36.05942892439497,3644.89116354342,19.96,81.4
2026-07-05 04:00:00,future,7901,6896.416505908619,37.54177073195783,3791.0711635746443,20.06,81.1
2026-07-05 05:00:00,future,7902,9224.839365619506,39.992939248808085,4042.8528622792237,20.36,80.3
2026-07-05 06:00:00,future,7903,13013.221951736676,43.977919168658346,4451.608999109978,20.84,79.1
2026-07-05 07:00:00,future,7904,16541.524204425154,47.75572683218523,4851.441387782838,21.46,77.4
2026-07-05 08:00:00,future,7905,18207.30122050972,49.70719509397459,5088.597861900147,22.19,75.5
2026-07-05 09:00:00,future,7906,16193.340320083418,47.98233368546148,4984.738307873682,22.96,73.4
2026-07-05 10:00:00,future,7907,13085.54926304662,45.163929469386616,4779.299966212937,23.74,71.3
2026-07-05 11:00:00,future,7908,11345.732101964715,43.694904679154526,4695.643388610131,24.46,69.4
2026-07-05 12:00:00,future,7909,10847.3715760273,43.432973294128914,4717.465309420333,25.08,67.7
2026-07-05 13:00:00,future,7910,11118.226811035904,43.88900297010652,4796.007014893615,25.56,66.5
2026-07-05 14:00:00,future,7911,12255.844081649238,45.14549885058727,4935.999621087734,25.86,65.7
2026-07-05 15:00:00,future,7912,14051.713905841054,46.98559538294237,5115.6558009596465,25.96,65.4
2026-07-05 16:00:00,future,7913,16471.51823677037,49.37486307517925,5331.7538839459885,25.86,65.7
2026-07-05 17:00:00,future,7914,19384.9469658593,52.18256864691554,5572.060765905972,25.56,66.5
2026-07-05 18:00:00,future,7915,20914.19638596168,53.5324893240029,5662.507237563445,25.08,67.7
2026-07-05 19:00:00,future,7916,19177.227285511937,51.55183202590465,5430.83958485259,24.46,69.4
2026-07-05 20:00:00,future,7917,15883.206005779408,47.97067138183468,5041.935203475202,23.74,71.3
2026-07-05 21:00:00,future,7918,12717.59550254672,44.49530166064449,4658.446289673783,22.96,73.4
2026-07-05 22:00:00,future,7919,9686.117962567923,41.15833996518072,4288.655913153885,22.19,75.5
2026-07-05 23:00:00,future,7920,7431.845200317542,38.61646486368466,3996.2533048124337,21.46,77.4
2026-07-06 00:00:00,future,7921,5512.843602522626,36.151081300319,3696.762005370598,20.85,86.1
2026-07-06 01:00:00,future,7922,4810.342520735232,35.27681904272889,3580.7332841882103,20.38,87.3
2026-07-06 02:00:00,future,7923,4843.9367865688455,35.195787449796875,3551.0684777746064,20.08,88.1
2026-07-06 03:00:00,future,7924,5543.449494825577,35.846154825761175,3603.4876586762794,19.97,88.4
2026-07-06 04:00:00,future,7925,7043.353280045867,37.37242915037945,3753.6527704899117,20.08,88.1
2026-07-06 05:00:00,future,7926,9290.65507497658,39.710738296370806,3993.4068058410435,20.38,87.3
2026-07-06 06:00:00,future,7927,13081.880507397296,43.641741395512476,4393.932365080871,20.85,86.1
2026-07-06 07:00:00,future,7928,16587.84997937665,47.347581334627606,4784.563068339192,21.47,84.4
2026-07-06 08:00:00,future,7929,18291.717718850083,49.311882100211626,5021.2171011091095,22.2,82.5
2026-07-06 09:00:00,future,7930,16303.19067124047,47.63725961559339,4922.139180785014,22.97,80.4
2026-07-06 10:00:00,future,7931,13178.363081718271,44.84191216240496,4719.490634144894,23.75,78.3
2026-07-06 11:00:00,future,7932,11418.943333982354,43.37497825663668,4636.055522366618,24.47,76.4
2026-07-06 12:00:00,future,7933,10943.263985148971,43.14420831638692,4661.035692970466,25.1,74.7
2026-07-06 13:00:00,future,7934,11242.412373690697,43.61929456762961,4739.912323896947,25.57,73.5
2026-07-06 14:00:00,future,7935,12406.574204144186,44.885679582270306,4879.900287534936,25.87,72.7
2026-07-06 15:00:00,future,7936,14187.63190779464,46.68638723115013,5054.870010041877,25.97,72.4
2026-07-06 16:00:00,future,7937,16559.06992745838,48.995176523692116,5262.379191192264,25.87,72.7
2026-07-06 17:00:00,future,7938,19441.57976607658,51.7335601963785,5495.122868133162,25.57,73.5
2026-07-06 18:00:00,future,7939,20978.36534929694,53.07539695826467,5585.350809371385,25.1,74.7
2026-07-06 19:00:00,future,7940,19273.814861169627,51.14851317805841,5359.553594434453,24.47,76.4
2026-07-06 20:00:00,future,7941,16005.129446498097,47.63940757340691,4979.858993834253,23.75,78.3
2026-07-06 21:00:00,future,7942,12838.173150441457,44.20812209144161,4602.982656416364,22.97,80.4
2026-07-06 22:00:00,future,7943,9797.272467167306,40.905396192261165,4238.809044961185,22.2,82.5
2026-07-06 23:00:00,future,7944,7535.593093362687,38.389059889999,3950.7759870068626,21.47,84.4
2026-07-07 00:00:00,future,7945,5688.920589977712,36.00094342968614,3759.7999348271046,20.75,82.9
2026-07-07 01:00:00,future,7946,4982.192835186079,35.151207021710526,3642.7911568103655,20.27,84.2
2026-07-07 02:00:00,future,7947,5046.189449478606,35.09697205966928,3614.9839388127757,19.97,85.0
2026-07-07 03:00:00,future,7948,5810.875901290776,35.77983830367046,3672.337659532151,19.87,85.2
2026-07-07 04:00:00,future,7949,7369.9194358524865,37.288129115951286,3823.2472041133583,19.97,85.0
2026-07-07 05:00:00,future,7950,9661.789759924392,39.56382461597612,4062.197947423498,20.27,84.2
2026-07-07 06:00:00,future,7951,13661.814543140748,43.51896959748655,4474.367005148434,20.75,82.9
2026-07-07 07:00:00,future,7952,17348.52437156721,47.23214567911841,4874.108696392034,21.37,81.2
2026-07-07 08:00:00,future,7953,19203.70681217753,49.26029910278328,5121.999619279844,22.1,79.3
2026-07-07 09:00:00,future,7954,17140.809442785758,47.60918353471893,5023.206768676172,22.87,77.2
2026-07-07 10:00:00,future,7955,13780.809189928745,44.73878645901113,4809.279745927662,23.65,75.2
2026-07-07 11:00:00,future,7956,11904.618877737705,43.2446292357416,4721.6299511778225,24.37,73.2
2026-07-07 12:00:00,future,7957,11400.491317492888,43.00606265804365,4745.769707589732,24.99,71.6
2026-07-07 13:00:00,future,7958,11726.753366298775,43.49703960548276,4828.679416124164,25.47,70.3
2026-07-07 14:00:00,future,7959,12963.180348254373,44.77750668389876,4973.036519872976,25.77,69.5
2026-07-07 15:00:00,future,7960,14900.58930858738,46.642576501224674,5157.8568972574985,25.87,69.2
2026-07-07 16:00:00,future,7961,17406.700868090506,48.967516452187844,5371.28506781865,25.77,69.5
2026-07-07 17:00:00,future,7962,20481.06691776457,51.751903993204756,5613.280869986912,25.47,70.3
2026-07-07 18:00:00,future,7963,22088.807998854692,53.08459185613199,5703.705330781775,24.99,71.6
2026-07-07 19:00:00,future,7964,20283.169117504684,51.145168277253475,5472.553785552313,24.37,73.2
2026-07-07 20:00:00,future,7965,16837.35217092989,47.62094822475955,5083.221049559165,23.65,75.2
2026-07-07 21:00:00,future,7966,13497.171167323651,44.173421305615676,4696.647310704867,22.87,77.2
2026-07-07 22:00:00,future,7967,10253.8608235734,40.82105775135206,4319.8736578067455,22.1,79.3
2026-07-07 23:00:00,future,7968,7820.254001626612,38.24748008643585,4020.141707306866,21.37,81.2
2026-07-08 00:00:00,future,7969,5805.285211037903,36.247603235788276,3820.0575878571212,20.66,80.1
2026-07-08 01:00:00,future,7970,5053.945784394218,35.36208275796712,3698.1403951795237,20.18,81.3
2026-07-08 02:00:00,future,7971,5135.015844737176,35.321833633340745,3671.1727156844245,19.88,82.1
2026-07-08 03:00:00,future,7972,5883.673470732321,35.98096554174687,3726.699967863017,19.78,82.4
2026-07-08 04:00:00,future,7973,7465.309694744978,37.493619519883744,3879.5086542677495,19.88,82.1
2026-07-08 05:00:00,future,7974,9824.601683146202,39.80823582592806,4124.652731519101,20.18,81.3
2026-07-08 06:00:00,future,7975,13874.441439973289,43.76789069406472,4541.466708224115,20.66,80.1
2026-07-08 07:00:00,future,7976,17666.505186030503,47.54134584528714,4951.201945805121,21.28,78.4
2026-07-08 08:00:00,future,7977,19532.419217002764,49.55827070609565,5200.138263621858,22.0,76.5
2026-07-08 09:00:00,future,7978,17426.97582955814,47.8971331750667,5100.865281459014,22.78,74.4
2026-07-08 10:00:00,future,7979,14032.196051524068,45.030500517563596,4885.180862783495,23.55,72.3
2026-07-08 11:00:00,future,7980,12121.794108466478,43.53183680478992,4797.642625967938,24.28,70.4
2026-07-08 12:00:00,future,7981,11631.246075650315,43.313985958758444,4824.498277553124,24.9,68.7
2026-07-08 13:00:00,future,7982,11983.834489879511,43.82787870344902,4910.765817534713,25.38,67.5
2026-07-08 14:00:00,future,7983,13260.073170097512,45.133111626758925,5059.081364986969,25.68,66.7
2026-07-08 15:00:00,future,7984,15165.046734180934,46.94710934819913,5240.797473613348,25.78,66.4
2026-07-08 16:00:00,future,7985,17708.554512187035,49.27900464161091,5456.7902357680205,25.68,66.7
2026-07-08 17:00:00,future,7986,20797.855733425848,52.042365018280094,5698.7683213654855,25.38,67.5
2026-07-08 18:00:00,future,7987,22492.361674053933,53.436322061840904,5795.517753164683,24.9,68.7
2026-07-08 19:00:00,future,7988,20712.86729370055,51.53854011986191,5565.712839721363,24.28,70.4
2026-07-08 20:00:00,future,7989,17196.256596608633,47.9793397963349,5168.0582876166145,23.55,72.3
2026-07-08 21:00:00,future,7990,13769.292306494202,44.48824744470933,4773.856338009355,22.78,74.4
2026-07-08 22:00:00,future,7991,10478.356168748298,41.120070371831495,4390.675232534861,22.0,76.5
2026-07-08 23:00:00,future,7992,7994.248384159011,38.52700166150375,4086.4703588294665,21.28,78.4
2026-07-09 00:00:00,future,7993,5938.409395215025,36.38415551991642,3906.4485633389068,21.03,77.2
2026-07-09 01:00:00,future,7994,5187.037193336341,35.50823962921332,3783.778075596413,20.55,78.5
2026-07-09 02:00:00,future,7995,5215.307768219935,35.42017145771452,3751.9820556505456,20.25,79.3
2026-07-09 03:00:00,future,7996,5945.401755429016,36.05575928257667,3806.3363582442944,20.15,79.6
2026-07-09 04:00:00,future,7997,7572.295952134966,37.59490312080924,3964.4139572581107,20.25,79.3
2026-07-09 05:00:00,future,7998,10010.830876999486,39.95902853502513,4218.53955305152,20.55,78.5
2026-07-09 06:00:00,future,7999,14177.866832161177,43.98648848752796,4649.05882481155,21.03,77.2
2026-07-09 07:00:00,future,8000,18022.48719984588,47.76973522525099,5066.546453294817,21.65,75.6
2026-07-09 08:00:00,future,8001,19858.40711131619,49.737657221414686,5314.440846095003,22.37,73.6
2026-07-09 09:00:00,future,8002,17670.047289290167,48.01531156746637,5206.501586841696,23.15,71.6
2026-07-09 10:00:00,future,8003,14254.572876485588,45.160739212924696,4987.964282257298,23.93,69.5
2026-07-09 11:00:00,future,8004,12355.110887284096,43.68212153248781,4899.19416150352,24.65,67.6
2026-07-09 12:00:00,future,8005,11825.105145842608,43.42901459706041,4922.403129819654,25.27,65.9
2026-07-09 13:00:00,future,8006,12101.72952157923,43.866893022602525,5002.285289568115,25.75,64.6
2026-07-09 14:00:00,future,8007,13281.820318262531,45.069884787329585,5142.989154594778,26.05,63.8
2026-07-09 15:00:00,future,8008,15213.102007722347,46.889879044269925,5328.500753639879,26.15,63.6
2026-07-09 16:00:00,future,8009,17766.429673942177,49.20771714006018,5547.180444095298,26.05,63.8
2026-07-09 17:00:00,future,8010,20964.57529288247,52.044410184340315,5801.080630885954,25.75,64.6
2026-07-09 18:00:00,future,8011,22676.729530221797,53.441526032531804,5900.444182055919,25.27,65.9
2026-07-09 19:00:00,future,8012,20837.039487640155,51.50817633292546,5663.657994699465,24.65,67.6
2026-07-09 20:00:00,future,8013,17281.551272141638,47.953653409720765,5260.781422836317,23.93,69.5
2026-07-09 21:00:00,future,8014,13865.157583600978,44.50463884792772,4863.572436367964,23.15,71.6
2026-07-09 22:00:00,future,8015,10584.035581532677,41.18043595116518,4478.555289378099,22.37,73.6
2026-07-09 23:00:00,future,8016,8174.6782203001985,38.68341814225513,4178.977816986216,21.65,75.6
2026-07-10 00:00:00,future,8017,5855.5018844337665,36.559258168670894,3779.095135392231,20.84,84.1
2026-07-10 01:00:00,future,8018,4995.690342687247,35.53173879756324,3647.1701870739234,20.37,85.3
2026-07-10 02:00:00,future,8019,4901.071600821927,35.32376724116125,3605.1330624017696,20.07,86.1
2026-07-10 03:00:00,future,8020,5527.051916385057,35.899013239260846,3651.0602319586706,19.96,86.4
2026-07-10 04:00:00,future,8021,7003.066993930195,37.39658227494213,3800.2944725464513,20.07,86.1
2026-07-10 05:00:00,future,8022,9462.581010535798,39.936619113157306,4061.9021529753068,20.37,85.3
2026-07-10 06:00:00,future,8023,13266.807988138902,43.86767890169424,4467.203660727368,20.84,84.1
2026-07-10 07:00:00,future,8024,16784.06958333824,47.57309019025967,4862.487729285344,21.46,82.4
2026-07-10 08:00:00,future,8025,18375.42908876527,49.42137950461528,5091.1523720787145,22.19,80.5
2026-07-10 09:00:00,future,8026,16281.995859243068,47.65131802623007,4982.133167801873,22.96,78.4
2026-07-10 10:00:00,future,8027,13207.12994297212,44.91727053518009,4783.100482104192,23.74,76.3
2026-07-10 11:00:00,future,8028,11520.944387593869,43.52969217431299,4706.35047849631,24.46,74.4
2026-07-10 12:00:00,future,8029,11014.274204622188,43.26703278487009,4728.029446525217,25.08,72.7
2026-07-10 13:00:00,future,8030,11276.13889362408,43.70872834317884,4805.545956316753,25.56,71.5
2026-07-10 14:00:00,future,8031,12439.933485922413,44.97103321724613,4946.851551009003,25.86,70.7
2026-07-10 15:00:00,future,8032,14245.61214582809,46.78986716232087,5125.585259562511,25.96,70.4
2026-07-10 16:00:00,future,8033,16710.367766087744,49.18218439565597,5343.343369582806,25.86,70.7
2026-07-10 17:00:00,future,8034,19587.77221909888,51.9049777587602,5577.246068373869,25.56,71.5
2026-07-10 18:00:00,future,8035,21053.19512676298,53.166591213292904,5660.100929611971,25.08,72.7
2026-07-10 19:00:00,future,8036,19260.155171519335,51.16146554313958,5424.903570929289,24.46,74.4
2026-07-10 20:00:00,future,8037,15980.779061540656,47.65241525064989,5040.622108936088,23.74,76.3
2026-07-10 21:00:00,future,8038,12840.064042263766,44.25716785878678,4662.564309931912,22.96,78.4
2026-07-10 22:00:00,future,8039,9843.800862742812,41.008189205763955,4299.026661013965,22.19,80.5
2026-07-10 23:00:00,future,8040,7616.922954811916,38.53320389422708,4011.356813921767,21.46,82.4
2026-07-11 00:00:00,future,8041,5691.750861563662,36.39869872800353,3744.4381993850566,20.84,81.1
2026-07-11 01:00:00,future,8042,4980.745785961652,35.51847306804696,3626.220792290971,20.36,82.3
2026-07-11 02:00:00,future,8043,5014.956149215185,35.43716977966879,3596.2414532371013,20.06,83.1
2026-07-11 03:00:00,future,8044,5727.0069818662005,36.09644103755965,3650.526943073771,19.96,83.4
2026-07-11 04:00:00,future,8045,7228.331654177964,37.60544986300496,3799.300352009306,20.06,83.1
2026-07-11 05:00:00,future,8046,9467.858357405765,39.91416498680848,4037.8762639366105,20.36,82.3
2026-07-11 06:00:00,future,8047,13248.231746267236,43.80122349873317,4437.682831215808,20.84,81.1
2026-07-11 07:00:00,future,8048,16748.501527822278,47.46746635045406,4827.247208801048,21.46,79.4
2026-07-11 08:00:00,future,8049,18467.691348627504,49.4271892683294,5064.45151452753,22.18,77.5
2026-07-11 09:00:00,future,8050,16499.08015850095,47.79720994442769,4969.954145665343,22.96,75.4
2026-07-11 10:00:00,future,8051,13376.023464503398,45.0363058462489,4769.54594866624,23.74,73.3
2026-07-11 11:00:00,future,8052,11607.50420561844,43.57937844111902,4686.781788413148,24.46,71.4
2026-07-11 12:00:00,future,8053,11121.55276193938,43.34061553531377,4710.643333178777,25.08,69.7
2026-07-11 13:00:00,future,8054,11421.376744964387,43.81803752653899,4791.138275346586,25.56,68.5
2026-07-11 14:00:00,future,8055,12583.55344787053,45.071352632025715,4930.876234035933,25.86,67.7
2026-07-11 15:00:00,future,8056,14366.630276610607,46.85637318157783,5105.498073336198,25.96,67.4
2026-07-11 16:00:00,future,8057,16730.92637593262,49.134226779643896,5311.363402924208,25.86,67.7
2026-07-11 17:00:00,future,8058,19611.76754741794,51.841556903111446,5542.538899927087,25.56,68.5
2026-07-11 18:00:00,future,8059,21148.40757545014,53.163182714670135,5630.524343886228,25.08,69.7
2026-07-11 19:00:00,future,8060,19453.544064604142,51.26556269731754,5406.59106158718,24.46,71.4
2026-07-11 20:00:00,future,8061,16189.845281357791,47.79279871872458,5027.690831082506,23.74,73.3
2026-07-11 21:00:00,future,8062,13024.528619703831,44.3934490899289,4651.192775254642,22.96,75.4
2026-07-11 22:00:00,future,8063,9976.934248295349,41.10942327163516,4285.494766036397,22.18,77.5
2026-07-11 23:00:00,future,8064,7707.172098072462,38.610345412117255,3997.7800021181956,21.46,79.4
2026-07-12 00:00:00,future,8065,5661.831242044524,36.57153921419567,3754.215098508878,20.82,78.1
2026-07-12 01:00:00,future,8066,4908.426800937436,35.63851276036318,3631.894946473493,20.35,79.3
2026-07-12 02:00:00,future,8067,4873.166774951636,35.48803994897147,3595.4209621344908,20.05,80.1
2026-07-12 03:00:00,future,8068,5506.332332227419,36.07814828364923,3642.3637588706856,19.94,80.4
2026-07-12 04:00:00,future,8069,6951.819371649293,37.5640784112261,3789.475067554676,20.05,80.1
2026-07-12 05:00:00,future,8070,9275.51088755065,40.00010475804121,4039.5872164895572,20.35,79.3
2026-07-12 06:00:00,future,8071,13064.008244733956,43.96440716452741,4445.250646584975,20.82,78.1
2026-07-12 07:00:00,future,8072,16592.507179513676,47.726666689629766,4843.232866955232,21.44,76.4
2026-07-12 08:00:00,future,8073,18264.55570148859,49.6770714398813,5080.071654710612,22.17,74.5
2026-07-12 09:00:00,future,8074,16254.589842039051,47.9654599642512,4977.597647826339,22.94,72.4
2026-07-12 10:00:00,future,8075,13143.796052394002,45.15824687501111,4773.461134549178,23.72,70.3
2026-07-12 11:00:00,future,8076,11400.387670711903,43.69364813031786,4690.3414158123005,24.44,68.4
2026-07-12 12:00:00,future,8077,10901.81311465476,43.43774055706083,4713.479374737296,25.07,66.7
2026-07-12 13:00:00,future,8078,11175.474831775718,43.891627616189126,4791.012800369784,25.54,65.5
2026-07-12 14:00:00,future,8079,12317.119228068324,45.147093397759384,4930.774091867208,25.84,64.7
2026-07-12 15:00:00,future,8080,14113.856420191129,46.979990038014826,5109.570535407517,25.94,64.4
2026-07-12 16:00:00,future,8081,16530.0056997094,49.35468170093904,5324.071132839764,25.84,64.7
2026-07-12 17:00:00,future,8082,19441.042099922495,52.14680002368379,5562.650766501691,25.54,65.5
2026-07-12 18:00:00,future,8083,20970.710319090344,53.49397501495222,5653.468501674004,25.07,66.7
2026-07-12 19:00:00,future,8084,19237.034216513668,51.520439230488286,5421.937179989405,24.44,68.4
2026-07-12 20:00:00,future,8085,15945.13428264674,47.95606211408875,5034.982076102709,23.72,70.3
2026-07-12 21:00:00,future,8086,12779.229491751656,44.49447026214621,4653.152887379484,22.94,72.4
2026-07-12 22:00:00,future,8087,9746.166887164483,41.16939543713235,4284.831351635855,22.17,74.5
2026-07-12 23:00:00,future,8088,7489.282913749113,38.63489073039489,3993.3948304604746,21.44,76.4
2026-07-13 00:00:00,future,8089,5569.193642659561,36.179976289593164,3694.8582896210874,20.84,85.1
2026-07-13 01:00:00,future,8090,4867.016138626189,35.30587337698724,3578.236508440135,20.36,86.3
2026-07-13 02:00:00,future,8091,4907.064460820281,35.230928946830225,3549.160735568239,20.06,87.1
2026-07-13 03:00:00,future,8092,5611.817978353041,35.88646691188058,3602.721662778824,19.96,87.4
2026-07-13 04:00:00,future,8093,7115.373005012687,37.40447253468502,3751.18704276167,20.06,87.1
2026-07-13 05:00:00,future,8094,9358.78274341892,39.72692700541395,3989.1641491122464,20.36,86.3
2026-07-13 06:00:00,future,8095,13150.528476968237,43.641959697585655,4388.433960557247,20.84,85.1
2026-07-13 07:00:00,future,8096,16657.7922895283,47.33035807416796,4776.956516771745,21.46,83.4
2026-07-13 08:00:00,future,8097,18364.918391647934,49.28507870537194,5011.707319696495,22.18,81.5
2026-07-13 09:00:00,future,8098,16377.829138252178,47.62661372478896,4915.042084895928,22.96,79.4
2026-07-13 10:00:00,future,8099,13250.433201953598,44.841981603599386,4712.9649869884115,23.73,77.3
2026-07-13 11:00:00,future,8100,11488.345751359077,43.385915887836404,4631.427364088951,24.46,75.4
2026-07-13 12:00:00,future,8101,11012.717870521548,43.154124432218254,4655.576516557563,25.08,73.7
2026-07-13 13:00:00,future,8102,11313.461663582157,43.62930124786674,4734.3819608077565,25.55,72.5
2026-07-13 14:00:00,future,8103,12477.74033625541,44.88961319573704,4873.635152530963,25.85,71.7
2026-07-13 15:00:00,future,8104,14257.719414266918,46.68350325775433,5048.480406019591,25.96,71.4
2026-07-13 16:00:00,future,8105,16625.512906090004,48.97208821796766,5253.092623528674,25.85,71.7
2026-07-13 17:00:00,future,8106,19507.407707520644,51.69425165068459,5484.002146335094,25.55,72.5
2026-07-13 18:00:00,future,8107,21045.55828961206,53.02901986666012,5573.427287846002,25.08,73.7
2026-07-13 19:00:00,future,8108,19344.017084686613,51.11791697063486,5350.100610257935,24.46,75.4
2026-07-13 20:00:00,future,8109,16075.827343444016,47.62289613456447,4971.445146507973,23.73,77.3
2026-07-13 21:00:00,future,8110,12908.008639661664,44.21141791098268,4597.606813544085,22.96,79.4
2026-07-13 22:00:00,future,8111,9865.527847915202,40.9194923539593,4234.1436547544445,22.18,81.5
2026-07-13 23:00:00,future,8112,7603.531169378981,38.418636361991844,3948.6307181511647,21.46,83.4
2026-07-14 00:00:00,future,8113,5756.144489062902,36.037683719921404,3757.6115593742443,20.73,81.9
2026-07-14 01:00:00,future,8114,5049.820046572331,35.19567188052348,3642.2256310269704,20.26,83.2
2026-07-14 02:00:00,future,8115,5115.8773451471425,35.14292826703328,3614.579013773971,19.96,84.0
2026-07-14 03:00:00,future,8116,5883.931996908962,35.8210977246215,3670.6425913289563,19.85,84.2
2026-07-14 04:00:00,future,8117,7445.170817177995,37.327156784652445,3821.8844930977853,19.96,84.0
2026-07-14 05:00:00,future,8118,9735.575585237548,39.58960549045247,4059.254575469205,20.26,83.2
2026-07-14 06:00:00,future,8119,13736.145727987936,43.52070227726081,4467.826052182508,20.73,81.9
2026-07-14 07:00:00,future,8120,17423.498459597857,47.21543185089064,4865.284234953955,21.35,80.2
2026-07-14 08:00:00,future,8121,19280.059161267687,49.23544030179022,5112.095961617766,22.08,78.3
2026-07-14 09:00:00,future,8122,17217.92524849379,47.59609624126694,5014.616715505599,22.85,76.2
2026-07-14 10:00:00,future,8123,13856.71978402643,44.74240778378257,4802.638538107608,23.63,74.2
2026-07-14 11:00:00,future,8124,11979.501156218636,43.25734826408345,4716.02901046689,24.35,72.2
2026-07-14 12:00:00,future,8125,11475.63616431965,43.0257058575148,4741.589288563388,24.98,70.6
2026-07-14 13:00:00,future,8126,11802.846078581308,43.51221386111683,4823.234290772834,25.45,69.3
2026-07-14 14:00:00,future,8127,13039.877461669495,44.78689171932611,4966.85488339531,25.75,68.5
2026-07-14 15:00:00,future,8128,14977.033834379312,46.64163384358628,5150.4356603631195,25.85,68.2
2026-07-14 16:00:00,future,8129,17481.65869194606,48.952045380164236,5362.170286134657,25.75,68.5
2026-07-14 17:00:00,future,8130,20555.450215676072,51.719718750144715,5602.209897650764,25.45,69.3
2026-07-14 18:00:00,future,8131,22163.530845660927,53.04797425632768,5692.804391547438,24.98,70.6
2026-07-14 19:00:00,future,8132,20359.03092569555,51.11501330565185,5461.801261249456,24.35,72.2
2026-07-14 20:00:00,future,8133,16913.515268883544,47.60883056422043,5074.691184453917,23.63,74.2
2026-07-14 21:00:00,future,8134,13572.9759099011,44.17814895972927,4690.218790202879,22.85,76.2
2026-07-14 22:00:00,future,8135,10328.867730626636,40.84171584231789,4315.4462254081045,22.08,78.3
2026-07-14 23:00:00,future,8136,7894.918695195056,38.280277949621336,4017.2473434872545,21.35,80.2
2026-07-15 00:00:00,future,8137,5879.667481811218,36.292632756009084,3818.5221125900653,20.64,79.1
2026-07-15 01:00:00,future,8138,5128.538127773858,35.41108310287882,3697.1277736136167,20.16,80.3
2026-07-15 02:00:00,future,8139,5210.277688701368,35.37089794604536,3670.181388722923,19.86,81.1
2026-07-15 03:00:00,future,8140,5961.356180589621,36.0282656278901,3725.4478634802385,19.76,81.4
2026-07-15 04:00:00,future,8141,7544.589418337217,37.53406478523471,3877.379016916916,19.86,81.1
2026-07-15 05:00:00,future,8142,9903.14658075252,39.83563126603603,4120.930445061658,20.16,80.3
2026-07-15 06:00:00,future,8143,13953.380112575138,43.774404453543774,4535.159092379878,20.64,79.1
2026-07-15 07:00:00,future,8144,17745.657191193666,47.52823531118578,4942.451878253171,21.26,77.4
2026-07-15 08:00:00,future,8145,19612.329566697143,49.53628509316402,5190.22517031936,21.98,75.5
2026-07-15 09:00:00,future,8146,17507.501003089743,47.88719910069049,5092.321377523888,22.76,73.4
2026-07-15 10:00:00,future,8147,14112.063551686138,45.04212787925212,4879.86086246957,23.54,71.3
2026-07-15 11:00:00,future,8148,12201.064618942391,43.54947413495701,4792.321383225894,24.26,69.4
2026-07-15 12:00:00,future,8149,11710.61485560526,43.33457512322984,4819.4717774082565,24.88,67.7
2026-07-15 13:00:00,future,8150,12063.6757885832,43.847241564562786,4905.532860909308,25.36,66.5
2026-07-15 14:00:00,future,8151,13340.41617106768,45.14630689921684,5053.060322718972,25.66,65.7
2026-07-15 15:00:00,future,8152,15245.366020212638,46.95023534947285,5233.547610276838,25.76,65.4
2026-07-15 16:00:00,future,8153,17787.98472855573,49.26779277294812,5447.834355956367,25.66,65.7
2026-07-15 17:00:00,future,8154,20876.81826729404,52.01423028203471,5687.8029387833885,25.36,66.5
2026-07-15 18:00:00,future,8155,22571.395904698697,53.39907555598055,5783.493868004304,24.88,67.7
2026-07-15 19:00:00,future,8156,20792.57160189346,51.51107702125308,5554.918703403559,24.26,69.4
2026-07-15 20:00:00,future,8157,17276.28830355961,47.97436095168013,5160.723034962352,23.54,71.3
2026-07-15 21:00:00,future,8158,13849.21733813558,44.4971300658185,4767.605664101339,22.76,73.4
2026-07-15 22:00:00,future,8159,10557.870811938192,41.14567270132304,4386.535433962232,21.98,75.5
2026-07-15 23:00:00,future,8160,8073.513198848737,38.565224551963425,4083.9353102550836,21.26,77.4
2026-07-16 00:00:00,future,8161,6017.418443250328,36.43431171022598,3905.3165707325347,21.01,86.2
2026-07-16 01:00:00,future,8162,5266.137198524008,35.562257887979236,3783.1663491533245,20.53,87.5
2026-07-16 02:00:00,future,8163,5294.636664048949,35.47411726317963,3751.384771846584,20.23,88.3
2026-07-16 03:00:00,future,8164,6026.326637687667,36.1072477946056,3805.407811736113,20.13,88.6
2026-07-16 04:00:00,future,8165,7654.285838029535,37.638772812384566,3962.5109024809085,20.23,88.3
2026-07-16 05:00:00,future,8166,10092.47022327652,39.989758670528836,4214.995380309562,20.53,87.5
2026-07-16 06:00:00,future,8167,14259.805541479102,43.99557512498092,4642.7920032790325,21.01,86.2
2026-07-16 07:00:00,future,8168,18104.504698781413,47.75875000133169,5057.742609782159,21.63,84.6
2026-07-16 08:00:00,future,8169,19940.864712850347,49.72145275281068,5305.588258479453,22.36,82.6
2026-07-16 09:00:00,future,8170,17752.907301930158,48.007632396137645,5197.941575931437,23.13,80.6
2026-07-16 10:00:00,future,8171,14337.043941584,45.17118568724523,4981.5742032217995,23.91,78.5
2026-07-16 11:00:00,future,8172,12437.193379638353,43.702616481743824,4893.983535356633,24.63,76.6
2026-07-16 12:00:00,future,8173,11907.21288517489,43.452620803501546,4917.516130306818,25.25,74.9
2026-07-16 13:00:00,future,8174,12184.084412522312,43.889468562641625,4997.219241921556,25.73,73.6
2026-07-16 14:00:00,future,8175,13364.537490949742,45.08665788071679,5137.170065546642,26.03,72.8
2026-07-16 15:00:00,future,8176,15295.882034063048,46.896497477213316,5321.418112506453,26.13,72.6
2026-07-16 16:00:00,future,8177,17848.698677605214,49.2002627772653,5538.38377600773,26.03,72.8
2026-07-16 17:00:00,future,8178,21046.523365902332,52.01954479238964,5790.1728999662455,25.73,73.6
2026-07-16 18:00:00,future,8179,22758.6781189535,53.40735674235201,5888.434982051099,25.25,74.9
2026-07-16 19:00:00,future,8180,20919.350302622646,51.483835933782636,5652.91201944219,24.63,76.6
2026-07-16 20:00:00,future,8181,17364.10374244064,47.94809925047877,5252.415915625793,23.91,78.5
2026-07-16 21:00:00,future,8182,13947.659860465365,44.51683805217622,4857.472671790335,23.13,80.6
2026-07-16 22:00:00,future,8183,10666.238350838208,41.213250922339256,4475.754739801123,22.36,82.6
2026-07-16 23:00:00,future,8184,8256.6578923507,38.724696773283576,4176.621037029915,21.63,84.6
2026-07-17 00:00:00,future,8185,5937.31902656611,36.61298917511965,3777.8294779963426,20.82,83.1
2026-07-17 01:00:00,future,8186,5077.5723331205845,35.59069009812192,3646.5675693701737,20.35,84.3
2026-07-17 02:00:00,future,8187,4984.000264068711,35.38420866059116,3604.71324291582,20.05,85.1
2026-07-17 03:00:00,future,8188,5610.700183010009,35.96004424507902,3651.3618043509096,19.95,85.4
2026-07-17 04:00:00,future,8189,7087.252000634762,37.44517136364953,3798.4491940120643,20.05,85.1
2026-07-17 05:00:00,future,8190,9546.44173596874,39.96970617308121,4058.206675157501,20.35,84.3
2026-07-17 06:00:00,future,8191,13350.700757724053,43.877313737806624,4460.695221338284,20.82,83.1
2026-07-17 07:00:00,future,8192,16868.050713600107,47.56500272099968,4854.481251678552,21.45,81.4
2026-07-17 08:00:00,future,8193,18459.78063093459,49.400226379832716,5080.863993960462,22.17,79.5
2026-07-17 09:00:00,future,8194,16366.67136487901,47.64765823371662,4974.47371175759,22.95,77.4
2026-07-17 10:00:00,future,8195,13291.574802866136,44.9290207611811,4776.522204096623,23.72,75.3
2026-07-17 11:00:00,future,8196,11605.092178011386,43.55577162132852,4702.048158740903,24.45,73.4
2026-07-17 12:00:00,future,8197,11098.378762336912,43.29648070869018,4724.059477255331,25.07,71.7
2026-07-17 13:00:00,future,8198,11360.459874877604,43.733131168486416,4800.2688651865055,25.54,70.5
2026-07-17 14:00:00,future,8199,12524.59586905676,44.988651236328465,4940.735600530387,25.84,69.7
2026-07-17 15:00:00,future,8200,14330.419888365366,46.80025640385339,5119.260942060713,25.95,69.4
2026-07-17 16:00:00,future,8201,16794.93738279229,49.17313112341038,5334.087789565106,25.84,69.7
2026-07-17 17:00:00,future,8202,19672.150040956025,51.87770232649372,5565.880119201953,25.54,70.5
2026-07-17 18:00:00,future,8203,21137.604258447107,53.13385250559016,5648.798473517414,25.07,71.7
2026-07-17 19:00:00,future,8204,19344.80902775564,51.139869845157264,5414.973472925584,24.45,73.4
2026-07-17 20:00:00,future,8205,16065.582826727426,47.647253189457636,5032.043249679509,23.72,75.3
2026-07-17 21:00:00,future,8206,12924.857253348056,44.27504696165527,4657.439322197259,22.95,77.4
2026-07-17 22:00:00,future,8207,9928.47345944642,41.04045394599247,4295.023250207645,22.17,79.5
2026-07-17 23:00:00,future,8208,7701.369274822089,38.58263117331994,4010.1145427093907,21.45,81.4
2026-07-18 00:00:00,future,8209,5776.062606574749,36.45898180529639,3744.0898458238785,20.82,80.1
2026-07-18 01:00:00,future,8210,5065.117301827577,35.582952106035606,3626.4067877251446,20.34,81.3
2026-07-18 02:00:00,future,8211,5099.307783259227,35.501266388517756,3596.4101124570407,20.04,82.1
2026-07-18 03:00:00,future,8212,5811.865506378772,36.156592492697506,3650.2298852830118,19.94,82.4
2026-07-18 04:00:00,future,8213,7313.555558161146,37.656756209434235,3797.9477864188552,20.04,82.1
2026-07-18 05:00:00,future,8214,9552.985405238762,39.9517287732932,4034.886140786242,20.34,81.3
2026-07-18 06:00:00,future,8215,13333.508823447744,43.81588132541222,4431.957820178088,20.82,80.1
2026-07-18 07:00:00,future,8216,16833.8613750586,47.46094986841992,4818.979447529363,21.44,78.4
2026-07-18 08:00:00,future,8217,18553.197784284464,49.41058682632387,5054.931740833719,22.16,76.5
2026-07-18 09:00:00,future,8218,16584.70283668493,47.79324762653341,4961.844613363649,22.94,74.4
2026-07-18 10:00:00,future,8219,13461.482522759856,45.051825204765215,4763.65603020655,23.72,72.3
2026-07-18 11:00:00,future,8220,11692.791079469822,43.60599368060005,4682.13300386597,24.44,70.4
2026-07-18 12:00:00,future,8221,11206.83233626718,43.37053290057138,4706.326263429901,25.06,68.7
2026-07-18 13:00:00,future,8222,11506.729641706472,43.8464222955451,4786.596318970311,25.54,67.5
2026-07-18 14:00:00,future,8223,12669.041037518422,45.09285915172912,4925.496888357175,25.84,66.7
2026-07-18 15:00:00,future,8224,14452.180015713153,46.86700318036504,5098.831869302757,25.94,66.4
2026-07-18 16:00:00,future,8225,16816.32676994565,49.13009124562838,5302.976919834424,25.84,66.7
2026-07-18 17:00:00,future,8226,19697.075504926343,51.81942664404798,5532.069916336451,25.54,67.5
2026-07-18 18:00:00,future,8227,21233.724286761902,53.13134818949184,5618.959665921932,25.06,68.7
2026-07-18 19:00:00,future,8228,19538.98125998031,51.243974966508446,5396.282041912155,24.44,70.4
2026-07-18 20:00:00,future,8229,16275.35664868197,47.79102950905046,5019.770839302292,23.72,72.3
2026-07-18 21:00:00,future,8230,13110.034316941164,44.41078396990926,4645.585241131235,22.94,74.4
2026-07-18 22:00:00,future,8231,10062.318430304966,41.14502403539214,4282.104013834096,22.16,76.5
2026-07-18 23:00:00,future,8232,7792.444664160663,38.659458947708515,3996.0425956160475,21.44,78.4
2026-07-19 00:00:00,future,8233,5746.997471405948,36.63353228688721,3753.8379904308717,20.8,77.1
2026-07-19 01:00:00,future,8234,4993.628109758153,35.705135325956086,3632.101180760628,20.33,78.3
2026-07-19 02:00:00,future,8235,4958.663803441858,35.555039596060965,3595.6928339521846,20.03,79.1
2026-07-19 03:00:00,future,8236,5592.07940409195,36.145142587655194,3643.2971155540677,19.93,79.4
2026-07-19 04:00:00,future,8237,7037.708605718668,37.61817751547104,3788.234559912455,20.03,79.1
2026-07-19 05:00:00,future,8238,9361.245507407995,40.0393358495323,4036.589141364779,20.33,78.3
2026-07-19 06:00:00,future,8239,13149.76342637893,43.97965928400482,4439.413083516651,20.8,77.1
2026-07-19 07:00:00,future,8240,16678.349971469463,47.72358619334923,4835.85542325499,21.43,75.4
2026-07-19 08:00:00,future,8241,18350.611576788855,49.660010685427565,5070.333355787704,22.15,73.5
2026-07-19 09:00:00,future,8242,16340.755798341106,47.96556965805042,4970.44199707847,22.93,71.4
2026-07-19 10:00:00,future,8243,13229.8211277339,45.17462752070385,4767.473311725289,23.7,69.3
2026-07-19 11:00:00,future,8244,11486.264786536893,43.72521530312876,4686.715741687917,24.43,67.4
2026-07-19 12:00:00,future,8245,10987.635448103,43.46889214160482,4709.08925613995,25.05,65.7
2026-07-19 13:00:00,future,8246,11261.369972213355,43.92132397676766,4786.4067635666825,25.52,64.5
2026-07-19 14:00:00,future,8247,12403.100675394784,45.16971817469037,4925.313484654446,25.82,63.7
2026-07-19 15:00:00,future,8248,14199.882707509045,46.99506587517055,5103.87710284912,25.93,63.4
2026-07-19 16:00:00,future,8249,16615.926908069796,49.350311848765536,5315.466132217234,25.82,63.7
2026-07-19 17:00:00,future,8250,19526.947936591016,52.12366156250547,5551.88745237993,25.52,64.5
2026-07-19 18:00:00,future,8251,21056.657378823824,53.46087544754029,5641.588093658835,25.05,65.7
2026-07-19 19:00:00,future,8252,19323.100660623353,51.50209112721612,5412.490339528005,24.43,67.4
2026-07-19 20:00:00,future,8253,16031.232936743592,47.95460557828183,5026.913928032121,23.7,69.3
2026-07-19 21:00:00,future,8254,12865.312835007917,44.516717494524535,4648.578905959015,22.93,71.4
2026-07-19 22:00:00,future,8255,9832.213710512937,41.20678753636922,4281.438847216801,22.15,73.5
2026-07-19 23:00:00,future,8256,7575.220847913184,38.6901055971025,3992.8085629038924,21.43,75.4
2026-07-20 00:00:00,future,8257,5655.021247773224,36.24483812911046,3694.96721203531,20.82,84.1
2026-07-20 01:00:00,future,8258,4952.884889952129,35.37489746051363,3578.8685423662255,20.34,85.3
2026-07-20 02:00:00,future,8259,4993.041590780568,35.29965563179976,3549.7813957129442,20.04,86.1
2026-07-20 03:00:00,future,8260,5697.894044825179,35.95085416008403,3602.8449685421733,19.94,86.4
2026-07-20 04:00:00,future,8261,7201.48403162789,37.45959065943325,3750.2252327235715,20.04,86.1
2026-07-20 05:00:00,future,8262,9444.824356104044,39.768173561125195,3986.568360827197,20.34,85.3
2026-07-20 06:00:00,future,8263,13236.633699899076,43.659923982561956,4383.093586770523,20.82,84.1
2026-07-20 07:00:00,future,8264,16744.029089174048,47.32694850623365,4769.079553845036,21.44,82.4
2026-07-20 08:00:00,future,8265,18451.25814123885,49.27151867953367,5002.58848210545,22.16,80.5
2026-07-20 09:00:00,future,8266,16464.17308189917,47.62582193750189,4907.338466182445,22.94,78.4
2026-07-20 10:00:00,future,8267,13336.581864690175,44.86085250914297,4707.4821564497,23.71,76.3
2026-07-20 11:00:00,future,8268,11574.35376081274,43.41598775953464,4627.185416311737,24.44,74.4
2026-07-20 12:00:00,future,8269,11098.673034254198,43.18742258560101,4651.657293185764,25.06,72.7
2026-07-20 13:00:00,future,8270,11399.43955995393,43.66480932415215,4731.3266189323285,25.54,71.5
2026-07-20 14:00:00,future,8271,12563.718442030802,44.91803186720479,4869.731393794676,25.84,70.7
2026-07-20 15:00:00,future,8272,14343.73651169183,46.69712483487027,5042.200971856654,25.94,70.4
2026-07-20 16:00:00,future,8273,16711.47527825786,48.97468514961309,5246.192323843379,25.84,70.7
2026-07-20 17:00:00,future,8274,19593.419260735864,51.67881206385963,5475.032998249039,25.54,71.5
2026-07-20 18:00:00,future,8275,21131.64009353424,53.00002018000221,5562.274829222489,25.06,72.7
2026-07-20 19:00:00,future,8276,19430.17368572184,51.099258245897,5340.199556725178,24.44,74.4
2026-07-20 20:00:00,future,8277,16161.953654386887,47.6241663188124,4963.920065825824,23.71,76.3
2026-07-20 21:00:00,future,8278,12994.099805417089,44.231967209980496,4592.385814765711,22.94,78.4
2026-07-20 22:00:00,future,8279,9951.599271875528,40.958550872308535,4231.1378861809635,22.16,80.5
2026-07-20 23:00:00,future,8280,7689.58136083387,38.47137751982617,3947.274914017371,21.44,82.4
2026-07-21 00:00:00,future,8281,5842.10754166723,36.102102717749915,3757.744568951507,20.71,80.9
2026-07-21 01:00:00,future,8282,5135.843891984354,35.263858859428154,3642.8468870220445,20.24,82.2
2026-07-21 02:00:00,future,8283,5201.908547344524,35.21060023906512,3615.1641286906834,19.94,83.0
2026-07-21 03:00:00,future,8284,5970.014785263746,35.888294507106224,3671.8395755367837,19.84,83.2
2026-07-21 04:00:00,future,8285,7531.263715936029,37.381859646521896,3820.9203562296366,19.94,83.0
2026-07-21 05:00:00,future,8286,9821.652650084055,39.631636897209894,4056.7529954746133,20.24,82.2
2026-07-21 06:00:00,future,8287,13822.270156468916,43.5406433851657,4462.647014447546,20.71,80.9
2026-07-21 07:00:00,future,8288,17509.708269031406,47.21897397024998,4858.753785854753,21.34,79.2
2026-07-21 08:00:00,future,8289,19366.308768429153,49.22517961727894,5103.1948138207645,22.06,77.3
2026-07-21 09:00:00,future,8290,17304.15656929301,47.6015702722525,5008.188880465537,22.84,75.2
2026-07-21 10:00:00,future,8291,13942.876069613443,44.76317783742293,4797.311275185699,23.61,73.2
2026-07-21 11:00:00,future,8292,12065.57715240583,43.29273568977641,4713.047377165014,24.34,71.2
2026-07-21 12:00:00,future,8293,11561.692289718269,43.060384774919314,4737.809600033556,24.96,69.6
2026-07-21 13:00:00,future,8294,11888.91957811832,43.545317864535434,4819.226302828007,25.43,68.3
2026-07-21 14:00:00,future,8295,13125.967526405397,44.81324547904566,4962.015394877918,25.73,67.5
2026-07-21 15:00:00,future,8296,15063.154626220648,46.66106145251293,5145.420764723537,25.84,67.2
2026-07-21 16:00:00,future,8297,17567.770747406692,48.95357888964467,5354.368045322473,25.73,67.5
2026-07-21 17:00:00,future,8298,20641.58312869315,51.703929024713744,5592.3651772114035,25.43,68.3
2026-07-21 18:00:00,future,8299,22249.68974378238,53.0229767110572,5681.900078697627,24.96,69.6
2026-07-21 19:00:00,future,8300,20445.22198022831,51.10364529638558,5453.236821495917,24.34,71.2
2026-07-21 20:00:00,future,8301,16999.69444584672,47.61252676702243,5067.325666226729,23.61,73.2
2026-07-21 21:00:00,future,8302,13659.14494341641,44.20394938142053,4686.218297538292,22.84,75.2
2026-07-21 22:00:00,future,8303,10414.990179039807,40.88139634265424,4312.508374377637,22.06,77.3
2026-07-21 23:00:00,future,8304,7980.992726069355,38.336982274605624,4017.0648112201197,21.34,79.2
2026-07-22 00:00:00,future,8305,5965.64616321699,36.35886807637188,3819.152686494287,20.62,78.1
2026-07-22 01:00:00,future,8306,5214.547863555874,35.481107939791045,3698.2480288708593,20.14,79.3
2026-07-22 02:00:00,future,8307,5296.256394103893,35.44028352715768,3671.2467467942183,19.84,80.1
2026-07-22 03:00:00,future,8308,6047.344146311003,36.09356748168244,3726.0284879919373,19.74,80.4
2026-07-22 04:00:00,future,8309,7630.562934591214,37.59090476680479,3876.9341256668067,19.84,80.1
2026-07-22 05:00:00,future,8310,9989.14261613794,39.879992451105885,4118.961359705463,20.14,79.3
2026-07-22 06:00:00,future,8311,14039.367918896216,43.79727309713654,4530.568533928604,20.62,78.1
2026-07-22 07:00:00,future,8312,17831.708877583438,47.531143737045056,4935.4127134371665,21.24,76.4
2026-07-22 08:00:00,future,8313,19698.399166865824,49.533463328162554,5183.118595662753,21.97,74.5
2026-07-22 09:00:00,future,8314,17593.56192935815,47.89225316023429,5085.433538262048,22.74,72.4
2026-07-22 10:00:00,future,8315,14198.086184034462,45.065834231956714,4875.163926194382,23.52,70.3
2026-07-22 11:00:00,future,8316,12287.05135749648,43.58382571232707,4788.855593457767,24.24,68.4
2026-07-22 12:00:00,future,8317,11796.554544214612,43.37187273455566,4816.317599642627,24.86,66.7
2026-07-22 13:00:00,future,8318,12149.611774010811,43.88291343465467,4902.148875546848,25.34,65.5
2026-07-22 14:00:00,future,8319,13426.338490237458,45.17527856986551,5048.8486549848885,25.64,64.7
2026-07-22 15:00:00,future,8320,15331.309187028775,46.969049282363045,5228.105456297027,25.74,64.4
2026-07-22 16:00:00,future,8321,17873.92869355736,49.2728903404727,5440.7479858368215,25.64,64.7
2026-07-22 17:00:00,future,8322,20962.78302300807,52.00258107384306,5678.72130179857,25.34,65.5
2026-07-22 18:00:00,future,8323,22657.36313776585,53.37805025919082,5773.317553718099,24.86,66.7
2026-07-22 19:00:00,future,8324,20878.565502359063,51.499278323282205,5545.896707961362,24.24,68.4
2026-07-22 20:00:00,future,8325,17362.2704448078,47.98103056943327,5153.97596547886,23.52,70.3
2026-07-22 21:00:00,future,8326,13935.202166801198,44.52176772005606,4763.077233517173,22.74,72.4
2026-07-22 22:00:00,future,8327,10643.869844886289,41.191429950322025,4385.2789071468815,21.97,74.5
2026-07-22 23:00:00,future,8328,8159.5221322741345,38.620056059608814,4083.148152162563,21.24,76.4
2026-07-23 00:00:00,future,8329,6103.318500067007,36.5010318785794,3906.112620503941,20.99,85.2
2026-07-23 01:00:00,future,8330,5352.069678590645,35.636460739599116,3785.58719482619,20.52,86.5
2026-07-23 02:00:00,future,8331,5380.536602615485,35.54797411180696,3753.7840976702482,20.22,87.3
2026-07-23 03:00:00,future,8332,6112.187123348494,36.17339241703111,3806.1932515492376,20.11,87.6
2026-07-23 04:00:00,future,8333,7740.1020249539215,37.700282088111095,3963.400554072589,20.22,87.3
2026-07-23 05:00:00,future,8334,10178.302553220148,40.03877118762722,4214.3347189994,20.52,86.5
2026-07-23 06:00:00,future,8335,14345.643755858157,44.019374969804716,4638.335171435461,20.99,85.2
2026-07-23 07:00:00,future,8336,18190.414315371476,47.76296833668889,5050.84545587747,21.61,83.6
2026-07-23 08:00:00,future,8337,20026.790110300753,49.71654469990823,5297.524597122257,22.34,81.6
2026-07-23 09:00:00,future,8338,17838.8099765918,48.01451340770422,5191.270070456241,23.11,79.6
2026-07-23 10:00:00,future,8339,14422.90531224647,45.19623005025875,4977.074946356517,23.89,77.5
2026-07-23 11:00:00,future,8340,12522.985831397917,43.73788147446279,4890.688830833438,24.61,75.6
2026-07-23 12:00:00,future,8341,11992.95566386873,43.490944038338704,4914.555419623975,25.23,73.9
2026-07-23 13:00:00,future,8342,12269.805083481995,43.92660075893838,4994.081077653121,25.71,72.6
2026-07-23 14:00:00,future,8343,13450.235280943149,45.117798459062996,5133.27883670818,26.01,71.8
2026-07-23 15:00:00,future,8344,15381.610080173676,46.91767787911039,5316.300172762187,26.11,71.6
2026-07-23 16:00:00,future,8345,17934.436030877274,49.20811990133403,5531.641290276586,26.01,71.8
2026-07-23 17:00:00,future,8346,21132.313520092852,52.01065192259554,5781.398774264019,25.71,72.6
2026-07-23 18:00:00,future,8347,22844.504323003755,53.38932384726219,5878.573265821758,25.23,73.9
2026-07-23 19:00:00,future,8348,21005.205506406863,51.47504734850447,5644.222856153872,24.61,75.6
2026-07-23 20:00:00,future,8349,17449.93611940539,47.95737517007056,5245.986952444714,23.89,77.5
2026-07-23 21:00:00,future,8350,14033.493607728473,44.54344509337523,4853.217594699735,23.11,79.6
2026-07-23 22:00:00,future,8351,10752.052222858589,41.25647313576036,4473.585717691047,22.34,81.6
2026-07-23 23:00:00,future,8352,8342.446249120958,38.7800174853523,4175.982589492083,21.61,83.6
2026-07-24 00:00:00,future,8353,6023.004027721809,36.686110972080456,3779.9913713648184,20.81,82.1
2026-07-24 01:00:00,future,8354,5163.291457623065,35.66483587536741,3648.213751363349,20.33,83.3
2026-07-24 02:00:00,future,8355,5069.59838196061,35.45861360354701,3606.4098205806868,20.03,84.1
2026-07-24 03:00:00,future,8356,5696.208808008081,36.03058327183508,3652.6160444680536,19.93,84.4
2026-07-24 04:00:00,future,8357,7172.697494715361,37.506945348123644,3798.6783448534825,20.03,84.1
2026-07-24 05:00:00,future,8358,9631.94702865136,40.017121987897326,4056.7450502043316,20.33,83.3
2026-07-24 06:00:00,future,8359,13436.238579495122,43.90629549419735,4457.72056573007,20.81,82.1
2026-07-24 07:00:00,future,8360,16953.681049405557,47.56974207201348,4847.983139333549,21.43,80.4
2026-07-24 08:00:00,future,8361,18545.407453649765,49.39594370038558,5073.273272712478,22.15,78.5
2026-07-24 09:00:00,future,8362,16452.239247217465,47.656203863692355,4968.332401468639,22.93,76.4
2026-07-24 10:00:00,future,8363,13377.10985980742,44.95624205780288,4772.511197792776,23.7,74.3
2026-07-24 11:00:00,future,8364,11690.57978272325,43.59338946406637,4699.206075865219,24.43,72.4
2026-07-24 12:00:00,future,8365,11183.78265150286,43.33739274375776,4721.566535518351,25.05,70.7
2026-07-24 13:00:00,future,8366,11445.812652134944,43.77271738037567,4797.595159075125,25.52,69.5
2026-07-24 14:00:00,future,8367,12609.892691288642,45.02145238162623,4937.255496445174,25.82,68.7
2026-07-24 15:00:00,future,8368,14415.7520883844,46.822440240032044,5114.537314432868,25.93,68.4
2026-07-24 16:00:00,future,8369,16880.307462494275,49.180660136182254,5327.663319411243,25.82,68.7
2026-07-24 17:00:00,future,8370,19757.594661106617,51.86805004431133,5557.470930621092,25.52,69.5
2026-07-24 18:00:00,future,8371,21223.071665969343,53.1152459398326,5639.37362879948,25.05,70.7
2026-07-24 19:00:00,future,8372,19430.257612817222,51.131516267520645,5406.779211964284,24.43,72.4
2026-07-24 20:00:00,future,8373,16150.983090761878,47.65788011182356,5026.102913656724,23.7,74.3
2026-07-24 21:00:00,future,8374,13010.25273404918,44.3038510446698,4653.660751692281,22.93,76.4
2026-07-24 22:00:00,future,8375,10013.90690037644,41.086614241702684,4293.310497176997,22.15,78.5
2026-07-24 23:00:00,future,8376,7786.831566147104,38.64160897527158,4009.935796872199,21.43,80.4
2026-07-25 00:00:00,future,8377,5861.445485940435,36.530649883755835,3745.489749995003,20.8,79.1
2026-07-25 01:00:00,future,8378,5150.534485986412,35.658472598620186,3628.277522887634,20.32,80.3
2026-07-25 02:00:00,future,8379,5184.683394039366,35.57636516011762,3598.2486798436094,20.02,81.1
2026-07-25 03:00:00,future,8380,5897.1499062739385,36.22741933021308,3651.5807760359717,19.92,81.4
2026-07-25 04:00:00,future,8381,7398.783667855299,37.71890190277573,3798.28888913817,20.02,81.1
2026-07-25 05:00:00,future,8382,9638.2576469438,40.00114482396509,4033.7357087658934,20.32,80.3
2026-07-25 06:00:00,future,8383,13418.801791101849,43.84373942746515,4428.284090827887,20.8,79.1
2026-07-25 07:00:00,future,8384,16919.220254799402,47.4690003722772,4812.9768570489705,21.42,77.4
2026-07-25 08:00:00,future,8385,18638.54804737813,49.41296117978632,5048.892949090166,22.15,75.5
2026-07-25 09:00:00,future,8386,16670.001482965734,47.803599755434,4956.031058373645,22.92,73.4
2026-07-25 10:00:00,future,8387,13546.753065484148,45.08069684889891,4759.947615806228,23.7,71.3
2026-07-25 11:00:00,future,8388,11778.009583548175,43.64548842837067,4679.618571973111,24.42,69.4
2026-07-25 12:00:00,future,8389,11292.010567406458,43.41317976663099,4704.1452714477355,25.04,67.7
2026-07-25 13:00:00,future,8390,11591.884597879469,43.88760550450446,4784.221004614351,25.52,66.5
2026-07-25 14:00:00,future,8391,12754.177675919163,45.127483865118144,4922.346354459436,25.82,65.7
2026-07-25 15:00:00,future,8392,14537.35331344133,46.891408395677765,5094.491299151614,25.92,65.4
2026-07-25 16:00:00,future,8393,16901.54097390867,49.14079724400125,5297.053603251083,25.82,65.7
2026-07-25 17:00:00,future,8394,19782.335846628543,51.81332727371361,5524.214401206503,25.52,66.5
2026-07-25 18:00:00,future,8395,21319.0047578584,53.11608424910822,5610.0672119190285,25.04,67.7
2026-07-25 19:00:00,future,8396,19624.26349326651,51.23813790888554,5388.514322016638,24.42,69.4
2026-07-25 20:00:00,future,8397,16360.61039657508,47.80360546860193,5014.174859302455,23.7,71.3
2026-07-25 21:00:00,future,8398,13195.297803946509,44.441204479037005,4642.097466743832,22.92,73.4
2026-07-25 22:00:00,future,8399,10147.566198032891,41.19642247618393,4281.747121800257,22.15,75.5
2026-07-25 23:00:00,future,8400,7877.66065995598,38.719679543416014,3996.0872630720323,21.42,77.4
2026-07-26 00:00:00,future,8401,5832.106020526543,36.710316988771204,3756.4726626387032,20.79,86.1
2026-07-26 01:00:00,future,8402,5078.756164896414,35.78227577723544,3634.1369503094647,20.31,87.3
2026-07-26 02:00:00,future,8403,5043.637974693824,35.63205548499349,3597.732742084962,20.01,88.1
2026-07-26 03:00:00,future,8404,5676.985800417629,36.21827188834875,3644.8968767314313,19.91,88.4
2026-07-26 04:00:00,future,8405,7122.547616093647,37.68271992271291,3788.843897517146,20.01,88.1
2026-07-26 05:00:00,future,8406,9446.143094617246,40.090324998897934,4035.6245117391936,20.31,87.3
2026-07-26 06:00:00,future,8407,13234.683719984918,44.01231921793624,4436.980920018959,20.79,86.1
2026-07-26 07:00:00,future,8408,16763.33880819861,47.731895824160695,4829.928487332344,21.41,84.4
2026-07-26 08:00:00,future,8409,18435.5400048233,49.65876774929031,5063.27354903369,22.13,82.5
2026-07-26 09:00:00,future,8410,16425.62431745049,47.976665892151054,4964.762101877465,22.91,80.4
2026-07-26 10:00:00,future,8411,13314.674410867345,45.20463642780481,4763.928310536818,23.68,78.3
2026-07-26 11:00:00,future,8412,11571.118110569052,43.76601184722831,4684.373589146523,24.41,76.4
2026-07-26 12:00:00,future,8413,11072.436401087763,43.51296925669395,4707.093911660663,25.03,74.7
2026-07-26 13:00:00,future,8414,11346.126353765923,43.96786748712293,4785.335183114677,25.51,73.5
2026-07-26 14:00:00,future,8415,12487.795726122054,45.20960475180565,4923.463040484323,25.81,72.7
2026-07-26 15:00:00,future,8416,14284.59039648015,47.02051359914205,5099.69838941442,25.91,72.4
2026-07-26 16:00:00,future,8417,16700.667876041527,49.36523851599432,5310.746281768947,25.81,72.7
2026-07-26 17:00:00,future,8418,19611.748025440815,52.121187900959434,5545.181824152638,25.51,73.5
2026-07-26 18:00:00,future,8419,21141.466759090246,53.445196259869356,5632.725303943721,25.03,74.7
2026-07-26 19:00:00,future,8420,19407.895967539986,51.496314953031565,5404.797238777876,24.41,76.4
2026-07-26 20:00:00,future,8421,16115.991360392782,47.96789315276011,5021.449324579103,23.68,78.3
2026-07-26 21:00:00,future,8422,12950.074593415724,44.54833688800799,4645.259844398374,22.91,80.4
2026-07-26 22:00:00,future,8423,9917.003958564652,41.255969193922965,4280.1768554732125,22.13,82.5
2026-07-26 23:00:00,future,8424,7660.007468031109,38.7522473236668,3993.072408522698,21.41,84.4
2026-07-27 00:00:00,future,8425,5739.708242755455,36.31959379496763,3696.9237315194387,20.8,83.1
2026-07-27 01:00:00,future,8426,5037.595624396528,35.453390928624884,3581.2711369780686,20.32,84.3
2026-07-27 02:00:00,future,8427,5077.608810935733,35.377587483945426,3552.134736570846,20.02,85.1
2026-07-27 03:00:00,future,8428,5782.349567065837,36.02457583388992,3604.7231652856226,19.92,85.4
2026-07-27 04:00:00,future,8429,7285.82350692283,37.524650606440666,3751.111327001923,20.02,85.1
2026-07-27 05:00:00,future,8430,9529.258227490169,39.82066696900212,3986.0033904833545,20.32,84.3
2026-07-27 06:00:00,future,8431,13321.11661694375,43.69105199890824,4380.065090782639,20.8,83.1
2026-07-27 07:00:00,future,8432,16828.60304833549,47.33847077611079,4763.782306762163,21.42,81.4
2026-07-27 08:00:00,future,8433,18535.809783426783,49.27370076702909,4996.194876171958,22.14,79.5
2026-07-27 09:00:00,future,8434,16548.666965425567,47.63982967469753,4902.267413407779,22.92,77.4
2026-07-27 10:00:00,future,8435,13420.974781647536,44.896994183616656,4705.567958213238,23.7,75.3
2026-07-27 11:00:00,future,8436,11658.693319723992,43.45881570330241,4625.3538010472985,24.42,73.4
2026-07-27 12:00:00,future,8437,11182.943316161376,43.233304881217514,4650.151747922977,25.04,71.7
2026-07-27 13:00:00,future,8438,11483.66041233714,43.70922797776235,4729.635616405488,25.52,70.5
2026-07-27 14:00:00,future,8439,12647.927672241662,44.955962011935796,4867.286654266959,25.82,69.7
2026-07-27 15:00:00,future,8440,14428.02816177999,46.72500277977824,5038.600928366414,25.92,69.4
2026-07-27 16:00:00,future,8441,16795.852257314207,48.98901909088963,5241.045552259457,25.82,69.7
2026-07-27 17:00:00,future,8442,19677.87823616834,51.67652524247724,5467.995671158523,25.52,70.5
2026-07-27 18:00:00,future,8443,21216.12077026633,52.988635896950115,5554.215761551578,25.04,71.7
2026-07-27 19:00:00,future,8444,19514.6184348832,51.09718852026382,5333.231163215428,24.42,73.4
2026-07-27 20:00:00,future,8445,16246.35049379332,47.64412742648744,4960.155352686782,23.7,75.3
2026-07-27 21:00:00,future,8446,13078.499247995003,44.26576050084932,4589.579456981662,22.92,77.4
2026-07-27 22:00:00,future,8447,10036.045271296269,41.009318247044334,4230.3027891551255,22.14,79.5
2026-07-27 23:00:00,future,8448,7774.020399549218,38.53463456846156,3947.8969734628463,21.42,81.4
2026-07-28 00:00:00,future,8449,5926.448767017824,36.17983814814437,3760.830198489043,20.7,79.9
2026-07-28 01:00:00,future,8450,5220.214947450168,35.34110232837083,3645.2258612139535,20.22,81.2
2026-07-28 02:00:00,future,8451,5286.192334115423,35.28723494683984,3617.48502165962,19.92,82.0
2026-07-28 03:00:00,future,8452,6054.18355345153,35.960830659412444,3673.684534327819,19.82,82.2
2026-07-28 04:00:00,future,8453,7615.336249827798,37.44638463470489,3821.8207806203372,19.92,82.0
2026-07-28 05:00:00,future,8454,9905.795791666917,39.6847027169122,4056.2917947168194,20.22,81.2
2026-07-28 06:00:00,future,8455,13906.428811407532,43.57739366447815,4460.913721822132,20.7,79.9
2026-07-28 07:00:00,future,8456,17593.927213225892,47.23348471603291,4853.711236674203,21.32,78.2
2026-07-28 08:00:00,future,8457,19450.498788436613,49.23062356021941,5097.057914810212,22.04,76.3
2026-07-28 09:00:00,future,8458,17388.288122130452,47.61800114864588,5003.315695683575,22.82,74.2
2026-07-28 10:00:00,future,8459,14026.992218046184,44.797273848718774,4794.487114664106,23.59,72.2
2026-07-28 11:00:00,future,8460,12149.663572995742,43.33686815210749,4711.376419903094,24.32,70.2
2026-07-28 12:00:00,future,8461,11645.74332136574,43.107454226381,4736.46084244823,24.94,68.6
2026-07-28 13:00:00,future,8462,11972.944381646026,43.59482126280667,4818.812641733938,25.42,67.3
2026-07-28 14:00:00,future,8463,13209.98011774139,44.85660042613589,4960.866801980451,25.72,66.5
2026-07-28 15:00:00,future,8464,15147.212237313786,46.69078540002339,5141.9964901336825,25.82,66.2
2026-07-28 16:00:00,future,8465,17651.895565225957,48.97431951049994,5350.555974074176,25.72,66.5
2026-07-28 17:00:00,future,8466,20725.75539062422,51.70880212525451,5586.6966133915075,25.42,67.3
2026-07-28 18:00:00,future,8467,22333.86796135194,53.01549847586256,5674.129848405876,24.94,68.6
2026-07-28 19:00:00,future,8468,20529.37415449885,51.10497958755655,5446.528296947533,24.32,70.2
2026-07-28 20:00:00,future,8469,17083.817061507925,47.630994153459966,5062.662309930083,23.59,72.2
2026-07-28 21:00:00,future,8470,13743.272594419204,44.23901967574111,4683.538540972774,22.82,74.2
2026-07-28 22:00:00,future,8471,10499.106191636229,40.93255472859562,4311.7523835875445,22.04,76.3
2026-07-28 23:00:00,future,8472,8065.074123060982,38.40010175650515,4017.745105483679,21.32,78.2
2026-07-29 00:00:00,future,8473,6049.612302858774,36.43369892170072,3821.439590257016,20.6,77.1
2026-07-29 01:00:00,future,8474,5298.5226592395575,35.56317531837382,3702.0882359909556,20.13,78.3
2026-07-29 02:00:00,future,8475,5380.159179362042,35.52168494171337,3675.0182612026556,19.83,79.1
2026-07-29 03:00:00,future,8476,6131.114715421176,36.16723163692714,3728.2069593632723,19.72,79.4
2026-07-29 04:00:00,future,8477,7714.227365204287,37.66067403572698,3879.3298907229832,19.83,79.1
2026-07-29 05:00:00,future,8478,10072.884376201791,39.93850064323069,4120.009883794072,20.13,78.3
2026-07-29 06:00:00,future,8479,14123.07579601412,43.8323903856113,4528.146657413335,20.6,77.1
2026-07-29 07:00:00,future,8480,17915.473843329542,47.54818476745239,4930.82559762743,21.22,75.4
2026-07-29 08:00:00,future,8481,19782.136097876675,49.541839159931094,5177.481967888965,21.95,73.5
2026-07-29 09:00:00,future,8482,17677.253978001783,47.91139407008277,5081.053084662834,22.72,71.4
2026-07-29 10:00:00,future,8483,14281.77941364016,45.10209975875493,4872.79329390381,23.5,69.3
2026-07-29 11:00:00,future,8484,12370.743330633664,43.629915280980285,4787.629972781453,24.22,67.4
2026-07-29 12:00:00,future,8485,11880.190600146052,43.42072364078194,4815.402705080921,24.84,65.7
2026-07-29 13:00:00,future,8486,12233.217203223896,43.93033070887458,4901.050319658193,25.32,64.5
2026-07-29 14:00:00,future,8487,13509.901717916193,45.2166150025515,5047.0203273238985,25.62,63.7
2026-07-29 15:00:00,future,8488,15414.8964227402,47.00116008189824,5225.178529396006,25.72,63.4
2026-07-29 16:00:00,future,8489,17957.570623034127,49.29255217505435,5436.345063886223,25.62,63.7
2026-07-29 17:00:00,future,8490,21046.47155531065,52.006982049323305,5672.514653465649,25.32,64.5
2026-07-29 18:00:00,future,8491,22741.046049836434,53.373839620623365,5766.102898147581,24.84,65.7
2026-07-29 19:00:00,future,8492,20962.23464836075,51.50333832037597,5539.682377155046,24.22,67.4
2026-07-29 20:00:00,future,8493,17445.907701006978,48.00177335860538,5149.763868424538,23.5,69.3
2026-07-29 21:00:00,future,8494,14018.847424727695,44.55875348897762,4760.816080070976,22.72,71.4
2026-07-29 22:00:00,future,8495,10727.55115445352,41.24402739835518,4384.892867175332,21.95,73.5
2026-07-29 23:00:00,future,8496,8243.225906427746,38.68433366956211,4084.1696391169726,21.22,75.4
2026-07-30 00:00:00,future,8497,6186.892213992654,36.57555346584229,3908.389069507372,20.97,84.2
2026-07-30 01:00:00,future,8498,5435.665101707331,35.714247864765646,3788.2720508889643,20.5,85.5
2026-07-30 02:00:00,future,8499,5464.075903729758,35.62538812258016,3756.4342961050006,20.2,86.3
2026-07-30 03:00:00,future,8500,6195.570047035105,36.25096889242957,3809.5530636734197,20.1,86.6
2026-07-30 04:00:00,future,8501,7823.362843881223,37.76632344091026,3964.683015611817,20.2,86.3
2026-07-30 05:00:00,future,8502,10261.619914619672,40.09356134622197,4214.247752734808,20.5,85.5
2026-07-30 06:00:00,future,8503,14428.94930257499,44.054809514072694,4635.896099529401,20.97,84.2
2026-07-30 07:00:00,future,8504,18273.797487481195,47.78456399718797,5047.397392702735,21.6,82.6
2026-07-30 08:00:00,future,8505,20110.158471488627,49.726108781260564,5291.917888684163,22.32,80.6
2026-07-30 09:00:00,future,8506,17922.124296580852,48.03864374834776,5188.083573639774,23.1,78.6
2026-07-30 10:00:00,future,8507,14506.203152621252,45.2331111142915,4974.721708125217,23.87,76.5
2026-07-30 11:00:00,future,8508,12606.238236691894,43.787947722533104,4890.590338697976,24.6,74.6
2026-07-30 12:00:00,future,8509,12076.147466399118,43.543841766805095,4914.781190654306,25.22,72.9
2026-07-30 13:00:00,future,8510,12352.951580318007,43.974632140698084,4993.0220049700465,25.69,71.6
2026-07-30 14:00:00,future,8511,13533.328710388336,45.16040668885559,5131.55663274965,25.99,70.8
2026-07-30 15:00:00,future,8512,15464.732031533113,46.95509402806044,5314.630423226252,26.1,70.6
2026-07-30 16:00:00,future,8513,18017.606242732447,49.229665066377606,5527.373283166872,25.99,70.8
2026-07-30 17:00:00,future,8514,21215.56576190051,52.0170128241028,5775.304152761287,25.69,71.6
2026-07-30 18:00:00,future,8515,22927.79220940495,53.39116855732291,5872.63039662192,25.22,72.9
2026-07-30 19:00:00,future,8516,21088.49610552279,51.48517400794523,5639.29932769329,24.6,74.6
2026-07-30 20:00:00,future,8517,17533.185087262907,47.97994636418503,5241.906297304066,23.87,76.5
2026-07-30 21:00:00,future,8518,14116.74944543571,44.58545571951956,4852.19206908902,23.1,78.6
2026-07-30 22:00:00,future,8519,10835.311789574404,41.30964764824889,4473.248945852358,22.32,80.6
2026-07-30 23:00:00,future,8520,8425.698892670265,38.84790532239612,4178.128849295041,21.6,82.6
2026-07-31 00:00:00,future,8521,6106.1247536696255,36.76333837101127,3782.6325539662885,20.79,81.1
2026-07-31 01:00:00,future,8522,5246.432052213657,35.74637722082278,3651.3575033354064,20.31,82.3
2026-07-31 02:00:00,future,8523,5152.506154557068,35.540230498407126,3609.5723645223215,20.01,83.1
2026-07-31 03:00:00,future,8524,5778.949605334862,36.10860491641352,3655.3718476535205,19.91,83.4
2026-07-31 04:00:00,future,8525,7255.319310667139,37.57698758525068,3800.520502475479,20.01,83.1
2026-07-31 05:00:00,future,8526,9714.672100766413,40.07425559563909,4057.1006929857836,20.31,82.3
2026-07-31 06:00:00,future,8527,13518.990896121264,43.94334274067705,4455.765581826733,20.79,81.1
2026-07-31 07:00:00,future,8528,17036.527044870727,47.588402620738535,4843.90838714372,21.41,79.4
2026-07-31 08:00:00,future,8529,18628.219551467184,49.40650619655267,5068.258322100537,22.13,77.5
2026-07-31 09:00:00,future,8530,16534.957670562126,47.67844582465098,4964.643357342296,22.91,75.4
2026-07-31 10:00:00,future,8531,13459.81574394035,44.99934939149348,4771.867752762969,23.69,73.3
2026-07-31 11:00:00,future,8532,11773.261442990097,43.64218634968545,4698.533073262694,24.41,71.4
2026-07-31 12:00:00,future,8533,11266.374281517008,43.38924289372202,4721.233929926562,25.03,69.7
2026-07-31 13:00:00,future,8534,11528.328860629585,43.827242782791345,4798.230748031914,25.51,68.5
2026-07-31 14:00:00,future,8535,12692.31543966924,45.06983616706416,4937.183861095721,25.81,67.7
2026-07-31 15:00:00,future,8536,14498.200306661229,46.857382875170664,5112.254483241992,25.91,67.4
2026-07-31 16:00:00,future,8537,16962.820295779486,49.20619084261339,5324.971500727307,25.81,67.7
2026-07-31 17:00:00,future,8538,19840.206390282572,51.87801772411486,5552.999440899485,25.51,68.5
2026-07-31 18:00:00,future,8539,21305.702865732448,53.11320414136675,5632.865614313602,25.03,69.7
2026-07-31 19:00:00,future,8540,19512.84376560111,51.13864370205798,5401.333904018192,24.41,71.4
2026-07-31 20:00:00,future,8541,16233.5017337479,47.68590505622487,5023.735196849279,23.69,73.3
2026-07-31 21:00:00,future,8542,13092.765661303072,44.34438404709206,4652.071528154611,22.91,75.4
2026-07-31 22:00:00,future,8543,10096.469513387015,41.14276564369115,4293.52387718825,22.13,77.5
2026-07-31 23:00:00,future,8544,7869.444652387442,38.70928752945378,4011.4819263230443,21.41,79.4
2026-08-01 00:00:00,future,8545,5978.221003915018,37.4446792588598,3768.5270797770327,21.04,80.3
2026-08-01 01:00:00,future,8546,5297.99016418077,36.59771952160275,3656.0898756537867,20.57,81.5
2026-08-01 02:00:00,future,8547,5226.225007385143,36.410976953190975,3616.744594862722,20.27,82.3
2026-08-01 03:00:00,future,8548,5865.585541408146,36.996355500440416,3662.9678846868583,20.17,82.6
2026-08-01 04:00:00,future,8549,7349.391303762137,38.48402781271085,3806.6867427191464,20.27,82.3
2026-08-01 05:00:00,future,8550,9724.690747114752,40.91993180612697,4052.1102053258196,20.57,81.5
2026-08-01 06:00:00,future,8551,13712.225255568344,44.99612927423507,4460.424545178823,21.04,80.3
2026-08-01 07:00:00,future,8552,17361.9561158613,48.80472137379236,4856.078407474448,21.67,78.6
2026-08-01 08:00:00,future,8553,19097.43670832972,50.779248775976185,5090.357626546048,22.39,76.7
2026-08-01 09:00:00,future,8554,17001.63917993536,49.036266215088155,4988.469053525656,23.17,74.6
2026-08-01 10:00:00,future,8555,13774.867916683625,46.18511649489606,4784.304102559255,23.94,72.5
2026-08-01 11:00:00,future,8556,11968.70598277138,44.70548771266124,4702.8393258157985,24.67,70.6
2026-08-01 12:00:00,future,8557,11444.79414231908,44.435063159998286,4724.014355000681,25.29,68.9
2026-08-01 13:00:00,future,8558,11671.573693246228,44.83927491956936,4795.88501853252,25.76,67.7
2026-08-01 14:00:00,future,8559,12810.394950998394,46.06788668636591,4930.690993120788,26.06,66.9
2026-08-01 15:00:00,future,8560,14626.77446776046,47.88417169320753,5105.259978883148,26.17,66.6
2026-08-01 16:00:00,future,8561,17056.08220978277,50.21335830396581,5310.517556134845,26.06,66.9
2026-08-01 17:00:00,future,8562,20072.636004011776,53.04203768663626,5547.458657538291,25.76,67.7
2026-08-01 18:00:00,future,8563,21621.634860646656,54.371688677427755,5634.4522174188905,25.29,68.9
2026-08-01 19:00:00,future,8564,19900.175606950033,52.44974210748506,5412.402386724042,24.67,70.6
2026-08-01 20:00:00,future,8565,16572.37744376627,48.91659331775721,5034.574168135191,23.94,72.5
2026-08-01 21:00:00,future,8566,13393.547669387968,45.51334046973782,4665.682914566423,23.17,74.6
2026-08-01 22:00:00,future,8567,10379.201080849378,42.26679928396722,4310.409111242383,22.39,76.7
2026-08-01 23:00:00,future,8568,8133.424397033195,39.79402087215532,4030.4779167232027,21.67,78.6
2026-08-02 00:00:00,future,8569,6019.249517468495,37.75270860869793,3774.8908701408336,21.05,87.3
2026-08-02 01:00:00,future,8570,5240.232719551577,36.793057841923435,3651.9828027595586,20.57,88.5
2026-08-02 02:00:00,future,8571,5195.782505614187,36.63170007802049,3615.0789166595478,20.27,89.3
2026-08-02 03:00:00,future,8572,5857.71121332513,37.24852392054,3663.82922784013,20.17,89.6
2026-08-02 04:00:00,future,8573,7359.858777452386,38.77615585055561,3810.3079114432344,20.27,89.3
2026-08-02 05:00:00,future,8574,9707.98962578432,41.220308032932785,4055.0349969416066,20.57,88.5
2026-08-02 06:00:00,future,8575,13486.965408788506,45.15271879280792,4448.580002896858,21.05,87.3
2026-08-02 07:00:00,future,8576,17049.237734638562,48.92513575363422,4837.925896349163,21.67,85.6
2026-08-02 08:00:00,future,8577,18748.301165425764,50.89034003688824,5070.149732910157,22.39,83.7
2026-08-02 09:00:00,future,8578,16762.940588980375,49.22798708711803,4976.567388916591,23.17,81.6
2026-08-02 10:00:00,future,8579,13639.155116504093,46.43753071896994,4780.283697941363,23.95,79.5
2026-08-02 11:00:00,future,8580,11839.508737378354,44.935746086015364,4696.876515338262,24.67,77.6
2026-08-02 12:00:00,future,8581,11321.176522221518,44.66455512170958,4718.096602404901,25.29,75.9
2026-08-02 13:00:00,future,8582,11597.85433635833,45.126421338302,4795.686888652359,25.77,74.7
2026-08-02 14:00:00,future,8583,12769.943995736612,46.40519485579111,4934.319127988674,26.07,73.9
2026-08-02 15:00:00,future,8584,14608.678968232078,48.26636253971282,5111.162555315323,26.17,73.6
2026-08-02 16:00:00,future,8585,17021.536081824404,50.61824007518681,5317.870327176378,26.07,73.9
2026-08-02 17:00:00,future,8586,19959.99191710596,53.4127439781853,5550.064973832116,25.77,74.7
2026-08-02 18:00:00,future,8587,21469.85203235396,54.72121812592208,5633.644609659755,25.29,75.9
2026-08-02 19:00:00,future,8588,19767.5864601088,52.7919442518846,5412.096521452411,24.67,77.6
2026-08-02 20:00:00,future,8589,16460.16079374031,49.23295987626345,5034.776624005421,23.95,79.5
2026-08-02 21:00:00,future,8590,13269.947590872918,45.76666315150014,4661.452103618569,23.17,81.6
2026-08-02 22:00:00,future,8591,10192.873043200772,42.41247931544949,4298.334222531995,22.39,83.7
2026-08-02 23:00:00,future,8592,7864.363571907661,39.82353583564871,4009.3258264997417,21.67,85.6
2026-08-03 00:00:00,future,8593,5879.659200605844,37.33048854428284,3711.937630330367,21.06,84.3
2026-08-03 01:00:00,future,8594,5186.216520758477,36.464502909473545,3598.498357354906,20.58,85.5
2026-08-03 02:00:00,future,8595,5206.573563122495,36.368010281389,3567.847146978193,20.28,86.3
2026-08-03 03:00:00,future,8596,5922.510962986079,37.030916107985306,3620.53173589332,20.18,86.6
2026-08-03 04:00:00,future,8597,7451.566255760324,38.568423972313894,3766.9776871752124,20.28,86.3
2026-08-03 05:00:00,future,8598,9708.013651127014,40.896510348017564,3999.581135122719,20.58,85.5
2026-08-03 06:00:00,future,8599,13507.12422417596,44.8064943771544,4388.492719110079,21.06,84.3
2026-08-03 07:00:00,future,8600,17087.48406527508,48.556412630212904,4773.147686236812,21.68,82.6
2026-08-03 08:00:00,future,8601,18828.75388301045,50.54257496578052,5005.49458265503,22.4,80.7
2026-08-03 09:00:00,future,8602,16857.657037897672,48.91337649177955,4915.046446854645,23.18,78.6
2026-08-03 10:00:00,future,8603,13689.679495292125,46.11106387722772,4718.4351593323345,23.96,76.5
2026-08-03 11:00:00,future,8604,11854.42688660427,44.59172308184543,4633.545013003838,24.68,74.6
2026-08-03 12:00:00,future,8605,11363.322276878933,44.351024283415185,4657.061648525128,25.3,72.9
2026-08-03 13:00:00,future,8606,11675.967240009008,44.84377373260771,4736.724216888419,25.78,71.7
2026-08-03 14:00:00,future,8607,12874.082610030357,46.134543467704454,4875.453761100763,26.08,70.9
2026-08-03 15:00:00,future,8608,14703.620245936934,47.96656697294264,5048.552454506865,26.18,70.6
2026-08-03 16:00:00,future,8609,17075.34525449817,50.25238129959341,5248.10517446436,26.08,70.9
2026-08-03 17:00:00,future,8610,19999.413088326015,53.00194024262377,5475.0127082102,25.78,71.7
2026-08-03 18:00:00,future,8611,21532.701814809137,54.31846962827316,5559.084201871249,25.3,72.9
2026-08-03 19:00:00,future,8612,19867.996929249766,52.44616701515911,5344.347563378145,24.68,74.6
2026-08-03 20:00:00,future,8613,16570.646011295306,48.93482280780179,4973.976489378789,23.96,76.5
2026-08-03 21:00:00,future,8614,13369.83973757404,45.49481706205631,4605.677536479309,23.18,78.6
2026-08-03 22:00:00,future,8615,10280.112870415049,42.163685010101034,4247.231311522352,22.4,80.7
2026-08-03 23:00:00,future,8616,7942.908240391604,39.5934213880759,3962.025079979215,21.68,82.6
2026-08-04 00:00:00,future,8617,5900.382818922139,37.53693660329926,3758.0453594285555,21.06,81.3
2026-08-04 01:00:00,future,8618,5199.391169845273,36.658226704321024,3642.496389347962,20.58,82.5
2026-08-04 02:00:00,future,8619,5201.0456789830005,36.54285502137435,3609.8080862535835,20.28,83.3
2026-08-04 03:00:00,future,8620,5893.255206226091,37.186694319541076,3661.082753763696,20.18,83.6
2026-08-04 04:00:00,future,8621,7395.471020551134,38.7075791109294,3807.0574569245136,20.28,83.3
2026-08-04 05:00:00,future,8622,9675.89985880995,41.07414644993406,4044.874408310435,20.58,82.5
2026-08-04 06:00:00,future,8623,13480.486718419706,45.0144448154706,4439.394911620525,21.06,81.3
2026-08-04 07:00:00,future,8624,17089.726110342777,48.816641487681345,4831.680244031239,21.68,79.6
2026-08-04 08:00:00,future,8625,18832.164556602573,50.81630538025936,5067.110913253658,22.4,77.7
2026-08-04 09:00:00,future,8626,16850.995509415556,49.166161065974535,4974.406675011185,23.18,75.6
2026-08-04 10:00:00,future,8627,13670.812015374566,46.329330677579186,4772.832571420629,23.95,73.5
2026-08-04 11:00:00,future,8628,11827.208463510078,44.7953892950423,4687.020787053745,24.68,71.6
2026-08-04 12:00:00,future,8629,11318.667184377551,44.53553890404861,4709.172932182626,25.3,69.9
2026-08-04 13:00:00,future,8630,11621.248851676608,45.017331120178724,4787.8156275195715,25.77,68.7
2026-08-04 14:00:00,future,8631,12810.551095579358,46.30754011660752,4927.554950114874,26.07,67.9
2026-08-04 15:00:00,future,8632,14655.833269540137,48.170748037188034,5105.461279562912,26.18,67.6
2026-08-04 16:00:00,future,8633,17047.05849728177,50.48670696011928,5308.360076176435,26.07,67.9
2026-08-04 17:00:00,future,8634,19993.73039180669,53.27649224813176,5540.389289271264,25.77,68.7
2026-08-04 18:00:00,future,8635,21532.49370202537,54.61112265277099,5627.258781167768,25.3,69.9
2026-08-04 19:00:00,future,8636,19860.68421639179,52.72013303350661,5409.122380823958,24.68,71.6
2026-08-04 20:00:00,future,8637,16545.761344669365,49.16536795416628,5031.251910266295,23.95,73.5
2026-08-04 21:00:00,future,8638,13340.00432956859,45.702690679782734,4658.8157148005685,23.18,75.6
2026-08-04 22:00:00,future,8639,10247.57034789952,42.34790250018929,4295.471170922779,22.4,77.7
2026-08-04 23:00:00,future,8640,7904.69748798718,39.75593099303428,4006.0695107631595,21.68,79.6
2026-08-05 00:00:00,future,8641,5888.255187386489,37.56108925309839,3787.66635785929,21.05,88.3
2026-08-05 01:00:00,future,8642,5208.649832046991,36.70854722445857,3674.3606538432196,20.58,89.5
2026-08-05 02:00:00,future,8643,5225.183543510149,36.607605548757384,3642.7188452032187,20.28,90.3
2026-08-05 03:00:00,future,8644,5942.311537290485,37.27046363272712,3695.3524307378952,20.17,90.6
2026-08-05 04:00:00,future,8645,7464.453576093698,38.81161867527341,3845.007926859485,20.28,90.3
2026-08-05 05:00:00,future,8646,9724.255946267742,41.15305592823287,4082.28725522467,20.58,89.5
2026-08-05 06:00:00,future,8647,13531.988424596331,45.08447327791841,4478.178781319308,21.05,88.3
2026-08-05 07:00:00,future,8648,17138.456055975814,48.87640219308226,4872.456339727976,21.67,86.6
2026-08-05 08:00:00,future,8649,18885.912666937627,50.881568741615624,5110.945951825371,22.4,84.7
2026-08-05 09:00:00,future,8650,16908.608527404464,49.23624890690536,5017.369666689573,23.17,82.6
2026-08-05 10:00:00,future,8651,13721.782721568718,46.40435827704487,4815.6332584676575,23.95,80.5
2026-08-05 11:00:00,future,8652,11872.677964765106,44.865683504244856,4728.115559988118,24.67,78.6
2026-08-05 12:00:00,future,8653,11373.555992646763,44.62057175864064,4752.6107188970145,25.3,76.9
2026-08-05 13:00:00,future,8654,11687.283034386865,45.112996162274676,4832.864050050947,25.77,75.7
2026-08-05 14:00:00,future,8655,12885.20580405226,46.40927291906993,4974.2162923163005,26.07,74.9
2026-08-05 15:00:00,future,8656,14726.099367467596,48.26025363160206,5151.56235166414,26.17,74.6
2026-08-05 16:00:00,future,8657,17104.067330274265,50.56170922529722,5355.335858673271,26.07,74.9
2026-08-05 17:00:00,future,8658,20038.736663282223,53.33295764782118,5587.309856274231,25.77,75.7
2026-08-05 18:00:00,future,8659,21577.789654632717,54.66414158711087,5674.431234713738,25.3,76.9
2026-08-05 19:00:00,future,8660,19913.622814244343,52.7800251155585,5454.51091453728,24.67,78.6
2026-08-05 20:00:00,future,8661,16605.28370365736,49.2424590520161,5076.120273045649,23.95,80.5
2026-08-05 21:00:00,future,8662,13399.63285507763,45.782521428799086,4700.379104595454,23.17,82.6
2026-08-05 22:00:00,future,8663,10303.87121962634,42.43465000160301,4335.669518947086,22.4,84.7
2026-08-05 23:00:00,future,8664,7960.399495142035,39.8428524908851,4043.337651019287,21.67,86.6
2026-08-06 00:00:00,future,8665,5940.894472269111,37.55455800412655,3792.2916481436496,21.05,85.3
2026-08-06 01:00:00,future,8666,5253.0368371173845,36.693962024384106,3677.3646639563985,20.57,86.5
2026-08-06 02:00:00,future,8667,5273.475229920868,36.596832865665995,3646.044655401508,20.27,87.3
2026-08-06 03:00:00,future,8668,5998.041824842003,37.26690037606263,3700.1672866860877,20.17,87.6
2026-08-06 04:00:00,future,8669,7527.241150211159,38.802525292603256,3848.773035360873,20.27,87.3
2026-08-06 05:00:00,future,8670,9788.405907560504,41.13259033177877,4085.3254090768683,20.57,86.5
2026-08-06 06:00:00,future,8671,13595.013046731843,45.04541196663467,4480.786866146527,21.05,85.3
2026-08-06 07:00:00,future,8672,17194.8428902011,48.810528337429794,4873.122458178891,21.67,83.6
2026-08-06 08:00:00,future,8673,18941.003419487428,50.80446295984654,5110.8768415563345,22.4,81.7
2026-08-06 09:00:00,future,8674,16966.988337489493,49.1731919624922,5018.419032035778,23.17,79.6
2026-08-06 10:00:00,future,8675,13785.143571371194,46.363759031731774,4818.421080062541,23.95,77.5
2026-08-06 11:00:00,future,8676,11941.292389719543,44.84035356782258,4732.145226482153,24.67,75.6
2026-08-06 12:00:00,future,8677,11446.925097568466,44.59860323825389,4756.203906939032,25.29,73.9
2026-08-06 13:00:00,future,8678,11762.307206889942,45.09466870524572,4837.626364659599,25.77,72.7
2026-08-06 14:00:00,future,8679,12961.64164314478,46.385552577981,4978.666094915488,26.07,71.9
2026-08-06 15:00:00,future,8680,14798.467622577637,48.22224238111153,5154.943152597655,26.17,71.6
2026-08-06 16:00:00,future,8681,17173.175065932122,50.50725274781883,5357.49751669705,26.07,71.9
2026-08-06 17:00:00,future,8682,20102.541193499157,53.25700303532523,5587.838314075157,25.77,72.7
2026-08-06 18:00:00,future,8683,21639.30143733661,54.57357317755683,5673.017815914647,25.29,73.9
2026-08-06 19:00:00,future,8684,19974.997347768473,52.70269722413916,5454.784599344357,24.67,75.6
2026-08-06 20:00:00,future,8685,16669.883548055674,49.186966651907596,5077.906174238576,23.95,77.5
2026-08-06 21:00:00,future,8686,13464.561133169149,45.745472565850775,4703.3723864790745,23.17,79.6
2026-08-06 22:00:00,future,8687,10369.524909631738,42.41581662056344,4339.864228172002,22.4,81.7
2026-08-06 23:00:00,future,8688,8028.5310202975215,39.8397366095172,4048.6040204573246,21.67,83.6
2026-08-07 00:00:00,future,8689,5978.4224884931755,37.55042567429364,3773.734160473356,21.04,82.3
2026-08-07 01:00:00,future,8690,5268.107949978592,36.67180481348108,3658.4658351389885,20.57,83.5
2026-08-07 02:00:00,future,8691,5277.107713193368,36.563591556654764,3626.2975701914147,20.27,84.3
2026-08-07 03:00:00,future,8692,5977.305915401395,37.20606643302569,3676.909866354891,20.16,84.6
2026-08-07 04:00:00,future,8693,7492.550336714761,38.73215906791477,3824.6907269034014,20.27,84.3
2026-08-07 05:00:00,future,8694,9776.476259059698,41.0847834842298,4062.1907662036483,20.57,83.5
2026-08-07 06:00:00,future,8695,13575.59587252267,44.98685539858459,4454.061962125107,21.04,82.3
2026-08-07 07:00:00,future,8696,17169.949566509,48.747005202570875,4844.083442442658,21.66,80.6
2026-08-07 08:00:00,future,8697,18902.508293802766,50.72766083756199,5079.471494888878,22.39,78.7
2026-08-07 09:00:00,future,8698,16924.54788171329,49.0919088121834,4986.978665883321,23.16,76.6
2026-08-07 10:00:00,future,8699,13757.493910931218,46.29612324012073,4789.101503728256,23.94,74.5
2026-08-07 11:00:00,future,8700,11927.288453052544,44.78549615114665,4704.344449724584,24.66,72.6
2026-08-07 12:00:00,future,8701,11430.3008927653,44.540870734462565,4727.9858225171,25.28,70.9
2026-08-07 13:00:00,future,8702,11738.18467382721,45.029476362301246,4808.315564345348,25.76,69.7
2026-08-07 14:00:00,future,8703,12932.356769732374,46.315404345949325,4948.228015788,26.06,68.9
2026-08-07 15:00:00,future,8704,14770.137341415888,48.15330804485546,5123.792888049579,26.16,68.6
2026-08-07 16:00:00,future,8705,17157.755233644504,50.451400346786095,5326.612962760387,26.06,68.9
2026-08-07 17:00:00,future,8706,20089.885000560767,53.20446848353552,5556.211345595402,25.76,69.7
2026-08-07 18:00:00,future,8707,21620.532332295137,54.51549368220567,5640.5222887969885,25.28,70.9
2026-08-07 19:00:00,future,8708,19945.04296146375,52.63360819683921,5422.335342279108,24.66,72.6
2026-08-07 20:00:00,future,8709,16637.822221814844,49.11550855411116,5047.03525470702,23.94,74.5
2026-08-07 21:00:00,future,8710,13435.694625359578,45.67687393700498,4674.551431937299,23.16,76.6
2026-08-07 22:00:00,future,8711,10346.88481513584,42.35306024198432,4313.3143705513585,22.39,78.7
2026-08-07 23:00:00,future,8712,8010.173010971934,39.781034412875556,4023.8243365033713,21.66,80.6
2026-08-08 00:00:00,future,8713,6001.164790029181,37.569138604153856,3762.9590033857435,21.04,79.3
2026-08-08 01:00:00,future,8714,5308.863458727086,36.71096880968917,3649.9196237572937,20.57,80.5
2026-08-08 02:00:00,future,8715,5326.805928080168,36.61135150629874,3618.6281091529454,20.27,81.3
2026-08-08 03:00:00,future,8716,6046.989758746386,37.27029454733702,3670.565752447368,20.16,81.6
2026-08-08 04:00:00,future,8717,7574.062077761769,38.80149593841508,3818.32012511844,20.27,81.3
2026-08-08 05:00:00,future,8718,9836.7687860504,41.12380205221567,4052.2709725531154,20.57,80.5
2026-08-08 06:00:00,future,8719,13642.725192609489,45.01649656144023,4441.990898405617,21.04,79.3
2026-08-08 07:00:00,future,8720,17237.23601200337,48.761671048540485,4829.36463541054,21.66,77.6
2026-08-08 08:00:00,future,8721,18982.156543276506,50.74719874761716,5064.441251913472,22.39,75.7
2026-08-08 09:00:00,future,8722,17008.843588658736,49.12460190128029,4973.499045329456,23.16,73.6
2026-08-08 10:00:00,future,8723,13830.438883010902,46.33144293818303,4776.568134548606,23.94,71.5
2026-08-08 11:00:00,future,8724,11989.185078669712,44.818031796624204,4691.879771581875,24.66,69.6
2026-08-08 12:00:00,future,8725,11494.227656550684,44.57766769670798,4715.861842047012,25.28,67.9
2026-08-08 13:00:00,future,8726,11806.391360349666,45.06926413228036,4796.218247236889,25.76,66.7
2026-08-08 14:00:00,future,8727,13004.178153703408,46.353714182064884,4935.539915578968,26.06,65.9
2026-08-08 15:00:00,future,8728,14840.958166997989,48.18284890356028,5109.718832668615,26.16,65.6
2026-08-08 16:00:00,future,8729,17217.274198683954,50.45973869831457,5309.917194643317,26.06,65.9
2026-08-08 17:00:00,future,8730,20147.81117603953,53.198695291192315,5537.439909594178,25.76,66.7
2026-08-08 18:00:00,future,8731,21684.202622964236,54.50867486705551,5621.346801547225,25.28,67.9
2026-08-08 19:00:00,future,8732,20018.54389596423,52.643332668379934,5405.371577739816,24.66,69.6
2026-08-08 20:00:00,future,8733,16714.211075103467,49.14192700823367,5032.821202409068,23.94,71.5
2026-08-08 21:00:00,future,8734,13510.035865987982,45.714712799880466,4662.593691832144,23.16,73.6
2026-08-08 22:00:00,future,8735,10415.289810975912,42.398050174994836,4303.186292827823,22.39,75.7
2026-08-08 23:00:00,future,8736,8074.124590869042,39.83143073628128,4015.127151863318,21.66,77.6
2026-08-09 00:00:00,future,8737,5974.505215802594,37.73549590336741,3772.183325629636,21.03,86.3
2026-08-09 01:00:00,future,8738,5242.827147025417,36.82199067348319,3653.4583187817666,20.55,87.5
2026-08-09 02:00:00,future,8739,5201.559542999812,36.663570419841626,3616.7980735506694,20.25,88.3
2026-08-09 03:00:00,future,8740,5864.454362702373,37.281704448072176,3665.639323227309,20.15,88.6
2026-08-09 04:00:00,future,8741,7349.623327021919,38.7935077948014,3810.6405346762012,20.25,88.3
2026-08-09 05:00:00,future,8742,9673.382492023346,41.215158833261526,4053.2740777994886,20.55,87.5
2026-08-09 06:00:00,future,8743,13472.474835671146,45.170194001469405,4448.80424134488,21.03,86.3
2026-08-09 07:00:00,future,8744,17073.54717500289,48.983713901355,4841.835212911797,21.65,84.6
2026-08-09 08:00:00,future,8745,18778.586614305834,50.956367512771905,5074.745874014373,22.37,82.7
2026-08-09 09:00:00,future,8746,16783.150313858812,49.28327197930122,4980.310809293671,23.15,80.6
2026-08-09 10:00:00,future,8747,13627.158603251271,46.45941436781433,4781.146583990579,23.93,78.5
2026-08-09 11:00:00,future,8748,11809.263089107522,44.938861267814026,4696.145651014418,24.65,76.6
2026-08-09 12:00:00,future,8749,11301.745698675804,44.67846172038538,4718.41521833607,25.27,74.9
2026-08-09 13:00:00,future,8750,11592.08829907054,45.154355685652945,4797.313868997692,25.75,73.7
2026-08-09 14:00:00,future,8751,12768.944832494832,46.438782215880906,4936.450285811265,26.05,72.9
2026-08-09 15:00:00,future,8752,14610.450882100748,48.30391570191099,5113.6075524555345,26.15,72.6
2026-08-09 16:00:00,future,8753,17020.206708096637,50.65416987193605,5320.086503220402,26.05,72.9
2026-08-09 17:00:00,future,8754,19967.153574787004,53.45874807900875,5553.084380659162,25.75,73.7
2026-08-09 18:00:00,future,8755,21493.668157818433,54.784379770813416,5638.139924732618,25.27,74.9
2026-08-09 19:00:00,future,8756,19801.956095628797,52.864108035530144,5417.410678118925,24.65,76.6
2026-08-09 20:00:00,future,8757,16483.800769155063,49.29195079494581,5038.931549275418,23.93,78.5
2026-08-09 21:00:00,future,8758,13284.201219840732,45.81384872294132,4664.563712404654,23.15,80.6
2026-08-09 22:00:00,future,8759,10201.879578380076,42.45203491064899,4300.77909865003,22.37,82.7
2026-08-09 23:00:00,future,8760,7872.385003784839,39.86019562069781,4011.51726157777,21.65,84.6
2026-08-10 00:00:00,future,8761,5892.62241089153,37.35706312381984,3714.2572704329364,21.04,83.3
2026-08-10 01:00:00,future,8762,5209.512382246763,36.502538280687205,3601.7998741683723,20.56,84.5
2026-08-10 02:00:00,future,8763,5238.18064098555,36.4139180286998,3571.824313734038,20.26,85.3
2026-08-10 03:00:00,future,8764,5966.900814590864,37.0875139803239,3625.4605631408667,20.16,85.6
2026-08-10 04:00:00,future,8765,7503.81654285536,38.629059571777894,3772.276639980431,20.26,85.3
2026-08-10 05:00:00,future,8766,9749.637426422758,40.941477294596524,4003.4878178505446,20.56,84.5
2026-08-10 06:00:00,future,8767,13549.860812761242,44.843644209172545,4391.732079607372,21.04,83.3
2026-08-10 07:00:00,future,8768,17132.29740102912,48.58731462315289,4775.879896770609,21.66,81.6
2026-08-10 08:00:00,future,8769,18876.9910119102,50.57697145661772,5009.3543119428605,22.39,79.7
2026-08-10 09:00:00,future,8770,16908.856044320488,48.95210101482688,4918.670839155796,23.16,77.6
2026-08-10 10:00:00,future,8771,13735.44133291104,46.1527012881136,4722.433872949711,23.94,75.5
2026-08-10 11:00:00,future,8772,11897.956965072644,44.636128031980654,4637.891058417621,24.66,73.6
2026-08-10 12:00:00,future,8773,11410.184673009144,44.40030254708929,4661.9268038672135,25.28,71.9
2026-08-10 13:00:00,future,8774,11726.993414154374,44.89668988076881,4741.975663029353,25.76,70.7
2026-08-10 14:00:00,future,8775,12927.158302887166,46.18675620457616,4880.67233914519,26.06,69.9
2026-08-10 15:00:00,future,8776,14754.997509176055,48.01274144562114,5053.227895078265,26.16,69.6
2026-08-10 16:00:00,future,8777,17119.832617598087,50.28598814358625,5251.61955042645,26.06,69.9
2026-08-10 17:00:00,future,8778,20041.19124349401,53.02558870071621,5477.575012593161,25.76,70.7
2026-08-10 18:00:00,future,8779,21576.9430688206,54.340473808682454,5561.431604768167,25.28,71.9
2026-08-10 19:00:00,future,8780,19916.64644522527,52.47610451446406,5347.345282027661,24.66,73.6
2026-08-10 20:00:00,future,8781,16620.12524956298,48.9730940869527,4977.656524171481,23.94,75.5
2026-08-10 21:00:00,future,8782,13417.79434108581,45.53884480631518,4609.7988624601785,23.16,77.6
2026-08-10 22:00:00,future,8783,10325.756488992023,42.21631879363385,4252.783121054345,22.39,79.7
2026-08-10 23:00:00,future,8784,7988.447862778348,39.64725459006526,3966.877042747729,21.66,81.6
2026-08-11 00:00:00,future,8785,5945.067471668035,37.599380445402375,3762.4769204437575,21.04,80.3
2026-08-11 01:00:00,future,8786,5243.489108822039,36.72186251404188,3647.0088670706796,20.56,81.5
2026-08-11 02:00:00,future,8787,5249.624851861965,36.61066374430268,3614.669092095269,20.26,82.3
2026-08-11 03:00:00,future,8788,5947.129820587399,37.25752578889584,3666.186102569353,20.16,82.6
2026-08-11 04:00:00,future,8789,7452.730982214451,38.77724016481844,3812.015906402142,20.26,82.3
2026-08-11 05:00:00,future,8790,9731.339976752011,41.13530031228929,4049.015406686912,20.56,81.5
2026-08-11 06:00:00,future,8791,13536.873567773271,45.06530678019848,4442.525297260789,21.04,80.3
2026-08-11 07:00:00,future,8792,17146.81232814037,48.85767020477187,4833.862846733643,21.66,78.6
2026-08-11 08:00:00,future,8793,18891.569268285268,50.85485598688747,5069.086832889136,22.38,76.7
2026-08-11 09:00:00,future,8794,16911.50871903511,49.212432045586546,4977.232113979081,23.16,74.6
2026-08-11 10:00:00,future,8795,13729.10570538816,46.38760168415999,4777.675613577175,23.94,72.5
2026-08-11 11:00:00,future,8796,11883.75867126201,44.8542110175545,4691.310198027597,24.66,70.6
2026-08-11 12:00:00,future,8797,11374.926104267208,44.59609647539874,4713.702107925969,25.28,68.9
2026-08-11 13:00:00,future,8798,11678.274562122688,45.08198755310483,4793.498069959974,25.76,67.7
2026-08-11 14:00:00,future,8799,12867.798638436212,46.36902090288527,4932.941017630192,26.06,66.9
2026-08-11 15:00:00,future,8800,14712.485937392852,48.22219902780325,5109.145013634517,26.16,66.6
2026-08-11 16:00:00,future,8801,17101.124527284515,50.53215400154819,5312.148068337892,26.06,66.9
2026-08-11 17:00:00,future,8802,20047.530858738646,53.31247318413524,5543.187812773514,25.76,67.7
2026-08-11 18:00:00,future,8803,21587.340552933027,54.639178847228784,5628.49573954426,25.28,68.9
2026-08-11 19:00:00,future,8804,19917.66177263524,52.75490394575163,5410.960133027523,24.66,70.6
2026-08-11 20:00:00,future,8805,16603.10024341109,49.21394250949976,5035.118347996615,23.94,72.5
2026-08-11 21:00:00,future,8806,13396.778314291194,45.75597939699371,4662.394422336537,23.16,74.6
2026-08-11 22:00:00,future,8807,10303.466451023984,42.409152530074785,4299.793557101635,22.38,76.7
2026-08-11 23:00:00,future,8808,7960.115308563527,39.823297838038435,4010.9495218427264,21.66,78.6
2026-08-12 00:00:00,future,8809,5942.906732876469,37.63538632707972,3793.4361506548225,21.04,87.3
2026-08-12 01:00:00,future,8810,5263.405369475461,36.78102440331651,3679.201609203619,20.56,88.5
2026-08-12 02:00:00,future,8811,5281.321077441906,36.68116274107072,3647.6312469970585,20.26,89.3
2026-08-12 03:00:00,future,8812,6002.06327070241,37.3489359125902,3701.423974910516,20.16,89.6
2026-08-12 04:00:00,future,8813,7526.786340562073,38.88355808245358,3849.6818279963736,20.26,89.3
2026-08-12 05:00:00,future,8814,9785.647275711635,41.21652588734365,4086.1202196054614,20.56,88.5
2026-08-12 06:00:00,future,8815,13593.84067099169,45.139568885272,4481.879509264385,21.04,87.3
2026-08-12 07:00:00,future,8816,17200.432556365828,48.91967966882782,4874.983512039317,21.66,85.6
2026-08-12 08:00:00,future,8817,18948.91802309042,50.916468662680835,5111.952922022255,22.38,83.7
2026-08-12 09:00:00,future,8818,16972.454783944646,49.28324336173148,5020.3819372131875,23.16,81.6
2026-08-12 10:00:00,future,8819,13784.639039453166,46.45798586266432,4818.705421378173,23.93,79.5
2026-08-12 11:00:00,future,8820,11934.628584254027,44.92921558574898,4732.9824539936635,24.66,77.6
2026-08-12 12:00:00,future,8821,11435.558707474906,44.682414670080625,4756.652398689675,25.28,75.9
2026-08-12 13:00:00,future,8822,11749.968426739635,45.17868771603762,4838.035405972308,25.76,74.7
2026-08-12 14:00:00,future,8823,12948.62723315219,46.47178896516097,4979.075102439541,26.06,73.9
2026-08-12 15:00:00,future,8824,14789.448162724802,48.31644597060472,5155.775950060481,26.16,73.6
2026-08-12 16:00:00,future,8825,17166.00642594028,50.60827526027068,5358.561674862929,26.06,73.9
2026-08-12 17:00:00,future,8826,20099.839246517124,53.368400955722024,5589.370230925678,25.76,74.7
2026-08-12 18:00:00,future,8827,21638.96787474391,54.690113825039155,5674.771589523091,25.28,75.9
2026-08-12 19:00:00,future,8828,19975.806784752305,52.816157191515906,5456.540619873316,24.66,77.6
2026-08-12 20:00:00,future,8829,16668.054171230116,49.28609465499284,5078.1597590632755,23.93,79.5
2026-08-12 21:00:00,future,8830,13462.259781305616,45.84037686625281,4704.528937234647,23.16,81.6
2026-08-12 22:00:00,future,8831,10365.91124400888,42.498091208451164,4339.640147953893,22.38,83.7
2026-08-12 23:00:00,future,8832,8022.047770495426,39.91734406122572,4049.0976659837506,21.66,85.6
2026-08-13 00:00:00,future,8833,6002.152696712938,37.633548797020715,3797.7541631843987,21.03,84.3
2026-08-13 01:00:00,future,8834,5314.423834851957,36.77908601738575,3684.1221631474587,20.56,85.5
2026-08-13 02:00:00,future,8835,5335.271429249273,36.68203704211953,3652.7787567606765,20.26,86.3
2026-08-13 03:00:00,future,8836,6062.030468952919,37.347628441751354,3705.699283832763,20.15,86.6
2026-08-13 04:00:00,future,8837,7592.806780082549,38.88325636494002,3854.992432432296,20.26,86.3
2026-08-13 05:00:00,future,8838,9853.505834197436,41.204936979647734,4090.700272732206,20.56,85.5
2026-08-13 06:00:00,future,8839,13660.52852457366,45.10088030413798,4483.736035076145,21.03,84.3
2026-08-13 07:00:00,future,8840,17260.454858119814,48.85358171119953,4874.826996326116,21.65,82.6
2026-08-13 08:00:00,future,8841,19007.22833127033,50.842396694235696,5112.103225391398,22.38,80.7
2026-08-13 09:00:00,future,8842,17033.722252988213,49.21938768114934,5020.571845694136,23.15,78.6
2026-08-13 10:00:00,future,8843,13851.357401966034,46.4215883962432,4821.866673497831,23.93,76.5
2026-08-13 11:00:00,future,8844,12007.011147990792,44.90495446054668,4736.369365446984,24.65,74.6
2026-08-13 12:00:00,future,8845,11512.719519331584,44.66948400298887,4761.836943532897,25.28,72.9
2026-08-13 13:00:00,future,8846,11828.494273358185,45.16127136801061,4842.151986961123,25.75,71.7
2026-08-13 14:00:00,future,8847,13028.352409786405,46.448574591645105,4982.837376698257,26.05,70.9
2026-08-13 15:00:00,future,8848,14865.223794576965,48.27874925132181,5158.44128024293,26.15,70.6
2026-08-13 16:00:00,future,8849,17239.194837878076,50.55437418173632,5360.014161435707,26.05,70.9
2026-08-13 17:00:00,future,8850,20168.03793881892,53.29277843528268,5589.147943145966,25.75,71.7
2026-08-13 18:00:00,future,8851,21704.767078119192,54.607282769784554,5674.766789225757,25.28,72.9
2026-08-13 19:00:00,future,8852,20040.97362476821,52.738503306711884,5455.99357068363,24.65,74.6
2026-08-13 20:00:00,future,8853,16736.22932803223,49.23449488081955,5080.272618634586,23.93,76.5
2026-08-13 21:00:00,future,8854,13530.84148366801,45.80388907904867,4706.809141804596,23.15,78.6
2026-08-13 22:00:00,future,8855,10435.403358534357,42.484402762996886,4344.301191057392,22.38,80.7
2026-08-13 23:00:00,future,8856,8094.105710715637,39.91589448714895,4053.7717898586516,21.65,82.6
2026-08-14 00:00:00,future,8857,6043.6780068787675,37.633899855501724,3779.3740178898,21.02,81.3
2026-08-14 01:00:00,future,8858,5333.422206589259,36.75762220557377,3664.309723113073,20.55,82.5
2026-08-14 02:00:00,future,8859,5343.863864417461,36.65053664544078,3632.2155519413514,20.25,83.3
2026-08-14 03:00:00,future,8860,6045.272129639576,37.29537979575415,3683.7432763986913,20.15,83.6
2026-08-14 04:00:00,future,8861,7561.402954206572,38.812824139087056,3829.926719455671,20.25,83.3
2026-08-14 05:00:00,future,8862,9844.609136233184,41.1564096381765,4066.5177558111836,20.55,82.5
2026-08-14 06:00:00,future,8863,13643.78264767033,45.0446423722208,4456.983521452056,21.02,81.3
2026-08-14 07:00:00,future,8864,17238.335544575195,48.79589519299977,4846.81914060471,21.65,79.6
2026-08-14 08:00:00,future,8865,18971.564843580683,50.7673807614065,5080.610562020474,22.37,77.7
2026-08-14 09:00:00,future,8866,16993.896461064982,49.14388176907836,4990.151099132511,23.15,75.6
2026-08-14 10:00:00,future,8867,13826.341649705151,46.35623433014164,4792.5030024415955,23.92,73.5
2026-08-14 11:00:00,future,8868,11995.568564299125,44.85642612255099,4709.636230413888,24.65,71.6
2026-08-14 12:00:00,future,8869,11498.554911580462,44.614147842492706,4733.575458559209,25.27,69.9
2026-08-14 13:00:00,future,8870,11806.775575866208,45.098407353669394,4812.795137794733,25.74,68.7
2026-08-14 14:00:00,future,8871,13000.997915355732,46.380141833156394,4952.294642414175,26.04,67.9
2026-08-14 15:00:00,future,8872,14838.571074499858,48.214928443846695,5128.2380522489975,26.15,67.6
2026-08-14 16:00:00,future,8873,17225.4157706874,50.4993052511002,5328.934941605198,26.04,67.9
2026-08-14 17:00:00,future,8874,20157.346551737795,53.24091779196337,5557.314657046036,25.74,68.7
2026-08-14 18:00:00,future,8875,21688.243704213128,54.54995314211999,5642.066892633804,25.27,69.9
2026-08-14 19:00:00,future,8876,20013.40699863126,52.67449429210989,5424.490009132956,24.65,71.6
2026-08-14 20:00:00,future,8877,16706.33305773692,49.164468661644705,5049.277039181268,23.92,73.5
2026-08-14 21:00:00,future,8878,13504.03508984661,45.740972827228596,4679.002326448498,23.15,75.6
2026-08-14 22:00:00,future,8879,10414.864635343558,42.423876950201425,4317.71298964827,22.37,77.7
2026-08-14 23:00:00,future,8880,8078.044738718245,39.86383968206346,4030.1066874461517,21.65,79.6
2026-08-15 00:00:00,future,8881,6068.698877545239,37.65991841129835,3769.936099007522,21.03,88.3
2026-08-15 01:00:00,future,8882,5376.489616525849,36.8001259001485,3655.9959270222507,20.55,89.5
2026-08-15 02:00:00,future,8883,5394.836825548754,36.70058792077345,3624.681993766473,20.25,90.3
2026-08-15 03:00:00,future,8884,6115.686543438672,37.361308637458336,3677.4775628263656,20.15,90.6
2026-08-15 04:00:00,future,8885,7643.19152587668,38.883404834246306,3823.597178804474,20.25,90.3
2026-08-15 05:00:00,future,8886,9905.71359039795,41.197326525847295,4056.7029083139114,20.55,89.5
2026-08-15 06:00:00,future,8887,13711.791842701,45.08022117453855,4446.131563719945,21.03,88.3
2026-08-15 07:00:00,future,8888,17306.490037064592,48.81266084059555,4832.229784428836,21.65,86.6
2026-08-15 08:00:00,future,8889,19051.66323544473,50.78860451639456,5065.676905383746,22.37,84.7
2026-08-15 09:00:00,future,8890,17078.458443873733,49.178028098374476,4976.741186875283,23.15,82.6
2026-08-15 10:00:00,future,8891,13899.739763444686,46.393165902237314,4780.054010312012,23.92,80.5
2026-08-15 11:00:00,future,8892,12058.214228299792,44.89087199604023,4697.278622765768,24.65,78.6
2026-08-15 12:00:00,future,8893,11563.247530066146,44.65285731310355,4721.558288450512,25.27,76.9
2026-08-15 13:00:00,future,8894,11875.570854299414,45.13992558700695,4800.791498800949,25.74,75.7
2026-08-15 14:00:00,future,8895,13073.47176749177,46.420259003936344,4939.708658650503,26.04,74.9
2026-08-15 15:00:00,future,8896,14910.241047242886,48.24651636423672,5114.287237902062,26.15,74.6
2026-08-15 16:00:00,future,8897,17286.27464992609,50.5102619663531,5312.4214093414075,26.04,74.9
2026-08-15 17:00:00,future,8898,20216.712710220738,53.23792965999681,5538.744356264591,25.74,75.7
2026-08-15 18:00:00,future,8899,21753.182738973817,54.54576385402972,5623.0765619282165,25.27,76.9
2026-08-15 19:00:00,future,8900,20087.770700146553,52.686373156011214,5407.665071637702,24.65,78.6
2026-08-15 20:00:00,future,8901,16783.49551600976,49.19286242258866,5035.184043416761,23.92,80.5
2026-08-15 21:00:00,future,8902,13579.255456259794,45.78082415011648,4667.1616487066685,23.15,82.6
2026-08-15 22:00:00,future,8903,10484.345410023498,42.4710173271048,4307.713933493914,22.37,84.7
2026-08-15 23:00:00,future,8904,8143.090518751262,39.91636727509807,4021.5306049370165,21.65,86.6
2026-08-16 00:00:00,future,8905,6043.227371072358,37.8268911354429,3778.7823954317296,21.01,85.3
2026-08-16 01:00:00,future,8906,5311.581172252778,36.915819083712385,3660.259679568301,20.53,86.5
2026-08-16 02:00:00,future,8907,5270.682479437177,36.75764957638851,3623.59015832879,20.23,87.3
2026-08-16 03:00:00,future,8908,5933.877053605107,37.373415604194946,3672.1724830304197,20.13,87.6
2026-08-16 04:00:00,future,8909,7419.231986655538,38.87972971425363,3816.613682306988,20.23,87.3
2026-08-16 05:00:00,future,8910,9742.86828017982,41.292514303123056,4058.3620507064047,20.53,86.5
2026-08-16 06:00:00,future,8911,13541.965593023631,45.233247557015254,4452.461485500718,21.01,85.3
2026-08-16 07:00:00,future,8912,17143.144796438137,49.03346249608968,4844.177927799267,21.63,83.6
2026-08-16 08:00:00,future,8913,18848.37264226068,51.004267573513275,5077.662258247296,22.36,81.7
2026-08-16 09:00:00,future,8914,16853.021592451096,49.33578686690277,4983.0896706538915,23.13,79.6
2026-08-16 10:00:00,future,8915,13696.88770639883,46.524749580078335,4785.333362843214,23.91,77.5
2026-08-16 11:00:00,future,8916,11878.855829575576,45.011774425025415,4701.19174719971,24.63,75.6
2026-08-16 12:00:00,future,8917,11371.305914112592,44.75387833349754,4723.78410325631,25.25,73.9
2026-08-16 13:00:00,future,8918,11661.753525498993,45.22918720820997,4802.66998234477,25.73,72.7
2026-08-16 14:00:00,future,8919,12838.735150197075,46.509443507863175,4941.404050063988,26.03,71.9
2026-08-16 15:00:00,future,8920,14680.286389686336,48.36756571195705,5117.845566794656,26.13,71.6
2026-08-16 16:00:00,future,8921,17089.94434230116,50.70827930762716,5323.328402596508,26.03,71.9
2026-08-16 17:00:00,future,8922,20036.829832811993,53.501085540151664,5555.0784034645585,25.73,72.7
2026-08-16 18:00:00,future,8923,21563.364289471,54.820374157608796,5639.428363532246,25.25,73.9
2026-08-16 19:00:00,future,8924,19871.769407640055,52.90621813725925,5419.267053590308,24.63,75.6
2026-08-16 20:00:00,future,8925,16553.65626123204,49.34632375759766,5041.982572829496,23.91,77.5
2026-08-16 21:00:00,future,8926,13354.038830927777,45.87991033437915,4668.744583096383,23.13,79.6
2026-08-16 22:00:00,future,8927,10271.669600709822,42.53322647732469,4307.1398943768045,22.36,81.7
2026-08-16 23:00:00,future,8928,7942.050569141444,39.945722492532326,4017.560888610066,21.63,83.6
2026-08-17 00:00:00,future,8929,5962.050013253813,37.448826468360345,3720.6490722408416,21.02,82.3
2026-08-17 01:00:00,future,8930,5278.961357619653,36.60036618246723,3609.454951369301,20.55,83.5
2026-08-17 02:00:00,future,8931,5307.544476247747,36.511303853890816,3579.4073231369453,20.25,84.3
2026-08-17 03:00:00,future,8932,6036.278668032063,37.18210872663869,3632.7478622409103,20.15,84.6
2026-08-17 04:00:00,future,8933,7573.185622862248,38.717991703565914,3778.9924270202314,20.25,84.3
2026-08-17 05:00:00,future,8934,9819.107921295765,41.022375498805324,4009.4060314027274,20.55,83.5
2026-08-17 06:00:00,future,8935,13619.432987976454,44.90695989601235,4395.204077903512,21.02,82.3
2026-08-17 07:00:00,future,8936,17202.017478887145,48.64181702574369,4779.1892050325105,21.65,80.6
2026-08-17 08:00:00,future,8937,18946.73050942721,50.6216956860204,5011.042034166035,22.37,78.7
2026-08-17 09:00:00,future,8938,16978.532792843664,49.00865603025846,4922.329844985477,23.15,76.6
2026-08-17 10:00:00,future,8939,13804.973984372296,46.217722754190255,4726.349337508414,23.92,74.5
2026-08-17 11:00:00,future,8940,11967.372230076684,44.712397261705654,4643.71402600265,24.65,72.6
2026-08-17 12:00:00,future,8941,11479.519669666408,44.478835750200275,4668.0402548655675,25.27,70.9
2026-08-17 13:00:00,future,8942,11796.295980264604,44.97051535077403,4746.965149188597,25.74,69.7
2026-08-17 14:00:00,future,8943,12996.46759080375,46.256359497660846,4885.256371352136,26.04,68.9
2026-08-17 15:00:00,future,8944,14824.388456549896,48.079580757986605,5058.22248409218,26.15,68.6
2026-08-17 16:00:00,future,8945,17189.25674765887,50.34004984840638,5254.608005295615,26.04,68.9
2026-08-17 17:00:00,future,8946,20110.67482564022,53.06854923539956,5479.396305843274,25.74,69.7
2026-08-17 18:00:00,future,8947,21646.45493039837,54.38122145758164,5563.667010770833,25.27,70.9
2026-08-17 19:00:00,future,8948,19986.16936277332,52.522540641283854,5350.1067665916635,24.65,72.6
2026-08-17 20:00:00,future,8949,16689.618100300522,49.02730675683225,4980.463717627325,23.92,74.5
2026-08-17 21:00:00,future,8950,13487.285745229465,45.60825325610492,4614.7785340810515,23.15,76.6
2026-08-17 22:00:00,future,8951,10395.268255354593,42.29274744052489,4257.725700339986,22.37,78.7
2026-08-17 23:00:00,future,8952,8057.938541702317,39.73567232700908,3973.668018536542,21.65,80.6
2026-08-18 00:00:00,future,8953,6014.355450507301,37.694426063762755,3769.6231795380104,21.02,79.3
2026-08-18 01:00:00,future,8954,5312.810287468944,36.81908742492301,3654.3246413009642,20.54,80.5
2026-08-18 02:00:00,future,8955,5318.875487428813,36.70751422217663,3621.9131519285734,20.24,81.3
2026-08-18 03:00:00,future,8956,6016.312123572976,37.35163129942102,3673.137106267398,20.14,81.6
2026-08-18 04:00:00,future,8957,7521.871381798354,38.86582149997275,3818.410168629608,20.24,81.3
2026-08-18 05:00:00,future,8958,9800.54508925671,41.21578680519555,4054.609772358402,20.54,80.5
2026-08-18 06:00:00,future,8959,13606.078062982471,45.13214767159343,4446.769627602579,21.02,79.3
2026-08-18 07:00:00,future,8960,17216.078463203958,48.911782922700844,4836.86670677026,21.64,77.6
2026-08-18 08:00:00,future,8961,18960.81606353006,50.9070819133361,5072.6735698512,22.37,75.7
2026-08-18 09:00:00,future,8962,16980.730314098957,49.26878574005246,4980.637128767958,23.14,73.6
2026-08-18 10:00:00,future,8963,13798.275831550134,46.45642852344136,4782.453388951187,23.92,71.5
2026-08-18 11:00:00,future,8964,11952.897835229252,44.93052161020206,4696.940175183133,24.64,69.6
2026-08-18 12:00:00,future,8965,11443.989303508655,44.674801576666866,4719.6496803392465,25.26,67.9
2026-08-18 13:00:00,future,8966,11747.302484199334,45.159986521644115,4799.427772675211,25.74,66.7
2026-08-18 14:00:00,future,8967,12936.807351720108,46.44287719454727,4938.478567239877,26.04,65.9
2026-08-18 15:00:00,future,8968,14781.54298166534,48.28936344404327,5114.004588923878,26.14,65.6
2026-08-18 16:00:00,future,8969,17170.212607705456,50.5904062013902,5316.078682343888,26.04,65.9
2026-08-18 17:00:00,future,8970,20116.662109856006,53.35957047761757,5545.935835782733,25.74,66.7
2026-08-18 18:00:00,future,8971,21656.47872886106,54.68012673750292,5630.556373493529,25.26,67.9
2026-08-18 19:00:00,future,8972,19986.805329035364,52.80145820946653,5413.527463892889,24.64,69.6
2026-08-18 20:00:00,future,8973,16672.230335493452,49.27208375810124,5038.796801847551,23.92,71.5
2026-08-18 21:00:00,future,8974,13465.92818883454,45.825282723837134,4667.133080179358,23.14,73.6
2026-08-18 22:00:00,future,8975,10372.646755721757,42.49312691352769,4306.648697893517,22.37,75.7
2026-08-18 23:00:00,future,8976,8029.253964506945,39.91131668213712,4017.444568234428,21.64,77.6
2026-08-19 00:00:00,future,8977,6011.8221480035845,37.73158778937483,3800.850112888533,21.02,86.3
2026-08-19 01:00:00,future,8978,5332.322736949454,36.879213514121695,3686.7634406179905,20.54,87.5
2026-08-19 02:00:00,future,8979,5350.126362659259,36.77889122836597,3655.110836681738,20.24,88.3
2026-08-19 03:00:00,future,8980,6070.681246450969,37.44379307820309,3708.597048189615,20.14,88.6
2026-08-19 04:00:00,future,8981,7595.279586115462,38.97290401243656,3856.2988619906587,20.24,88.3
2026-08-19 05:00:00,future,8982,9854.26128822102,41.29815066576906,4091.974041923017,20.54,87.5
2026-08-19 06:00:00,future,8983,13662.449488252038,45.2079479839923,4486.422300513905,21.02,86.3
2026-08-19 07:00:00,future,8984,17269.123511281585,48.97575742188978,4878.328614236214,21.64,84.6
2026-08-19 08:00:00,future,8985,19017.55191515147,50.96688876606713,5114.800328220565,22.36,82.7
2026-08-19 09:00:00,future,8986,17041.019092361832,49.34145068883687,5024.128121042325,23.14,80.6
2026-08-19 10:00:00,future,8987,13853.16359014852,46.53228162321601,4824.909372212019,23.92,78.5
2026-08-19 11:00:00,future,8988,12003.140760342216,45.0069277996744,4738.924119647207,24.64,76.6
2026-08-19 12:00:00,future,8989,11503.987455879214,44.76243306537036,4762.907530091666,25.26,74.9
2026-08-19 13:00:00,future,8990,11818.336246026818,45.25797417573734,4844.273080439215,25.74,73.7
2026-08-19 14:00:00,future,8991,13016.950871698808,46.54700695413375,4984.928839878813,26.04,72.9
2026-08-19 15:00:00,future,8992,14857.82688131062,48.38519133775623,5160.972273842446,26.14,72.6
2026-08-19 16:00:00,future,8993,17234.465546048003,50.66845444192831,5362.860038595621,26.04,72.9
2026-08-19 17:00:00,future,8994,20168.373651475828,53.41781316740342,5592.519355707598,25.74,73.7
2026-08-19 18:00:00,future,8995,21707.507408096437,54.733535698277414,5677.244248378813,25.26,74.9
2026-08-19 19:00:00,future,8996,20044.317129750012,52.86494103864975,5459.493378805152,24.64,76.6
2026-08-19 20:00:00,future,8997,16736.526993542044,49.349967339306325,5083.287367671831,23.92,78.5
2026-08-19 21:00:00,future,8998,13530.752204926805,45.911141190995,4709.57334767003,23.14,80.6
2026-08-19 22:00:00,future,8999,10434.449930283114,42.579293975189756,4345.669152085304,22.36,82.7
2026-08-19 23:00:00,future,9000,8090.565361661507,40.006269856759886,4055.838652298351,21.64,84.6
2026-08-20 00:00:00,future,9001,6070.457178578226,37.73252859033383,3805.9769453176655,21.02,83.3
2026-08-20 01:00:00,future,9002,5382.736807788493,36.87611931877711,3691.3870219357514,20.54,84.5
2026-08-20 02:00:00,future,9003,5403.463809726354,36.778615909505156,3659.9648029278833,20.24,85.3
2026-08-20 03:00:00,future,9004,6129.94021562166,37.44523981251753,3713.68767954922,20.14,85.6
2026-08-20 04:00:00,future,9005,7660.537409962316,38.97156775566183,3861.3319565188735,20.24,85.3
2026-08-20 05:00:00,future,9006,9921.39565847085,41.28583830385527,4096.308161320358,20.54,84.5
2026-08-20 06:00:00,future,9007,13728.41451837024,45.172929153403786,4489.189522733809,21.02,83.3
2026-08-20 07:00:00,future,9008,17328.414281190628,48.913781562485,4879.128114766802,21.64,81.6
2026-08-20 08:00:00,future,9009,19075.10101748831,50.8931860241525,5114.811936653096,22.36,79.7
2026-08-20 09:00:00,future,9010,17101.44220006043,49.281465450330344,5025.235565527242,23.14,77.6
2026-08-20 10:00:00,future,9011,13919.093671936196,46.491471740667016,4826.715646199203,23.91,75.5
2026-08-20 11:00:00,future,9012,12074.762796292223,44.98579807081321,4743.1321677232345,24.64,73.6
2026-08-20 12:00:00,future,9013,11580.426339656682,44.74863125610686,4767.790323057068,25.26,71.9
2026-08-20 13:00:00,future,9014,11896.14681104463,45.24360886408027,4849.19189100793,25.74,70.7
2026-08-20 14:00:00,future,9015,13095.961375369588,46.526979176747496,4989.505987095988,26.04,69.9
2026-08-20 15:00:00,future,9016,14932.87228127757,48.35091869056209,5164.478358372249,26.14,69.6
2026-08-20 16:00:00,future,9017,17306.974602021994,50.61836070219363,5365.195883560311,26.04,69.9
2026-08-20 17:00:00,future,9018,20235.890339187088,53.346426585487876,5593.230727741196,25.74,70.7
2026-08-20 18:00:00,future,9019,21772.61236387901,54.651264983183374,5677.096731298678,25.26,71.9
2026-08-20 19:00:00,future,9020,20108.749357663273,52.79154514964783,5459.892580712171,24.64,73.6
2026-08-20 20:00:00,future,9021,16803.94841798986,49.29436994504585,5084.09094343167,23.91,75.5
2026-08-20 21:00:00,future,9022,13598.575869212227,45.87811290291206,4712.72372613535,23.14,77.6
2026-08-20 22:00:00,future,9023,10503.167697646755,42.5647748474353,4350.058047720185,22.36,79.7
2026-08-20 23:00:00,future,9024,8161.866846539873,40.007648808285644,4061.325113136974,21.64,81.6
2026-08-21 00:00:00,future,9025,6111.23978771793,37.73442583811474,3788.042075450064,21.01,80.3
2026-08-21 01:00:00,future,9026,5400.99430407535,36.85619518095805,3672.0153027991587,20.53,81.5
2026-08-21 02:00:00,future,9027,5411.083678178784,36.74845069701888,3639.8198939782183,20.23,82.3
2026-08-21 03:00:00,future,9028,6112.199534980694,37.39054968623085,3691.058928366859,20.13,82.6
2026-08-21 04:00:00,future,9029,7628.146250618656,38.9027941894005,3836.7280789324054,20.23,82.3
2026-08-21 05:00:00,future,9030,9911.595976922008,41.239195228597175,4072.62392769427,20.53,81.5
2026-08-21 06:00:00,future,9031,13710.77855008951,45.11897920225355,4462.994331101009,21.01,80.3
2026-08-21 07:00:00,future,9032,17305.37788408524,48.85482338435229,4850.637393027942,21.63,78.6
2026-08-21 08:00:00,future,9033,19038.4581234225,50.82099229901806,5083.980326025343,22.35,76.7
2026-08-21 09:00:00,future,9034,17060.642793667597,49.204753855912756,4994.358748811463,23.13,74.6
2026-08-21 10:00:00,future,9035,13893.155064186463,46.43249797591766,4799.076539447546,23.91,72.5
2026-08-21 11:00:00,future,9036,12062.446575312377,44.93569514125842,4715.901942107486,24.63,70.6
2026-08-21 12:00:00,future,9037,11565.396135997957,44.695639332165314,4740.1455491223,25.25,68.9
2026-08-21 13:00:00,future,9038,11873.536719679016,45.18314034314266,4820.4594163293705,25.73,67.7
2026-08-21 14:00:00,future,9039,13067.75496388,46.46112346291091,4959.615282737151,26.03,66.9
2026-08-21 15:00:00,future,9040,14905.41282871471,48.28597814195662,5133.857176018813,26.13,66.6
2026-08-21 16:00:00,future,9041,17292.456116015655,50.56631090664844,5334.831682211801,26.03,66.9
2026-08-21 17:00:00,future,9042,20224.44208988532,53.29780470284089,5562.144220183095,25.73,67.7
2026-08-21 18:00:00,future,9043,21755.282755090695,54.597261505052536,5645.159283960822,25.25,68.9
2026-08-21 19:00:00,future,9044,20080.310159555156,52.72673922374811,5428.007673902901,24.63,70.6
2026-08-21 20:00:00,future,9045,16773.189667020994,49.231058504420176,5054.86651727632,23.91,72.5
2026-08-21 21:00:00,future,9046,13570.931828204466,45.81376426356007,4684.420427373896,23.13,74.6
2026-08-21 22:00:00,future,9047,10481.810372091117,42.50640585981075,4324.022533696194,22.35,76.7
2026-08-21 23:00:00,future,9048,8144.973763554452,39.95356040243592,4037.0570406991656,21.63,78.6
2026-08-22 00:00:00,future,9049,6135.4358121170935,37.757417904187946,3777.7861901361816,21.01,87.3
2026-08-22 01:00:00,future,9050,5443.220071928081,36.89940036572219,3663.9594463312833,20.53,88.5
2026-08-22 02:00:00,future,9051,5461.369676126354,36.7993225369737,3632.552371671496,20.23,89.3
2026-08-22 03:00:00,future,9052,6181.900525209171,37.45730156726569,3685.0616621169575,20.13,89.6
2026-08-22 04:00:00,future,9053,7709.161511149688,38.97430639514646,3830.6852076015402,20.23,89.3
2026-08-22 05:00:00,future,9054,9971.869316733428,41.28136263344956,4063.1397012931143,20.53,88.5
2026-08-22 06:00:00,future,9055,13777.944586016229,45.15237902121763,4451.439289769032,21.01,87.3
2026-08-22 07:00:00,future,9056,17372.717755717436,48.87383602954465,4836.516750881343,21.63,85.6
2026-08-22 08:00:00,future,9057,19117.777839921444,50.84470698816179,5069.552538123422,22.35,83.7
2026-08-22 09:00:00,future,9058,17144.453942561442,49.24116363994511,4981.430719759185,23.13,81.6
2026-08-22 10:00:00,future,9059,13965.725709834034,46.471260074938876,4787.057879530981,23.91,79.5
2026-08-22 11:00:00,future,9060,12124.205149593872,44.97172292629462,4703.9525618436755,24.63,77.6
2026-08-22 12:00:00,future,9061,11629.166749643558,44.73584099942262,4728.531353956173,25.25,75.9
2026-08-22 13:00:00,future,9062,11941.39562707528,45.226179787597765,4808.863948720583,25.73,74.7
2026-08-22 14:00:00,future,9063,13139.238807634743,46.50286331323241,4947.4553698846,26.03,73.9
2026-08-22 15:00:00,future,9064,14976.073024491616,48.319414019728086,5120.3664164686115,26.13,73.6
2026-08-22 16:00:00,future,9065,17352.255967981593,50.57941710045805,5318.814062800575,26.03,73.9
2026-08-22 17:00:00,future,9066,20282.796572178264,53.29739533677148,5544.121279551509,25.73,74.7
2026-08-22 18:00:00,future,9067,21819.268823066144,54.59587660302952,5626.743452943925,25.25,75.9
2026-08-22 19:00:00,future,9068,20153.782169864895,52.74121480491564,5411.724002933769,24.63,77.6
2026-08-22 20:00:00,future,9069,16849.45048727234,49.26157844188679,5041.2453711363405,23.91,79.5
2026-08-22 21:00:00,future,9070,13645.241087872297,45.855293402018674,4672.990696257086,23.13,81.6
2026-08-22 22:00:00,future,9071,10550.379172961291,42.55481398435711,4314.374514972325,22.35,83.7
2026-08-22 23:00:00,future,9072,8209.123888513186,40.00705911832177,4028.786776988323,21.63,85.6
2026-08-23 00:00:00,future,9073,6109.048917459893,37.9278564419349,3787.5788933322706,21.0,84.3
2026-08-23 01:00:00,future,9074,5377.378072359848,37.01871364758451,3669.1847244009073,20.52,85.5
2026-08-23 02:00:00,future,9075,5336.074083091699,36.860007044201105,3632.425916164057,20.22,86.3
2026-08-23 03:00:00,future,9076,5999.035028516056,37.47328787995017,3680.750658658793,20.12,86.6
2026-08-23 04:00:00,future,9077,7484.206871137466,38.97466408908701,3824.716934799459,20.22,86.3
2026-08-23 05:00:00,future,9078,9808.074147742402,41.380363319195226,4065.8003648959575,20.52,85.5
2026-08-23 06:00:00,future,9079,13607.175697948202,45.309135061229185,4458.776895849222,21.0,84.3
2026-08-23 07:00:00,future,9080,17208.39698704501,49.09819850272154,4849.468774454296,21.62,82.6
2026-08-23 08:00:00,future,9081,18913.35889746115,51.059901962685025,5081.436677643823,22.34,80.7
2026-08-23 09:00:00,future,9082,16917.825057721046,49.402386148309716,4988.765425319436,23.12,78.6
2026-08-23 10:00:00,future,9083,13761.76586119352,46.598495318655765,4791.107204111034,23.89,76.5
2026-08-23 11:00:00,future,9084,11943.84419264012,45.09614944993084,4708.824736689314,24.62,74.6
2026-08-23 12:00:00,future,9085,11436.2522471521,44.8404299520316,4731.7144539672445,25.24,72.9
2026-08-23 13:00:00,future,9086,11726.587351475117,45.31117974998435,4809.500217865129,25.71,71.7
2026-08-23 14:00:00,future,9087,12903.435186844872,46.587734284975426,4947.9077156463,26.01,70.9
2026-08-23 15:00:00,future,9088,14744.97749066712,48.44386227986112,5124.876693742279,26.12,70.6
2026-08-23 16:00:00,future,9089,17154.76494758623,50.772812823282834,5328.4673043259445,26.01,70.9
2026-08-23 17:00:00,future,9090,20101.72319246312,53.55580043013028,5559.204058817413,25.71,71.7
2026-08-23 18:00:00,future,9091,21628.229381097604,54.87357891170136,5644.053614703221,25.24,72.9
2026-08-23 19:00:00,future,9092,19936.5308192207,52.96428086923668,5424.293473823076,24.62,74.6
2026-08-23 20:00:00,future,9093,16618.3495256997,49.410562991599484,5046.815503766408,23.89,76.5
2026-08-23 21:00:00,future,9094,13418.750204254891,45.95783964231986,4675.544254077675,23.12,78.6
2026-08-23 22:00:00,future,9095,10336.442036709284,42.6166447469662,4313.670323029624,22.34,80.7
2026-08-23 23:00:00,future,9096,8006.879263426696,40.04007398352287,4025.7910083903416,21.62,82.6
2026-08-24 00:00:00,future,9097,6026.684490730431,37.55115960114187,3729.938273191186,21.01,81.3
2026-08-24 01:00:00,future,9098,5343.586544815562,36.70042587230543,3617.745968269262,20.53,82.5
2026-08-24 02:00:00,future,9099,5372.07617416371,36.61089416212534,3587.608709536072,20.23,83.3
2026-08-24 03:00:00,future,9100,6100.419281914113,37.27898457079604,3640.6722278280245,20.13,83.6
2026-08-24 04:00:00,future,9101,7637.03859688462,38.80996565821958,3786.455215636914,20.23,83.3
2026-08-24 05:00:00,future,9102,9883.161101844533,41.10793785246651,4016.2861518918667,20.53,82.5
2026-08-24 06:00:00,future,9103,13683.488365354411,44.98521633557642,4402.147526243319,21.01,81.3
2026-08-24 07:00:00,future,9104,17266.19119312657,48.70589123263539,4784.134395471703,21.63,79.6
2026-08-24 08:00:00,future,9105,19010.82090016505,50.681029307153274,5015.631875857981,22.35,77.7
2026-08-24 09:00:00,future,9106,17042.459631203878,49.07463101665535,4927.684622353172,23.13,75.6
2026-08-24 10:00:00,future,9107,13868.867699782111,46.29806391035343,4733.927266273684,23.91,73.5
2026-08-24 11:00:00,future,9108,12031.232289365793,44.79514997296019,4650.929064353192,24.63,71.6
2026-08-24 12:00:00,future,9109,11543.275218350664,44.56358616445895,4675.542897155531,25.25,69.9
2026-08-24 13:00:00,future,9110,11859.95344965758,45.05855984097922,4755.566332834702,25.73,68.7
2026-08-24 14:00:00,future,9111,13060.027587825898,46.34091467933909,4893.5621636316455,26.03,67.9
2026-08-24 15:00:00,future,9112,14888.008455623469,48.15478120426586,5064.924483887993,26.13,67.6
2026-08-24 16:00:00,future,9113,17253.03200399045,50.41193872904844,5261.67611989681,26.03,67.9
2026-08-24 17:00:00,future,9114,20174.59329145917,53.131315173683674,5485.528589799189,25.73,68.7
2026-08-24 18:00:00,future,9115,21710.40393449617,54.43493887764781,5568.139613993952,25.25,69.9
2026-08-24 19:00:00,future,9116,20050.053890183222,52.58069283129983,5354.9207254832745,24.63,71.6
2026-08-24 20:00:00,future,9117,16753.413780228057,49.098694508479994,4987.168513911916,23.91,73.5
2026-08-24 21:00:00,future,9118,13551.091655385258,45.68483182132228,4621.169019030313,23.13,75.6
2026-08-24 22:00:00,future,9119,10459.16483984069,42.37815288942024,4264.861394231704,22.35,77.7
2026-08-24 23:00:00,future,9120,8121.868831950202,39.827590006161564,3981.3323118965686,21.63,79.6
2026-08-25 00:00:00,future,9121,6078.07801310488,37.79572291414636,3778.6519117412413,21.01,88.3
2026-08-25 01:00:00,future,9122,5376.55597922806,36.9220838859379,3663.4520956376987,20.53,89.5
2026-08-25 02:00:00,future,9123,5382.529544485466,36.81013331590809,3630.9624325061095,20.23,90.3
2026-08-25 03:00:00,future,9124,6079.6028096506925,37.4517095123237,3681.9266770375016,20.13,90.6
2026-08-25 04:00:00,future,9125,7584.928047566283,38.96123617685618,3826.759891398868,20.23,90.3
2026-08-25 05:00:00,future,9126,9863.730146984772,41.30474813872034,4062.370501378984,20.53,89.5
2026-08-25 06:00:00,future,9127,13669.209863398635,45.210051164986936,4453.51811979953,21.01,88.3
2026-08-25 07:00:00,future,9128,17279.279478147724,48.97946168506742,4842.703076158189,21.63,86.6
2026-08-25 08:00:00,future,9129,19023.928040845403,50.96615998660114,5077.055424719094,22.35,84.7
2026-08-25 09:00:00,future,9130,17043.739572332586,49.33833272473976,4986.866748741567,23.13,82.6
2026-08-25 10:00:00,future,9131,13861.285708689342,46.532315634156156,4788.693678132442,23.9,80.5
2026-08-25 11:00:00,future,9132,12015.928047148383,45.01654802638608,4704.988265882234,24.63,78.6
2026-08-25 12:00:00,future,9133,11506.931487384298,44.76282875409008,4727.980324428521,25.25,76.9
2026-08-25 13:00:00,future,9134,11810.166288841248,45.247456981601474,4807.771640250143,25.73,75.7
2026-08-25 14:00:00,future,9135,12999.579541180943,46.52695284358266,4946.533488434532,26.03,74.9
2026-08-25 15:00:00,future,9136,14844.354049354104,48.368022730368686,5121.544395182841,26.13,74.6
2026-08-25 16:00:00,future,9137,17233.141071031536,50.66191130188271,5322.905243342354,26.03,74.9
2026-08-25 17:00:00,future,9138,20179.70079500538,53.422058260992564,5551.8393401372705,25.73,75.7
2026-08-25 18:00:00,future,9139,21719.53174405248,54.737569292238746,5635.900111036636,25.25,76.9
2026-08-25 19:00:00,future,9140,20049.80691863603,52.86331136226425,5419.215534875154,24.63,78.6
2026-08-25 20:00:00,future,9141,16735.169321785637,49.33926417390298,5044.187453582554,23.9,80.5
2026-08-25 21:00:00,future,9142,13528.891976856745,45.90534877208623,4674.390043628115,23.13,82.6
2026-08-25 22:00:00,future,9143,10435.683200151669,42.57794231323439,4313.543955834403,22.35,84.7
2026-08-25 23:00:00,future,9144,8092.290406310596,40.0064450178823,4025.9620946214586,21.63,86.6
2026-08-26 00:00:00,future,9145,6074.625894648345,37.830119290885904,3809.173684561904,21.0,85.3
2026-08-26 01:00:00,future,9146,5395.121940366111,36.983180158264226,3696.271629887383,20.53,86.5
2026-08-26 02:00:00,future,9147,5412.795513823424,36.88239849540922,3664.529377787545,20.23,87.3
2026-08-26 03:00:00,future,9148,6132.947826200363,37.544739676345124,3717.7525788599783,20.13,87.6
2026-08-26 04:00:00,future,9149,7657.281539015115,39.06929694108266,3865.0261902972375,20.23,87.3
2026-08-26 05:00:00,future,9150,9916.441650386643,41.38849475379269,4100.154826317151,20.53,86.5
2026-08-26 06:00:00,future,9151,13724.588613073756,45.28380418382506,4492.534206145584,21.0,85.3
2026-08-26 07:00:00,future,9152,17331.35032223411,49.04582965590156,4884.6953257554005,21.63,83.6
2026-08-26 08:00:00,future,9153,19079.662568236938,51.03248910013993,5120.840043959235,22.35,81.7
2026-08-26 09:00:00,future,9154,17102.995918485794,49.41334311827404,5030.901783801005,23.13,79.6
2026-08-26 10:00:00,future,9155,13915.137830110183,46.6101482764379,4831.658778038365,23.9,77.5
2026-08-26 11:00:00,future,9156,12065.143523647468,45.094757597122666,4747.4824806869,24.63,75.6
2026-08-26 12:00:00,future,9157,11565.89831949521,44.8521920489959,4771.749017658617,25.25,73.9
2026-08-26 13:00:00,future,9158,11880.152648025414,45.343252895954514,4852.023831659013,25.72,72.7
2026-08-26 14:00:00,future,9159,13078.672036352316,46.629023223436086,4992.406908204898,26.02,71.9
2026-08-26 15:00:00,future,9160,14919.598173289904,48.46598338004411,5169.071980481709,26.13,71.6
2026-08-26 16:00:00,future,9161,17296.38510335856,50.73852092001667,5369.1693458070695,26.02,71.9
2026-08-26 17:00:00,future,9162,20230.416755672908,53.479271295274906,5597.941301585977,25.72,72.7
2026-08-26 18:00:00,future,9163,21769.55930579264,54.79405406134988,5683.227850995268,25.25,73.9
2026-08-26 19:00:00,future,9164,20106.29498067949,52.92959435949735,5465.787347791117,24.63,75.6
2026-08-26 20:00:00,future,9165,16798.43153036541,49.419464280519364,5089.219390999223,23.9,77.5
2026-08-26 21:00:00,future,9166,13592.6813050505,45.99309390050901,4717.3302654219315,23.13,79.6
2026-08-26 22:00:00,future,9167,10496.458701883215,42.66950756069186,4354.114389618029,22.35,81.7
2026-08-26 23:00:00,future,9168,8152.583362569443,40.102565598120165,4064.768849258459,21.63,83.6
2026-08-27 00:00:00,future,9169,6132.249337771886,37.83248933350045,3814.820226688507,21.0,82.3
2026-08-27 01:00:00,future,9170,5444.5306013653935,36.98141208558086,3701.396456964865,20.53,83.5
2026-08-27 02:00:00,future,9171,5465.12141155581,36.88341847633731,3669.8765799355347,20.23,84.3
2026-08-27 03:00:00,future,9172,6191.159572649671,37.54359832782275,3722.22943066082,20.12,84.6
2026-08-27 04:00:00,future,9173,7721.4744872696865,39.06949730703586,3870.5811136540206,20.23,84.3
2026-08-27 05:00:00,future,9174,9982.536738231667,41.37808176292945,4105.055979720722,20.53,83.5
2026-08-27 06:00:00,future,9175,13789.5229180051,45.25127669208749,4495.941253365306,21.0,82.3
2026-08-27 07:00:00,future,9176,17389.59492988195,48.98297336562844,4885.097058599236,21.62,80.6
2026-08-27 08:00:00,future,9177,19136.15078370634,50.96212755713698,5121.609882058318,22.35,78.7
2026-08-27 09:00:00,future,9178,17162.285229142904,49.35245882585235,5031.634902458581,23.12,76.6
2026-08-27 10:00:00,future,9179,13979.987704880548,46.57592624462005,4835.280581680156,23.9,74.5
2026-08-27 11:00:00,future,9180,12135.709424425397,45.072151598166805,4751.273926289428,24.62,72.6
2026-08-27 12:00:00,future,9181,11641.323031190394,44.83691200675338,4776.224158436038,25.24,70.9
2026-08-27 13:00:00,future,9182,11956.965564563963,45.331432823418055,4857.663146936264,25.72,69.7
2026-08-27 14:00:00,future,9183,13156.700425681676,46.61174499145394,4997.732034969606,26.02,68.9
2026-08-27 15:00:00,future,9184,14993.642316999212,48.430789595467324,5172.246734589504,26.12,68.6
2026-08-27 16:00:00,future,9185,17367.92660418187,50.69181229084595,5372.324201256147,26.02,68.9
2026-08-27 17:00:00,future,9186,20296.947419655127,53.41166546877054,5599.511657908828,25.72,69.7
2026-08-27 18:00:00,future,9187,21833.66204984987,54.71181004634534,5682.841421602427,25.24,70.9
2026-08-27 19:00:00,future,9188,20169.69506551545,52.855918299026065,5465.903812609782,24.62,72.6
2026-08-27 20:00:00,future,9189,16864.811880019126,49.37090240656783,5091.888156604047,23.9,74.5
2026-08-27 21:00:00,future,9190,13659.457785809518,45.95872714268556,4720.055408859996,23.12,76.6
2026-08-27 22:00:00,future,9191,10564.10843573327,42.657061956166444,4359.119391991409,22.35,78.7
2026-08-27 23:00:00,future,9192,8222.827006804706,40.10170495145283,4069.7052205445016,21.62,80.6
2026-08-28 00:00:00,future,9193,6171.986034316836,37.833546529642575,3796.736162491048,20.99,79.3
2026-08-28 01:00:00,future,9194,5461.744145495444,36.9606554525505,3681.869091689273,20.52,80.5
2026-08-28 02:00:00,future,9195,5471.356398565847,36.85213442874649,3649.5515169814585,20.22,81.3
2026-08-28 03:00:00,future,9196,6172.07100323739,37.491904278719375,3700.55392777873,20.12,81.6
2026-08-28 04:00:00,future,9197,7687.764733445137,39.00001151180177,3845.8474557295294,20.22,81.3
2026-08-28 05:00:00,future,9198,9971.536587742125,41.33100530352465,4081.278319257431,20.52,80.5
2026-08-28 06:00:00,future,9199,13770.719880973076,45.19732784765425,4469.717115618243,20.99,79.3
2026-08-28 07:00:00,future,9200,17365.351369168675,48.92826922198397,4857.729876662544,21.62,77.6
2026-08-28 08:00:00,future,9201,19098.22089414946,50.89036505405935,5090.806577218795,22.34,75.7
2026-08-28 09:00:00,future,9202,17120.218911410964,49.27989658151926,5001.8641636468665,23.12,73.6
2026-08-28 10:00:00,future,9203,13952.843579700417,46.5129022646931,4806.479412434072,23.89,71.5
2026-08-28 11:00:00,future,9204,12122.250221521526,45.02564520388292,4725.064078918068,24.62,69.6
2026-08-28 12:00:00,future,9205,11625.161741177631,44.78745454888826,4749.588521535968,25.24,67.9
2026-08-28 13:00:00,future,9206,11933.192829428066,45.27057116632477,4828.833840952755,25.71,66.7
2026-08-28 14:00:00,future,9207,13127.404343878778,46.545693777753975,4967.767923464698,26.01,65.9
2026-08-28 15:00:00,future,9208,14965.164401050788,48.36983692949468,5142.69084651837,26.12,65.6
2026-08-28 16:00:00,future,9209,17352.475246369,50.64012566691969,5341.960821961737,26.01,65.9
2026-08-28 17:00:00,future,9210,20284.529235503956,53.36368460450024,5568.468949625491,25.71,66.7
2026-08-28 18:00:00,future,9211,21815.287709162047,54.66250225361198,5652.0758075511285,25.24,67.9
2026-08-28 19:00:00,future,9212,20140.122336568653,52.79560505278217,5435.16596259054,24.62,69.6
2026-08-28 20:00:00,future,9213,16832.94380125077,49.30394990939859,5061.555143643386,23.89,71.5
2026-08-28 21:00:00,future,9214,13630.741358539575,45.89831352676303,4692.819002066333,23.12,73.6
2026-08-28 22:00:00,future,9215,10541.700124037656,42.59841154369204,4332.99933991749,22.34,75.7
2026-08-28 23:00:00,future,9216,8204.854788161516,40.05101480720883,4046.4315939996513,21.62,77.6
2026-08-29 00:00:00,future,9217,6195.113168679547,37.860461963106474,3787.680673625807,21.0,86.3
2026-08-29 01:00:00,future,9218,5502.878732703555,37.00369625588699,3673.8881527512044,20.52,87.5
2026-08-29 02:00:00,future,9219,5520.780903872119,36.90304790508263,3642.3767795549293,20.22,88.3
2026-08-29 03:00:00,future,9220,6240.899984030756,37.55873524107462,3694.6559920792097,20.12,88.6
2026-08-29 04:00:00,future,9221,7767.858737254803,39.071731010569295,3839.923460044085,20.22,88.3
2026-08-29 05:00:00,future,9222,10030.797019319629,41.373647196316256,4071.949676815386,20.52,87.5
2026-08-29 06:00:00,future,9223,13836.859240657122,45.23560729920241,4459.4872070860665,21.0,86.3
2026-08-29 07:00:00,future,9224,17431.70013370658,48.94874715448925,4843.895460648027,21.62,84.6
2026-08-29 08:00:00,future,9225,19176.61003690905,50.91580397652855,5076.699685686763,22.34,82.7
2026-08-29 09:00:00,future,9226,17203.141981161698,49.317792611995884,4989.228303283877,23.12,80.6
2026-08-29 10:00:00,future,9227,14024.42490989582,46.55264938430671,4794.697385146271,23.89,78.5
2026-08-29 11:00:00,future,9228,12182.934771539858,45.06235724239171,4713.314337628442,24.62,76.6
2026-08-29 12:00:00,future,9229,11687.81651590224,44.82822603473725,4738.163237635164,25.24,74.9
2026-08-29 13:00:00,future,9230,11999.926413810284,45.31419789948946,4817.435143808028,25.71,73.7
2026-08-29 14:00:00,future,9231,13197.696523598945,46.58810687275816,4955.819550104479,26.01,72.9
2026-08-29 15:00:00,future,9232,15034.603387968837,48.40416833164573,5129.438233571341,26.12,72.6
2026-08-29 16:00:00,future,9233,17410.97505656599,50.65439502593722,5326.220243751531,26.01,72.9
2026-08-29 17:00:00,future,9234,20341.635583581363,53.3648864331095,5550.777323421612,25.71,73.7
2026-08-29 18:00:00,future,9235,21878.10191811648,54.66299876203594,5634.018745859429,25.24,74.9
2026-08-29 19:00:00,future,9236,20212.51155687204,52.81180288235155,5419.216116423223,24.62,76.6
2026-08-29 20:00:00,future,9237,16908.11414457381,49.335734167491836,5048.210293070512,23.89,78.5
2026-08-29 21:00:00,future,9238,13703.944982900186,45.9406735375419,4681.604445705439,23.12,80.6
2026-08-29 22:00:00,future,9239,10609.153686822869,42.647243997252524,4323.511461829174,22.34,82.7
2026-08-29 23:00:00,future,9240,8267.907427404716,40.104655450544115,4038.2816973296776,21.62,84.6
2026-08-30 00:00:00,future,9241,6167.602293667593,38.029184053897595,3797.034086542031,20.98,83.3
2026-08-30 01:00:00,future,9242,5435.892300534764,37.12132582123735,3678.6640197028337,20.5,84.5
2026-08-30 02:00:00,future,9243,5394.101258666785,36.961932953418525,3641.7844464453697,20.2,85.3
2026-08-30 03:00:00,future,9244,6056.769545325166,37.57317353238292,3689.903525910353,20.1,85.6
2026-08-30 04:00:00,future,9245,7541.723597025209,39.070744703457585,3833.5417679002708,20.2,85.3
2026-08-30 05:00:00,future,9246,9865.870836986409,41.471248348691965,4074.2088057111523,20.5,84.5
2026-08-30 06:00:00,future,9247,13664.972019363717,45.39106565176746,4466.460694227378,20.98,83.3
2026-08-30 07:00:00,future,9248,17266.22423604015,49.17184269093529,4856.51613151114,21.6,81.6
2026-08-30 08:00:00,future,9249,18970.85827908057,51.133673727557834,5089.380269143756,22.33,79.7
2026-08-30 09:00:00,future,9250,16975.106414955437,49.47777103007649,4996.263379701722,23.1,77.6
2026-08-30 10:00:00,future,9251,13819.153691002222,46.68657918641514,4800.659187567401,23.88,75.5
2026-08-30 11:00:00,future,9252,12001.376532420432,45.185708763658525,4717.9086505202185,24.6,73.6
2026-08-30 12:00:00,future,9253,11493.745058665654,44.93185548111516,4741.089280919142,25.22,71.9
2026-08-30 13:00:00,future,9254,11783.944195339416,45.40618158606324,4820.037640451755,25.7,70.7
2026-08-30 14:00:00,future,9255,12960.632503079249,46.67996251299824,4958.250141730641,26.0,69.9
2026-08-30 15:00:00,future,9256,14802.158910402635,48.52766227039241,5133.726085628364,26.1,69.6
2026-08-30 16:00:00,future,9257,17212.10361968544,50.85460350341735,5337.856322483273,26.0,69.9
2026-08-30 17:00:00,future,9258,20159.14194248028,53.630027605271366,5567.843927414867,25.7,70.7
2026-08-30 18:00:00,future,9259,21685.6094160475,54.939538362677816,5651.102449853243,25.22,71.9
2026-08-30 19:00:00,future,9260,19993.779284161767,53.033677437144995,5431.535863410064,24.6,73.6
2026-08-30 20:00:00,future,9261,16675.52019354856,49.491327086174785,5055.6989959354105,23.88,75.5
2026-08-30 21:00:00,future,9262,13475.944020031682,46.04184347339518,4683.829486553089,23.1,77.6
2026-08-30 22:00:00,future,9263,10393.708317973773,42.7115250579483,4323.542033583202,22.33,79.7
2026-08-30 23:00:00,future,9264,8064.223006679729,40.13613470366321,4034.8860542622588,21.6,81.6
2026-08-31 00:00:00,future,9265,6083.819517419586,37.65118380559835,3739.2067072601253,20.99,80.3
2026-08-31 01:00:00,future,9266,5400.702739196654,36.805447604770904,3628.109308542196,20.52,81.5
2026-08-31 02:00:00,future,9267,5429.090366393199,36.71545588344856,3597.8736024624823,20.22,82.3
2026-08-31 03:00:00,future,9268,6156.978641774087,37.38133053971282,3650.720417232838,20.12,82.6
2026-08-31 04:00:00,future,9269,7693.267800508313,38.908553058593625,3796.188093063933,20.22,82.3
2026-08-31 05:00:00,future,9270,9939.620358337836,41.20187310516241,4025.6634586539876,20.52,81.5
2026-08-31 06:00:00,future,9271,13739.938195592442,45.06695078246443,4409.789874802155,20.99,80.3
2026-08-31 07:00:00,future,9272,17322.756542519604,48.78401737505684,4792.317769010576,21.62,78.6
2026-08-31 08:00:00,future,9273,19067.28174077701,50.755747565569116,5023.650107682846,22.34,76.7
2026-08-31 09:00:00,future,9274,17098.734857873194,49.154469315809315,4936.306775790221,23.12,74.6
2026-08-31 10:00:00,future,9275,13925.13428539961,46.38205185340228,4742.324614420571,23.89,72.5
2026-08-31 11:00:00,future,9276,12087.476866508749,44.88797263989193,4660.99192623292,24.62,70.6
2026-08-31 12:00:00,future,9277,11599.40820736956,44.65803499435528,4685.868740004488,25.24,68.9
2026-08-31 13:00:00,future,9278,11915.973168749832,45.14872669118337,4764.8606439228915,25.71,67.7
2026-08-31 14:00:00,future,9279,13115.93264636428,46.42850350843898,4902.684662959871,26.01,66.9
2026-08-31 15:00:00,future,9280,14943.969097093574,48.242230648002824,5074.796601469008,26.12,66.6
2026-08-31 16:00:00,future,9281,17309.168697935354,50.49009956573342,5269.961299061473,26.01,66.9
2026-08-31 17:00:00,future,9282,20230.885583341857,53.20260562013187,5493.146155053755,25.71,67.7
2026-08-31 18:00:00,future,9283,21766.724498536863,54.50616451856806,5576.402370755335,25.24,68.9
2026-08-31 19:00:00,future,9284,20106.296812923996,52.65505445402244,5363.343327204103,24.62,70.6
2026-08-31 20:00:00,future,9285,16809.56156978587,49.175927118646726,4994.965471519981,23.89,72.5
2026-08-31 21:00:00,future,9286,13607.255335586768,45.77259925473092,4630.495503018555,23.12,74.6
2026-08-31 22:00:00,future,9287,10515.432284969873,42.472369857970705,4274.611784548292,22.34,76.7
2026-08-31 23:00:00,future,9288,8178.179644021666,39.926519962611096,3991.3637085792825,21.62,78.6
2026-09-01 00:00:00,future,9289,6212.612573539757,45.05254541445838,4277.823012929364,22.54,79.0
2026-09-01 01:00:00,future,9290,6041.939081948931,44.623209544086116,4197.413053242825,21.99,80.3
2026-09-01 02:00:00,future,9291,5674.626930963776,44.06227253284608,4121.299584921339,21.64,81.1
2026-09-01 03:00:00,future,9292,6054.041129666537,44.431991920518286,4143.928333348524,21.52,81.4
2026-09-01 04:00:00,future,9293,7206.609870981627,45.76611548821716,4269.010250356639,21.64,81.1
2026-09-01 05:00:00,future,9294,10138.0555227234,49.17883412689766,4592.352232630958,21.99,80.3
2026-09-01 06:00:00,future,9295,15034.899969635171,54.86452950216699,5128.449940879049,22.54,79.0
2026-09-01 07:00:00,future,9296,19485.558904666887,60.13237269266048,5642.457743847501,23.27,77.4
2026-09-01 08:00:00,future,9297,21385.767533210987,62.61155564705717,5923.347132559763,24.11,75.5
2026-09-01 09:00:00,future,9298,18892.840548778564,60.235258667767425,5788.798956290435,25.02,73.4
2026-09-01 10:00:00,future,9299,15298.289436315095,56.62940096988124,5546.871632610848,25.92,71.3
2026-09-01 11:00:00,future,9300,13586.60663635161,55.09586023731386,5480.672627869078,26.77,69.4
2026-09-01 12:00:00,future,9301,12618.47071378638,54.332665654499486,5471.048501098934,27.49,67.7
2026-09-01 13:00:00,future,9302,12287.311449526132,54.20822729600984,5504.23557110498,28.05,66.5
2026-09-01 14:00:00,future,9303,12602.731379445802,54.71145074335082,5575.345697480368,28.4,65.7
2026-09-01 15:00:00,future,9304,14128.356022138574,56.46048015165557,5736.396902394795,28.52,65.4
2026-09-01 16:00:00,future,9305,17007.47163167092,59.61032099376348,6000.0417542904,28.4,65.7
2026-09-01 17:00:00,future,9306,20751.760284892734,63.62222998658175,6320.360436046673,28.05,66.5
2026-09-01 18:00:00,future,9307,22564.37799392727,65.39431889578461,6430.0125628594915,27.49,67.7
2026-09-01 19:00:00,future,9308,20680.225155024717,62.98525092530034,6164.624834102628,26.77,69.4
2026-09-01 20:00:00,future,9309,16960.091616980117,58.47762647212698,5707.099204025581,25.92,71.3
2026-09-01 21:00:00,future,9310,13820.21323523351,54.59357683983144,5299.706593434041,25.02,73.4
2026-09-01 22:00:00,future,9311,11200.28395360764,51.283450097818665,4941.283613428148,24.11,75.5
2026-09-01 23:00:00,future,9312,9516.837066879909,49.04534552434929,4681.29394904587,23.27,77.4
2026-09-02 00:00:00,future,9313,7046.816646726242,45.34711797385565,4557.187987856843,23.15,74.6
2026-09-02 01:00:00,future,9314,6223.678659184256,44.20281373818043,4407.358316644195,22.59,75.8
2026-09-02 02:00:00,future,9315,5863.497658648401,43.65818852756411,4329.377633905267,22.24,76.6
2026-09-02 03:00:00,future,9316,6474.589397131358,44.283579398335625,4377.217780770443,22.12,76.9
2026-09-02 04:00:00,future,9317,8055.265297657592,46.08130314354265,4551.890595942209,22.24,76.6
2026-09-02 05:00:00,future,9318,10840.43457734534,49.30688067693618,4876.06130142592,22.59,75.8
2026-09-02 06:00:00,future,9319,14770.32054246512,53.88585850603741,5341.294705447406,23.15,74.6
2026-09-02 07:00:00,future,9320,18353.27677047735,58.14822489188701,5790.239323480996,23.87,72.9
2026-09-02 08:00:00,future,9321,19864.77580447581,60.17487304854827,6044.267621135031,24.72,71.0
2026-09-02 09:00:00,future,9322,17639.212610983246,58.090920014638584,5924.817661767665,25.62,68.9
2026-09-02 10:00:00,future,9323,14573.268974307071,55.08206572240052,5721.233740031189,26.53,66.8
2026-09-02 11:00:00,future,9324,12958.719105502169,53.648518491902664,5656.7155667923535,27.37,64.9
2026-09-02 12:00:00,future,9325,12189.46198389732,53.10346729196312,5664.997396918298,28.1,63.3
2026-09-02 13:00:00,future,9326,12132.627068629452,53.27491511507285,5725.490327487682,28.66,62.0
2026-09-02 14:00:00,future,9327,13008.7729343857,54.38996667198386,5855.852872438556,29.01,61.2
2026-09-02 15:00:00,future,9328,14807.31845925118,56.424373163255574,6051.461013529211,29.12,60.9
2026-09-02 16:00:00,future,9329,17410.353975609945,59.25614644605242,6302.710841183455,29.01,61.2
2026-09-02 17:00:00,future,9330,20771.8206910035,62.82599889058953,6602.559834451527,28.66,62.0
2026-09-02 18:00:00,future,9331,22422.322803298237,64.41643412907433,6703.859423399342,28.1,63.3
2026-09-02 19:00:00,future,9332,20469.310682244897,61.95187323642187,6419.206968091722,27.37,64.9
2026-09-02 20:00:00,future,9333,16922.71924608961,57.67950679769836,5959.754981894747,26.53,66.8
2026-09-02 21:00:00,future,9334,13673.65163375361,53.70678339656938,5522.225387168535,25.62,68.9
2026-09-02 22:00:00,future,9335,10670.747422942495,50.01039021081189,5110.870096773597,24.72,71.0
2026-09-02 23:00:00,future,9336,8653.23592465614,47.42431861150978,4805.470326043515,23.87,72.9
2026-09-03 00:00:00,future,9337,6657.600009330476,44.94508287118882,4609.612589489273,22.96,73.1
2026-09-03 01:00:00,future,9338,5903.765964688262,43.88585788052766,4465.135006054929,22.41,74.4
2026-09-03 02:00:00,future,9339,5844.171201499549,43.67262632834781,4416.356575836012,22.06,75.2
2026-09-03 03:00:00,future,9340,6454.292722622519,44.291163288925546,4464.414080218353,21.94,75.5
2026-09-03 04:00:00,future,9341,8009.887233245419,46.04816667446474,4638.856808987526,22.06,75.2
2026-09-03 05:00:00,future,9342,10604.836882178068,49.04238970222329,4948.111241106425,22.41,74.4
2026-09-03 06:00:00,future,9343,14624.595362003987,53.68395658324473,5428.121709569007,22.96,73.1
2026-09-03 07:00:00,future,9344,18229.04647493849,57.94602306925792,5887.401816440481,23.69,71.5
2026-09-03 08:00:00,future,9345,19904.152676153702,60.138292249243115,6161.871979060706,24.53,69.5
2026-09-03 09:00:00,future,9346,17703.882973214102,58.10929426522815,6046.726904073298,25.44,67.5
2026-09-03 10:00:00,future,9347,14546.80522447798,55.030788366527524,5833.281770283008,26.35,65.4
2026-09-03 11:00:00,future,9348,12865.795195378952,53.54178567406769,5762.952969058225,27.19,63.5
2026-09-03 12:00:00,future,9349,12294.475861777855,53.21928962611843,5792.006156194476,27.91,61.8
2026-09-03 13:00:00,future,9350,12427.351502328243,53.60161962490811,5873.9067681868455,28.47,60.5
2026-09-03 14:00:00,future,9351,13452.992432897849,54.874492244146474,6021.9343586495925,28.82,59.7
2026-09-03 15:00:00,future,9352,15301.61266874642,56.95291100571841,6226.481815474708,28.94,59.5
2026-09-03 16:00:00,future,9353,18019.53998411174,59.8834674705177,6491.090000455266,28.82,59.7
2026-09-03 17:00:00,future,9354,21346.84129762851,63.38526972719462,6790.272778298988,28.47,60.5
2026-09-03 18:00:00,future,9355,23018.114416887343,64.98188253831185,6893.72588480588,27.91,61.8
2026-09-03 19:00:00,future,9356,20951.713788540445,62.41110444527681,6593.679964587854,27.19,63.5
2026-09-03 20:00:00,future,9357,17335.962419350224,58.090171660993896,6119.832784847469,26.35,65.4
2026-09-03 21:00:00,future,9358,13996.115031549234,54.0423010812864,5665.800125400892,25.44,67.5
2026-09-03 22:00:00,future,9359,10929.682374197891,50.29433488141685,5239.85740959437,24.53,69.5
2026-09-03 23:00:00,future,9360,8786.501448679865,47.58864179161162,4917.298423802923,23.69,71.5
2026-09-04 00:00:00,future,9361,6671.233668357945,45.94303738756247,4717.933885851558,23.23,78.1
2026-09-04 01:00:00,future,9362,5826.973245827325,44.727670940668496,4557.58876300016,22.67,79.4
2026-09-04 02:00:00,future,9363,5713.225533577437,44.44741583996468,4502.33012075863,22.32,80.2
2026-09-04 03:00:00,future,9364,6224.487621761538,44.98857789284313,4543.150501594605,22.2,80.5
2026-09-04 04:00:00,future,9365,7697.45352438804,46.745321067846035,4717.845491678866,22.32,80.2
2026-09-04 05:00:00,future,9366,10354.818084971204,49.971301398000094,5049.377087979248,22.67,79.4
2026-09-04 06:00:00,future,9367,14387.933082180803,54.87963338718274,5556.077155754025,23.23,78.1
2026-09-04 07:00:00,future,9368,17903.643501610924,59.25666414522405,6026.192997957977,23.95,76.5
2026-09-04 08:00:00,future,9369,19376.188670207033,61.32270193480627,6290.327824995327,24.8,74.6
2026-09-04 09:00:00,future,9370,17094.295584227883,59.061997983577655,6152.806424393859,25.7,72.5
2026-09-04 10:00:00,future,9371,14028.354577365017,55.897543263662676,5931.352101483929,26.61,70.4
2026-09-04 11:00:00,future,9372,12421.420274584718,54.39303762093547,5859.785845634968,27.45,68.5
2026-09-04 12:00:00,future,9373,11733.89800377626,53.90661006005922,5874.596686704327,28.18,66.8
2026-09-04 13:00:00,future,9374,11659.441594973436,54.05802406830159,5935.156099651187,28.74,65.6
2026-09-04 14:00:00,future,9375,12573.294216114124,55.26486888627,6077.317510633651,29.09,64.8
2026-09-04 15:00:00,future,9376,14464.54623893553,57.50177947267644,6296.218491187407,29.2,64.5
2026-09-04 16:00:00,future,9377,17155.105078733737,60.57099660099701,6574.967313033846,29.09,64.8
2026-09-04 17:00:00,future,9378,20437.35041119905,64.22359105560658,6888.561798590066,28.74,65.6
2026-09-04 18:00:00,future,9379,22034.658605644738,65.83576928360094,6993.405740983077,28.18,66.8
2026-09-04 19:00:00,future,9380,19959.85138231408,63.12318371941788,6678.566642933986,27.45,68.5
2026-09-04 20:00:00,future,9381,16463.964789295744,58.71818759737678,6195.893999225694,26.61,70.4
2026-09-04 21:00:00,future,9382,13321.639962382256,54.69294104224627,5743.042385451833,25.7,72.5
2026-09-04 22:00:00,future,9383,10467.567885532057,51.00575934094929,5322.724947861937,24.8,74.6
2026-09-04 23:00:00,future,9384,8490.464656346245,48.355400288604756,5003.787941799603,23.95,76.5
2026-09-05 00:00:00,future,9385,6214.329493494693,46.70760596030217,4589.413520088917,22.83,77.3
2026-09-05 01:00:00,future,9386,5333.842032836792,45.31593506028698,4418.785533419825,22.27,78.6
2026-09-05 02:00:00,future,9387,5064.673390493946,44.81259365389562,4345.066786114174,21.92,79.4
2026-09-05 03:00:00,future,9388,5536.341535600913,45.37511835545066,4385.836312257743,21.8,79.6
2026-09-05 04:00:00,future,9389,6879.616599823509,47.17832114820124,4557.6141720225205,21.92,79.4
2026-09-05 05:00:00,future,9390,9391.339480260644,50.60476901393522,4893.9576883096215,22.27,78.6
2026-09-05 06:00:00,future,9391,12976.269460235211,55.521604774111516,5381.302024485031,22.83,77.3
2026-09-05 07:00:00,future,9392,16096.619174362304,59.90258184330462,5833.529350640312,23.55,75.6
2026-09-05 08:00:00,future,9393,17268.665238375866,61.80063809642307,6073.264479914948,24.4,73.7
2026-09-05 09:00:00,future,9394,15188.682319220585,59.481549863444805,5938.183665174465,25.3,71.6
2026-09-05 10:00:00,future,9395,12523.10285543356,56.40350977283632,5735.72945123148,26.21,69.6
2026-09-05 11:00:00,future,9396,11144.49320788927,54.9725011603033,5675.552537841545,27.05,67.6
2026-09-05 12:00:00,future,9397,10604.04901155024,54.58609298322146,5700.271140504048,27.78,66.0
2026-09-05 13:00:00,future,9398,10594.116768120895,54.81277001976288,5765.416762288481,28.33,64.7
2026-09-05 14:00:00,future,9399,11425.887937010632,56.049448016839875,5905.021701353899,28.68,63.9
2026-09-05 15:00:00,future,9400,13161.205225724056,58.36366683733122,6122.711493543273,28.8,63.6
2026-09-05 16:00:00,future,9401,15562.106626679775,61.44089289859223,6389.412874320231,28.68,63.9
2026-09-05 17:00:00,future,9402,18374.121897488927,64.9537881771209,6676.530533838145,28.33,64.7
2026-09-05 18:00:00,future,9403,19624.740234909124,66.3443106150694,6756.681241247397,27.78,66.0
2026-09-05 19:00:00,future,9404,17705.47143711353,63.52455199397655,6443.906481069513,27.05,67.6
2026-09-05 20:00:00,future,9405,14624.565732997382,59.14270760677395,5981.83105866118,26.21,69.6
2026-09-05 21:00:00,future,9406,11876.549403283148,55.16427764040796,5550.300898680882,25.3,71.6
2026-09-05 22:00:00,future,9407,9349.673861323035,51.4784552691249,5145.874075867497,24.4,73.7
2026-09-05 23:00:00,future,9408,7633.249007872782,48.87081655476628,4842.3869305275975,23.55,75.6
2026-09-06 00:00:00,future,9409,6107.0961258531115,42.89394660609394,4671.07966164892,22.87,73.2
2026-09-06 01:00:00,future,9410,5452.02540600511,41.93732391590967,4529.758582567522,22.32,74.5
2026-09-06 02:00:00,future,9411,5434.984583424795,41.77608967151093,4484.32535794475,21.97,75.3
2026-09-06 03:00:00,future,9412,6118.5541095260105,42.49247603838516,4545.476614971523,21.85,75.6
2026-09-06 04:00:00,future,9413,7606.757792461422,44.20697975198027,4726.033624715201,21.97,75.3
2026-09-06 05:00:00,future,9414,9901.447368957495,46.917611760219735,5024.95857229051,22.32,74.5
2026-09-06 06:00:00,future,9415,13729.775583457154,51.42609711010846,5519.448465618782,22.87,73.2
2026-09-06 07:00:00,future,9416,17094.908478813522,55.48923374196357,5984.777154632189,23.6,71.6
2026-09-06 08:00:00,future,9417,18796.634021745296,57.73517883033495,6278.659284900166,24.44,69.7
2026-09-06 09:00:00,future,9418,16831.578298105145,55.90528662493622,6173.153030372159,25.35,67.6
2026-09-06 10:00:00,future,9419,13880.200671727467,52.96733154356483,5956.629826549608,26.25,65.5
2026-09-06 11:00:00,future,9420,12316.209235384486,51.56198475712499,5888.296736134466,27.1,63.6
2026-09-06 12:00:00,future,9421,11769.414083791304,51.242394783971086,5917.0021061697535,27.82,61.9
2026-09-06 13:00:00,future,9422,11795.999295710357,51.4996083267491,5989.619573127859,28.38,60.7
2026-09-06 14:00:00,future,9423,12582.90888351886,52.52256530392183,6120.735614036297,28.73,59.9
2026-09-06 15:00:00,future,9424,14178.406511270709,54.357164331826674,6313.233941284324,28.85,59.6
2026-09-06 16:00:00,future,9425,16617.012041540955,57.0379821575886,6569.712550597392,28.73,59.9
2026-09-06 17:00:00,future,9426,19951.385562170515,60.62802352914859,6897.276169639626,28.38,60.7
2026-09-06 18:00:00,future,9427,21594.4507806595,62.239668416082345,7010.483037362156,27.82,61.9
2026-09-06 19:00:00,future,9428,19688.859058993887,59.81427429104744,6708.838403632327,27.1,63.6
2026-09-06 20:00:00,future,9429,16235.206987439473,55.60331649286181,6218.731086679211,26.25,65.5
2026-09-06 21:00:00,future,9430,13021.040293774164,51.64010875211008,5749.057856595548,25.35,67.6
2026-09-06 22:00:00,future,9431,10110.917396453757,48.01315891668349,5311.979383691798,24.44,69.7
2026-09-06 23:00:00,future,9432,8247.930629001647,45.58671233330345,5000.149628453634,23.6,71.6
2026-09-07 00:00:00,future,9433,6075.0380193460815,50.82673769692692,4353.274800085459,22.12,72.3
2026-09-07 01:00:00,future,9434,5353.591293448728,49.53912524929588,4207.504142175073,21.56,73.5
2026-09-07 02:00:00,future,9435,5216.374045495011,49.1745433564802,4150.8920133103775,21.21,74.3
2026-09-07 03:00:00,future,9436,5616.101352289403,49.67647077530036,4180.611481170378,21.09,74.6
2026-09-07 04:00:00,future,9437,6947.109566317986,51.60316854805859,4341.212048254611,21.21,74.3
2026-09-07 05:00:00,future,9438,9496.016017114956,55.351912308366096,4663.025167009145,21.56,73.5
2026-09-07 06:00:00,future,9439,13199.60024435703,60.82415849892315,5136.726064194078,22.12,72.3
2026-09-07 07:00:00,future,9440,16445.72534310517,65.73312711608554,5579.104515949144,22.84,70.6
2026-09-07 08:00:00,future,9441,17672.411781327355,67.87225115820611,5814.838591484927,23.69,68.7
2026-09-07 09:00:00,future,9442,15504.175479481512,65.27208389307673,5683.182435097599,24.59,66.6
2026-09-07 10:00:00,future,9443,12816.708231026363,61.948229891347864,5495.61550972646,25.5,64.5
2026-09-07 11:00:00,future,9444,11551.91951590197,60.58631852689797,5456.188573921144,26.34,62.6
2026-09-07 12:00:00,future,9445,11078.41138871941,60.280690326035575,5490.724568512556,27.07,60.9
2026-09-07 13:00:00,future,9446,10984.993370259366,60.4248576764432,5546.888764456308,27.63,59.7
2026-09-07 14:00:00,future,9447,11635.018022733184,61.50902784029249,5659.891671677203,27.98,58.9
2026-09-07 15:00:00,future,9448,13074.995087951958,63.583719040015666,5831.288606730737,28.09,58.6
2026-09-07 16:00:00,future,9449,15500.760812488588,66.93356568007648,6084.98741506486,27.98,58.9
2026-09-07 17:00:00,future,9450,18537.433209167204,71.02269046485794,6377.391517050003,27.63,59.7
2026-09-07 18:00:00,future,9451,19879.164970066064,72.63019814821794,6458.497927865018,27.07,60.9
2026-09-07 19:00:00,future,9452,18040.2852769326,69.69100745818004,6169.680602895699,26.34,62.6
2026-09-07 20:00:00,future,9453,14929.42342464226,64.91286156390184,5727.939873927984,25.5,64.5
2026-09-07 21:00:00,future,9454,12112.051220190267,60.51214320314301,5310.168072246532,24.59,66.6
2026-09-07 22:00:00,future,9455,9672.883580074791,56.64704922725732,4935.171843745315,23.69,68.7
2026-09-07 23:00:00,future,9456,8109.731448436916,54.03578542183966,4662.438375894548,22.84,70.6
2026-09-08 00:00:00,future,9457,6645.389725022059,46.33549427319918,4360.19591702966,22.61,78.0
2026-09-08 01:00:00,future,9458,5981.336806514203,45.337778169545096,4230.14126546051,22.05,79.3
2026-09-08 02:00:00,future,9459,5830.044252205115,45.01214638469272,4174.473872131834,21.7,80.1
2026-09-08 03:00:00,future,9460,6530.735544888203,45.755072591568386,4229.653993026969,21.59,80.4
2026-09-08 04:00:00,future,9461,8188.50857480895,47.67644195960457,4403.548357079755,21.7,80.1
2026-09-08 05:00:00,future,9462,10881.31689581539,50.87315775699973,4706.069777269628,22.05,79.3
2026-09-08 06:00:00,future,9463,15073.306052883505,55.856291328656845,5178.78815668566,22.61,78.0
2026-09-08 07:00:00,future,9464,18588.02953682982,60.14948552474648,5605.625579997188,23.34,76.4
2026-09-08 08:00:00,future,9465,20206.0507282138,62.34865111059397,5861.115933792153,24.18,74.5
2026-09-08 09:00:00,future,9466,17922.530595224493,60.17129142355363,5745.8493074731205,25.09,72.4
2026-09-08 10:00:00,future,9467,14727.179889437946,56.959439956035006,5540.8471530095885,25.99,70.3
2026-09-08 11:00:00,future,9468,13111.233428558,55.50969729818189,5483.397198812006,26.84,68.4
2026-09-08 12:00:00,future,9469,12471.990104826147,55.10584304881987,5505.594738200444,27.56,66.7
2026-09-08 13:00:00,future,9470,12392.910692913303,55.26406195909353,5563.469940537424,28.12,65.5
2026-09-08 14:00:00,future,9471,13223.194494866646,56.35673243058807,5685.08684552398,28.47,64.7
2026-09-08 15:00:00,future,9472,15065.06837292614,58.49049630734951,5878.033322984093,28.59,64.4
2026-09-08 16:00:00,future,9473,17649.873294624576,61.357435907302154,6115.044236172525,28.47,64.7
2026-09-08 17:00:00,future,9474,21035.59101287762,65.02747228977698,6402.921919475809,28.12,65.5
2026-09-08 18:00:00,future,9475,22697.55064199696,66.65739183803329,6498.789755358934,27.56,66.7
2026-09-08 19:00:00,future,9476,20800.22420591578,64.19574944970871,6230.218588142143,26.84,68.4
2026-09-08 20:00:00,future,9477,17215.374590168434,59.77028855236074,5782.522176056239,25.99,70.3
2026-09-08 21:00:00,future,9478,13921.172731241437,55.651061904508445,5357.20277040265,25.09,72.4
2026-09-08 22:00:00,future,9479,10868.280908413231,51.80001631802984,4954.150841493669,24.18,74.5
2026-09-08 23:00:00,future,9480,8817.46559453973,49.11193451057777,4656.62377349125,23.34,76.4
2026-09-09 00:00:00,future,9481,6666.035795831149,45.17865339005098,4516.5923077330035,23.14,73.6
2026-09-09 01:00:00,future,9482,5944.672517613344,44.14094907183578,4377.954137106649,22.59,74.8
2026-09-09 02:00:00,future,9483,5822.143806278964,43.85683374788053,4324.078501002428,22.24,75.6
2026-09-09 03:00:00,future,9484,6437.6179675132635,44.4945131189551,4372.716230721463,22.12,75.9
2026-09-09 04:00:00,future,9485,7967.4438370880225,46.255354951803696,4543.049222877852,22.24,75.6
2026-09-09 05:00:00,future,9486,10569.038553773284,49.311153627442266,4849.963065746926,22.59,74.8
2026-09-09 06:00:00,future,9487,14523.543627630275,53.9636246639548,5318.607940680149,23.14,73.6
2026-09-09 07:00:00,future,9488,18130.441909993384,58.303122749028724,5773.048153258475,23.87,71.9
2026-09-09 08:00:00,future,9489,19749.056737166917,60.465888646455866,6037.546049688091,24.71,70.0
2026-09-09 09:00:00,future,9490,17592.900218492487,58.43775163815505,5925.026953522321,25.62,67.9
2026-09-09 10:00:00,future,9491,14480.700812836538,55.33652137597892,5713.742607932363,26.52,65.8
2026-09-09 11:00:00,future,9492,12817.010778280668,53.833758050755634,5644.397702340651,27.37,63.9
2026-09-09 12:00:00,future,9493,12115.498108419522,53.35209698330828,5657.89653875438,28.09,62.3
2026-09-09 13:00:00,future,9494,12125.621225498948,53.59881322112076,5725.120418705916,28.65,61.0
2026-09-09 14:00:00,future,9495,13042.059642948265,54.77054763647132,5860.030399170041,29.0,60.2
2026-09-09 15:00:00,future,9496,14813.807396390564,56.80186667988079,6055.056352118475,29.12,59.9
2026-09-09 16:00:00,future,9497,17375.29913250091,59.61526243072299,6302.324048291278,29.0,60.2
2026-09-09 17:00:00,future,9498,20742.45690339308,63.232739845526915,6604.640626403302,28.65,61.0
2026-09-09 18:00:00,future,9499,22398.27968067346,64.84860995686198,6707.459803299061,28.09,62.3
2026-09-09 19:00:00,future,9500,20462.024447849948,62.38115334624214,6424.72406132632,27.37,63.9
2026-09-09 20:00:00,future,9501,16926.6134595049,58.07113810171749,5963.396852184258,26.52,65.8
2026-09-09 21:00:00,future,9502,13653.526405017194,54.033392580631165,5522.935164361942,25.62,67.9
2026-09-09 22:00:00,future,9503,10637.230722576474,50.27854534314563,5107.502190384326,24.71,70.0
2026-09-09 23:00:00,future,9504,8637.743169147778,47.689950285787624,4804.128624065635,23.87,71.9
2026-09-10 00:00:00,future,9505,6648.5516616787645,45.006226531072514,4619.100561514105,22.95,72.1
2026-09-10 01:00:00,future,9506,5901.178382937341,43.95277828629894,4474.971137451776,22.4,73.4
2026-09-10 02:00:00,future,9507,5846.8256599663055,43.74492316789557,4426.60261893581,22.05,74.2
2026-09-10 03:00:00,future,9508,6449.987580534702,44.3563774006572,4474.007573006249,21.93,74.5
2026-09-10 04:00:00,future,9509,8001.717490030645,46.110944441587215,4648.36011981279,22.05,74.2
2026-09-10 05:00:00,future,9510,10604.55886908238,49.116981024100866,4958.990747034657,22.4,73.4
2026-09-10 06:00:00,future,9511,14636.29325059559,53.776581620109326,5441.110087791082,22.95,72.1
2026-09-10 07:00:00,future,9512,18250.170296391156,58.05358990832311,5902.226842704096,23.68,70.5
2026-09-10 08:00:00,future,9513,19930.613369794104,60.254302458763355,6177.819692111871,24.52,68.5
2026-09-10 09:00:00,future,9514,17718.802594207733,58.211045932800644,6061.420092399184,25.43,66.5
2026-09-10 10:00:00,future,9515,14551.497971681238,55.11444568250359,5845.4695458906035,26.33,64.4
2026-09-10 11:00:00,future,9516,12871.314815922302,53.62950217204996,5776.446266880681,27.18,62.5
2026-09-10 12:00:00,future,9517,12303.036312145176,53.31036698843268,5805.959938844914,27.9,60.8
2026-09-10 13:00:00,future,9518,12436.311398730206,53.69378328563573,5888.115353726089,28.46,59.5
2026-09-10 14:00:00,future,9519,13460.37373044081,54.96635707416952,6036.275600258425,28.81,58.7
2026-09-10 15:00:00,future,9520,15308.64700398489,57.04652185421621,6241.1450919971885,28.93,58.5
2026-09-10 16:00:00,future,9521,18034.79260323586,59.98896295016212,6507.023914880434,28.81,58.7
2026-09-10 17:00:00,future,9522,21371.13429546439,63.504011694970316,6807.587954955932,28.46,59.5
2026-09-10 18:00:00,future,9523,23045.078043812384,65.10487978272411,6911.411403041902,27.9,60.8
2026-09-10 19:00:00,future,9524,20974.137844354285,62.52621401380218,6610.298694999948,27.18,62.5
2026-09-10 20:00:00,future,9525,17351.595306447653,58.18888764289971,6133.624421465752,26.33,64.4
2026-09-10 21:00:00,future,9526,14006.894270552211,54.13545664463678,5679.431770825876,25.43,66.5
2026-09-10 22:00:00,future,9527,10940.332742392213,50.38318274680291,5252.6399980314245,24.52,68.5
2026-09-10 23:00:00,future,9528,8796.675268096524,47.67387152263719,4929.37827426111,23.68,70.5
2026-09-11 00:00:00,future,9529,6681.622198309721,46.006223176693936,4728.797435155531,23.22,77.1
2026-09-11 01:00:00,future,9530,5837.5598564064,44.7909667422849,4568.230002294509,22.66,78.4
2026-09-11 02:00:00,future,9531,5727.873472715845,44.51518141140029,4513.286664141342,22.31,79.2
2026-09-11 03:00:00,future,9532,6242.874559784168,45.06038320207358,4554.50516423076,22.19,79.5
2026-09-11 04:00:00,future,9533,7721.559827676731,46.823281688851175,4729.956150529506,22.31,79.2
2026-09-11 05:00:00,future,9534,10378.20611919316,50.04769474910824,5061.697538539765,22.66,78.4
2026-09-11 06:00:00,future,9535,14411.44419293158,54.955075259690034,5568.857636841316,23.22,77.1
2026-09-11 07:00:00,future,9536,17926.177649322715,59.33020374028763,6039.335377434193,23.94,75.5
2026-09-11 08:00:00,future,9537,19399.210616200147,61.3969146462836,6303.9054800192125,24.79,73.6
2026-09-11 09:00:00,future,9538,17117.825495438803,59.13837495165469,6166.5997333022415,25.69,71.5
2026-09-11 10:00:00,future,9539,14052.510609638866,55.9765274530637,5945.327433461167,26.6,69.4
2026-09-11 11:00:00,future,9540,12445.15816101063,54.47280990145876,5873.898740394588,27.44,67.5
2026-09-11 12:00:00,future,9541,11758.064962316505,53.98771491752138,5888.960345610173,28.17,65.8
2026-09-11 13:00:00,future,9542,11684.347133280997,54.13620138232642,5948.55620585029,28.72,64.6
2026-09-11 14:00:00,future,9543,12600.130415407277,55.345208967705666,6091.104397459248,29.07,63.8
2026-09-11 15:00:00,future,9544,14492.321814109871,57.586825489983376,6311.494328521309,29.19,63.5
2026-09-11 16:00:00,future,9545,17183.04135319185,60.65086699195431,6589.165166437102,29.07,63.8
2026-09-11 17:00:00,future,9546,20463.3850173041,64.29973574441169,6902.642902877828,28.72,64.6
2026-09-11 18:00:00,future,9547,22058.931382504983,65.91307749186069,7008.43605003164,28.17,65.8
2026-09-11 19:00:00,future,9548,19983.055139994984,63.199469471204,6693.10094981908,27.44,67.5
2026-09-11 20:00:00,future,9549,16488.275664180685,58.79642436623861,6210.041069092265,26.6,69.4
2026-09-11 21:00:00,future,9550,13346.713026679248,54.77253991758125,5756.763452041161,25.69,71.5
2026-09-11 22:00:00,future,9551,10492.904712238724,51.08604148569607,5335.987572056685,24.79,73.6
2026-09-11 23:00:00,future,9552,8515.49585600436,48.43541218788912,5016.602997465269,23.94,75.5
2026-09-12 00:00:00,future,9553,6239.360088777843,46.78532956383223,4601.190076225972,22.82,76.3
2026-09-12 01:00:00,future,9554,5358.526691616202,45.39416621557503,4430.366160648791,22.26,77.6
2026-09-12 02:00:00,future,9555,5093.020799530558,44.895739250878215,4356.968389089755,21.91,78.4
2026-09-12 03:00:00,future,9556,5567.049170865209,45.46047870737237,4397.955827068287,21.79,78.6
2026-09-12 04:00:00,future,9557,6912.293596742618,47.26418108332479,4569.953667216305,21.91,78.4
2026-09-12 05:00:00,future,9558,9423.010391768108,50.68556244679947,4906.201996068463,22.26,77.6
2026-09-12 06:00:00,future,9559,13007.598684284676,55.59664111982499,5393.55897323798,22.82,76.3
2026-09-12 07:00:00,future,9560,16127.245203189415,59.97226982837249,5845.828244865249,23.54,74.6
2026-09-12 08:00:00,future,9561,17300.185318367778,61.865935746472424,6084.701223283218,24.38,72.7
2026-09-12 09:00:00,future,9562,15221.49045601546,59.556977162624,5951.362823334816,25.29,70.6
2026-09-12 10:00:00,future,9563,12555.720662340807,56.48372812807718,5749.2945892898315,26.2,68.6
2026-09-12 11:00:00,future,9564,11176.376363576226,55.05467236114591,5689.367406129648,27.04,66.6
2026-09-12 12:00:00,future,9565,10635.898685176224,54.66532504513516,5713.13987874179,27.76,65.0
2026-09-12 13:00:00,future,9566,10626.520422913338,54.8975558038743,5779.745241628806,28.32,63.7
2026-09-12 14:00:00,future,9567,11459.111226894413,56.13424897578349,5919.532582617181,28.67,62.9
2026-09-12 15:00:00,future,9568,13194.509649789352,58.4458779524352,6137.206397085435,28.79,62.6
2026-09-12 16:00:00,future,9569,15594.435979168957,61.517870469518826,6403.661897284296,28.67,62.9
2026-09-12 17:00:00,future,9570,18405.767723506706,65.02506101359731,6690.474601442875,28.32,63.7
2026-09-12 18:00:00,future,9571,19656.423664194655,66.4088022980665,6769.187671270722,27.76,65.0
2026-09-12 19:00:00,future,9572,17738.014829127944,63.5970190916741,6457.549283906882,27.04,66.6
2026-09-12 20:00:00,future,9573,14657.940390795387,59.220527773241095,5995.404933067938,26.2,68.6
2026-09-12 21:00:00,future,9574,11910.104266878332,55.24600984328796,5563.693360262217,25.29,70.6
2026-09-12 22:00:00,future,9575,9383.022578699156,51.558883689379066,5157.825874701328,24.38,72.7
2026-09-12 23:00:00,future,9576,7666.172716676664,48.95712242709809,4855.276481792436,23.54,74.6
2026-09-13 00:00:00,future,9577,6139.39957199922,42.97827481127366,4683.581702480948,22.86,72.2
2026-09-13 01:00:00,future,9578,5484.192451344588,42.017793071547146,4540.837636884866,22.3,73.5
2026-09-13 02:00:00,future,9579,5466.970090341866,41.856092359649864,4495.26563189472,21.95,74.3
2026-09-13 03:00:00,future,9580,6151.601367988703,42.576792361451524,4557.713307641204,21.84,74.6
2026-09-13 04:00:00,future,9581,7640.529232273128,44.286292160810156,4737.083248495746,21.95,74.3
2026-09-13 05:00:00,future,9582,9935.380774803463,46.99455067151995,5036.05110067162,22.3,73.5
2026-09-13 06:00:00,future,9583,13764.149774926262,51.503309198231314,5531.867302665608,22.86,72.2
2026-09-13 07:00:00,future,9584,17129.513394211397,55.56313374519027,5997.332018691956,23.59,70.6
2026-09-13 08:00:00,future,9585,18831.570707444756,57.808027259984634,6291.467336717166,24.43,68.7
2026-09-13 09:00:00,future,9586,16866.72041419832,55.981535962211126,6186.37491559303,25.34,66.6
2026-09-13 10:00:00,future,9587,13914.996206878488,53.04757682124762,5970.2412989167615,26.24,64.5
2026-09-13 11:00:00,future,9588,12350.649721688604,51.644459272867934,5902.222738416504,27.09,62.6
2026-09-13 12:00:00,future,9589,11803.745641774673,51.32600946496722,5931.1838690750965,27.81,60.9
2026-09-13 13:00:00,future,9590,11830.359743978755,51.58367774129198,6003.994311701668,28.37,59.7
2026-09-13 14:00:00,future,9591,12617.454749833294,52.60615298301192,6135.217893625202,28.72,58.9
2026-09-13 15:00:00,future,9592,14213.050379857632,54.438985082434954,6327.702385754579,28.84,58.6
2026-09-13 16:00:00,future,9593,16651.397047050104,57.11639868071026,6584.010978202743,28.72,58.9
2026-09-13 17:00:00,future,9594,19985.72745078001,60.70198172350964,6911.313345869468,28.37,59.7
2026-09-13 18:00:00,future,9595,21628.766509923073,62.31110911077435,7024.2588554221375,27.81,60.9
2026-09-13 19:00:00,future,9596,19723.282306477653,59.887607524938296,6722.459190848465,27.09,62.6
2026-09-13 20:00:00,future,9597,16269.771643228516,55.680389835992784,6232.2199921410265,26.24,64.5
2026-09-13 21:00:00,future,9598,13055.569457458909,51.72038745302882,5762.368306761314,25.34,66.6
2026-09-13 22:00:00,future,9599,10145.330284785729,48.096168336642755,5325.086475157278,24.43,68.7
2026-09-13 23:00:00,future,9600,8282.270937571358,45.67126264577326,5013.039002190376,23.59,70.6
2026-09-14 00:00:00,future,9601,6108.96933437786,50.917662923484585,4365.925501244131,22.11,81.3
2026-09-14 01:00:00,future,9602,5387.418048307744,49.63100620322025,4219.981544998886,21.55,82.5
2026-09-14 02:00:00,future,9603,5250.828053818071,49.26729564394501,4163.3220728241095,21.2,83.3
2026-09-14 03:00:00,future,9604,5651.020618938372,49.768880562839016,4193.031217363835,21.08,83.6
2026-09-14 04:00:00,future,9605,6982.487173754322,51.69337281042091,4353.659980543064,21.2,83.3
2026-09-14 05:00:00,future,9606,9531.344109494215,55.436701031298774,4675.467389266736,21.55,82.5
2026-09-14 06:00:00,future,9607,13234.844741407953,60.90110794283936,5149.1767774479595,22.11,81.3
2026-09-14 07:00:00,future,9608,16480.899835941833,65.80341447619617,5591.643515193666,22.83,79.6
2026-09-14 08:00:00,future,9609,17707.8370955152,67.94092470520998,5827.644395880017,23.68,77.7
2026-09-14 09:00:00,future,9610,15539.780681842967,65.34662509966262,5696.428883736557,24.58,75.6
2026-09-14 10:00:00,future,9611,12852.26896453779,62.0294859691163,5509.306548383911,25.49,73.5
2026-09-14 11:00:00,future,9612,11587.342816711172,60.67093866555598,5470.220642547498,26.33,71.6
2026-09-14 12:00:00,future,9613,11113.793938381346,60.36695536526718,5505.0314194631,27.06,69.9
2026-09-14 13:00:00,future,9614,11020.52947700546,60.507120346862585,5560.223796424497,27.61,68.7
2026-09-14 14:00:00,future,9615,11670.758347926005,61.59044571691487,5673.340655585787,27.96,67.9
2026-09-14 15:00:00,future,9616,13110.80809549398,63.667064443412805,5845.9045031496535,28.08,67.6
2026-09-14 16:00:00,future,9617,15536.441046158348,67.00631793971567,6098.2429635608105,27.96,67.9
2026-09-14 17:00:00,future,9618,18572.92091878563,71.0881199317378,6390.356221884712,27.61,68.7
2026-09-14 18:00:00,future,9619,19914.539134517778,72.6969149528707,6472.378518967257,27.06,69.9
2026-09-14 19:00:00,future,9620,18075.742147203484,69.76127133060406,6183.40278029782,26.33,71.6
2026-09-14 20:00:00,future,9621,14964.993154328298,64.98944030244995,5741.529794427136,25.49,73.5
2026-09-14 21:00:00,future,9622,12147.61675884356,60.594158899019654,5323.5741016896145,24.58,75.6
2026-09-14 22:00:00,future,9623,9708.350127345511,56.73353841678593,4948.368795493656,23.68,77.7
2026-09-14 23:00:00,future,9624,8145.114387704184,54.12486960106167,4675.403163299191,22.83,79.6
2026-09-15 00:00:00,future,9625,6680.498465726012,46.42515235955128,4373.098319703626,22.6,77.0
2026-09-15 01:00:00,future,9626,6016.425174198668,45.42773575338003,4242.847071616962,22.04,78.3
2026-09-15 02:00:00,future,9627,5865.069348317599,45.101908456163436,4187.050126053709,21.69,79.1
2026-09-15 03:00:00,future,9628,6565.870548103293,45.83956627591853,4241.022912558594,21.57,79.4
2026-09-15 04:00:00,future,9629,8223.824997167894,47.76362052579777,4416.1370680651935,21.69,79.1
2026-09-15 05:00:00,future,9630,10916.6995568744,50.95739690130157,4718.771262362015,22.04,78.3
2026-09-15 06:00:00,future,9631,15108.792132471815,55.935968365496876,5191.670613714102,22.6,77.0
2026-09-15 07:00:00,future,9632,18623.620407236216,60.22115984866998,5617.579924937894,23.32,75.4
2026-09-15 08:00:00,future,9633,20241.694139343464,62.42356248487219,5874.537331249462,24.17,73.5
2026-09-15 09:00:00,future,9634,17958.195304830624,60.245425490610444,5758.4374081876595,25.07,71.4
2026-09-15 10:00:00,future,9635,14762.700237499555,57.04258577100282,5554.936834219473,25.98,69.3
2026-09-15 11:00:00,future,9636,13146.649258218698,55.59104620180668,5496.615551260345,26.82,67.4
2026-09-15 12:00:00,future,9637,12507.337198102618,55.19297283084403,5520.240862696729,27.55,65.7
2026-09-15 13:00:00,future,9638,12428.232332841448,55.35175815667187,5578.313200945319,28.11,64.5
2026-09-15 14:00:00,future,9639,13258.521564867582,56.44372044650421,5700.049481055168,28.46,63.7
2026-09-15 15:00:00,future,9640,15100.429862780044,58.57092593903807,5891.855393361289,28.57,63.4
2026-09-15 16:00:00,future,9641,17685.15677765868,61.438908642236754,6129.972913265264,28.46,63.7
2026-09-15 17:00:00,future,9642,21070.891710795084,65.10447280994696,6417.705110279941,28.11,64.5
2026-09-15 18:00:00,future,9643,22732.8787389949,66.73187358608192,6513.365370170071,27.55,65.7
2026-09-15 19:00:00,future,9644,20835.621319827012,64.26758281103093,6243.38349123927,26.82,67.4
2026-09-15 20:00:00,future,9645,17250.794904773455,59.85024904443419,5796.585433572561,25.98,69.3
2026-09-15 21:00:00,future,9646,13956.597848504724,55.729866512505914,5369.7944705957725,25.07,71.4
2026-09-15 22:00:00,future,9647,10903.680274818851,51.88618264998643,4967.611240059184,24.17,73.5
2026-09-15 23:00:00,future,9648,8852.850048519678,49.19544067080702,4668.623680290068,23.32,75.4
2026-09-16 00:00:00,future,9649,6701.095365306599,45.26770419989881,4529.437656075022,23.13,72.6
2026-09-16 01:00:00,future,9650,5979.651186505273,44.230300271044044,4390.613789766019,22.58,73.8
2026-09-16 02:00:00,future,9651,5856.985131839367,43.945889828411715,4336.607351070056,22.23,74.6
2026-09-16 03:00:00,future,9652,6472.334575918141,44.58261860358706,4385.1847509784275,22.11,74.9
2026-09-16 04:00:00,future,9653,8002.084734920559,46.34169853331824,4555.532948131337,22.23,74.6
2026-09-16 05:00:00,future,9654,10603.837375496503,49.39493948349854,4862.551186469328,22.58,73.8
2026-09-16 06:00:00,future,9655,14558.366116212404,54.043295615229,5331.33873700543,23.13,72.6
2026-09-16 07:00:00,future,9656,18165.343604681693,58.379290052008464,5785.992076436477,23.86,70.9
2026-09-16 08:00:00,future,9657,19783.90420778988,60.54079898995039,6050.749492776646,24.7,69.0
2026-09-16 09:00:00,future,9658,17627.680454637863,58.515826171163496,5938.555634863786,25.61,66.9
2026-09-16 10:00:00,future,9659,14515.486526525372,55.4189422519252,5727.611565249611,26.51,64.8
2026-09-16 11:00:00,future,9660,12851.831487901614,53.91883734907192,5658.576406446467,27.36,62.9
2026-09-16 12:00:00,future,9661,12150.26897194403,53.43851834170213,5672.32136559917,28.08,61.3
2026-09-16 13:00:00,future,9662,12160.343153065787,53.68562236042702,5739.729246070146,28.64,60.0
2026-09-16 14:00:00,future,9663,13076.714956034695,54.856503127415046,5874.740084090323,28.99,59.2
2026-09-16 15:00:00,future,9664,14848.466053524557,56.88586792139727,6069.786528295098,29.11,58.9
2026-09-16 16:00:00,future,9665,17409.997086086092,59.69623878961032,6316.988255780735,28.99,59.2
2026-09-16 17:00:00,future,9666,20777.199557741005,63.309576210214274,6619.15248146452,28.64,60.0
2026-09-16 18:00:00,future,9667,22433.00259390141,64.92304926340589,6721.761491538128,28.08,61.3
2026-09-16 19:00:00,future,9668,20496.713295896378,62.457216805795944,6438.801395474557,27.36,62.9
2026-09-16 20:00:00,future,9669,16961.280701682568,58.150589289123154,5977.225592176933,26.51,64.8
2026-09-16 21:00:00,future,9670,13688.21271937137,54.11593206867386,5536.499560260975,25.61,66.9
2026-09-16 22:00:00,future,9671,10671.954417804976,50.36388758026111,5120.79778083772,24.7,69.0
2026-09-16 23:00:00,future,9672,8672.514400013837,47.77698384204679,4817.168391770482,23.86,70.9
2026-09-17 00:00:00,future,9673,6683.02758463439,45.09551643486563,4632.106307450504,22.94,71.1
2026-09-17 01:00:00,future,9674,5935.577985695167,44.04228041743886,4487.780806532193,22.39,72.4
2026-09-17 02:00:00,future,9675,5881.060125799889,43.83401016608577,4439.274258236192,22.04,73.2
2026-09-17 03:00:00,future,9676,6483.9630128284,44.444476654905095,4486.609201322517,21.92,73.5
2026-09-17 04:00:00,future,9677,8035.561298596407,46.19744256158752,4660.985123364362,22.04,73.2
2026-09-17 05:00:00,future,9678,10638.579064605148,49.20135168939743,4971.747327910516,22.39,72.4
2026-09-17 06:00:00,future,9679,14670.231165842531,53.85727341678112,5454.036617029277,22.94,71.1
2026-09-17 07:00:00,future,9680,18284.113680076487,58.13126636476874,5915.395928614627,23.67,69.5
2026-09-17 08:00:00,future,9681,19964.419215796977,60.33083568332475,6191.260482995968,24.51,67.5
2026-09-17 09:00:00,future,9682,17752.528660574895,58.290459068500695,6075.174394429496,25.42,65.5
2026-09-17 10:00:00,future,9683,14585.318064133411,55.19787905605677,5859.5546351257635,26.32,63.4
2026-09-17 11:00:00,future,9684,12905.219372465055,53.71541320449847,5790.839404503791,27.17,61.5
2026-09-17 12:00:00,future,9685,12336.8809531955,53.397375437901395,5820.597930446329,27.89,59.8
2026-09-17 13:00:00,future,9686,12470.091003920936,53.78104833586519,5902.940172411969,28.45,58.5
2026-09-17 14:00:00,future,9687,13494.066197178508,55.05278835769476,6051.209592410477,28.8,57.7
2026-09-17 15:00:00,future,9688,15342.359389610534,57.131220949122564,6256.117168491861,28.92,57.5
2026-09-17 16:00:00,future,9689,18068.592793259875,60.07092642499958,6521.95533252654,28.8,57.7
2026-09-17 17:00:00,future,9690,21404.946315971356,63.582354902902885,6822.389428714049,28.45,58.5
2026-09-17 18:00:00,future,9691,23078.84676184504,65.18103575987809,6926.009504449608,27.89,59.8
2026-09-17 19:00:00,future,9692,21007.85281568025,62.603793777396575,6624.648127002614,27.17,61.5
2026-09-17 20:00:00,future,9693,17385.27748515758,58.26936255548296,6147.686957074454,26.32,63.4
2026-09-17 21:00:00,future,9694,14040.602545468042,54.21857155183464,5693.19532629839,25.42,65.5
2026-09-17 22:00:00,future,9695,10974.072830684769,50.46865683578365,5266.100868319168,24.51,67.5
2026-09-17 23:00:00,future,9696,8830.42441348092,47.760812288534424,4942.555601389728,23.67,69.5
2026-09-18 00:00:00,future,9697,6715.112898444652,46.096236264684535,4742.072123829081,23.21,76.1
2026-09-18 01:00:00,future,9698,5871.016566604814,44.88139520210731,4581.309101709226,22.65,77.4
2026-09-18 02:00:00,future,9699,5760.953056496176,44.60500533778939,4526.203288843108,22.3,78.2
2026-09-18 03:00:00,future,9700,6275.674637829309,45.14922767502745,4567.3477018376,22.18,78.5
2026-09-18 04:00:00,future,9701,7754.130656407271,46.910358088378445,4742.8100617149785,22.3,78.2
2026-09-18 05:00:00,future,9702,10410.964759415714,50.132398451539395,5074.683865249673,22.65,77.4
2026-09-18 06:00:00,future,9703,14444.234107639895,55.035906688458724,5582.02738036718,23.21,76.1
2026-09-18 07:00:00,future,9704,17959.074364357082,59.407943029952385,6052.754401941813,23.93,74.5
2026-09-18 08:00:00,future,9705,19431.95540969025,61.47358028791556,6317.598549880703,24.78,72.6
2026-09-18 09:00:00,future,9706,17150.44429976871,59.218103855328856,6180.601063345192,25.68,70.5
2026-09-18 10:00:00,future,9707,14085.16823591138,56.0603674138976,5959.661336785644,26.59,68.4
2026-09-18 11:00:00,future,9708,12477.901398209986,54.55917869100561,5888.54049204052,27.43,66.5
2026-09-18 12:00:00,future,9709,11790.75811656838,54.075368742098235,5903.853460655055,28.16,64.8
2026-09-18 13:00:00,future,9710,11716.92364526057,54.22425132941051,5963.62847555553,28.71,63.6
2026-09-18 14:00:00,future,9711,12632.562176545149,55.432386860023605,6106.279425217735,29.06,62.8
2026-09-18 15:00:00,future,9712,14524.72759306679,57.6720226000131,6326.701279722858,29.18,62.5
2026-09-18 16:00:00,future,9713,17215.52147577159,60.73313769466103,6604.328381845006,29.06,62.8
2026-09-18 17:00:00,future,9714,20495.972342184505,64.37829081987617,6917.683652179288,28.71,63.6
2026-09-18 18:00:00,future,9715,22091.554712413803,65.98949509318196,7023.283213796547,28.16,64.8
2026-09-18 19:00:00,future,9716,20015.644874981936,63.27749744904603,6707.69794660573,27.43,66.5
2026-09-18 20:00:00,future,9717,16520.80280644873,58.87747556164545,6224.351720744802,26.59,68.4
2026-09-18 21:00:00,future,9718,13379.256453971146,54.85626561588385,5770.770635184515,25.68,70.5
2026-09-18 22:00:00,future,9719,10525.517087043048,51.17219917366747,5349.699420903426,24.78,72.6
2026-09-18 23:00:00,future,9720,8548.169095964091,48.52308442679002,5030.032783918201,23.93,74.5
2026-09-19 00:00:00,future,9721,6271.721959775929,46.87698035391003,4614.6399636702145,22.81,75.3
2026-09-19 01:00:00,future,9722,5390.737356924794,45.486421357136116,4443.60780832707,22.25,76.6
2026-09-19 02:00:00,future,9723,5124.754671870868,44.98746579956165,4370.032649859918,21.9,77.4
2026-09-19 03:00:00,future,9724,5598.438781942486,45.550977710661925,4410.933178810387,21.78,77.6
2026-09-19 04:00:00,future,9725,6943.420274608859,47.352506234882284,4582.930985219232,21.9,77.4
2026-09-19 05:00:00,future,9726,9454.285081058406,50.77076536406223,4919.298636161906,22.25,76.6
2026-09-19 06:00:00,future,9727,13038.836650531666,55.677113731918055,5406.818278737304,22.81,75.3
2026-09-19 07:00:00,future,9728,16158.60390065282,60.04901681843242,5859.329335924901,23.53,73.6
2026-09-19 08:00:00,future,9729,17331.551978988267,61.94170453390464,6098.49034846975,24.37,71.7
2026-09-19 09:00:00,future,9730,15252.771202387725,59.63637172586402,5965.482122519543,25.28,69.6
2026-09-19 10:00:00,future,9731,12587.02980675904,56.5677399386969,5763.762563092505,26.19,67.6
2026-09-19 11:00:00,future,9732,11207.735174114823,55.141424312855655,5704.150550083633,27.03,65.6
2026-09-19 12:00:00,future,9733,10667.205140189832,54.757754115122665,5729.388986945421,27.76,64.0
2026-09-19 13:00:00,future,9734,10657.753373745138,54.98599303283124,5794.971519447995,28.31,62.7
2026-09-19 14:00:00,future,9735,11490.18457651098,56.22157309515208,5934.856804584978,28.66,61.9
2026-09-19 15:00:00,future,9736,13225.559823270542,58.53077989334264,6152.5552501085585,28.78,61.6
2026-09-19 16:00:00,future,9737,15625.572462335198,61.59933993199397,6418.957452681904,28.66,61.9
2026-09-19 17:00:00,future,9738,18437.024235030614,65.10236083379107,6705.6358076951055,28.31,62.7
2026-09-19 18:00:00,future,9739,19687.679787890705,66.4882158643741,6785.352234809786,27.76,64.0
2026-09-19 19:00:00,future,9740,17769.19271834464,63.674115745178774,6472.254035735024,27.03,65.6
2026-09-19 20:00:00,future,9741,14689.018945358015,59.30122172881112,6009.827583444437,26.19,67.6
2026-09-19 21:00:00,future,9742,11941.164935816205,55.329872106301345,5577.815769531328,25.28,69.6
2026-09-19 22:00:00,future,9743,9414.105518947214,51.64564956135064,5171.650818925916,24.37,71.7
2026-09-19 23:00:00,future,9744,7697.304887252651,49.04572172564396,4868.824829643861,23.53,73.6
2026-09-20 00:00:00,future,9745,6170.259124028284,43.066588987510116,4696.9014692491355,22.85,71.2
2026-09-20 01:00:00,future,9746,5514.971998579407,42.11014319789316,4555.186906375748,22.3,72.5
2026-09-20 02:00:00,future,9747,5497.636525253994,41.94804751321431,4509.477683671428,21.95,73.3
2026-09-20 03:00:00,future,9748,6181.817204109274,42.6635571193154,4570.599531253684,21.83,73.6
2026-09-20 04:00:00,future,9749,7670.445274707556,44.37575639624536,4751.25698661435,21.95,73.3
2026-09-20 05:00:00,future,9750,9965.61767335948,47.082910378900046,5050.432522983689,22.3,72.5
2026-09-20 06:00:00,future,9751,13794.38785623871,51.5851321189359,5545.276426725042,22.85,71.2
2026-09-20 07:00:00,future,9752,17159.862877119085,55.643110060850226,6011.082699922957,23.58,69.6
2026-09-20 08:00:00,future,9753,18861.768891246444,57.8872165447788,6305.5348217717155,24.42,67.7
2026-09-20 09:00:00,future,9754,16896.697570147822,56.062704488323725,6200.700068434867,25.33,65.6
2026-09-20 10:00:00,future,9755,13945.01634900664,53.1317618188241,5984.829430859633,26.23,63.5
2026-09-20 11:00:00,future,9756,12380.753727368392,51.7306113908175,5917.089487079163,27.08,61.6
2026-09-20 12:00:00,future,9757,11833.74424698322,51.413039078204655,5946.28316720042,27.8,59.9
2026-09-20 13:00:00,future,9758,11860.206385093294,51.67096802424332,6019.27609026919,28.36,58.7
2026-09-20 14:00:00,future,9759,12647.125164975692,52.69292964513523,6150.620698721405,28.71,57.9
2026-09-20 15:00:00,future,9760,14242.702021449655,54.5246242607898,6343.178880690482,28.83,57.6
2026-09-20 16:00:00,future,9761,16681.171199173205,57.200224359518366,6599.509188531299,28.71,57.9
2026-09-20 17:00:00,future,9762,20015.655782172635,60.78316298911492,6926.773757014141,28.36,58.7
2026-09-20 18:00:00,future,9763,21658.711692340265,62.39060935381346,7039.556461949781,27.8,59.9
2026-09-20 19:00:00,future,9764,19753.18227137036,59.96792646527419,6737.456505029352,27.08,61.6
2026-09-20 20:00:00,future,9765,16299.576147289,55.7625436303183,6246.833082542878,26.23,63.5
2026-09-20 21:00:00,future,9766,13085.398916230317,51.80428846329309,5776.597794323894,25.33,65.6
2026-09-20 22:00:00,future,9767,10175.254588605128,48.181655509827124,5338.942905375702,24.42,67.7
2026-09-20 23:00:00,future,9768,8312.310923069848,45.75761945919196,5026.571318173738,23.58,69.6
2026-09-21 00:00:00,future,9769,6138.684583283402,51.01009684008558,4379.466589396329,22.1,80.3
2026-09-21 01:00:00,future,9770,5417.026973244861,49.72375854959886,4233.270080881663,21.54,81.5
2026-09-21 02:00:00,future,9771,5279.903676213545,49.35917539247766,4176.415240873874,21.19,82.3
2026-09-21 03:00:00,future,9772,5679.741454982566,49.85962586218417,4206.058135708421,21.07,82.6
2026-09-21 04:00:00,future,9773,7010.981367098722,51.78213536299083,4366.765295423155,21.19,82.3
2026-09-21 05:00:00,future,9774,9560.060203857944,55.5226916229887,4688.839813886208,21.54,81.5
2026-09-21 06:00:00,future,9775,13263.48471021523,60.982558270534476,5162.91270504739,22.1,80.3
2026-09-21 07:00:00,future,9776,16509.583613798648,65.88124160709741,5605.795795595846,22.82,78.6
2026-09-21 08:00:00,future,9777,17736.281712272837,68.01753265254791,5842.141757773023,23.67,76.7
2026-09-21 09:00:00,future,9778,15568.128510379163,65.42677299277902,5711.156497256406,24.57,74.6
2026-09-21 10:00:00,future,9779,12880.742245129662,62.11418462651828,5524.269763712367,25.48,72.5
2026-09-21 11:00:00,future,9780,11615.941296531248,60.75823390437551,5485.455788749824,26.32,70.6
2026-09-21 12:00:00,future,9781,11142.336631224403,60.45544445922732,5520.512279790644,27.05,68.9
2026-09-21 13:00:00,future,9782,11048.960315852351,60.60099364112684,5577.087303967372,27.61,67.7
2026-09-21 14:00:00,future,9783,11699.04915371824,61.67863296017808,5689.154437504693,27.95,66.9
2026-09-21 15:00:00,future,9784,13139.112026310851,63.75346010593825,5861.82781720596,28.07,66.6
2026-09-21 16:00:00,future,9785,15564.854120113096,67.0895343522445,6114.2400301991875,27.95,66.9
2026-09-21 17:00:00,future,9786,18601.38893044028,71.17199938492311,6407.555633803714,27.61,67.7
2026-09-21 18:00:00,future,9787,19943.004903472676,72.77358999925742,6488.237584387447,27.05,68.9
2026-09-21 19:00:00,future,9788,18104.122245538423,69.8396303105945,6198.898983166823,26.32,70.6
2026-09-21 20:00:00,future,9789,14993.322991337804,65.07112792807615,5756.570059879233,25.48,72.5
2026-09-21 21:00:00,future,9790,12175.972298037508,60.67882969739253,5338.1535272228975,24.57,74.6
2026-09-21 22:00:00,future,9791,9736.750883011036,56.82072555125818,4962.509874272745,23.67,76.7
2026-09-21 23:00:00,future,9792,8173.536250616744,54.213418042827726,4689.160407905255,22.82,78.6
2026-09-22 00:00:00,future,9793,6708.644064032314,46.51151392387643,4386.182300281783,22.59,76.0
2026-09-22 01:00:00,future,9794,6044.507690731407,45.513918962946036,4255.67474450744,22.03,77.3
2026-09-22 02:00:00,future,9795,5893.0619270632815,45.1922280077817,4200.910852757807,21.69,78.1
2026-09-22 03:00:00,future,9796,6593.71831759504,45.92927568763538,4254.881202152901,21.57,78.4
2026-09-22 04:00:00,future,9797,8251.37831921181,47.85225886441776,4430.137642635578,21.69,78.1
2026-09-22 05:00:00,future,9798,10943.833983045755,51.04004733048516,4731.886012126127,22.03,77.3
2026-09-22 06:00:00,future,9799,15135.974017778308,56.01700597348001,5205.31318491175,22.59,76.0
2026-09-22 07:00:00,future,9800,18651.118605647687,60.30579170646655,5632.958581035268,23.32,74.4
2026-09-22 08:00:00,future,9801,20269.449568715532,62.50390315152398,5889.190188642798,24.16,72.5
2026-09-22 09:00:00,future,9802,17986.08935745104,60.332216596528724,5774.424243292257,25.07,70.4
2026-09-22 10:00:00,future,9803,14790.322016712438,57.126955499772414,5569.795180895645,25.97,68.3
2026-09-22 11:00:00,future,9804,13174.016010403282,55.68103957384481,5512.799968411871,26.82,66.4
2026-09-22 12:00:00,future,9805,12534.592875623295,55.279299878951655,5535.446387213717,27.54,64.7
2026-09-22 13:00:00,future,9806,12455.42258126428,55.43849220718128,5593.705027664533,28.1,63.5
2026-09-22 14:00:00,future,9807,13285.54911789055,56.53012924339144,5715.613989555102,28.45,62.7
2026-09-22 15:00:00,future,9808,15127.387249949888,58.66085363408635,5908.772422216436,28.57,62.4
2026-09-22 16:00:00,future,9809,17711.90053981312,61.52277204731227,6145.852413329038,28.45,62.7
2026-09-22 17:00:00,future,9810,21097.929152932797,65.18668979248233,6433.75093690585,28.1,63.5
2026-09-22 18:00:00,future,9811,22760.175421496308,66.81310644946045,6529.3662316520495,27.54,64.7
2026-09-22 19:00:00,future,9812,20863.112154501476,64.35385085185519,6260.175016154052,26.82,66.4
2026-09-22 20:00:00,future,9813,17278.204926044527,59.93312914490054,5811.615750347909,25.97,68.3
2026-09-22 21:00:00,future,9814,13983.933621922704,55.81803953995935,5385.417359016533,25.07,70.4
2026-09-22 22:00:00,future,9815,10930.99480446789,51.970720280514925,4981.498576459641,24.16,72.5
2026-09-22 23:00:00,future,9816,8880.231240220497,49.2848523722524,4683.234806697409,23.32,74.4
2026-09-23 00:00:00,future,9817,6728.089929230962,45.35539112919487,4543.182544253672,23.12,71.6
2026-09-23 01:00:00,future,9818,6006.569287692644,44.31770592310452,4404.086707621548,22.57,72.8
2026-09-23 02:00:00,future,9819,5883.72888417479,44.03285250720335,4349.922252069078,22.22,73.6
2026-09-23 03:00:00,future,9820,6498.556063966283,44.66867142988004,4398.452740405747,22.1,73.9
2026-09-23 04:00:00,future,9821,8027.950861762222,46.42689298563883,4568.936054815966,22.22,73.6
2026-09-23 05:00:00,future,9822,10629.95241187733,49.47974906150542,4876.325463761329,22.57,72.8
2026-09-23 06:00:00,future,9823,14584.461858810831,54.127091358767544,5345.643254980633,23.12,71.6
2026-09-23 07:00:00,future,9824,18191.586051255064,58.462535915959556,5800.881852248089,23.85,69.9
2026-09-23 08:00:00,future,9825,19809.98669663462,60.62397556123187,6066.069215628529,24.69,68.0
2026-09-23 09:00:00,future,9826,17653.549642219084,58.60031985007139,5954.012901152581,25.6,65.9
2026-09-23 10:00:00,future,9827,14541.399390558738,55.50538290435883,5743.149649337371,26.5,63.8
2026-09-23 11:00:00,future,9828,12877.87052463318,54.00674281341742,5674.305254258241,27.35,61.9
2026-09-23 12:00:00,future,9829,12176.266554692003,53.527238906054265,5688.255321394944,28.07,60.3
2026-09-23 13:00:00,future,9830,12186.252699759489,53.77471035781291,5755.8631066299085,28.63,59.0
2026-09-23 14:00:00,future,9831,13102.464940151596,54.945369586629376,5891.063660497915,28.98,58.2
2026-09-23 15:00:00,future,9832,14874.2041293966,56.974170536180075,6086.300366721309,29.1,57.9
2026-09-23 16:00:00,future,9833,17435.896022292913,59.78367901988568,6333.6863134515925,28.98,58.2
2026-09-23 17:00:00,future,9834,20803.231672473015,63.39563425381488,6636.013274257317,28.63,59.0
2026-09-23 18:00:00,future,9835,22459.020682642684,65.00801369030098,6738.550070638972,28.07,60.3
2026-09-23 19:00:00,future,9836,20522.624784150194,62.54217027208382,6455.1510430539165,27.35,61.9
2026-09-23 20:00:00,future,9837,16987.072148830153,58.23599551886833,5992.954052361986,26.5,63.8
2026-09-23 21:00:00,future,9838,13714.011667154498,54.20179512771495,5551.623035736007,25.6,65.9
2026-09-23 22:00:00,future,9839,10697.835218423355,50.45018772000361,5135.341442427474,24.69,68.0
2026-09-23 23:00:00,future,9840,8698.50270410721,47.86343468680195,4831.245170326141,23.85,69.9
2026-09-24 00:00:00,future,9841,6708.7427301255075,45.18263571211959,4645.939852482745,22.93,80.1
2026-09-24 01:00:00,future,9842,5961.222560598857,44.12900952293531,4501.32800262317,22.38,81.4
2026-09-24 02:00:00,future,9843,5906.536100177164,43.9202684106324,4452.665917661461,22.03,82.2
2026-09-24 03:00:00,future,9844,6508.938368760353,44.52995952110678,4499.96011698142,21.91,82.5
2026-09-24 04:00:00,future,9845,8060.219935208856,46.282359754655296,4674.494297876883,22.03,82.2
2026-09-24 05:00:00,future,9846,10663.437498648676,49.28624802853015,4985.653838275365,22.38,81.4
2026-09-24 06:00:00,future,9847,14694.96448611225,53.941667550693055,5468.516782000178,22.93,80.1
2026-09-24 07:00:00,future,9848,18308.872508634857,58.215562549177946,5930.494585835448,23.66,78.5
2026-09-24 08:00:00,future,9849,19988.993333004168,60.41529579035165,6206.816783057806,24.5,76.5
2026-09-24 09:00:00,future,9850,17776.9593084149,58.375990997749966,6090.854818331913,25.41,74.5
2026-09-24 10:00:00,future,9851,14609.879666824298,55.284972444059825,5875.294211190896,26.31,72.4
2026-09-24 11:00:00,future,9852,12929.916225111489,53.8037234120334,5806.758786258105,27.16,70.5
2026-09-24 12:00:00,future,9853,12361.51994816263,53.48635085105475,5836.731883973004,27.88,68.8
2026-09-24 13:00:00,future,9854,12494.638958097594,53.870371921743455,5919.290126914264,28.44,67.5
2026-09-24 14:00:00,future,9855,13518.462944210358,55.14203198406437,6067.772902375266,28.79,66.7
2026-09-24 15:00:00,future,9856,15366.757119570462,57.220186119445664,6272.899236523088,28.91,66.5
2026-09-24 16:00:00,future,9857,18093.14326570565,60.15939461329954,6538.962734983975,28.79,66.7
2026-09-24 17:00:00,future,9858,21429.560488954317,63.66990724084004,6839.582668606056,28.44,67.5
2026-09-24 18:00:00,future,9859,23103.425981132972,65.26772880731042,6943.142944389869,27.88,68.8
2026-09-24 19:00:00,future,9860,21032.343938256832,62.690206216743775,6641.304872449594,27.16,70.5
2026-09-24 20:00:00,future,9861,17409.68464698167,58.35570873367153,6163.672752908576,26.31,72.4
2026-09-24 21:00:00,future,9862,14065.030753308092,54.30486683039039,5708.527995118051,25.41,74.5
2026-09-24 22:00:00,future,9863,10998.55668257338,50.55487326892978,5280.80621123909,24.5,76.5
2026-09-24 23:00:00,future,9864,8854.95516426501,47.846809270257,4956.745729536315,23.66,78.5
2026-09-25 00:00:00,future,9865,6739.393350850675,46.18291228243287,4755.961648347749,23.2,75.1
2026-09-25 01:00:00,future,9866,5895.256233238264,44.967722233951676,4594.897185759156,22.64,76.4
2026-09-25 02:00:00,future,9867,5784.631805529241,44.690418589350294,4539.588142092233,22.29,77.2
2026-09-25 03:00:00,future,9868,6298.947600651516,45.23397956560724,4580.697100594733,22.17,77.5
2026-09-25 04:00:00,future,9869,7777.078341069238,46.99456080261953,4756.322645852567,22.29,77.2
2026-09-25 05:00:00,future,9870,10434.169582870109,50.21669713225356,5088.631454105282,22.64,76.4
2026-09-25 06:00:00,future,9871,14467.473976491934,55.11996353046657,5596.607401968567,23.2,75.1
2026-09-25 07:00:00,future,9872,17982.423621359263,59.492069382160295,6067.980816699691,23.92,73.5
2026-09-25 08:00:00,future,9873,19455.05452612603,61.55784037851559,6333.268493825878,24.77,71.6
2026-09-25 09:00:00,future,9874,17173.35788329825,59.303300874554346,6196.349856553033,25.67,69.5
2026-09-25 10:00:00,future,9875,14108.159700610277,56.14695770314439,5975.439871760937,26.58,67.4
2026-09-25 11:00:00,future,9876,12501.035131548382,54.64691258033444,5904.481225369666,27.42,65.5
2026-09-25 12:00:00,future,9877,11813.841339378909,54.163765090106466,5919.9899991694065,28.15,63.8
2026-09-25 13:00:00,future,9878,11739.84657583027,54.31719193089481,5981.181840786492,28.71,62.6
2026-09-25 14:00:00,future,9879,12655.290656322532,55.5252201409832,6124.0376190589,29.06,61.8
2026-09-25 15:00:00,future,9880,14547.422831410157,57.76030083677912,6343.461000738279,29.17,61.5
2026-09-25 16:00:00,future,9881,17238.341587781193,60.82523744552522,6622.573088703921,29.06,61.8
2026-09-25 17:00:00,future,9882,20518.92876252305,64.46966202196127,6936.153523722197,28.71,62.6
2026-09-25 18:00:00,future,9883,22114.5555047158,66.07590923641882,7040.481883483015,28.15,63.8
2026-09-25 19:00:00,future,9884,20038.58092802683,63.36362198473964,6724.400966567536,27.42,65.5
2026-09-25 20:00:00,future,9885,16543.64654262261,58.96344885733313,6240.3674483371915,26.58,67.4
2026-09-25 21:00:00,future,9886,13402.121066856578,54.94209680207302,5786.121965668791,25.67,69.5
2026-09-25 22:00:00,future,9887,10548.473064434596,51.25792519597721,5364.427684866601,24.77,71.6
2026-09-25 23:00:00,future,9888,8571.199029020081,48.60856537090251,5044.245898138944,23.92,73.5
2026-09-26 00:00:00,future,9889,6294.438546954323,46.96496226959109,4628.832329517309,22.8,74.3
2026-09-26 01:00:00,future,9890,5413.285362864802,45.57396787669952,4457.457596200409,22.24,75.6
2026-09-26 02:00:00,future,9891,5146.718015157783,45.0740334064939,4383.646365355008,21.89,76.4
2026-09-26 03:00:00,future,9892,5619.98907060207,45.63676729806352,4424.508924284955,21.77,76.6
2026-09-26 04:00:00,future,9893,6964.655286912604,47.43759251237373,4596.677903814896,21.89,76.4
2026-09-26 05:00:00,future,9894,9475.688746018404,50.85563004249105,4933.502647921304,22.24,75.6
2026-09-26 06:00:00,future,9895,13060.19765904039,55.761344744396936,5421.665005809499,22.8,74.3
2026-09-26 07:00:00,future,9896,16180.086772232202,60.13310037578471,5874.844190437291,23.52,72.6
2026-09-26 08:00:00,future,9897,17353.02327238282,62.03052277045745,6115.686633144611,24.37,70.7
2026-09-26 09:00:00,future,9898,15274.139887607096,59.72205765384043,5981.552723032536,25.27,68.6
2026-09-26 10:00:00,future,9899,12608.447276304822,56.655044623732074,5779.871085501777,26.18,66.6
2026-09-26 11:00:00,future,9900,11229.224997218767,55.22994099807137,5720.427230860454,27.02,64.6
2026-09-26 12:00:00,future,9901,10688.642486467366,54.84698071793671,5745.87737741525,27.75,63.0
2026-09-26 13:00:00,future,9902,10679.099474318273,55.07557038738265,5811.661161594261,28.3,61.7
2026-09-26 14:00:00,future,9903,11511.343367194171,56.310959248721325,5951.760127753916,28.65,60.9
2026-09-26 15:00:00,future,9904,13246.688575089767,58.619718868901046,6169.710085491639,28.77,60.6
2026-09-26 16:00:00,future,9905,15646.807752238776,61.687610388547974,6436.366694702032,28.65,60.9
2026-09-26 17:00:00,future,9906,18458.39636261908,65.18968614008821,6723.26334391337,28.3,61.7
2026-09-26 18:00:00,future,9907,19709.05208654562,66.5747072904002,6802.9170038640195,27.75,63.0
2026-09-26 19:00:00,future,9908,17790.467222133087,63.760424446276375,6489.2939828096305,27.02,64.6
2026-09-26 20:00:00,future,9909,14710.17980708288,59.387575134231604,6026.158634263376,26.18,66.6
2026-09-26 21:00:00,future,9910,11962.307995788333,55.416237784986805,5593.461970949741,25.27,68.6
2026-09-26 22:00:00,future,9911,9435.278477030097,51.736406411302646,5187.860694871949,24.37,70.7
2026-09-26 23:00:00,future,9912,7718.535568591319,49.13196369853906,4883.2933274480865,23.52,72.6
2026-09-27 00:00:00,future,9913,6191.2158476546865,43.15170339907741,4711.060273985375,22.84,70.2
2026-09-27 01:00:00,future,9914,5535.83754463002,42.194586409551796,4569.028931668801,22.29,71.5
2026-09-27 02:00:00,future,9915,5518.387041302329,42.03206178741329,4523.165907493915,21.94,72.3
2026-09-27 03:00:00,future,9916,6202.062824925835,42.74701107268638,4584.276647295632,21.82,72.6
2026-09-27 04:00:00,future,9917,7690.354957378937,44.45916755825245,4765.145850857878,21.94,72.3
2026-09-27 05:00:00,future,9918,9985.86634077176,47.167353498591574,5064.808684255348,22.29,71.5
2026-09-27 06:00:00,future,9919,13814.632187152656,51.67063116690934,5560.38859067795,22.84,70.2
2026-09-27 07:00:00,future,9920,17180.21321728563,55.72986970487398,6026.951703942149,23.57,68.6
2026-09-27 08:00:00,future,9921,18881.94962669974,57.97476473196424,6321.9481925147165,24.41,66.7
2026-09-27 09:00:00,future,9922,16916.638973632485,56.15045495526207,6217.181054277539,25.32,64.6
2026-09-27 10:00:00,future,9923,13965.015140311614,53.219884842908314,6001.273487056385,26.22,62.5
2026-09-27 11:00:00,future,9924,12400.853454201988,51.819327968155676,5933.669592850446,27.07,60.6
2026-09-27 12:00:00,future,9925,11853.735796016836,51.502162490283304,5963.062323252844,27.79,58.9
2026-09-27 13:00:00,future,9926,11880.035606717242,51.76039047524297,6036.262566176905,28.35,57.7
2026-09-27 14:00:00,future,9927,12666.76333942412,52.782558183718635,6167.83111989415,28.7,56.9
2026-09-27 15:00:00,future,9928,14262.317000247702,54.614576050555605,6360.650379609669,28.82,56.6
2026-09-27 16:00:00,future,9929,16700.92295532121,57.290604555746526,6617.27869605325,28.7,56.9
2026-09-27 17:00:00,future,9930,20035.570840426644,60.87394435580592,6944.874493336786,28.35,57.7
2026-09-27 18:00:00,future,9931,21678.644242161605,62.48118838247024,7057.659886944651,27.79,58.9
2026-09-27 19:00:00,future,9932,19773.06158090707,60.057538466437336,6755.0106871470325,27.07,60.6
2026-09-27 20:00:00,future,9933,16319.353353031463,55.85078367907601,6263.571388952955,26.22,62.5
2026-09-27 21:00:00,future,9934,13105.204706297029,51.89129714867054,5792.547411524979,25.32,64.6
2026-09-27 22:00:00,future,9935,10195.166193133788,48.267557712201665,5354.149659345613,24.41,66.7
2026-09-27 23:00:00,future,9936,8332.349810866961,45.842660886381495,5041.207176995026,23.57,68.6
2026-09-28 00:00:00,future,9937,6158.391455107429,51.095226903284185,4393.140006808508,22.09,79.3
2026-09-28 01:00:00,future,9938,5436.615490695509,49.81329742629053,4247.7943014182365,21.54,80.5
2026-09-28 02:00:00,future,9939,5298.9158535870065,49.44764389333349,4190.7194715839505,21.19,81.3
2026-09-28 03:00:00,future,9940,5698.365652351962,49.9474115413185,4220.339974666803,21.07,81.6
2026-09-28 04:00:00,future,9941,7029.346400050859,51.86950681064028,4381.284926183388,21.19,81.3
2026-09-28 05:00:00,future,9942,9578.65820529399,55.610386291189606,4703.941041598448,21.54,80.5
2026-09-28 06:00:00,future,9943,13282.008814998624,61.0652454956275,5177.6357401704745,22.09,79.3
2026-09-28 07:00:00,future,9944,16528.15652608299,65.96915304720558,5622.534475455258,22.82,77.6
2026-09-28 08:00:00,future,9945,17754.597965965248,68.10068569164743,5858.182843689256,23.66,75.7
2026-09-28 09:00:00,future,9946,15586.339094463216,65.51567589144305,5728.368430216709,24.57,73.6
2026-09-28 10:00:00,future,9947,12899.08636492477,62.199355646041525,5540.201837786758,25.47,71.5
2026-09-28 11:00:00,future,9948,11634.424769141851,60.849350055186854,5502.712349675216,26.32,69.6
2026-09-28 12:00:00,future,9949,11160.767206074855,60.54217968992774,5536.766236565223,27.04,67.9
2026-09-28 13:00:00,future,9950,11067.268889386054,60.68801468533687,5593.5264613738855,27.6,66.7
2026-09-28 14:00:00,future,9951,11717.20398307268,61.770578850593694,5707.0117509311785,27.95,65.9
2026-09-28 15:00:00,future,9952,13157.275992606592,63.84535524437917,5879.9704905462795,28.07,65.6
2026-09-28 16:00:00,future,9953,15583.141030203637,67.18123783036141,6132.752068764101,27.95,65.9
2026-09-28 17:00:00,future,9954,18619.742846619058,71.25824915578457,6425.250471304024,27.6,66.7
2026-09-28 18:00:00,future,9955,19961.35914379636,72.85924569865706,6505.9405306639865,27.04,67.9
2026-09-28 19:00:00,future,9956,18122.37845705637,69.92971128556013,6217.204963368423,26.32,69.6
2026-09-28 20:00:00,future,9957,15011.51976126184,65.15585922737498,5772.835751529575,25.47,71.5
2026-09-28 21:00:00,future,9958,12194.19343754026,60.76812228786559,5354.804879515408,24.57,73.6
2026-09-28 22:00:00,future,9959,9755.02155873449,56.90469895041409,4977.2212137861825,23.66,75.7
2026-09-28 23:00:00,future,9960,8191.831818960859,54.30186266328075,4704.488090555502,22.82,77.6
2026-09-29 00:00:00,future,9961,6726.658770165928,46.59497751413273,4400.292701651137,22.58,75.0
2026-09-29 01:00:00,future,9962,6062.454277943491,45.601023719657185,4270.61887058336,22.03,76.3
2026-09-29 02:00:00,future,9963,5910.917316397117,45.27443476731108,4214.501031181385,21.68,77.1
2026-09-29 03:00:00,future,9964,6611.417036359982,46.01146052442259,4268.530258929229,21.56,77.4
2026-09-29 04:00:00,future,9965,8268.752761372514,47.93479257658971,4444.093063841808,21.68,77.1
2026-09-29 05:00:00,future,9966,10960.760957011607,51.12780823452669,4747.586925940214,22.03,76.3
2026-09-29 06:00:00,future,9967,15152.949352157366,56.10240433682423,5220.794907023227,22.58,75.0
2026-09-29 07:00:00,future,9968,18668.423188900742,60.39348743404853,5649.38035869479,23.31,73.4
2026-09-29 08:00:00,future,9969,20287.02354461047,62.593224159709244,5906.25902737954,24.15,71.5
2026-09-29 09:00:00,future,9970,18003.807117422155,60.4216428288133,5791.474330938865,25.06,69.4
2026-09-29 10:00:00,future,9971,14807.768716221286,57.215673817140875,5586.622670699745,25.96,67.3
2026-09-29 11:00:00,future,9972,13191.205469510958,55.76960485191862,5529.662067076112,26.81,65.4
2026-09-29 12:00:00,future,9973,12551.674144910616,55.36812837180377,5552.475983698039,27.53,63.7
2026-09-29 13:00:00,future,9974,12472.43618652179,55.527698213450854,5610.939571249867,28.09,62.5
2026-09-29 14:00:00,future,9975,13302.38916269333,56.61974742991074,5733.117538859306,28.44,61.7
2026-09-29 15:00:00,future,9976,15144.147171168031,58.75116408910975,5926.638292032519,28.56,61.4
2026-09-29 16:00:00,future,9977,17728.441542312426,61.613684999849504,6164.100271205522,28.44,61.7
2026-09-29 17:00:00,future,9978,21114.779822077617,65.27889880309176,6452.479741691169,28.09,62.5
2026-09-29 18:00:00,future,9979,22777.294878286815,66.90574862037995,6548.186288415641,27.53,63.7
2026-09-29 19:00:00,future,9980,20880.42700620724,64.44539289557353,6278.39285995162,26.81,65.4
2026-09-29 20:00:00,future,9981,17295.432347878264,60.02251743442567,5828.856602242621,25.96,67.3
2026-09-29 21:00:00,future,9982,14001.0825857543,55.90534823798158,5401.712753911188,25.06,69.4
2026-09-29 22:00:00,future,9983,10948.127064356277,52.05609942768702,4996.892671777396,24.15,71.5
2026-09-29 23:00:00,future,9984,8897.44112210395,49.36883832160996,4697.940071127211,23.31,73.4
2026-09-30 00:00:00,future,9985,6744.905844681307,45.44179966484179,4558.396554850711,23.12,70.6
2026-09-30 01:00:00,future,9986,6023.30236126582,44.39898662138132,4417.752852558145,22.56,71.8
2026-09-30 02:00:00,future,9987,5900.287720179997,44.113596689501016,4363.412495047053,22.21,72.6
2026-09-30 03:00:00,future,9988,6514.569848287351,44.74902523687096,4411.95490368973,22.09,72.9
2026-09-30 04:00:00,future,9989,8043.593694608731,46.50770960254576,4582.730407486146,22.21,72.6
2026-09-30 05:00:00,future,9990,10645.853692719113,49.5624630292676,4890.764321873487,22.56,71.8
2026-09-30 06:00:00,future,9991,14600.340652290946,54.21646746069491,5362.21905329988,23.12,70.6
2026-09-30 07:00:00,future,9992,18207.61365366448,58.55027552347738,5817.231372148985,23.84,68.9
2026-09-30 08:00:00,future,9993,19825.84732701523,60.717253508104875,6084.219536490797,24.69,67.0
2026-09-30 09:00:00,future,9994,17669.18940039938,58.68874691893892,5970.899310285426,25.59,64.9
2026-09-30 10:00:00,future,9995,14557.087915876991,55.5972199899734,5761.004414349135,26.5,62.8
2026-09-30 11:00:00,future,9996,12893.692984689736,54.09432935751006,5691.000677615841,27.34,60.9
2026-09-30 12:00:00,future,9997,12192.047942422523,53.61922327641202,5706.287590253196,28.07,59.3
2026-09-30 13:00:00,future,9998,12201.940658558808,53.8628140561495,5772.911184547387,28.62,58.0
2026-09-30 14:00:00,future,9999,13117.98502808964,55.03403304647985,5908.399836618269,28.97,57.2
2026-09-30 15:00:00,future,10000,14889.708677052118,57.06381763696101,6104.010065227511,29.09,56.9
2026-09-30 16:00:00,future,10001,17451.566697471593,59.874724930039136,6351.841928625918,28.97,57.2
2026-09-30 17:00:00,future,10002,20819.04108676727,63.48827661460476,6654.672584804956,28.62,58.0
2026-09-30 18:00:00,future,10003,22474.815045937125,65.10526670561376,6758.491541600502,28.07,59.3
2026-09-30 19:00:00,future,10004,20538.30731750692,62.63350673479643,6473.250564882781,27.34,60.9
2026-09-30 20:00:00,future,10005,17002.62922066535,58.32893542726117,6011.2491391569,26.5,62.8
2026-09-30 21:00:00,future,10006,13729.576084921087,54.288125064887694,5567.770788984006,25.59,64.9
2026-09-30 22:00:00,future,10007,10713.485495192856,50.538574686609614,5151.779559096705,24.69,67.0
2026-09-30 23:00:00,future,10008,8714.269412251504,47.94603221547112,4845.806635815052,23.84,68.9
2026-10-01 00:00:00,future,10009,6722.260694208521,66.14781693767503,4627.045906806595,22.57,72.7
2026-10-01 01:00:00,future,10010,5974.606614438118,64.54473335204969,4470.584573732573,21.93,74.0
2026-10-01 02:00:00,future,10011,5918.1068763073845,64.20401429106408,4415.293853007812,21.53,74.8
2026-10-01 03:00:00,future,10012,6518.504647985974,65.0892522878401,4461.338124553711,21.4,75.1
2026-10-01 04:00:00,future,10013,8070.613350638383,67.66874192050611,4637.9811343750625,21.53,74.8
2026-10-01 05:00:00,future,10014,10676.007843635134,72.11222498570633,4956.9674352159145,21.93,74.0
2026-10-01 06:00:00,future,10015,14706.565885785349,78.99955194012207,5453.0611768750705,22.57,72.7
2026-10-01 07:00:00,future,10016,18320.314411738276,85.33461544482846,5929.520578558444,23.4,71.1
2026-10-01 08:00:00,future,10017,19998.64054518017,88.63555232225141,6221.820907687517,24.36,69.1
2026-10-01 09:00:00,future,10018,17785.53407561282,85.72269822572325,6121.422685235655,25.4,67.1
2026-10-01 10:00:00,future,10019,14619.061019640045,81.26903731305761,5921.157906112452,26.43,65.0
2026-10-01 11:00:00,future,10020,12938.774621303808,79.17011282907353,5867.229545003522,27.4,63.1
2026-10-01 12:00:00,future,10021,12367.809500897672,78.76935780559195,5910.759932850708,28.23,61.4
2026-10-01 13:00:00,future,10022,12499.563897254327,79.37482964406603,6002.267304441749,28.86,60.1
2026-10-01 14:00:00,future,10023,13522.651639604668,81.27139264997996,6157.556263233951,29.26,59.3
2026-10-01 15:00:00,future,10024,15372.26247087057,84.33599345504001,6366.213456322524,29.4,59.1
2026-10-01 16:00:00,future,10025,18098.80041649751,88.63727484026035,6630.981148320559,29.26,59.3
2026-10-01 17:00:00,future,10026,21434.812189624165,93.75722616815557,6926.662271099223,28.86,60.1
2026-10-01 18:00:00,future,10027,23108.385081952823,96.05765375989702,7021.924802730141,28.23,61.4
2026-10-01 19:00:00,future,10028,21038.27213161091,92.20726423521727,6705.162021639475,27.4,63.1
2026-10-01 20:00:00,future,10029,17416.298874856377,85.77154051045281,6210.545789839623,26.43,65.0
2026-10-01 21:00:00,future,10030,14073.037080695132,79.74697129253965,5737.346784539815,25.4,67.1
2026-10-01 22:00:00,future,10031,11007.562968625796,74.16329160228005,5291.650129591615,24.36,69.1
2026-10-01 23:00:00,future,10032,8863.22258416588,70.11224666689289,4951.13835586289,23.4,71.1
2026-10-02 00:00:00,future,10033,6746.836967879893,67.59768120739587,4737.009968109207,22.84,70.1
2026-10-02 01:00:00,future,10034,5903.097734904099,65.76448746650874,4565.23691346808,22.2,71.4
2026-10-02 02:00:00,future,10035,5791.141122463243,65.32374092195353,4503.274971689851,21.8,72.2
2026-10-02 03:00:00,future,10036,6305.238189531383,66.1147990760892,4543.298686448127,21.67,72.5
2026-10-02 04:00:00,future,10037,7783.280654645334,68.70487646218264,4720.992508339873,21.8,72.2
2026-10-02 05:00:00,future,10038,10440.383539431808,73.46534277409943,5061.109151572229,22.2,71.4
2026-10-02 06:00:00,future,10039,14473.590712604306,80.71182370336342,5581.453725399682,22.84,70.1
2026-10-02 07:00:00,future,10040,17988.952787725662,87.19849460057401,6068.823927687776,23.67,68.5
2026-10-02 08:00:00,future,10041,19461.41273819632,90.29936082576197,6349.089914189439,24.63,66.6
2026-10-02 09:00:00,future,10042,17179.84049677106,87.07888568254135,6229.029394804269,25.67,64.5
2026-10-02 10:00:00,future,10043,14114.670150378925,82.52218957572751,6022.087613219908,26.7,62.4
2026-10-02 11:00:00,future,10044,12507.53228702704,80.40251263786165,5967.032759383314,27.67,60.5
2026-10-02 12:00:00,future,10045,11820.33621559772,79.75017259593949,5993.869379374365,28.49,58.8
2026-10-02 13:00:00,future,10046,11746.403930994236,80.02585907781214,6065.3516767499095,29.13,57.6
2026-10-02 14:00:00,future,10047,12661.5868753648,81.82987212748041,6215.096856366213,29.53,56.8
2026-10-02 15:00:00,future,10048,14553.642033369704,85.12889595561218,6439.280580214016,29.67,56.5
2026-10-02 16:00:00,future,10049,17244.326874071536,89.60787403494949,6715.936705938937,29.53,56.8
2026-10-02 17:00:00,future,10050,20524.81067629851,94.92490733906729,7024.728799398612,29.13,57.6
2026-10-02 18:00:00,future,10051,22120.327402363346,97.23171226875225,7119.537874212797,28.49,58.8
2026-10-02 19:00:00,future,10052,20044.45733245788,93.19447059235085,6790.73046142614,27.67,60.5
2026-10-02 20:00:00,future,10053,16549.549123713143,86.65475945846019,6288.191389361833,26.7,62.4
2026-10-02 21:00:00,future,10054,13408.116582467186,80.67737134653689,5816.824111850645,25.67,64.5
2026-10-02 22:00:00,future,10055,10554.467098922409,75.18215142886264,5375.664994733987,24.63,66.6
2026-10-02 23:00:00,future,10056,8577.402408318463,71.22485070545261,5040.251615577849,23.67,68.5
2026-10-03 00:00:00,future,10057,6300.430886958799,68.73264186516771,4609.717860430681,22.43,71.7
2026-10-03 01:00:00,future,10058,5419.2696285912425,66.64574981154968,4428.881961719172,21.8,73.0
2026-10-03 02:00:00,future,10059,5152.297962457903,65.87887433113706,4348.5096193683385,21.4,73.8
2026-10-03 03:00:00,future,10060,5625.273177588914,66.69129163679827,4387.079969884888,21.26,74.0
2026-10-03 04:00:00,future,10061,6969.622695750259,69.34666146819664,4562.5165120201655,21.4,73.8
2026-10-03 05:00:00,future,10062,9480.74918671288,74.39579376960926,4907.158960804452,21.8,73.0
2026-10-03 06:00:00,future,10063,13065.227714629498,81.64110835663435,5406.335615083693,22.43,71.7
2026-10-03 07:00:00,future,10064,16185.253082167616,88.12888399861532,5875.285561850049,23.26,70.0
2026-10-03 08:00:00,future,10065,17358.17635093807,90.99133930675265,6132.073004775627,24.23,68.1
2026-10-03 09:00:00,future,10066,15279.219207821903,87.68723025350918,6013.261371004074,25.26,66.0
2026-10-03 10:00:00,future,10067,12613.509833550132,83.2699270192378,5826.577552496781,26.3,64.0
2026-10-03 11:00:00,future,10068,11234.310138310875,81.25602999135874,5781.605427156937,27.26,62.0
2026-10-03 12:00:00,future,10069,10693.674255761063,80.75859613080378,5819.478459142625,28.09,60.4
2026-10-03 13:00:00,future,10070,10684.03982984474,81.152123626273,5896.63822820799,28.73,59.1
2026-10-03 14:00:00,future,10071,11516.10466814621,82.99729997267046,6043.555548249945,29.13,58.3
2026-10-03 15:00:00,future,10072,13251.40778380302,86.39224447130165,6263.807164629121,29.26,58.0
2026-10-03 16:00:00,future,10073,15651.580858710391,90.8885430050997,6530.5463391444855,29.13,58.3
2026-10-03 17:00:00,future,10074,18463.34639506177,95.99645978034599,6812.723941734801,28.73,59.1
2026-10-03 18:00:00,future,10075,19714.105325822427,97.97122426623959,6881.718128431972,28.09,60.4
2026-10-03 19:00:00,future,10076,17795.51742493637,93.77601049639554,6554.2486195001275,27.26,62.0
2026-10-03 20:00:00,future,10077,14715.105192445844,87.28015437121996,6074.059955685105,26.3,64.0
2026-10-03 21:00:00,future,10078,11967.193934151966,81.36728179782436,5623.23958556437,25.26,66.0
2026-10-03 22:00:00,future,10079,9440.172433967738,75.88234330210746,5199.654387874972,24.23,68.1
2026-10-03 23:00:00,future,10080,7723.459805296055,71.98223868837847,4878.83068932723,23.26,70.0
2026-10-04 00:00:00,future,10081,6195.827607728365,63.16247599708259,4691.391338313007,22.48,72.0
2026-10-04 01:00:00,future,10082,5540.345651762871,61.70893317637599,4538.5143808127805,21.85,73.3
2026-10-04 02:00:00,future,10083,5522.763696381172,61.43996996250887,4486.07543289221,21.45,74.1
2026-10-04 03:00:00,future,10084,6205.944387082812,62.47672502116561,4544.8977056895155,21.31,74.4
2026-10-04 04:00:00,future,10085,7693.915196100967,65.0018672782289,4729.151343516271,21.45,74.1
2026-10-04 05:00:00,future,10086,9989.796279578091,69.0085095761294,5036.6621440032195,21.85,73.3
2026-10-04 06:00:00,future,10087,13818.576984797057,75.66802917846658,5544.812551217355,22.48,72.0
2026-10-04 07:00:00,future,10088,17184.262005623445,81.6878735243328,6026.351351690091,23.31,70.4
2026-10-04 08:00:00,future,10089,18885.806428720218,85.05563940861003,6337.98065146696,24.27,68.5
2026-10-04 09:00:00,future,10090,16920.238978524198,82.45532384555237,6249.144701374412,25.31,66.4
2026-10-04 10:00:00,future,10091,13968.67662429858,78.23742765653199,6049.919582585617,26.35,64.3
2026-10-04 11:00:00,future,10092,12404.63965647408,76.2478218456102,5995.94373209194,27.31,62.4
2026-10-04 12:00:00,future,10093,11857.424484879324,75.84833124692558,6039.405421144042,28.14,60.7
2026-10-04 13:00:00,future,10094,11883.566890613198,76.26940680086808,6121.823323030676,28.77,59.5
2026-10-04 14:00:00,future,10095,12670.116575057147,77.79990523711635,6260.353698014925,29.17,58.7
2026-10-04 15:00:00,future,10096,14265.6560314712,80.50151996810168,6456.650413869044,29.31,58.4
2026-10-04 16:00:00,future,10097,16704.42060282772,84.41841006700456,6712.0228355261515,29.17,58.7
2026-10-04 17:00:00,future,10098,20039.22058774562,89.64921977822466,7034.906979063338,28.77,59.5
2026-10-04 18:00:00,future,10099,21682.291583120343,91.96658358861941,7139.369434237333,28.14,60.7
2026-10-04 19:00:00,future,10100,19776.625752289685,88.34198362547667,6821.290205417066,27.31,62.4
2026-10-04 20:00:00,future,10101,16322.811454173929,82.09951951537195,6313.481783370601,26.35,64.3
2026-10-04 21:00:00,future,10102,13108.690963804958,76.20226290341242,5822.4146898184335,25.31,66.4
2026-10-04 22:00:00,future,10103,10198.75915651716,70.80404509822387,5365.403690993433,24.27,68.5
2026-10-04 23:00:00,future,10104,8336.073213909272,67.17191740139151,5035.733447689793,23.31,70.4
2026-10-05 00:00:00,future,10105,6161.78735820592,74.76058588781162,4376.002449373358,21.73,73.5
2026-10-05 01:00:00,future,10106,5439.881244891271,72.81317217029168,4218.964296586082,21.09,74.7
2026-10-05 02:00:00,future,10107,5301.632193512847,72.23890365797169,4155.466838028855,20.69,75.5
2026-10-05 03:00:00,future,10108,5700.71023358268,72.96437667210913,4183.994270390749,20.56,75.8
2026-10-05 04:00:00,future,10109,7031.437281479935,75.79237457641737,4347.004227757667,20.69,75.5
2026-10-05 05:00:00,future,10110,9580.971184200189,81.32005122410229,4677.497782887497,21.09,74.7
2026-10-05 06:00:00,future,10111,13284.24926621917,89.39198073912785,5164.656484324207,21.73,73.5
2026-10-05 07:00:00,future,10112,16530.44004768721,96.66281141986084,5624.092937951202,22.56,71.8
2026-10-05 08:00:00,future,10113,17756.637382082172,99.87838597961186,5875.5216766178255,23.52,69.9
2026-10-05 09:00:00,future,10114,15588.283771288949,96.17872111386913,5760.717387725844,24.56,67.8
2026-10-05 10:00:00,future,10115,12901.164565601382,91.40611965941471,5587.26662603519,25.59,65.7
2026-10-05 11:00:00,future,10116,11636.64166379121,89.51236180272937,5564.108304702828,26.56,63.8
2026-10-05 12:00:00,future,10117,11162.936189273256,89.14155513528232,5611.649092228571,27.39,62.1
2026-10-05 13:00:00,future,10118,11069.320451888265,89.40641749754464,5677.181625820834,28.02,60.9
2026-10-05 14:00:00,future,10119,11719.106999860942,91.03151747665052,5797.320469888854,28.42,60.1
2026-10-05 15:00:00,future,10120,13159.185061476994,94.09140761275702,5973.643353089662,28.56,59.8
2026-10-05 16:00:00,future,10121,15585.171004915415,98.97342151333939,6225.400958958811,28.42,60.1
2026-10-05 17:00:00,future,10122,18621.83793847112,104.9212586991999,6513.454738510864,28.02,60.9
2026-10-05 18:00:00,future,10123,19963.45243765474,107.22011136885453,6586.110274130851,27.39,62.1
2026-10-05 19:00:00,future,10124,18124.373382907856,102.83985525903101,6282.480107043176,26.56,63.8
2026-10-05 20:00:00,future,10125,15013.457195601495,95.74531977170814,5821.155992824545,25.59,65.7
2026-10-05 21:00:00,future,10126,12196.153290651882,89.21040017507309,5385.114481710386,24.56,67.8
2026-10-05 22:00:00,future,10127,9757.028108560258,83.44510161125798,4989.743105517948,23.52,69.9
2026-10-05 23:00:00,future,10128,8193.861035545095,79.53730330045397,4701.002472810843,22.56,71.8
2026-10-06 00:00:00,future,10129,6728.405381373938,68.18661961428818,4383.240633595714,22.22,71.6
2026-10-06 01:00:00,future,10130,6064.129604202317,66.67481619397195,4243.303246131533,21.59,72.9
2026-10-06 02:00:00,future,10131,5912.501619021795,66.16243630899216,4180.904637063678,21.19,73.7
2026-10-06 03:00:00,future,10132,6612.847681363595,67.23118593579962,4232.836715474191,21.05,74.0
2026-10-06 04:00:00,future,10133,8269.856366534079,70.06754844958616,4411.7277741149655,21.19,73.7
2026-10-06 05:00:00,future,10134,10961.417184983273,74.78749300168194,4722.8268662532355,21.59,72.9
2026-10-06 06:00:00,future,10135,15153.658129970134,82.1436011974958,5208.209074146821,22.22,71.6
2026-10-06 07:00:00,future,10136,18669.46048026429,88.5097437817863,5651.13289791511,23.05,70.0
2026-10-06 08:00:00,future,10137,20288.32963984896,91.82491199044934,5924.9594202548005,24.02,68.1
2026-10-06 09:00:00,future,10138,18005.254737883875,88.71543468813503,5823.855309731424,25.05,66.0
2026-10-06 10:00:00,future,10139,14808.955673616068,84.09967185738074,5634.520585661131,26.09,63.9
2026-10-06 11:00:00,future,10140,13192.142975737335,82.04819173288737,5590.332754037434,27.05,62.0
2026-10-06 12:00:00,future,10141,12552.509862741808,81.530584005829,5626.372272224264,27.88,60.3
2026-10-06 13:00:00,future,10142,12473.204582065837,81.81059682713558,5693.501053938535,28.51,59.1
2026-10-06 14:00:00,future,10143,13302.983357022847,83.44637779763477,5822.301587814359,28.91,58.3
2026-10-06 15:00:00,future,10144,15144.657344058618,86.5886504477814,6019.274364671728,29.05,58.0
2026-10-06 16:00:00,future,10145,17728.736711575315,90.77792735519553,6255.65438471144,28.91,58.3
2026-10-06 17:00:00,future,10146,21115.38408580907,96.12693175164168,6539.7101304975395,28.51,59.1
2026-10-06 18:00:00,future,10147,22778.16329120002,98.47004693185633,6627.629043292268,27.88,60.3
2026-10-06 19:00:00,future,10148,20881.483511270635,94.78608665946173,6343.243492711981,27.05,62.0
2026-10-06 20:00:00,future,10149,17296.400569981895,88.22028682808369,5878.081651227222,26.09,63.9
2026-10-06 21:00:00,future,10150,14001.97252968228,82.08373618371189,5431.869267421141,25.05,66.0
2026-10-06 22:00:00,future,10151,10949.004705156392,76.35371011643856,5010.488536463554,24.02,68.1
2026-10-06 23:00:00,future,10152,8898.402557596413,72.32334800892916,4694.388375521888,23.05,70.0
2026-10-07 00:00:00,future,10153,6745.473880276037,66.50852209140561,4541.230466582113,22.76,69.6
2026-10-07 01:00:00,future,10154,6023.781875968337,64.92729320300302,4390.181806808185,22.12,70.8
2026-10-07 02:00:00,future,10155,5900.597474309556,64.4768233143224,4329.511958330719,21.72,71.6
2026-10-07 03:00:00,future,10156,6514.338651339403,65.39657508388999,4375.8627995508705,21.58,71.9
2026-10-07 04:00:00,future,10157,8042.994779667527,67.99091867394871,4549.947794408977,21.72,71.6
2026-10-07 05:00:00,future,10158,10645.51509252343,72.50815190232501,4865.721812004257,22.12,70.8
2026-10-07 06:00:00,future,10159,14599.978685360513,79.39197691030434,5349.39724748655,22.76,69.6
2026-10-07 07:00:00,future,10160,18207.39716899987,85.81834338725928,5818.962284196473,23.58,67.9
2026-10-07 08:00:00,future,10161,19825.4640750227,89.07480541766002,6101.836865070291,24.55,66.0
2026-10-07 09:00:00,future,10162,17668.58779090052,86.17662948564636,6003.498747101302,25.58,63.9
2026-10-07 10:00:00,future,10163,14556.537816654072,81.71792772109626,5808.080645938126,26.62,61.8
2026-10-07 11:00:00,future,10164,12893.27854791041,79.58594095685407,5752.132687431504,27.58,59.9
2026-10-07 12:00:00,future,10165,12191.593018004893,78.95045327315789,5779.524684144731,28.41,58.3
2026-10-07 13:00:00,future,10166,12201.38999218838,79.36398697465746,5857.324943272837,29.05,57.0
2026-10-07 14:00:00,future,10167,13117.26496218841,81.11467799452645,5999.556417946643,29.45,56.2
2026-10-07 15:00:00,future,10168,14888.970285033289,84.10147584644142,6197.449385159273,29.58,55.9
2026-10-07 16:00:00,future,10169,17450.991489010074,88.22312993278577,6445.462799496557,29.45,56.2
2026-10-07 17:00:00,future,10170,20818.603884272132,93.49848540561914,6743.96849170153,29.05,57.0
2026-10-07 18:00:00,future,10171,22474.361521479717,95.8168995629298,6837.54070507317,28.41,58.3
2026-10-07 19:00:00,future,10172,20537.74163460359,92.12487208442775,6538.6878271669075,27.58,59.9
2026-10-07 20:00:00,future,10173,17001.939195831415,85.72902949829673,6059.6932185537435,26.62,61.8
2026-10-07 21:00:00,future,10174,13728.893776752297,79.71449455911251,5598.135212648871,25.58,63.9
2026-10-07 22:00:00,future,10175,10712.889821111396,74.12778563760612,5164.224630653058,24.55,66.0
2026-10-07 23:00:00,future,10176,8713.794862938648,70.2463373329047,4842.145259409647,23.58,67.9
2026-10-08 00:00:00,future,10177,6723.483332670301,66.25125356452882,4642.5805851972855,22.57,72.5
2026-10-08 01:00:00,future,10178,5975.802534288903,64.64593838210682,4485.614022558998,21.93,73.8
2026-10-08 02:00:00,future,10179,5920.772286718497,64.30704632440658,4430.288279071889,21.53,74.6
2026-10-08 03:00:00,future,10180,6522.127264872649,65.18864102109775,4475.321141583945,21.39,74.9
2026-10-08 04:00:00,future,10181,8072.717968289686,67.77520129430566,4653.58041037269,21.53,74.6
2026-10-08 05:00:00,future,10182,10676.343445250488,72.22150335160119,4973.355793768059,21.93,73.8
2026-10-08 06:00:00,future,10183,14707.6125815259,79.11877051529027,5471.037015034478,22.57,72.5
2026-10-08 07:00:00,future,10184,18321.577078402763,85.4560856196198,5947.744535784347,23.39,70.9
2026-10-08 08:00:00,future,10185,20001.322650759645,88.76996845095572,6242.35775259911,24.36,68.9
2026-10-08 09:00:00,future,10186,17788.991424858414,85.84876736498327,6140.560128402313,25.39,66.9
2026-10-08 10:00:00,future,10187,14622.18221546687,81.395549465809,5940.96348879458,26.43,64.8
2026-10-08 11:00:00,future,10188,12942.508448982127,79.28901319795132,5885.753211044554,27.39,62.9
2026-10-08 12:00:00,future,10189,12374.013514817245,78.89197762166758,5929.716990131409,28.22,61.2
2026-10-08 13:00:00,future,10190,12506.95030258523,79.50654870033138,6022.89592954584,28.86,59.9
2026-10-08 14:00:00,future,10191,13530.459768401755,81.40627755924302,6178.713888340549,29.26,59.1
2026-10-08 15:00:00,future,10192,15378.742571759769,84.46635431002716,6386.6221625274575,29.39,58.9
2026-10-08 16:00:00,future,10193,18105.45426141949,88.77950729459378,6653.428598746013,29.26,59.1
2026-10-08 17:00:00,future,10194,21442.014337538156,93.90662719885708,6950.024113477081,28.86,59.9
2026-10-08 18:00:00,future,10195,23115.810116106688,96.20385291082766,7044.316990327685,28.22,61.2
2026-10-08 19:00:00,future,10196,21044.529396535756,92.34652875520679,6726.44242579374,27.39,62.9
2026-10-08 20:00:00,future,10197,17421.682885653165,85.90732792085511,6231.447805651274,26.43,64.8
2026-10-08 21:00:00,future,10198,14077.056196787958,79.86647574887859,5755.3989529021865,25.39,66.9
2026-10-08 22:00:00,future,10199,11010.686938642728,74.28032858943072,5309.463290113455,24.36,68.9
2026-10-08 23:00:00,future,10200,8867.199077704705,70.21906159469864,4966.730827130736,23.39,70.9
2026-10-09 00:00:00,future,10201,6751.137508715687,67.70721211504329,4751.118489621933,22.83,69.9
2026-10-09 01:00:00,future,10202,5906.89742257276,65.87675571931858,4580.016646583697,22.2,71.2
2026-10-09 02:00:00,future,10203,5795.101289310872,65.4355749918822,4517.876137257367,21.8,72.0
2026-10-09 03:00:00,future,10204,6308.570405940297,66.2203486375894,4556.691736646389,21.66,72.3
2026-10-09 04:00:00,future,10205,7786.031529852326,68.81933027579583,4736.082317875484,21.8,72.0
2026-10-09 05:00:00,future,10206,10443.6688516174,73.58738464158722,5077.247310778138,22.2,71.2
2026-10-09 06:00:00,future,10207,14477.042023128548,80.83804397007954,5597.878502394561,22.83,69.9
2026-10-09 07:00:00,future,10208,17992.19952371583,87.33353853362709,6086.657017794284,23.66,68.3
2026-10-09 08:00:00,future,10209,19464.293939121573,90.44458440111356,6368.976261024418,24.63,66.4
2026-10-09 09:00:00,future,10210,17182.21126405771,87.21276304241489,6247.320414566505,25.66,64.3
2026-10-09 10:00:00,future,10211,14117.19257657669,82.65655467963565,6041.101883183075,26.7,62.2
2026-10-09 11:00:00,future,10212,12510.377565489782,80.52845275552096,5984.725112363502,27.66,60.3
2026-10-09 12:00:00,future,10213,11823.08508762806,79.88152613805703,6012.914632547271,28.49,58.6
2026-10-09 13:00:00,future,10214,11748.758826677657,80.15708023977588,6084.58869056608,29.13,57.4
2026-10-09 14:00:00,future,10215,12663.803836564332,81.96345075399134,6234.765368053892,29.53,56.6
2026-10-09 15:00:00,future,10216,14555.86950286306,85.26080873424314,6458.349463234968,29.66,56.3
2026-10-09 16:00:00,future,10217,17247.05891608808,89.75308259395212,6737.090645623372,29.53,56.6
2026-10-09 17:00:00,future,10218,20527.91931480571,95.0780102076436,7046.785677752791,29.13,57.4
2026-10-09 18:00:00,future,10219,22123.629104218384,97.38817681500058,7141.855427347645,28.49,58.6
2026-10-09 19:00:00,future,10220,20047.506112774732,93.33844379793726,6810.795257685893,27.66,60.3
2026-10-09 20:00:00,future,10221,16552.37988878594,86.79536264347799,6307.998689342575,26.7,62.2
2026-10-09 21:00:00,future,10222,13410.898316099969,80.80309591541732,5833.984086887988,25.66,64.3
2026-10-09 22:00:00,future,10223,10557.438371140894,75.30662578383239,5392.78387857424,24.63,66.4
2026-10-09 23:00:00,future,10224,8580.314201860132,71.33723889393849,5055.113316926438,23.66,68.3
2026-10-10 00:00:00,future,10225,6302.92764714144,68.84794600754837,4625.20792763849,22.43,71.5
2026-10-10 01:00:00,future,10226,5421.408058326701,66.75710430942448,4443.742587053486,21.8,72.8
2026-10-10 02:00:00,future,10227,5153.637229157341,65.98748032468245,4363.0119833255485,21.4,73.6
2026-10-10 03:00:00,future,10228,5626.060825061946,66.80006528699579,4401.635732642588,21.26,73.8
2026-10-10 04:00:00,future,10229,6970.0836932399,69.45888067621918,4577.591827841848,21.4,73.6
2026-10-10 05:00:00,future,10230,9481.46073802371,74.51624754774518,4923.363368598178,21.8,72.8
2026-10-10 06:00:00,future,10231,13065.874417092098,81.77257453850171,5424.126087387824,22.43,71.5
2026-10-10 07:00:00,future,10232,16185.983979548875,88.27051696178505,5894.58898295601,23.26,69.8
2026-10-10 08:00:00,future,10233,17358.88668068693,91.13097742036973,6150.9820673444665,24.22,67.9
2026-10-10 09:00:00,future,10234,15279.79898220598,87.82815553909406,6033.031790447547,25.26,65.8
2026-10-10 10:00:00,future,10235,12614.228110769056,83.39806183415628,5844.571820302441,26.29,63.8
2026-10-10 11:00:00,future,10236,11235.171010805992,81.3879338662677,5800.725105062294,27.26,61.8
2026-10-10 12:00:00,future,10237,10694.492867764884,80.88976603854776,5838.733055117034,28.09,60.2
2026-10-10 13:00:00,future,10238,10684.763452757496,81.27734691046419,5914.913667279253,28.72,58.9
2026-10-10 14:00:00,future,10239,11516.630898777808,83.12501268325644,6062.281943368861,29.12,58.1
2026-10-10 15:00:00,future,10240,13251.911825746076,86.53155908998176,6284.45800435356,29.26,57.8
2026-10-10 16:00:00,future,10241,15652.25356725563,91.02857729088616,6550.829933484424,29.12,58.1
2026-10-10 17:00:00,future,10242,18464.11002416388,96.14441123451277,6833.900827505804,28.72,58.9
2026-10-10 18:00:00,future,10243,19714.76095631228,98.12834831042008,6904.3123398406515,28.09,60.2
2026-10-10 19:00:00,future,10244,17795.965296917762,93.92622995234123,6575.762655386322,27.26,61.8
2026-10-10 20:00:00,future,10245,14715.450776419952,87.41369634055584,6092.792751557478,26.29,63.8
2026-10-10 21:00:00,future,10246,11967.541386556888,81.49811916903026,5641.749286984779,25.26,65.8
2026-10-10 22:00:00,future,10247,9440.568649538036,75.99832554186086,5215.5779772422475,24.22,67.9
2026-10-10 23:00:00,future,10248,7723.938780953264,72.09875123239375,4894.953497457873,23.26,69.8
2026-10-11 00:00:00,future,10249,6196.076099454045,63.27252500920616,4706.5776763838885,22.48,71.8
2026-10-11 01:00:00,future,10250,5540.49149577573,61.81022070576947,4551.928214607749,21.84,73.1
2026-10-11 02:00:00,future,10251,5522.817539065918,61.5406161164991,4499.307339682414,21.44,73.9
2026-10-11 03:00:00,future,10252,6205.454019677786,62.58430312304169,4559.521186265416,21.31,74.2
2026-10-11 04:00:00,future,10253,7693.053539807481,65.10725748914615,4743.057942205562,21.44,73.9
2026-10-11 05:00:00,future,10254,9989.246793891793,69.1214599892491,5051.591285362868,21.84,73.1
2026-10-11 06:00:00,future,10255,13818.01051182797,75.79867728273133,5562.637157828874,22.48,71.8
2026-10-11 07:00:00,future,10256,17183.78480504199,81.82926697458309,6045.73427106878,23.31,70.2
2026-10-11 08:00:00,future,10257,18885.168514434557,85.20272079945644,6358.351578583389,24.27,68.3
2026-10-11 09:00:00,future,10258,16919.37054244684,82.59751234183393,6269.215616781172,25.31,66.2
2026-10-11 10:00:00,future,10259,13967.877074719558,78.36636363727956,6068.105121842122,26.34,64.1
2026-10-11 11:00:00,future,10260,12403.93658867895,76.37948400369363,6015.242616188802,27.31,62.2
2026-10-11 12:00:00,future,10261,11856.606137207174,75.97312720855786,6057.57248986794,28.13,60.5
2026-10-11 13:00:00,future,10262,11882.578123770614,76.40070422511184,6141.506852122421,28.77,59.3
2026-10-11 14:00:00,future,10263,12668.919133780944,77.93356300109534,6280.4607605600895,29.17,58.5
2026-10-11 15:00:00,future,10264,14264.420848695176,80.6398615541875,6477.382474159809,29.31,58.2
2026-10-11 16:00:00,future,10265,16703.30854677317,84.56381896811023,6733.584222659992,29.17,58.5
2026-10-11 17:00:00,future,10266,20038.28295960962,89.80407338895463,7057.516892992367,28.77,59.3
2026-10-11 18:00:00,future,10267,21681.390208518784,92.11951927563722,7161.045585062997,28.13,60.5
2026-10-11 19:00:00,future,10268,19775.692358541215,88.49448398934325,6843.20322044725,27.31,62.2
2026-10-11 20:00:00,future,10269,16321.783199294649,82.23485488356249,6332.4846805408315,26.34,64.1
2026-10-11 21:00:00,future,10270,13107.698028360352,76.333277077523,5841.106659224466,25.31,66.2
2026-10-11 22:00:00,future,10271,10197.884258767965,70.92573551692566,5382.637061413351,24.27,68.3
2026-10-11 23:00:00,future,10272,8335.335210295387,67.28741696489682,5051.918428285686,23.31,70.2
2026-10-12 00:00:00,future,10273,6160.704373113858,74.86962936232761,4391.072674128221,21.73,73.3
2026-10-12 01:00:00,future,10274,5438.6618180630385,72.91880349121715,4233.463666713845,21.09,74.5
2026-10-12 02:00:00,future,10275,5299.786847586403,72.34234915780972,4169.674796406964,20.69,75.3
2026-10-12 03:00:00,future,10276,5698.43411996941,73.06814683946094,4198.260251273232,20.56,75.6
2026-10-12 04:00:00,future,10277,7028.855237599362,75.90015914464635,4361.823767723565,20.69,75.3
2026-10-12 05:00:00,future,10278,9578.634394884912,81.43739990077633,4693.533075483327,21.09,74.5
2026-10-12 06:00:00,future,10279,13281.84882099467,89.5224209931935,5182.4355769263975,21.73,73.3
2026-10-12 07:00:00,future,10280,16528.100918172713,96.80525751264838,5643.525535300181,22.56,71.6
2026-10-12 08:00:00,future,10281,17754.023817237907,100.02544965071517,5895.814776281627,23.52,69.7
2026-10-12 09:00:00,future,10282,15585.551214097868,96.31931854770417,5780.560731902935,24.56,67.6
2026-10-12 10:00:00,future,10283,12898.57013497054,91.53901328241757,5606.476662765523,25.59,65.5
2026-10-12 11:00:00,future,10284,11634.204463367789,89.64234154008643,5583.232487039445,26.56,63.6
2026-10-12 12:00:00,future,10285,11160.45406539625,89.26346377452478,5629.714831976436,27.38,61.9
2026-10-12 13:00:00,future,10286,11066.704814650457,89.53567921552906,5696.666027821452,28.02,60.7
2026-10-12 14:00:00,future,10287,11716.32081789422,91.16305759425579,5817.212840510616,28.42,59.9
2026-10-12 15:00:00,future,10288,13156.401600735564,94.22797809995006,5994.171580604594,28.56,59.6
2026-10-12 16:00:00,future,10289,15582.531175459151,99.11834837442709,6246.859433664819,28.42,59.9
2026-10-12 17:00:00,future,10290,18619.285509457175,105.0762137470588,6535.973842176822,28.02,60.7
2026-10-12 18:00:00,future,10291,19960.904305517957,107.3716716012431,6607.696657640168,27.38,61.9
2026-10-12 19:00:00,future,10292,18121.70696514804,102.9913226005108,6304.179639466198,26.56,63.6
2026-10-12 20:00:00,future,10293,15010.714657382923,95.88505819243109,5841.196353205583,25.59,65.5
2026-10-12 21:00:00,future,10294,12193.429082489023,89.33953332572284,5403.598905561276,24.56,67.6
2026-10-12 22:00:00,future,10295,9754.357078982704,83.56497048336661,5006.82291019364,23.52,69.7
2026-10-12 23:00:00,future,10296,8191.220881401633,79.65091288105123,4717.059623189286,22.56,71.6
2026-10-13 00:00:00,future,10297,6725.487963823553,68.29395674165526,4398.4793150053,22.22,71.4
2026-10-13 01:00:00,future,10298,6061.138483303181,66.7727609284035,4256.83539100551,21.58,72.7
2026-10-13 02:00:00,future,10299,5909.422027064496,66.25932588057489,4194.204267903189,21.18,73.5
2026-10-13 03:00:00,future,10300,6609.597467363216,67.33631466290483,4247.50653840219,21.05,73.8
2026-10-13 04:00:00,future,10301,8266.242809638312,70.17074561017377,4425.826853222354,21.18,73.5
2026-10-13 05:00:00,future,10302,10957.325774980722,74.8985563703312,4738.020709418523,21.58,72.7
2026-10-13 06:00:00,future,10303,15149.614751300074,82.27478038544288,5226.381903101485,22.22,71.4
2026-10-13 07:00:00,future,10304,18665.754238550428,88.65313607095024,5670.960158139005,23.05,69.8
2026-10-13 08:00:00,future,10305,20284.901637376475,91.96824577340892,5944.615928089491,24.01,67.9
2026-10-13 09:00:00,future,10306,18001.97239800641,88.85973169811206,5844.329304701425,25.05,65.8
2026-10-13 10:00:00,future,10307,14805.419127992074,84.22841059535298,5653.060924897532,26.08,63.7
2026-10-13 11:00:00,future,10308,13188.35903326574,82.17919656918474,5609.863153229982,27.05,61.8
2026-10-13 12:00:00,future,10309,12548.62910822164,81.66040091714619,5646.012721350858,27.88,60.1
2026-10-13 13:00:00,future,10310,12469.255376216564,81.94075998127795,5713.372326021042,28.51,58.9
2026-10-13 14:00:00,future,10311,13298.848879872334,83.57921127010127,5842.623548289239,28.91,58.1
2026-10-13 15:00:00,future,10312,15140.427692876236,86.72710203697504,6040.311692563433,29.05,57.8
2026-10-13 16:00:00,future,10313,17724.289466952585,90.92374749978005,6277.545031303522,28.91,58.1
2026-10-13 17:00:00,future,10314,21111.26042554735,96.28317808246712,6562.687457094049,28.51,58.9
2026-10-13 18:00:00,future,10315,22774.311868399185,98.63111739780197,6650.967826583495,27.88,60.1
2026-10-13 19:00:00,future,10316,20877.819124324906,94.94075490765375,6365.564494277487,27.05,61.8
2026-10-13 20:00:00,future,10317,17292.64103311156,88.35624623882121,5897.4990137780505,26.08,63.7
2026-10-13 21:00:00,future,10318,13998.131081594984,82.2148887660618,5450.841567419113,25.05,65.8
2026-10-13 22:00:00,future,10319,10945.15670031578,76.46784672467632,5026.728626458902,24.01,67.9
2026-10-13 23:00:00,future,10320,8894.649786011169,72.4368454568223,4710.679897775229,23.05,69.8
2026-10-14 00:00:00,future,10321,6741.330655345808,66.6081082784549,4555.19124245503,22.75,71.4
2026-10-14 01:00:00,future,10322,6019.546482270071,65.0299181307019,4404.79986784822,22.12,72.6
2026-10-14 02:00:00,future,10323,5896.19613839007,64.57835457787549,4343.902522860231,21.72,73.4
2026-10-14 03:00:00,future,10324,6509.375344529666,65.49904541429957,4390.372852827308,21.58,73.7
2026-10-14 04:00:00,future,10325,8037.648827249297,68.0979098964493,4565.05995902351,21.72,73.4
2026-10-14 05:00:00,future,10326,10640.434048807823,72.62451477808484,4882.019678648083,22.12,72.6
2026-10-14 06:00:00,future,10327,14594.870277973869,79.51568606070109,5366.261548506193,22.75,71.4
2026-10-14 07:00:00,future,10328,18202.434455221624,85.96117690994198,5838.7595843181425,23.58,69.7
2026-10-14 08:00:00,future,10329,19820.329218277388,89.22366524157181,6122.630964739411,24.55,67.8
2026-10-14 09:00:00,future,10330,17663.2285611583,86.31913632666497,6023.865375260818,25.58,65.7
2026-10-14 10:00:00,future,10331,14551.234905123732,81.85142688492309,5827.687657509913,26.62,63.6
2026-10-14 11:00:00,future,10332,12888.1179914697,79.71523246822476,5771.510267456125,27.58,61.7
2026-10-14 12:00:00,future,10333,12186.393750739871,79.0782511948427,5798.968735891165,28.41,60.1
2026-10-14 13:00:00,future,10334,12196.091003488826,79.49232142995247,5877.023656371953,29.05,58.8
2026-10-14 14:00:00,future,10335,13111.789816315028,81.23991766743434,6018.546426056039,29.44,58.0
2026-10-14 15:00:00,future,10336,14883.473120105858,84.23883503648702,6218.3715575960305,29.58,57.7
2026-10-14 16:00:00,future,10337,17445.662078086567,88.36279423075598,6466.124877384388,29.44,58.0
2026-10-14 17:00:00,future,10338,20813.4173327597,93.655210422017,6766.973645684625,29.05,58.8
2026-10-14 18:00:00,future,10339,22469.158610238148,95.97834893651643,6860.916041487691,28.41,60.1
2026-10-14 19:00:00,future,10340,20532.422386317507,92.27892454961086,6560.971911886298,27.58,61.7
2026-10-14 20:00:00,future,10341,16996.49034541486,85.87029306624076,6080.2201681521055,26.62,63.6
2026-10-14 21:00:00,future,10342,13723.451750358872,79.84396995918873,5616.98693098564,25.58,65.7
2026-10-14 22:00:00,future,10343,10707.53733871484,74.24646061144941,5181.512022976941,24.55,67.8
2026-10-14 23:00:00,future,10344,8708.570868476223,70.35766708019929,4858.285656011552,23.58,69.7
2026-10-15 00:00:00,future,10345,6717.989903850405,66.34869347359087,4656.36042746807,22.56,72.3
2026-10-15 01:00:00,future,10346,5970.221858007473,64.7463226788312,4500.076601660581,21.93,73.6
2026-10-15 02:00:00,future,10347,5915.021412106378,64.40655814353377,4444.547979312016,21.53,74.4
2026-10-15 03:00:00,future,10348,6515.8366368179295,65.28916434979706,4489.701072809186,21.39,74.7
2026-10-15 04:00:00,future,10349,8066.05712420278,67.88049869484738,4668.581856963583,21.53,74.4
2026-10-15 05:00:00,future,10350,10669.88551947788,72.33631854886973,4989.554236930167,21.93,73.6
2026-10-15 06:00:00,future,10351,14701.0242678126,79.24136031475183,5487.806476423303,22.56,72.3
2026-10-15 07:00:00,future,10352,18315.019650834452,85.59801975717588,5967.502257017492,23.39,70.7
2026-10-15 08:00:00,future,10353,19994.578510669653,88.91826351318026,6263.146110805554,24.36,68.7
2026-10-15 09:00:00,future,10354,17782.095613291465,85.99041978976214,6160.894378727033,25.39,66.7
2026-10-15 10:00:00,future,10355,14615.42313092996,81.52781734067155,5960.50673028173,26.43,64.6
2026-10-15 11:00:00,future,10356,12935.90119830222,79.41685231714744,5905.052355887133,27.39,62.7
2026-10-15 12:00:00,future,10357,12367.36682624114,79.01869144601308,5949.130840982746,28.22,61.0
2026-10-15 13:00:00,future,10358,12500.214164748477,79.6342255720104,6042.614157361833,28.86,59.7
2026-10-15 14:00:00,future,10359,13523.562715927768,81.53755734317001,6198.9769838785405,29.26,58.9
2026-10-15 15:00:00,future,10360,15371.832804603411,84.60397888734889,6407.6556349651,29.39,58.7
2026-10-15 16:00:00,future,10361,18098.71473903076,88.92646588248566,6675.486528939611,29.26,58.9
2026-10-15 17:00:00,future,10362,21435.35364184327,94.06455008339239,6973.223506687888,28.86,59.7
2026-10-15 18:00:00,future,10363,23109.115984420027,96.36670560625595,7067.901535087994,28.22,61.0
2026-10-15 19:00:00,future,10364,21037.726540053627,92.50136757465569,6748.870678921535,27.39,62.7
2026-10-15 20:00:00,future,10365,17414.77779654527,86.04879838980166,6252.064084319604,26.43,64.6
2026-10-15 21:00:00,future,10366,14070.156827057695,79.99560780176229,5774.289900145538,25.39,66.7
2026-10-15 22:00:00,future,10367,11003.836155960013,74.39813989236009,5326.745631090269,24.36,68.7
2026-10-15 23:00:00,future,10368,8860.414569463857,70.32875397784649,4982.789717782471,23.39,70.7
2026-10-16 00:00:00,future,10369,6744.1113049790065,67.8115883018346,4766.5625454619385,22.83,69.7
2026-10-16 01:00:00,future,10370,5899.810584631886,65.97718081852179,4594.831972922695,22.2,71.0
2026-10-16 02:00:00,future,10371,5787.4147452536035,65.53412808925823,4532.410119182637,21.8,71.8
2026-10-16 03:00:00,future,10372,6300.451197938756,66.31994153399486,4571.336677467318,21.66,72.1
2026-10-16 04:00:00,future,10373,7777.574507301681,68.92404492139582,4751.374377705814,21.8,71.8
2026-10-16 05:00:00,future,10374,10435.494827571549,73.702988893638,5093.863636656309,22.2,71.0
2026-10-16 06:00:00,future,10375,14468.9008786531,80.96952401126242,5616.470604856349,22.83,69.7
2026-10-16 07:00:00,future,10376,17984.154023725692,87.47927130552478,6107.096436113543,23.66,68.1
2026-10-16 08:00:00,future,10377,19455.96682672912,90.59011834014989,6389.163989529318,24.62,66.2
2026-10-16 09:00:00,future,10378,17173.687349654545,87.35679431016366,6268.204464496696,25.66,64.1
2026-10-16 10:00:00,future,10379,14108.7687923695,82.78408046259172,6059.884889806801,26.69,62.0
2026-10-16 11:00:00,future,10380,12502.118305195138,80.65755088349061,6004.500659309214,27.66,60.1
2026-10-16 12:00:00,future,10381,11814.779098191855,80.00885852652935,6032.742748418754,28.49,58.4
2026-10-16 13:00:00,future,10382,11740.285053359632,80.27824701028403,6103.384343917564,29.12,57.2
2026-10-16 14:00:00,future,10383,12655.12959991542,82.08814195556579,6254.094379099491,29.52,56.4
2026-10-16 15:00:00,future,10384,14547.16269250354,85.39897737764834,6479.781888348509,29.66,56.1
2026-10-16 16:00:00,future,10385,17238.495520938133,89.89516809477952,6758.372145927789,29.52,56.4
2026-10-16 17:00:00,future,10386,20519.489897323703,95.2322094211765,7069.302817268371,29.12,57.2
2026-10-16 18:00:00,future,10387,22115.23751542088,97.55403154890223,7166.034800035911,28.49,58.4
2026-10-16 19:00:00,future,10388,20039.03209805266,93.49547043949885,6833.737975668086,27.66,60.1
2026-10-16 20:00:00,future,10389,16543.808151925663,86.93177808430534,6327.796339936445,26.69,62.0
2026-10-16 21:00:00,future,10390,13402.34908805814,80.93292659036132,5853.2687885584355,25.66,64.1
2026-10-16 22:00:00,future,10391,10548.98382243676,75.4185063994374,5409.186921152479,24.62,66.2
2026-10-16 23:00:00,future,10392,8571.933824510308,71.4470691227862,5071.53142456032,23.66,68.1
2026-10-17 00:00:00,future,10393,6294.243774281373,68.94999568637303,4640.529410116481,22.43,71.3
2026-10-17 01:00:00,future,10394,5412.531512621705,66.84761672901298,4457.106967073322,21.79,72.6
2026-10-17 02:00:00,future,10395,5144.156097445578,66.07518457835087,4376.003475720196,21.39,73.4
2026-10-17 03:00:00,future,10396,5616.155548333304,66.89543749762342,4415.984209864572,21.26,73.6
2026-10-17 04:00:00,future,10397,6959.858084975378,69.55350154974292,4591.396718438402,21.39,73.4
2026-10-17 05:00:00,future,10398,9471.40563367339,74.62314973881332,4938.603415677051,21.79,72.6
2026-10-17 06:00:00,future,10399,13055.768041518471,81.90296086057897,5442.636059577941,22.43,71.3
2026-10-17 07:00:00,future,10400,16175.973253935515,88.41628869344729,5915.008275675015,23.26,69.6
2026-10-17 08:00:00,future,10401,17348.853640018286,91.28310173863892,6172.384739268774,24.22,67.7
2026-10-17 09:00:00,future,10402,15269.66664336614,87.971632840788,6053.828015647687,25.26,65.6
2026-10-17 10:00:00,future,10403,12604.167379724124,83.53051534496227,5864.48652706917,26.29,63.6
2026-10-17 11:00:00,future,10404,11225.201247319144,81.5152465183615,5820.374000559794,27.26,61.6
2026-10-17 12:00:00,future,10405,10684.48125997801,81.0153869775465,5858.457684981309,28.09,60.0
2026-10-17 13:00:00,future,10406,10674.658845486658,81.40340668885959,5934.887414344726,28.72,58.7
2026-10-17 14:00:00,future,10407,11506.341724922686,83.25495971205689,6082.814989279639,29.12,57.9
2026-10-17 15:00:00,future,10408,13241.589158792474,86.66955901405231,6305.90738346567,29.26,57.6
2026-10-17 16:00:00,future,10409,15642.044270681989,91.1776719480635,6573.425446484095,29.12,57.9
2026-10-17 17:00:00,future,10410,18454.02876482476,96.30624570264703,6857.7391404202845,28.72,58.7
2026-10-17 18:00:00,future,10411,19704.67475361095,98.29525577188996,6928.505930719309,28.09,60.0
2026-10-17 19:00:00,future,10412,17785.76855715303,94.08324103094147,6598.641511771065,27.26,61.6
2026-10-17 20:00:00,future,10413,14705.143292267834,87.5553279096215,6113.721268113481,26.29,63.6
2026-10-17 21:00:00,future,10414,11957.214639980151,81.62601109259901,5660.87819058945,25.26,65.6
2026-10-17 22:00:00,future,10415,9430.268231401738,76.11356940052646,5233.018146833961,24.22,67.7
2026-10-17 23:00:00,future,10416,7713.692393901145,72.20520596384787,4911.144135109327,23.26,69.6
2026-10-18 00:00:00,future,10417,6185.56865683869,63.369585657173836,4721.373977804703,22.48,71.6
2026-10-18 01:00:00,future,10418,5529.871932701621,61.90370957675037,4566.141843818532,21.84,72.9
2026-10-18 02:00:00,future,10419,5512.092744835409,61.63345693072825,4513.335551743241,21.44,73.7
2026-10-18 03:00:00,future,10420,6194.208585513632,62.67901523158812,4573.755088019535,21.31,74.0
2026-10-18 04:00:00,future,10421,7681.460612231827,65.20775829717232,4757.999657818457,21.44,73.7
2026-10-18 05:00:00,future,10422,9977.987185681955,69.23252856857468,5067.806019104806,21.84,72.9
2026-10-18 06:00:00,future,10423,13806.75281763299,75.92642738477886,5580.9009570501275,22.48,71.6
2026-10-18 07:00:00,future,10424,17172.61154683549,81.97208557222666,6065.919195318942,23.31,70.0
2026-10-18 08:00:00,future,10425,18873.816920134796,85.3533336098352,6379.706049094873,24.27,68.1
2026-10-18 09:00:00,future,10426,16907.777670226722,82.74053526321026,6290.05655082284,25.31,66.0
2026-10-18 10:00:00,future,10427,13956.355587651806,78.49817307489064,6088.004277454895,26.34,63.9
2026-10-18 11:00:00,future,10428,12392.53245621507,76.50590756950783,6034.827033632292,27.31,62.0
2026-10-18 12:00:00,future,10429,11845.100392022943,76.09791210452191,6077.229260660185,28.13,60.3
2026-10-18 13:00:00,future,10430,11870.91143156811,76.5259737612246,6161.422074729069,28.77,59.1
2026-10-18 14:00:00,future,10431,12657.062009351852,78.06221312632488,6300.886283183276,29.17,58.3
2026-10-18 15:00:00,future,10432,14252.535651941482,80.77528864481842,6498.60625470982,29.31,58.0
2026-10-18 16:00:00,future,10433,16691.564545410703,84.70955410720887,6755.902682788983,29.17,58.3
2026-10-18 17:00:00,future,10434,20026.69765904756,89.96363838944254,7081.242164570101,28.77,59.1
2026-10-18 18:00:00,future,10435,21669.820768077112,92.28535176970256,7185.273896322248,28.13,60.3
2026-10-18 19:00:00,future,10436,19764.062514728837,88.65141334421584,6866.197701225611,27.31,62.0
2026-10-18 20:00:00,future,10437,16310.057238546902,82.3761871053523,6353.45778538167,26.34,63.9
2026-10-18 21:00:00,future,10438,13096.006086179968,76.46017102153725,5860.160035257235,25.31,66.0
2026-10-18 22:00:00,future,10439,10186.308155563447,71.03959046148246,5399.917605719703,24.27,68.1
2026-10-18 23:00:00,future,10440,8323.895448788078,67.39273344119094,5067.949580953612,23.31,70.0
2026-10-19 00:00:00,future,10441,6148.933993876004,74.96717532812983,4406.409059904836,21.73,73.1
2026-10-19 01:00:00,future,10442,5426.747109627815,73.01162590313888,4248.1285362407,21.09,74.3
2026-10-19 02:00:00,future,10443,5287.289275066518,72.43280565616132,4184.025402806905,20.69,75.1
2026-10-19 03:00:00,future,10444,5685.533000905707,73.15239049326244,4211.499380928559,20.55,75.4
2026-10-19 04:00:00,future,10445,7015.6612281093,75.99804878753459,4376.984597191225,20.69,75.1
2026-10-19 05:00:00,future,10446,9565.668166402053,81.54929040468454,4710.206662033849,21.09,74.3
2026-10-19 06:00:00,future,10447,13268.822293332674,89.65390569950283,5201.28883560986,21.73,73.1
2026-10-19 07:00:00,future,10448,16515.128574105696,96.94716402578628,5663.207715759752,22.55,71.4
2026-10-19 08:00:00,future,10449,17740.796747039745,100.18148106059324,5917.738333299721,23.52,69.5
2026-10-19 09:00:00,future,10450,15572.218979482435,96.45790360673679,5800.6080342700025,24.55,67.4
2026-10-19 10:00:00,future,10451,12885.372191228747,91.67253232247134,5626.8304013880315,25.59,65.3
2026-10-19 11:00:00,future,10452,11621.15899416612,89.76350458909147,5602.171917253088,26.55,63.4
2026-10-19 12:00:00,future,10453,11147.370007380374,89.39032069641726,5649.984635278571,27.38,61.7
2026-10-19 13:00:00,future,10454,11053.495264702917,89.6625182797795,5717.1582685408375,28.02,60.5
2026-10-19 14:00:00,future,10455,11702.950271949629,91.29334814409403,5838.198592725971,28.42,59.7
2026-10-19 15:00:00,future,10456,13143.030508368054,94.35853398573079,6014.745745872264,28.55,59.4
2026-10-19 16:00:00,future,10457,15569.298021891118,99.2687551360392,6269.846043221177,28.42,59.7
2026-10-19 17:00:00,future,10458,18606.13586631464,105.24191945047211,6560.351450075431,28.02,60.5
2026-10-19 18:00:00,future,10459,19947.75689222078,107.54354219446822,6632.478918745517,27.38,61.7
2026-10-19 19:00:00,future,10460,18108.443943142785,103.1453163367782,6326.4264825347755,26.55,63.4
2026-10-19 20:00:00,future,10461,14997.379265203184,96.02912854045725,5862.619452934858,25.59,65.3
2026-10-19 21:00:00,future,10462,12180.109493571306,89.46074363534295,5421.905572388166,24.55,67.4
2026-10-19 22:00:00,future,10463,9741.08648847191,83.67987560343204,5024.633325385363,23.52,69.5
2026-10-19 23:00:00,future,10464,8177.978253748214,79.74949551320013,4732.430167301506,22.55,71.4
2026-10-20 00:00:00,future,10465,6711.974455681455,68.38793722766037,4413.38005933064,22.22,71.2
2026-10-20 01:00:00,future,10466,6047.5501795999935,66.86313806771831,4271.160257565282,21.58,72.5
2026-10-20 02:00:00,future,10467,5895.748000894784,66.3485108723829,4208.283790191055,21.18,73.3
2026-10-20 03:00:00,future,10468,6595.760333213497,67.42808644211806,4261.829815838667,21.05,73.6
2026-10-20 04:00:00,future,10469,8252.049211134798,70.26912650779522,4440.914319523638,21.18,73.3
2026-10-20 05:00:00,future,10470,10942.667468764128,75.00805319897148,4754.440460102435,21.58,72.5
2026-10-20 06:00:00,future,10471,15135.007206856944,82.40290006786738,5244.9607413657895,22.22,71.2
2026-10-20 07:00:00,future,10472,18651.47361444938,88.7976427649627,5691.50159225387,23.05,69.6
2026-10-20 08:00:00,future,10473,20270.89087420014,92.12107758122951,5966.316574095906,24.01,67.7
2026-10-20 09:00:00,future,10474,17988.100932514142,89.00409520335852,5865.45627809484,25.05,65.6
2026-10-20 10:00:00,future,10475,14791.31120524454,84.35977060723489,5673.162295743113,26.08,63.5
2026-10-20 11:00:00,future,10476,13174.018597580616,82.30424165129722,5629.623887696734,27.05,61.6
2026-10-20 12:00:00,future,10477,12534.201121942588,81.78340347656261,5665.827335365509,27.88,59.9
2026-10-20 13:00:00,future,10478,12454.761211600176,82.06394659047275,5733.410426616251,28.51,58.7
2026-10-20 14:00:00,future,10479,13284.173888256017,83.70604013070478,5863.185339798055,28.91,57.9
2026-10-20 15:00:00,future,10480,15125.65615105388,86.8617719447443,6061.750666574673,29.05,57.6
2026-10-20 16:00:00,future,10481,17709.310443371283,91.06896108980077,6300.065758443926,28.91,57.9
2026-10-20 17:00:00,future,10482,21096.59546600736,96.44297009953397,6586.592722780509,28.51,58.7
2026-10-20 18:00:00,future,10483,22759.90690533205,98.79780800313804,6675.380502359318,27.88,59.9
2026-10-20 19:00:00,future,10484,20863.58852666383,95.09880626915825,6388.791991998786,27.05,61.6
2026-10-20 20:00:00,future,10485,17278.316998842125,88.49786371577534,5918.696895353523,26.08,63.5
2026-10-20 21:00:00,future,10486,13983.727575054249,82.34127606671402,5470.116544047722,25.05,65.6
2026-10-20 22:00:00,future,10487,10930.751318445102,76.58015394205853,5044.192696446931,24.01,67.7
2026-10-20 23:00:00,future,10488,8880.34327333667,72.53959976751588,4726.827291042955,23.05,69.6
2026-10-21 00:00:00,future,10489,6726.645587346082,66.70163197850789,4570.144037642933,22.75,71.2
2026-10-21 01:00:00,future,10490,6004.766204072823,65.11942672690266,4419.139046288713,22.12,72.4
2026-10-21 02:00:00,future,10491,5881.259266563443,64.66665933494336,4358.001208063093,21.72,73.2
2026-10-21 03:00:00,future,10492,6493.896322287932,65.58907281957087,4404.648551231762,21.58,73.5
2026-10-21 04:00:00,future,10493,8021.801067109058,68.19432901845076,4580.08126565706,21.72,73.2
2026-10-21 05:00:00,future,10494,10624.845486452214,72.7334399714448,4898.469780618673,22.12,72.4
2026-10-21 06:00:00,future,10495,14579.254172114066,79.64293928391764,5384.847944066826,22.75,71.2
2026-10-21 07:00:00,future,10496,18186.956536064423,86.10566971978685,5859.4175436146415,23.58,69.5
2026-10-21 08:00:00,future,10497,19804.684214133224,89.37609771085012,6144.441763546358,24.55,67.6
2026-10-21 09:00:00,future,10498,17647.368021991468,86.46253694070845,6045.055826513079,25.58,65.5
2026-10-21 10:00:00,future,10499,14535.431886357204,81.98196779126594,5847.83668658942,26.62,63.4
2026-10-21 11:00:00,future,10500,12872.455082869224,79.83947713088646,5791.281484063895,27.58,61.5
2026-10-21 12:00:00,future,10501,12170.69386436171,79.20009723742655,5818.746560659908,28.41,59.9
2026-10-21 13:00:00,future,10502,12180.29188635754,79.61467452332832,5897.060846355916,29.05,58.6
2026-10-21 14:00:00,future,10503,13095.81795386593,81.36647983957164,6039.1621407487955,29.44,57.8
2026-10-21 15:00:00,future,10504,14867.477018880574,84.3734496258019,6239.884234458138,29.58,57.5
2026-10-21 16:00:00,future,10505,17429.826062240973,88.50904019886609,6488.813145029724,29.44,57.8
2026-10-21 17:00:00,future,10506,20797.71944189234,93.8164237859368,6791.114308594863,29.05,58.6
2026-10-21 18:00:00,future,10507,22453.443584538734,96.14634161430185,6885.576299513488,28.41,59.9
2026-10-21 19:00:00,future,10508,20516.5939721064,92.43722084661691,6584.356771986491,27.58,61.5
2026-10-21 20:00:00,future,10509,16980.537061911953,86.01156599794095,6101.515030115387,26.62,63.4
2026-10-21 21:00:00,future,10510,13707.50543952291,79.9695388661944,5636.297208015695,25.58,65.5
2026-10-21 22:00:00,future,10511,10691.678822688904,74.35762302521528,5198.972368054891,24.55,67.6
2026-10-21 23:00:00,future,10512,8692.841956024167,70.45911697915992,4874.408275306208,23.58,69.5
2026-10-22 00:00:00,future,10513,6701.999444429436,66.4403749611112,4671.211526503435,22.56,72.1
2026-10-22 01:00:00,future,10514,5954.140420412892,64.83384429445947,4514.295978562015,21.93,73.4
2026-10-22 02:00:00,future,10515,5898.774136505445,64.4931674056726,4458.556172139606,21.53,74.2
2026-10-22 03:00:00,future,10516,6499.061905568571,65.37750799724108,4503.8836383206335,21.39,74.5
2026-10-22 04:00:00,future,10517,8048.912038000421,67.97541451210462,4683.527696735969,21.53,74.2
2026-10-22 05:00:00,future,10518,10652.93766987678,72.44376229752325,5005.936807853054,21.93,73.4
2026-10-22 06:00:00,future,10519,14683.949775916924,79.36751020493938,5506.372626672235,22.56,72.1
2026-10-22 07:00:00,future,10520,18297.97616628016,85.74143491421985,5988.152109259035,23.39,70.5
2026-10-22 08:00:00,future,10521,19977.355017354952,89.06996208503753,6284.98845187062,24.36,68.5
2026-10-22 09:00:00,future,10522,17764.724733819447,86.13285296503186,6182.091194515284,25.39,66.5
2026-10-22 10:00:00,future,10523,14598.185512043226,81.65711971423538,5980.633962384822,26.43,64.4
2026-10-22 11:00:00,future,10524,12918.814710838116,79.53972230972232,5924.791604569152,27.39,62.5
2026-10-22 12:00:00,future,10525,12350.248431295287,79.13974604640127,5968.941366262194,28.22,60.8
2026-10-22 13:00:00,future,10526,12483.010568436664,79.75637426410022,6062.747253426642,28.86,59.5
2026-10-22 14:00:00,future,10527,13506.20217891403,81.66448873009386,6219.751792269245,29.26,58.7
2026-10-22 15:00:00,future,10528,15354.455905383133,84.73939835761901,6429.369509873166,29.39,58.5
2026-10-22 16:00:00,future,10529,18081.50653917059,89.0744043259594,6698.47141146373,29.26,58.7
2026-10-22 17:00:00,future,10530,21418.22507007736,94.22736462339485,6997.649534639383,28.86,59.5
2026-10-22 18:00:00,future,10531,23091.955077416336,96.53643342193614,7092.8591016151195,28.22,60.8
2026-10-22 19:00:00,future,10532,21020.45422399624,92.66069968165493,6772.475928322547,27.39,62.5
2026-10-22 20:00:00,future,10533,17397.401979093684,86.19057937553708,6273.519360958433,26.43,64.4
2026-10-22 21:00:00,future,10534,14052.781369737631,80.1211901643221,5793.706078727033,25.39,66.5
2026-10-22 22:00:00,future,10535,10986.504338389354,74.50886638070067,5344.2648902521905,24.36,68.5
2026-10-22 23:00:00,future,10536,8843.152305723388,70.42891332788045,4998.882473474007,23.39,70.5
2026-10-23 00:00:00,future,10537,6726.616743454288,67.9017739188656,4781.429446916088,22.83,69.5
2026-10-23 01:00:00,future,10538,5882.250350740955,66.06241180863542,4608.991784425725,22.2,70.8
2026-10-23 02:00:00,future,10539,5769.266210455709,65.61741004677414,4546.281535455573,21.8,71.6
2026-10-23 03:00:00,future,10540,6281.8783145963835,66.40494595958293,4585.371113174148,21.66,71.9
2026-10-23 04:00:00,future,10541,7758.6731744658755,69.01604903738628,4766.20059559624,21.8,71.6
2026-10-23 05:00:00,future,10542,10416.874612433883,73.8092183205114,5110.271976846667,22.2,70.8
2026-10-23 06:00:00,future,10543,14450.311705235985,81.09668643480053,5635.245567768653,22.83,69.5
2026-10-23 07:00:00,future,10544,17965.65285374813,87.62504771238541,6128.056431681224,23.66,67.9
2026-10-23 08:00:00,future,10545,19437.18523644899,90.74372627486902,6411.256020774516,24.62,66.0
2026-10-23 09:00:00,future,10546,17154.71315987395,87.49958079214014,6289.513142586403,25.66,63.9
2026-10-23 10:00:00,future,10547,14089.89804193181,82.91890557340159,6081.286126422702,26.7,61.8
2026-10-23 11:00:00,future,10548,12483.4128022126,80.77919764453546,6024.226153312323,27.66,59.9
2026-10-23 12:00:00,future,10549,11796.029544292864,80.12775946786263,6052.446705532379,28.49,58.2
2026-10-23 13:00:00,future,10550,11721.37173978629,80.39709014335233,6123.290807049311,29.12,57.0
2026-10-23 14:00:00,future,10551,12636.021553315928,82.21163180520051,6274.621214989633,29.52,56.2
2026-10-23 15:00:00,future,10552,14528.023543268457,85.53206141448227,6501.349783653738,29.66,55.9
2026-10-23 16:00:00,future,10553,17219.500070627782,90.04189935898877,6781.30200275077,29.52,56.2
2026-10-23 17:00:00,future,10554,20500.622537939453,95.39528036322615,7093.793383544355,29.12,57.0
2026-10-23 18:00:00,future,10555,22096.404212432604,97.72458887399236,7191.10197169664,28.49,58.2
2026-10-23 19:00:00,future,10556,20020.113797717957,93.65465567162367,6857.371019836628,27.66,59.9
2026-10-23 20:00:00,future,10557,16524.794284735293,87.07860414618925,6350.451813959044,26.7,61.8
2026-10-23 21:00:00,future,10558,13383.357460203022,81.05671778811606,5872.608499176527,25.66,63.9
2026-10-23 22:00:00,future,10559,10530.084381186742,75.52712112184997,5426.62025539102,24.62,66.0
2026-10-23 23:00:00,future,10560,8553.105972513607,71.54495479512501,5087.5461182567415,23.66,67.9
2026-10-24 00:00:00,future,10561,6275.124479413471,69.03781056678969,4655.413373205693,22.43,73.1
2026-10-24 01:00:00,future,10562,5393.2171852514475,66.92898780918894,4471.159020524014,21.79,74.4
2026-10-24 02:00:00,future,10563,5124.251942712339,66.15984597220421,4390.88878367485,21.4,75.2
2026-10-24 03:00:00,future,10564,5595.838312192807,66.97563488140997,4429.818891891258,21.26,75.4
2026-10-24 04:00:00,future,10565,6939.230074694961,69.64800993818412,4607.307704196027,21.4,75.2
2026-10-24 05:00:00,future,10566,9450.943102797297,74.72743622021457,4955.00433379332,21.79,74.4
2026-10-24 06:00:00,future,10567,13035.252890199818,82.02994304066331,5461.494541604545,22.43,73.1
2026-10-24 07:00:00,future,10568,16155.54172557169,88.56353713980428,5936.136063880087,23.26,71.4
2026-10-24 08:00:00,future,10569,17328.39747801271,91.43847981689309,6194.630897486806,24.22,69.5
2026-10-24 09:00:00,future,10570,15249.11587409833,88.11495409507533,6075.226119283823,25.26,67.4
2026-10-24 10:00:00,future,10571,12583.693378073312,83.65847064197992,5884.693737703548,26.29,65.4
2026-10-24 11:00:00,future,10572,11204.821239937924,81.63577452421315,5840.15509653484,27.26,63.4
2026-10-24 12:00:00,future,10573,10664.064353544529,81.13329059054797,5878.251654922794,28.09,61.8
2026-10-24 13:00:00,future,10574,10654.151723096998,81.52167824316103,5954.929080087333,28.72,60.5
2026-10-24 14:00:00,future,10575,11485.657436550176,83.37842071463575,6103.512794022564,29.12,59.7
2026-10-24 15:00:00,future,10576,13220.87141199855,86.80382970619152,6327.722687351825,29.26,59.4
2026-10-24 16:00:00,future,10577,15621.438244972263,91.32688099243002,6596.665412392226,29.12,59.7
2026-10-24 17:00:00,future,10578,18433.543391897223,96.47270890197727,6882.547720557708,28.72,60.5
2026-10-24 18:00:00,future,10579,19684.18268530688,98.46884476571498,6953.8151771129205,28.09,61.8
2026-10-24 19:00:00,future,10580,17765.165369961178,94.24394626773582,6622.413885138616,27.26,63.4
2026-10-24 20:00:00,future,10581,14684.434100645822,87.69583503839797,6135.187135647349,26.29,65.4
2026-10-24 21:00:00,future,10582,11936.486185562426,81.74848867680394,5680.22646135615,25.26,67.4
2026-10-24 22:00:00,future,10583,9409.563748964523,76.21945872814943,5250.385114450726,24.22,69.5
2026-10-24 23:00:00,future,10584,7693.038745116746,72.29965084924314,4927.062881308631,23.26,71.4
2026-10-25 00:00:00,future,10585,6164.665860839144,63.45419620389142,4735.939043252913,22.48,71.4
2026-10-25 01:00:00,future,10586,5508.853256054777,61.98394595402014,4580.0507112151445,21.84,72.7
2026-10-25 02:00:00,future,10587,5490.975338279708,61.71304582880548,4527.053631265032,21.44,73.5
2026-10-25 03:00:00,future,10588,6172.581970186968,62.76134223736714,4587.747179204267,21.31,73.8
2026-10-25 04:00:00,future,10589,7659.493755503117,65.29772892555965,4772.851682965885,21.44,73.5
2026-10-25 05:00:00,future,10590,9956.341504978172,69.33589455740896,5084.166303623869,21.84,72.7
2026-10-25 06:00:00,future,10591,13785.11145114658,76.051222025921,5599.7042132016395,22.48,71.4
2026-10-25 07:00:00,future,10592,17151.044873951112,82.11609443666822,6086.991409485971,23.31,69.8
2026-10-25 08:00:00,future,10593,18852.07464564328,85.50722507678645,6402.129932689299,24.27,67.9
2026-10-25 09:00:00,future,10594,16885.80101454506,82.88436599615811,6311.779682035218,25.31,65.8
2026-10-25 10:00:00,future,10595,13934.45262852883,78.62708918318717,6108.498536601633,26.34,63.7
2026-10-25 11:00:00,future,10596,12370.74860913092,76.62746463651611,6054.859036452273,27.31,61.8
2026-10-25 12:00:00,future,10597,11823.220215671456,76.21713054587651,6097.287405693351,28.13,60.1
2026-10-25 13:00:00,future,10598,11848.87576544886,76.6456956869461,6181.748455787817,28.77,58.9
2026-10-25 14:00:00,future,10599,12634.842111630474,78.18628925089432,6321.807115541357,29.17,58.1
2026-10-25 15:00:00,future,10600,14230.286939575552,80.90812084524248,6520.487930139838,29.31,57.8
2026-10-25 16:00:00,future,10601,16669.45400080621,84.85572997421085,6779.123841030953,29.17,58.1
2026-10-25 17:00:00,future,10602,20004.739335296657,90.12779758935966,7106.202386860894,28.77,58.9
2026-10-25 18:00:00,future,10603,21647.87723769414,92.45784202821005,7210.8963727476,28.13,60.1
2026-10-25 19:00:00,future,10604,19742.05809559068,88.81265444499805,6890.385032388122,27.31,61.8
2026-10-25 20:00:00,future,10605,16287.961810776022,82.51757243509311,6375.264992012757,26.34,63.7
2026-10-25 21:00:00,future,10606,13073.945489494328,76.58315409065155,5879.712029770463,25.31,65.8
2026-10-25 22:00:00,future,10607,10164.363212091204,71.14594869657127,5417.391907341773,24.27,67.9
2026-10-25 23:00:00,future,10608,8302.08571832327,67.48826648874478,5083.976215905689,23.31,69.8
2026-10-26 00:00:00,future,10609,6126.803704817505,75.04610087559112,4420.809023528423,21.73,72.9
2026-10-26 01:00:00,future,10610,5404.467878223602,73.08475571948861,4261.794477601733,21.09,74.1
2026-10-26 02:00:00,future,10611,5264.443094991662,72.50345514321823,4197.372634465918,20.69,74.9
2026-10-26 03:00:00,future,10612,5662.290533276922,73.23209250781515,4226.207395797278,20.56,75.2
2026-10-26 04:00:00,future,10613,6992.1235763555305,76.07902963758514,4391.325056480017,20.69,74.9
2026-10-26 05:00:00,future,10614,9542.34959648201,81.64843661540992,4726.320291211971,21.09,74.1
2026-10-26 06:00:00,future,10615,13245.44983342391,89.77871480879679,5219.960645021862,21.73,72.9
2026-10-26 07:00:00,future,10616,16491.81047458931,97.1021997486294,5685.460263795349,22.56,71.2
2026-10-26 08:00:00,future,10617,17717.232516302494,100.33792888703495,5939.9140785975205,23.52,69.3
2026-10-26 09:00:00,future,10618,15548.553102677324,96.60759213441663,5823.080631824459,24.56,67.2
2026-10-26 10:00:00,future,10619,12861.836747425696,91.79784833221164,5646.8738946742415,25.59,65.1
2026-10-26 11:00:00,future,10620,11597.775771950528,89.88867871132628,5623.071567467211,26.56,63.2
2026-10-26 12:00:00,future,10621,11123.954216981749,89.50565800158257,5669.719488570055,27.38,61.5
2026-10-26 13:00:00,future,10622,11029.956708172014,89.77753529342671,5737.091031476073,28.02,60.3
2026-10-26 14:00:00,future,10623,11679.253262107162,91.41281499006661,5858.684611201354,28.42,59.5
2026-10-26 15:00:00,future,10624,13119.329713092702,94.49519746825027,6037.395949422102,28.56,59.2
2026-10-26 16:00:00,future,10625,15545.73600017859,99.41481374520936,6292.742702274224,28.42,59.5
2026-10-26 17:00:00,future,10626,18582.660330791205,105.4084663179129,6584.970703766667,28.02,60.3
2026-10-26 18:00:00,future,10627,19924.284084352817,107.71865245003939,6657.659857585634,27.38,61.5
2026-10-26 19:00:00,future,10628,18084.853086764026,103.31420990186369,6351.322173162284,26.56,63.2
2026-10-26 20:00:00,future,10629,14973.713889841776,96.16854889120525,5883.95690347484,25.59,65.1
2026-10-26 21:00:00,future,10630,12156.456501922585,89.58737385973157,5442.2779553348755,24.56,67.2
2026-10-26 22:00:00,future,10631,9717.480738250457,83.78179554674925,5041.8480012173195,23.52,69.3
2026-10-26 23:00:00,future,10632,8154.40060503665,79.84725567753476,4749.488100558632,22.56,71.2
2026-10-27 00:00:00,future,10633,6688.1372247471245,68.46817556499776,4427.894646663812,22.22,71.0
2026-10-27 01:00:00,future,10634,6023.638103547721,66.94561160587432,4286.2450828911815,21.59,72.3
2026-10-27 02:00:00,future,10635,5871.75458438203,66.42965441989206,4223.1107835608245,21.19,73.1
2026-10-27 03:00:00,future,10636,6571.606616109921,67.50608382497498,4275.756780136748,21.05,73.4
2026-10-27 04:00:00,future,10637,8227.538930717232,70.36220501768545,4456.943132568604,21.19,73.1
2026-10-27 05:00:00,future,10638,10917.700650947498,75.11535287542465,4772.023903618032,21.59,72.3
2026-10-27 06:00:00,future,10639,15110.090574071715,82.52708453516632,5263.847707465029,22.22,71.0
2026-10-27 07:00:00,future,10640,18626.87337584616,88.94222154753429,5712.640813981565,23.05,69.4
2026-10-27 08:00:00,future,10641,20246.5525715014,92.27577649393133,5988.748695253587,24.01,67.5
2026-10-27 09:00:00,future,10642,17963.89619665723,89.14757985570913,5887.12709901747,25.05,65.4
2026-10-27 10:00:00,future,10643,14766.888797342912,84.48648122268358,5693.546645826995,26.08,63.3
2026-10-27 11:00:00,future,10644,13149.379023761092,82.42270233418486,5649.536467828646,27.05,61.4
2026-10-27 12:00:00,future,10645,12509.483624233631,81.89902622013317,5685.742645753051,27.88,59.7
2026-10-27 13:00:00,future,10646,12429.98000324932,82.17961383575722,5753.543383276502,28.51,58.5
2026-10-27 14:00:00,future,10647,13259.214817962256,83.82628497964667,5883.910765629789,28.91,57.7
2026-10-27 15:00:00,future,10648,15100.59786220771,86.99198220754657,6083.504736655408,29.05,57.4
2026-10-27 16:00:00,future,10649,17684.054776028668,91.21274505580098,6323.115110878008,28.91,57.7
2026-10-27 17:00:00,future,10650,21071.64593882815,96.6052927370364,6611.304853761028,28.51,58.5
2026-10-27 18:00:00,future,10651,22735.206569621565,98.96899824211094,6700.735728775509,27.88,59.7
2026-10-27 19:00:00,future,10652,20839.05016951261,95.25920025391297,6412.80406908665,27.05,61.4
2026-10-27 20:00:00,future,10653,17253.685977766603,88.63773375718642,5940.383172739573,26.08,63.3
2026-10-27 21:00:00,future,10654,13959.019133606616,82.46217093324579,5489.6077706471415,25.05,65.4
2026-10-27 22:00:00,future,10655,10906.046105223531,76.68351129155967,5061.62114585381,24.01,67.5
2026-10-27 23:00:00,future,10656,8855.74119173946,72.63110556125814,4742.7698686085005,23.05,69.4
2026-10-28 00:00:00,future,10657,6701.681299142705,66.78195869219142,4584.752789116805,22.75,71.0
2026-10-28 01:00:00,future,10658,5979.70527301501,65.19493259275637,4433.068837260698,22.12,72.2
2026-10-28 02:00:00,future,10659,5856.052362776887,64.74085714680436,4371.679196776747,21.72,73.0
2026-10-28 03:00:00,future,10660,6468.164467520799,65.66573667152399,4418.557450209046,21.58,73.3
2026-10-28 04:00:00,future,10661,7995.712262862828,68.27916850963908,4594.869836156076,21.72,73.0
2026-10-28 05:00:00,future,10662,10599.00850177156,72.83377888885786,4914.914218889698,22.12,72.2
2026-10-28 06:00:00,future,10663,14553.388767548558,79.76616508499185,5403.774358863741,22.75,71.0
2026-10-28 07:00:00,future,10664,18161.221587338216,86.25026952248149,5880.731319234033,23.58,69.3
2026-10-28 08:00:00,future,10665,19778.787109088007,89.53046767030025,6167.052909097808,24.55,67.4
2026-10-28 09:00:00,future,10666,17621.263617612083,86.60531810291454,6066.863860727226,25.58,65.3
2026-10-28 10:00:00,future,10667,14509.386273458444,82.10821311971243,5868.3372321334355,26.62,63.2
2026-10-28 11:00:00,future,10668,12846.547514116965,79.95743466458629,5811.263407432438,27.58,61.3
2026-10-28 12:00:00,future,10669,12144.751776886958,79.31479541150753,5838.67754415585,28.41,59.7
2026-10-28 13:00:00,future,10670,12154.251519318705,79.72985403279264,5917.2544719488105,29.05,58.4
2026-10-28 14:00:00,future,10671,13069.608312258964,81.49315382979822,6061.22774909964,29.45,57.6
2026-10-28 15:00:00,future,10672,14841.24089633048,84.50398380968021,6261.78864788698,29.58,57.3
2026-10-28 16:00:00,future,10673,17403.743180303245,88.66042310050953,6513.326857147697,29.45,57.6
2026-10-28 17:00:00,future,10674,20771.77035418857,93.98046685758666,6816.158797136552,29.05,58.4
2026-10-28 18:00:00,future,10675,22427.477147744074,96.31912587503173,6911.281676238464,28.41,59.7
2026-10-28 19:00:00,future,10676,20490.51699582002,92.59810904147454,6608.615564169527,27.58,61.3
2026-10-28 20:00:00,future,10677,16954.339161993972,86.15138118897117,6123.373370550885,26.62,63.2
2026-10-28 21:00:00,future,10678,13681.314196584122,80.08990516048507,5655.88273687379,25.58,65.3
2026-10-28 22:00:00,future,10679,10665.57343123104,74.46013452669793,5216.442025807593,24.55,67.4
2026-10-28 23:00:00,future,10680,8666.866812109805,70.54965122205655,4890.363124413769,23.58,69.3
2026-10-29 00:00:00,future,10681,6675.775196540477,66.52494055171367,4686.921621265361,22.57,71.9
2026-10-29 01:00:00,future,10682,5927.823154388394,64.90716793462327,4528.055706708472,21.93,73.2
2026-10-29 02:00:00,future,10683,5872.297826891072,64.56555093991328,4472.099400770774,21.53,74.0
2026-10-29 03:00:00,future,10684,6472.071951425579,65.45231936023224,4517.652831363155,21.39,74.3
2026-10-29 04:00:00,future,10685,8021.552446504318,68.0585110246876,4698.192160800772,21.53,74.0
2026-10-29 05:00:00,future,10686,10625.767304403696,72.5422481371985,5022.260139096701,21.93,73.2
2026-10-29 06:00:00,future,10687,14656.657287175449,79.4954384766615,5526.477643562218,22.57,71.9
2026-10-29 07:00:00,future,10688,18270.714861689637,85.88431429289561,6009.397961684268,23.39,70.3
2026-10-29 08:00:00,future,10689,19949.92180937827,89.22294508794388,6307.573165426457,24.36,68.3
2026-10-29 09:00:00,future,10690,17737.148903455964,86.27405227672254,6203.845361480179,25.39,66.3
2026-10-29 10:00:00,future,10691,14570.73843824658,81.7815959221813,6001.0516841644585,26.43,64.2
2026-10-29 11:00:00,future,10692,12891.51707335139,79.65583790538695,5944.681139132462,27.39,62.3
2026-10-29 12:00:00,future,10693,12322.926813818442,79.25337548462959,5988.856962969927,28.22,60.6
2026-10-29 13:00:00,future,10694,12455.608549017115,79.87121323875722,6082.998967854061,28.86,59.3
2026-10-29 14:00:00,future,10695,13478.647862045524,81.78523012600722,6240.733771955793,29.26,58.5
2026-10-29 15:00:00,future,10696,15326.881420940026,84.87066964873328,6451.447815134401,29.39,58.3
2026-10-29 16:00:00,future,10697,18054.098353953308,89.22123412118337,6722.052374533552,29.26,58.5
2026-10-29 17:00:00,future,10698,21390.897435784856,94.39280930401239,7022.954665815162,28.86,59.3
2026-10-29 18:00:00,future,10699,23064.59691050448,96.71069512891161,7118.836546277031,28.22,60.6
2026-10-29 19:00:00,future,10700,20992.98283785084,92.82230793891624,6796.922068740804,27.39,62.3
2026-10-29 20:00:00,future,10701,17369.8260918939,86.33066207690894,6295.5042108236285,26.43,64.2
2026-10-29 21:00:00,future,10702,14025.20046055373,80.24140838731181,5813.363628470881,25.39,66.3
2026-10-29 22:00:00,future,10703,10958.962192398802,74.61087317271482,5361.761135259953,24.36,68.3
2026-10-29 23:00:00,future,10704,8815.682846696795,70.5180337567271,5014.767420968528,23.39,70.3
2026-10-30 00:00:00,future,10705,6698.928130174025,67.97777143497558,4795.768742228013,22.83,69.3
2026-10-30 01:00:00,future,10706,5854.492020805375,66.13247133114754,4622.547032322531,22.2,70.6
2026-10-30 02:00:00,future,10707,5740.935115546961,65.68543621238565,4559.539918460361,21.8,71.4
2026-10-30 03:00:00,future,10708,6253.134335748209,66.47534521081543,4598.840867143566,21.66,71.7
2026-10-30 04:00:00,future,10709,7729.612522397576,69.09525085956216,4780.598878704138,21.8,71.4
2026-10-30 05:00:00,future,10710,10388.0906420695,73.90584419190074,5126.496337487314,22.2,70.6
2026-10-30 06:00:00,future,10711,14421.556586251589,81.21910033705097,5654.206722650925,22.83,69.3
2026-10-30 07:00:00,future,10712,17936.976925385035,87.7702725133165,6149.523922078538,23.66,67.7
2026-10-30 08:00:00,future,10713,19408.23183586126,90.90480457901813,6435.248673556509,24.63,65.8
2026-10-30 09:00:00,future,10714,17125.5727105426,87.64067141959417,6311.250549453984,25.66,63.7
2026-10-30 10:00:00,future,10715,14060.863692815496,83.04193258065352,6101.580317759967,26.7,61.6
2026-10-30 11:00:00,future,10716,12454.54332961011,80.89330196454327,6043.945940688537,27.66,59.7
2026-10-30 12:00:00,future,10717,11767.11933963486,80.23821730708086,6072.080079525865,28.49,58.0
2026-10-30 13:00:00,future,10718,11692.303133658035,80.5136625000452,6144.378427487133,29.13,56.8
2026-10-30 14:00:00,future,10719,12606.765567650258,82.33394166204589,6296.41322518857,29.53,56.0
2026-10-30 15:00:00,future,10720,14498.738183874138,85.65995176539064,6523.097485205005,29.66,55.7
2026-10-30 16:00:00,future,10721,17190.357779985014,90.19303424712963,6805.91975709252,29.53,56.0
2026-10-30 17:00:00,future,10722,20471.60132880404,95.56677240847786,7120.274530094604,29.13,56.8
2026-10-30 18:00:00,future,10723,22067.413051665088,97.89924782339881,7217.048192676437,28.49,58.0
2026-10-30 19:00:00,future,10724,19991.035626737987,93.81547915354072,6881.69325221792,27.66,59.7
2026-10-30 20:00:00,future,10725,16495.62336761369,87.21660624712277,6372.225240008434,26.7,61.6
2026-10-30 21:00:00,future,10726,13354.208288294025,81.17423618855844,5892.030270181575,25.66,63.7
2026-10-30 22:00:00,future,10727,10501.024099884387,75.6323791474462,5445.1343020614195,24.63,65.8
2026-10-30 23:00:00,future,10728,8524.113973086283,71.63084343545378,5103.201532140189,23.66,67.7
2026-10-31 00:00:00,future,10729,6245.857430611781,69.10951277992571,4669.537013426616,22.43,72.9
2026-10-31 01:00:00,future,10730,5363.755450796685,66.99945394174685,4485.60131296311,21.8,74.2
2026-10-31 02:00:00,future,10731,5094.221293333533,66.22034066715837,4403.669419503541,21.4,75.0
2026-10-31 03:00:00,future,10732,5565.410123302975,67.03888722661708,4442.834953347763,21.26,75.2
2026-10-31 04:00:00,future,10733,6908.5039987816535,69.72117303862902,4621.314697605896,21.4,75.0
2026-10-31 05:00:00,future,10734,9420.37554099946,74.82709121563705,4972.242234489016,21.8,74.2
2026-10-31 06:00:00,future,10735,13004.632074675044,82.15121625555217,5480.3342406839665,22.43,72.9
2026-10-31 07:00:00,future,10736,16124.9914564516,88.70971792033038,5957.5751374386455,23.26,71.2
2026-10-31 08:00:00,future,10737,17297.820138673356,91.60092988717334,6218.545335969168,24.23,69.3
2026-10-31 09:00:00,future,10738,15218.449549267832,88.2555648425024,6096.814373466616,25.26,67.2
2026-10-31 10:00:00,future,10739,12553.108196670668,83.78598857954024,5906.029040428674,26.3,65.2
2026-10-31 11:00:00,future,10740,11174.33213583438,81.74715910205023,5859.663264387824,27.26,63.2
2026-10-31 12:00:00,future,10741,10633.543770789562,81.24112528384076,5897.704957436297,28.09,61.6
2026-10-31 13:00:00,future,10742,10623.544596227852,81.636264972636,5975.862223399628,28.73,60.3
2026-10-31 14:00:00,future,10743,11454.882458890406,83.49943234291098,6125.189304659798,29.13,59.5
2026-10-31 15:00:00,future,10744,13190.06336596866,86.93181213017326,6349.464707591515,29.26,59.2
2026-10-31 16:00:00,future,10745,15590.73909096344,91.4799641188266,6621.335613157335,29.13,59.5
2026-10-31 17:00:00,future,10746,18402.956103556215,96.6473850996504,6909.097256672433,28.73,60.3
2026-10-31 18:00:00,future,10747,19653.5871485121,98.64616351408779,6979.768873685138,28.09,61.6
2026-10-31 19:00:00,future,10748,17734.459415385307,94.40555344834209,6646.630324073297,27.26,63.2
2026-10-31 20:00:00,future,10749,14653.628110573976,87.83914307934855,6158.011953261492,26.3,65.2
2026-10-31 21:00:00,future,10750,11905.66126702675,81.86322233520075,5699.405124721946,25.26,67.2
2026-10-31 22:00:00,future,10751,9378.760338808115,76.32034499501201,5268.557791428722,24.23,69.3
2026-10-31 23:00:00,future,10752,7662.282444585446,72.38010976714024,4942.370257374494,23.26,71.2
2026-11-01 00:00:00,future,10753,6131.70302478976,64.63540803321374,4804.365640798542,22.83,71.2
2026-11-01 01:00:00,future,10754,5476.388164156673,63.1950402056591,4659.017112271977,22.28,72.5
2026-11-01 02:00:00,future,10755,5457.081968295435,62.948062257755446,4611.973634049688,21.93,73.3
2026-11-01 03:00:00,future,10756,6136.896164802963,64.01911741110203,4674.290873025034,21.81,73.6
2026-11-01 04:00:00,future,10757,7622.360354511573,66.5936950571052,4859.424219742173,21.93,73.3
2026-11-01 05:00:00,future,10758,9920.501482311203,70.67749852595101,5166.895660573955,22.28,72.5
2026-11-01 06:00:00,future,10759,13748.57013893701,77.4597639019061,5674.830261207591,22.83,71.2
2026-11-01 07:00:00,future,10760,17117.698637420202,83.57962172546655,6153.375737714521,23.56,69.6
2026-11-01 08:00:00,future,10761,18819.95008439738,86.96040004122202,6455.520198600567,24.4,67.7
2026-11-01 09:00:00,future,10762,16853.534690459943,84.20721715025513,6347.372484252443,25.31,65.6
2026-11-01 10:00:00,future,10763,13900.819086080965,79.78729395312068,6125.228149184545,26.21,63.5
2026-11-01 11:00:00,future,10764,12335.796024292556,77.67316000900803,6055.26565988007,27.06,61.6
2026-11-01 12:00:00,future,10765,11787.22595051286,77.1907449483053,6084.810829236733,27.78,59.9
2026-11-01 13:00:00,future,10766,11811.296768984534,77.57442850104603,6159.301100127417,28.34,58.7
2026-11-01 14:00:00,future,10767,12595.377804891245,79.10904145179079,6293.743955398322,28.69,57.9
2026-11-01 15:00:00,future,10768,14190.516597654523,81.86827587573858,6491.411046013811,28.81,57.6
2026-11-01 16:00:00,future,10769,16629.298544298475,85.90086732100823,6754.745208612575,28.69,57.9
2026-11-01 17:00:00,future,10770,19966.702828221452,91.30551084631725,7091.31059080764,28.34,58.7
2026-11-01 18:00:00,future,10771,21610.546822949975,93.73005970758493,7207.431605763119,27.78,59.9
2026-11-01 19:00:00,future,10772,19705.261261657735,90.08097064159635,6897.456899969591,27.06,61.6
2026-11-01 20:00:00,future,10773,16249.911684205344,83.74241080042712,6393.685241331278,26.21,63.5
2026-11-01 21:00:00,future,10774,13035.142694170012,77.77827240529079,5911.002111786574,25.31,65.6
2026-11-01 22:00:00,future,10775,10124.879230964758,72.3206956513682,5461.837174276152,24.4,67.7
2026-11-01 23:00:00,future,10776,8262.989033968612,68.6711369945623,5141.449007433922,23.56,69.6
2026-11-02 00:00:00,future,10777,6087.843337143513,76.41395306294491,4487.9025695938335,22.08,72.7
2026-11-02 01:00:00,future,10778,5366.396001686542,74.48607939396358,4338.79488245801,21.53,73.9
2026-11-02 02:00:00,future,10779,5225.15966427861,73.92936829736837,4279.924293977097,21.18,74.7
2026-11-02 03:00:00,future,10780,5623.01509178426,74.67932992677636,4310.306129829421,21.06,75.0
2026-11-02 04:00:00,future,10781,6953.348540314373,77.5726894396345,4475.738128168074,21.18,74.7
2026-11-02 05:00:00,future,10782,9504.169448551456,83.20922169045315,4807.628639508223,21.53,73.9
2026-11-02 06:00:00,future,10783,13206.980840804992,91.42232659286039,5294.542185237261,22.08,72.7
2026-11-02 07:00:00,future,10784,16452.95275086956,98.80551449593433,5751.739406327649,22.81,71.0
2026-11-02 08:00:00,future,10785,17677.106372304857,102.007747228419,5993.32557885875,23.65,69.1
2026-11-02 09:00:00,future,10786,15507.677337136687,98.10751269415819,5858.972670213062,24.56,67.0
2026-11-02 10:00:00,future,10787,12821.394973880111,93.11026305385337,5664.832487261431,25.46,64.9
2026-11-02 11:00:00,future,10788,11557.746536395069,91.07517750526779,5625.761032553709,26.31,63.0
2026-11-02 12:00:00,future,10789,11084.213754359738,90.60960714064979,5660.291983957401,27.03,61.3
2026-11-02 13:00:00,future,10790,10990.32602840057,90.8260123105168,5718.242265664872,27.59,60.1
2026-11-02 14:00:00,future,10791,11639.936687344132,92.45446443005194,5834.714616594619,27.94,59.3
2026-11-02 15:00:00,future,10792,13080.25337947509,95.57968764847051,6012.6083550386975,28.06,59.0
2026-11-02 16:00:00,future,10793,15506.94534841185,100.6067877134375,6272.869151248456,27.94,59.3
2026-11-02 17:00:00,future,10794,18543.056441936184,106.7484747097605,6574.010475605953,27.59,60.1
2026-11-02 18:00:00,future,10795,19884.168625029233,109.16143447612123,6657.377966761572,27.03,61.3
2026-11-02 19:00:00,future,10796,18044.3506132312,104.75006113769645,6360.73093820297,26.31,63.0
2026-11-02 20:00:00,future,10797,14933.427557371902,97.56279313970919,5904.13804225289,25.46,64.9
2026-11-02 21:00:00,future,10798,12116.46814520337,90.9582570091203,5474.72897808875,24.56,67.0
2026-11-02 22:00:00,future,10799,9677.647205666324,85.14350332970662,5086.940407310388,23.65,69.1
2026-11-02 23:00:00,future,10800,8114.600615984502,81.22682558875151,4806.955693732699,22.81,71.0
2026-11-03 00:00:00,future,10801,6648.466229932707,69.72653089334229,4494.482981011769,22.57,72.8
2026-11-03 01:00:00,future,10802,5983.931039786263,68.23034247390878,4361.462799939003,22.02,74.1
2026-11-03 02:00:00,future,10803,5832.038801473188,67.73894229433033,4303.951159321955,21.67,74.9
2026-11-03 03:00:00,future,10804,6531.824251863573,68.8487129788085,4359.525108132631,21.55,75.2
2026-11-03 04:00:00,future,10805,8187.348468695756,71.74323188331516,4539.814018004693,21.67,74.9
2026-11-03 05:00:00,future,10806,10877.089052580444,76.54925779980505,4851.4681070733905,22.02,74.1
2026-11-03 06:00:00,future,10807,15069.436630352282,84.04312143462467,5337.766638853607,22.57,72.8
2026-11-03 07:00:00,future,10808,18586.363684528624,90.50860886627524,5778.182750100797,23.3,71.2
2026-11-03 08:00:00,future,10809,20206.34326672657,93.82235452263907,6041.931415216427,24.14,69.3
2026-11-03 09:00:00,future,10810,17923.92900321381,90.54822791428585,5923.351003365901,25.05,67.2
2026-11-03 10:00:00,future,10811,14726.856562453617,85.71908021142373,5713.175887258282,25.96,65.1
2026-11-03 11:00:00,future,10812,13109.216479039196,83.52851070255836,5652.706365574179,26.8,63.2
2026-11-03 12:00:00,future,10813,12469.290833786545,82.92022220991127,5675.642855074044,27.52,61.5
2026-11-03 13:00:00,future,10814,12389.73560711532,83.1580356820607,5735.3577433981345,28.08,60.3
2026-11-03 14:00:00,future,10815,13218.752653738262,84.80062368975855,5860.677280019489,28.43,59.5
2026-11-03 15:00:00,future,10816,15059.940280271308,88.01079113461077,6059.558693108537,28.55,59.2
2026-11-03 16:00:00,future,10817,17643.17093562863,92.32262910163273,6303.742562898159,28.43,59.5
2026-11-03 17:00:00,future,10818,21031.014277696337,97.84917489728241,6600.703272387897,28.08,60.3
2026-11-03 18:00:00,future,10819,22694.804988530286,100.30473875212111,6699.635170650423,27.52,61.5
2026-11-03 19:00:00,future,10820,20798.85039353403,96.60174750679838,6422.753320561309,26.8,63.2
2026-11-03 20:00:00,future,10821,17213.433582127374,89.94653896585157,5962.183978362778,25.96,65.1
2026-11-03 21:00:00,future,10822,13918.69893185556,83.73888929549551,5522.263610290061,25.05,67.2
2026-11-03 22:00:00,future,10823,10865.72564737266,77.94226095856304,5106.553445931768,24.14,69.3
2026-11-03 23:00:00,future,10824,8815.54211861698,73.8971205271025,4799.723765158712,23.3,71.2
2026-11-04 00:00:00,future,10825,6661.13564952542,68.01315782373653,4653.053917905913,23.11,70.8
2026-11-04 01:00:00,future,10826,5939.030717887674,66.44189890104677,4508.781704729463,22.55,72.0
2026-11-04 02:00:00,future,10827,5815.204221847187,66.01152160292501,4453.075054531595,22.2,72.8
2026-11-04 03:00:00,future,10828,6426.796247737539,66.9657138618267,4502.804586800911,22.08,73.1
2026-11-04 04:00:00,future,10829,7953.989927272632,69.61433331038032,4678.151272268898,22.2,72.8
2026-11-04 05:00:00,future,10830,10557.570991594375,74.22188869958265,4994.816174492544,22.55,72.0
2026-11-04 06:00:00,future,10831,14511.94511408342,81.23794616048296,5479.23790444394,23.11,70.8
2026-11-04 07:00:00,future,10832,18119.90752568679,87.77185840148931,5946.713712884825,23.83,69.1
2026-11-04 08:00:00,future,10833,19737.300960273045,91.03501103778466,6220.56194364215,24.68,67.2
2026-11-04 09:00:00,future,10834,17579.554542655595,87.97057689075714,6103.227912632143,25.58,65.1
2026-11-04 10:00:00,future,10835,14467.730135833055,83.3053231002795,5886.710297795719,26.49,63.0
2026-11-04 11:00:00,future,10836,12805.03235760346,81.03678353758528,5814.157130755005,27.33,61.1
2026-11-04 12:00:00,future,10837,12103.19674855522,80.31712308673227,5829.308425659992,28.06,59.5
2026-11-04 13:00:00,future,10838,12112.578705586704,80.68145424218764,5897.35756284468,28.61,58.2
2026-11-04 14:00:00,future,10839,13027.758422958694,82.44487610074069,6036.342677780603,28.96,57.4
2026-11-04 15:00:00,future,10840,14799.369382861598,85.50521956492605,6237.4107419146585,29.08,57.1
2026-11-04 16:00:00,future,10841,17362.035681014986,89.74602123607168,6492.462582357048,28.96,57.4
2026-11-04 17:00:00,future,10842,20730.21008391881,95.19796383996105,6804.238449307061,28.61,58.2
2026-11-04 18:00:00,future,10843,22385.90433291134,97.63847471877355,6911.414466164496,28.06,59.5
2026-11-04 19:00:00,future,10844,20448.825658645674,93.91285051545262,6618.55566446509,27.33,61.1
2026-11-04 20:00:00,future,10845,16912.513077471092,87.42359104174605,6143.9882926395785,26.49,63.0
2026-11-04 21:00:00,future,10846,13639.487738670858,81.33348427622215,5688.592948678714,25.58,65.1
2026-11-04 22:00:00,future,10847,10623.830162197808,75.68325363470902,5261.501139894113,24.68,67.2
2026-11-04 23:00:00,future,10848,8625.261225163214,71.77800601931763,4947.539708376396,23.83,69.1
2026-11-05 00:00:00,future,10849,6633.941214960814,67.74296619181719,4754.711077694724,22.92,71.7
2026-11-05 01:00:00,future,10850,5885.901173783988,66.14721028608699,4604.785553602855,22.36,73.0
2026-11-05 02:00:00,future,10851,5830.231524190453,65.83171020721922,4554.786892660165,22.01,73.8
2026-11-05 03:00:00,future,10852,6429.518732044893,66.75366906092191,4604.52413224866,21.9,74.1
2026-11-05 04:00:00,future,10853,7978.64177870224,69.38851181732255,4782.769402821728,22.01,73.8
2026-11-05 05:00:00,future,10854,10583.031355017683,73.92354637291761,5103.230171908142,22.36,73.0
2026-11-05 06:00:00,future,10855,14613.80198554678,80.95402845407139,5601.508697189139,22.92,71.7
2026-11-05 07:00:00,future,10856,18227.88402602657,87.40313910892996,6076.98525833782,23.65,70.1
2026-11-05 08:00:00,future,10857,19906.926622891093,90.71888566619637,6360.978771794946,24.49,68.1
2026-11-05 09:00:00,future,10858,17694.019344537774,87.63598000484635,6240.789092462818,25.4,66.1
2026-11-05 10:00:00,future,10859,14527.735410717894,82.96833013863767,6018.170346006734,26.3,64.0
2026-11-05 11:00:00,future,10860,12848.661851286037,80.73092694283604,5947.070927842462,27.15,62.1
2026-11-05 12:00:00,future,10861,12280.058241165276,80.2490093629155,5977.434351517101,27.87,60.4
2026-11-05 13:00:00,future,10862,12412.66852543232,80.82589024434098,6062.052413724649,28.43,59.1
2026-11-05 14:00:00,future,10863,13435.56755191128,82.74268737428201,6214.690401016324,28.78,58.3
2026-11-05 15:00:00,future,10864,15283.77847542753,85.87906623953772,6425.933680187978,28.9,58.1
2026-11-05 16:00:00,future,10865,18011.15567836152,90.3178044549935,6700.237360375173,28.78,58.3
2026-11-05 17:00:00,future,10866,21348.02764474377,95.61882824846562,7010.244499913772,28.43,59.1
2026-11-05 18:00:00,future,10867,23021.694874113324,98.03233095662883,7117.3029020791055,27.87,60.4
2026-11-05 19:00:00,future,10868,20949.9661563305,94.14304510583895,6806.755751617623,27.15,62.1
2026-11-05 20:00:00,future,10869,17326.70938889261,87.60217282827399,6315.188623629028,26.3,64.0
2026-11-05 21:00:00,future,10870,13982.07592165987,81.49067032045143,5846.889381107309,25.4,66.1
2026-11-05 22:00:00,future,10871,10915.871344014144,75.8337398588353,5406.87638507666,24.49,68.1
2026-11-05 23:00:00,future,10872,8772.665842110697,71.74954818522036,5073.627370258735,23.65,70.1
2026-11-06 00:00:00,future,10873,6655.709344817674,69.22319228506325,4865.530950857063,23.19,69.1
2026-11-06 01:00:00,future,10874,5811.199646720709,67.38912244697526,4699.892284795367,22.63,70.4
2026-11-06 02:00:00,future,10875,5697.096209433493,66.96558375814597,4642.765915769743,22.28,71.2
2026-11-06 03:00:00,future,10876,6208.900404330041,67.78282998080581,4684.96554146268,22.16,71.5
2026-11-06 04:00:00,future,10877,7685.077753721152,70.4385617520393,4865.716345421185,22.28,71.2
2026-11-06 05:00:00,future,10878,10343.82251339733,75.30755585286799,5208.222062039658,22.63,70.4
2026-11-06 06:00:00,future,10879,14377.314484159868,82.71273639251534,5731.502362091667,23.19,69.1
2026-11-06 07:00:00,future,10880,17892.80420087295,89.31546580479205,6216.954188405956,23.91,67.5
2026-11-06 08:00:00,future,10881,19363.790940800805,92.42974984209819,6489.582096472057,24.76,65.6
2026-11-06 09:00:00,future,10882,17080.954661983735,89.01818249508464,6347.554787779952,25.66,63.5
2026-11-06 10:00:00,future,10883,14016.352251113782,84.24728560303595,6119.11964085596,26.57,61.4
2026-11-06 11:00:00,future,10884,12410.193023972097,81.97942975919949,6045.381696191553,27.41,59.5
2026-11-06 12:00:00,future,10885,11722.7319618137,81.24606438654833,6060.742752650744,28.14,57.8
2026-11-06 13:00:00,future,10886,11647.765206366734,81.47382077658798,6123.26292097736,28.7,56.6
2026-11-06 14:00:00,future,10887,12562.049965499044,83.28886010836099,6268.862376017522,29.04,55.8
2026-11-06 15:00:00,future,10888,14453.994715596084,86.67093214033736,6496.24113831337,29.16,55.5
2026-11-06 16:00:00,future,10889,17145.75347935725,91.29653074288156,6782.920804148303,29.04,55.8
2026-11-06 17:00:00,future,10890,20427.11008210345,96.8112224953546,7107.858938846863,28.7,56.6
2026-11-06 18:00:00,future,10891,22022.948378649067,99.24040897732078,7215.903212884874,28.14,57.8
2026-11-06 19:00:00,future,10892,19946.484424373222,95.14523316636303,6890.570330123246,27.41,59.5
2026-11-06 20:00:00,future,10893,16450.983720955577,88.50055522834856,6392.161477589233,26.57,61.4
2026-11-06 21:00:00,future,10894,13309.589204131087,82.42965591661232,5924.59937774764,25.66,63.5
2026-11-06 22:00:00,future,10895,10456.488982403764,76.86880875823083,5490.63580123804,24.76,65.6
2026-11-06 23:00:00,future,10896,8479.642828900915,72.8707948812801,5161.27619265699,23.91,67.5
2026-11-07 00:00:00,future,10897,6201.131084918627,70.37239563240308,4738.635229351212,22.79,72.7
2026-11-07 01:00:00,future,10898,5318.837505318047,68.26871200515323,4561.941895529314,22.23,74.0
2026-11-07 02:00:00,future,10899,5048.7633588164645,67.50733594326614,4485.585166172642,21.88,74.8
2026-11-07 03:00:00,future,10900,5519.575723060687,68.3545033920023,4527.642558002823,21.76,75.0
2026-11-07 04:00:00,future,10901,6862.388821161571,71.07468812182599,4705.2409168281665,21.88,74.8
2026-11-07 05:00:00,future,10902,9374.410008092336,76.24591330909382,5053.129211174356,22.23,74.0
2026-11-07 06:00:00,future,10903,12958.613579509978,83.66418073310946,5557.0621431263025,22.79,72.7
2026-11-07 07:00:00,future,10904,16079.02964899821,90.2754009970157,6024.776713311988,23.51,71.0
2026-11-07 08:00:00,future,10905,17251.82920728028,93.14119568484764,6272.819031481853,24.36,69.1
2026-11-07 09:00:00,future,10906,15172.376188806184,89.64277583078399,6133.202738255321,25.26,67.0
2026-11-07 10:00:00,future,10907,12507.119006135574,84.99867069069258,5923.884312201607,26.17,65.0
2026-11-07 11:00:00,future,10908,11128.439742681972,82.83919997655721,5861.659324303224,27.01,63.0
2026-11-07 12:00:00,future,10909,10587.625746726131,82.25545547716777,5887.194092512507,27.74,61.4
2026-11-07 13:00:00,future,10910,10577.544943397324,82.59728721153327,5954.561184718724,28.29,60.1
2026-11-07 14:00:00,future,10911,11408.726689564575,84.46234672936696,6098.875997793361,28.64,59.3
2026-11-07 15:00:00,future,10912,13143.875482268211,87.95424514756056,6323.991770382566,28.76,59.0
2026-11-07 16:00:00,future,10913,15544.655920242629,92.59760754134884,6599.795652200951,28.64,59.3
2026-11-07 17:00:00,future,10914,18356.97452013227,97.89921455249241,6896.760375691674,28.29,60.1
2026-11-07 18:00:00,future,10915,19607.595872248676,99.99749248861363,6979.640327938732,27.74,61.4
2026-11-07 19:00:00,future,10916,17688.359850901546,95.74238521248584,6656.158632748117,27.01,63.0
2026-11-07 20:00:00,future,10917,14607.435724562964,89.12993680749011,6178.262437663064,26.17,65.0
2026-11-07 21:00:00,future,10918,11859.450464328604,83.12634063178746,5731.960474080686,25.26,67.0
2026-11-07 22:00:00,future,10919,9332.568259194792,77.56422382252777,5313.684279403867,24.36,69.1
2026-11-07 23:00:00,future,10920,7616.133092117279,73.62911261171787,4999.799983266495,23.51,71.0
2026-11-08 00:00:00,future,10921,6087.3121496476515,64.68995922071703,4819.160899965976,22.84,71.0
2026-11-08 01:00:00,future,10922,5431.263163390651,63.23655671912675,4671.697777049097,22.28,72.3
2026-11-08 02:00:00,future,10923,5413.212793236228,62.99127560869889,4624.634168863773,21.93,73.1
2026-11-08 03:00:00,future,10924,6093.861739413304,64.06907175553255,4687.524906990051,21.81,73.4
2026-11-08 04:00:00,future,10925,7580.132547337565,66.65695685112676,4873.957725187445,21.93,73.1
2026-11-08 05:00:00,future,10926,9877.568708793842,70.75817296958496,5183.285116166475,22.28,72.3
2026-11-08 06:00:00,future,10927,13706.353559519828,77.5787508469821,5695.799961699231,22.84,71.0
2026-11-08 07:00:00,future,10928,17072.402767403037,83.71470917978598,6175.638292463368,23.56,69.4
2026-11-08 08:00:00,future,10929,18773.09869832153,87.1132266888065,6480.572154183349,24.41,67.5
2026-11-08 09:00:00,future,10930,16806.38951003576,84.33843698081506,6369.964836779539,25.31,65.4
2026-11-08 10:00:00,future,10931,13855.191895394151,79.90436783174584,6147.368630199523,26.22,63.3
2026-11-08 11:00:00,future,10932,12291.725256271597,77.77491189274329,6075.445970925414,27.06,61.4
2026-11-08 12:00:00,future,10933,11744.025442372444,77.29629163298272,6106.257703724995,27.79,59.7
2026-11-08 13:00:00,future,10934,11769.394783103173,77.67666597946011,6179.870140088564,28.34,58.5
2026-11-08 14:00:00,future,10935,12555.021066824796,79.22042093654392,6315.250242761857,28.69,57.7
2026-11-08 15:00:00,future,10936,14150.407538620726,81.99289212101033,6514.2377969228755,28.81,57.4
2026-11-08 16:00:00,future,10937,16589.834694549994,86.04593471196218,6779.491745412637,28.69,57.7
2026-11-08 17:00:00,future,10938,19925.396746614933,91.47380976120988,7118.291330387291,28.34,58.5
2026-11-08 18:00:00,future,10939,21568.56021840113,93.91601775616084,7236.6585618780955,27.79,59.7
2026-11-08 19:00:00,future,10940,19662.620955806346,90.24392651801364,6923.533642663404,27.06,61.4
2026-11-08 20:00:00,future,10941,16208.3627034785,83.88512165296937,6418.122041071425,26.22,63.3
2026-11-08 21:00:00,future,10942,12994.416558014482,77.88989281095407,5931.363152887582,25.31,65.4
2026-11-08 22:00:00,future,10943,10085.058734599916,72.41605801507043,5480.935219249599,24.41,67.5
2026-11-08 23:00:00,future,10944,8223.040884977889,68.74463943056486,5157.4398236251,23.56,69.4
2026-11-09 00:00:00,future,10945,6047.166485175469,76.47080718048032,4502.525544316517,22.09,72.5
2026-11-09 01:00:00,future,10946,5324.5275918300795,74.52534391208266,4351.241940374778,21.53,73.7
2026-11-09 02:00:00,future,10947,5183.447191045694,73.9672713037134,4292.128897324445,21.18,74.5
2026-11-09 03:00:00,future,10948,5580.54524031549,74.71951608995049,4322.6942501605545,21.06,74.8
2026-11-09 04:00:00,future,10949,6909.797014260075,77.62399700769312,4489.123739424992,21.18,74.5
2026-11-09 05:00:00,future,10950,9460.423180319014,83.28592968909737,4823.191534508428,21.53,73.7
2026-11-09 06:00:00,future,10951,13163.437877603605,91.54437579749171,5314.567657939702,22.09,72.5
2026-11-09 07:00:00,future,10952,16409.904699983083,98.95427872949341,5773.510489051131,22.81,70.8
2026-11-09 08:00:00,future,10953,17634.873397888663,102.17856625727981,6017.755652980696,23.66,68.9
2026-11-09 09:00:00,future,10954,15466.006510771933,98.25112132217664,5880.873042968663,24.56,66.8
2026-11-09 10:00:00,future,10955,12779.532332365718,93.23469597755488,5686.154925187029,25.47,64.7
2026-11-09 11:00:00,future,10956,11515.766764791842,91.17998084575615,5645.180109341209,26.31,62.8
2026-11-09 12:00:00,future,10957,11041.899888768412,90.71694115025728,5680.822348853265,27.04,61.1
2026-11-09 13:00:00,future,10958,10947.67159616566,90.92472301455933,5737.663755666323,27.59,59.9
2026-11-09 14:00:00,future,10959,11596.667437468805,92.55865372643562,5854.735342610801,27.94,59.1
2026-11-09 15:00:00,future,10960,13036.726790874094,95.69784543023161,6033.809153046924,28.06,58.8
2026-11-09 16:00:00,future,10961,15463.405564122564,100.7491146099464,6295.9712129201125,27.94,59.1
2026-11-09 17:00:00,future,10962,18500.507094497665,106.92301451567377,6599.52246842419,27.59,59.9
2026-11-09 18:00:00,future,10963,19842.137768594883,109.35745978881435,6685.022916010495,27.04,61.1
2026-11-09 19:00:00,future,10964,18002.46989047092,104.92000835048896,6385.381800106863,26.31,62.8
2026-11-09 20:00:00,future,10965,14891.17930469431,97.70755174387193,5927.1162623923865,25.47,64.7
2026-11-09 21:00:00,future,10966,12073.935848164858,91.06609322713193,5493.80176947093,24.56,66.8
2026-11-09 22:00:00,future,10967,9635.04685920676,85.23346571160411,5104.890517173453,23.66,68.9
2026-11-09 23:00:00,future,10968,8072.021875977402,81.29311293950144,4822.069542215936,22.81,70.8
2026-11-10 00:00:00,future,10969,6605.288086994107,69.78181429005258,4508.64417525057,22.58,72.6
2026-11-10 01:00:00,future,10970,5940.643380688167,68.27330395305538,4373.733046847791,22.02,73.9
2026-11-10 02:00:00,future,10971,5788.614932764103,67.78027256519452,4315.966927413735,21.67,74.7
2026-11-10 03:00:00,future,10972,6488.163578855948,68.90159872444491,4373.157343885682,21.56,75.0
2026-11-10 04:00:00,future,10973,8143.402281986866,71.80174811521586,4553.37586716387,21.67,74.7
2026-11-10 05:00:00,future,10974,10832.700924343948,76.62789690923154,4866.948790944308,22.02,73.9
2026-11-10 06:00:00,future,10975,15025.186478385973,84.1612084743396,5357.535753746606,22.58,72.6
2026-11-10 07:00:00,future,10976,18542.552689899967,90.65492521516414,5800.670453473066,23.31,71.0
2026-11-10 08:00:00,future,10977,20162.717298629963,93.98197948034523,6065.867732234479,24.15,69.1
2026-11-10 09:00:00,future,10978,17880.30343390844,90.69094025167658,5946.095975448652,25.06,67.0
2026-11-10 10:00:00,future,10979,14682.929148353223,85.8306748362168,5732.865656021584,25.96,64.9
2026-11-10 11:00:00,future,10980,13065.043158973243,83.63449648201964,5672.816197727651,26.81,63.0
2026-11-10 12:00:00,future,10981,12425.025068882736,83.02161723337048,5695.592151656887,27.53,61.3
2026-11-10 13:00:00,future,10982,12345.40500808396,83.25908177311474,5755.466734059012,28.09,60.1
2026-11-10 14:00:00,future,10983,13174.302947483502,84.90806217328134,5881.474628434421,28.44,59.3
2026-11-10 15:00:00,future,10984,15015.485152114084,88.13243203191027,6081.652451698083,28.56,59.0
2026-11-10 16:00:00,future,10985,17598.588689436998,92.4638004625356,6327.529762667884,28.44,59.3
2026-11-10 17:00:00,future,10986,20986.75122461927,98.01666170513552,6626.68461450101,28.09,60.1
2026-11-10 18:00:00,future,10987,22650.76395514733,100.4850025898396,6726.548016079677,27.53,61.3
2026-11-10 19:00:00,future,10988,20754.88537748747,96.76711012353765,6448.10373634377,26.81,63.0
2026-11-10 20:00:00,future,10989,17169.34335495688,90.0769410404168,5983.545175241987,25.96,64.9
2026-11-10 21:00:00,future,10990,13874.532161320036,83.84993559067854,5542.235341909637,25.06,67.0
2026-11-10 22:00:00,future,10991,10821.580657370352,78.02930646100316,5124.097195377059,24.15,69.1
2026-11-10 23:00:00,future,10992,8771.48887034615,73.96802809003583,4815.5547901003865,23.31,71.0
2026-11-11 00:00:00,future,10993,6616.774210561928,68.06127968928556,4665.880889935951,23.11,70.6
2026-11-11 01:00:00,future,10994,5894.606205347762,66.49019581279524,4522.093150393457,22.56,71.8
2026-11-11 02:00:00,future,10995,5770.701380321372,66.05848137986156,4466.155355289626,22.21,72.6
2026-11-11 03:00:00,future,10996,6381.8445922758165,67.01666153812621,4516.229548666142,22.09,72.9
2026-11-11 04:00:00,future,10997,7908.733892350041,69.6768935291326,4692.684189594303,22.21,72.6
2026-11-11 05:00:00,future,10998,10512.497534319722,74.30552789720345,5011.3680018339155,22.56,71.8
2026-11-11 06:00:00,future,10999,14466.819932812075,81.3467188273328,5497.608984197924,23.11,70.6
2026-11-11 07:00:00,future,11000,18074.883080768253,87.916080103438,5969.179588399895,23.84,68.9
2026-11-11 08:00:00,future,11001,19692.14807395824,91.18598601315914,6243.275651946474,24.68,67.0
2026-11-11 09:00:00,future,11002,17534.24619744879,88.11119256182351,6125.947177377152,25.59,64.9
2026-11-11 10:00:00,future,11003,14422.486950579474,83.42208825311604,5907.5556006403485,26.5,62.8
2026-11-11 11:00:00,future,11004,12759.91035797928,81.14118117241787,5834.145867641262,27.34,60.9
2026-11-11 12:00:00,future,11005,12058.054938877618,80.41008096101518,5847.848814422272,28.06,59.3
2026-11-11 13:00:00,future,11006,12067.366556402816,80.78106807014134,5917.331127453564,28.62,58.0
2026-11-11 14:00:00,future,11007,12982.404812732537,82.55169891497104,6057.091096899617,28.97,57.2
2026-11-11 15:00:00,future,11008,14753.979266375374,85.62603673806267,6259.470620773999,29.09,56.9
2026-11-11 16:00:00,future,11009,17316.7590128794,89.88717197668522,6516.324620664519,28.97,57.2
2026-11-11 17:00:00,future,11010,20685.033193907784,95.36563097275523,6830.390197807931,28.62,58.0
2026-11-11 18:00:00,future,11011,22340.70559744819,97.81246743566142,6937.316282359907,28.06,59.3
2026-11-11 19:00:00,future,11012,20403.53907715923,94.07727960234995,6644.00366628187,27.34,60.9
2026-11-11 20:00:00,future,11013,16867.13801587498,87.55942249178035,6166.571285849748,26.5,62.8
2026-11-11 21:00:00,future,11014,13594.125044576727,81.44292060199986,5708.483435943017,25.59,64.9
2026-11-11 22:00:00,future,11015,10578.545307985158,75.76209943215612,5277.671153756279,24.68,67.0
2026-11-11 23:00:00,future,11016,8580.093670403961,71.84707218894494,4963.187600440184,23.84,68.9
2026-11-12 00:00:00,future,11017,6588.555469122288,67.79666026171546,4768.832481079775,22.93,71.5
2026-11-12 01:00:00,future,11018,5840.416700626157,66.1945207613138,4618.139331058286,22.37,72.8
2026-11-12 02:00:00,future,11019,5784.60278334887,65.87810002925512,4567.946867238236,22.02,73.6
2026-11-12 03:00:00,future,11020,6383.420169445597,66.79747723542026,4616.755602877219,21.9,73.9
2026-11-12 04:00:00,future,11021,7932.184642168104,69.45024978877446,4797.378593379517,22.02,73.6
2026-11-12 05:00:00,future,11022,10536.743212275682,74.00608871171397,5119.860042502191,22.37,72.8
2026-11-12 06:00:00,future,11023,14567.409393803624,81.06817352731966,5621.234088520833,22.93,71.5
2026-11-12 07:00:00,future,11024,18181.52799990237,87.53960942942155,6098.326579324551,23.65,69.9
2026-11-12 08:00:00,future,11025,19860.42514834271,90.87516750679615,6385.10253626395,24.5,67.9
2026-11-12 09:00:00,future,11026,17647.389349216162,87.76907472737778,6262.411758548762,25.4,65.9
2026-11-12 10:00:00,future,11027,14481.21562195456,83.08398162138899,6039.158496285933,26.31,63.8
2026-11-12 11:00:00,future,11028,12802.27954397738,80.82794743078837,5965.94473610832,27.15,61.9
2026-11-12 12:00:00,future,11029,12233.666356293645,80.34848395476955,5997.448874182509,27.88,60.2
2026-11-12 13:00:00,future,11030,12366.20620067942,80.92028763630661,6081.112292234223,28.43,58.9
2026-11-12 14:00:00,future,11031,13388.96348862737,82.84505988000876,6234.605817991821,28.78,58.1
2026-11-12 15:00:00,future,11032,15237.146495424342,85.99586599613377,6447.2164651365365,28.9,57.9
2026-11-12 16:00:00,future,11033,17964.67936052932,90.45601183712306,6723.441382751024,28.78,58.1
2026-11-12 17:00:00,future,11034,21301.637674976788,95.78291057244101,7035.707554131401,28.43,58.9
2026-11-12 18:00:00,future,11035,22975.283212731563,98.21539967348875,7145.003593365984,27.88,60.2
2026-11-12 19:00:00,future,11036,20903.443782859547,94.30290381902141,6831.413070853273,27.15,61.9
2026-11-12 20:00:00,future,11037,17280.08103793901,87.73943462849013,6338.168529821749,26.31,63.8
2026-11-12 21:00:00,future,11038,13935.42960440842,81.59483924698927,5865.853495532688,25.4,65.9
2026-11-12 22:00:00,future,11039,10869.252117417129,75.9198276447448,5424.552259659188,24.5,67.9
2026-11-12 23:00:00,future,11040,8726.123362028075,71.81209652245776,5088.181239102448,23.65,69.9
2026-11-13 00:00:00,future,11041,6608.982284409451,69.2729514106821,4879.256620870189,23.2,70.9
2026-11-13 01:00:00,future,11042,5764.398710984046,67.43116221423037,4712.743283064097,22.64,72.2
2026-11-13 02:00:00,future,11043,5649.775501568635,67.00551977249916,4655.338496290725,22.29,73.0
2026-11-13 03:00:00,future,11044,6161.206877506721,67.82643346914408,4697.849126291816,22.17,73.3
2026-11-13 04:00:00,future,11045,7637.105064875999,70.49442258884638,4879.761295322708,22.29,73.0
2026-11-13 05:00:00,future,11046,10296.10756852586,75.38690950841882,5224.494733344451,22.64,72.2
2026-11-13 06:00:00,future,11047,14329.62300549381,82.82710249519961,5751.123991505222,23.2,70.9
2026-11-13 07:00:00,future,11048,17845.170738483797,89.46055398090415,6239.585721839231,23.92,69.3
2026-11-13 08:00:00,future,11049,19315.895233344032,92.5811098836474,6512.375762185092,24.76,67.4
2026-11-13 09:00:00,future,11050,17032.889192977345,89.15659909872242,6370.161117305483,25.67,65.3
2026-11-13 10:00:00,future,11051,13968.394336108491,84.36012737527011,6139.695428990615,26.58,63.2
2026-11-13 11:00:00,future,11052,12362.393282164398,82.0792659033901,6065.040650789745,27.42,61.3
2026-11-13 12:00:00,future,11053,11674.900106668283,81.3403825865456,6080.136662924812,28.15,59.6
2026-11-13 13:00:00,future,11054,11599.7921633979,81.56117406757882,6141.521859241103,28.7,58.4
2026-11-13 14:00:00,future,11055,12513.912569437758,83.39039248003259,6289.21131847015,29.05,57.6
2026-11-13 15:00:00,future,11056,14405.833283137828,86.78873965940357,6518.103586596501,29.17,57.3
2026-11-13 16:00:00,future,11057,17097.72902172648,91.4376184788215,6806.847113491223,29.05,57.6
2026-11-13 17:00:00,future,11058,20379.18678250754,96.97404527825978,7132.950936030914,28.7,58.4
2026-11-13 18:00:00,future,11059,21975.04486109395,99.423042204759,7243.299209742565,28.15,59.6
2026-11-13 19:00:00,future,11060,19898.49233146688,95.30944054721013,6916.0683180942415,27.42,61.3
2026-11-13 20:00:00,future,11061,16402.908324107593,88.63409524954217,6414.6173410664405,26.58,63.2
2026-11-13 21:00:00,future,11062,13261.534021475649,82.53570847130165,5944.27398748108,25.67,65.3
2026-11-13 22:00:00,future,11063,10408.51267918506,76.94354646524376,5506.493415461384,24.76,67.4
2026-11-13 23:00:00,future,11064,8431.725305678812,72.93456006000322,5176.555305762139,23.92,69.3
2026-11-14 00:00:00,future,11065,6152.9835392182695,70.41650025628921,4752.118654219894,22.8,72.5
2026-11-14 01:00:00,future,11066,5270.5044712765475,68.3027094463535,4574.383247076408,22.24,73.8
2026-11-14 02:00:00,future,11067,4999.92766314868,67.53725506701907,4497.586083881003,21.89,74.6
2026-11-14 03:00:00,future,11068,5470.3907117981935,68.38868859426276,4539.987617415406,21.77,74.8
2026-11-14 04:00:00,future,11069,6812.944480365042,71.12276387833474,4718.830970038772,21.89,74.6
2026-11-14 05:00:00,future,11070,9325.10331862051,76.321278141057,5069.171410030873,22.24,73.8
2026-11-14 06:00:00,future,11071,12909.254556931315,83.77802511122154,5576.5955139878015,22.8,72.5
2026-11-14 07:00:00,future,11072,16029.711772481136,90.42305087351113,6047.447353256871,23.52,70.8
2026-11-14 08:00:00,future,11073,17202.48037317112,93.29521114297822,6295.6298318417885,24.36,68.9
2026-11-14 09:00:00,future,11074,15122.95359135012,89.78154618761526,6155.685982905837,25.27,66.8
2026-11-14 10:00:00,future,11075,12457.78299313025,85.10968399764826,5944.27522960487,26.18,64.8
2026-11-14 11:00:00,future,11076,11079.199864314618,82.93616900363206,5881.112817407381,27.02,62.8
2026-11-14 12:00:00,future,11077,10538.366546695226,82.34703280575995,5906.423246354854,27.75,61.2
2026-11-14 13:00:00,future,11078,10528.210173453015,82.6889236617754,5973.9783384618695,28.3,59.9
2026-11-14 14:00:00,future,11079,11359.249854032789,84.56277623604602,6119.169541488443,28.65,59.1
2026-11-14 15:00:00,future,11080,13094.36773545582,88.07320509405407,6345.9180219814125,28.77,58.8
2026-11-14 16:00:00,future,11081,15495.246627512295,92.74232136439885,6623.890803093911,28.65,59.1
2026-11-14 17:00:00,future,11082,18307.654614416944,98.0739252377911,6923.314430310346,28.3,59.9
2026-11-14 18:00:00,future,11083,19558.26495417893,100.18521550218956,7007.13360787392,27.75,61.2
2026-11-14 19:00:00,future,11084,17638.9247788162,95.90899488004277,6681.604891255574,27.02,62.8
2026-11-14 20:00:00,future,11085,14557.91700631028,89.26300951437571,6200.557414221044,26.18,64.8
2026-11-14 21:00:00,future,11086,11809.914432549056,83.22952141690548,5751.391348369252,25.27,66.8
2026-11-14 22:00:00,future,11087,9283.047957617013,77.63336264993173,5329.2108187498025,24.36,68.9
2026-11-14 23:00:00,future,11088,7566.650418803649,73.6860957795671,5014.688568032026,23.52,70.8
2026-11-15 00:00:00,future,11089,6037.636955353322,64.72688824607228,4831.076262476583,22.84,70.8
2026-11-15 01:00:00,future,11090,5381.47073948738,63.27324212107299,4684.129561515846,22.29,72.1
2026-11-15 02:00:00,future,11091,5363.3490540677285,63.02745560626464,4636.908245807085,21.94,72.9
2026-11-15 03:00:00,future,11092,6043.5631801375575,64.11048237284432,4700.266896617908,21.82,73.2
2026-11-15 04:00:00,future,11093,7529.542380424593,66.71115208034865,4887.944474918662,21.94,72.9
2026-11-15 05:00:00,future,11094,9827.237532992129,70.83344243309968,5199.341439316192,22.29,72.1
2026-11-15 06:00:00,future,11095,13656.0327360299,77.68226823639526,5713.95837894818,22.84,70.8
2026-11-15 07:00:00,future,11096,17022.121371496112,83.85479936276539,6198.158292942979,23.57,69.2
2026-11-15 08:00:00,future,11097,18722.66385197556,87.26256607320525,6503.522030426836,24.41,67.3
2026-11-15 09:00:00,future,11098,16755.75971535306,84.47669034869504,6392.896253777461,25.32,65.2
2026-11-15 10:00:00,future,11099,13804.63702084175,80.01097047586691,6166.921989572774,26.22,63.1
2026-11-15 11:00:00,future,11100,12241.285253746972,77.8744993597653,6095.3281002183685,27.07,61.2
2026-11-15 12:00:00,future,11101,11693.512769486755,77.3852145793144,6124.6685456110345,27.79,59.5
2026-11-15 13:00:00,future,11102,11718.755445688585,77.77209254545282,6199.787835874755,28.35,58.3
2026-11-15 14:00:00,future,11103,12504.23073734224,79.32279387985109,6335.936373988048,28.7,57.5
2026-11-15 15:00:00,future,11104,14099.588517315598,82.1094661400493,6536.289638182551,28.82,57.2
2026-11-15 16:00:00,future,11105,16539.13391892655,86.18430455040142,6803.534010455129,28.7,57.5
2026-11-15 17:00:00,future,11106,19874.816537664392,91.64179342642375,7144.979013421551,28.35,58.3
2026-11-15 18:00:00,future,11107,21517.990420921404,94.09212307356806,7263.209502504746,27.79,59.5
2026-11-15 19:00:00,future,11108,19611.993633232083,90.40867723698857,6949.506171470639,27.07,61.2
2026-11-15 20:00:00,future,11109,16157.666716654408,84.01238950362183,6439.610347826472,26.22,63.1
2026-11-15 21:00:00,future,11110,12943.754882755857,77.99422703843913,5951.129904076937,25.32,65.2
2026-11-15 22:00:00,future,11111,10034.502621270069,72.48800809520195,5496.6667295946545,24.41,67.3
2026-11-15 23:00:00,future,11112,8172.605470272052,68.80585145675603,5172.603890999336,23.57,69.2
2026-11-16 00:00:00,future,11113,5996.467817187685,76.49734325172385,4514.594139126054,22.09,72.3
2026-11-16 01:00:00,future,11114,5273.679189342493,74.55033473394639,4363.660678814063,21.54,73.5
2026-11-16 02:00:00,future,11115,5132.125314172705,73.98942573105263,4304.22989460172,21.19,74.3
2026-11-16 03:00:00,future,11116,5528.881072966964,74.74543741945546,4335.06389043756,21.07,74.6
2026-11-16 04:00:00,future,11117,6857.855180245484,77.66468314961935,4502.696911114956,21.19,74.3
2026-11-16 05:00:00,future,11118,9408.656752208462,83.35652581999045,4839.202463414881,21.54,73.5
2026-11-16 06:00:00,future,11119,13111.64102760069,91.65040610359824,5332.8723800069,22.09,72.3
2026-11-16 07:00:00,future,11120,16358.158062377132,99.10558431295651,5796.238587966959,22.82,70.6
2026-11-16 08:00:00,future,11121,17582.925980472908,102.33661754663912,6040.65605591167,23.66,68.7
2026-11-16 09:00:00,future,11122,15413.975888388615,98.39199632873681,5903.410344400119,24.57,66.6
2026-11-16 10:00:00,future,11123,12727.61000869464,93.34544354594624,5706.659394158808,25.48,64.5
2026-11-16 11:00:00,future,11124,11463.98341512422,91.27698549242398,5664.899839646245,26.32,62.6
2026-11-16 12:00:00,future,11125,10990.104430538548,90.80148715795762,5699.170184195567,27.04,60.9
2026-11-16 13:00:00,future,11126,10895.771426141471,91.01569838232055,5757.363727942235,27.6,59.7
2026-11-16 14:00:00,future,11127,11544.629366089544,92.65700418670701,5875.136855403645,27.95,58.9
2026-11-16 15:00:00,future,11128,12984.675671211298,95.81279847939238,6055.543699004834,28.07,58.6
2026-11-16 16:00:00,future,11129,15411.484267142803,100.89217901969431,6319.843278227563,27.95,58.9
2026-11-16 17:00:00,future,11130,18448.673899088997,107.10098576775698,6625.9828839823385,27.6,59.7
2026-11-16 18:00:00,future,11131,19790.30863528967,109.54313173644327,6711.234880739757,27.04,60.9
2026-11-16 19:00:00,future,11132,17950.525319256583,105.09126298896989,6410.882536307149,26.32,62.6
2026-11-16 20:00:00,future,11133,14839.160069836043,97.84237564375213,5949.497539972876,25.48,64.5
2026-11-16 21:00:00,future,11134,12021.917988687504,91.16798855951703,5513.30780029462,24.57,66.6
2026-11-16 22:00:00,future,11135,9583.067302656087,85.2994551661558,5120.6348431323195,23.66,68.7
2026-11-16 23:00:00,future,11136,8020.068559309366,81.34809752126023,4837.319246285702,22.82,70.6
2026-11-17 00:00:00,future,11137,6553.130774428993,69.82198919433587,4522.194191207836,22.59,72.4
2026-11-17 01:00:00,future,11138,5888.417433849325,68.30725905673229,4386.5629402979075,22.03,73.7
2026-11-17 02:00:00,future,11139,5736.327507179001,67.81258135085807,4328.539780767832,21.68,74.5
2026-11-17 03:00:00,future,11140,6435.737451551192,68.93295964249955,4384.973903925822,21.56,74.8
2026-11-17 04:00:00,future,11141,8090.6491319571105,71.85357961101668,4567.644201771642,21.68,74.5
2026-11-17 05:00:00,future,11142,10779.553731344433,76.70248979341605,4883.305738798733,22.03,73.7
2026-11-17 06:00:00,future,11143,14972.083308445868,84.27242459121021,5377.2212826292935,22.59,72.4
2026-11-17 07:00:00,future,11144,18489.70807304162,90.79074246355336,5822.057375212469,23.31,70.8
2026-11-17 08:00:00,future,11145,20110.089136875784,94.13937460014144,6090.024078122997,24.16,68.9
2026-11-17 09:00:00,future,11146,17827.780725634555,90.82273860029531,5967.7168586302905,25.06,66.8
2026-11-17 10:00:00,future,11147,14630.262557113803,85.94189586503329,5753.67760796585,25.97,64.7
2026-11-17 11:00:00,future,11148,13012.222963195807,83.725371822543,5691.534489602155,26.81,62.8
2026-11-17 12:00:00,future,11149,12372.161869546691,83.1140410314406,5715.333343695938,27.54,61.1
2026-11-17 13:00:00,future,11150,12292.490767128547,83.34442178310938,5774.148579417961,28.09,59.9
2026-11-17 14:00:00,future,11151,13121.2345632432,85.00051986603674,5900.892567050155,28.44,59.1
2026-11-17 15:00:00,future,11152,14962.318051127637,88.24068833727053,6102.470435452983,28.56,58.8
2026-11-17 16:00:00,future,11153,17545.27071865632,92.59401185912338,6350.19677099029,28.44,59.1
2026-11-17 17:00:00,future,11154,20933.690199398898,98.1763255909756,6651.747020211363,28.09,59.9
2026-11-17 18:00:00,future,11155,22597.899290051544,100.66567318322602,6753.857137358688,27.54,61.1
2026-11-17 19:00:00,future,11156,20702.132542424886,96.92446531231656,6472.5201281665195,26.81,62.8
2026-11-17 20:00:00,future,11157,17116.507936547285,90.20933033400269,6006.180178415998,25.97,64.7
2026-11-17 21:00:00,future,11158,13821.63191923119,83.94651566361887,5560.85320808702,25.06,66.8
2026-11-17 22:00:00,future,11159,10768.698408020016,78.1056503691431,5141.314352957927,24.16,68.9
2026-11-17 23:00:00,future,11160,8718.713511061793,74.01963880064524,4829.717172928614,23.31,70.8
2026-11-18 00:00:00,future,11161,6563.715773774419,68.09858440075124,4678.838734505373,23.12,70.4
2026-11-18 01:00:00,future,11162,5841.455197619278,66.52066556959959,4534.276229984976,22.57,71.6
2026-11-18 02:00:00,future,11163,5717.448030436496,66.08749565475306,4478.103111962612,22.22,72.4
2026-11-18 03:00:00,future,11164,6328.16129538259,67.050284487584,4528.565343796479,22.1,72.7
2026-11-18 04:00:00,future,11165,7854.758605325669,69.72358441123725,4706.225951520512,22.22,72.4
2026-11-18 05:00:00,future,11166,10458.73120864388,74.37578292433467,5027.094694008214,22.57,71.6
2026-11-18 06:00:00,future,11167,14413.025008865976,81.45218185692065,5516.623721074293,23.12,70.4
2026-11-18 07:00:00,future,11168,18021.184646776932,88.05399781393695,5991.290689854883,23.85,68.7
2026-11-18 08:00:00,future,11169,19638.31552321217,91.33842154543609,6266.942610244944,24.69,66.8
2026-11-18 09:00:00,future,11170,17480.247956210645,88.24474877605479,6148.241509459795,25.6,64.7
2026-11-18 10:00:00,future,11171,14368.54634686645,83.52236227007992,5926.528837297512,26.5,62.6
2026-11-18 11:00:00,future,11172,12706.090137844483,81.23375380225382,5853.365423094209,27.35,60.7
2026-11-18 12:00:00,future,11173,12004.210427511778,80.49678854892004,5866.779618640961,28.07,59.1
2026-11-18 13:00:00,future,11174,12013.43490871337,80.86800701345052,5936.464000455974,28.63,57.8
2026-11-18 14:00:00,future,11175,12928.328527288097,82.6466684854663,6077.051272031457,28.98,57.0
2026-11-18 15:00:00,future,11176,14699.872188420855,85.73668214458068,6280.855884201655,29.1,56.7
2026-11-18 16:00:00,future,11177,17262.772196939146,90.0206187564275,6539.682023706766,28.98,57.0
2026-11-18 17:00:00,future,11178,20631.155969380045,95.52886118380525,6856.264342986513,28.63,57.8
2026-11-18 18:00:00,future,11179,22286.81177827333,97.99001185403192,6964.27861842917,28.07,59.1
2026-11-18 19:00:00,future,11180,20349.55236421945,94.23715508069216,6669.1796185695775,27.35,60.7
2026-11-18 20:00:00,future,11181,16813.052236592543,87.68106549516146,6187.43973692624,26.5,62.6
2026-11-18 21:00:00,future,11182,13540.04444729175,81.54149757552094,5727.689427113416,25.6,64.7
2026-11-18 22:00:00,future,11183,10524.537569326734,75.83365310581202,5294.196332578517,24.69,66.8
2026-11-18 23:00:00,future,11184,8526.206973302214,71.9007152881252,4977.857596012527,23.85,68.7
2026-11-19 00:00:00,future,11185,6534.477789293964,67.8314798197027,4781.52581269516,22.94,71.3
2026-11-19 01:00:00,future,11186,5786.248024927956,66.22239761196329,4630.036575774186,22.38,72.6
2026-11-19 02:00:00,future,11187,5730.308763945131,65.90510004455084,4579.659943322294,22.03,73.4
2026-11-19 03:00:00,future,11188,6328.696928712967,66.82889862934758,4628.845331135771,21.91,73.7
2026-11-19 04:00:00,future,11189,7877.125415424156,69.49462521392745,4810.682201715573,22.03,73.4
2026-11-19 05:00:00,future,11190,10481.83354193065,74.07352098881498,5135.335791647784,22.38,72.6
2026-11-19 06:00:00,future,11191,14512.40125371176,81.17074521768572,5640.042488895136,22.94,71.3
2026-11-19 07:00:00,future,11192,18126.548753509283,87.67399856769354,6120.215013538892,23.66,69.7
2026-11-19 08:00:00,future,11193,19805.31245796461,91.01796691445017,6407.325983848644,24.5,67.7
2026-11-19 09:00:00,future,11194,17592.160190786723,87.89931840730371,6284.493244787755,25.41,65.7
2026-11-19 10:00:00,future,11195,14426.091055181834,83.18737171086582,6059.115648506112,26.32,63.6
2026-11-19 11:00:00,future,11196,12747.286715916727,80.91741164295043,5984.913531536143,27.16,61.7
2026-11-19 12:00:00,future,11197,12178.674895971224,80.43339172993502,6016.240200746632,27.89,60.0
2026-11-19 13:00:00,future,11198,12311.155294379492,81.00653399759126,6100.2003559460745,28.44,58.7
2026-11-19 14:00:00,future,11199,13333.786947790948,82.94016273668383,6254.604251050603,28.79,57.9
2026-11-19 15:00:00,future,11200,15181.940305712487,86.10703596942132,6468.6949783330465,28.91,57.7
2026-11-19 16:00:00,future,11201,17909.618226788334,90.5910543652102,6747.016528257553,28.79,57.9
2026-11-19 17:00:00,future,11202,21246.6528764608,95.94688460912931,7061.763063156275,28.44,58.7
2026-11-19 18:00:00,future,11203,22920.275772316458,98.39358720283464,7172.16047530891,27.89,60.0
2026-11-19 19:00:00,future,11204,20848.32747147459,94.4625318888676,6856.679049749172,27.16,61.7
2026-11-19 20:00:00,future,11205,17224.866236623355,87.86698603670479,6360.296172099604,26.32,63.6
2026-11-19 21:00:00,future,11206,13880.194415431111,81.6928291063548,5885.042869782319,25.41,65.7
2026-11-19 22:00:00,future,11207,10814.038073947517,75.98435625004366,5439.761048762912,24.5,67.7
2026-11-19 23:00:00,future,11208,8670.985043091856,71.86408582744896,5102.687186345442,23.66,69.7
2026-11-20 00:00:00,future,11209,6553.682371697596,69.29957522735042,4890.713534353127,23.2,70.7
2026-11-20 01:00:00,future,11210,5709.023198073259,67.45569109217513,4724.548174819742,22.65,72.0
2026-11-20 02:00:00,future,11211,5593.92191278977,67.02792431172227,4666.8653795038335,22.3,72.8
2026-11-20 03:00:00,future,11212,6105.009476889611,67.85306446252598,4709.72630533935,22.18,73.1
2026-11-20 04:00:00,future,11213,7580.6527750089135,70.5347957725883,4892.9019300795835,22.3,72.8
2026-11-20 05:00:00,future,11214,10239.895483851242,75.45334543679817,5240.039609544105,22.65,72.0
2026-11-20 06:00:00,future,11215,14273.430832153845,82.92606388560746,5769.013331520878,23.2,70.7
2026-11-20 07:00:00,future,11216,17789.024844439624,89.60004646338055,6261.989900829433,23.93,69.1
2026-11-20 08:00:00,future,11217,19259.50397552662,92.73468857422158,6536.300559652077,24.77,67.2
2026-11-20 09:00:00,future,11218,16976.34302796658,89.28852444483097,6392.465382598313,25.68,65.1
2026-11-20 10:00:00,future,11219,13911.953186196795,84.46337669687014,6159.747363980372,26.59,63.0
2026-11-20 11:00:00,future,11220,12306.10200181136,82.16784444807149,6084.054352872463,27.43,61.1
2026-11-20 12:00:00,future,11221,11618.581378174857,81.41629598901366,6097.555570192386,28.15,59.4
2026-11-20 13:00:00,future,11222,11543.344312584097,81.6428453288265,6160.3353976364,28.71,58.2
2026-11-20 14:00:00,future,11223,12457.31504744534,83.48073389625996,6308.90805537746,29.06,57.4
2026-11-20 15:00:00,future,11224,14349.213988315902,86.89721748794652,6539.4423794938575,29.18,57.1
2026-11-20 16:00:00,future,11225,17041.23884269878,91.57203193871509,6830.43532536905,29.06,57.4
2026-11-20 17:00:00,future,11226,20322.78657564604,97.13984902476892,7159.199855253397,28.71,58.2
2026-11-20 18:00:00,future,11227,21918.66025913936,99.59744642021836,7269.427586269485,28.15,59.4
2026-11-20 19:00:00,future,11228,19842.022144019753,95.46984915370987,6941.43943041459,27.43,61.1
2026-11-20 20:00:00,future,11229,16346.361635738233,88.76046478169113,6436.717586314447,26.59,63.0
2026-11-20 21:00:00,future,11230,13205.005785779398,82.63156088955876,5963.388612567333,25.68,65.1
2026-11-20 22:00:00,future,11231,10352.056044589395,77.01173609375206,5522.872498997096,24.77,67.2
2026-11-20 23:00:00,future,11232,8375.321351645242,72.98347863946259,5190.963570027198,23.93,69.1
2026-11-21 00:00:00,future,11233,6096.376461156839,70.4369215021465,4763.391718282344,22.8,72.3
2026-11-21 01:00:00,future,11234,5213.720459725704,68.31854837193711,4585.801906826852,22.25,73.6
2026-11-21 02:00:00,future,11235,4942.685035838939,67.54877362295818,4508.549754505849,21.9,74.4
2026-11-21 03:00:00,future,11236,5412.830370922855,68.40512714580518,4551.338585210783,21.78,74.6
2026-11-21 04:00:00,future,11237,6755.1497766660395,71.15481712373052,4731.539105548839,21.9,74.4
2026-11-21 05:00:00,future,11238,9267.43335499616,76.38373425429327,5084.534261431696,22.25,73.6
2026-11-21 06:00:00,future,11239,12851.534097472388,83.87684766590303,5594.485523079729,22.8,72.3
2026-11-21 07:00:00,future,11240,15972.017089887806,90.5661138106397,6069.9778595455455,23.53,70.6
2026-11-21 08:00:00,future,11241,17144.7534283271,93.45263396332577,6319.6361278399045,24.37,68.7
2026-11-21 09:00:00,future,11242,15065.16162868309,89.91449289640816,6177.9384888321265,25.28,66.6
2026-11-21 10:00:00,future,11243,12400.078212030216,85.21146944987085,5964.207230202961,26.19,64.6
2026-11-21 11:00:00,future,11244,11021.589193843854,83.022122795864,5899.985689514792,27.03,62.6
2026-11-21 12:00:00,future,11245,10480.743054652845,82.42029540819156,5923.766570163565,27.75,61.0
2026-11-21 13:00:00,future,11246,10470.518273471933,82.76879735663518,5992.758833674905,28.31,59.7
2026-11-21 14:00:00,future,11247,11301.431973074104,84.6524946950521,6138.893370603221,28.66,58.9
2026-11-21 15:00:00,future,11248,13036.520835878073,88.18363090805818,6367.416710341076,28.78,58.6
2026-11-21 16:00:00,future,11249,15437.491112558348,92.88151501350583,6647.756866048731,28.66,58.9
2026-11-21 17:00:00,future,11250,18249.97538855641,98.24664922181728,6949.873228500499,28.31,59.7
2026-11-21 18:00:00,future,11251,19500.57354133651,100.36596925877969,7033.4853423066925,27.75,61.0
2026-11-21 19:00:00,future,11252,17581.134388146693,96.07286236784812,6707.013099795479,27.03,62.6
2026-11-21 20:00:00,future,11253,14500.052757203148,89.38953669158312,6222.569200224632,26.19,64.6
2026-11-21 21:00:00,future,11254,11752.033920814369,83.32276045104388,5770.321071037254,25.28,66.6
2026-11-21 22:00:00,future,11255,9225.17990492517,77.69600930208134,5345.283071065542,24.37,68.7
2026-11-21 23:00:00,future,11256,7508.814425376705,73.72789551230608,5028.741565457186,23.53,70.6
2026-11-22 00:00:00,future,11257,5979.633397112524,64.75109738012588,4842.800758727084,22.85,70.6
2026-11-22 01:00:00,future,11258,5323.353031601934,63.29054793673184,4695.056901600742,22.3,71.9
2026-11-22 02:00:00,future,11259,5305.171535427372,63.04431542366107,4647.688796766041,21.95,72.7
2026-11-22 03:00:00,future,11260,5984.988997251909,64.13329107827171,4711.5701130428915,21.83,73.0
2026-11-22 04:00:00,future,11261,7470.701809479497,66.74816390712995,4900.594446683702,21.95,72.7
2026-11-22 05:00:00,future,11262,9768.627189527084,70.89359193279935,5214.2068592083915,22.3,71.9
2026-11-22 06:00:00,future,11263,13597.434444748378,77.78032222899287,5732.460417601662,22.85,70.6
2026-11-22 07:00:00,future,11264,16963.54925247781,83.98632039839751,6219.946267066155,23.58,69.0
2026-11-22 08:00:00,future,11265,18663.950222283176,87.41095293893977,6527.118274315258,24.42,67.1
2026-11-22 09:00:00,future,11266,16696.8702375094,84.60587932274012,6415.025359309513,25.33,65.0
2026-11-22 10:00:00,future,11267,13745.82074231353,80.11171137705651,6186.724951107688,26.23,62.9
2026-11-22 11:00:00,future,11268,12182.579082651677,77.96046856681383,6114.038835796441,27.08,61.0
2026-11-22 12:00:00,future,11269,11634.74413713446,77.46603499482529,6143.1337710171865,27.8,59.3
2026-11-22 13:00:00,future,11270,11659.87371242546,77.8532325678828,6218.460166877689,28.36,58.1
2026-11-22 14:00:00,future,11271,12445.21382708804,79.41158679068614,6355.422377748876,28.71,57.3
2026-11-22 15:00:00,future,11272,14040.543824407929,82.21394508194179,6557.248566792076,28.83,57.0
2026-11-22 16:00:00,future,11273,16480.197257466527,86.31288364093265,6826.655737584278,28.71,57.3
2026-11-22 17:00:00,future,11274,19815.985999189295,91.80316644149484,7170.98754707712,28.36,58.1
2026-11-22 18:00:00,future,11275,21459.168433673807,94.26939233769113,7290.4982025168565,27.8,59.3
2026-11-22 19:00:00,future,11276,19553.116931842196,90.56678294725974,6974.821382837101,27.08,61.0
2026-11-22 20:00:00,future,11277,16098.731028862903,84.1360481877662,6461.514138932911,26.23,62.9
2026-11-22 21:00:00,future,11278,12884.852386201972,78.08593512860901,5969.831466739888,25.33,65.0
2026-11-22 22:00:00,future,11279,9975.699194742603,72.55086726942005,5512.4440399734085,24.42,67.1
2026-11-22 23:00:00,future,11280,8113.914232234143,68.85020909959349,5186.424490369468,23.58,69.0
2026-11-23 00:00:00,future,11281,5937.540481109605,76.51146814255304,4526.616015332748,22.1,74.1
2026-11-23 01:00:00,future,11282,5214.606194899876,74.55464617562413,4374.764748486819,21.55,75.3
2026-11-23 02:00:00,future,11283,5072.62452384436,73.99085133819311,4315.018798296038,21.2,76.1
2026-11-23 03:00:00,future,11284,5469.066391966999,74.75121711503809,4346.155742881488,21.08,76.4
2026-11-23 04:00:00,future,11285,6797.776954063742,77.68696903609897,4515.086870486256,21.2,76.1
2026-11-23 05:00:00,future,11286,9348.73403807101,83.41196383572624,4854.204694362195,21.55,75.3
2026-11-23 06:00:00,future,11287,13051.696751645668,91.75345976983925,5351.653562956933,22.1,74.1
2026-11-23 07:00:00,future,11288,16298.2610500714,99.25063677407425,5818.431707540109,22.83,72.4
2026-11-23 08:00:00,future,11289,17522.84943324276,102.49734428688912,6064.321127109147,23.67,70.5
2026-11-23 09:00:00,future,11290,15353.824798344616,98.52519814687506,5925.305057596411,24.58,68.4
2026-11-23 10:00:00,future,11291,12667.556556876769,93.43744682356068,5725.067027968834,25.48,66.3
2026-11-23 11:00:00,future,11292,11404.060389141145,91.36088119432588,5683.646764748046,26.33,64.4
2026-11-23 12:00:00,future,11293,10930.17658645671,90.87962709049462,5717.723341485569,27.05,62.7
2026-11-23 13:00:00,future,11294,10835.748055819173,91.09267652144428,5776.020602225337,27.61,61.5
2026-11-23 14:00:00,future,11295,11484.479136805,92.74217568832319,5894.534911520129,27.96,60.7
2026-11-23 15:00:00,future,11296,12924.509635498767,95.91642919369554,6076.375950574561,28.08,60.4
2026-11-23 16:00:00,future,11297,15351.44122276548,101.02709402521005,6342.991312368368,27.96,60.7
2026-11-23 17:00:00,future,11298,18388.71687721739,107.27481859972488,6651.94778694246,27.61,61.5
2026-11-23 18:00:00,future,11299,19730.35599270797,109.73390238723209,6738.291088367421,27.05,62.7
2026-11-23 19:00:00,future,11300,17890.46150829961,105.25791519101983,6435.882766987847,26.33,64.4
2026-11-23 20:00:00,future,11301,14779.02375749488,97.96123912854553,5969.936504381896,25.48,66.3
2026-11-23 21:00:00,future,11302,11961.779286361034,91.25778268298453,5531.9253222893485,24.58,68.4
2026-11-23 22:00:00,future,11303,9522.962747325386,85.35768622357206,5136.5643219970625,23.67,70.5
2026-11-23 23:00:00,future,11304,7959.988822410344,81.3859918819729,4851.43191044204,22.83,72.4
2026-11-24 00:00:00,future,11305,6492.871890175042,69.8420623217881,4534.128611491312,22.6,72.2
2026-11-24 01:00:00,future,11306,5828.094030736781,68.32067179848013,4397.765063945125,22.04,73.5
2026-11-24 02:00:00,future,11307,5675.951180245633,67.82430860918033,4339.491772222226,21.69,74.3
2026-11-24 03:00:00,future,11308,6375.23383259592,68.95105220403559,4396.424951929616,21.57,74.6
2026-11-24 04:00:00,future,11309,8029.838105847584,71.88689694715877,4580.418691585862,21.69,74.3
2026-11-24 05:00:00,future,11310,10718.381452214158,76.7608498001384,4898.299677755423,22.04,73.5
2026-11-24 06:00:00,future,11311,14910.95163412093,84.37087941319591,5395.742649789969,22.6,72.2
2026-11-24 07:00:00,future,11312,18428.807715453368,90.923286036757,5843.647221614087,23.32,70.6
2026-11-24 08:00:00,future,11313,20049.38344713938,94.28799665654869,6113.220224035242,24.17,68.7
2026-11-24 09:00:00,future,11314,17767.16786952085,90.95025204558947,5989.431754673136,25.07,66.6
2026-11-24 10:00:00,future,11315,14569.53512381458,86.03926254896864,5773.167804202885,25.98,64.5
2026-11-24 11:00:00,future,11316,12951.368019683412,83.80752702024252,5710.0263767815995,26.82,62.6
2026-11-24 12:00:00,future,11317,12311.277032333235,83.19038588716425,5733.573450822101,27.55,60.9
2026-11-24 13:00:00,future,11318,12231.560690132152,83.42016976083484,5792.515901873094,28.1,59.7
2026-11-24 14:00:00,future,11319,13060.1629126704,85.0840384603205,5920.026704883961,28.45,58.9
2026-11-24 15:00:00,future,11320,14901.15074328295,88.34156376434473,6123.097323640298,28.57,58.6
2026-11-24 16:00:00,future,11321,17483.97277222987,92.71911988645331,6372.816033768816,28.45,58.9
2026-11-24 17:00:00,future,11322,20872.62493698575,98.33383721663773,6676.9530285567835,28.1,59.7
2026-11-24 18:00:00,future,11323,22537.00667822763,100.8390373813762,6780.20551926809,27.55,60.9
2026-11-24 19:00:00,future,11324,20641.331454062325,97.07968356616459,6497.115671561605,26.82,62.6
2026-11-24 20:00:00,future,11325,17055.6301208762,90.33002963396201,6027.626589955405,25.98,64.5
2026-11-24 21:00:00,future,11326,13760.695476491826,84.03545599344274,5579.3580843242125,25.07,66.6
2026-11-24 22:00:00,future,11327,10707.784457880132,78.16527185653281,5157.081404479525,24.17,68.7
2026-11-24 23:00:00,future,11328,8657.904581228237,74.05962249672997,4843.567920469511,23.32,70.6
2026-11-25 00:00:00,future,11329,6502.658924455909,68.11837280571281,4690.5912193900585,23.13,70.2
2026-11-25 01:00:00,future,11330,5780.309843310946,66.5330705123443,4545.225282791618,22.58,71.4
2026-11-25 02:00:00,future,11331,5656.218092087443,66.09840656281139,4488.818915674484,22.23,72.2
2026-11-25 03:00:00,future,11332,6266.546242461652,67.06640521389951,4539.709929570299,22.11,72.5
2026-11-25 04:00:00,future,11333,7792.882212311536,69.75410488431484,4718.662149697728,22.23,72.2
2026-11-25 05:00:00,future,11334,10397.043273673467,74.43201190067772,5041.8522126931975,22.58,71.4
2026-11-25 06:00:00,future,11335,14351.309266877086,81.54692136010483,5534.878892096675,23.13,70.2
2026-11-25 07:00:00,future,11336,17959.550977130268,88.18415678190719,6012.827323476831,23.86,68.5
2026-11-25 08:00:00,future,11337,19576.561078935993,91.48440145259212,6290.109266338338,24.7,66.6
2026-11-25 09:00:00,future,11338,17418.34671670208,88.36994395505855,6169.897831710752,25.61,64.5
2026-11-25 10:00:00,future,11339,14306.70071550267,83.61787183363278,5945.894521111874,26.51,62.4
2026-11-25 11:00:00,future,11340,12644.3554321961,81.31369796411117,5871.642933701774,27.36,60.5
2026-11-25 12:00:00,future,11341,11942.455624981423,80.57019865602726,5884.714634055437,28.08,58.9
2026-11-25 13:00:00,future,11342,11951.599287826775,80.94160408155177,5954.590524137225,28.64,57.6
2026-11-25 14:00:00,future,11343,12866.36088599472,82.72905455704318,6096.050088406991,28.99,56.8
2026-11-25 15:00:00,future,11344,14637.873208076371,85.8362355913483,6301.37618974934,29.11,56.5
2026-11-25 16:00:00,future,11345,17200.87881667941,90.14514292289674,6562.31879657242,28.99,56.8
2026-11-25 17:00:00,future,11346,20569.360695407235,95.68605343819887,6881.612292889191,28.64,57.6
2026-11-25 18:00:00,future,11347,22225.000586886697,98.16298827711118,6990.8189420108965,28.08,58.9
2026-11-25 19:00:00,future,11348,20287.656930430257,94.39090752333233,6693.841012632683,27.36,60.5
2026-11-25 20:00:00,future,11349,16751.068071479174,87.80003109572772,6208.837719774079,26.51,62.4
2026-11-25 21:00:00,future,11350,13478.064834788118,81.62836874647941,5746.037515000179,25.61,64.5
2026-11-25 22:00:00,future,11351,10462.624284584212,75.89102712387174,5309.713383022077,24.7,66.6
2026-11-25 23:00:00,future,11352,8464.408063572982,71.93856268830386,4991.424692100209,23.86,68.5
2026-11-26 00:00:00,future,11353,6472.513254739524,67.84870876336937,4792.974951868435,22.95,71.1
2026-11-26 01:00:00,future,11354,5724.195845152104,66.23215173494125,4640.66168334603,22.39,72.4
2026-11-26 02:00:00,future,11355,5668.146378632474,65.91399502952409,4590.106941372638,22.04,73.2
2026-11-26 03:00:00,future,11356,6266.1465857660605,66.84276907611421,4639.707679285041,21.92,73.5
2026-11-26 04:00:00,future,11357,7814.260382645292,69.52270547410048,4822.841150115728,22.04,73.2
2026-11-26 05:00:00,future,11358,10419.10027067638,74.12667672522512,5149.798133951985,22.39,72.4
2026-11-26 06:00:00,future,11359,14449.580387904927,81.26222054639445,5658.043817667918,22.95,71.1
2026-11-26 07:00:00,future,11360,18063.755076147056,87.80010136358045,6141.4755855707335,23.67,69.5
2026-11-26 08:00:00,future,11361,19742.402266232653,91.1601436874622,6430.259169262179,24.51,67.5
2026-11-26 09:00:00,future,11362,17529.145821602968,88.0206960417264,6305.882599776118,25.42,65.5
2026-11-26 10:00:00,future,11363,14363.170054006136,83.27924208825824,6078.188882472922,26.33,63.4
2026-11-26 11:00:00,future,11364,12684.48761018462,80.99390374125646,6002.888613034434,27.17,61.5
2026-11-26 12:00:00,future,11365,12115.885712443513,80.50480464287409,6033.992122338935,27.9,59.8
2026-11-26 13:00:00,future,11366,12248.315510918275,81.07934358597437,6118.2450247888855,28.45,58.5
2026-11-26 14:00:00,future,11367,13270.834275308856,83.02262730844096,6273.6080234037745,28.8,57.7
2026-11-26 15:00:00,future,11368,15118.955633233949,86.20702918075607,6489.275657007921,28.92,57.5
2026-11-26 16:00:00,future,11369,17846.767145677077,90.7171005340486,6769.842666044073,28.8,57.7
2026-11-26 17:00:00,future,11370,21183.874416186583,96.10456810306707,7087.257028627645,28.45,58.5
2026-11-26 18:00:00,future,11371,22857.477991748303,98.56689089608734,7198.858469182803,27.9,59.8
2026-11-26 19:00:00,future,11372,20785.425486023218,94.61570531784626,6881.390576623018,27.17,61.5
2026-11-26 20:00:00,future,11373,17161.87071446491,87.98528300023027,6381.6925092619595,26.33,63.4
2026-11-26 21:00:00,future,11374,13817.173901577597,81.77898110359963,5903.339749737237,25.42,65.5
2026-11-26 22:00:00,future,11375,10751.032106801613,76.04107203296424,5455.194743207154,24.51,67.5
2026-11-26 23:00:00,future,11376,8608.053620164059,71.90025236152422,5116.056995340082,23.67,69.5
2026-11-27 00:00:00,future,11377,6490.613647991948,69.32021789767914,4903.239289823758,23.22,70.5
2026-11-27 01:00:00,future,11378,5645.879093168296,67.46074850656144,4734.84157665045,22.66,71.8
2026-11-27 02:00:00,future,11379,5530.345904229899,67.03088270759977,4676.889238015299,22.31,72.6
2026-11-27 03:00:00,future,11380,6041.123210524061,67.86076913471591,4720.1374102794425,22.19,72.9
2026-11-27 04:00:00,future,11381,7516.540110183254,70.55756494289261,4904.6622764548465,22.31,72.6
2026-11-27 05:00:00,future,11382,10176.003719200828,75.50442822046085,5254.347799903164,22.66,71.8
2026-11-27 06:00:00,future,11383,14209.55534115086,83.02595445804654,5788.433092986932,23.22,70.5
2026-11-27 07:00:00,future,11384,17725.183006171203,89.7305875836401,6283.559587387635,23.94,68.9
2026-11-27 08:00:00,future,11385,19195.434742869464,92.88050421142817,6559.453008411939,24.78,67.0
2026-11-27 09:00:00,future,11386,16912.134267873153,89.41056652589019,6413.836720595552,25.69,64.9
2026-11-27 10:00:00,future,11387,13847.846064213918,84.55390867955342,6178.6582200769235,26.6,62.8
2026-11-27 11:00:00,future,11388,12242.13533357913,82.24215284980652,6101.806015718554,27.44,60.9
2026-11-27 12:00:00,future,11389,11554.592576516328,81.48364545518399,6114.920783749537,28.16,59.2
2026-11-27 13:00:00,future,11390,11479.240098103292,81.70941025421644,6177.804636011868,28.72,58.0
2026-11-27 14:00:00,future,11391,12393.078378550836,83.55674488685531,6327.305110146448,29.07,57.2
2026-11-27 15:00:00,future,11392,14284.95877354328,86.99301239736474,6559.5892314072225,29.19,56.9
2026-11-27 16:00:00,future,11393,16977.104269797994,91.69613157337727,6852.992629728024,29.07,57.2
2026-11-27 17:00:00,future,11394,20258.72870883155,97.29825168050057,7184.619977037961,28.72,58.0
2026-11-27 18:00:00,future,11395,21854.612600265777,99.77233924556893,7296.107824657,28.16,59.2
2026-11-27 19:00:00,future,11396,19777.891860180025,95.62262621550092,6965.992486437142,27.44,60.9
2026-11-27 20:00:00,future,11397,16282.162626323889,88.87627602356227,6457.821092576271,26.6,62.8
2026-11-27 21:00:00,future,11398,13140.823586459786,82.71423524869432,5981.349861943818,25.69,64.9
2026-11-27 22:00:00,future,11399,10287.937483274747,77.06437089869709,5537.957874840151,24.78,67.0
2026-11-27 23:00:00,future,11400,8311.248613050546,73.01522556671428,5203.987190104141,23.94,68.9
2026-11-28 00:00:00,future,11401,6032.130991769163,70.45034011449157,4775.550659053071,22.82,72.1
2026-11-28 01:00:00,future,11402,5149.3092605626625,68.31333768538951,4595.555928804845,22.26,73.4
2026-11-28 02:00:00,future,11403,4877.866118120252,67.53909144744368,4517.847487457638,21.91,74.2
2026-11-28 03:00:00,future,11404,5347.730162526913,68.40098096472961,4561.0652402153255,21.79,74.4
2026-11-28 04:00:00,future,11405,6689.843673609287,71.16782601094893,4742.717124427212,21.91,74.2
2026-11-28 05:00:00,future,11406,9202.237000791489,76.42988357184687,5098.531468898222,22.26,73.4
2026-11-28 06:00:00,future,11407,12786.28968145294,83.976472935734,5613.753763712485,22.82,72.1
2026-11-28 07:00:00,future,11408,15906.782383171523,90.70015685207501,6091.571721749534,23.54,70.4
2026-11-28 08:00:00,future,11409,17079.48551056029,93.60220186766074,6342.758740494037,24.38,68.5
2026-11-28 09:00:00,future,11410,14999.838659459385,90.03709699745009,6199.127716015571,25.29,66.4
2026-11-28 10:00:00,future,11411,12334.8419787049,85.2997484909033,5982.853736719227,26.2,64.4
2026-11-28 11:00:00,future,11412,10956.44370873395,83.0928616725584,5917.444535295855,27.04,62.4
2026-11-28 12:00:00,future,11413,10415.591462621383,82.4907879926692,5942.1408417094,27.77,60.8
2026-11-28 13:00:00,future,11414,10405.306401731124,82.83263126247763,6010.041663239034,28.32,59.5
2026-11-28 14:00:00,future,11415,11236.112061648517,84.72707796567867,6157.1679877481765,28.67,58.7
2026-11-28 15:00:00,future,11416,12971.174156106228,88.28085665898153,6387.585489957727,28.79,58.4
2026-11-28 16:00:00,future,11417,15372.227252469736,93.01021817682845,6670.4672383966135,28.67,58.7
2026-11-28 17:00:00,future,11418,18184.773441959285,98.41208524026541,6975.487357559865,28.32,59.5
2026-11-28 18:00:00,future,11419,19435.35839299645,100.5541132893118,7061.509958086893,27.77,60.8
2026-11-28 19:00:00,future,11420,17515.827008875083,96.22892995574267,6731.475667733879,27.04,62.4
2026-11-28 20:00:00,future,11421,14434.682592660618,89.50496846762465,6243.447691166278,26.2,64.4
2026-11-28 21:00:00,future,11422,11686.648897658722,83.40197827444084,5787.954974559429,25.29,66.4
2026-11-28 22:00:00,future,11423,9159.803915132055,77.74194893559248,5359.912170522082,24.38,68.5
2026-11-28 23:00:00,future,11424,7443.464419658942,73.75119723439126,5041.258911721647,23.54,70.4
2026-11-29 00:00:00,future,11425,5914.143157055299,64.75728725110153,4853.1527175465835,22.86,70.4
2026-11-29 01:00:00,future,11426,5257.753300462686,63.289358962132106,4704.586772606455,22.31,71.7
2026-11-29 02:00:00,future,11427,5239.524324226991,63.04272588841383,4657.080714057535,21.96,72.5
2026-11-29 03:00:00,future,11428,5918.988934177877,64.13829605760549,4721.532176218484,21.84,72.8
2026-11-29 04:00:00,future,11429,7404.464378123732,66.76863618051296,4911.990932221716,21.96,72.5
2026-11-29 05:00:00,future,11430,9702.588039664382,70.93901904009252,5227.942507576693,22.31,71.7
2026-11-29 06:00:00,future,11431,13531.408857005852,77.86677202321576,5750.0453857264565,22.86,70.4
2026-11-29 07:00:00,future,11432,16897.536196546083,84.10892462444313,6240.996401145148,23.59,68.8
2026-11-29 08:00:00,future,11433,18597.80960771273,87.55175865765443,6550.057848331974,24.43,66.9
2026-11-29 09:00:00,future,11434,16630.575373346124,84.72578206007287,6436.361644993991,25.34,64.8
2026-11-29 10:00:00,future,11435,13679.596313749784,80.20675859843365,6206.834701878321,26.25,62.7
2026-11-29 11:00:00,future,11436,12116.458424956152,78.03318873723275,6131.646763067136,27.09,60.8
2026-11-29 12:00:00,future,11437,11568.572099957784,77.53308590894011,6160.447420716342,27.81,59.1
2026-11-29 13:00:00,future,11438,11593.603734665086,77.92058286870758,6235.970272170738,28.37,57.9
2026-11-29 14:00:00,future,11439,12378.82641607874,79.48722927718498,6373.785774792049,28.72,57.1
2026-11-29 15:00:00,future,11440,13974.129951706733,82.30658600423516,6577.176206552704,28.84,56.8
2026-11-29 16:00:00,future,11441,16413.87968452927,86.431646271562,6848.891913233826,28.72,57.1
2026-11-29 17:00:00,future,11442,19749.75858995964,91.95750793949557,7196.314282528792,28.37,57.9
2026-11-29 18:00:00,future,11443,21392.94758945366,94.44105603211887,7317.215569952898,27.81,59.1
2026-11-29 19:00:00,future,11444,19486.844962584924,90.71778894492503,6999.47071822913,27.09,60.8
2026-11-29 20:00:00,future,11445,16032.410589308674,84.25600463133131,6483.866113996636,26.25,62.7
2026-11-29 21:00:00,future,11446,12818.563535857103,78.16522436087041,5987.517453031383,25.34,64.8
2026-11-29 22:00:00,future,11447,9909.501498319072,72.59898592500944,5527.055612470163,24.43,66.9
2026-11-29 23:00:00,future,11448,8047.818596079374,68.87836254472172,5198.989053105221,23.59,68.8
2026-11-30 00:00:00,future,11449,5871.239308845554,76.51219263225622,4538.319015514626,22.12,73.9
2026-11-30 01:00:00,future,11450,5148.165544498398,74.53740270264706,4384.284987744113,21.56,75.1
2026-11-30 02:00:00,future,11451,5005.80791423413,73.97071869641401,4324.232381483385,21.21,75.9
2026-11-30 03:00:00,future,11452,5401.968825361695,74.7359831853867,4355.703936561996,21.09,76.2
2026-11-30 04:00:00,future,11453,6730.433795305638,77.68979681072283,4526.012132203782,21.21,75.9
2026-11-30 05:00:00,future,11454,9281.524332696106,83.45080495207945,4867.884425207221,21.56,75.1
2026-11-30 06:00:00,future,11455,12984.474643479636,91.85156457681353,5370.561456261389,22.12,73.9
2026-11-30 07:00:00,future,11456,16231.082518247942,99.38696052561531,5839.685389431777,22.84,72.2
2026-11-30 08:00:00,future,11457,17455.515132047447,102.65066520128329,6087.095481483577,23.68,70.3
2026-11-30 09:00:00,future,11458,15286.425640170244,98.64833138135816,5946.145771254989,24.59,68.2
2026-11-30 10:00:00,future,11459,12600.243003940544,93.53090946184723,5744.696606094269,25.5,66.1
2026-11-30 11:00:00,future,11460,11336.866861908558,91.42976649261597,5701.035204843525,26.34,64.2
2026-11-30 12:00:00,future,11461,10862.98558814698,90.94209499317552,5734.865094715731,27.06,62.5
2026-11-30 13:00:00,future,11462,10768.472081092912,91.15379475872163,5793.2421121014695,27.62,61.3
2026-11-30 14:00:00,future,11463,11417.089192313317,92.8122045568786,5912.526643957387,27.97,60.5
2026-11-30 15:00:00,future,11464,12857.101369010024,96.00656471459585,6095.8857672346485,28.09,60.2
2026-11-30 16:00:00,future,11465,15284.147363956155,101.1513415087029,6364.969137404472,27.97,60.5
2026-11-30 17:00:00,future,11466,18321.50567630673,107.44157186383292,6676.94057259201,27.62,61.3
2026-11-30 18:00:00,future,11467,19663.14940377172,109.91925230493298,6764.476722666128,27.06,62.5
2026-11-30 19:00:00,future,11468,17823.14961498369,105.4171434042931,6459.924730613807,26.34,64.2
2026-11-30 20:00:00,future,11469,14711.64259139349,98.08404767138065,5991.728549139627,25.5,66.1
2026-11-30 21:00:00,future,11470,11894.392020615176,91.3335635027449,5549.280743482251,24.59,68.2
2026-11-30 22:00:00,future,11471,9455.60499291296,85.39921893607523,5151.112848161835,23.68,70.3
2026-11-30 23:00:00,future,11472,7892.654094415887,81.40551481082814,4864.096406785084,22.84,72.2
2026-12-01 00:00:00,future,11473,6423.4124815041,67.40032218929201,4554.666863106948,22.61,72.0
2026-12-01 01:00:00,future,11474,5758.569138852624,65.92493708944187,4417.233726390758,22.05,73.3
2026-12-01 02:00:00,future,11475,5605.1668996395965,65.44213257843356,4358.454463111458,21.7,74.1
2026-12-01 03:00:00,future,11476,6304.032696202273,66.53601911307128,4416.039141192405,21.58,74.4
2026-12-01 04:00:00,future,11477,7960.560005838181,69.3896809187926,4602.116568167365,21.7,74.1
2026-12-01 05:00:00,future,11478,10649.038134365986,74.1211752103785,4923.145867774501,22.05,73.3
2026-12-01 06:00:00,future,11479,14841.877958099649,81.50934684978233,5425.545279949357,22.61,72.0
2026-12-01 07:00:00,future,11480,18361.12779467884,87.87178846875972,5877.878762967437,23.33,70.4
2026-12-01 08:00:00,future,11481,19982.408992889978,91.1371420727975,6149.808065403035,24.18,68.5
2026-12-01 09:00:00,future,11482,17700.987703186187,87.89396030393043,6024.138285299954,25.08,66.4
2026-12-01 10:00:00,future,11483,14498.57043592712,83.11367347302973,5804.418766772232,25.99,64.3
2026-12-01 11:00:00,future,11484,12876.796084593912,80.93734178274275,5739.632531983059,26.83,62.4
2026-12-01 12:00:00,future,11485,12233.762508735766,80.33040514481178,5762.609648822432,27.56,60.7
2026-12-01 13:00:00,future,11486,12152.99602337248,80.54972801564033,5821.684496693885,28.11,59.5
2026-12-01 14:00:00,future,11487,12981.543498545056,82.16404999976157,5950.306585351016,28.46,58.7
2026-12-01 15:00:00,future,11488,14823.956470172488,85.32924903235177,6155.613622696053,28.58,58.4
2026-12-01 16:00:00,future,11489,17404.793330779834,89.57724675587015,6407.885561223098,28.46,58.7
2026-12-01 17:00:00,future,11490,20794.8018203644,95.03306247129638,6715.667155655552,28.11,59.5
2026-12-01 18:00:00,future,11491,22461.788673373147,97.47218398635991,6820.684574525435,27.56,60.7
2026-12-01 19:00:00,future,11492,20569.142287385686,93.82941844136302,6535.394930904264,26.83,62.4
2026-12-01 20:00:00,future,11493,16983.5433966688,87.27839267051635,6061.485725585975,25.99,64.3
2026-12-01 21:00:00,future,11494,13688.297456209211,81.16884563702293,5609.031121258997,25.08,66.4
2026-12-01 22:00:00,future,11495,10633.912843656895,75.46942174125694,5182.719283137948,24.18,68.5
2026-12-01 23:00:00,future,11496,8582.07503392669,71.48247180038696,4866.249504621145,23.33,70.4
2026-12-02 00:00:00,future,11497,6425.336738644228,65.72992083392164,4711.036437184089,23.14,70.0
2026-12-02 01:00:00,future,11498,5704.129566305413,64.19384581562812,4564.6077635858655,22.59,71.2
2026-12-02 02:00:00,future,11499,5580.52751958037,63.77372135602838,4507.897542895557,22.24,72.0
2026-12-02 03:00:00,future,11500,6190.30705384592,64.7136216077722,4559.381152604821,22.12,72.3
2026-12-02 04:00:00,future,11501,7716.363433173599,67.32366850004722,4740.186070365366,22.24,72.0
2026-12-02 05:00:00,future,11502,10320.273097522071,71.86628237347902,5066.648756824739,22.59,71.2
2026-12-02 06:00:00,future,11503,14274.185157558242,78.77539724492793,5564.65886667869,23.14,70.0
2026-12-02 07:00:00,future,11504,17883.207163609422,85.22168496241002,6047.41142266542,23.87,68.3
2026-12-02 08:00:00,future,11505,19500.136934220896,88.42441322475794,6327.107051087348,24.71,66.4
2026-12-02 09:00:00,future,11506,17341.73625308091,85.39514761764974,6204.860063895808,25.62,64.3
2026-12-02 10:00:00,future,11507,14229.93943149168,80.77511985606642,5977.687722610419,26.52,62.2
2026-12-02 11:00:00,future,11508,12567.66003124183,78.53364797029963,5901.980433245441,27.37,60.3
2026-12-02 12:00:00,future,11509,11866.25838578758,77.80949854543852,5914.705160619582,28.09,58.7
2026-12-02 13:00:00,future,11510,11876.305885754007,78.16969755271015,5985.025984313714,28.65,57.4
2026-12-02 14:00:00,future,11511,12791.566187317783,79.90562766147875,6127.835108531887,29.0,56.6
2026-12-02 15:00:00,future,11512,14563.27244519264,82.92396625782483,6335.356333569455,29.12,56.3
2026-12-02 16:00:00,future,11513,17126.60195133374,87.11083838564808,6599.303477306589,29.0,56.6
2026-12-02 17:00:00,future,11514,20494.63601043284,92.49412023780498,6922.335447634038,28.65,57.4
2026-12-02 18:00:00,future,11515,22149.84745011637,94.90172805466192,7033.124298370117,28.09,58.7
2026-12-02 19:00:00,future,11516,20212.219872872833,91.23957879783391,6733.384914023123,27.37,60.3
2026-12-02 20:00:00,future,11517,16675.511567513597,84.83987584434713,6243.662438496724,26.52,62.2
2026-12-02 21:00:00,future,11518,13402.496157697537,78.84778410661835,5776.437507985502,25.62,64.3
2026-12-02 22:00:00,future,11519,10387.072729748535,73.27769898513206,5335.991464294258,24.71,66.4
2026-12-02 23:00:00,future,11520,8388.668420983382,69.44092648810492,5014.807555723566,23.87,68.3
2026-12-03 00:00:00,future,11521,6396.871729205603,65.46564186347955,4812.045033072987,22.95,72.9
2026-12-03 01:00:00,future,11522,5648.655500120295,63.90382543948698,4659.809647139262,22.4,74.2
2026-12-03 02:00:00,future,11523,5592.572624094783,63.59602331333962,4608.974673215167,22.05,75.0
2026-12-03 03:00:00,future,11524,6190.482123822037,64.4984708438966,4659.189866716491,21.93,75.3
2026-12-03 04:00:00,future,11525,7738.320714152096,67.10070264060076,4844.169567228724,22.05,75.0
2026-12-03 05:00:00,future,11526,10342.969709810344,71.57111222054125,5174.3522153607255,22.4,74.2
2026-12-03 06:00:00,future,11527,14373.519619963612,78.49400856370765,5686.363348416419,22.95,72.9
2026-12-03 07:00:00,future,11528,17987.885425631306,84.84833498215546,6175.73891778988,23.68,71.3
2026-12-03 08:00:00,future,11529,19666.61921624186,88.1091164465462,6466.995081526231,24.52,69.3
2026-12-03 09:00:00,future,11530,17453.373452276828,85.05631539666007,6340.589920259233,25.43,67.3
2026-12-03 10:00:00,future,11531,14287.290588542564,80.44723264656773,6109.744530555899,26.34,65.2
2026-12-03 11:00:00,future,11532,12608.556533518104,78.22421654633997,6032.98951079542,27.18,63.3
2026-12-03 12:00:00,future,11533,12040.004308977956,77.74034929116704,6062.599722416654,27.9,61.6
2026-12-03 13:00:00,future,11534,12172.389122942506,78.30249712727894,6148.610778673113,28.46,60.3
2026-12-03 14:00:00,future,11535,13194.74349830301,80.1885235398338,6305.358522100522,28.81,59.5
2026-12-03 15:00:00,future,11536,15042.72550913585,83.28098363776482,6523.236865422281,28.93,59.3
2026-12-03 16:00:00,future,11537,17770.49849757234,87.6621659617281,6806.905845885584,28.81,59.5
2026-12-03 17:00:00,future,11538,21107.831878764417,92.89687642621047,7128.022351568239,28.46,60.3
2026-12-03 18:00:00,future,11539,22781.609775522884,95.28475853223023,7239.984323594142,27.9,61.6
2026-12-03 19:00:00,future,11540,20709.63329318062,91.45581459818143,6920.946442325827,27.18,63.3
2026-12-03 20:00:00,future,11541,17085.966435043145,85.01834769422165,6416.506667335165,26.34,65.2
2026-12-03 21:00:00,future,11542,13741.193774748495,78.99316220771097,5933.698864472605,25.43,67.3
2026-12-03 22:00:00,future,11543,10675.042682365249,73.4230530900028,5481.430699715031,24.52,69.3
2026-12-03 23:00:00,future,11544,8532.139556942075,69.40413758387425,5139.297055061204,23.68,71.3
2026-12-04 00:00:00,future,11545,6414.508702183479,66.88315878971503,4922.27392340228,23.22,70.3
2026-12-04 01:00:00,future,11546,5569.674457261333,65.08472656187607,4753.755709310414,22.67,71.6
2026-12-04 02:00:00,future,11547,5453.794810487998,64.6678363892725,4695.41053241416,22.32,72.4
2026-12-04 03:00:00,future,11548,5964.338432735469,65.4742051394712,4739.20117281109,22.2,72.7
2026-12-04 04:00:00,future,11549,7439.615436913688,68.09366654371279,4925.631989845157,22.32,72.4
2026-12-04 05:00:00,future,11550,10099.319241417215,72.89902433075119,5278.889455015367,22.67,71.6
2026-12-04 06:00:00,future,11551,14132.910333917276,80.19852710758171,5817.088716364665,23.22,70.3
2026-12-04 07:00:00,future,11552,17648.571679039127,86.71611571432913,6318.34006281422,23.95,68.7
2026-12-04 08:00:00,future,11553,19118.61272085763,89.7729049961852,6596.552083949457,24.79,66.8
2026-12-04 09:00:00,future,11554,16835.1655450798,86.39777594306767,6448.594439139032,25.7,64.7
2026-12-04 10:00:00,future,11555,13770.95816452676,81.66952223183708,6208.83802116187,26.6,62.6
2026-12-04 11:00:00,future,11556,12165.3768488112,79.42661391121963,6131.768146599845,27.45,60.7
2026-12-04 12:00:00,future,11557,11477.82281850112,78.68684362548635,6144.446405578641,28.17,59.0
2026-12-04 13:00:00,future,11558,11402.3784303817,78.90386046944285,6207.557444234634,28.73,57.8
2026-12-04 14:00:00,future,11559,12316.13799174723,80.69720984216666,6358.402957942757,29.08,57.0
2026-12-04 15:00:00,future,11560,14208.035077123504,84.03540163832821,6593.133647086156,29.2,56.7
2026-12-04 16:00:00,future,11561,16900.3181184134,88.60558902925663,6889.859130692299,29.08,57.0
2026-12-04 17:00:00,future,11562,20181.98871881812,94.04996846636533,7225.400974200426,28.73,57.8
2026-12-04 18:00:00,future,11563,21777.84760753019,96.45588834391614,7338.555625188158,28.17,59.0
2026-12-04 19:00:00,future,11564,19701.00863768014,92.42667759850863,7005.393946438255,27.45,60.7
2026-12-04 20:00:00,future,11565,16205.212136694374,85.86896529856963,6491.047546922675,26.6,62.6
2026-12-04 21:00:00,future,11566,13063.884000998014,79.89176534841792,6011.379757255166,25.7,64.7
2026-12-04 22:00:00,future,11567,10211.044915711607,74.40605162407742,5563.874099353612,24.79,66.8
2026-12-04 23:00:00,future,11568,8234.38738483259,70.47527502339481,5226.928683611624,23.95,68.7
2026-12-05 00:00:00,future,11569,5955.1429645789085,67.96560365901506,4794.327333669467,22.82,71.9
2026-12-05 01:00:00,future,11570,5072.175673494012,65.89639432485427,4613.944974285876,22.27,73.2
2026-12-05 02:00:00,future,11571,4800.4547627563115,65.14462553601231,4535.592900378793,21.92,74.0
2026-12-05 03:00:00,future,11572,5270.132451572446,65.98281119532903,4579.405788665167,21.8,74.2
2026-12-05 04:00:00,future,11573,6612.115003099409,68.67220852569487,4763.085475336477,21.92,74.0
2026-12-05 05:00:00,future,11574,9124.582550207344,73.7870579532945,5122.811071046466,22.27,73.2
2026-12-05 06:00:00,future,11575,12708.586317581545,81.11560351181583,5642.366156840014,22.82,71.9
2026-12-05 07:00:00,future,11576,15829.052051772596,87.65609303195974,6126.461899501661,23.55,70.2
2026-12-05 08:00:00,future,11577,17001.725490930618,90.47391643592158,6379.87218238846,24.39,68.3
2026-12-05 09:00:00,future,11578,14922.05291065047,87.00345579597736,6233.727413495894,25.3,66.2
2026-12-05 10:00:00,future,11579,12257.142329531936,82.39344615523247,6014.093534002438,26.21,64.2
2026-12-05 11:00:00,future,11580,10878.822243733634,80.24409019242627,5947.172182530033,27.05,62.2
2026-12-05 12:00:00,future,11581,10337.97424983692,79.64907253783467,5970.248149486978,27.77,60.6
2026-12-05 13:00:00,future,11582,10327.649384550255,79.98526619407733,6039.7223935172615,28.33,59.3
2026-12-05 14:00:00,future,11583,11158.38958915053,81.82553210176121,6188.27126027759,28.68,58.5
2026-12-05 15:00:00,future,11584,12893.43033282185,85.28027458994826,6421.307784532419,28.8,58.2
2026-12-05 16:00:00,future,11585,15294.538703921844,89.87925483362103,6707.652980743054,28.68,58.5
2026-12-05 17:00:00,future,11586,18107.107065461376,95.13307480246193,7016.599194252063,28.33,59.3
2026-12-05 18:00:00,future,11587,19357.67075696512,97.21181816867039,7102.863381664746,27.77,60.6
2026-12-05 19:00:00,future,11588,17438.067029966514,93.01595536770719,6770.825234558867,27.05,62.2
2026-12-05 20:00:00,future,11589,14356.892136630866,86.48198413667464,6277.761897278641,26.21,64.2
2026-12-05 21:00:00,future,11590,11608.850832366172,80.55213836212833,5817.6842419565655,25.3,66.2
2026-12-05 22:00:00,future,11591,9082.006981518633,75.0529982776775,5385.38264371814,24.39,68.3
2026-12-05 23:00:00,future,11592,7365.679736552809,71.17659673917505,5063.705032656528,23.55,70.2
2026-12-06 00:00:00,future,11593,5836.245616126733,62.47970430601143,4872.27018546613,22.87,70.2
2026-12-06 01:00:00,future,11594,5179.750606825824,61.05501317135973,4722.505359191558,22.32,71.5
2026-12-06 02:00:00,future,11595,5161.4874615906265,60.81662459293386,4674.765207768351,21.97,72.3
2026-12-06 03:00:00,future,11596,5840.6740424373065,61.88140405420988,4740.005773432746,21.85,72.6
2026-12-06 04:00:00,future,11597,7325.960129747737,64.43702255487094,4932.464643471394,21.97,72.3
2026-12-06 05:00:00,future,11598,9624.240843976126,68.48907488678364,5251.660863417208,22.32,71.5
2026-12-06 06:00:00,future,11599,13453.08263048455,75.21998123760552,5779.121368813844,22.87,70.2
2026-12-06 07:00:00,future,11600,16819.21012334209,81.28381962326151,6274.92550483459,23.6,68.6
2026-12-06 08:00:00,future,11601,18519.382065571852,84.62642442567217,6586.703704549343,24.44,66.7
2026-12-06 09:00:00,future,11602,16552.027086731745,81.87612076003727,6470.943843165939,25.35,64.6
2026-12-06 10:00:00,future,11603,13601.10798268598,77.47472354498267,6236.780175967673,26.25,62.5
2026-12-06 11:00:00,future,11604,12038.058530581842,75.36505031540348,6161.34515614164,27.1,60.6
2026-12-06 12:00:00,future,11605,11490.132895517709,74.87612253225512,6189.845094374971,27.82,58.9
2026-12-06 13:00:00,future,11606,11515.08686516479,75.2504069695482,6265.721305447267,28.38,57.7
2026-12-06 14:00:00,future,11607,12300.217515083155,76.77149391228033,6404.763752401011,28.73,56.9
2026-12-06 15:00:00,future,11608,13895.497332962072,79.51109305812786,6610.318339800926,28.85,56.6
2026-12-06 16:00:00,future,11609,16335.322604570913,83.5207989310504,6885.178367868909,28.73,56.9
2026-12-06 17:00:00,future,11610,19671.27163709287,88.8928221221554,7236.786564961579,28.38,57.7
2026-12-06 18:00:00,future,11611,21314.465610304993,91.3087597566795,7359.517982374618,27.82,58.9
2026-12-06 19:00:00,future,11612,19408.320401368233,87.6928941586138,7038.8394082184905,27.1,60.6
2026-12-06 20:00:00,future,11613,15953.852975664531,81.41003458071386,6516.895081534928,26.25,62.5
2026-12-06 21:00:00,future,11614,12740.033934877178,75.50000317679105,6017.092658723317,25.35,64.6
2026-12-06 22:00:00,future,11615,9831.049778620203,70.09391451364185,5552.28162083031,24.44,66.7
2026-12-06 23:00:00,future,11616,7969.453887123176,66.48130448292186,5221.284485599709,23.6,68.6
2026-12-07 00:00:00,future,11617,5792.700399844971,73.79712057652958,4556.477818669608,22.12,73.7
2026-12-07 01:00:00,future,11618,5069.495175201597,71.88702234114508,4402.318291884521,21.57,74.9
2026-12-07 02:00:00,future,11619,4926.83709586373,71.33726049959493,4341.818190106989,21.22,75.7
2026-12-07 03:00:00,future,11620,5322.766827518513,72.0813569110094,4373.747150315739,21.1,76.0
2026-12-07 04:00:00,future,11621,6651.018493652204,74.95191717190357,4545.97161323734,21.22,75.7
2026-12-07 05:00:00,future,11622,9202.214767585983,80.55105413533656,4891.65708924385,21.57,74.9
2026-12-07 06:00:00,future,11623,12905.162198974478,88.70802701116553,5398.635972700613,22.12,73.7
2026-12-07 07:00:00,future,11624,16151.807830332991,96.0373114172423,5874.013228662771,22.85,72.0
2026-12-07 08:00:00,future,11625,17376.118289498663,99.20566247716728,6123.639403333989,23.69,70.1
2026-12-07 09:00:00,future,11626,15206.97856944413,95.30995895694645,5980.182420852254,24.6,68.0
2026-12-07 10:00:00,future,11627,12520.865381297142,90.33044743471159,5775.512677744511,25.51,65.9
2026-12-07 11:00:00,future,11628,11257.593049271396,88.283710484968,5730.594123657332,26.35,64.0
2026-12-07 12:00:00,future,11629,10783.721879262648,87.80596234656029,5764.193908086474,27.07,62.3
2026-12-07 13:00:00,future,11630,10689.139312239024,88.00877346190826,5822.768411330377,27.63,61.1
2026-12-07 14:00:00,future,11631,11337.662431572053,89.6190550634161,5943.165969193126,27.98,60.3
2026-12-07 15:00:00,future,11632,12777.65505773067,92.72387443837006,6128.621232262681,28.1,60.0
2026-12-07 16:00:00,future,11633,15204.80168294015,97.72631147833494,6401.058460610317,27.98,60.3
2026-12-07 17:00:00,future,11634,18242.234315300982,103.84344450314426,6717.100180645183,27.63,61.1
2026-12-07 18:00:00,future,11635,19583.881042909827,106.25503857430286,6806.18555679286,27.07,62.3
2026-12-07 19:00:00,future,11636,17743.785727639915,101.88167626328837,6498.598255977986,26.35,64.0
2026-12-07 20:00:00,future,11637,14632.216029762494,94.75678431483767,6025.509263292622,25.51,65.9
2026-12-07 21:00:00,future,11638,11814.955165308678,88.1987582177946,5578.546496592344,24.6,68.0
2026-12-07 22:00:00,future,11639,9376.190303174835,82.43422931425036,5176.399927662145,23.69,70.1
2026-12-07 23:00:00,future,11640,7813.258656322128,78.55597653689128,4886.678972534854,22.85,72.0
2026-12-08 00:00:00,future,11641,6345.867942060682,67.38161633382659,4563.973950195708,22.62,71.8
2026-12-08 01:00:00,future,11642,5680.97770304516,65.89893801037438,4425.7674979125795,22.06,73.1
2026-12-08 02:00:00,future,11643,5528.758093068859,65.41641978084185,4366.865346930193,21.71,73.9
2026-12-08 03:00:00,future,11644,6227.831552259652,66.51809913294029,4425.058025322474,21.59,74.2
2026-12-08 04:00:00,future,11645,7881.90479932878,69.3853432955159,4612.395543463395,21.71,73.9
2026-12-08 05:00:00,future,11646,10569.852059981647,74.14473430684588,4935.878609341158,22.06,73.1
2026-12-08 06:00:00,future,11647,14762.491653828323,81.5774740229935,5442.174730707544,22.62,71.8
2026-12-08 07:00:00,future,11648,18280.712289919677,87.97592095529556,5897.767153997099,23.34,70.2
2026-12-08 08:00:00,future,11649,19901.59782109316,91.25809711746864,6171.367942627144,24.19,68.3
2026-12-08 09:00:00,future,11650,17619.52307726872,87.98961816835157,6043.874721735335,25.09,66.2
2026-12-08 10:00:00,future,11651,14421.757576863758,83.18314462515576,5822.066335689767,26.0,64.1
2026-12-08 11:00:00,future,11652,12803.423213613678,80.99545542084029,5756.453846047126,26.84,62.2
2026-12-08 12:00:00,future,11653,12163.314005339333,80.3867262197762,5779.390187999434,27.57,60.5
2026-12-08 13:00:00,future,11654,12083.527762645264,80.61339955585578,5839.896188193701,28.13,59.3
2026-12-08 14:00:00,future,11655,12911.895151948702,82.2363391682231,5969.348422901018,28.48,58.5
2026-12-08 15:00:00,future,11656,14752.707917970867,85.41209584440449,6174.941445248223,28.59,58.2
2026-12-08 16:00:00,future,11657,17335.33880447807,89.69711901745883,6430.895927130071,28.48,58.5
2026-12-08 17:00:00,future,11658,20724.36600150429,95.18742759306653,6741.491785848003,28.13,59.3
2026-12-08 18:00:00,future,11659,22389.0085192462,97.63384443053316,6846.351621814396,27.57,60.5
2026-12-08 19:00:00,future,11660,20493.44838138728,93.96579918887586,6558.840448533851,26.84,62.2
2026-12-08 20:00:00,future,11661,16907.617213028694,87.37590776138849,6081.443961146712,26.0,64.1
2026-12-08 21:00:00,future,11662,13612.588541726338,81.23134140746481,5625.786286624088,25.09,66.2
2026-12-08 22:00:00,future,11663,10559.734684793611,75.50168882643776,5196.626552411182,24.19,68.3
2026-12-08 23:00:00,future,11664,8510.051972304644,71.49628397162871,4878.2845430484085,23.34,70.2
2026-12-09 00:00:00,future,11665,6354.430582108556,65.72513569063199,4721.224200843656,23.16,69.8
2026-12-09 01:00:00,future,11666,5631.921462662087,64.17307907903938,4572.60563142903,22.6,71.0
2026-12-09 02:00:00,future,11667,5507.718855434477,63.750591874226025,4515.6190357041905,22.25,71.8
2026-12-09 03:00:00,future,11668,6117.438905287233,64.69677545680273,4567.614599556238,22.13,72.1
2026-12-09 04:00:00,future,11669,7643.363183668911,67.32264766329175,4749.82096423308,22.25,71.8
2026-12-09 05:00:00,future,11670,10247.828171751287,71.89359511441333,5078.801461364744,22.6,71.0
2026-12-09 06:00:00,future,11671,14202.043212919942,78.85096837617544,5581.819754225493,23.16,69.8
2026-12-09 07:00:00,future,11672,17810.400102670606,85.32803317919425,6066.734593149946,23.88,68.1
2026-12-09 08:00:00,future,11673,19427.216823320083,88.54769689438373,6348.1188337929325,24.72,66.2
2026-12-09 09:00:00,future,11674,17268.775813506865,85.49585448744763,6224.168858544837,25.63,64.1
2026-12-09 10:00:00,future,11675,14157.231331007191,80.84986143839463,5995.698355960018,26.54,62.0
2026-12-09 11:00:00,future,11676,12495.072039935752,78.58514505806588,5917.499076354631,27.38,60.1
2026-12-09 12:00:00,future,11677,11793.145594368132,77.85287620150207,5929.733770794529,28.1,58.5
2026-12-09 13:00:00,future,11678,11802.151649348722,78.21153524298124,6000.107198216186,28.66,57.2
2026-12-09 14:00:00,future,11679,12716.695905109547,79.9559394091815,6143.76531308682,29.01,56.4
2026-12-09 15:00:00,future,11680,14488.145964398103,82.992475402453,6352.896859373604,29.13,56.1
2026-12-09 16:00:00,future,11681,17051.31114845094,87.205970357055,6619.1137763117495,29.01,56.4
2026-12-09 17:00:00,future,11682,20419.947808116813,92.62556863372136,6945.163663550421,28.66,57.2
2026-12-09 18:00:00,future,11683,22075.558539624653,95.05112976886106,7057.33770271907,28.1,58.5
2026-12-09 19:00:00,future,11684,20138.07804880004,91.36875490306194,6755.656780504613,27.38,60.1
2026-12-09 20:00:00,future,11685,16601.349250553056,84.9378668465286,6263.728534366588,26.54,62.0
2026-12-09 21:00:00,future,11686,13328.353221657906,78.9051459389808,5792.048885181684,25.63,64.1
2026-12-09 22:00:00,future,11687,10313.021373399228,73.30339137536451,5348.625555281822,24.72,66.2
2026-12-09 23:00:00,future,11688,8315.006565712525,69.44613982985135,5025.437852350972,23.88,68.1
2026-12-10 00:00:00,future,11689,6322.865365614252,65.45424988205589,4821.718223474626,22.97,72.7
2026-12-10 01:00:00,future,11690,5574.387528020905,63.87803285989799,4667.343176251016,22.41,74.0
2026-12-10 02:00:00,future,11691,5518.169241702788,63.569383147570385,4616.3455263732485,22.06,74.8
2026-12-10 03:00:00,future,11692,6115.542749360797,64.47710225798544,4667.010934796077,21.94,75.1
2026-12-10 04:00:00,future,11693,7663.11165009712,67.09487533772122,4853.398792289217,22.06,74.8
2026-12-10 05:00:00,future,11694,10268.154185945716,71.59284964478861,5186.085642880449,22.41,74.0
2026-12-10 06:00:00,future,11695,14298.497151331532,78.56323941110983,5703.163597088546,22.97,72.7
2026-12-10 07:00:00,future,11696,17912.71906397477,84.94853609738361,6194.725911673027,23.69,71.1
2026-12-10 08:00:00,future,11697,19591.191078174274,88.2324962783421,6488.988617581452,24.54,69.1
2026-12-10 09:00:00,future,11698,17377.76992251267,85.15051570192308,6359.527551759431,25.44,67.1
2026-12-10 10:00:00,future,11699,14211.941581573828,80.50930838572518,6126.0885641701225,26.35,65.0
2026-12-10 11:00:00,future,11700,12533.4658607795,78.26950927544053,6048.070876544018,27.19,63.1
2026-12-10 12:00:00,future,11701,11964.908758673177,77.78604241968009,6078.64326321015,27.92,61.4
2026-12-10 13:00:00,future,11702,12097.26705606807,78.34340823459777,6163.646877227535,28.47,60.1
2026-12-10 14:00:00,future,11703,13119.60558572072,80.24000238743471,6321.417537911415,28.82,59.3
2026-12-10 15:00:00,future,11704,14967.65802503535,83.35165929565042,6541.014027904528,28.94,59.1
2026-12-10 16:00:00,future,11705,17695.69384556768,87.76139939949168,6827.154504494348,28.82,59.3
2026-12-10 17:00:00,future,11706,21032.93019645673,93.03033432266987,7151.192334049256,28.47,60.1
2026-12-10 18:00:00,future,11707,22706.5059702831,95.44125634573847,7265.775696323877,27.92,61.4
2026-12-10 19:00:00,future,11708,20634.265449356535,91.5842283894537,6943.349459077353,27.19,63.1
2026-12-10 20:00:00,future,11709,17010.544588312932,85.1091768973358,6435.3826413227,26.35,65.0
2026-12-10 21:00:00,future,11710,13665.785559440044,79.04938597892459,5949.289023745022,25.44,67.1
2026-12-10 22:00:00,future,11711,10599.651927133322,73.45373068987107,5495.267894347148,24.54,69.1
2026-12-10 23:00:00,future,11712,8456.814194828872,69.40652497553793,5149.68473823671,23.69,71.1
2026-12-11 00:00:00,future,11713,6339.17988958237,66.86782545445118,4931.628965199518,23.24,70.1
2026-12-11 01:00:00,future,11714,5494.299587270018,65.05344138672912,4760.838930978802,22.68,71.4
2026-12-11 02:00:00,future,11715,5378.067997257421,64.63458742875092,4702.245352100012,22.33,72.2
2026-12-11 03:00:00,future,11716,5888.344721270749,65.44629433914584,4746.477522244981,22.21,72.5
2026-12-11 04:00:00,future,11717,7363.408447544858,68.08219421337978,4934.373102340844,22.33,72.2
2026-12-11 05:00:00,future,11718,10023.242827265274,72.91809524956965,5290.366954807819,22.68,71.4
2026-12-11 06:00:00,future,11719,14056.815088055628,80.2697442375469,5833.981655158399,23.24,70.1
2026-12-11 07:00:00,future,11720,17572.470136322605,86.82121997638387,6337.614130358464,23.96,68.5
2026-12-11 08:00:00,future,11721,19042.334951911856,89.90072120259552,6618.766665918886,24.81,66.6
2026-12-11 09:00:00,future,11722,16758.810082456337,86.49334397612948,6467.498677913517,25.71,64.5
2026-12-11 10:00:00,future,11723,13694.70883940133,81.73667147383745,6226.250833712934,26.62,62.4
2026-12-11 11:00:00,future,11724,12089.242166971151,79.46956143616978,6146.547089568583,27.46,60.5
2026-12-11 12:00:00,future,11725,11401.67226940683,78.72820388416763,6160.020629553438,28.19,58.8
2026-12-11 13:00:00,future,11726,11326.137131245,78.93805688626907,6221.909062171123,28.74,57.6
2026-12-11 14:00:00,future,11727,12239.77032468229,80.74162406944895,6373.735537309396,29.09,56.8
2026-12-11 15:00:00,future,11728,14131.624470277917,84.10129375213724,6610.362619523715,29.21,56.5
2026-12-11 16:00:00,future,11729,16823.978378118318,88.70224703710576,6909.725171694745,29.09,56.8
2026-12-11 17:00:00,future,11730,20105.711606458484,94.18406697109765,7248.424625639379,28.74,57.6
2026-12-11 18:00:00,future,11731,21701.598996756893,96.6143539705425,7364.297114485291,28.19,58.8
2026-12-11 19:00:00,future,11732,19624.726975547328,92.55517027859962,7027.602595859959,27.46,60.5
2026-12-11 20:00:00,future,11733,16128.88795023428,85.96370085627638,6510.857194601352,26.62,62.4
2026-12-11 21:00:00,future,11734,12987.576643608843,79.94447726245956,6026.562749939089,25.71,64.5
2026-12-11 22:00:00,future,11735,10134.790069122964,74.43248643820388,5577.288689931617,24.81,66.6
2026-12-11 23:00:00,future,11736,8158.169494971472,70.47298773291203,5236.885825723728,23.96,68.5
2026-12-12 00:00:00,future,11737,5878.807088206257,67.9426596134558,4803.4057537582985,22.84,71.7
2026-12-12 01:00:00,future,11738,4995.696992968053,65.85411422792328,4620.552510392604,22.28,73.0
2026-12-12 02:00:00,future,11739,4723.615332463993,65.09771532334143,4541.740835990203,21.93,73.8
2026-12-12 03:00:00,future,11740,5193.042681138308,65.94212373458096,4586.041639267181,21.81,74.0
2026-12-12 04:00:00,future,11741,6534.842034597214,68.65038702920754,4771.307836046546,21.93,73.8
2026-12-12 05:00:00,future,11742,9047.403789815042,73.80142644492533,5134.09295972706,22.28,73.0
2026-12-12 06:00:00,future,11743,12631.37046869762,81.18762825028344,5659.270851221788,22.84,71.7
2026-12-12 07:00:00,future,11744,15751.83375305686,87.76649482254362,6145.964635102181,23.56,70.0
2026-12-12 08:00:00,future,11745,16924.469549974907,90.60747486715721,6402.241746381945,24.41,68.1
2026-12-12 09:00:00,future,11746,14844.745612923456,87.10085700573515,6252.625324998874,25.31,66.0
2026-12-12 10:00:00,future,11747,12179.91597960034,82.45293367814493,6030.115153361567,26.22,64.0
2026-12-12 11:00:00,future,11748,10801.683802024114,80.28409248714526,5961.81171363581,27.06,62.0
2026-12-12 12:00:00,future,11749,10260.839766783807,79.68776812994062,5985.713355523322,27.79,60.4
2026-12-12 13:00:00,future,11750,10250.46206018058,80.01739822018881,6054.053508649537,28.34,59.1
2026-12-12 14:00:00,future,11751,11081.111887167866,81.86941332705238,6203.661852599434,28.69,58.3
2026-12-12 15:00:00,future,11752,12816.128838518647,85.34896219991926,6438.767080688948,28.81,58.0
2026-12-12 16:00:00,future,11753,15217.31707633408,89.98246683266848,6727.912193970851,28.69,58.3
2026-12-12 17:00:00,future,11754,18029.940224107224,95.27663215641229,7040.076661904215,28.34,59.1
2026-12-12 18:00:00,future,11755,19280.496404553356,97.3795782693841,7128.925032687929,27.79,60.4
2026-12-12 19:00:00,future,11756,17360.8061761388,93.14963187345484,6793.158802685734,27.06,62.0
2026-12-12 20:00:00,future,11757,14279.573116739715,86.57135380432207,6296.23975805753,26.22,64.0
2026-12-12 21:00:00,future,11758,11531.514786263491,80.60204523412489,5832.6842649014825,25.31,66.0
2026-12-12 22:00:00,future,11759,9004.677019911338,75.07301813418825,5398.4342108293895,24.41,68.1
2026-12-12 23:00:00,future,11760,7288.36967509026,71.16564119776389,5073.24852718754,23.56,70.0
2026-12-13 00:00:00,future,11761,5758.857616550311,62.45592400977247,4880.596802548039,22.89,72.0
2026-12-13 01:00:00,future,11762,5102.269055067099,61.01753671981486,4728.690102012165,22.33,73.3
2026-12-13 02:00:00,future,11763,5083.984776148175,60.778875096404114,4680.83785783677,21.98,74.1
2026-12-13 03:00:00,future,11764,5762.895518372533,61.85099858284751,4746.721809773606,21.86,74.4
2026-12-13 04:00:00,future,11765,7247.997090577932,64.4234123589091,4940.736877418136,21.98,74.1
2026-12-13 05:00:00,future,11766,9546.410511195589,68.50217025387656,5262.433833333333,22.33,73.3
2026-12-13 06:00:00,future,11767,13375.262207308304,75.28314784405372,5795.331008390409,22.89,72.0
2026-12-13 07:00:00,future,11768,16741.37300704895,81.37982232949635,6293.524205953368,23.61,70.4
2026-12-13 08:00:00,future,11769,18441.44031211604,84.7478255262742,6608.582753211508,24.46,68.5
2026-12-13 09:00:00,future,11770,16473.971046982202,81.96881545351596,6489.690552805119,25.36,66.4
2026-12-13 10:00:00,future,11771,13523.120501878468,77.53957564851629,6253.998207852855,26.27,64.3
2026-12-13 11:00:00,future,11772,11960.165180393662,75.40619619262937,6175.861552267955,27.11,62.4
2026-12-13 12:00:00,future,11773,11412.212179023518,74.9169104134077,6205.278089777329,27.84,60.7
2026-12-13 13:00:00,future,11774,11437.09897309839,75.28547343731829,6280.012609582962,28.39,59.5
2026-12-13 14:00:00,future,11775,12222.146812445097,76.81548555299571,6419.953561515278,28.74,58.7
2026-12-13 15:00:00,future,11776,13817.402996148943,79.57341702854814,6627.19825606161,28.86,58.4
2026-12-13 16:00:00,future,11777,16257.304693341037,83.61132638946118,6904.578149881923,28.74,58.7
2026-12-13 17:00:00,future,11778,19593.310779682244,89.02181756612283,7259.577946570284,28.39,59.5
2026-12-13 18:00:00,future,11779,21236.50650105492,91.46256798462842,7385.181016091114,27.84,60.7
2026-12-13 19:00:00,future,11780,19330.315330967012,87.81868879949302,7061.020470047138,27.11,62.4
2026-12-13 20:00:00,future,11781,15875.81839266854,81.50188911282797,6536.558464608423,26.27,64.3
2026-12-13 21:00:00,future,11782,12662.027979375202,75.54890348730233,6031.874181167645,25.36,66.4
2026-12-13 22:00:00,future,11783,9753.119333224578,70.11532581958109,5565.110824163299,24.46,68.5
2026-12-13 23:00:00,future,11784,7891.604274952573,66.4754192012841,5230.662316648565,23.61,70.4
2026-12-14 00:00:00,future,11785,5714.716940316671,73.7596560031689,4564.94505123996,22.14,73.5
2026-12-14 01:00:00,future,11786,4991.390667703581,71.83111502364814,4408.570375099473,21.58,74.7
2026-12-14 02:00:00,future,11787,4848.458031007019,71.27859942343503,4347.785702920521,21.23,75.5
2026-12-14 03:00:00,future,11788,5244.171903974739,72.02827691267277,4380.098584596919,21.11,75.8
2026-12-14 04:00:00,future,11789,6572.213812820286,74.91864505528481,4553.810870699784,21.23,75.5
2026-12-14 05:00:00,future,11790,9123.497856115797,80.55686311407246,4902.444325085008,21.58,74.7
2026-12-14 06:00:00,future,11791,12826.45137698415,88.77746661427291,5414.947294002386,22.14,73.5
2026-12-14 07:00:00,future,11792,16073.132640294902,96.1491615920233,5892.893800935546,22.86,71.8
2026-12-14 08:00:00,future,11793,17297.333645088805,99.34310786877394,6145.343142589425,23.71,69.9
2026-12-14 09:00:00,future,11794,15128.147050344473,95.40706837928988,5998.454133489047,24.61,67.8
2026-12-14 10:00:00,future,11795,12442.094811917435,90.38672898825106,5791.037385856702,25.52,65.7
2026-12-14 11:00:00,future,11796,11178.9207284757,88.3209364873991,5744.944342900349,26.36,63.8
2026-12-14 12:00:00,future,11797,10705.066248567622,87.84315898245495,5779.456973013189,27.09,62.1
2026-12-14 13:00:00,future,11798,10610.419239185874,88.04439026792899,5838.06659192227,27.65,60.9
2026-12-14 14:00:00,future,11799,11258.85365082767,89.65720875040033,5958.0207806692915,27.99,60.1
2026-12-14 15:00:00,future,11800,12698.822792817473,92.78393301746478,6145.110731538191,28.11,59.8
2026-12-14 16:00:00,future,11801,15126.065333024131,97.82357845296335,6420.23413134727,27.99,60.1
2026-12-14 17:00:00,future,11802,18163.573904454617,103.99434555514246,6740.827861002837,27.65,60.9
2026-12-14 18:00:00,future,11803,19505.22718838687,106.42641058139533,6831.2617897045475,27.09,62.1
2026-12-14 19:00:00,future,11804,17665.040434198712,102.01763990186778,6520.17243188304,26.36,63.8
2026-12-14 20:00:00,future,11805,14553.408638442914,94.8451788178573,6043.383913093301,25.52,65.7
2026-12-14 21:00:00,future,11806,11736.135198786813,88.24417555322093,5593.037183942238,24.61,67.8
2026-12-14 22:00:00,future,11807,9297.391628314148,82.44967418144508,5189.181362817704,23.71,69.9
2026-12-14 23:00:00,future,11808,7734.480012289612,78.54047456435507,4896.248960138786,22.86,71.8
2026-12-15 00:00:00,future,11809,6266.998702880157,67.34638591254094,4571.0085968535595,22.63,71.6
2026-12-15 01:00:00,future,11810,5602.060954767492,65.86281506573356,4433.298549344343,22.08,72.9
2026-12-15 02:00:00,future,11811,5449.81773043661,65.37860397203586,4374.172774087024,21.73,73.7
2026-12-15 03:00:00,future,11812,6148.80452877893,66.48780321641503,4432.951526763335,21.61,74.0
2026-12-15 04:00:00,future,11813,7802.647164746877,69.37277884413479,4621.771366366084,21.73,73.7
2026-12-15 05:00:00,future,11814,10490.353211740678,74.16120415231931,4947.715048825955,22.08,72.9
2026-12-15 06:00:00,future,11815,14683.018761465895,81.6334631442732,5456.6634125878,22.63,71.6
2026-12-15 07:00:00,future,11816,18201.37392284177,88.07711578632265,5916.819182455311,23.36,70.0
2026-12-15 08:00:00,future,11817,19822.376547156677,91.37076723546011,6190.855342338021,24.2,68.1
2026-12-15 09:00:00,future,11818,17540.35151915418,88.08377210746394,6062.779641803323,25.11,66.0
2026-12-15 10:00:00,future,11819,14342.56540159729,83.24217642942138,5838.334373066553,26.02,63.9
2026-12-15 11:00:00,future,11820,12724.188770199116,81.03664164954914,5771.476402726144,26.86,62.0
2026-12-15 12:00:00,future,11821,12084.089982164824,80.41443197195292,5792.788210427114,27.58,60.3
2026-12-15 13:00:00,future,11822,12004.27886226034,80.64016381072601,5853.356616747985,28.14,59.1
2026-12-15 14:00:00,future,11823,12832.5512409995,82.27200533694393,5983.623914008643,28.49,58.3
2026-12-15 15:00:00,future,11824,14673.28400095641,85.47424656249865,6192.1110235527385,28.61,58.0
2026-12-15 16:00:00,future,11825,17255.852816598897,89.7810239454917,6449.107398435222,28.49,58.3
2026-12-15 17:00:00,future,11826,20645.025542877534,95.30873806630558,6762.660403568362,28.14,59.1
2026-12-15 18:00:00,future,11827,22309.75980268232,97.77357958031516,6868.880431881668,27.58,60.3
2026-12-15 19:00:00,future,11828,20414.22573986833,94.09128640273703,6580.73282416419,26.86,62.0
2026-12-15 20:00:00,future,11829,16828.340103994567,87.4620398454556,6099.923380778406,26.02,63.9
2026-12-15 21:00:00,future,11830,13533.274862210666,81.28133897723161,5641.097336683597,25.11,66.0
2026-12-15 22:00:00,future,11831,10480.454781638988,75.51187469152046,5207.763816623001,24.2,68.1
2026-12-15 23:00:00,future,11832,8430.863648024844,71.49064927150773,4888.625402398348,23.36,70.0
2026-12-16 00:00:00,future,11833,6275.118224104518,65.6913524750543,4728.235532610446,23.17,69.6
2026-12-16 01:00:00,future,11834,5552.54030914611,64.1311359915521,4578.790660637567,22.61,70.8
2026-12-16 02:00:00,future,11835,5428.31181648028,63.707217606639915,4521.5984001894685,22.26,71.6
2026-12-16 03:00:00,future,11836,6037.805554392413,64.65979726613286,4574.114873465021,22.14,71.9
2026-12-16 04:00:00,future,11837,7563.5769506715105,67.30238085075173,4757.7734476529795,22.26,71.6
2026-12-16 05:00:00,future,11838,10168.155723229223,71.90248514157358,5089.309552197738,22.61,70.8
2026-12-16 06:00:00,future,11839,14122.347080611622,78.90379541775879,5596.193154343715,23.17,69.6
2026-12-16 07:00:00,future,11840,17730.737490127034,85.42105102479339,6084.692436365704,23.89,67.9
2026-12-16 08:00:00,future,11841,19347.481103958133,88.66472047098104,6369.041064422846,24.74,66.0
2026-12-16 09:00:00,future,11842,17188.958955582464,85.58262342268556,6242.0266573734125,25.64,63.9
2026-12-16 10:00:00,future,11843,14077.460011950683,80.90212743100918,6010.847923634025,26.55,61.8
2026-12-16 11:00:00,future,11844,12415.37584481668,78.6190720946863,5931.294112038351,27.39,59.9
2026-12-16 12:00:00,future,11845,11713.443560899574,77.88513820899908,5944.283460608742,28.12,58.3
2026-12-16 13:00:00,future,11846,11722.393765346342,78.2438139218827,6014.796187012166,28.68,57.0
2026-12-16 14:00:00,future,11847,12636.8531725272,79.99825051398764,6159.393435606342,29.03,56.2
2026-12-16 15:00:00,future,11848,14408.272871737065,83.04829831617674,6368.980927882169,29.14,55.9
2026-12-16 16:00:00,future,11849,16971.493564468445,87.296519737801,6638.834552267356,29.03,56.2
2026-12-16 17:00:00,future,11850,20340.187266450856,92.75366281343578,6967.983571830771,28.68,57.0
2026-12-16 18:00:00,future,11851,21995.785328091657,95.19760053176654,7081.581361472203,28.12,58.3
2026-12-16 19:00:00,future,11852,20058.2519712124,91.48744468642306,6776.648912716504,27.39,59.9
2026-12-16 20:00:00,future,11853,16521.47097913333,85.01712854104663,6281.172389168996,26.55,61.8
2026-12-16 21:00:00,future,11854,13248.477141635183,78.94800219708297,5806.182197340772,25.64,63.9
2026-12-16 22:00:00,future,11855,10233.187404548542,73.31891016411794,5360.937334077549,24.74,66.0
2026-12-16 23:00:00,future,11856,8235.258340049768,69.43343567953646,5034.4269667299195,23.89,67.9
2026-12-17 00:00:00,future,11857,6243.040928533882,65.41615077271081,4827.947223589542,22.98,72.5
2026-12-17 01:00:00,future,11858,5494.493090427119,63.83796653709698,4674.023088235082,22.43,73.8
2026-12-17 02:00:00,future,11859,5438.218735962704,63.52864585066783,4622.88888420452,22.08,74.6
2026-12-17 03:00:00,future,11860,6035.355631008574,64.44242742990447,4674.058741335598,21.96,74.9
2026-12-17 04:00:00,future,11861,7582.69710855638,67.07650916116752,4861.892229645928,22.08,74.6
2026-12-17 05:00:00,future,11862,10187.808151137851,71.60267077534587,5197.095745463015,22.43,73.8
2026-12-17 06:00:00,future,11863,14218.10227018957,78.61023465560089,5716.772387375561,22.98,72.5
2026-12-17 07:00:00,future,11864,17832.344025179424,85.0406726191195,6213.151843341235,23.71,70.9
2026-12-17 08:00:00,future,11865,19510.75854597427,88.33639810639045,6507.881852828831,24.55,68.9
2026-12-17 09:00:00,future,11866,17297.27740861503,85.23654580271987,6377.830336460695,25.46,66.9
2026-12-17 10:00:00,future,11867,14131.502047992646,80.5550232354824,6140.36329963175,26.36,64.8
2026-12-17 11:00:00,future,11868,12453.109509827798,78.3033648835572,6062.257018482848,27.21,62.9
2026-12-17 12:00:00,future,11869,11884.586522095047,77.8075844742272,6091.183160476728,27.93,61.2
2026-12-17 13:00:00,future,11870,12016.924162440522,78.37247725272677,6177.712098331211,28.49,59.9
2026-12-17 14:00:00,future,11871,13039.196127661517,80.27996163482824,6336.507290511534,28.84,59.1
2026-12-17 15:00:00,future,11872,14887.212182416362,83.41148475533815,6557.851133022709,28.96,58.9
2026-12-17 16:00:00,future,11873,17615.337224238036,87.85081117460571,6846.520842185124,28.84,59.1
2026-12-17 17:00:00,future,11874,20952.629581613975,93.15586785030848,7173.6015959148845,28.49,59.9
2026-12-17 18:00:00,future,11875,22626.19755995531,95.57869757283605,7288.341875756246,27.93,61.2
2026-12-17 19:00:00,future,11876,20553.87517493983,91.70541624369562,6965.092001265633,27.21,62.9
2026-12-17 20:00:00,future,11877,16930.08281921724,85.18504523364733,6452.266732820352,26.36,64.8
2026-12-17 21:00:00,future,11878,13585.2874805292,79.09536338600385,5964.126928491925,25.46,66.9
2026-12-17 22:00:00,future,11879,10519.14815841514,73.46051733089648,5505.761714432111,24.55,68.9
2026-12-17 23:00:00,future,11880,8376.375568411144,69.39654956254854,5159.2787316144695,23.71,70.9
2026-12-18 00:00:00,future,11881,6258.687459204291,66.8267003907527,4937.632659945404,23.25,69.9
2026-12-18 01:00:00,future,11882,5413.738951910187,65.00841505569882,4767.144983002052,22.7,71.2
2026-12-18 02:00:00,future,11883,5297.245959310491,64.5877574191549,4708.327500629104,22.35,72.0
2026-12-18 03:00:00,future,11884,5807.336208027469,65.40521125053742,4753.0297372499535,22.23,72.3
2026-12-18 04:00:00,future,11885,7282.275633703493,68.05840360245823,4942.433272985899,22.35,72.0
2026-12-18 05:00:00,future,11886,9942.256317767706,72.926121130618,5301.218639049241,22.7,71.2
2026-12-18 06:00:00,future,11887,13975.832729866648,80.31943610404215,5847.759232501776,23.25,69.9
2026-12-18 07:00:00,future,11888,17491.481168486273,86.91879027599865,6356.401037305513,23.98,68.3
2026-12-18 08:00:00,future,11889,18961.18935495907,90.00919533233221,6637.921165415558,24.82,66.4
2026-12-18 09:00:00,future,11890,16677.58118213148,86.58065970085848,6485.8072359988355,25.73,64.3
2026-12-18 10:00:00,future,11891,13613.563548406217,81.78144875548237,6240.367240759816,26.63,62.2
2026-12-18 11:00:00,future,11892,12008.19844787414,79.50156365985359,6160.514556307874,27.48,60.3
2026-12-18 12:00:00,future,11893,11320.623914783486,78.74576037101316,6172.158546237456,28.2,58.6
2026-12-18 13:00:00,future,11894,11245.022976120908,78.96074707177887,6235.368588326403,28.76,57.4
2026-12-18 14:00:00,future,11895,12158.585166247158,80.7750086447829,6388.188947591268,29.11,56.6
2026-12-18 15:00:00,future,11896,14050.4317893476,84.15712580432667,6626.760706207305,29.23,56.3
2026-12-18 16:00:00,future,11897,16742.871788357825,88.79022225767872,6928.839787333656,29.11,56.6
2026-12-18 17:00:00,future,11898,20024.636312569823,94.31111281698782,7270.798026806657,28.76,57.4
2026-12-18 18:00:00,future,11899,21620.517232356466,96.75419918289005,7386.8831981701,28.2,58.6
2026-12-18 19:00:00,future,11900,19543.57798870059,92.67649831220763,7049.204468687241,27.48,60.3
2026-12-18 20:00:00,future,11901,16047.698689210132,86.0373155291914,6527.438559899147,26.63,62.2
2026-12-18 21:00:00,future,11902,12906.398032467863,79.98708451467381,6041.050285843469,25.73,64.3
2026-12-18 22:00:00,future,11903,10053.646516729288,74.4351563378942,5587.404277509246,24.82,66.4
2026-12-18 23:00:00,future,11904,8077.047760340372,70.45849862522701,5246.103678657939,23.98,68.3
2026-12-19 00:00:00,future,11905,5797.616977956197,67.8927707892566,4809.015981090883,22.85,71.5
2026-12-19 01:00:00,future,11906,4914.388292062373,65.79722141163784,4626.229861433287,22.3,72.8
2026-12-19 02:00:00,future,11907,4642.082341625816,65.03635591068962,4546.985986836517,21.95,73.6
2026-12-19 03:00:00,future,11908,5111.35888552708,65.88749955732725,4591.808640331262,21.83,73.8
2026-12-19 04:00:00,future,11909,6453.053191769139,68.61560028746553,4778.70735186773,21.95,73.6
2026-12-19 05:00:00,future,11910,8965.67178219345,73.80427113837919,5144.608685911492,22.3,72.8
2026-12-19 06:00:00,future,11911,12549.601729124082,81.23754850932957,5672.960932544262,22.85,71.5
2026-12-19 07:00:00,future,11912,15670.026452947151,87.86926145037755,6164.840621181391,23.58,69.8
2026-12-19 08:00:00,future,11913,16842.628506480767,90.72123611847312,6421.4428328738395,24.42,67.9
2026-12-19 09:00:00,future,11914,14762.883107156104,87.18973134469766,6270.7736943992995,25.33,65.8
2026-12-19 10:00:00,future,11915,12098.131768765565,82.49564529078772,6043.981971395282,26.23,63.8
2026-12-19 11:00:00,future,11916,10719.973036157702,80.31259987111551,5975.472177934553,27.08,61.8
2026-12-19 12:00:00,future,11917,10179.143121936162,79.70176295798356,5997.610275062368,27.8,60.2
2026-12-19 13:00:00,future,11918,10168.733889184774,80.03746793862128,6067.320255770971,28.36,58.9
2026-12-19 14:00:00,future,11919,10999.337443018958,81.90176564410787,6218.000665496242,28.71,58.1
2026-12-19 15:00:00,future,11920,12734.336533901724,85.40720298276908,6455.224384507589,28.83,57.8
2026-12-19 16:00:00,future,11921,15135.57565454934,90.07672183318955,6747.249805201737,28.71,58.1
2026-12-19 17:00:00,future,11922,17948.21321225958,95.41300952680096,7062.737475121757,28.36,58.9
2026-12-19 18:00:00,future,11923,19198.754293227277,97.5283296103368,7151.707599432303,27.8,60.2
2026-12-19 19:00:00,future,11924,17278.999328448328,93.27601006181432,6814.72728002795,27.08,61.8
2026-12-19 20:00:00,future,11925,14197.741319158342,86.64536182326177,6312.6358765705545,26.23,63.8
2026-12-19 21:00:00,future,11926,11449.673623061277,80.64142803319577,5846.834554667671,25.33,65.8
2026-12-19 22:00:00,future,11927,8922.834207189124,75.06837278899546,5408.071719996434,24.42,67.9
2026-12-19 23:00:00,future,11928,7206.532810878442,71.14181825389788,5081.900882246362,23.58,69.8
2026-12-20 00:00:00,future,11929,5676.973034867524,62.40726431508905,4885.51698847065,22.9,71.8
2026-12-20 01:00:00,future,11930,5020.2981063967545,60.96690281600194,4734.092069566474,22.35,73.1
2026-12-20 02:00:00,future,11931,5002.0067761737255,60.728051064962436,4686.147431442263,22.0,73.9
2026-12-20 03:00:00,future,11932,5680.723451513315,61.80795469423033,4752.705878127468,21.88,74.2
2026-12-20 04:00:00,future,11933,7165.693272543995,64.3978403447251,4948.310627998708,22.0,73.9
2026-12-20 05:00:00,future,11934,9464.19438838527,68.5041144052856,5272.537013603338,22.35,73.1
2026-12-20 06:00:00,future,11935,13293.062665279364,75.32477529751833,5808.320918762162,22.9,71.8
2026-12-20 07:00:00,future,11936,16659.15127116986,81.4674070670901,6311.549545375199,23.63,70.2
2026-12-20 08:00:00,future,11937,18359.141724211837,84.84951750982422,6627.277068002968,24.47,68.3
2026-12-20 09:00:00,future,11938,16391.59111409171,82.05274394928401,6507.772444151135,25.38,66.2
2026-12-20 10:00:00,future,11939,13440.794299416608,77.5823664523547,6267.8262135803,26.28,64.1
2026-12-20 11:00:00,future,11940,11877.91356938734,75.4363184246482,6189.514289797876,27.13,62.2
2026-12-20 12:00:00,future,11941,11329.94580684612,74.93445248996879,6217.18953062826,27.85,60.5
2026-12-20 13:00:00,future,11942,11354.78915593854,75.30911389623179,6293.365065327585,28.41,59.3
2026-12-20 14:00:00,future,11943,12139.781870985296,76.84835390939955,6434.207120053894,28.76,58.5
2026-12-20 15:00:00,future,11944,13735.01795574846,79.62526016257578,6643.172287999073,28.88,58.2
2026-12-20 16:00:00,future,11945,16174.973126988403,83.69236834398335,6923.1312965300385,28.76,58.5
2026-12-20 17:00:00,future,11946,19511.01489086587,89.14273989314628,7281.614617234281,28.41,59.3
2026-12-20 18:00:00,future,11947,21154.211601978208,91.59721086878012,7407.547250655004,27.85,60.5
2026-12-20 19:00:00,future,11948,19247.985236535325,87.93656281798093,7082.5094396733,27.13,62.2
2026-12-20 20:00:00,future,11949,15793.474454365503,81.57270443608093,6552.88883745442,26.28,64.1
2026-12-20 21:00:00,future,11950,12579.70809025236,75.58747854227515,6045.905422239493,25.38,66.2
2026-12-20 22:00:00,future,11951,9670.859565804369,70.11348029834986,5574.560869490151,24.47,68.3
2026-12-20 23:00:00,future,11952,7809.407401563061,66.45751758642359,5239.269829504161,23.63,70.2
2026-12-21 00:00:00,future,11953,5632.421820801204,73.69465046430828,4570.067248024518,22.15,73.3
2026-12-21 01:00:00,future,11954,4908.990594110082,71.76169543607799,4413.990057165937,21.6,74.5
2026-12-21 02:00:00,future,11955,4765.865656802369,71.20657979069787,4352.94595095353,21.25,75.3
2026-12-21 03:00:00,future,11956,5161.4192047845845,71.96221885122394,4385.6643135331915,21.13,75.6
2026-12-21 04:00:00,future,11957,6489.2889866572295,74.87325917995679,4560.891587138022,21.25,75.3
2026-12-21 05:00:00,future,11958,9040.629598200176,80.55198817363262,4912.50733165504,21.6,74.5
2026-12-21 06:00:00,future,11959,12743.598875753343,88.82407681538352,5428.091049313736,22.15,73.3
2026-12-21 07:00:00,future,11960,15990.30994483862,96.25433544344881,5911.136135714991,22.88,71.6
2026-12-21 08:00:00,future,11961,17214.43785768489,99.46019838104533,6163.897232557621,23.72,69.7
2026-12-21 09:00:00,future,11962,15045.219479148656,95.49664943130773,6015.977303872345,24.63,67.6
2026-12-21 10:00:00,future,11963,12359.209729952425,90.43359797715323,5805.702114883379,25.54,65.5
2026-12-21 11:00:00,future,11964,11096.114637817487,88.34775505765003,5758.358669131081,26.38,63.6
2026-12-21 12:00:00,future,11965,10622.284383171154,87.8551939562844,5791.238190979848,27.1,61.9
2026-12-21 13:00:00,future,11966,10527.591099241845,88.0547036621352,5849.852433997134,27.66,60.7
2026-12-21 14:00:00,future,11967,11175.959263949338,89.68475249217019,5971.858419122021,28.01,59.9
2026-12-21 15:00:00,future,11968,12615.904106101818,92.83423877115756,6160.608498938525,28.13,59.6
2026-12-21 16:00:00,future,11969,15043.226047054535,97.91257856411485,6438.476943762564,28.01,59.9
2026-12-21 17:00:00,future,11970,18080.80026879494,104.12457802497916,6761.211157526503,27.66,60.7
2026-12-21 18:00:00,future,11971,19422.45859543256,106.57805609179012,6853.053818865757,27.1,61.9
2026-12-21 19:00:00,future,11972,17582.192957515934,102.14724893705589,6540.959008332549,26.38,63.6
2026-12-21 20:00:00,future,11973,14470.507180612709,94.92550122160038,6060.4480521971245,25.54,65.5
2026-12-21 21:00:00,future,11974,11653.21716976592,88.27997507122477,5606.7034673488115,24.63,67.6
2026-12-21 22:00:00,future,11975,9214.486994647325,82.43985611432302,5198.635336167298,23.72,69.7
2026-12-21 23:00:00,future,11976,7651.59126871022,78.51324573383964,4904.99903055171,22.88,71.6
2026-12-22 00:00:00,future,11977,6184.052230889817,67.29982966689742,4577.403752664068,22.65,71.4
2026-12-22 01:00:00,future,11978,5519.0751753811,65.80234396424986,4437.746246257449,22.09,72.7
2026-12-22 02:00:00,future,11979,5366.819509163654,65.31646292002354,4378.412320152639,21.74,73.5
2026-12-22 03:00:00,future,11980,6065.740868258687,66.43991855429611,4439.025644548925,21.63,73.8
2026-12-22 04:00:00,future,11981,7719.394784360733,69.33678034053162,4628.110339744222,21.74,73.5
2026-12-22 05:00:00,future,11982,10406.91688753174,74.15517985061658,4956.532789867155,22.09,72.7
2026-12-22 06:00:00,future,11983,14599.603692785267,81.68117104293745,5470.614931052531,22.65,71.4
2026-12-22 07:00:00,future,11984,18118.05242984008,88.1645778192281,5934.104808030835,23.38,69.8
2026-12-22 08:00:00,future,11985,19739.13822790332,91.47651136456557,6209.780972063624,24.22,67.9
2026-12-22 09:00:00,future,11986,17457.144365072734,88.16360778191665,6079.826186110448,25.13,65.8
2026-12-22 10:00:00,future,11987,14259.37294087332,83.27928300694923,5851.43891463185,26.03,63.7
2026-12-22 11:00:00,future,11988,12640.987421585298,81.06173022857872,5784.517078634341,26.88,61.8
2026-12-22 12:00:00,future,11989,12000.913451893552,80.43218652093746,5805.395455125325,27.6,60.1
2026-12-22 13:00:00,future,11990,11921.085913317573,80.65687516750685,5866.0007696270195,28.16,58.9
2026-12-22 14:00:00,future,11991,12749.28509542866,82.29787652642705,5997.0780992496075,28.51,58.1
2026-12-22 15:00:00,future,11992,14589.947388703162,85.52076537130826,6207.245057024554,28.63,57.8
2026-12-22 16:00:00,future,11993,17172.482012417284,89.85668061962117,6466.548097544618,28.51,58.1
2026-12-22 17:00:00,future,11994,20561.760959012172,95.42293038257127,6783.106151797463,28.16,58.9
2026-12-22 18:00:00,future,11995,22226.55217168229,97.90678719127934,6890.72597113883,27.6,60.1
2026-12-22 19:00:00,future,11996,20331.018581172186,94.20322948732068,6600.722864434563,26.88,61.8
2026-12-22 20:00:00,future,11997,16745.089639110767,87.52712589203382,6115.268320372596,26.03,63.7
2026-12-22 21:00:00,future,11998,13449.997972337069,81.31579270067903,5654.5150264512395,25.13,65.8
2026-12-22 22:00:00,future,11999,10397.214582219312,75.51209196010954,5218.246351218105,24.22,67.9
2026-12-22 23:00:00,future,12000,8347.706362690424,71.46802705960836,4897.098218098315,23.38,69.8
2026-12-23 00:00:00,future,12001,6191.883697458238,65.64469015285081,4734.304277535904,23.19,71.4
2026-12-23 01:00:00,future,12002,5469.245392576226,64.07621709762951,4584.057960755022,22.63,72.6
2026-12-23 02:00:00,future,12003,5345.012341977629,63.650938522244864,4526.681043244749,22.28,73.4
2026-12-23 03:00:00,future,12004,5954.347771677137,64.61024331166925,4579.739248513555,22.16,73.7
2026-12-23 04:00:00,future,12005,7480.012909036461,67.27007194155868,4764.865056837701,22.28,73.4
2026-12-23 05:00:00,future,12006,10084.675365060171,71.90003556196393,5098.962571210395,22.63,72.6
2026-12-23 06:00:00,future,12007,14038.845949573755,78.94642119915588,5609.723700162106,23.19,71.4
2026-12-23 07:00:00,future,12008,17647.251031084612,85.5048265334326,6101.8043022932225,23.91,69.7
2026-12-23 08:00:00,future,12009,19263.941724372664,88.76059566931954,6386.606333256002,24.75,67.8
2026-12-23 09:00:00,future,12010,17105.36579403525,85.6596813406212,6258.937152068161,25.66,65.7
2026-12-23 10:00:00,future,12011,13993.90704873646,80.94349341737417,6024.962868739805,26.57,63.6
2026-12-23 11:00:00,future,12012,12331.882055310522,78.64136730147585,5943.986232595471,27.41,61.7
2026-12-23 12:00:00,future,12013,11629.948779104834,77.89926227033783,5956.442074532395,28.14,60.1
2026-12-23 13:00:00,future,12014,11638.85387807164,78.2517208817967,6025.819843886233,28.69,58.8
2026-12-23 14:00:00,future,12015,12553.248623624531,80.01643732009968,6171.3484400402685,29.04,58.0
2026-12-23 15:00:00,future,12016,14324.639428557975,83.09280634310286,6383.887789441941,29.16,57.7
2026-12-23 16:00:00,future,12017,16887.894732609893,87.36428670055153,6654.928362066,29.04,58.0
2026-12-23 17:00:00,future,12018,20256.62815163558,92.86008930791093,6987.232265215568,28.69,58.8
2026-12-23 18:00:00,future,12019,21912.214806535125,95.32918392015385,7103.547807912892,28.14,60.1
2026-12-23 19:00:00,future,12020,19974.642065419135,91.5969461407283,6796.624532660714,27.41,61.7
2026-12-23 20:00:00,future,12021,16437.824690743706,85.08628576539856,6297.61015597955,26.57,63.6
2026-12-23 21:00:00,future,12022,13164.8324390234,78.9799098337262,5819.3250673338725,25.66,65.7
2026-12-23 22:00:00,future,12023,10149.57456942546,73.31043079568336,5369.793230805302,24.75,67.8
2026-12-23 23:00:00,future,12024,8151.718010288387,69.40853062607202,5042.467737707046,23.91,69.7
2026-12-24 00:00:00,future,12025,6159.456446749344,65.36903160002234,4834.016703543222,23.0,72.3
2026-12-24 01:00:00,future,12026,5410.846382679572,63.7763594229679,4677.987967326687,22.44,73.6
2026-12-24 02:00:00,future,12027,5354.535985735193,63.466403500447264,4626.727722694318,22.09,74.4
2026-12-24 03:00:00,future,12028,5951.498968904693,64.38651890979648,4678.417191009358,21.97,74.7
2026-12-24 04:00:00,future,12029,7498.652572698926,67.03739250914478,4867.711564719917,22.09,74.4
2026-12-24 05:00:00,future,12030,10103.808363144297,71.59240625193557,5205.4443637785025,22.44,73.6
2026-12-24 06:00:00,future,12031,14134.06893038398,78.65061045670558,5730.307869171005,23.0,72.3
2026-12-24 07:00:00,future,12032,17748.3269971708,85.11479116297255,6228.955621154561,23.72,70.7
2026-12-24 08:00:00,future,12033,19426.706538783154,88.43509217485517,6526.712831600334,24.57,68.7
2026-12-24 09:00:00,future,12034,17213.1833307974,85.30437832557361,6393.465914213466,25.47,66.7
2026-12-24 10:00:00,future,12035,14047.445101763216,80.59394320570362,6154.480381671663,26.38,64.6
2026-12-24 11:00:00,future,12036,12369.119347844637,78.31753339329126,6073.683431783934,27.22,62.7
2026-12-24 12:00:00,future,12037,11800.637720902385,77.82160998570055,6103.503988395232,27.95,61.0
2026-12-24 13:00:00,future,12038,11932.965951666009,78.38787545223528,6190.266918422094,28.51,59.7
2026-12-24 14:00:00,future,12039,12955.190200247009,80.3003678102285,6348.805431811478,28.85,58.9
2026-12-24 15:00:00,future,12040,14803.169741860118,83.45226179438876,6571.910555701068,28.97,58.7
2026-12-24 16:00:00,future,12041,17531.365202203808,87.92190795091882,6863.135781410006,28.85,58.9
2026-12-24 17:00:00,future,12042,20868.705306007323,93.2701944515605,7194.582082084856,28.51,59.7
2026-12-24 18:00:00,future,12043,22542.26943087739,95.71161139934398,7310.788934947244,27.95,61.0
2026-12-24 19:00:00,future,12044,20469.875685655745,91.80920265248231,6984.152292231199,27.22,62.7
2026-12-24 20:00:00,future,12045,16846.022321276563,85.25492505325577,6469.021062278345,26.38,64.6
2026-12-24 21:00:00,future,12046,13501.187928632986,79.12211432833645,5976.263361407472,25.47,66.7
2026-12-24 22:00:00,future,12047,10435.03571651173,73.45962028522857,5516.111358641762,24.57,68.7
2026-12-24 23:00:00,future,12048,8292.322559620312,69.36597968602513,5166.1662684547855,23.72,70.7
2026-12-25 00:00:00,future,12049,6174.610349139097,66.77647343507617,4943.45027125477,23.27,69.7
2026-12-25 01:00:00,future,12050,5329.598056104187,64.94166812658523,4770.695159891737,22.71,71.0
2026-12-25 02:00:00,future,12051,5212.912387395381,64.51930522334632,4711.669225905562,22.36,71.8
2026-12-25 03:00:00,future,12052,5722.865853483738,65.34275035176509,4756.855368118327,22.24,72.1
2026-12-25 04:00:00,future,12053,7197.721037995694,68.01374390145942,4947.783383679069,22.36,71.8
2026-12-25 05:00:00,future,12054,9857.81744094876,72.91401596807437,5309.375151004669,22.71,71.0
2026-12-25 06:00:00,future,12055,13891.393664928291,80.36258214190575,5861.443949273624,23.27,69.7
2026-12-25 07:00:00,future,12056,17407.021815360447,86.99841960326,6372.534981986116,23.99,68.1
2026-12-25 08:00:00,future,12057,18876.603511767626,90.1125764798668,6656.995083639474,24.84,66.2
2026-12-25 09:00:00,future,12058,16592.9345299192,86.64977896892071,6501.415262781486,25.74,64.1
2026-12-25 10:00:00,future,12059,13528.991395481124,81.81943476657247,6254.303364654306,26.65,62.0
2026-12-25 11:00:00,future,12060,11923.71082140148,79.51381512227755,6171.685949467439,27.49,60.1
2026-12-25 12:00:00,future,12061,11236.1377199801,78.75572705494908,6184.051219555545,28.22,58.4
2026-12-25 13:00:00,future,12062,11160.490483024769,78.9696263531814,6247.28406062111,28.78,57.2
2026-12-25 14:00:00,future,12063,12074.005516185029,80.78868292510751,6399.811490895452,29.12,56.4
2026-12-25 15:00:00,future,12064,13965.848733596473,84.1938223633909,6640.344680315101,29.24,56.1
2026-12-25 16:00:00,future,12065,16658.359766519774,88.8598613743231,6945.169322959416,29.12,56.4
2026-12-25 17:00:00,future,12066,19940.138638024437,94.4270066320188,7291.716847146145,28.78,57.2
2026-12-25 18:00:00,future,12067,21536.007397256923,96.88959752599644,7409.330569930986,28.22,58.4
2026-12-25 19:00:00,future,12068,19459.008598555884,92.78040180085935,7068.089987049234,27.49,60.1
2026-12-25 20:00:00,future,12069,15963.100415145202,86.10490818109305,6543.866593297558,26.65,62.0
2026-12-25 21:00:00,future,12070,12821.807959870774,80.01036285067099,6052.799536688711,25.74,64.1
2026-12-25 22:00:00,future,12071,9969.08039481787,74.4300605372638,5597.350206552444,24.84,66.2
2026-12-25 23:00:00,future,12072,7992.494413555893,70.42327585876293,5252.576537810469,23.99,68.1
2026-12-26 00:00:00,future,12073,5713.032646555204,67.83110132595162,4813.896209513327,22.87,71.3
2026-12-26 01:00:00,future,12074,4829.704939544415,65.71557792015498,4628.656129083646,22.31,72.6
2026-12-26 02:00:00,future,12075,4557.245295608342,64.95032109067574,4549.00138540039,21.96,73.4
2026-12-26 03:00:00,future,12076,5026.420862517903,65.8148695873913,4595.634804553193,21.85,73.6
2026-12-26 04:00:00,future,12077,6368.048323163916,68.55706456432382,4782.914267406927,21.96,73.4
2026-12-26 05:00:00,future,12078,8880.70391593373,73.7843263690521,5151.949293029758,22.31,72.6
2026-12-26 06:00:00,future,12079,12464.602112206703,81.2788252012492,5686.039147063948,22.87,71.3
2026-12-26 07:00:00,future,12080,15584.972786851176,87.95818078109393,6181.846788470649,23.6,69.6
2026-12-26 08:00:00,future,12081,16757.542118385638,90.82787247225366,6440.017565591647,24.44,67.7
2026-12-26 09:00:00,future,12082,14677.787532425133,87.26412528678156,6286.9569700382735,25.35,65.6
2026-12-26 10:00:00,future,12083,12013.109150062624,82.52897215291092,6057.0677987433055,26.25,63.6
2026-12-26 11:00:00,future,12084,10635.01559447949,80.32463247281292,5987.023584325425,27.1,61.6
2026-12-26 12:00:00,future,12085,10094.20629892599,79.70531883527404,6008.623179969222,27.82,60.0
2026-12-26 13:00:00,future,12086,10083.776492769406,80.0406629346599,6078.410948613125,28.38,58.7
2026-12-26 14:00:00,future,12087,10914.35660637369,81.91757980162133,6230.161643971019,28.73,57.9
2026-12-26 15:00:00,future,12088,12649.341500695396,85.44962032639003,6469.523843665631,28.85,57.6
2026-12-26 16:00:00,future,12089,15050.618900546962,90.15615506783604,6764.468810041485,28.73,57.9
2026-12-26 17:00:00,future,12090,17863.25393800269,95.53576597845384,7083.335262317102,28.38,58.7
2026-12-26 18:00:00,future,12091,19113.779645812006,97.67043531063456,7173.738525997494,27.82,60.0
2026-12-26 19:00:00,future,12092,17193.971410766695,93.38870997011763,6834.2853983352825,27.1,61.6
2026-12-26 20:00:00,future,12093,14112.702301530171,86.71092556315803,6328.2855279095365,26.25,63.6
2026-12-26 21:00:00,future,12094,11364.627379701253,80.66499850372178,5858.975114430802,25.35,65.6
2026-12-26 22:00:00,future,12095,8837.78258393821,75.05335664747612,5416.972127015092,24.44,67.7
2026-12-26 23:00:00,future,12096,7121.479972828593,71.10066121285553,5088.5638825755295,23.6,69.6
2026-12-27 00:00:00,future,12097,5591.90527428581,62.34900787190829,4890.146686597871,22.92,71.6
2026-12-27 01:00:00,future,12098,4935.154397127532,60.894693345501025,4736.604088833446,22.36,72.9
2026-12-27 02:00:00,future,12099,4916.8700302508705,60.65569803106561,4688.579561931096,22.01,73.7
2026-12-27 03:00:00,future,12100,5595.453002200807,61.743657401914405,4755.828403629271,21.89,74.0
2026-12-27 04:00:00,future,12101,7080.331333619666,64.35143828059319,4953.035062564841,22.01,73.7
2026-12-27 05:00:00,future,12102,9378.87987752862,68.48570275722335,5279.792748953462,22.36,72.9
2026-12-27 06:00:00,future,12103,13207.76538808134,75.3588272356743,5821.088273588227,22.92,71.6
2026-12-27 07:00:00,future,12104,16573.818281083102,81.53629274409747,6326.74076592728,23.64,70.0
2026-12-27 08:00:00,future,12105,18273.751781454568,84.94477240564838,6645.73897875516,24.49,68.1
2026-12-27 09:00:00,future,12106,16306.14836861399,82.117849598506,6522.9690226937855,25.39,66.0
2026-12-27 10:00:00,future,12107,13355.398868704262,77.61740011790677,6281.33029100574,26.3,63.9
2026-12-27 11:00:00,future,12108,11792.581134225691,75.44633767671596,6200.190583958417,27.14,62.0
2026-12-27 12:00:00,future,12109,11244.611648514134,74.94359695584784,6228.712123392462,27.87,60.3
2026-12-27 13:00:00,future,12110,11269.430948166762,75.31841218069677,6305.009160334835,28.43,59.1
2026-12-27 14:00:00,future,12111,12054.39156779202,76.86708485392197,6446.750062902847,28.78,58.3
2026-12-27 15:00:00,future,12112,13649.610326904209,79.65741912155843,6656.1361579114855,28.89,58.0
2026-12-27 16:00:00,future,12113,16089.602827804543,83.76024843662783,6940.003079385218,28.78,58.3
2026-12-27 17:00:00,future,12114,19425.660367279852,89.25131927806893,7302.00399031241,28.43,59.1
2026-12-27 18:00:00,future,12115,21068.85577302182,91.72589593923696,7429.600437987812,27.87,60.3
2026-12-27 19:00:00,future,12116,19162.60035973339,88.03619849331027,7101.081263596204,27.14,62.0
2026-12-27 20:00:00,future,12117,15708.088235533956,81.63638986091206,6568.916504529328,26.3,63.9
2026-12-27 21:00:00,future,12118,12494.34276154773,75.60631949465176,6057.024492710489,25.39,66.0
2026-12-27 22:00:00,future,12119,9585.542015911222,70.10310804268585,5583.71634882412,24.49,68.1
2026-12-27 23:00:00,future,12120,7724.137670814756,66.41879525250623,5244.980388428022,23.64,70.0
2026-12-28 00:00:00,future,12121,5547.0931863142905,73.61785239222044,4574.349086696102,22.17,73.1
2026-12-28 01:00:00,future,12122,4823.570255283327,71.67316140169935,4417.347288413047,21.62,74.3
2026-12-28 02:00:00,future,12123,4680.3218351657215,71.11559725648779,4356.069787302805,21.27,75.1
2026-12-28 03:00:00,future,12124,5075.7611662732215,71.87747391707978,4389.208026096676,21.15,75.4
2026-12-28 04:00:00,future,12125,6403.489279580022,74.8097570670214,4565.955858206184,21.27,75.1
2026-12-28 05:00:00,future,12126,8954.859008300346,80.52989841038415,4920.548510644115,21.62,74.3
2026-12-28 06:00:00,future,12127,12657.853052371038,88.86203739855374,5440.457284284156,22.17,73.1
2026-12-28 07:00:00,future,12128,15904.587871310829,96.34484978299002,5927.333431633194,22.9,71.4
2026-12-28 08:00:00,future,12129,17128.673114206333,99.57018444853308,6181.620823219212,23.74,69.5
2026-12-28 09:00:00,future,12130,14959.435410524158,95.57094060406138,6031.358956729453,24.65,67.4
2026-12-28 10:00:00,future,12131,12273.452437781598,90.45673206845356,5816.903963037292,25.55,65.3
2026-12-28 11:00:00,future,12132,11010.420118032547,88.35729198761575,5769.506534605359,26.4,63.4
2026-12-28 12:00:00,future,12133,10536.620599201991,87.85679449634338,5801.96009573196,27.12,61.7
2026-12-28 13:00:00,future,12134,10441.8954624427,88.054465552937,5860.54951989946,27.68,60.5
2026-12-28 14:00:00,future,12135,11090.215692155249,89.69481244598146,5983.346020793251,28.03,59.7
2026-12-28 15:00:00,future,12136,12530.135023449351,92.8676133064491,6173.759021664824,28.15,59.4
2026-12-28 16:00:00,future,12137,14957.52208914869,97.9856189564588,6454.393536967947,28.03,59.7
2026-12-28 17:00:00,future,12138,17995.154043637194,104.24728789278853,6780.555159086188,27.68,60.5
2026-12-28 18:00:00,future,12139,19336.817276265567,106.72282692666789,6873.845889369179,27.12,61.7
2026-12-28 19:00:00,future,12140,17496.48404882867,102.26224172385149,6559.525217047237,26.4,63.4
2026-12-28 20:00:00,future,12141,14384.751244508996,94.98297542635946,6074.065397048497,25.55,65.3
2026-12-28 21:00:00,future,12142,11567.441667961824,88.29911858701163,5618.205701389697,24.65,67.4
2026-12-28 22:00:00,future,12143,9128.718982935849,82.41972751897062,5207.20655752356,23.74,69.5
2026-12-28 23:00:00,future,12144,7565.836134015765,78.46807197025512,4911.652776771202,22.9,71.4
2026-12-29 00:00:00,future,12145,6098.272930227773,67.23859513223351,4582.303876109656,22.67,71.2
2026-12-29 01:00:00,future,12146,5433.264512035194,65.73356721071731,4441.948914672774,22.11,72.5
2026-12-29 02:00:00,future,12147,5281.007405766369,65.24602629948292,4382.418505502636,21.76,73.3
2026-12-29 03:00:00,future,12148,5979.881921820672,66.37100613125361,4442.403297195967,21.64,73.6
2026-12-29 04:00:00,future,12149,7633.38513360994,69.29300660034959,4634.216831763237,21.76,73.3
2026-12-29 05:00:00,future,12150,10320.776298358434,74.14193789259582,4965.107790396063,22.11,72.5
2026-12-29 06:00:00,future,12151,14513.478488665403,81.71593468516332,5483.066814677317,22.67,71.2
2026-12-29 07:00:00,future,12152,18031.981492800987,88.23318553188184,5948.62318640329,23.39,69.6
2026-12-29 08:00:00,future,12153,19653.118434343087,91.5700430826245,6227.14354936303,24.24,67.7
2026-12-29 09:00:00,future,12154,17371.138642731134,88.2242908549614,6094.0507225890315,25.14,65.6
2026-12-29 10:00:00,future,12155,14173.41499846018,83.30955824469586,5864.171969571226,26.05,63.5
2026-12-29 11:00:00,future,12156,12555.051722825614,81.06680320469503,5794.701261609425,26.89,61.6
2026-12-29 12:00:00,future,12157,11915.015808253544,80.43623843469379,5816.363179250828,27.62,59.9
2026-12-29 13:00:00,future,12158,11835.179955725278,80.65340646880531,5875.754845313701,28.17,58.7
2026-12-29 14:00:00,future,12159,12663.326452451627,82.30373302299589,6007.632401474774,28.52,57.9
2026-12-29 15:00:00,future,12160,14503.927476124789,85.54761256366577,6219.472871054124,28.64,57.6
2026-12-29 16:00:00,future,12161,17086.45420603617,89.91318735301226,6481.083646998324,28.52,57.9
2026-12-29 17:00:00,future,12162,20475.80248000637,95.51854854573106,6800.646398107854,28.17,58.7
2026-12-29 18:00:00,future,12163,22140.618418112543,98.02814633144385,6910.910875265971,27.62,59.9
2026-12-29 19:00:00,future,12164,20245.06165916032,94.29653172892506,6617.839318043713,26.89,61.6
2026-12-29 20:00:00,future,12165,16659.09977185033,87.58587713388027,6130.239471462113,26.05,63.5
2026-12-29 21:00:00,future,12166,13363.99107578092,81.33047993583686,5665.12596339985,25.14,65.6
2026-12-29 22:00:00,future,12167,10311.246700253894,75.49848687224524,5227.190336516895,24.24,67.7
2026-12-29 23:00:00,future,12168,8261.812534848455,71.42479594335299,4902.825072530264,23.39,69.6
2026-12-30 00:00:00,future,12169,6105.959733066269,65.57584933815416,4737.327525566354,23.2,71.2
2026-12-30 01:00:00,future,12170,5383.270511794692,64.00521357167355,4587.550028389989,22.65,72.4
2026-12-30 02:00:00,future,12171,5259.053742762386,63.57863104705366,4530.005418944708,22.3,73.2
2026-12-30 03:00:00,future,12172,5868.295666079066,64.54488072561658,4583.615999791792,22.18,73.5
2026-12-30 04:00:00,future,12173,7393.898853846388,67.2222608681307,4770.2057125430165,22.3,73.2
2026-12-30 05:00:00,future,12174,9998.614902493646,71.88241570178612,5106.841602259853,22.65,72.4
2026-12-30 06:00:00,future,12175,13952.767345515918,78.96832548011572,5620.204453046497,23.2,71.2
2026-12-30 07:00:00,future,12176,17561.169004379655,85.57448152550118,6117.072085496244,23.93,69.5
2026-12-30 08:00:00,future,12177,19177.826247151577,88.84868206009543,6403.5332241482065,24.77,67.6
2026-12-30 09:00:00,future,12178,17019.22260507734,85.7224015795653,6273.937767598828,25.68,65.5
2026-12-30 10:00:00,future,12179,13907.798612521065,80.96377182701578,6035.891721231043,26.58,63.4
2026-12-30 11:00:00,future,12180,12245.817218269904,78.64831284550267,5954.704417565149,27.43,61.5
2026-12-30 12:00:00,future,12181,11543.887951506222,77.8917152946087,5965.353995136765,28.15,59.9
2026-12-30 13:00:00,future,12182,11552.758875186097,78.25017814854726,6036.061643055594,28.71,58.6
2026-12-30 14:00:00,future,12183,12467.10887673336,80.02531424910015,6182.50742544616,29.06,57.8
2026-12-30 15:00:00,future,12184,14238.472523653094,83.12214408993673,6396.748668576227,29.18,57.5
2026-12-30 16:00:00,future,12185,16801.742774320202,87.4234159899235,6670.215095401132,29.06,57.8
2026-12-30 17:00:00,future,12186,20170.4991963125,92.95843752592678,7005.679412766988,28.71,58.6
2026-12-30 18:00:00,future,12187,21826.07594588981,95.44075742780265,7122.245688244125,28.15,59.9
2026-12-30 19:00:00,future,12188,19888.476859814953,91.69236107068546,6814.611808616541,27.43,61.5
2026-12-30 20:00:00,future,12189,16351.63807398502,85.13477528458911,6310.8582530431395,26.58,63.4
2026-12-30 21:00:00,future,12190,13078.646612096758,78.99685501616437,5830.567189777486,25.68,65.5
2026-12-30 22:00:00,future,12191,10063.410493330002,73.29272585985572,5378.032437848377,24.77,67.6
2026-12-30 23:00:00,future,12192,8065.61288141327,69.36801704818691,5048.68761264912,23.93,69.5
2026-12-31 00:00:00,future,12193,6073.340307514526,65.3032169317038,4837.698118640133,23.02,72.1
2026-12-31 01:00:00,future,12194,5324.676905686419,63.70228720576717,4680.887865718863,22.46,73.4
2026-12-31 02:00:00,future,12195,5268.351061624396,63.3918064482622,4629.527518644092,22.11,74.2
2026-12-31 03:00:00,future,12196,5865.202209707793,64.31846032716739,4681.749048802563,21.99,74.5
2026-12-31 04:00:00,future,12197,7412.207895966816,66.98635604341773,4872.494482337061,22.11,74.2
2026-12-31 05:00:00,future,12198,10017.38426600054,71.57042889880817,5212.720421219186,22.46,73.4
2026-12-31 06:00:00,future,12199,14047.62648627336,78.67349739835817,5741.437617208894,23.02,72.1
2026-12-31 07:00:00,future,12200,17661.897331251712,85.17787884180439,6243.572907822727,23.74,70.5
2026-12-31 08:00:00,future,12201,19340.264302236224,88.51662374350681,6543.014584058827,24.59,68.5
2026-12-31 09:00:00,future,12202,17126.716716808052,85.36075859498116,6407.804186864988,25.49,66.5
2026-12-31 10:00:00,future,12203,13960.999703539224,80.61458805542539,6165.967851672917,26.4,64.4
2026-12-31 11:00:00,future,12204,12282.723972353002,78.31916391057997,6083.71041379461,27.24,62.5
2026-12-31 12:00:00,future,12205,11714.290304450273,77.81668490388476,6113.09769699664,27.97,60.8
2026-12-31 13:00:00,future,12206,11846.62015475984,78.37805143114919,6198.772761177857,28.52,59.5
2026-12-31 14:00:00,future,12207,12868.815398002684,80.30798055954476,6359.596740097661,28.87,58.7
2026-12-31 15:00:00,future,12208,14716.758615605037,83.48045049181968,6584.447939036112,28.99,58.5
2026-12-31 16:00:00,future,12209,17445.00546080269,87.98076069770077,6878.224190881466,28.87,58.7
2026-12-31 17:00:00,future,12210,20782.38500522727,93.36041844890987,7211.478282933629,28.52,59.5
2026-12-31 18:00:00,future,12211,22455.949408412416,95.82694835288461,7330.4683048222905,27.97,60.8
2026-12-31 19:00:00,future,12212,20383.495494684463,91.9015190984792,7001.7847127974355,27.24,62.5
2026-12-31 20:00:00,future,12213,16759.59187992061,85.3069155529855,6483.137092089497,26.4,64.4
2026-12-31 21:00:00,future,12214,13414.71625893082,79.13694293278823,5987.116822844258,25.49,66.5
2026-12-31 22:00:00,future,12215,10348.544509878517,73.44043851433543,5523.967592986206,24.59,68.5
2026-12-31 23:00:00,future,12216,8205.884652989538,69.32322567656234,5171.906809473266,23.74,70.5
