,traffic_flow,aqi,electricity_demand,temperature,humidity,hour,day_of_week,month,is_weekend,hour_sin,hour_cos,dow_sin,dow_cos,season_sin,season_cos,traffic_flow_lag_1,traffic_flow_lag_2,traffic_flow_lag_3,traffic_flow_lag_6,traffic_flow_lag_12,traffic_flow_lag_24,aqi_lag_1,aqi_lag_2,aqi_lag_3,aqi_lag_6,aqi_lag_12,aqi_lag_24,electricity_demand_lag_1,electricity_demand_lag_2,electricity_demand_lag_3,electricity_demand_lag_6,electricity_demand_lag_12,electricity_demand_lag_24,temperature_lag_1,temperature_lag_2,temperature_lag_3,temperature_lag_6,temperature_lag_12,temperature_lag_24,humidity_lag_1,humidity_lag_2,humidity_lag_3,humidity_lag_6,humidity_lag_12,humidity_lag_24,traffic_flow_roll_mean_6,traffic_flow_roll_std_6,traffic_flow_roll_min_6,traffic_flow_roll_max_6,traffic_flow_roll_mean_12,traffic_flow_roll_std_12,traffic_flow_roll_min_12,traffic_flow_roll_max_12,traffic_flow_roll_mean_24,traffic_flow_roll_std_24,traffic_flow_roll_min_24,traffic_flow_roll_max_24,aqi_roll_mean_6,aqi_roll_std_6,aqi_roll_min_6,aqi_roll_max_6,aqi_roll_mean_12,aqi_roll_std_12,aqi_roll_min_12,aqi_roll_max_12,aqi_roll_mean_24,aqi_roll_std_24,aqi_roll_min_24,aqi_roll_max_24,electricity_demand_roll_mean_6,electricity_demand_roll_std_6,electricity_demand_roll_min_6,electricity_demand_roll_max_6,electricity_demand_roll_mean_12,electricity_demand_roll_std_12,electricity_demand_roll_min_12,electricity_demand_roll_max_12,electricity_demand_roll_mean_24,electricity_demand_roll_std_24,electricity_demand_roll_min_24,electricity_demand_roll_max_24,temperature_roll_mean_6,temperature_roll_std_6,temperature_roll_min_6,temperature_roll_max_6,temperature_roll_mean_12,temperature_roll_std_12,temperature_roll_min_12,temperature_roll_max_12,temperature_roll_mean_24,temperature_roll_std_24,temperature_roll_min_24,temperature_roll_max_24,humidity_roll_mean_6,humidity_roll_std_6,humidity_roll_min_6,humidity_roll_max_6,humidity_roll_mean_12,humidity_roll_std_12,humidity_roll_min_12,humidity_roll_max_12,humidity_roll_mean_24,humidity_roll_std_24,humidity_roll_min_24,humidity_roll_max_24
traffic_flow,1.0,0.9505769993056555,0.26601475321928064,0.322485920099031,-0.32495476971363685,0.4334297650168592,-0.014776242931797173,0.002811287659929377,-0.006058568414021491,-0.3606215895193878,-0.4527022438522704,0.022131442674723126,0.01848188950292674,-0.0211912931589764,-0.0071422862816187425,0.901440240868992,0.6603085746056937,0.36440880635092915,-0.21230501446933117,0.11271558293286647,0.791033953013376,0.8578925675210187,0.6323783828464323,0.3560500029659313,-0.18079730771780192,0.1303053653458332,0.7317926196570724,0.2997336422856097,0.3184925178686065,0.31305256464617226,0.11872827172405684,-0.40487851287800897,0.2489749696528848,0.33573832940387505,0.33799894507677447,0.3311794849150895,0.22154310499963004,-0.42380289465497023,0.3210194072070392,-0.32648954318766776,-0.3123588749793275,-0.28722495382271196,-0.1477796364416746,0.3896462390508867,-0.32308565144843937,0.6136948764571611,0.3652466927626882,0.5685595058357933,0.6231510375848424,0.33735595599903423,-0.2551654936449893,0.5734795131327005,0.18317404271097518,0.26912981828148563,0.20121870071641454,0.4549629205919624,0.2644606716273925,0.5738509088801673,0.3456658143569674,0.5316174048990974,0.5899029182622916,0.30851943302978213,-0.2543408759119169,0.512542015726394,0.18221245307083936,0.22031343507563103,0.17719245928598404,0.24735144638866355,0.2520256892579104,0.2943953412636864,-0.08259948495817085,0.29194341197806445,0.24290906843718046,0.06976719728579234,-0.3364618300094238,0.09423074106961364,-0.07210694897459413,-0.009474874978053298,0.08624405670404076,-0.010297409519610105,0.02409380742199593,0.3387383662298402,0.37170164783230925,0.26427118443753495,0.3949007442924572,0.17362474672961667,-0.2399178339300928,0.19158523677687736,0.020583678614125776,-0.011185963071422809,-0.00958219444154899,0.0027296955918177084,-0.013095559243626126,-0.2991902367075663,0.19139038611958686,-0.3166488731951877,-0.26628309696177715,-0.12573774750779476,-0.30488021249052283,0.009899437834396145,-0.17388888750696194,0.018903988766941136,-0.014184066603559713,0.019788474748833586,-0.0028135977056920453
aqi,0.9505769993056555,1.0,0.21444915282225746,0.24315738167166367,-0.23963495925254735,0.3991017309822116,-0.020879337485859926,0.04976859985911453,-0.015700478958234614,-0.3317054729432465,-0.40707061600521494,0.02946206958427867,0.01846557553410966,-0.07106983658644159,-0.049814577170839945,0.8583807851180285,0.6333402227731079,0.3574926567602847,-0.17774944973459472,0.12841891260130395,0.7357632714917688,0.9116257464458203,0.6994709362823442,0.440175891506713,-0.06328239007021366,0.21914305126025801,0.7360910665464614,0.24676522564388417,0.26564569861325454,0.2623066953865377,0.0868949610024834,-0.3969540581241108,0.1896404973286,0.2557797472893963,0.25907000935675567,0.25470696625392863,0.1614835365040836,-0.4279009936964751,0.24339188073272527,-0.24143412768898542,-0.2294161182875702,-0.20785316104779236,-0.08612450192250307,0.40497413205121097,-0.23768820651072647,0.5950509908057878,0.3627337736150227,0.546852023915649,0.6087764840909007,0.35179839795532597,-0.21136095472008232,0.5599284917041143,0.21532315480389835,0.2886394780741356,0.20597027521887856,0.47768362464602665,0.27479637663578493,0.6683630786040559,0.33601627180459775,0.6457251969225928,0.6667399770739874,0.45745257918589555,-0.22476225271361389,0.6522636920324633,0.3119379896725173,0.39191166506035785,0.15313786232259255,0.4930425971472087,0.35090054739327103,0.24301736330612683,-0.09485128678606071,0.24342874414000484,0.19251544441262297,0.03558655541283202,-0.33404282055189183,0.06168834437159437,-0.10230103686383382,-0.04674113391916863,0.04684116235371606,-0.03724395993111379,-0.022142029552041104,0.2584666470883556,0.30273346659517497,0.19617839387581973,0.30407237970543766,0.10500700201207726,-0.2840725708189908,0.13843220423179844,-0.055624257001789766,-0.07739782250523662,-0.10083599854091924,-0.033849683185991075,-0.0989760990858997,-0.21591081991510502,0.1517087095099384,-0.22936767771035424,-0.18788352183479515,-0.054431072695289476,-0.32234945672554904,0.07862109259540584,-0.10372443494713267,0.09046049448314822,-0.06905903407001894,0.09178437566766942,0.05942685338386391
electricity_demand,0.26601475321928064,0.21444915282225746,1.0,0.6817163470828128,-0.641374670019606,0.22410477312284763,-0.3607750914028668,-0.29081471157392225,-0.51535382925365,-0.28229047101269905,-0.5073077396590094,0.4195727609883153,-0.20676445116105524,0.417540954100005,-0.12086945941927903,0.22774558579734175,0.19057531347379528,0.15580074217041912,0.011117806010567055,-0.3958923131698008,0.26793965584595014,0.17842371905754104,0.14415674789282615,0.11287021422857531,-0.015499683669858128,-0.38440235228793146,0.2161725031239242,0.9815398791049045,0.9341098755819434,0.8618806209164669,0.5691128302382963,0.180438734404,0.7048062809748599,0.7059842809341308,0.6989280828111631,0.6599368734008961,0.3899175445892269,-0.137403371402577,0.6725632789802832,-0.6542716669659746,-0.6397353100408758,-0.597695705457027,-0.34210144446340757,0.12096010467783509,-0.6410022015759625,0.2162146106869261,-0.17924318536362138,0.362848977665976,0.1104312471196118,-0.011035990381524334,-0.22124923087445503,0.023788778724896282,-0.16016902005776362,0.004559113339133223,0.07054724498644639,0.022441008497548452,0.07089186856532013,0.15584656787692514,-0.18101162172579177,0.27322305390940665,0.07142016431734595,-0.05077555006787054,-0.22645542934302346,-0.009676265298159535,-0.17241847474761873,-0.047125195707703994,0.07495948456659624,-0.042660470052952995,0.03589609019410626,0.9103831957008611,0.1324043676361558,0.9012129790192301,0.8883477269630602,0.7136657155944455,0.030060121999043055,0.7625932523141608,0.6973449302054086,0.6834358511655949,-0.007432625372775979,0.6919380797802298,0.6636521222392104,0.6779170801576063,0.2416552394698237,0.6335437802985427,0.6702472253076018,0.4690441184510557,0.3790365099113426,0.34432245269748163,0.5163462828256307,0.40578319760207104,0.2691442308095498,0.32816373010920075,0.44421388660565114,-0.6137345585368232,0.09676318306505316,-0.5852752592580895,-0.5987015382822062,-0.4072440581280082,0.28616623671706076,-0.4175439634303239,-0.33979085512791096,-0.3650953641195383,0.14735366885715973,-0.34659707588940064,-0.3750148075449837
temperature,0.322485920099031,0.24315738167166367,0.6817163470828128,1.0,-0.7994308775812402,0.19562923050543493,0.00040277115717917886,-0.22158397860639684,-0.00020560433854960216,-0.15076477032290653,-0.7022829363147516,0.00033780426434078925,-0.004013235430570992,0.3845522471671484,-0.31706029070980296,0.2944976274690378,0.24762382174747097,0.17853033186337058,-0.14949265575639564,-0.4248044839714059,0.32036464360395145,0.21770082859193057,0.17549156565657106,0.11327744060521364,-0.18380252417917964,-0.43066966426053943,0.24049454869310727,0.6291196141646872,0.5531745297350793,0.46032274942272894,0.14882047036280655,-0.13452935303385954,0.6795383887899233,0.9789001895612827,0.9184518484217823,0.8243465340357232,0.42447733096788254,-0.09546050023482722,0.9839667752217034,-0.7697589986614306,-0.7054559134598348,-0.611903045233062,-0.23496672078060396,0.1895741361299898,-0.8018165357200471,0.23175203228771057,-0.12463367970451121,0.3370289706885836,0.12975128067183556,-0.16839985492969106,-0.20762033818263198,-0.10993158554079104,-0.26434653366638167,-0.023100252556928526,0.06315442253990716,0.014538866777590661,0.055401190883590835,0.14375716133447222,-0.13014135258460932,0.2225529511467688,0.0659853720445446,-0.21277989903674346,-0.21188138668367423,-0.1555954245945524,-0.28819091653378154,-0.11160590783244642,0.08241142652726377,-0.10945005612991954,0.001114439191530019,0.5114783032480837,0.18221940718651436,0.47951652862017397,0.5208425329197324,0.26531360240411556,-0.03802033379419234,0.3261810038715191,0.28271325375663076,0.36426692997007937,0.17901122625632396,0.3281857330209411,0.41746790748652796,0.8822755769642432,0.3747803364411448,0.8231356201039364,0.897327852908444,0.5950127570430616,0.33788694220718807,0.553850852943931,0.6556698876503454,0.6574712328105186,0.1657171343533456,0.6231790409652571,0.6366491391424487,-0.6563650043517856,0.19831228995481276,-0.6470032018713274,-0.6237395444800541,-0.36088183774676397,0.2231948633147297,-0.3869011146092983,-0.3565900651102801,-0.4116327506672895,0.003359231530366895,-0.3520639404007404,-0.47865115701834454
humidity,-0.32495476971363685,-0.23963495925254735,-0.641374670019606,-0.7994308775812402,1.0,-0.22597508288731896,-0.007636602740590537,0.4975641678939903,-0.009551289950250758,0.19112091162448103,0.6320462816779133,0.00870200589388603,-8.978269502760905e-05,-0.601329203710535,-0.1287963739394516,-0.30287958249558167,-0.2569933420969605,-0.18636409888576705,0.13473892278986485,0.3874877704101509,-0.3254187796874712,-0.21951033818882099,-0.17795869012354054,-0.11400130966689154,0.17737554125110802,0.40187978570976707,-0.24156532034446734,-0.6030299359879322,-0.542826749807164,-0.4655409810443635,-0.18602206556417572,0.12113828816368691,-0.6405324868381542,-0.7918698870806071,-0.7487144920362825,-0.6742740397521988,-0.3307456483766114,0.19941873674823776,-0.7795568426688693,0.98229705457501,0.9313450047022301,0.8517617434186595,0.5100254518046985,0.052397129835085585,0.9692485737959416,-0.2408666083064024,0.10922791403961213,-0.33864569335321515,-0.14266938977676852,0.12905782754028114,0.23225899999256852,0.050448513240134434,0.24329329790499277,0.03298396347751838,-0.04909014380380978,-0.0024588255849265733,-0.042390060700838894,-0.14410787291540753,0.11562845204997393,-0.21509270591768387,-0.07110282717748515,0.1909748844305839,0.23660661791501506,0.1162486305063913,0.27820432307702797,0.13012096127867095,-0.0626662926377779,0.12182104594792965,0.018916278607672064,-0.5075592963229797,-0.22471976010701786,-0.464759814883974,-0.5246210098332946,-0.2831073074123068,-0.040613344462219224,-0.30713066264906635,-0.3090378472201283,-0.35132606585008286,-0.28151017222597713,-0.28674013896727973,-0.4332618668325879,-0.7149194428715151,-0.5203246287141741,-0.6087232925440094,-0.7696141307936935,-0.44701592140672314,-0.5295463312579886,-0.28202882327296636,-0.5694708977661067,-0.43195303507702,-0.5579100761771069,-0.2540527487662763,-0.553603258840775,0.9010284034008346,-0.33280941857972746,0.9125635725913591,0.8544220347197953,0.6614350933164806,-0.39660020730660045,0.7177098176462722,0.6249380315570835,0.7114867008771583,-0.40619936676568946,0.7085023027904684,0.6954516055137363
hour,0.4334297650168592,0.3991017309822116,0.22410477312284763,0.19562923050543493,-0.22597508288731896,1.0,-1.1476567325358695e-18,1.5475395789812398e-16,2.4650361851145604e-18,-0.7759122353393879,-0.10215078369104945,-4.096836956912934e-18,2.170731886230715e-17,-1.2798458689611337e-16,1.7613008489372345e-16,0.552967541290157,0.639549312942788,0.6469885623510158,0.1584372003238241,-0.1581784074143296,0.4331605438285288,0.5085425226298678,0.5877324432723232,0.5934389868867179,0.13611718613282414,-0.14225750031860565,0.3986308330498215,0.3071852836571262,0.37848427971448,0.4329138581786193,0.4140084341054451,-0.3156309974236335,0.22383151421812064,0.3019852231962307,0.39183513203938725,0.4637771867286425,0.5227003672681697,-0.17956198016162922,0.19562357592902985,-0.3228313496568278,-0.3995486629364688,-0.45346300660397487,-0.4567904194864297,0.196245977256152,-0.22626208952609847,0.6832550113627694,0.14029397519168596,0.6789537109369841,0.5582011755729039,0.3875877885306075,-0.5333887757145074,0.6593429149057849,0.009965627966829605,-0.0009497425612497851,0.02417960927407003,0.0573217694831026,0.02947846527940051,0.6053424968728369,0.12824980214460494,0.589852310189931,0.5083298245901189,0.3086213893506448,-0.5229137232695059,0.5515320500805907,0.004507813903216885,-0.0008655512132418156,0.024433737381968725,0.050295340128447774,0.030379550743669215,0.39584469466351835,0.3849572656980844,0.30241891586544556,0.4399119648051822,0.2939166702476008,-0.026610498916865448,0.19466529089981396,0.16006477195927765,0.0006374782632679457,0.006112537558360533,0.019604420556281223,0.025132322940395153,0.4239505508942575,0.30558252828451193,0.3551318863967994,0.4540868906697713,0.4313721611936995,0.15542485446520543,0.2691952063952501,0.29364388113311735,0.00028896332780403087,0.0005434882629051734,0.010065677711893938,0.0005841020361548324,-0.41454997211401445,0.1597815165567535,-0.4090942837444893,-0.37363491409398647,-0.373794462139902,-0.010399689943353331,-0.21697223050945474,-0.2902954113055953,0.0003766989147796504,-0.0005391959177290963,-0.0004907938117299251,-0.015354443690189214
day_of_week,-0.014776242931797173,-0.020879337485859926,-0.3607750914028668,0.00040277115717917886,-0.007636602740590537,-1.1476567325358695e-18,1.0,0.007429998231017649,0.7905908143821413,-8.429326774282042e-18,-9.46279397991108e-19,-0.7347260350282707,-0.3515075755626509,-0.0009056451432016744,0.002532909190417966,-0.014943204539111193,-0.015142963360712556,-0.015417130543361005,-0.016822857586374782,-0.018901133420670423,-0.021698564529556826,-0.021063289088644393,-0.02127739737409287,-0.021555156848210636,-0.022833673421853003,-0.024708483220652142,-0.02566097982654461,-0.34460339544810287,-0.32662576574071966,-0.3067988973274031,-0.24623085475954104,-0.12151316585991202,0.11143792686445035,0.0009063563332921491,0.0014420477687125891,0.0020593816973848568,0.003376390111478817,0.0037589031008519744,0.0031364416058601253,-0.008042951753631948,-0.008335781301536838,-0.008512421151069061,-0.00864271388562169,-0.0079761512252693,-0.005169020673378496,-0.01937917279945928,-0.01611619046333067,-0.015727106065991255,-0.022591276428080117,-0.029815282099435205,-0.027263577346335763,-0.015368721279579974,-0.03811086579326037,-0.05115363689975841,-0.043115173749506436,-0.045576817153843346,-0.05004229636355851,-0.026213387585722867,-0.014211053418910758,-0.024731149872891718,-0.027718959759986825,-0.03609359659818599,-0.02357868116333298,-0.026231307998450307,-0.04040432050519833,-0.05004653660207485,-0.032547710239953495,-0.041043492636766,-0.04711346570675017,-0.32993451719326755,-0.031643804198717804,-0.3395731973021348,-0.32306279628914364,-0.29518396677428493,0.028548629196224293,-0.30649557709004793,-0.25981269558157194,-0.17898370568947403,0.10641530448530293,-0.1555389225711152,-0.137548026808496,0.0018528921119473879,-0.008756438996685566,0.004175777990743392,-0.00013261756340158696,0.003311345863675504,-0.01614179378595013,0.008896123426680955,-0.004224660086335327,0.005143004542978797,-0.033072825090866405,0.013060829042021,-0.008472723124887168,-0.008721918195825675,-0.010453423352266119,-0.006427305519115467,-0.01129259329709436,-0.009895076243963425,-0.017139744427881635,-0.003975465486968222,-0.01694692257185607,-0.010491247030755817,-0.03237425377143191,-0.0012800520903414497,-0.021872695985703274
month,0.002811287659929377,0.04976859985911453,-0.29081471157392225,-0.22158397860639684,0.4975641678939903,1.5475395789812398e-16,0.007429998231017649,1.0,0.004691711269126226,-6.72135685155861e-18,3.0887635089532714e-18,-0.0063624538444990025,-0.008860505785789514,-0.7757724662435447,-0.11023216401808508,0.0027244860780736386,0.0026203692882266223,0.002477125645422471,0.0018632927967391615,0.0008603260466859771,-0.0006007394248476319,0.04959879205575724,0.049402274325910565,0.04916109683678493,0.04829512189922627,0.046705836469644636,0.043924501176884095,-0.2902932163723953,-0.2897549487093341,-0.28919901121819425,-0.2875182838122567,-0.28414782347988327,-0.277716479680461,-0.22125327281237533,-0.220919538023917,-0.2205917747614873,-0.2195354235042885,-0.21741140219741975,-0.21385140788405146,0.4974264987479627,0.4972616340355188,0.4970777707543855,0.4965343045314348,0.49565653571646406,0.4944065070747381,0.0031500058887521222,0.0024453436542350854,0.0025252916915886638,0.0037265400273255055,0.003489759403399804,0.002341981750814391,0.002005534036659473,0.004846436596462295,0.0027207890421349517,0.000356759426874659,0.003764608921562565,0.005258961093245165,0.05999258181754322,0.003215873065148824,0.06863476685523448,0.0514321338210385,0.0770846876388688,0.005873060331617125,0.07552283539703672,0.06230262537300679,0.09751138949001319,0.009198270017796509,0.11925524184421549,0.0678460168696746,-0.30283597837582615,-0.10227188284887809,-0.2962573102933078,-0.3152552452662872,-0.33331728307389275,-0.1582592401085075,-0.3100539573620562,-0.36766033530943204,-0.38159556268794365,-0.23337787703862398,-0.29898376144515265,-0.41700292294505104,-0.23400888385512117,-0.301840984848053,-0.17754048439370274,-0.2915986423958185,-0.27017391686922076,-0.4299541446294061,-0.12747457126272546,-0.4080052103963854,-0.32937101022232956,-0.7413083178882501,-0.07378710756082192,-0.505730361352217,0.5220388588287533,-0.2629252281937758,0.5596599088654747,0.4966306694907533,0.5890746261739337,-0.37424857789006805,0.6641839879853096,0.5387356991818564,0.6907871796466114,-0.6560760370779469,0.7246378813243327,0.5564101269013707
is_weekend,-0.006058568414021491,-0.015700478958234614,-0.51535382925365,-0.00020560433854960216,-0.009551289950250758,2.4650361851145604e-18,0.7905908143821413,0.004691711269126226,1.0,-3.682052616934511e-18,6.398266314257675e-19,-0.7857464925524472,0.1811884752096131,-0.00021828171394959426,0.0019580834081396464,-0.00664802697219836,-0.007355536165791731,-0.008328101694453485,-0.013052513129350017,-0.020194635230292315,-0.030109939542243138,-0.0162127165600299,-0.016835904737751928,-0.017684399545239482,-0.021687371338016945,-0.02771238136047407,-0.034499978342705906,-0.5021596788292852,-0.486581225441864,-0.46858998782072236,-0.41368218164760107,-0.300999330752223,-0.08877447809360801,0.00026121422691798376,0.0007536403052065827,0.0013296938994014468,0.0026102310547712294,0.002133340343482443,0.0013787672961124927,-0.010004351473678291,-0.01041996754371119,-0.010767768221710144,-0.011334972824371127,-0.0108276435738119,-0.009815722662034069,-0.010315844353283461,-0.012155043836259533,-0.006713171767388078,-0.013550698368514687,-0.0221796565130421,-0.026560729056309254,-0.006605379690637381,-0.03062187631896644,-0.05265381419668019,-0.05737453870659645,-0.022839697003038537,-0.05944064345584586,-0.02140580408467519,-0.010428433372890322,-0.02101876625574755,-0.022464020399122306,-0.033636126590517776,-0.02285051502323095,-0.024567191715243585,-0.0378299504512022,-0.05515035793412496,-0.04385071371313228,-0.04317221327258599,-0.058055932307630086,-0.4978617293529477,0.055237372950036605,-0.534976933078401,-0.4711864834232047,-0.4879826376032939,0.1303339200761961,-0.5627305872905293,-0.4328539302266907,-0.41797757342681474,0.2750084318075664,-0.4975925237243963,-0.31718214636768677,0.0011158913211147343,-0.0008555024192212669,0.001448362496078313,0.0009970783156827137,0.0022802902187198672,-0.005418938027356889,0.003587768873213595,-0.001098862737266196,0.002624688277733436,-0.02136437488087364,0.006784729835348424,-0.006336530479646214,-0.011031104482360046,-0.0026158875213608606,-0.010209988889357133,-0.012132905718937359,-0.012881073525638527,-0.006196411463071703,-0.009517134680375053,-0.01642670174773811,-0.014796433016053451,-0.015851318476856942,-0.007409034147378016,-0.020570900453369987
hour_sin,-0.3606215895193878,-0.3317054729432465,-0.28229047101269905,-0.15076477032290653,0.19112091162448103,-0.7759122353393879,-8.429326774282042e-18,-6.72135685155861e-18,-3.682052616934511e-18,1.0,-3.530529619504995e-17,2.0646226782117508e-18,9.346257292672694e-19,6.045363031245589e-18,3.2265941078648166e-18,-0.46550779872096293,-0.5386583585595618,-0.5750709604031304,-0.4523562768410022,0.3609503048908541,-0.3603545276615924,-0.42576279049012206,-0.49078550471225973,-0.5223252810880039,-0.4066783408444316,0.3320582304857506,-0.3312636688782631,-0.4039332818959441,-0.49805818961916287,-0.5582589993390152,-0.5074257612979439,0.28143879702541474,-0.28191883963835396,-0.3273708721086362,-0.4816677443863927,-0.603145954430818,-0.7023045238537088,0.15043185087600883,-0.1507647514433844,0.3482022280701034,0.4815557925534935,0.5820908711091766,0.6319907482360152,-0.19162330752596377,0.19138655126254858,-0.6390583767899408,0.04440567105527502,-0.7602171368493511,-0.4884868231769,-0.5674795664203106,0.5687200838941114,-0.7336956808771088,-0.06561545870578177,0.0007722614358457421,-0.023905031635913395,-0.0246863219068988,-0.03445476734602841,-0.5620847371911838,0.04352172872312771,-0.6455897763352292,-0.4433398537921036,-0.4537622424033427,0.5612458271452218,-0.606822629157872,-0.04969496950886431,0.0006904957297193553,-0.022895313104241803,-0.01972621790390448,-0.0343699493594747,-0.5032492938230074,-0.3768465297266793,-0.39885976932699946,-0.5221046951765725,-0.3994007541109716,-0.2570418091655982,-0.2120897631984546,-0.303170080481294,-0.0004882511653263929,-0.00389743086777337,-0.008237489194650326,-0.03419044386296084,-0.523661202062951,-0.09852933510779979,-0.4920335275339334,-0.4859852160605024,-0.5622372214602053,-0.2866763430185059,-0.3144763144664729,-0.4264017763808669,-0.0001878515336508392,-0.001366069428604855,-0.00337440252363427,-3.087590413203e-05,0.5085470288283134,0.05702271461919613,0.444307597987131,0.504746070165936,0.49326929742706044,-0.12164789443471387,0.3251199303982882,0.32895908332351104,-0.00032079486985788847,-0.0005799064849091043,-0.00024928422758975277,0.005733243646828505
hour_cos,-0.4527022438522704,-0.40707061600521494,-0.5073077396590094,-0.7022829363147516,0.6320462816779133,-0.10215078369104945,-9.46279397991108e-19,3.0887635089532714e-18,6.398266314257675e-19,-3.530529619504995e-17,1.0,7.641903368988513e-19,1.5151550254418405e-18,-4.635428723344398e-19,1.7458209815597916e-19,-0.34390549803427056,-0.21165861383457507,-0.0649645366221954,0.36081414513460414,0.4524968113587585,-0.45247667276011005,-0.3072929593262912,-0.186562142062975,-0.05309952716472698,0.33191482490439717,0.4068612167877835,-0.4067229004223472,-0.41702275440595205,-0.2983423974112197,-0.1593558089914504,0.281750253487405,0.507022675271071,-0.5066562057352784,-0.6393601752074486,-0.532877078784794,-0.39009114085425106,0.15051776223629537,0.7022097757350029,-0.7019842311324435,0.5610265334597484,0.4517606803114179,0.3116892849116323,-0.19140072959113322,-0.6322288703647609,0.6323979772387976,-0.15870117916938709,0.20297169768315546,-0.31207037666391196,-0.04754091496972113,0.3421342405609384,0.1741840145747309,0.2711335059331166,0.3577821141059222,5.455804499375337e-05,-0.10675173998331886,-0.047348499328197846,-0.10560969650337033,-0.13294864965113032,0.2130789444088201,-0.26843232505707004,-0.03481325208922951,0.2805847769518141,0.18182144076256168,0.20968902852476592,0.3139161418506452,9.282593437899001e-05,-0.13280541187101222,-0.03462534517010704,-0.1086476212436379,-0.2180393529275815,-0.04053679136048051,-0.19876077576679627,-0.20577365007473866,0.15761774511809273,0.20409567638013865,0.03736102143257617,0.12490769333712944,-7.141713018755285e-05,-0.16658210202248547,-0.0012136616675742405,-0.08573169124878074,-0.4455089985020914,-0.36055572936808566,-0.355996545326601,-0.46938397070416105,0.04523718358155037,-0.18761110548808355,0.08873762760792975,-0.016504634453773058,-5.8786738309638574e-05,-0.0011643084087267321,-0.011112715859872493,-0.008540087882257416,0.3650169618962568,-0.2442604148606674,0.37086812271349706,0.3060253886475117,-0.08124073483524903,-0.21180130150444154,-0.005107996926776051,-0.11588608600813011,1.2997388459820364e-05,-0.003079916591552646,0.016846881566892544,0.021170143431818198
dow_sin,0.022131442674723126,0.02946206958427867,0.4195727609883153,0.00033780426434078925,0.00870200589388603,-4.096836956912934e-18,-0.7347260350282707,-0.0063624538444990025,-0.7857464925524472,2.0646226782117508e-18,7.641903368988513e-19,1.0,-0.0010290567994499648,0.0005435022185006433,-0.0007660020070517622,0.022260111450380444,0.022415482181469066,0.022628378750928,0.02377486833368051,0.025407556930625935,0.027568524863916654,0.029590169515439912,0.029737433385419773,0.02993005830490084,0.030779554581992857,0.031980976888538945,0.03218022558101457,0.4086026628694782,0.3964832423110782,0.3831928831728154,0.3425907636644919,0.259198743009222,0.09988730103756915,-0.00016723313442289692,-0.0006193585938183833,-0.0011058610422679225,-0.0023317695156495274,-0.003059884149477756,-0.0032267517003706407,0.009078335773483675,0.009355602487137146,0.009523754205796056,0.00932801879255411,0.007998892077730893,0.007307311901855748,0.028479160390289283,0.02363760937330765,0.022960003813383645,0.033157178944279386,0.04233693043042857,0.03787295241090325,0.02158836602840528,0.05389234795224427,0.06924182033532705,0.05901444045992437,0.05835483872095192,0.06944728013450499,0.036427272375904034,0.021784372377498012,0.03354112410757805,0.039231135571242054,0.048802741499017165,0.032998865997664904,0.034789231555884904,0.055962001909860615,0.06550583481187951,0.04478858255808359,0.051646007748327734,0.06461277727261326,0.4069505525030388,-0.07045322665082925,0.4438703367016249,0.38117288716353104,0.4035414591401365,-0.13024805960292482,0.47921254473580155,0.3564874568909369,0.3584093806769694,-0.25765809493173436,0.4491440471082944,0.26710410812033275,-0.0008960644348073057,0.008578153065860919,-0.0030241938927311842,0.0008338100477052663,-0.0022714887085001907,0.01424286038026853,-0.006770112773291975,0.0038802138102981675,-0.0036115262521698543,0.033005308105885804,-0.010653819732623148,0.010517876769703179,0.00974592863213217,0.006642197708228171,0.0080726483663723,0.011364401659901727,0.01074052192242355,0.011743784628514086,0.00571602044895334,0.015035804469361019,0.011310105570407927,0.02490460876404975,0.0015500114020956632,0.01809264819919845
dow_cos,0.01848188950292674,0.01846557553410966,-0.20676445116105524,-0.004013235430570992,-8.978269502760905e-05,2.170731886230715e-17,-0.3515075755626509,-0.008860505785789514,0.1811884752096131,9.346257292672694e-19,1.5151550254418405e-18,-0.0010290567994499648,1.0,0.0019401417648044622,0.0006615592969920559,0.017889926984065403,0.017184270056818236,0.016213447704363785,0.01150219612643296,0.004411347691880395,-0.005522170471810037,0.017612678165263435,0.016663733508213183,0.01548443423886399,0.010353493720019367,0.001960898634510977,-0.011484571632935805,-0.2180509991522018,-0.22884504212362364,-0.23917425399975198,-0.27085016050673894,-0.33725516729909455,-0.4556640513738824,-0.003810934668378445,-0.003570311308940049,-0.0031623030703564494,-0.0018283895657265421,-0.001342926813605803,-0.0019719958207777247,-0.00012754523510925185,-0.00031918373765559493,-0.000664495061504538,-0.0021393570591704304,-0.0037840676193926933,-0.00891240724578166,0.020614631161606074,0.011382562033359989,0.019483549469832506,0.021643900855784555,0.021903325521093805,0.009360306104414644,0.019328435807700575,0.023298477019782875,0.01511323477220264,-0.012093120915302883,0.05506570588677278,-0.002871672098751695,0.019218608802776854,0.008725558135902815,0.01829470768652922,0.019099176959443274,0.01769993929247919,0.0049891129228180455,0.015506307542377008,0.016681403355363073,0.006077605049784295,-0.01605864819118769,0.013682894328870496,-0.008631588040542669,-0.24456719755961764,0.06451533813460157,-0.27111561610841245,-0.22821322688772483,-0.3081523150843028,0.03939595108346026,-0.36667601840316216,-0.30758758125351754,-0.4437335659094345,0.044835291769319836,-0.5122006362165812,-0.3995939789009252,-0.0034523311968969453,0.01416439642325204,-0.006881426171151157,0.00010297180619768401,-0.002773989795614816,0.018941356481759822,-0.009428413989142192,0.004740935984623715,-0.0037110608772266507,0.017797439260562705,-0.0072080747480240005,0.0038744045446054273,-0.0006903924447715261,0.018444431483256002,-0.004413838361768804,0.003016364737909748,-0.0022183207007817705,0.028100367618828708,-0.009283680792769984,0.007701711386188413,-0.005275271930898419,0.039770016439212685,-0.010130143376462283,0.009138492460493284
season_sin,-0.0211912931589764,-0.07106983658644159,0.417540954100005,0.3845522471671484,-0.601329203710535,-1.2798458689611337e-16,-0.0009056451432016744,-0.7757724662435447,-0.00021828171394959426,6.045363031245589e-18,-4.635428723344398e-19,0.0005435022185006433,0.0019401417648044622,1.0,0.03272348626127066,-0.021196182563840604,-0.021201819725368214,-0.02120887634618788,-0.02122730696258694,-0.021270465491557866,-0.02134057757811105,-0.07110101273040628,-0.07113235212114585,-0.07116299555522525,-0.07124030806257305,-0.07143239148127546,-0.07182742771449913,0.41740381989134523,0.41726972246030125,0.4171396199491181,0.41680483136908203,0.41639276653582435,0.41487486524584827,0.38424018654493214,0.3839293045180869,0.38361886566015496,0.38276645950626087,0.38155811453095784,0.37814443275793913,-0.6013582265305878,-0.6013979838753688,-0.6014483928767907,-0.6016472648123025,-0.602201753451762,-0.6026966166070447,-0.026726220724983128,-0.021839622932496947,-0.02160859590330892,-0.031024692088266925,-0.03808244383540998,-0.032022626094709246,-0.020120850928111837,-0.047054870898727355,-0.05863106831828575,-0.044601867565606725,-0.054115588683622665,-0.057296130134027345,-0.08669739498323455,-0.02121576401589723,-0.09217239297873864,-0.08080209901373428,-0.11342202274500021,-0.03232301707666883,-0.09955667404398208,-0.10386390842520367,-0.14865081485036452,-0.047061465695560495,-0.1552172841488744,-0.11937155632580687,0.43648616563280646,0.1051289384947546,0.4364113462993362,0.4455551480577888,0.48287692820202754,0.16429084414527434,0.468284624488784,0.5133219541647,0.5585082631140547,0.24683540043505336,0.4603850055517963,0.5807255997626796,0.40683504541339244,0.3053495223581716,0.3629206175276122,0.4595940863597593,0.4710184725476073,0.4355478815119474,0.35664638737948645,0.6046264019323377,0.577261127818948,0.7522238746727352,0.32314720332020735,0.7315447065113055,-0.6315395162226639,0.22627014610715823,-0.6592934512866553,-0.6209774686050655,-0.7136214482685983,0.3260324946326544,-0.7679065970063839,-0.702844236768202,-0.8387026793308936,0.5738550171540304,-0.8296715271069092,-0.7559380724458127
season_cos,-0.0071422862816187425,-0.049814577170839945,-0.12086945941927903,-0.31706029070980296,-0.1287963739394516,1.7613008489372345e-16,0.002532909190417966,-0.11023216401808508,0.0019580834081396464,3.2265941078648166e-18,1.7458209815597916e-19,-0.0007660020070517622,0.0006615592969920559,0.03272348626127066,1.0,-0.007088217946798401,-0.007023982353699216,-0.006935430089070721,-0.006573050666848048,-0.0059610976893354406,-0.005052674620631093,-0.04969503746806575,-0.04956468985685343,-0.04941037308007232,-0.048886396544556156,-0.04788329870122758,-0.04615665314726854,-0.12122175205185451,-0.12158342909689165,-0.12195681205385847,-0.12314826874580324,-0.1257068893172752,-0.13009193735749702,-0.3173045711001049,-0.3175817392951683,-0.3178965002255513,-0.31904556677619106,-0.32183426397696785,-0.3253289885947767,-0.12835941438544687,-0.12787856831270258,-0.1273553258579696,-0.12565627090561352,-0.12242964221307007,-0.11787943541405416,-0.008758111039642249,-0.0062308590737068835,-0.00713450173331082,-0.009064690198882347,-0.011875162845220543,-0.00909065396631827,-0.006007415400276359,-0.011984713677701672,-0.016626951175313206,-0.017302119385498353,-0.011239193044497057,-0.01667039072465877,-0.06027110614843081,-0.007788028343188358,-0.06671683728637848,-0.052338981263373975,-0.07795024439032482,-0.012644514996322203,-0.07139988036282569,-0.06293365558257269,-0.09985517314674813,-0.02463689726916306,-0.10625928766749866,-0.0675137802785864,-0.1274115642140062,0.052982859878852005,-0.14609919111969358,-0.11267172368689538,-0.1424586417690001,0.08138871341104303,-0.17746236755626066,-0.11364875114595244,-0.1682097176926637,0.11432466776482186,-0.1878225772213922,-0.11961978581007486,-0.3368747883229494,0.20633442309076794,-0.4128879116907595,-0.27991357033392605,-0.3923082953059537,0.2887956278006488,-0.5693367103588228,-0.2737693143604933,-0.4861120447211448,0.4985009832862898,-0.6622843615454499,-0.2707235643498946,-0.13395739723093555,0.22694876455492138,-0.1759257828690422,-0.09397742252289583,-0.14934227572294537,0.3187056311622223,-0.24245174287135057,-0.06071497676505731,-0.17146482612613845,0.564494181295263,-0.2960351411460398,-0.021962871077554628
traffic_flow_lag_1,0.901440240868992,0.8583807851180285,0.22774558579734175,0.2944976274690378,-0.30287958249558167,0.552967541290157,-0.014943204539111193,0.0027244860780736386,-0.00664802697219836,-0.46550779872096293,-0.34390549803427056,0.022260111450380444,0.017889926984065403,-0.021196182563840604,-0.007088217946798401,1.0,0.9014368324097467,0.6602946475965935,-0.10008954292467993,0.09034381653491459,0.7008290409034335,0.9505721124394163,0.8578816435674076,0.6323554552627003,-0.0767465300491001,0.10810190232632425,0.6484360081784213,0.2659889408806723,0.2997086285816623,0.3184709449958293,0.21272928495108992,-0.39140424597205453,0.21082190416470645,0.32245476308511345,0.33570847337825677,0.3379711637891269,0.27742923156492716,-0.32934336090779404,0.29314245773629705,-0.3249262883104886,-0.3264615646448416,-0.3123307029723285,-0.20633792992325545,0.31319395663651184,-0.30092962052116834,0.824072042956558,0.4643077797075606,0.6822543713433432,0.7875046985980118,0.45859070110409605,-0.21910686358876824,0.6669556131030646,0.25572342232949724,0.2920672640143199,0.2228179876889892,0.45475932882869174,0.27599206984793834,0.763779315087385,0.4450477217936172,0.6307698334365774,0.7421443150419458,0.40804340106643433,-0.22022199846831758,0.588548969987767,0.24476684747230767,0.23842811500186153,0.1952159117314448,0.2453927902564695,0.26116255852819487,0.29700583569444655,0.186890184734612,0.24399997649310576,0.3073250488034197,0.12954418581407526,-0.3251331143551483,0.13159366566081906,-0.01876486776155269,-0.00853420725992147,0.05897693066701084,-0.008334838189226817,0.01864171422902206,0.3417324351313767,0.5511234005077047,0.22260689055224542,0.4393362982342661,0.2375549058386009,-0.09826559879147272,0.22468116808211536,0.132174568812103,-0.011128035441771237,-0.00931873177721597,0.001339075909315191,-0.012557916649277235,-0.31605630020764375,0.3875315765084206,-0.3693883611546946,-0.23701046730322167,-0.18660794780986367,-0.2200532341769744,-0.07225119226879394,-0.22317607376720747,0.018827940195899274,-0.013830410717592327,0.018854545124259242,-4.897268643328521e-05
traffic_flow_lag_2,0.6603085746056937,0.6333402227731079,0.19057531347379528,0.24762382174747097,-0.2569933420969605,0.639549312942788,-0.015142963360712556,0.0026203692882266223,-0.007355536165791731,-0.5386583585595618,-0.21165861383457507,0.022415482181469066,0.017184270056818236,-0.021201819725368214,-0.007023982353699216,0.9014368324097467,1.0,0.9014297988719058,0.09597117262941775,0.0075712485746747184,0.4733869920987306,0.858378977823616,0.9505686860086263,0.8578659388267897,0.10569951918935076,0.029078644301829975,0.43740282901824995,0.22769265083828275,0.26593669929809105,0.299659366776832,0.278363637741953,-0.33470409028455356,0.17393584019439032,0.2944444463777465,0.32240343354514917,0.33566053997613327,0.3123954397340368,-0.21064059928529677,0.2463962354342299,-0.30284879768759737,-0.3248991523348202,-0.3264378875985459,-0.25213249345223604,0.2173417931200514,-0.25497346828610573,0.9426300798314835,0.43291778920061585,0.7802268750444432,0.8518926304585825,0.5561985821856423,-0.15314837005242807,0.6888046589045316,0.32437989930903866,0.3135030042922784,0.23432373798926692,0.4501260596767668,0.2769951527030921,0.870963797827865,0.4152069128345609,0.7157109554413442,0.8025841912600041,0.4882421806435899,-0.16035591695602963,0.6088311253371242,0.30309279350047397,0.2553950336505309,0.20149500003235996,0.24178883859389164,0.25945373672877714,0.2816603700515943,0.43631399669616294,0.18490183991068915,0.352684259957178,0.18023505711575172,-0.21109759801601768,0.14799930082476428,0.05936910405583211,-0.007639985973642484,0.02899151818148703,-0.005444418532872866,0.01567046462531338,0.3302474647770568,0.6002539908131357,0.19189824938731187,0.437448271862518,0.2845021896241662,0.11243220159883452,0.21198822519857569,0.24153608560644932,-0.011096862162117523,-0.008861303179192056,-0.0006224744512821046,-0.011118041062558984,-0.3168830708707519,0.4728239545622152,-0.3823775697051486,-0.2110761811557379,-0.23348126109042855,-0.04635101762820888,-0.15814434575469224,-0.22554273845608003,0.01873734908604107,-0.013015459046334096,0.016321597185779087,0.0040758601629761835
traffic_flow_lag_3,0.36440880635092915,0.3574926567602847,0.15580074217041912,0.17853033186337058,-0.18636409888576705,0.6469885623510158,-0.015417130543361005,0.002477125645422471,-0.008328101694453485,-0.5750709604031304,-0.0649645366221954,0.022628378750928,0.016213447704363785,-0.02120887634618788,-0.006935430089070721,0.6602946475965935,0.9014297988719058,1.0,0.36448695577747287,-0.10492619849929814,0.19451209043469678,0.6333434508010866,0.8583828375517858,0.9505697294061201,0.3561286419404668,-0.07762405712717312,0.17925923827490842,0.1904512224387904,0.2275698756725808,0.2658177165554695,0.3129329865044776,-0.2398940545142282,0.1395913986894106,0.24751481390931346,0.2943384037345358,0.3223036559155074,0.33107021207471615,-0.083460113528431,0.17741666727009037,-0.25695520328130456,-0.3028196448601965,-0.3248805459898643,-0.28719476051426523,0.1142042767263789,-0.18425340894783443,0.9426510899010904,0.3633256269881031,0.8070668106396807,0.8334955530106091,0.6264748095508442,-0.07591618059448613,0.6437752923948563,0.3840421677905864,0.333115191976524,0.23847783446162163,0.4395454670750245,0.2748739143506738,0.8712888730702961,0.34934230327124827,0.7365261478750726,0.7867974600472047,0.5460893368885443,-0.09030337284327092,0.5758534263167973,0.35404983605151324,0.27095394553240215,0.19967067170411384,0.23500763201211744,0.2546663068895915,0.25414990760651684,0.594692173062247,0.13185505194841998,0.36639902234707367,0.21835032040275482,-0.015992063978791396,0.14282801550156213,0.14452922347366592,-0.00684745031704309,-0.0004898342485887136,-0.003073219093815413,0.0142217150802885,0.30320468399497025,0.5055055485554829,0.1775919411759426,0.38575833684178495,0.311295159426645,0.32519970065560694,0.17054978591347017,0.3220230510815323,-0.011120171613305162,-0.00837099260946228,-0.003193329968808413,-0.00892903625224026,-0.2992213472546417,0.42503967532092674,-0.3506035286267284,-0.19429577475297055,-0.26320567029975456,0.15651260773834302,-0.2258584245651458,-0.1919331981335537,0.018615855432393733,-0.012135262319783412,0.013046944997066798,0.009322822388958065
traffic_flow_lag_6,-0.21230501446933117,-0.17774944973459472,0.011117806010567055,-0.14949265575639564,0.13473892278986485,0.1584372003238241,-0.016822857586374782,0.0018632927967391615,-0.013052513129350017,-0.4523562768410022,0.36081414513460414,0.02377486833368051,0.01150219612643296,-0.02122730696258694,-0.006573050666848048,-0.10008954292467993,0.09597117262941775,0.36448695577747287,1.0,-0.21167004508704443,-0.33038428650324647,-0.07420051387943813,0.10780179611372794,0.3576729361884858,0.9506011356550389,-0.18003387215953,-0.29817519535393966,0.0709040002170328,0.11758373082186198,0.15507985963186754,0.26516387593901136,0.11832675387065524,-0.0032961252291500106,-0.026200876581123883,0.08590636430857612,0.1779750363058372,0.32184804211342954,0.2214249260046035,-0.1499943524770653,0.017365334442725828,-0.09294807964587073,-0.18631978655810125,-0.32497778224070095,-0.14811487341367968,0.13679929059670054,0.35919678333998956,0.1495649661839378,0.37379201227145387,0.38352786643398706,0.6928588132932278,0.18195327744634532,0.3071003314823856,0.5198227248847073,0.3806009248856373,0.2526616158784969,0.343350127974636,0.2793975149411068,0.34642412081568386,0.15265048361052214,0.34818850543399377,0.373907181955947,0.6016099469561486,0.1620896523388727,0.3004830366578076,0.4745163622618559,0.30826976937166706,0.20236353407392,0.17788624563757496,0.2536590884994082,0.13449995233828016,0.3141446886342813,0.0634755820581176,0.18291875290199316,0.2370370497531844,0.5405731408185196,0.058079825403185625,0.28111344585133374,-0.005069709974357941,-0.058406370295366744,-0.0031128551497633275,0.0010106216822040309,0.11114066496261812,-0.28129279520244804,0.16195439625208885,0.02593547638185279,0.26071185056939694,0.45090015712120357,0.03840092044548949,0.2867529008804865,-0.011480229142276492,-0.008220220305853591,-0.015409523025468401,-0.012489567575066831,-0.12022041745782876,-0.23264904914089357,-0.05257575056436704,-0.15236986785721074,-0.23696949260084813,0.37969207229383484,-0.2201795176466334,-0.0468024982450274,0.01808246741534339,-0.01226552178289998,0.017955051301947456,0.02968771389250793
traffic_flow_lag_12,0.11271558293286647,0.12841891260130395,-0.3958923131698008,-0.4248044839714059,0.3874877704101509,-0.1581784074143296,-0.018901133420670423,0.0008603260466859771,-0.020194635230292315,0.3609503048908541,0.4524968113587585,0.025407556930625935,0.004411347691880395,-0.021270465491557866,-0.0059610976893354406,0.09034381653491459,0.0075712485746747184,-0.10492619849929814,-0.21167004508704443,1.0,0.11322561151175854,0.10924797660649699,0.032559240746645575,-0.07300710723170425,-0.17701337086051308,0.9506286583613509,0.13114614148209824,-0.367564587992812,-0.3083721664496916,-0.23064279556990447,0.010341298044013392,0.26465348433670727,-0.4057697023952239,-0.481144614981897,-0.4917592702913071,-0.4558657660283717,-0.15000527042907216,0.32161475444939364,-0.42446162346505717,0.4331277799923625,0.44115991272245686,0.41006118408588027,0.13475608709366674,-0.32525704117034504,0.3896365744870216,-0.071187797276177,0.3465877010601346,-0.25096120918300024,0.07210943309700504,0.2055604460484369,0.4222310921444205,0.21125085597902782,0.49110462937473137,0.4184193864638004,0.337077549043899,0.2355259785176921,0.3220415891028487,-0.03497551957847316,0.3400124434257454,-0.18002411684977945,0.08924562195632883,0.20401594904897713,0.43278342642889905,0.1988039506911827,0.4594896886083918,0.33614393054786273,0.29565896024088706,0.14640040257952922,0.29065402609811164,-0.26340873032144635,-0.2796589694618523,-0.20291997308763643,-0.3005490632952477,-0.07172410086616833,-0.3691895000703303,0.006575334288341903,-0.15651650642943482,-0.0019086642614926305,-0.07321546492572963,-0.003310939490382861,-0.07226024821328016,-0.4425484731767713,-0.07176805424919058,-0.40692433168481235,-0.3934694956686718,-0.19249712946932365,-0.5938100956081742,0.040374398976503585,-0.3146229743102838,-0.012048810444271302,-0.011833925435893905,-0.007998672851070383,-0.020023171597271537,0.3959091130491677,-0.04095431669914385,0.3523675564335102,0.36762157016255287,0.15562910944991237,-0.5638086291474543,0.2406072260304553,-0.04939639243549167,0.01725610710234027,-0.01996938488397462,0.031284197385617114,0.0159934976365719
traffic_flow_lag_24,0.791033953013376,0.7357632714917688,0.26793965584595014,0.32036464360395145,-0.3254187796874712,0.4331605438285288,-0.021698564529556826,-0.0006007394248476319,-0.030109939542243138,-0.3603545276615924,-0.45247667276011005,0.027568524863916654,-0.005522170471810037,-0.02134057757811105,-0.005052674620631093,0.7008290409034335,0.4733869920987306,0.19451209043469678,-0.33038428650324647,0.11322561151175854,1.0,0.6518957708709641,0.43974096546847596,0.17958439944170504,-0.3069294015774512,0.1289469829602619,0.9506015776453067,0.30182773741943325,0.32089441610675395,0.31588716626645585,0.12321969495104935,-0.3960835274959294,0.2637001637759404,0.3335405395416134,0.335706606822843,0.3287934986068795,0.21900399422841693,-0.4250878183828083,0.32098051182250453,-0.32703551822647325,-0.3130231348717375,-0.28801924481250046,-0.14887011807981432,0.3875437966181489,-0.3251410155175285,0.3923538705385309,0.21867553930645256,0.37384405903387913,0.3861463250840472,0.11440983672476153,-0.36477066584685147,0.3962828055815849,-0.057777926488573855,0.24656122644119743,0.3264127381756415,0.10586297239828679,0.3461612051932961,0.35187459775404617,0.20634524510187763,0.33260300781554475,0.3541837747553964,0.10188706487708568,-0.34784789873710464,0.3417674211515482,-0.0396579924146418,0.20051149898178663,0.3202987148417541,0.1152557706898375,0.32652649241831166,0.2972710240155742,-0.08823529350613639,0.296500179775702,0.24478761658749734,0.07496079404046878,-0.3509721646353319,0.10598494265703925,-0.06983456926158685,0.0016635299264388132,0.059495648997428895,0.013664603788834204,0.026668398341040317,0.33625569673010786,0.3707392952401173,0.2618434906739804,0.39221948294857123,0.17091962875121489,-0.24070800685455085,0.18858923196448613,0.017318697762006712,-0.01334250452367185,-0.010955787050298876,0.00024860214270368644,-0.016390315437913437,-0.2999529502780584,0.19279507181572914,-0.31766326345301077,-0.2667714130077266,-0.12709232962371955,-0.30316214101897865,0.008429130819398821,-0.17434518137378213,0.016600539166764416,-0.015932219454126026,0.018399898622667873,-0.003707730788071144
aqi_lag_1,0.8578925675210187,0.9116257464458203,0.17842371905754104,0.21770082859193057,-0.21951033818882099,0.5085425226298678,-0.021063289088644393,0.04959879205575724,-0.0162127165600299,-0.42576279049012206,-0.3072929593262912,0.029590169515439912,0.017612678165263435,-0.07110101273040628,-0.04969503746806575,0.9505721124394163,0.858378977823616,0.6333434508010866,-0.07420051387943813,0.10924797660649699,0.6518957708709641,1.0,0.9116245990944262,0.6994683911190517,0.03445395329608421,0.2017824911663165,0.6603186287646009,0.21438579189527374,0.24670350387366521,0.26558861888233837,0.17263861752451715,-0.38402144331628085,0.1539701194780827,0.24309649174367806,0.2557215428634174,0.2590155826199048,0.21030802932248224,-0.34039145858895126,0.2181107964083143,-0.23959590146988832,-0.24139838366274982,-0.22938389864855352,-0.13773226513883488,0.333788680152411,-0.2174389747816873,0.7908712091663761,0.45809416972143246,0.6502949158600598,0.7627549741730709,0.4637450223230493,-0.17427385550517566,0.6435788472525246,0.28397738989353216,0.3122587745324892,0.2280382900101361,0.4792519649447017,0.28754605386733945,0.8465468387738357,0.43366562044641915,0.735581573251737,0.8109823384916207,0.5516531483716791,-0.18810494109918127,0.719848496738757,0.37318611312418737,0.413667441325883,0.1725474178329586,0.49429691380830026,0.3634696332469539,0.24398217424935575,0.15633187033490092,0.19737582999729575,0.251316873241025,0.08985814595751701,-0.32566105269647116,0.09611655042612856,-0.05381031254151735,-0.04541986414656394,0.02165618471252426,-0.035027472061400604,-0.026828136883412797,0.25972479487017025,0.4719427120062016,0.15539012374722996,0.344601560422389,0.1621802556567444,-0.15269605096855615,0.16787163526678237,0.04679535925123963,-0.0774784914903541,-0.10065771056499379,-0.03521194976052969,-0.09858978591684006,-0.2301924221112614,0.3370121241560226,-0.27773420215392686,-0.15868754480196404,-0.10910946093160205,-0.24352472542482503,0.0032226903666006403,-0.14838354812691437,0.09036985181694421,-0.06857029249919025,0.09084506321693692,0.062085596568303314
aqi_lag_2,0.6323783828464323,0.6994709362823442,0.14415674789282615,0.17549156565657106,-0.17795869012354054,0.5877324432723232,-0.02127739737409287,0.049402274325910565,-0.016835904737751928,-0.49078550471225973,-0.186562142062975,0.029737433385419773,0.016663733508213183,-0.07113235212114585,-0.04956468985685343,0.8578816435674076,0.9505686860086263,0.8583828375517858,0.10780179611372794,0.032559240746645575,0.43974096546847596,0.9116245990944262,1.0,0.911621980616545,0.20556059592915565,0.13031717954650882,0.46517477851639366,0.17833574400323093,0.21429918743153895,0.24662084727180175,0.23183416217140043,-0.3313032266369342,0.12025511842961581,0.2176198339362105,0.2430185040838916,0.25564842043902397,0.23980807645692878,-0.2309685728325151,0.17608074466513715,-0.21946920210427967,-0.239560698796307,-0.2413698799655579,-0.17759748714537885,0.24520651056637524,-0.1757627145286435,0.9010992487553166,0.43132566646112636,0.7398140372158574,0.8233884818011437,0.5534826981869729,-0.1089135279831171,0.6601787865831821,0.3489047908178213,0.3344066877610827,0.24124516270698998,0.47584549536639753,0.2907364702586858,0.9468990365646959,0.41146971384618336,0.8122630096999215,0.8693320829051535,0.6272267062474296,-0.1259452651989674,0.734667908486615,0.43031646666713586,0.4340061520909998,0.18233493083353114,0.4927424089555952,0.36609275003841546,0.22862203464456585,0.38929077701765286,0.14124893629252802,0.29285501575648104,0.13570990476101472,-0.2208004994076447,0.11094968505176771,0.018059047320945563,-0.044156682585115264,-0.005897502663961342,-0.031931419455205154,-0.02908123360769709,0.2482951010854686,0.5197018228518532,0.1255811965413333,0.3426265579195853,0.20380033112146376,0.044244880154581424,0.15441650633697934,0.1476325705458195,-0.07758648544321323,-0.10026092491709347,-0.0371326017554536,-0.09734190033554879,-0.23023013926330863,0.41897135389992,-0.2896560874724353,-0.13328368928464224,-0.15093656921895085,-0.08069257771528784,-0.07604208039040843,-0.14907484541978605,0.09026125545439188,-0.06765453532695857,0.0883843906211537,0.06603767053513498
aqi_lag_3,0.3560500029659313,0.440175891506713,0.11287021422857531,0.11327744060521364,-0.11400130966689154,0.5934389868867179,-0.021555156848210636,0.04916109683678493,-0.017684399545239482,-0.5223252810880039,-0.05309952716472698,0.02993005830490084,0.01548443423886399,-0.07116299555522525,-0.04941037308007232,0.6323554552627003,0.8578659388267897,0.9505697294061201,0.3576729361884858,-0.07300710723170425,0.17958439944170504,0.6994683911190517,0.911621980616545,1.0,0.44032491925571227,0.031953678313655205,0.22604763754403479,0.14400473885565182,0.17818545898742771,0.21415322766271858,0.2620991558413972,-0.24350193510508822,0.08969777217660298,0.17536106896938417,0.21749289622055976,0.24289873267091044,0.25453831413842276,-0.11429543838160197,0.11401393776156504,-0.17791262120755066,-0.21943337385263528,-0.23953762962519684,-0.20783546273609052,0.15050237466036215,-0.11164977659810102,0.9008062458927605,0.3682249406577655,0.7637274007988294,0.8066947496993894,0.6177640353248922,-0.03293816763880588,0.614556416576852,0.40537523358355226,0.35481355925531394,0.24813745421544767,0.4659687366240048,0.29129354991093,0.9469193394752148,0.3554026738126245,0.8293722163148454,0.856215402338806,0.6815190341188522,-0.05330652844472622,0.699538299655044,0.48044907157752853,0.4527026389750175,0.1860224167252196,0.4869900602162811,0.3660516850022345,0.20246191177121015,0.537523818355721,0.091268866212348,0.3054229791493565,0.17000454879550989,-0.039500672059742246,0.10564830984577023,0.09682455758371862,-0.04300338286628883,-0.032816679047778866,-0.029323729960471636,-0.02980044268430088,0.22322501172223216,0.4329944865272856,0.11197087217997391,0.2948821080825382,0.22705141532302225,0.24401472729221604,0.11416041260424056,0.2220196447558183,-0.07774377422956981,-0.09979936620488992,-0.03962796858060619,-0.09537683735478909,-0.21379137726582734,0.3763771441892214,-0.26041244141466063,-0.11724400181073218,-0.1771061796423006,0.1102160922176604,-0.13871470183457504,-0.11617486923579173,0.09011675160244889,-0.06668978248230358,0.08520770732020708,0.07101341572122007
aqi_lag_6,-0.18079730771780192,-0.06328239007021366,-0.015499683669858128,-0.18380252417917964,0.17737554125110802,0.13611718613282414,-0.022833673421853003,0.04829512189922627,-0.021687371338016945,-0.4066783408444316,0.33191482490439717,0.030779554581992857,0.010353493720019367,-0.07124030806257305,-0.048886396544556156,-0.0767465300491001,0.10569951918935076,0.3561286419404668,0.9506011356550389,-0.17701337086051308,-0.3069294015774512,0.03445395329608421,0.20556059592915565,0.44032491925571227,1.0,-0.06248239135335232,-0.21142292976569815,0.03775209755312501,0.07899725787608457,0.1121604330538256,0.2135085617541124,0.08642860293208758,-0.035769273515830965,-0.07188658986061519,0.029635562717713195,0.11274408255117871,0.24246541550481734,0.16135057213556256,-0.18241175527659628,0.07080433709422622,-0.029322302552272635,-0.113975344068801,-0.23965993356554316,-0.08654310332388845,0.17994589325829177,0.35598980127707347,0.16666834216015397,0.361012961468287,0.38615698922239816,0.6773860738082396,0.21676498700624988,0.29266084039034784,0.5345372441410852,0.40502918535067084,0.2726870308386232,0.3704540440623936,0.3040046732350699,0.45260575777004597,0.1748296801815927,0.4630133244520171,0.46938117286331704,0.7327439079484548,0.2031448495726634,0.43175630028336065,0.6002589960194201,0.4979369140172181,0.21160926627749274,0.42635537359539694,0.37892881704768655,0.0931595938573529,0.27679810940060906,0.029537376537847094,0.13661674373081287,0.1856647674275666,0.4809782562104017,0.02590891372672014,0.2241946501838101,-0.04017393407853326,-0.08430021037313529,-0.028460801582106857,-0.039787436682818075,0.0492226892951133,-0.2987365937870413,0.10181198398294218,-0.035927933462395346,0.17820583241170573,0.3667796835569598,-0.01216922882814589,0.1895220636344427,-0.07844050219070224,-0.09944697077432192,-0.051402849277160115,-0.09885557684348548,-0.05119197890844286,-0.2354950045717013,0.013502197357603232,-0.08197399648926512,-0.15097091726817877,0.32469532314781213,-0.13381635045660442,0.022303640930721676,0.08948190997279408,-0.06653841194801001,0.08940599497971627,0.09002163821136848
aqi_lag_12,0.1303053653458332,0.21914305126025801,-0.38440235228793146,-0.43066966426053943,0.40187978570976707,-0.14225750031860565,-0.024708483220652142,0.046705836469644636,-0.02771238136047407,0.3320582304857506,0.4068612167877835,0.031980976888538945,0.001960898634510977,-0.07143239148127546,-0.04788329870122758,0.10810190232632425,0.029078644301829975,-0.07762405712717312,-0.18003387215953,0.9506286583613509,0.1289469829602619,0.2017824911663165,0.13031717954650882,0.031953678313655205,-0.06248239135335232,1.0,0.21996354778685395,-0.3585732550365078,-0.30454927885252164,-0.23379303385120537,-0.01637056231744155,0.21293133299700348,-0.39804556116351464,-0.4833886097783807,-0.4941295347251997,-0.4621317906619288,-0.18436178091032063,0.24223238582988127,-0.42866332713101335,0.44501094164094107,0.4536940064939474,0.42645570624302087,0.17735413972002795,-0.240035095724953,0.404905030162791,-0.03943838450213871,0.33809861496812227,-0.20803500777888825,0.09567422741148189,0.22597652586417177,0.420446707061257,0.2137691521448803,0.4976789587179806,0.44536881652929117,0.3623465953277859,0.2591179180398761,0.3517017081891515,0.0895213527043236,0.33691143939131146,-0.03249623317578041,0.1931161072585443,0.35475577935000246,0.4390429157012913,0.3343389921694159,0.5701736023827916,0.532009617666502,0.326575501216537,0.37826744916891447,0.42608506909946986,-0.26499655507791026,-0.2736602056277863,-0.20743388249325204,-0.30224912086871897,-0.09553124583624717,-0.3675451241245522,-0.016934941881098134,-0.17952025390226126,-0.03560481646803283,-0.09471191463880131,-0.026765601909917412,-0.104972171309748,-0.4519969507144846,-0.09856359467899284,-0.41482448097895336,-0.41257747946921863,-0.23391185250383165,-0.6048179198911692,-0.004237966934563064,-0.3647855899736432,-0.07977205969378172,-0.10198515899296295,-0.045307370431735154,-0.10631837698033046,0.41525454585357774,-0.05796141779276763,0.3780005871459344,0.3881035003179746,0.2055044342145162,-0.555567147947062,0.2904834611717065,0.01282814750155297,0.0883395027492045,-0.07358020606447087,0.10155727714003968,0.07676615085676118
aqi_lag_24,0.7317926196570724,0.7360910665464614,0.2161725031239242,0.24049454869310727,-0.24156532034446734,0.3986308330498215,-0.02566097982654461,0.043924501176884095,-0.034499978342705906,-0.3312636688782631,-0.4067229004223472,0.03218022558101457,-0.011484571632935805,-0.07182742771449913,-0.04615665314726854,0.6484360081784213,0.43740282901824995,0.17925923827490842,-0.29817519535393966,0.13114614148209824,0.9506015776453067,0.6603186287646009,0.46517477851639366,0.22604763754403479,-0.21142292976569815,0.21996354778685395,1.0,0.24883504214904986,0.26820408537364643,0.2654931077253188,0.09254115916680936,-0.3848593252577582,0.21151292480876902,0.25289440860678974,0.2559477154557844,0.2513547396225075,0.15759263189327585,-0.4310380531713696,0.24123082181667346,-0.2433396179354723,-0.23137372833807973,-0.20990524510025918,-0.0883923835910057,0.40170652924884376,-0.239805007847082,0.3635197293774071,0.21478431072250026,0.3409161336234158,0.3631025350109181,0.1225871012132941,-0.316648004906462,0.37285652440425976,-0.029482307145363068,0.2689546206652935,0.34244667004530305,0.11129728050010772,0.36289596114315414,0.39875372357849287,0.2084936717651707,0.3865984219322601,0.39573119418075753,0.21127907599940327,-0.29191779191087897,0.4217894726994331,0.06565419871311007,0.37081346601723303,0.35071152263691563,0.3009775440888528,0.44094339323606285,0.2461912406674453,-0.10013886498325157,0.24823513891521046,0.1948191398266581,0.042134336291548856,-0.3471236988094818,0.07491917468090256,-0.09793467594000042,-0.03135784118886282,0.022364953387764917,-0.008795089905136621,-0.014965319134571657,0.25503746008266837,0.3023559902389384,0.19257825641796975,0.3005828468034211,0.10076377550289295,-0.2832251923328259,0.13300239573785802,-0.05983084443433925,-0.08206310217697965,-0.09882362620148649,-0.04013755229386606,-0.1038206788213422,-0.21804343413961044,0.15457258336507299,-0.23202057702231002,-0.18951812851527752,-0.05724943615529885,-0.31889865556443725,0.07527089621890745,-0.10510900212487492,0.0867820678590917,-0.06962099862491393,0.08917289560310848,0.05873424391278506
electricity_demand_lag_1,0.2997336422856097,0.24676522564388417,0.9815398791049045,0.6291196141646872,-0.6030299359879322,0.3071852836571262,-0.34460339544810287,-0.2902932163723953,-0.5021596788292852,-0.4039332818959441,-0.41702275440595205,0.4086026628694782,-0.2180509991522018,0.41740381989134523,-0.12122175205185451,0.2659889408806723,0.22769265083828275,0.1904512224387904,0.0709040002170328,-0.367564587992812,0.30182773741943325,0.21438579189527374,0.17833574400323093,0.14400473885565182,0.03775209755312501,-0.3585732550365078,0.24883504214904986,1.0,0.9815432308144753,0.9341209928826875,0.6718887471267462,0.20352639353059881,0.7031095113248159,0.6817674344371176,0.706027595326431,0.698967429985953,0.4989981113446907,-0.09903863731213727,0.6203661735973885,-0.641376765316178,-0.6542616460511418,-0.6397110096914455,-0.4430928529548225,0.09294133970744035,-0.602903725850044,0.2640851479750502,-0.17609397430874016,0.4214450993951792,0.15189701728997568,0.08849289637692027,-0.2835463944641139,0.15195211662706865,-0.11823514535910946,0.0040030187401858455,0.06377837581188471,0.020926416153459807,0.06587895425328305,0.19809020587566148,-0.17633248576035201,0.3223591859563242,0.10977627066583522,0.029309067553750935,-0.28533862931844683,0.09414620981477088,-0.13603527723055228,-0.04760776086812198,0.06634771217211885,-0.04372013011224535,0.03099249991263815,0.9643999878447755,0.15098274572959816,0.9445689635350724,0.9366251911751813,0.7888029304430684,0.07985009086049889,0.7976871661777909,0.7546167228227967,0.6990727351833614,-0.007741607342266594,0.697586354458972,0.6759183409066906,0.7009506755874332,0.20288417961473634,0.6661284444990403,0.6830858343326336,0.543701971932593,0.35415195777659625,0.40198714744005465,0.5517886497925489,0.40641558435467245,0.26784820602522574,0.3287381210822414,0.4430642682111287,-0.6416820621867949,0.04130694115313173,-0.6005018387735293,-0.6382830333361919,-0.47594777184692116,0.2422342098547892,-0.446220538908765,-0.4003600260784466,-0.3650530573573997,0.14587398200671925,-0.34402915043119975,-0.3746051040180758
electricity_demand_lag_2,0.3184925178686065,0.26564569861325454,0.9341098755819434,0.5531745297350793,-0.542826749807164,0.37848427971448,-0.32662576574071966,-0.2897549487093341,-0.486581225441864,-0.49805818961916287,-0.2983423974112197,0.3964832423110782,-0.22884504212362364,0.41726972246030125,-0.12158342909689165,0.2997086285816623,0.26593669929809105,0.2275698756725808,0.11758373082186198,-0.3083721664496916,0.32089441610675395,0.24670350387366521,0.21429918743153895,0.17818545898742771,0.07899725787608457,-0.30454927885252164,0.26820408537364643,0.9815432308144753,1.0,0.981546177441661,0.7718655380977425,0.2452387549485991,0.6754721790485184,0.6291782592484197,0.6818143284842012,0.7060664600886981,0.5915541008524017,-0.0346192895592724,0.5448805434565931,-0.6030393548116726,-0.6413730347786061,-0.6542426711393131,-0.5304461129067632,0.03937415499487675,-0.5429068391107074,0.3060913847629981,-0.1484958814559747,0.45396879234336424,0.19450394498377566,0.18197235399376874,-0.3293874595089503,0.27651673454401354,-0.06872184011851108,0.003420804574989358,0.05325786911688181,0.018611667720817574,0.05655472710515829,0.23579284164997927,-0.14766293566548358,0.3498720217908265,0.14956861455957848,0.10472785410364588,-0.32724258376269355,0.19420597879375284,-0.0927126072227949,-0.04812405511162758,0.053388280459164425,-0.04541733876726773,0.021745812986225875,0.9927069434797886,0.16806039937211212,0.9655976727792493,0.9630945486657786,0.8553290943959219,0.11774197373290682,0.8277825786430624,0.802187174707901,0.7136011289276168,-0.009413181815346408,0.7011001703968645,0.6840339417406708,0.6942119913151763,0.17407159522711108,0.6677099881354165,0.6727939113074676,0.603969033414348,0.3134454369445064,0.4555225788067385,0.5752487341327713,0.4070207811816974,0.2664631908250119,0.3290944774174371,0.4416020273168194,-0.6438102014988014,0.0032395081024624945,-0.5966661883466967,-0.649487284380216,-0.5334056474507787,0.18225087817063082,-0.4657104643938478,-0.4585694699302297,-0.36500370637516055,0.144276981298549,-0.34087064025740577,-0.37374684413648995
electricity_demand_lag_3,0.31305256464617226,0.2623066953865377,0.8618806209164669,0.46032274942272894,-0.4655409810443635,0.4329138581786193,-0.3067988973274031,-0.28919901121819425,-0.46858998782072236,-0.5582589993390152,-0.1593558089914504,0.3831928831728154,-0.23917425399975198,0.4171396199491181,-0.12195681205385847,0.3184709449958293,0.299659366776832,0.2658177165554695,0.15507985963186754,-0.23064279556990447,0.31588716626645585,0.26558861888233837,0.24662084727180175,0.21415322766271858,0.1121604330538256,-0.23379303385120537,0.2654931077253188,0.9341209928826875,0.981546177441661,1.0,0.8619341544150894,0.3048928406690372,0.6259463184768426,0.5532426231364408,0.6292318511552476,0.6818566903434672,0.6600068172027016,0.05273372572310446,0.4526472117511788,-0.5428453167981071,-0.6030445316552759,-0.6413627304867208,-0.5975023085103512,-0.0367612593347129,-0.46579091381729126,0.33908430730196487,-0.09897929661166484,0.45822413914618604,0.23530252646612884,0.26301858487122104,-0.35341448737206055,0.3834957559051557,-0.015119633636778033,0.002804994314847882,0.039662347774327374,0.015370500685878813,0.04355641320267335,0.26608798571937775,-0.09757131148118396,0.35379814729439263,0.18799287043715757,0.17031731801256078,-0.34743481772018886,0.2793922135836374,-0.04556354466364294,-0.04867983446788185,0.0368577293408465,-0.04787447604587788,0.00876832249489558,0.9927115324933482,0.1858315829477863,0.9615536022896489,0.9668276566534335,0.9091209683120186,0.1475258967590272,0.8498870699246017,0.8396989687689139,0.7268591099103815,-0.01127740490542677,0.7025565628366618,0.6889538551215091,0.6589760732424166,0.15649438033800975,0.6386593724139009,0.6403202709916335,0.6457648857702561,0.2683139728462114,0.4992762175115036,0.5882778591830436,0.4075886584633281,0.2650387815163416,0.3291199893325141,0.43998368946492966,-0.6206855240680248,-0.014165305799947204,-0.5745359510439738,-0.6316619115355853,-0.5757024747510191,0.11911438792880505,-0.47711773413851083,-0.508181978617784,-0.36495090452969375,0.14264636313563633,-0.3374910779598097,-0.3723886943195191
electricity_demand_lag_6,0.11872827172405684,0.0868949610024834,0.5691128302382963,0.14882047036280655,-0.18602206556417572,0.4140084341054451,-0.24623085475954104,-0.2875182838122567,-0.41368218164760107,-0.5074257612979439,0.281750253487405,0.3425907636644919,-0.27085016050673894,0.41680483136908203,-0.12314826874580324,0.21272928495108992,0.278363637741953,0.3129329865044776,0.26516387593901136,0.010341298044013392,0.12321969495104935,0.17263861752451715,0.23183416217140043,0.2620991558413972,0.2135085617541124,-0.01637056231744155,0.09254115916680936,0.6718887471267462,0.7718655380977425,0.8619341544150894,1.0,0.5692716628640827,0.4085395189656678,0.25171721704966643,0.35767550224979755,0.4605356648309878,0.6819434797153787,0.38984513488828115,0.14326922369083903,-0.2816750523338466,-0.37669112616237116,-0.46564940325110915,-0.6412973663586881,-0.3414560728433093,-0.18634830043879405,0.3234908411700323,0.10173796378418418,0.3054182871614008,0.28672152522768635,0.3831608501494886,-0.2640540702643142,0.49344867162615574,0.13307108594371397,0.0007821680158728857,-0.009645914836582269,-0.004443110792714066,-0.008094622381721098,0.2568756737469607,0.10458016402202729,0.2241881452740844,0.2386717766313323,0.26873315592480185,-0.2523406033523347,0.36207626224832756,0.08568269655977645,-0.05058070978017833,-0.022295998477091593,-0.06192807296017941,-0.043193132053706555,0.8353210519838902,0.2286885729671338,0.8105250378962291,0.8439372014770884,0.9663551137025537,0.22750136485674027,0.8563975887372691,0.8924177157967191,0.7582560550297219,-0.0033432690861158235,0.7009904399398701,0.6958396314639296,0.424310020748823,0.12015323225226154,0.4171701797789047,0.4301648491389477,0.6394281142661555,0.18215019876359712,0.5326021643128767,0.5727148750765372,0.40903034742178035,0.260912219004415,0.3266945919449338,0.43653296683809373,-0.4298141715186434,0.011306391151880401,-0.4121282643228162,-0.44015790519680326,-0.5891571100222506,0.007824727411975593,-0.4693064080572577,-0.5585497886765443,-0.3648583709878078,0.1381816910898315,-0.3297837604540132,-0.364856064590434
electricity_demand_lag_12,-0.40487851287800897,-0.3969540581241108,0.180438734404,-0.13452935303385954,0.12113828816368691,-0.3156309974236335,-0.12151316585991202,-0.28414782347988327,-0.300999330752223,0.28143879702541474,0.507022675271071,0.259198743009222,-0.33725516729909455,0.41639276653582435,-0.1257068893172752,-0.39140424597205453,-0.33470409028455356,-0.2398940545142282,0.11832675387065524,0.26465348433670727,-0.3960835274959294,-0.38402144331628085,-0.3313032266369342,-0.24350193510508822,0.08642860293208758,0.21293133299700348,-0.3848593252577582,0.20352639353059881,0.2452387549485991,0.3048928406690372,0.5692716628640827,1.0,0.18151907776043666,-0.14499235437313746,-0.12870124448551107,-0.08783199433017053,0.14920983489320025,0.6819320317595513,-0.1362488383459508,0.12258162037607348,0.09847050738012987,0.05150519703027344,-0.18634757230743598,-0.6410811345466407,0.12059295484635245,-0.312751398523498,0.04463679326576713,-0.388152746851459,-0.22238117048846795,0.007121525551776611,0.26891697642795326,-0.12104443511200612,0.15429669045737768,-0.00445351082505809,-0.05463573295426956,-0.05944345950911904,-0.06387304205574021,-0.30645991727027294,0.0535619489634978,-0.3723530169424706,-0.22502654758182616,-0.032885305471692015,0.27111945529206993,-0.14884314923274897,0.10737457399179065,-0.05594739423545047,-0.06938292897744334,-0.10397322512171013,-0.10005989455930522,0.3113259167225253,-0.09627020592342728,0.3729864203184374,0.3037113237150693,0.6347597722998464,0.22410706159648272,0.6441320184093959,0.6934113673055886,0.781082150181087,0.160207845644603,0.6765928517893127,0.7169908489873889,-0.08238009231216863,-0.1827927446521154,-0.016884162256395382,-0.09179581794185687,0.19848397791019154,0.02032935760727446,0.26001442471416,0.2573084159384623,0.41072151018747655,0.2524189432154848,0.3224466884007097,0.43444959635826197,0.04963042331215576,-0.11502052260016751,0.04624089922454217,0.003194909615106775,-0.21479304820753595,-0.002461103454075647,-0.239959494196658,-0.27650760965526505,-0.364962190678604,0.13074051162273212,-0.32620010580033665,-0.3540299673158879
electricity_demand_lag_24,0.2489749696528848,0.1896404973286,0.7048062809748599,0.6795383887899233,-0.6405324868381542,0.22383151421812064,0.11143792686445035,-0.277716479680461,-0.08877447809360801,-0.28191883963835396,-0.5066562057352784,0.09988730103756915,-0.4556640513738824,0.41487486524584827,-0.13009193735749702,0.21082190416470645,0.17393584019439032,0.1395913986894106,-0.0032961252291500106,-0.4057697023952239,0.2637001637759404,0.1539701194780827,0.12025511842961581,0.08969777217660298,-0.035769273515830965,-0.39804556116351464,0.21151292480876902,0.7031095113248159,0.6754721790485184,0.6259463184768426,0.4085395189656678,0.18151907776043666,1.0,0.7041054673617466,0.6975441319638264,0.659207515752251,0.3913026159675791,-0.13362970564283688,0.6823911484373061,-0.653380049936114,-0.638831701284225,-0.5968396930781592,-0.34140832856079595,0.12156186874314474,-0.6408512428169452,0.19573204808434147,-0.19396738984833367,0.34532387024716327,0.08769864577109006,-0.036903502037085305,-0.24040842439932233,0.007887510188592975,-0.19110806279126288,-0.024880736169952313,0.05218811346344749,-0.018705384418598613,0.045425542733746556,0.1274304277346027,-0.19363997135926905,0.2457848914146787,0.04284963485306806,-0.08330484839902387,-0.24127655253874192,-0.03533904443468976,-0.20577574929359957,-0.07773366086526204,0.06669414427917335,-0.07495783449667696,0.0117602688863622,0.6547808924470566,0.1463066010697253,0.6317271303332956,0.6475306853230944,0.5177211913404535,0.1332795830818299,0.540987340885456,0.5538181763932476,0.6678287673015044,0.2543666032173365,0.6357939606678009,0.7151166739936455,0.6769650873247112,0.2345549578275673,0.6342852677881925,0.6676778559190901,0.4700046018970492,0.3650631300136092,0.3491414060153451,0.5102337647087537,0.4115008790831847,0.24124824314676552,0.3393039739512188,0.438318917627429,-0.6128589662278537,0.08633919929954731,-0.5824304612455458,-0.6000706333470399,-0.4063516258873535,0.26989821612452947,-0.4119034915281265,-0.3446356492593852,-0.36423408484280095,0.12294182668843327,-0.340694731041509,-0.3824288928696972
temperature_lag_1,0.33573832940387505,0.2557797472893963,0.7059842809341308,0.9789001895612827,-0.7918698870806071,0.3019852231962307,0.0009063563332921491,-0.22125327281237533,0.00026121422691798376,-0.3273708721086362,-0.6393601752074486,-0.00016723313442289692,-0.003810934668378445,0.38424018654493214,-0.3173045711001049,0.32245476308511345,0.2944444463777465,0.24751481390931346,-0.026200876581123883,-0.481144614981897,0.3335405395416134,0.24309649174367806,0.2176198339362105,0.17536106896938417,-0.07188658986061519,-0.4833886097783807,0.25289440860678974,0.6817674344371176,0.6291782592484197,0.5532426231364408,0.25171721704966643,-0.14499235437313746,0.7041054673617466,1.0,0.9789024902137246,0.9184597958762577,0.5677486734509319,-0.078038014178284,0.964268260769117,-0.7994215107948165,-0.7697421745145648,-0.7054288912627645,-0.3674648249775179,0.1887307525834129,-0.7951597489608911,0.3076231784252354,-0.156592138011644,0.44516590526609756,0.18185704934978933,-0.04644703218061231,-0.2869862629469549,0.020205075088434526,-0.2290782396590541,-0.023125037309372803,0.0606015643598778,0.013210037273142695,0.05487735586987091,0.21014569277428274,-0.16003878913436143,0.31314090581978204,0.11353051301850828,-0.11487415256280348,-0.29031705402246755,-0.04847685286969873,-0.25891731108853405,-0.11161396296805273,0.07787299749586717,-0.11002687436875772,0.00019463791938356348,0.5907660866477785,0.2325066962282112,0.5433711423799295,0.5995225848451685,0.34754246891273355,0.05156917672424614,0.3628280969346603,0.3548294572945736,0.36446978077523384,0.17179161546579572,0.3286792644621103,0.4199262104704781,0.9549328146383318,0.3290510964898461,0.9032626425165713,0.9498216681644166,0.7033502142009613,0.38835778134882976,0.6126873649448745,0.7354164451819613,0.6584210269129234,0.16613377352408976,0.6235561063460223,0.6369971172164907,-0.7305970114595571,0.13259307449637667,-0.6994700290580431,-0.7080621326638462,-0.45773313184968034,0.24499572098060976,-0.44869807455366606,-0.418433797820351,-0.41138791055985047,0.003686145311860556,-0.35098596948758853,-0.4775063625095438
temperature_lag_2,0.33799894507677447,0.25907000935675567,0.6989280828111631,0.9184518484217823,-0.7487144920362825,0.39183513203938725,0.0014420477687125891,-0.220919538023917,0.0007536403052065827,-0.4816677443863927,-0.532877078784794,-0.0006193585938183833,-0.003570311308940049,0.3839293045180869,-0.3175817392951683,0.33570847337825677,0.32240343354514917,0.2943384037345358,0.08590636430857612,-0.4917592702913071,0.335706606822843,0.2557215428634174,0.2430185040838916,0.21749289622055976,0.029635562717713195,-0.4941295347251997,0.2559477154557844,0.706027595326431,0.6818143284842012,0.6292318511552476,0.35767550224979755,-0.12870124448551107,0.6975441319638264,0.9789024902137246,1.0,0.9789043362442056,0.7043608075856915,-0.02838191739418594,0.9053500824105293,-0.7918634352388887,-0.7994069995800626,-0.7697171508930237,-0.49620306363345407,0.15657320489956936,-0.752836006527001,0.36042075056683986,-0.17821868463648516,0.5217529670312355,0.2201962323878106,0.07743558206363907,-0.3525845402772124,0.15608555430376725,-0.17890333014442816,-0.023126173603745963,0.05289991768928967,0.010078708314718165,0.04948098071015862,0.25658417179603243,-0.1794847860579737,0.37715679750215964,0.14900882728757825,-0.015100353388609324,-0.3539789852638606,0.06237065813418149,-0.21613990863408958,-0.11158930096642683,0.06722058994428155,-0.11189595369280896,-0.0056607283784672145,0.650335813893853,0.2589633942777014,0.593031181043599,0.6551826838530097,0.42750911002178477,0.13081835245503862,0.3980714150276544,0.4209731321204739,0.36463884562688276,0.15821528231057203,0.3287331933017388,0.4171136271420603,0.9927684777349364,0.2645343167262204,0.9543247988715922,0.9682100756036837,0.8003988684261462,0.40282556521121293,0.6731139977697403,0.7964076282342022,0.6592751501042904,0.1663319142224974,0.6235170329116142,0.6366178229017276,-0.7747470343418915,0.054085948427099656,-0.7231938581275833,-0.766455685967789,-0.5471388348880758,0.23493545053225956,-0.497779660060519,-0.4829845726321078,-0.41109741334351807,0.0036433496574496795,-0.34866455087957554,-0.4756729124088419
temperature_lag_3,0.3311794849150895,0.25470696625392863,0.6599368734008961,0.8243465340357232,-0.6742740397521988,0.4637771867286425,0.0020593816973848568,-0.2205917747614873,0.0013296938994014468,-0.603145954430818,-0.39009114085425106,-0.0011058610422679225,-0.0031623030703564494,0.38361886566015496,-0.3178965002255513,0.3379711637891269,0.33566053997613327,0.3223036559155074,0.1779750363058372,-0.4558657660283717,0.3287934986068795,0.2590155826199048,0.25564842043902397,0.24289873267091044,0.11274408255117871,-0.4621317906619288,0.2513547396225075,0.698967429985953,0.7060664600886981,0.6818566903434672,0.4605356648309878,-0.08783199433017053,0.659207515752251,0.9184597958762577,0.9789043362442056,1.0,0.8243740767003681,0.05158535666057022,0.812514213519479,-0.7487116996544004,-0.7918525751453714,-0.7993858401821022,-0.6117275934236346,0.09403332032816197,-0.6788952386616652,0.3924520312705008,-0.17991749702458948,0.563106518464579,0.24840225481943387,0.19493893589509206,-0.4003094588555147,0.2891013598851491,-0.11785002661045452,-0.023100269296189205,0.040637227348269335,0.006074313546370576,0.03930748994227453,0.28526322996746967,-0.1791284043178464,0.4116040160650327,0.17574692068154904,0.07985635316031418,-0.39891054213015265,0.17004365086833667,-0.16328956650802762,-0.11152928842292445,0.05118918683852734,-0.11437486144913152,-0.016298852983719955,0.685161910674374,0.2649730703316603,0.6232837377843687,0.6845083717882796,0.49976042247610686,0.19072940483530104,0.4301546106766715,0.4753155573810729,0.36476631540593496,0.13866690775904006,0.32856812563635013,0.4090085835583956,0.9927723570499613,0.19351240813523116,0.9710954490095256,0.9531821058072584,0.8796056602226665,0.38217556934257774,0.7316366732378903,0.8359910662616596,0.6600511712064858,0.16629380919669995,0.623234235372287,0.6356769079964664,-0.7856549510793795,-0.02337176813279628,-0.7185192684953656,-0.7933702379749668,-0.6230058487691174,0.19403280844701143,-0.5314445403399041,-0.5466213983149382,-0.4107806379622121,0.0032345043850018113,-0.3453570864136642,-0.47337925101924555
temperature_lag_6,0.22154310499963004,0.1614835365040836,0.3899175445892269,0.42447733096788254,-0.3307456483766114,0.5227003672681697,0.003376390111478817,-0.2195354235042885,0.0026102310547712294,-0.7023045238537088,0.15051776223629537,-0.0023317695156495274,-0.0018283895657265421,0.38276645950626087,-0.31904556677619106,0.27742923156492716,0.3123954397340368,0.33107021207471615,0.32184804211342954,-0.15000527042907216,0.21900399422841693,0.21030802932248224,0.23980807645692878,0.25453831413842276,0.24246541550481734,-0.18436178091032063,0.15759263189327585,0.4989981113446907,0.5915541008524017,0.6600068172027016,0.6819434797153787,0.14920983489320025,0.3913026159675791,0.5677486734509319,0.7043608075856915,0.8243740767003681,1.0,0.4244856690132655,0.41723683026742164,-0.457520114912537,-0.5747406271763849,-0.6742974440417934,-0.7992998634168018,-0.23448177469860002,-0.33708419146032886,0.381336123241695,-0.03790062140776114,0.4661988748227827,0.2911036958494997,0.4356499757565352,-0.39867263744354414,0.5705062968863671,0.0851644217489509,-0.0227835282953834,-0.013860723184498668,-0.010344203457826275,-0.011977383094215045,0.28030840340033963,-0.03363565302609838,0.32994546418163556,0.21997350881318262,0.2763945547246822,-0.38754841531790707,0.3929282769342764,0.015608716586138445,-0.11106770737453243,-0.017188034356634935,-0.12500536662661818,-0.06903188647103452,0.6182557136591268,0.22009727448576757,0.5672087713826239,0.6124274013960952,0.6255361075693032,0.24132593210137848,0.48351457283562993,0.544668439090732,0.36483995681294995,0.05525319634340311,0.32721124220339415,0.36145830061972,0.7806394126021914,0.033613417626362316,0.8038696666137084,0.7376003709549607,0.9646202706126269,0.19783155876020614,0.8444703272840269,0.8344380333337207,0.6618431280606198,0.16497293639546182,0.6209452851012288,0.6311974002966538,-0.6261436409335938,-0.14567716178160103,-0.5577210728557875,-0.6667339004919088,-0.7241424171829329,-0.022377315729503022,-0.5413752900492689,-0.6785400692853909,-0.4097193007510207,0.0007017326917061026,-0.3329370944951419,-0.464079815845216
temperature_lag_12,-0.42380289465497023,-0.4279009936964751,-0.137403371402577,-0.09546050023482722,0.19941873674823776,-0.17956198016162922,0.0037589031008519744,-0.21741140219741975,0.002133340343482443,0.15043185087600883,0.7022097757350029,-0.003059884149477756,-0.001342926813605803,0.38155811453095784,-0.32183426397696785,-0.32934336090779404,-0.21064059928529677,-0.083460113528431,0.2214249260046035,0.32161475444939364,-0.4250878183828083,-0.34039145858895126,-0.2309685728325151,-0.11429543838160197,0.16135057213556256,0.24223238582988127,-0.4310380531713696,-0.09903863731213727,-0.0346192895592724,0.05273372572310446,0.38984513488828115,0.6819320317595513,-0.13362970564283688,-0.078038014178284,-0.02838191739418594,0.05158535666057022,0.4244856690132655,1.0,-0.09499054884830002,0.16838710986495067,0.1086564790446184,0.02343810803663171,-0.3308954846148531,-0.7991842085965049,0.18965486055150582,-0.1823552769031848,0.16868551641612198,-0.3264076331041348,-0.08505419813855489,0.14148572677659926,0.2090794251009014,0.05018977698085455,0.21929327397123358,-0.021538490855925865,-0.09310149698110719,-0.060185122754477786,-0.10263065923900201,-0.20866533292010273,0.17664947642592851,-0.3425697912748026,-0.11535053156995906,0.046685925953399404,0.21361813678289698,-0.04212697747379145,0.1404284803933458,-0.10925148821462721,-0.1111078971812128,-0.16115029085942928,-0.161528832080279,0.037060122530861044,0.011009982991648027,0.0641997913553773,0.05916096959862047,0.3627260945957628,0.1672255213235928,0.31355377529615935,0.36376119998946504,0.36395357735756007,-0.04607730756984665,0.31981290382130273,0.2870070533183638,0.051692389649993516,-0.16040353205648852,0.1278998288798381,0.05062413519638421,0.4828210569245333,-0.015631044197313714,0.5805855183418104,0.5011713687246125,0.6629084022087318,0.15951242806933333,0.6126774068797637,0.6279390523775521,0.03750599435534089,-0.0915594127461866,0.02612249573953642,-0.006181072744709325,-0.3324921589104713,-0.10599896405814377,-0.3008925686137183,-0.42069098442893116,-0.40686412177173364,-0.0029842276895649064,-0.3228052425451285,-0.4412989159098992
temperature_lag_24,0.3210194072070392,0.24339188073272527,0.6725632789802832,0.9839667752217034,-0.7795568426688693,0.19562357592902985,0.0031364416058601253,-0.21385140788405146,0.0013787672961124927,-0.1507647514433844,-0.7019842311324435,-0.0032267517003706407,-0.0019719958207777247,0.37814443275793913,-0.3253289885947767,0.29314245773629705,0.2463962354342299,0.17741666727009037,-0.1499943524770653,-0.42446162346505717,0.32098051182250453,0.2181107964083143,0.17608074466513715,0.11401393776156504,-0.18241175527659628,-0.42866332713101335,0.24123082181667346,0.6203661735973885,0.5448805434565931,0.4526472117511788,0.14326922369083903,-0.1362488383459508,0.6823911484373061,0.964268260769117,0.9053500824105293,0.812514213519479,0.41723683026742164,-0.09499054884830002,1.0,-0.7507717431506455,-0.6873905762999754,-0.594459149322654,-0.22014120714950094,0.1999782094765639,-0.7990065514667214,0.23031771425708358,-0.12537303210311948,0.3357100329098856,0.12838991459034263,-0.1694932856061317,-0.20783989027824853,-0.11110042588653013,-0.26519462632871266,-0.02300922834667469,0.0645804098837297,0.01058501375325033,0.05652460419916251,0.14458666752983762,-0.1301181300914451,0.22354459182382835,0.06676111350869063,-0.21083946806892395,-0.21067688179680932,-0.15459717943158927,-0.2863607847432964,-0.10860484311581484,0.08495093649242552,-0.108740236383432,0.0035215435438047857,0.5032597768306435,0.18421663678421768,0.47057541305808287,0.5132283346705111,0.25858375143647566,-0.03731788216272038,0.31831872060549543,0.2760920943603665,0.36037037496025226,0.18242917171545367,0.3217387074931931,0.41431415233904567,0.8689652148211646,0.37221173476158215,0.8093939863122761,0.8839274991949192,0.5849174335752825,0.33201214862804096,0.5439518601332077,0.643473427908087,0.6568341337044122,0.15208742035646391,0.6258955588062209,0.6319528387086696,-0.637597490667159,0.19509974873435615,-0.6280235724283139,-0.6044344727121946,-0.3426911882245131,0.21688768212020268,-0.3672198996254106,-0.3369728389864472,-0.3960023118031325,-0.007940608376148692,-0.3355772562519028,-0.4625876727498543
humidity_lag_1,-0.32648954318766776,-0.24143412768898542,-0.6542716669659746,-0.7697589986614306,0.98229705457501,-0.3228313496568278,-0.008042951753631948,0.4974264987479627,-0.010004351473678291,0.3482022280701034,0.5610265334597484,0.009078335773483675,-0.00012754523510925185,-0.6013582265305878,-0.12835941438544687,-0.3249262883104886,-0.30284879768759737,-0.25695520328130456,0.017365334442725828,0.4331277799923625,-0.32703551822647325,-0.23959590146988832,-0.21946920210427967,-0.17791262120755066,0.07080433709422622,0.44501094164094107,-0.2433396179354723,-0.641376765316178,-0.6030393548116726,-0.5428453167981071,-0.2816750523338466,0.12258162037607348,-0.653380049936114,-0.7994215107948165,-0.7918634352388887,-0.7487116996544004,-0.457520114912537,0.16838710986495067,-0.7507717431506455,1.0,0.9822956129962039,0.9313384856505322,0.6331525781704526,0.0685125501219248,0.9531829235535216,-0.3130567669325745,0.12832876292569387,-0.432789264615195,-0.19508749064794045,0.015536487160786634,0.2988592943774846,-0.06839320542089951,0.20678725507539367,0.03318315506016861,-0.045017186179602584,-0.00038690144573287144,-0.04005942816934952,-0.2074867580238718,0.13298540109961762,-0.29396635758592377,-0.11898592694179402,0.09993276138129492,0.30263146905752364,0.01866272533736531,0.24787442665135806,0.1304052309155434,-0.05656414196505306,0.12308408378184146,0.021672202063058716,-0.5725602826212285,-0.2796356226451584,-0.514569905881581,-0.5922211355024151,-0.3581468177678154,-0.12166771364684656,-0.34053997514272427,-0.37489740652201187,-0.35140798988767713,-0.27166479230394214,-0.28732292693899575,-0.43381641565182827,-0.77009232127321,-0.48691902113919155,-0.6689925637242902,-0.8098666897755635,-0.5431794447350011,-0.5796367534749999,-0.3344720294410378,-0.6435557076268602,-0.43314447900067615,-0.5585412651727125,-0.2544139136242228,-0.5542421072142211,0.9621143264512383,-0.28868490758546644,0.9574883169150138,0.9211645896600018,0.751719147614013,-0.4190016628978071,0.7773295540920785,0.6834268219472133,0.7131358965286053,-0.40671768025717675,0.7090979591100698,0.6962313624158571
humidity_lag_2,-0.3123588749793275,-0.2294161182875702,-0.6397353100408758,-0.7054559134598348,0.9313450047022301,-0.3995486629364688,-0.008335781301536838,0.4972616340355188,-0.01041996754371119,0.4815557925534935,0.4517606803114179,0.009355602487137146,-0.00031918373765559493,-0.6013979838753688,-0.12787856831270258,-0.3264615646448416,-0.3248991523348202,-0.3028196448601965,-0.09294807964587073,0.44115991272245686,-0.3130231348717375,-0.24139838366274982,-0.239560698796307,-0.21943337385263528,-0.029322302552272635,0.4536940064939474,-0.23137372833807973,-0.6542616460511418,-0.6413730347786061,-0.6030445316552759,-0.37669112616237116,0.09847050738012987,-0.638831701284225,-0.7697421745145648,-0.7994069995800626,-0.7918525751453714,-0.5747406271763849,0.1086564790446184,-0.6873905762999754,0.9822956129962039,1.0,0.9822936976894251,0.7497938938455662,0.11317132730109421,0.9044142328176284,-0.3591180518979879,0.1429385543247982,-0.4957357916548087,-0.22973614912037665,-0.09709617725117722,0.34995197758752694,-0.1859470275233858,0.15788058546512507,0.033373972310008174,-0.0361837080456817,0.0036734190003675196,-0.033005674302705616,-0.24810080150327868,0.1455887483369592,-0.3464009136315418,-0.15107936305924233,0.00931037867074945,0.35248298461352917,-0.07712227312901175,0.20628820296573688,0.1306725630883301,-0.04478243911744704,0.12575634078546324,0.02921431317981187,-0.6184480866570461,-0.31157972332011236,-0.550530166335195,-0.6374807588650809,-0.42945041505761045,-0.19771222620245182,-0.37108143560152873,-0.43562384999675424,-0.35147896906853276,-0.25605393589517655,-0.2875727478924506,-0.4298742531796385,-0.7931877219269595,-0.43027608937103223,-0.7036515542216972,-0.8171385363393654,-0.6266307102582316,-0.6014273582363567,-0.38476170754072014,-0.7000611969001712,-0.4342715303753196,-0.558968941391665,-0.2543885615550574,-0.5543097751051286,0.993875149146199,-0.22900441448252198,0.973664569013867,0.9632125045226922,0.8325606987301947,-0.41925947743436776,0.8248646631731584,0.739746544447109,0.7146611275933912,-0.40697848413033316,0.7086108171700856,0.6961105326540642
humidity_lag_3,-0.28722495382271196,-0.20785316104779236,-0.597695705457027,-0.611903045233062,0.8517617434186595,-0.45346300660397487,-0.008512421151069061,0.4970777707543855,-0.010767768221710144,0.5820908711091766,0.3116892849116323,0.009523754205796056,-0.000664495061504538,-0.6014483928767907,-0.1273553258579696,-0.3123307029723285,-0.3264378875985459,-0.3248805459898643,-0.18631978655810125,0.41006118408588027,-0.28801924481250046,-0.22938389864855352,-0.2413698799655579,-0.23953762962519684,-0.113975344068801,0.42645570624302087,-0.20990524510025918,-0.6397110096914455,-0.6542426711393131,-0.6413627304867208,-0.46564940325110915,0.05150519703027344,-0.5968396930781592,-0.7054288912627645,-0.7697171508930237,-0.7993858401821022,-0.6742974440417934,0.02343810803663171,-0.594459149322654,0.9313384856505322,0.9822936976894251,1.0,0.8517143687434405,0.18425898085693487,0.8271023486889091,-0.38030093877505516,0.14445809907511942,-0.5235747323235003,-0.24932773631823235,-0.2013478473083562,0.38295249859094443,-0.29597972801125705,0.10019644856424675,0.033551695037169246,-0.02329894754042722,0.008748626905303146,-0.021768393957288027,-0.2671576332677894,0.14508403734562533,-0.3691688812120516,-0.16984879499467576,-0.07486241173771027,0.3835620443539357,-0.16601530866812117,0.1565127128151547,0.1309207342733946,-0.028231838996668333,0.12923879278641295,0.04097114708223958,-0.6414809055428785,-0.3204972290907974,-0.5693227727862075,-0.6574148894206712,-0.4921557631504803,-0.25968387959306183,-0.39710988022844745,-0.4855440942623287,-0.35153382352745804,-0.23538797494913608,-0.2875408064309325,-0.4214773145374527,-0.7821560943744434,-0.36057795994014097,-0.7088615742622423,-0.7923705319279737,-0.6917587394001303,-0.592687058159434,-0.4305110569167219,-0.7357412647717682,-0.4353518638023745,-0.5591766419967193,-0.2541558898784449,-0.553925551976232,0.9938747416109799,-0.16386198945836228,0.9613629802294957,0.9765970151115924,0.898517944572092,-0.3956714973671871,0.8572421281140146,0.7912126272183121,0.7160570125889398,-0.4069755917867674,0.7072022525005334,0.6953119588138842
humidity_lag_6,-0.1477796364416746,-0.08612450192250307,-0.34210144446340757,-0.23496672078060396,0.5100254518046985,-0.4567904194864297,-0.00864271388562169,0.4965343045314348,-0.011334972824371127,0.6319907482360152,-0.19140072959113322,0.00932801879255411,-0.0021393570591704304,-0.6016472648123025,-0.12565627090561352,-0.20633792992325545,-0.25213249345223604,-0.28719476051426523,-0.32497778224070095,0.13475608709366674,-0.14887011807981432,-0.13773226513883488,-0.17759748714537885,-0.20783546273609052,-0.23965993356554316,0.17735413972002795,-0.0883923835910057,-0.4430928529548225,-0.5304461129067632,-0.5975023085103512,-0.6412973663586881,-0.18634757230743598,-0.34140832856079595,-0.3674648249775179,-0.49620306363345407,-0.6117275934236346,-0.7992998634168018,-0.3308954846148531,-0.22014120714950094,0.6331525781704526,0.7497938938455662,0.8517143687434405,1.0,0.5099158948301707,0.4937142977321034,-0.321851055226454,0.035391765033287226,-0.3942255711400671,-0.245776119908299,-0.4005651575395393,0.3501444257133666,-0.5087484202141008,-0.08474445344040635,0.03391936232226224,0.029458017470317902,0.028390398005815477,0.028077514136940856,-0.2193765537572923,0.03203853977003482,-0.2588325100909784,-0.17113317484188328,-0.23752356380025577,0.3432575989161534,-0.33320691046847706,-0.0061198746836339385,0.13147638240790963,0.0373862936163606,0.1429656699049432,0.09240252689658282,-0.5591720960675696,-0.25476594483905235,-0.502767114689727,-0.5668948949291536,-0.5905665945926757,-0.32456486178968696,-0.4322966825544418,-0.5443219950914199,-0.3515509231296311,-0.15504276080869564,-0.2865543256032871,-0.37672074423018864,-0.5627739021847709,-0.17381327449651293,-0.5395367583478459,-0.5624626648083545,-0.7411670767849975,-0.43197479551077356,-0.5093505954314389,-0.7193605772052326,-0.4382276743026898,-0.5586031531801711,-0.2525128406892389,-0.5512136149199864,0.8152333165460304,-0.032133194008022156,0.7808535877835587,0.8332136524798776,0.9692848849076022,-0.2289764774420247,0.8597591957693899,0.8836344992628666,0.7193319971028989,-0.4058554133814624,0.6998346413115925,0.6897051594161345
humidity_lag_12,0.3896462390508867,0.40497413205121097,0.12096010467783509,0.1895741361299898,0.052397129835085585,0.196245977256152,-0.0079761512252693,0.49565653571646406,-0.0108276435738119,-0.19162330752596377,-0.6322288703647609,0.007998892077730893,-0.0037840676193926933,-0.602201753451762,-0.12242964221307007,0.31319395663651184,0.2173417931200514,0.1142042767263789,-0.14811487341367968,-0.32525704117034504,0.3875437966181489,0.333788680152411,0.24520651056637524,0.15050237466036215,-0.08654310332388845,-0.240035095724953,0.40170652924884376,0.09294133970744035,0.03937415499487675,-0.0367612593347129,-0.3414560728433093,-0.6410811345466407,0.12156186874314474,0.1887307525834129,0.15657320489956936,0.09403332032816197,-0.23448177469860002,-0.7991842085965049,0.1999782094765639,0.0685125501219248,0.11317132730109421,0.18425898085693487,0.5099158948301707,1.0,0.05181248897440143,0.20466040863585702,-0.15527341977409898,0.3428284648813255,0.10813137299931921,-0.08388640686124112,-0.20437361972815066,-0.010447772384587765,-0.1821581356782851,0.03422689499757307,0.09802920048642151,0.06943951443392805,0.10731891862567343,0.23828360013637118,-0.16078274291928493,0.36643801280842386,0.1453649312769043,0.011872687186617428,-0.20614088015769502,0.08383632956136246,-0.09802415443173322,0.13204852164100095,0.11841652973034278,0.17409221352724627,0.1737328425705397,-0.025908241102810654,-0.03215623651868638,-0.047119652926142994,-0.05297143642083872,-0.3236115663112857,-0.19630594327933074,-0.27086138916092334,-0.34721373175237064,-0.35116870086816787,-0.06980654457736829,-0.2806883684024779,-0.31068529105004333,0.09279005801444909,-0.02638491392907266,0.07254876642113056,0.04806195311753087,-0.27241743894750875,-0.18724348980405006,-0.26377786176103535,-0.3805738940661322,-0.4422880804763233,-0.55494810773176,-0.24895189917080346,-0.5516613797682242,0.1899112518924648,-0.08864183703451968,0.23241553157071032,0.2111887220031815,0.5676736712079179,-0.11401765185288575,0.6043761571884703,0.6290292799341256,0.7215997796242565,-0.40300368749978116,0.695166321653898,0.6755190502877653
humidity_lag_24,-0.32308565144843937,-0.23768820651072647,-0.6410022015759625,-0.8018165357200471,0.9692485737959416,-0.22626208952609847,-0.005169020673378496,0.4944065070747381,-0.009815722662034069,0.19138655126254858,0.6323979772387976,0.007307311901855748,-0.00891240724578166,-0.6026966166070447,-0.11787943541405416,-0.30092962052116834,-0.25497346828610573,-0.18425340894783443,0.13679929059670054,0.3896365744870216,-0.3251410155175285,-0.2174389747816873,-0.1757627145286435,-0.11164977659810102,0.17994589325829177,0.404905030162791,-0.239805007847082,-0.602903725850044,-0.5429068391107074,-0.46579091381729126,-0.18634830043879405,0.12059295484635245,-0.6408512428169452,-0.7951597489608911,-0.752836006527001,-0.6788952386616652,-0.33708419146032886,0.18965486055150582,-0.7990065514667214,0.9531829235535216,0.9044142328176284,0.8271023486889091,0.4937142977321034,0.05181248897440143,1.0,-0.2383023675710458,0.11154815321967139,-0.3367856533049548,-0.13971728413080597,0.13275189020739708,0.23496333609588674,0.05268649850874396,0.24751539742344983,0.037688264041854935,-0.04421442388887238,0.0031507822304458095,-0.037891439178525416,-0.14135733947271706,0.11802938980347323,-0.21295153531336822,-0.06796533905154509,0.19499230460226336,0.23972247503595884,0.11860890016671687,0.2827517967030198,0.135323127893065,-0.056491526416440375,0.12416522346164234,0.024697129605824205,-0.5076508801353191,-0.22737474295874516,-0.4641533834077165,-0.5250833205278498,-0.2833658189160134,-0.0444663674427394,-0.30538597212652074,-0.3097038255716375,-0.3517319985882182,-0.2861410577977545,-0.2833827618106773,-0.43429455108161447,-0.719307454600724,-0.5172444971808591,-0.6140595492674583,-0.7730674997072693,-0.4543696637242955,-0.5252184730824206,-0.29204551423856057,-0.5747330283892776,-0.4470581301165926,-0.5512014016962244,-0.27110371671886807,-0.565191087461619,0.8742233522665154,-0.3322126310786795,0.8865738386772468,0.8263872002660383,0.6406136714092184,-0.3934442520243386,0.6963029660880263,0.6008082247276543,0.7092921210732641,-0.3966018446337986,0.7039543502802175,0.6927139619885224
traffic_flow_roll_mean_6,0.6136948764571611,0.5950509908057878,0.2162146106869261,0.23175203228771057,-0.2408666083064024,0.6832550113627694,-0.01937917279945928,0.0031500058887521222,-0.010315844353283461,-0.6390583767899408,-0.15870117916938709,0.028479160390289283,0.020614631161606074,-0.026726220724983128,-0.008758111039642249,0.824072042956558,0.9426300798314835,0.9426510899010904,0.35919678333998956,-0.071187797276177,0.3923538705385309,0.7908712091663761,0.9010992487553166,0.9008062458927605,0.35598980127707347,-0.03943838450213871,0.3635197293774071,0.2640851479750502,0.3060913847629981,0.33908430730196487,0.3234908411700323,-0.312751398523498,0.19573204808434147,0.3076231784252354,0.36042075056683986,0.3924520312705008,0.381336123241695,-0.1823552769031848,0.23031771425708358,-0.3130567669325745,-0.3591180518979879,-0.38030093877505516,-0.321851055226454,0.20466040863585702,-0.2383023675710458,1.0,0.4626349946722152,0.8689389010676567,0.9332174515948649,0.7020727834989717,-0.1255186087151512,0.7414794806778867,0.4333084404105255,0.4044099357849793,0.290010986424825,0.5467116759551085,0.34463792055599546,0.9284180561651156,0.44546850052569475,0.7987205610688293,0.8827088647680502,0.6164727766406439,-0.1388508215507853,0.6668358222231333,0.4036086499451144,0.32926251321755384,0.24458996546043119,0.29345946837974135,0.321182354356743,0.32038452013661556,0.4779295168024267,0.2137362584724411,0.39601360322066576,0.22828961150476237,-0.054781908298538205,0.1529566473031525,0.12568678361827243,-0.00929668118490522,0.02102530610516444,-0.0057202297974693625,0.019765884667783583,0.3711727540452422,0.4881901739672458,0.25391458922790755,0.4437721722794603,0.340698225667196,0.2304817347621419,0.20799820652690032,0.2979516534823519,-0.014088876066453968,-0.010947793754478657,-0.003689914417117368,-0.013117471124326775,-0.355560099521344,0.3690520781589645,-0.39284948341998155,-0.2664122799547129,-0.28308556884537633,0.06583802296584927,-0.20267712049952977,-0.2190000821584746,0.0234909522508829,-0.016030045121316804,0.019388950880914375,0.010344481025737783
traffic_flow_roll_std_6,0.3652466927626882,0.3627337736150227,-0.17924318536362138,-0.12463367970451121,0.10922791403961213,0.14029397519168596,-0.01611619046333067,0.0024453436542350854,-0.012155043836259533,0.04440567105527502,0.20297169768315546,0.02363760937330765,0.011382562033359989,-0.021839622932496947,-0.0062308590737068835,0.4643077797075606,0.43291778920061585,0.3633256269881031,0.1495649661839378,0.3465877010601346,0.21867553930645256,0.45809416972143246,0.43132566646112636,0.3682249406577655,0.16666834216015397,0.33809861496812227,0.21478431072250026,-0.17609397430874016,-0.1484958814559747,-0.09897929661166484,0.10173796378418418,0.04463679326576713,-0.19396738984833367,-0.156592138011644,-0.17821868463648516,-0.17991749702458948,-0.03790062140776114,0.16868551641612198,-0.12537303210311948,0.12832876292569387,0.1429385543247982,0.14445809907511942,0.035391765033287226,-0.15527341977409898,0.11154815321967139,0.4626349946722152,1.0,0.010203391171447532,0.7266098043067665,0.3684214801250016,0.21141070439746462,0.30922799026051806,0.42082184743328843,0.36310312215844365,0.25131644679624526,0.39729071179910813,0.29949074375897533,0.4504879867526194,0.9853019264807767,0.056312984850835426,0.6929107953705412,0.34226883046352247,0.21232670330905576,0.2888989981019205,0.39749702121530617,0.29492720304890774,0.20888294263526982,0.21212447716136262,0.27720606165094863,-0.10458096377651925,0.05225183903007363,-0.09726007565990889,-0.061765739529420105,0.013519277326525499,-0.23170473446116224,0.015663194000465307,-0.09645859588836984,-0.0059915419798504356,-0.05815244135308871,0.002027894272767518,-0.03788636268653052,-0.15915108715221699,0.39164728311162506,-0.2343410046903791,-0.03821442493143069,-0.02555345147309768,-0.14494904671833775,0.053497237599057175,-0.03280304642300272,-0.012189573203866532,-0.010968445117636581,-0.009000846870945245,-0.016286489818272888,0.12944884036302623,0.4159662140489544,0.02183512971581958,0.20313148689199192,0.02041652536416021,-0.21517708160677898,0.05093031446527945,-0.058173005418250996,0.018162846185495272,-0.01637162785225651,0.024415019389456102,0.017486644399760207
traffic_flow_roll_min_6,0.5685595058357933,0.546852023915649,0.362848977665976,0.3370289706885836,-0.33864569335321515,0.6789537109369841,-0.015727106065991255,0.0025252916915886638,-0.006713171767388078,-0.7602171368493511,-0.31207037666391196,0.022960003813383645,0.019483549469832506,-0.02160859590330892,-0.00713450173331082,0.6822543713433432,0.7802268750444432,0.8070668106396807,0.37379201227145387,-0.25096120918300024,0.37384405903387913,0.6502949158600598,0.7398140372158574,0.7637274007988294,0.361012961468287,-0.20803500777888825,0.3409161336234158,0.4214450993951792,0.45396879234336424,0.45822413914618604,0.3054182871614008,-0.388152746851459,0.34532387024716327,0.44516590526609756,0.5217529670312355,0.563106518464579,0.4661988748227827,-0.3264076331041348,0.3357100329098856,-0.432789264615195,-0.4957357916548087,-0.5235747323235003,-0.3942255711400671,0.3428284648813255,-0.3367856533049548,0.8689389010676567,0.010203391171447532,1.0,0.6898691311444872,0.631285737924529,-0.2546448766380509,0.6936716338231764,0.29773835697275464,0.3055000848130897,0.2224066356014211,0.45368011372911266,0.2668966271999385,0.7989641534540449,-0.0009019740551250031,0.8960897003584624,0.6516070017376536,0.5470986149858058,-0.27067496698099625,0.6226979920459575,0.276449751829818,0.249232408974676,0.1894825685828781,0.24550452349699325,0.2500686349111594,0.4386164417365205,0.44885284632657857,0.32319043058848085,0.48247959867032225,0.25203285119299124,0.08371653556344191,0.1625795391872098,0.19429861189796133,-0.008776588362574859,0.06276327163250303,-0.00897523909982889,0.04501044589356369,0.5242122500293364,0.2823193034076715,0.44577323908998306,0.5244419374011163,0.40391233290308515,0.31058586493388346,0.2082385860717033,0.3365885653617944,-0.011445947831265266,-0.007790957042540615,-0.0008395127617214496,-0.007939813183365103,-0.4854774522956668,0.12302580618157376,-0.45419862722078647,-0.43968149123241973,-0.3336002200710558,0.1732446870564505,-0.24284382401673318,-0.2128803319197526,0.019522424064406515,-0.011195844104809548,0.011211588815300764,0.004445731072909496
traffic_flow_roll_max_6,0.6231510375848424,0.6087764840909007,0.1104312471196118,0.12975128067183556,-0.14266938977676852,0.5582011755729039,-0.022591276428080117,0.0037265400273255055,-0.013550698368514687,-0.4884868231769,-0.04754091496972113,0.033157178944279386,0.021643900855784555,-0.031024692088266925,-0.009064690198882347,0.7875046985980118,0.8518926304585825,0.8334955530106091,0.38352786643398706,0.07210943309700504,0.3861463250840472,0.7627549741730709,0.8233884818011437,0.8066947496993894,0.38615698922239816,0.09567422741148189,0.3631025350109181,0.15189701728997568,0.19450394498377566,0.23530252646612884,0.28672152522768635,-0.22238117048846795,0.08769864577109006,0.18185704934978933,0.2201962323878106,0.24840225481943387,0.2911036958494997,-0.08505419813855489,0.12838991459034263,-0.19508749064794045,-0.22973614912037665,-0.24932773631823235,-0.245776119908299,0.10813137299931921,-0.13971728413080597,0.9332174515948649,0.7266098043067665,0.6898691311444872,1.0,0.7071250188526402,-0.011575179633532188,0.695481161527605,0.5176292279077842,0.4746078834550042,0.3338517317667545,0.5992725863573818,0.399422741003316,0.8767234414821232,0.7078444897874778,0.6530479669925046,0.9493556558335554,0.6295823726331955,-0.02266865381534714,0.6329683736530044,0.4849110798310449,0.38654532606916464,0.2796476844190581,0.32172813199034733,0.3714099647598167,0.2181883118654509,0.35887679181723164,0.14293174758958843,0.28390350401976566,0.1852036568297168,-0.09691472257664019,0.12117767422811519,0.06953703006290186,-0.010620621918402455,-0.0031120255179810223,-0.005020047547339198,0.0020889858140487193,0.23576921616180466,0.4761690390927938,0.12690713255953495,0.3240393878091243,0.25843910093462596,0.12486725585218601,0.1767133772318407,0.2141570783031313,-0.017305847086953003,-0.013363839188122287,-0.008145431732194766,-0.01800964467848752,-0.23282104461052258,0.3902903759431251,-0.29052534800674323,-0.14630192523783017,-0.2151095932095878,-0.022135700311755557,-0.13581248136414592,-0.18516595665367733,0.026676563562753042,-0.01958698924289594,0.025643420112700786,0.016610136890291883
traffic_flow_roll_mean_12,0.33735595599903423,0.35179839795532597,-0.011035990381524334,-0.16839985492969106,0.12905782754028114,0.3875877885306075,-0.029815282099435205,0.003489759403399804,-0.0221796565130421,-0.5674795664203106,0.3421342405609384,0.04233693043042857,0.021903325521093805,-0.03808244383540998,-0.011875162845220543,0.45859070110409605,0.5561985821856423,0.6264748095508442,0.6928588132932278,0.2055604460484369,0.11440983672476153,0.4637450223230493,0.5534826981869729,0.6177640353248922,0.6773860738082396,0.22597652586417177,0.1225871012132941,0.08849289637692027,0.18197235399376874,0.26301858487122104,0.3831608501494886,0.007121525551776611,-0.036903502037085305,-0.04644703218061231,0.07743558206363907,0.19493893589509206,0.4356499757565352,0.14148572677659926,-0.1694932856061317,0.015536487160786634,-0.09709617725117722,-0.2013478473083562,-0.4005651575395393,-0.08388640686124112,0.13275189020739708,0.7020727834989717,0.3684214801250016,0.631285737924529,0.7071250188526402,1.0,0.21317898584547001,0.7974324369494571,0.826842505465413,0.6496258778330057,0.46523862507048086,0.634000180739211,0.5159451787079539,0.6748691123163986,0.3630075333750746,0.603409630625669,0.6891159478478349,0.8802395719475196,0.19866014231951615,0.7290649612661115,0.7617801412333538,0.526139144051464,0.3901625694843732,0.34002936593309363,0.4729358562176024,0.21200236424649946,0.19106262217840875,0.16164861216826285,0.22526322274262595,0.2793974120419384,0.20935724335829142,0.13200739122708655,0.21441424483578883,-0.0099900999689501,-0.043958155120856,-0.012168257692038468,-0.017247054286378297,0.13003296501782044,-0.05403707993132993,0.13737724889525504,0.10292919668811971,0.3176328152801639,0.08478913517076403,0.20095412425831316,0.2239537821548467,-0.02058841475592101,-0.01672412757686175,-0.016115013009408846,-0.02610659229001294,-0.14042633904510698,-0.10733639461755182,-0.10348217798675075,-0.15452001489098427,-0.28094257902081077,-0.021588207879932854,-0.16148082244035267,-0.20611881431806306,0.03259633835166724,-0.02593672938629051,0.03954827712399739,0.03313132709398266
traffic_flow_roll_std_12,-0.2551654936449893,-0.21136095472008232,-0.22124923087445503,-0.20762033818263198,0.23225899999256852,-0.5333887757145074,-0.027263577346335763,0.002341981750814391,-0.026560729056309254,0.5687200838941114,0.1741840145747309,0.03787295241090325,0.009360306104414644,-0.032022626094709246,-0.00909065396631827,-0.21910686358876824,-0.15314837005242807,-0.07591618059448613,0.18195327744634532,0.4222310921444205,-0.36477066584685147,-0.17427385550517566,-0.1089135279831171,-0.03293816763880588,0.21676498700624988,0.420446707061257,-0.316648004906462,-0.2835463944641139,-0.3293874595089503,-0.35341448737206055,-0.2640540702643142,0.26891697642795326,-0.24040842439932233,-0.2869862629469549,-0.3525845402772124,-0.4003094588555147,-0.39867263744354414,0.2090794251009014,-0.20783989027824853,0.2988592943774846,0.34995197758752694,0.38295249859094443,0.3501444257133666,-0.20437361972815066,0.23496333609588674,-0.1255186087151512,0.21141070439746462,-0.2546448766380509,-0.011575179633532188,0.21317898584547001,1.0,-0.2805351253675343,0.6854796062238698,0.5977091660472199,0.4799027388975429,0.4172913698696248,0.4823088454336083,-0.06952933319079466,0.21392139347178735,-0.16773190586552697,0.025676806117386562,0.23767887580044755,0.9787492885313321,-0.1737003251687116,0.6401303598603514,0.4818807291524516,0.4261848166867903,0.22621157811363132,0.4411322521655245,-0.32446392564423643,-0.12321673579612463,-0.283345034923839,-0.3155326833924783,-0.19840805768864106,-0.005928346697407917,-0.11824011468426229,-0.0940147977004457,-0.005849032506480216,-0.027416641950622295,-0.01304832190046045,-0.031406973592405775,-0.371135289437389,-0.15493665637068324,-0.34101829050416066,-0.37340170608996875,-0.32604581687094986,-0.06569349297870221,-0.19740401887065634,-0.20206957998059125,-0.018030609817151964,-0.014657921500798043,-0.017975469012848844,-0.019406745796515218,0.3577865618859176,-0.03274398570922456,0.33644911637518804,0.35131552407349426,0.2872037139679061,0.02660874627860054,0.15857851759020558,0.21042631012182736,0.026235501984523592,-0.02210773991466551,0.026865132244668653,0.033915885882804954
traffic_flow_roll_min_12,0.5734795131327005,0.5599284917041143,0.023788778724896282,-0.10993158554079104,0.050448513240134434,0.6593429149057849,-0.015368721279579974,0.002005534036659473,-0.006605379690637381,-0.7336956808771088,0.2711335059331166,0.02158836602840528,0.019328435807700575,-0.020120850928111837,-0.006007415400276359,0.6669556131030646,0.6888046589045316,0.6437752923948563,0.3071003314823856,0.21125085597902782,0.3962828055815849,0.6435788472525246,0.6601787865831821,0.614556416576852,0.29266084039034784,0.2137691521448803,0.37285652440425976,0.15195211662706865,0.27651673454401354,0.3834957559051557,0.49344867162615574,-0.12104443511200612,0.007887510188592975,0.020205075088434526,0.15608555430376725,0.2891013598851491,0.5705062968863671,0.05018977698085455,-0.11110042588653013,-0.06839320542089951,-0.1859470275233858,-0.29597972801125705,-0.5087484202141008,-0.010447772384587765,0.05268649850874396,0.7414794806778867,0.30922799026051806,0.6936716338231764,0.695481161527605,0.7974324369494571,-0.2805351253675343,1.0,0.4666278332759238,0.2926318770227674,0.17589462848129853,0.40199949286100306,0.2273436012800379,0.6884388611382667,0.29913850174910905,0.6334361606234219,0.6598698539213224,0.6795662931460545,-0.2790910106170399,0.8579561666259001,0.4247859413139385,0.23847071678685536,0.13308471911996472,0.21774646272978748,0.20859091894584356,0.3131945615535694,0.1806895465266905,0.2597104740941686,0.31493788721127103,0.3325888914646998,0.005038980349073096,0.1939465140781748,0.18227815044567253,-0.008586998664952203,-0.03251797540853751,-0.008484756665346127,-0.01830660491681094,0.2249080930647213,0.13800456884504736,0.19425079400371106,0.23756258900182536,0.41547873780200795,-0.09259070988723352,0.32977061633954013,0.22843990775530837,-0.01117985754421384,-0.008927760627889114,-0.004578310093605925,-0.01630871686559244,-0.23747119526868765,0.0026003662839662158,-0.21914005384511284,-0.2335039441084904,-0.3686615222550687,-0.2379609079820761,-0.16686533179297544,-0.34317371318361567,0.018385301724905732,-0.013991580854853407,0.02655098898625031,0.011287896745971146
traffic_flow_roll_max_12,0.18317404271097518,0.21532315480389835,-0.16016902005776362,-0.26434653366638167,0.24329329790499277,0.009965627966829605,-0.03811086579326037,0.004846436596462295,-0.03062187631896644,-0.06561545870578177,0.3577821141059222,0.05389234795224427,0.023298477019782875,-0.047054870898727355,-0.011984713677701672,0.25572342232949724,0.32437989930903866,0.3840421677905864,0.5198227248847073,0.49110462937473137,-0.057777926488573855,0.28397738989353216,0.3489047908178213,0.40537523358355226,0.5345372441410852,0.4976789587179806,-0.029482307145363068,-0.11823514535910946,-0.06872184011851108,-0.015119633636778033,0.13307108594371397,0.15429669045737768,-0.19110806279126288,-0.2290782396590541,-0.17890333014442816,-0.11785002661045452,0.0851644217489509,0.21929327397123358,-0.26519462632871266,0.20678725507539367,0.15788058546512507,0.10019644856424675,-0.08474445344040635,-0.1821581356782851,0.24751539742344983,0.4333084404105255,0.42082184743328843,0.29773835697275464,0.5176292279077842,0.826842505465413,0.6854796062238698,0.4666278332759238,1.0,0.7960905071995323,0.5885915142943838,0.7200750382542677,0.6359669269279558,0.44769511717884986,0.4129374323842543,0.33324684043290737,0.5248107758115985,0.7583477562257728,0.6655173130646687,0.46944067533407696,0.9260591156747565,0.6447988176322469,0.5029919479510556,0.389589484232084,0.5821304357083711,-0.0408086022763549,-0.000608668879034745,-0.04073899126089312,-0.03973016162721129,0.08100641417269802,0.07229658920367908,0.03197176644839164,0.06796851538865938,-0.012566894251680706,-0.04903057899906361,-0.01743843819287392,-0.03809435955958058,-0.14518860651590043,-0.1296509945692405,-0.11783332280987219,-0.15971405257772098,0.030510258755624867,-0.0804220216107226,0.04684074274968539,-0.004292626469761581,-0.02771924370767813,-0.020929457313399423,-0.02289079688564432,-0.03322466954548833,0.12609867565238242,-0.10981954465821038,0.13781361123918914,0.10546964971328435,-0.029168103991496996,-0.10342586493242022,0.012065487842744282,-0.045530876047166366,0.039451476880661036,-0.03183534402949265,0.046442556891131796,0.04151156414680754
traffic_flow_roll_mean_24,0.26912981828148563,0.2886394780741356,0.004559113339133223,-0.023100252556928526,0.03298396347751838,-0.0009497425612497851,-0.05115363689975841,0.0027207890421349517,-0.05265381419668019,0.0007722614358457421,5.455804499375337e-05,0.06924182033532705,0.01511323477220264,-0.05863106831828575,-0.016626951175313206,0.2920672640143199,0.3135030042922784,0.333115191976524,0.3806009248856373,0.4184193864638004,0.24656122644119743,0.3122587745324892,0.3344066877610827,0.35481355925531394,0.40502918535067084,0.44536881652929117,0.2689546206652935,0.0040030187401858455,0.003420804574989358,0.002804994314847882,0.0007821680158728857,-0.00445351082505809,-0.024880736169952313,-0.023125037309372803,-0.023126173603745963,-0.023100269296189205,-0.0227835282953834,-0.021538490855925865,-0.02300922834667469,0.03318315506016861,0.033373972310008174,0.033551695037169246,0.03391936232226224,0.03422689499757307,0.037688264041854935,0.4044099357849793,0.36310312215844365,0.3055000848130897,0.4746078834550042,0.6496258778330057,0.5977091660472199,0.2926318770227674,0.7960905071995323,1.0,0.8932940100021317,0.6887878798368968,0.9163844001588098,0.4171107479186177,0.3513747902768359,0.3376037937754751,0.4807254815858602,0.6141384720079622,0.5764513312075984,0.3391627504133051,0.751306500737536,0.8072003200192094,0.8038984947927557,0.4179242464564807,0.8403880320379711,0.0032117219219857836,-0.016889680431812857,0.006826128531400858,-7.661929199729258e-05,0.001084626992512787,-0.017895831824331607,0.006220424020114024,-0.003624975578435069,-0.008010414277471942,-0.01043947044821184,-0.0055094613627154135,-0.011949132537286106,-0.024455450157978408,-0.013755638961208854,-0.02292012473912514,-0.026572417970389166,-0.027895010548212605,-0.01754844044096893,-0.024642222616170727,-0.03285823035956308,-0.033467759309201275,-0.026894033067889296,-0.023218976115800753,-0.038008157734290934,0.035111296545900894,-0.015642764979747356,0.037391404961509146,0.03405555092440488,0.040036177792594205,-0.023778439569293163,0.04534311530173495,0.038589335006338835,0.04810540879512424,-0.040055521379347155,0.05051846621170334,0.04320993650755163
traffic_flow_roll_std_24,0.20121870071641454,0.20597027521887856,0.07054724498644639,0.06315442253990716,-0.04909014380380978,0.02417960927407003,-0.043115173749506436,0.000356759426874659,-0.05737453870659645,-0.023905031635913395,-0.10675173998331886,0.05901444045992437,-0.012093120915302883,-0.044601867565606725,-0.017302119385498353,0.2228179876889892,0.23432373798926692,0.23847783446162163,0.2526616158784969,0.337077549043899,0.3264127381756415,0.2280382900101361,0.24124516270698998,0.24813745421544767,0.2726870308386232,0.3623465953277859,0.34244667004530305,0.06377837581188471,0.05325786911688181,0.039662347774327374,-0.009645914836582269,-0.05463573295426956,0.05218811346344749,0.0606015643598778,0.05289991768928967,0.040637227348269335,-0.013860723184498668,-0.09310149698110719,0.0645804098837297,-0.045017186179602584,-0.0361837080456817,-0.02329894754042722,0.029458017470317902,0.09802920048642151,-0.04421442388887238,0.290010986424825,0.25131644679624526,0.2224066356014211,0.3338517317667545,0.46523862507048086,0.4799027388975429,0.17589462848129853,0.5885915142943838,0.8932940100021317,1.0,0.3831441799428461,0.9711328991632706,0.29183351082671577,0.24475181115154002,0.23795677274978658,0.3341212297078736,0.43913662813169285,0.4755005011444742,0.21240131345470437,0.5586680845731957,0.7153467422225077,0.948386933106751,0.2525158543039802,0.8896505696540216,0.045011855573288725,-0.013400062750895891,0.046829473989835085,0.03889083171663519,0.0024598207678365788,-0.040770196035334445,0.019463739430849294,-0.0029405112287571936,0.006377987380970844,-0.0014813120730641917,0.013521763390175592,0.007750262412840437,0.043829815163354414,0.03392995970268787,0.03428112951414778,0.044705313236806564,-0.009654283531422104,0.012587139726110332,-0.017260756161151254,-0.009390595093065618,-0.021518509740023853,-0.01933108385497932,-0.013533134182580848,-0.024761374878843972,-0.02629465781523692,0.016603082798814613,-0.0245264742308066,-0.020225764908323274,0.025505953791328816,0.005406798726092375,0.025482961980038667,0.03194579305085539,0.035217540169846885,-0.03124075184885538,0.035574495084885395,0.029258460506482814
traffic_flow_roll_min_24,0.4549629205919624,0.47768362464602665,0.022441008497548452,0.014538866777590661,-0.0024588255849265733,0.0573217694831026,-0.045576817153843346,0.003764608921562565,-0.022839697003038537,-0.0246863219068988,-0.047348499328197846,0.05835483872095192,0.05506570588677278,-0.054115588683622665,-0.011239193044497057,0.45475932882869174,0.4501260596767668,0.4395454670750245,0.343350127974636,0.2355259785176921,0.10586297239828679,0.4792519649447017,0.47584549536639753,0.4659687366240048,0.3704540440623936,0.2591179180398761,0.11129728050010772,0.020926416153459807,0.018611667720817574,0.015370500685878813,-0.004443110792714066,-0.05944345950911904,-0.018705384418598613,0.013210037273142695,0.010078708314718165,0.006074313546370576,-0.010344203457826275,-0.060185122754477786,0.01058501375325033,-0.00038690144573287144,0.0036734190003675196,0.008748626905303146,0.028390398005815477,0.06943951443392805,0.0031507822304458095,0.5467116759551085,0.39729071179910813,0.45368011372911266,0.5992725863573818,0.634000180739211,0.4172913698696248,0.40199949286100306,0.7200750382542677,0.6887878798368968,0.3831441799428461,1.0,0.5081767369598359,0.5595152154364952,0.3709744125041775,0.4866260353555733,0.6029787750651096,0.6046078374008459,0.37166349894931017,0.43853659666187367,0.6769184168672612,0.5657085048477803,0.28655408847086533,0.532205867064004,0.46950560462816326,0.016077204082520793,0.00998631773923001,0.01175108572120464,0.017010279382313222,-0.010049987643236048,-0.023451562822535462,-0.011385482458136337,-0.020877854570105176,-0.02914577481622349,0.01785676566052868,-0.0372302747581814,-0.021589937698514278,0.0073374005440543875,0.019419908103343982,0.0017849129760680721,0.010258396732122461,-0.015085684979127316,-0.022233042438573138,-0.013986607418279676,-0.02980861873495197,-0.034094392191371996,-0.023182248730899593,-0.022655396070170242,-0.035850536289817166,0.007965987695510265,0.002657532072668157,0.008792555623533175,0.010743830050899445,0.03249152668361708,-0.03464140262971836,0.045222449742440954,0.02889644187441468,0.04917496231964345,-0.030164720101827473,0.048653053295318015,0.0428574284705812
traffic_flow_roll_max_24,0.2644606716273925,0.27479637663578493,0.07089186856532013,0.055401190883590835,-0.042390060700838894,0.02947846527940051,-0.05004229636355851,0.005258961093245165,-0.05944064345584586,-0.03445476734602841,-0.10560969650337033,0.06944728013450499,-0.002871672098751695,-0.057296130134027345,-0.01667039072465877,0.27599206984793834,0.2769951527030921,0.2748739143506738,0.2793975149411068,0.3220415891028487,0.3461612051932961,0.28754605386733945,0.2907364702586858,0.29129354991093,0.3040046732350699,0.3517017081891515,0.36289596114315414,0.06587895425328305,0.05655472710515829,0.04355641320267335,-0.008094622381721098,-0.06387304205574021,0.045425542733746556,0.05487735586987091,0.04948098071015862,0.03930748994227453,-0.011977383094215045,-0.10263065923900201,0.05652460419916251,-0.04005942816934952,-0.033005674302705616,-0.021768393957288027,0.028077514136940856,0.10731891862567343,-0.037891439178525416,0.34463792055599546,0.29949074375897533,0.2668966271999385,0.399422741003316,0.5159451787079539,0.4823088454336083,0.2273436012800379,0.6359669269279558,0.9163844001588098,0.9711328991632706,0.5081767369598359,1.0,0.3521912833249758,0.28844863688954564,0.2913079512121861,0.40229251558176504,0.49204347170397145,0.469369208832582,0.2689220693929673,0.6042998871268905,0.7412978907590175,0.908195262704618,0.3233784293508432,0.9155148875348567,0.04790986296364778,-0.023990088740090548,0.05173414940009838,0.03925749621747734,0.0018880234223996805,-0.038629359556565795,0.01488720293519276,-0.006511851250879213,-0.002015981868029235,-0.006879829163555972,0.006438764596403541,-0.0015698963817315325,0.04089156295881531,0.03172883792196729,0.03118302136930993,0.04073923047178709,-0.012444671192555896,0.002236487699673809,-0.019512913524965432,-0.01630789302069669,-0.032485796540543385,-0.024056115661793574,-0.022686634836287203,-0.03606816704877142,-0.02356421994518833,0.009925788765077949,-0.020225408948075393,-0.01853745467936029,0.028163181716261608,-0.0068633889743627075,0.03262764540230502,0.03422569860515821,0.04465268234857077,-0.03695461073058045,0.045037215854688735,0.03776268227926429
aqi_roll_mean_6,0.5738509088801673,0.6683630786040559,0.15584656787692514,0.14375716133447222,-0.14410787291540753,0.6053424968728369,-0.026213387585722867,0.05999258181754322,-0.02140580408467519,-0.5620847371911838,-0.13294864965113032,0.036427272375904034,0.019218608802776854,-0.08669739498323455,-0.06027110614843081,0.763779315087385,0.870963797827865,0.8712888730702961,0.34642412081568386,-0.03497551957847316,0.35187459775404617,0.8465468387738357,0.9468990365646959,0.9469193394752148,0.45260575777004597,0.0895213527043236,0.39875372357849287,0.19809020587566148,0.23579284164997927,0.26608798571937775,0.2568756737469607,-0.30645991727027294,0.1274304277346027,0.21014569277428274,0.25658417179603243,0.28526322996746967,0.28030840340033963,-0.20866533292010273,0.14458666752983762,-0.2074867580238718,-0.24810080150327868,-0.2671576332677894,-0.2193765537572923,0.23828360013637118,-0.14135733947271706,0.9284180561651156,0.4504879867526194,0.7989641534540449,0.8767234414821232,0.6748691123163986,-0.06952933319079466,0.6884388611382667,0.44769511717884986,0.4171107479186177,0.29183351082671577,0.5595152154364952,0.3521912833249758,1.0,0.4331455808626634,0.8959054043557328,0.9433263788720605,0.7649597308980602,-0.09092935561010818,0.8018593815401583,0.5453017649587609,0.5375440854047127,0.21928392979709757,0.5881172788791511,0.4438497208152194,0.24803303331708085,0.4099887571612415,0.15527560992601744,0.3138830511409092,0.16600367153834442,-0.0777582280421822,0.10470081121681214,0.06801167721674438,-0.05327890746584207,-0.020570437154331413,-0.03767176727171389,-0.03487151958061029,0.2634202177178962,0.39179515285132155,0.165199818518582,0.32186560811762466,0.23196911502678255,0.13592064991795527,0.13399034056043752,0.17441992923020253,-0.09471543304064907,-0.12191702042375226,-0.04795019714933276,-0.11783138305226677,-0.2422930402163029,0.30632665182303814,-0.27379179765810513,-0.16387930066342782,-0.17354459727022134,0.01583524229639295,-0.09597831416052954,-0.12196129153718478,0.10984853852787631,-0.08204476256390711,0.1065367496901241,0.0851791175172466
aqi_roll_std_6,0.3456658143569674,0.33601627180459775,-0.18101162172579177,-0.13014135258460932,0.11562845204997393,0.12824980214460494,-0.014211053418910758,0.003215873065148824,-0.010428433372890322,0.04352172872312771,0.2130789444088201,0.021784372377498012,0.008725558135902815,-0.02121576401589723,-0.007788028343188358,0.4450477217936172,0.4152069128345609,0.34934230327124827,0.15265048361052214,0.3400124434257454,0.20634524510187763,0.43366562044641915,0.41146971384618336,0.3554026738126245,0.1748296801815927,0.33691143939131146,0.2084936717651707,-0.17633248576035201,-0.14766293566548358,-0.09757131148118396,0.10458016402202729,0.0535619489634978,-0.19363997135926905,-0.16003878913436143,-0.1794847860579737,-0.1791284043178464,-0.03363565302609838,0.17664947642592851,-0.1301181300914451,0.13298540109961762,0.1455887483369592,0.14508403734562533,0.03203853977003482,-0.16078274291928493,0.11802938980347323,0.44546850052569475,0.9853019264807767,-0.0009019740551250031,0.7078444897874778,0.3630075333750746,0.21392139347178735,0.29913850174910905,0.4129374323842543,0.3513747902768359,0.24475181115154002,0.3709744125041775,0.28844863688954564,0.4331455808626634,1.0,0.03147243461190114,0.6842758617354938,0.3406833050788023,0.23651061582892366,0.263786124440778,0.3992552953338294,0.2938349737496864,0.21998739794513383,0.18620551401628221,0.2764814455709494,-0.10387842725864704,0.0542174990519339,-0.09729079712856085,-0.06137009472460872,0.017372865796151216,-0.2179034106444653,0.016601339674611658,-0.08845724973925903,-0.003502999851369908,-0.05881814984447721,0.003576076962149687,-0.035946274797799965,-0.15974754567715518,0.38018119142668577,-0.23294646745542638,-0.042079208099051496,-0.022398813684824194,-0.1416532343965006,0.05657407075479128,-0.028043206449154784,-0.009497862219408567,-0.011117092709579142,-0.006570079690963729,-0.013845064474018107,0.13132835138914462,0.40430659999767055,0.02642734872485866,0.2030781476952394,0.018777024676749035,-0.210362887343567,0.04770993642180069,-0.05912442344566038,0.017740395633880107,-0.016055164836054316,0.02381112642414279,0.017901083516943743
aqi_roll_min_6,0.5316174048990974,0.6457251969225928,0.27322305390940665,0.2225529511467688,-0.21509270591768387,0.589852310189931,-0.024731149872891718,0.06863476685523448,-0.02101876625574755,-0.6455897763352292,-0.26843232505707004,0.03354112410757805,0.01829470768652922,-0.09217239297873864,-0.06671683728637848,0.6307698334365774,0.7157109554413442,0.7365261478750726,0.34818850543399377,-0.18002411684977945,0.33260300781554475,0.735581573251737,0.8122630096999215,0.8293722163148454,0.4630133244520171,-0.03249623317578041,0.3865984219322601,0.3223591859563242,0.3498720217908265,0.35379814729439263,0.2241881452740844,-0.3723530169424706,0.2457848914146787,0.31314090581978204,0.37715679750215964,0.4116040160650327,0.32994546418163556,-0.3425697912748026,0.22354459182382835,-0.29396635758592377,-0.3464009136315418,-0.3691688812120516,-0.2588325100909784,0.36643801280842386,-0.21295153531336822,0.7987205610688293,0.056312984850835426,0.8960897003584624,0.6530479669925046,0.603409630625669,-0.16773190586552697,0.6334361606234219,0.33324684043290737,0.3376037937754751,0.23795677274978658,0.4866260353555733,0.2913079512121861,0.8959054043557328,0.03147243461190114,1.0,0.7462846580311471,0.7234540325681625,-0.20083765467099504,0.7906498592489773,0.4560451658047811,0.5028332924430622,0.1657786875594425,0.6040230307447816,0.40399925470198195,0.33568497722378027,0.3656644447003637,0.2395120851511778,0.37120290539550166,0.17151106406088595,0.03160127712541957,0.10323970791163452,0.11279519702712278,-0.06030149493305665,0.00986487828046741,-0.045695901972721595,-0.022055021873886187,0.37546887994957795,0.1969396267930695,0.31450462181422717,0.36926533165505365,0.2626847978553928,0.18407476030321762,0.11803172185587969,0.18073098558241169,-0.10684199586227362,-0.137567769574987,-0.05375960218925605,-0.1317236229047262,-0.33381951403067955,0.08295742762257836,-0.30544193205522624,-0.29508165473539066,-0.19440926955632493,0.09695611285454643,-0.10857962564997416,-0.09728931082311597,0.12058261315933014,-0.08882437361061267,0.11388186344137143,0.09194304069238221
aqi_roll_max_6,0.5899029182622916,0.6667399770739874,0.07142016431734595,0.0659853720445446,-0.07110282717748515,0.5083298245901189,-0.027718959759986825,0.0514321338210385,-0.022464020399122306,-0.4433398537921036,-0.03481325208922951,0.039231135571242054,0.019099176959443274,-0.08080209901373428,-0.052338981263373975,0.7421443150419458,0.8025841912600041,0.7867974600472047,0.373907181955947,0.08924562195632883,0.3541837747553964,0.8109823384916207,0.8693320829051535,0.856215402338806,0.46938117286331704,0.1931161072585443,0.39573119418075753,0.10977627066583522,0.14956861455957848,0.18799287043715757,0.2386717766313323,-0.22502654758182616,0.04284963485306806,0.11353051301850828,0.14900882728757825,0.17574692068154904,0.21997350881318262,-0.11535053156995906,0.06676111350869063,-0.11898592694179402,-0.15107936305924233,-0.16984879499467576,-0.17113317484188328,0.1453649312769043,-0.06796533905154509,0.8827088647680502,0.6929107953705412,0.6516070017376536,0.9493556558335554,0.6891159478478349,0.025676806117386562,0.6598698539213224,0.5248107758115985,0.4807254815858602,0.3341212297078736,0.6029787750651096,0.40229251558176504,0.9433263788720605,0.6842758617354938,0.7462846580311471,1.0,0.7578929517302709,0.016007659337939097,0.7474255704681437,0.6022424526407663,0.5595583303959096,0.26438143019760296,0.5596300917294789,0.4745248774023465,0.17077794153090628,0.3160291510373504,0.10339943478169404,0.22941220380599783,0.14074910530686352,-0.10945101896675728,0.08604561393013212,0.030155319078209866,-0.04578662215408068,-0.03546965006108129,-0.03055336822983751,-0.04047454994229221,0.16128964531606313,0.3967112846036142,0.06738370028442503,0.23576988744474928,0.1792099644212861,0.056479990763665104,0.12119145995034886,0.12189730780163131,-0.0832749723857973,-0.10564290381314491,-0.04364888759718268,-0.1039599024431974,-0.15196650152815866,0.334330162291023,-0.20224065328480872,-0.0743144400930481,-0.13282246180098062,-0.05576675517851756,-0.05494923080899953,-0.10994346152066319,0.09835803804998444,-0.07418624546385187,0.09759139268813789,0.07846003888439984
aqi_roll_mean_12,0.30851943302978213,0.45745257918589555,-0.05077555006787054,-0.21277989903674346,0.1909748844305839,0.3086213893506448,-0.03609359659818599,0.0770846876388688,-0.033636126590517776,-0.4537622424033427,0.2805847769518141,0.048802741499017165,0.01769993929247919,-0.11342202274500021,-0.07795024439032482,0.40804340106643433,0.4882421806435899,0.5460893368885443,0.6016099469561486,0.20401594904897713,0.10188706487708568,0.5516531483716791,0.6272267062474296,0.6815190341188522,0.7327439079484548,0.35475577935000246,0.21127907599940327,0.029309067553750935,0.10472785410364588,0.17031731801256078,0.26873315592480185,-0.032885305471692015,-0.08330484839902387,-0.11487415256280348,-0.015100353388609324,0.07985635316031418,0.2763945547246822,0.046685925953399404,-0.21083946806892395,0.09993276138129492,0.00931037867074945,-0.07486241173771027,-0.23752356380025577,0.011872687186617428,0.19499230460226336,0.6164727766406439,0.34226883046352247,0.5470986149858058,0.6295823726331955,0.8802395719475196,0.23767887580044755,0.6795662931460545,0.7583477562257728,0.6141384720079622,0.43913662813169285,0.6046078374008459,0.49204347170397145,0.7649597308980602,0.3406833050788023,0.7234540325681625,0.7578929517302709,1.0,0.22610775009227008,0.8531195915794977,0.8710607014746353,0.7640651185256512,0.351534628414532,0.6940166959922299,0.6107547291588018,0.127375844331597,0.13172766717581458,0.08972219010271221,0.13495036944817176,0.17854940944642103,0.13672421863286896,0.06633246988198119,0.1189016706667353,-0.06521903018385895,-0.08438062750936835,-0.05108204215061045,-0.07983730023328293,0.02321605141529142,-0.10449881111784032,0.0380554263265094,-0.008834916463038186,0.16475322225995273,-0.018296169834827708,0.09438430712834975,0.06352417612964457,-0.12480763560672445,-0.1598504733648549,-0.07223369056439138,-0.16043311890667866,-0.021722515931431968,-0.12191729178955062,0.012290729344357695,-0.03541234509232481,-0.12579405841116897,-0.06892272261166327,-0.02150687794648504,-0.07016263611595941,0.1426043851516056,-0.10943171747113166,0.14861606830952734,0.1264440864643647
aqi_roll_std_12,-0.2543408759119169,-0.22476225271361389,-0.22645542934302346,-0.21188138668367423,0.23660661791501506,-0.5229137232695059,-0.02357868116333298,0.005873060331617125,-0.02285051502323095,0.5612458271452218,0.18182144076256168,0.032998865997664904,0.0049891129228180455,-0.03232301707666883,-0.012644514996322203,-0.22022199846831758,-0.16035591695602963,-0.09030337284327092,0.1620896523388727,0.43278342642889905,-0.34784789873710464,-0.18810494109918127,-0.1259452651989674,-0.05330652844472622,0.2031448495726634,0.4390429157012913,-0.29191779191087897,-0.28533862931844683,-0.32724258376269355,-0.34743481772018886,-0.2523406033523347,0.27111945529206993,-0.24127655253874192,-0.29031705402246755,-0.3539789852638606,-0.39891054213015265,-0.38754841531790707,0.21361813678289698,-0.21067688179680932,0.30263146905752364,0.35248298461352917,0.3835620443539357,0.3432575989161534,-0.20614088015769502,0.23972247503595884,-0.1388508215507853,0.21232670330905576,-0.27067496698099625,-0.02266865381534714,0.19866014231951615,0.9787492885313321,-0.2790910106170399,0.6655173130646687,0.5764513312075984,0.4755005011444742,0.37166349894931017,0.469369208832582,-0.09092935561010818,0.23651061582892366,-0.20083765467099504,0.016007659337939097,0.22610775009227008,1.0,-0.1984496507098423,0.639209641926525,0.4763128862456763,0.46282267165740165,0.1775755838313212,0.4476186128426556,-0.3207699111467168,-0.13224984938889167,-0.278010607765741,-0.3140833561385506,-0.19179407706269577,-0.013995235771436713,-0.11331305860730102,-0.0933371538436411,-0.002170181742195301,-0.02529740016082595,-0.01104900690883095,-0.0286055111658838,-0.37018925665598523,-0.1531364771284951,-0.33932629268698117,-0.3710955855724054,-0.31848550866531333,-0.08609492360960624,-0.18552045359795574,-0.20379657355528194,-0.014177273738252828,-0.017109727887689805,-0.013161864731901758,-0.017061977470083898,0.3586472772449558,-0.03351811514460152,0.336584772770877,0.35117332790406014,0.28327663248286394,0.004001459527815237,0.16261298417339828,0.2020973723505724,0.026867820803540755,-0.024355186859889782,0.02822039216640322,0.033917822361508025
aqi_roll_min_12,0.512542015726394,0.6522636920324633,-0.009676265298159535,-0.1555954245945524,0.1162486305063913,0.5515320500805907,-0.026231307998450307,0.07552283539703672,-0.024567191715243585,-0.606822629157872,0.20968902852476592,0.034789231555884904,0.015506307542377008,-0.09955667404398208,-0.07139988036282569,0.588548969987767,0.6088311253371242,0.5758534263167973,0.3004830366578076,0.1988039506911827,0.3417674211515482,0.719848496738757,0.734667908486615,0.699538299655044,0.43175630028336065,0.3343389921694159,0.4217894726994331,0.09414620981477088,0.19420597879375284,0.2793922135836374,0.36207626224832756,-0.14884314923274897,-0.03533904443468976,-0.04847685286969873,0.06237065813418149,0.17004365086833667,0.3929282769342764,-0.04212697747379145,-0.15459717943158927,0.01866272533736531,-0.07712227312901175,-0.16601530866812117,-0.33320691046847706,0.08383632956136246,0.11860890016671687,0.6668358222231333,0.2888989981019205,0.6226979920459575,0.6329683736530044,0.7290649612661115,-0.1737003251687116,0.8579561666259001,0.46944067533407696,0.3391627504133051,0.21240131345470437,0.43853659666187367,0.2689220693929673,0.8018593815401583,0.263786124440778,0.7906498592489773,0.7474255704681437,0.8531195915794977,-0.1984496507098423,1.0,0.5967980466468852,0.5422872526181368,0.12404704366006475,0.6402229544721645,0.39944138395958856,0.22108852039599927,0.13183091587699075,0.17871927182879394,0.2199011079712649,0.22611374220006109,-0.02465536121292938,0.11950585676825298,0.09651173271049403,-0.06501656420853454,-0.07516083885843401,-0.047452129395714235,-0.08006322782244482,0.11303113671330228,0.052257232009654236,0.09632241078390634,0.11162761504081746,0.24996214603077904,-0.14973100018620752,0.1970844858986647,0.07184501860139614,-0.12210054285534724,-0.1552473711853118,-0.06691105821399551,-0.15711761401074076,-0.11397210545045176,-0.03419547258519369,-0.09316108792771535,-0.11276250792731372,-0.20375481311102348,-0.2327144959465572,-0.03149627234852713,-0.18195621747229435,0.13216119356879108,-0.09896425187636977,0.13847333441243773,0.10934346966360844
aqi_roll_max_12,0.18221245307083936,0.3119379896725173,-0.17241847474761873,-0.28819091653378154,0.27820432307702797,0.004507813903216885,-0.04040432050519833,0.06230262537300679,-0.0378299504512022,-0.04969496950886431,0.3139161418506452,0.055962001909860615,0.016681403355363073,-0.10386390842520367,-0.06293365558257269,0.24476684747230767,0.30309279350047397,0.35404983605151324,0.4745163622618559,0.4594896886083918,-0.0396579924146418,0.37318611312418737,0.43031646666713586,0.48044907157752853,0.6002589960194201,0.5701736023827916,0.06565419871311007,-0.13603527723055228,-0.0927126072227949,-0.04556354466364294,0.08568269655977645,0.10737457399179065,-0.20577574929359957,-0.25891731108853405,-0.21613990863408958,-0.16328956650802762,0.015608716586138445,0.1404284803933458,-0.2863607847432964,0.24787442665135806,0.20628820296573688,0.1565127128151547,-0.0061198746836339385,-0.09802415443173322,0.2827517967030198,0.4036086499451144,0.39749702121530617,0.276449751829818,0.4849110798310449,0.7617801412333538,0.6401303598603514,0.4247859413139385,0.9260591156747565,0.751306500737536,0.5586680845731957,0.6769184168672612,0.6042998871268905,0.5453017649587609,0.3992552953338294,0.4560451658047811,0.6022424526407663,0.8710607014746353,0.639209641926525,0.5967980466468852,1.0,0.8164867492945621,0.4780938133768197,0.6430272607675053,0.6838144175868263,-0.06937504810761189,-0.021392534157563214,-0.06620803069449444,-0.07144739704837418,0.03509035315346087,0.03524345640972838,-0.0016125532395436732,0.017487682554482843,-0.0515232633032019,-0.07825944123876775,-0.04435722590917494,-0.08055281457647906,-0.18977667491747954,-0.15901815312379436,-0.15873618235117176,-0.2095975619172584,-0.044038204474395555,-0.14243096235841587,-0.009276018002647515,-0.09573590123966962,-0.10468110284245051,-0.13038652585787947,-0.06279105237732636,-0.1335500834194304,0.18156602649527728,-0.12161442491270447,0.19429701995023296,0.16166369064625968,0.05341712534249317,-0.1350478403368162,0.09646360424321015,0.033690987802135315,0.1228180572776657,-0.0951150602358126,0.1290297743092462,0.1117205304810617
aqi_roll_mean_24,0.22031343507563103,0.39191166506035785,-0.047125195707703994,-0.11160590783244642,0.13012096127867095,-0.0008655512132418156,-0.05004653660207485,0.09751138949001319,-0.05515035793412496,0.0006904957297193553,9.282593437899001e-05,0.06550583481187951,0.006077605049784295,-0.14865081485036452,-0.09985517314674813,0.23842811500186153,0.2553950336505309,0.27095394553240215,0.30826976937166706,0.33614393054786273,0.20051149898178663,0.413667441325883,0.4340061520909998,0.4527026389750175,0.4979369140172181,0.532009617666502,0.37081346601723303,-0.04760776086812198,-0.04812405511162758,-0.04867983446788185,-0.05058070978017833,-0.05594739423545047,-0.07773366086526204,-0.11161396296805273,-0.11158930096642683,-0.11152928842292445,-0.11106770737453243,-0.10925148821462721,-0.10860484311581484,0.1304052309155434,0.1306725630883301,0.1309207342733946,0.13147638240790963,0.13204852164100095,0.135323127893065,0.32926251321755384,0.29492720304890774,0.249232408974676,0.38654532606916464,0.526139144051464,0.4818807291524516,0.23847071678685536,0.6447988176322469,0.8072003200192094,0.7153467422225077,0.5657085048477803,0.7412978907590175,0.5375440854047127,0.2938349737496864,0.5028332924430622,0.5595583303959096,0.7640651185256512,0.4763128862456763,0.5422872526181368,0.8164867492945621,1.0,0.6482887076203211,0.7939275530692061,0.8965521315064438,-0.05069313413856612,-0.039169241867150026,-0.044855414759986015,-0.05706909166368011,-0.058509321922428914,-0.054458420821297135,-0.045937704526627605,-0.07141231414868067,-0.07737535551938364,-0.06976305620268962,-0.05397180840812816,-0.09096942254654318,-0.1182034113726247,-0.08629763147439067,-0.10624558160807254,-0.133034154969618,-0.13643429777295452,-0.12138932511275151,-0.10576794672233751,-0.17373887223302106,-0.16590416954574963,-0.20783516737310245,-0.09548328525696036,-0.20919125640620526,0.13730955842959702,-0.055749882860472486,0.14476167762361533,0.13389701427941283,0.1556840362340533,-0.08123213091878305,0.17049533124144844,0.150126799445214,0.1841791696466347,-0.14291468664441442,0.18653567388169695,0.15974191767688675
aqi_roll_std_24,0.17719245928598404,0.15313786232259255,0.07495948456659624,0.08241142652726377,-0.0626662926377779,0.024433737381968725,-0.032547710239953495,0.009198270017796509,-0.04385071371313228,-0.022895313104241803,-0.13280541187101222,0.04478858255808359,-0.01605864819118769,-0.047061465695560495,-0.02463689726916306,0.1952159117314448,0.20149500003235996,0.19967067170411384,0.20236353407392,0.29565896024088706,0.3202987148417541,0.1725474178329586,0.18233493083353114,0.1860224167252196,0.21160926627749274,0.326575501216537,0.35071152263691563,0.06634771217211885,0.053388280459164425,0.0368577293408465,-0.022295998477091593,-0.06938292897744334,0.06669414427917335,0.07787299749586717,0.06722058994428155,0.05118918683852734,-0.017188034356634935,-0.1111078971812128,0.08495093649242552,-0.05656414196505306,-0.04478243911744704,-0.028231838996668333,0.0373862936163606,0.11841652973034278,-0.056491526416440375,0.24458996546043119,0.20888294263526982,0.1894825685828781,0.2796476844190581,0.3901625694843732,0.4261848166867903,0.13308471911996472,0.5029919479510556,0.8038984947927557,0.948386933106751,0.28655408847086533,0.908195262704618,0.21928392979709757,0.21998739794513383,0.1657786875594425,0.26438143019760296,0.351534628414532,0.46282267165740165,0.12404704366006475,0.4780938133768197,0.6482887076203211,1.0,0.11721254409321478,0.8715924541884433,0.04303942460074405,-0.014679624735724778,0.04451445887853625,0.03630748020698365,-0.008194421440228663,-0.046276164249995894,0.011770299726217197,-0.011993458120805175,0.0034204689135138053,0.010981679069415816,0.007564411307516852,0.009123770742834424,0.05602671175304114,0.041624911211678564,0.044767441971087334,0.057231082378967756,-0.010190797759461316,0.010072595619149463,-0.015687531203981885,-0.010233866455883273,-0.019699993319110955,-0.026871448981514702,-0.00869168491287437,-0.025138465861367133,-0.032567333288553726,0.023304771431537332,-0.031226182878787458,-0.024785966682931017,0.03132436727290505,0.006122908913671893,0.029863440971835964,0.037571646375942507,0.039805703426546844,-0.0359479381814357,0.03959196910766287,0.032299429597288806
aqi_roll_min_24,0.24735144638866355,0.4930425971472087,-0.042660470052952995,-0.10945005612991954,0.12182104594792965,0.050295340128447774,-0.041043492636766,0.11925524184421549,-0.04317221327258599,-0.01972621790390448,-0.03462534517010704,0.051646007748327734,0.013682894328870496,-0.1552172841488744,-0.10625928766749866,0.2453927902564695,0.24178883859389164,0.23500763201211744,0.17788624563757496,0.14640040257952922,0.1152557706898375,0.49429691380830026,0.4927424089555952,0.4869900602162811,0.42635537359539694,0.37826744916891447,0.3009775440888528,-0.04372013011224535,-0.04541733876726773,-0.04787447604587788,-0.06192807296017941,-0.10397322512171013,-0.07495783449667696,-0.11002687436875772,-0.11189595369280896,-0.11437486144913152,-0.12500536662661818,-0.16115029085942928,-0.108740236383432,0.12308408378184146,0.12575634078546324,0.12923879278641295,0.1429656699049432,0.17409221352724627,0.12416522346164234,0.29345946837974135,0.21212447716136262,0.24550452349699325,0.32172813199034733,0.34002936593309363,0.22621157811363132,0.21774646272978748,0.389589484232084,0.4179242464564807,0.2525158543039802,0.532205867064004,0.3233784293508432,0.5881172788791511,0.18620551401628221,0.6040230307447816,0.5596300917294789,0.6940166959922299,0.1775755838313212,0.6402229544721645,0.6430272607675053,0.7939275530692061,0.11721254409321478,1.0,0.5519498103949474,-0.04989289425179406,-0.0273042403213601,-0.04835751509266571,-0.05443081330007534,-0.07574434249170725,-0.07597085523059087,-0.06237378360267513,-0.09717755815221418,-0.10179187162477268,-0.0783813662490474,-0.07271421629621871,-0.1132300041265695,-0.12078954737397221,-0.07725309089660243,-0.1122454497948476,-0.13438833369709005,-0.15608874735003378,-0.1483957301004592,-0.12184091205743916,-0.20858518964518388,-0.20323820722772973,-0.24804788177830653,-0.11791194654468808,-0.25322356497376547,0.13493782454658662,-0.0471579782591403,0.14178638543262848,0.13431382883494772,0.16926453950280854,-0.09832475627236878,0.19147333257587024,0.16184973080125337,0.20759178926705452,-0.15242201766166688,0.20729879728801967,0.17818719255445103
aqi_roll_max_24,0.2520256892579104,0.35090054739327103,0.03589609019410626,0.001114439191530019,0.018916278607672064,0.030379550743669215,-0.04711346570675017,0.0678460168696746,-0.058055932307630086,-0.0343699493594747,-0.1086476212436379,0.06461277727261326,-0.008631588040542669,-0.11937155632580687,-0.0675137802785864,0.26116255852819487,0.25945373672877714,0.2546663068895915,0.2536590884994082,0.29065402609811164,0.32652649241831166,0.3634696332469539,0.36609275003841546,0.3660516850022345,0.37892881704768655,0.42608506909946986,0.44094339323606285,0.03099249991263815,0.021745812986225875,0.00876832249489558,-0.043193132053706555,-0.10005989455930522,0.0117602688863622,0.00019463791938356348,-0.0056607283784672145,-0.016298852983719955,-0.06903188647103452,-0.161528832080279,0.0035215435438047857,0.021672202063058716,0.02921431317981187,0.04097114708223958,0.09240252689658282,0.1737328425705397,0.024697129605824205,0.321182354356743,0.27720606165094863,0.2500686349111594,0.3714099647598167,0.4729358562176024,0.4411322521655245,0.20859091894584356,0.5821304357083711,0.8403880320379711,0.8896505696540216,0.46950560462816326,0.9155148875348567,0.4438497208152194,0.2764814455709494,0.40399925470198195,0.4745248774023465,0.6107547291588018,0.4476186128426556,0.39944138395958856,0.6838144175868263,0.8965521315064438,0.8715924541884433,0.5519498103949474,1.0,0.011419000446709902,-0.037826670522062476,0.01629500750382141,0.0008499726035036454,-0.0390459443330695,-0.06236849194018444,-0.021529460988041194,-0.05244674474786416,-0.04837512706528841,-0.03950763061704186,-0.02830594045416647,-0.05231626266886794,-0.017826441850367157,-0.012751689288205003,-0.021178778411050137,-0.025706492264232078,-0.08220601140843017,-0.06582111298039868,-0.07082279627449645,-0.1071687128534762,-0.11769064776449897,-0.14036456268952557,-0.06830590049741424,-0.14563602036657036,0.042078597099015076,-0.012780560186777049,0.04811118617142235,0.04623677528230459,0.10402524293147185,-0.04420873404294721,0.11432612285641786,0.10719494028088478,0.134050002406958,-0.10252621126478746,0.1332697542918007,0.11443525097755931
electricity_demand_roll_mean_6,0.2943953412636864,0.24301736330612683,0.9103831957008611,0.5114783032480837,-0.5075592963229797,0.39584469466351835,-0.32993451719326755,-0.30283597837582615,-0.4978617293529477,-0.5032492938230074,-0.2180393529275815,0.4069505525030388,-0.24456719755961764,0.43648616563280646,-0.1274115642140062,0.29700583569444655,0.2816603700515943,0.25414990760651684,0.13449995233828016,-0.26340873032144635,0.2972710240155742,0.24398217424935575,0.22862203464456585,0.20246191177121015,0.0931595938573529,-0.26499655507791026,0.2461912406674453,0.9643999878447755,0.9927069434797886,0.9927115324933482,0.8353210519838902,0.3113259167225253,0.6547808924470566,0.5907660866477785,0.650335813893853,0.685161910674374,0.6182557136591268,0.037060122530861044,0.5032597768306435,-0.5725602826212285,-0.6184480866570461,-0.6414809055428785,-0.5591720960675696,-0.025908241102810654,-0.5076508801353191,0.32038452013661556,-0.10458096377651925,0.4386164417365205,0.2181883118654509,0.21200236424649946,-0.32446392564423643,0.3131945615535694,-0.0408086022763549,0.0032117219219857836,0.045011855573288725,0.016077204082520793,0.04790986296364778,0.24803303331708085,-0.10387842725864704,0.33568497722378027,0.17077794153090628,0.127375844331597,-0.3207699111467168,0.22108852039599927,-0.06937504810761189,-0.05069313413856612,0.04303942460074405,-0.04989289425179406,0.011419000446709902,1.0,0.18479727188148368,0.9744323013287954,0.9780611069345884,0.903254788246085,0.13040101601879447,0.8659195257610867,0.844938014415154,0.7516848813576524,-0.010128556687388228,0.7321599900729835,0.7145789138759976,0.6711597628866016,0.18469859768478936,0.6442884177692287,0.6573900519552802,0.6264798864920432,0.3038075560699771,0.48301084595274457,0.5947585168697476,0.42606716785414395,0.2780014136130587,0.3438208633144782,0.4611578780410452,-0.6284154207583337,0.019551754273587865,-0.588084312280739,-0.632335020911479,-0.5574261525253768,0.1604782533168396,-0.4824528223345432,-0.4903318029317003,-0.38183991021722374,0.15008648862715274,-0.3548550475917968,-0.3895672331211215
electricity_demand_roll_std_6,-0.08259948495817085,-0.09485128678606071,0.1324043676361558,0.18221940718651436,-0.22471976010701786,0.3849572656980844,-0.031643804198717804,-0.10227188284887809,0.055237372950036605,-0.3768465297266793,-0.04053679136048051,-0.07045322665082925,0.06451533813460157,0.1051289384947546,0.052982859878852005,0.186890184734612,0.43631399669616294,0.594692173062247,0.3141446886342813,-0.2796589694618523,-0.08823529350613639,0.15633187033490092,0.38929077701765286,0.537523818355721,0.27679810940060906,-0.2736602056277863,-0.10013886498325157,0.15098274572959816,0.16806039937211212,0.1858315829477863,0.2286885729671338,-0.09627020592342728,0.1463066010697253,0.2325066962282112,0.2589633942777014,0.2649730703316603,0.22009727448576757,0.011009982991648027,0.18421663678421768,-0.2796356226451584,-0.31157972332011236,-0.3204972290907974,-0.25476594483905235,-0.03215623651868638,-0.22737474295874516,0.4779295168024267,0.05225183903007363,0.44885284632657857,0.35887679181723164,0.19106262217840875,-0.12321673579612463,0.1806895465266905,-0.000608668879034745,-0.016889680431812857,-0.013400062750895891,0.00998631773923001,-0.023990088740090548,0.4099887571612415,0.0542174990519339,0.3656644447003637,0.3160291510373504,0.13172766717581458,-0.13224984938889167,0.13183091587699075,-0.021392534157563214,-0.039169241867150026,-0.014679624735724778,-0.0273042403213601,-0.037826670522062476,0.18479727188148368,1.0,-0.025499600412809787,0.37191942225178354,0.18839052387818372,0.32093311919887224,0.026171300380704247,0.21735231647005496,0.04514127097730048,0.12118188873226267,-0.07103959815170971,0.07216958720571304,0.25325172142177765,0.4165619185313615,0.14491311778907853,0.31609738626501993,0.2465490446931978,0.5265188750807642,0.07328249177489718,0.35336901670298776,0.04383188251010293,0.12655706482901968,-0.00014086850410826101,0.0818258176137223,-0.3029951249185493,0.37886184162990205,-0.34502635582597857,-0.20947536568321107,-0.27436036983116585,0.3807602974301948,-0.3192232902317122,-0.177462692010931,-0.10864261504977413,0.10401266211135175,-0.1245462297422434,-0.0887950451683504
electricity_demand_roll_min_6,0.29194341197806445,0.24342874414000484,0.9012129790192301,0.47951652862017397,-0.464759814883974,0.30241891586544556,-0.3395731973021348,-0.2962573102933078,-0.534976933078401,-0.39885976932699946,-0.19876077576679627,0.4438703367016249,-0.27111561610841245,0.4364113462993362,-0.14609919111969358,0.24399997649310576,0.18490183991068915,0.13185505194841998,0.0634755820581176,-0.20291997308763643,0.296500179775702,0.19737582999729575,0.14124893629252802,0.091268866212348,0.029537376537847094,-0.20743388249325204,0.24823513891521046,0.9445689635350724,0.9655976727792493,0.9615536022896489,0.8105250378962291,0.3729864203184374,0.6317271303332956,0.5433711423799295,0.593031181043599,0.6232837377843687,0.5672087713826239,0.0641997913553773,0.47057541305808287,-0.514569905881581,-0.550530166335195,-0.5693227727862075,-0.502767114689727,-0.047119652926142994,-0.4641533834077165,0.2137362584724411,-0.09726007565990889,0.32319043058848085,0.14293174758958843,0.16164861216826285,-0.283345034923839,0.2597104740941686,-0.04073899126089312,0.006826128531400858,0.046829473989835085,0.01175108572120464,0.05173414940009838,0.15527560992601744,-0.09729079712856085,0.2395120851511778,0.10339943478169404,0.08972219010271221,-0.278010607765741,0.17871927182879394,-0.06620803069449444,-0.044855414759986015,0.04451445887853625,-0.04835751509266571,0.01629500750382141,0.9744323013287954,-0.025499600412809787,1.0,0.9176658108077197,0.8905298088911797,0.06068764167635041,0.8939410550457546,0.8283676574310422,0.7797137408635587,-0.03683523880727035,0.7841869398621635,0.7328136471601235,0.6150100562871487,0.11405513381061086,0.6082407911975704,0.5935320138783343,0.5789205127504666,0.20435742829193201,0.4758691062988187,0.5360034621300599,0.43897951256630313,0.2646019346156987,0.36156794872004167,0.46755193830535047,-0.5624424872536281,-0.038305239700561766,-0.5189914233271833,-0.5825681261898094,-0.5043377575007519,0.0893364999520377,-0.4278806364357177,-0.46118941831444166,-0.37797349604227776,0.13498768743534711,-0.3460102398342555,-0.389553451359043
electricity_demand_roll_max_6,0.24290906843718046,0.19251544441262297,0.8883477269630602,0.5208425329197324,-0.5246210098332946,0.4399119648051822,-0.32306279628914364,-0.3152552452662872,-0.4711864834232047,-0.5221046951765725,-0.20577365007473866,0.38117288716353104,-0.22821322688772483,0.4455551480577888,-0.11267172368689538,0.3073250488034197,0.352684259957178,0.36639902234707367,0.18291875290199316,-0.3005490632952477,0.24478761658749734,0.251316873241025,0.29285501575648104,0.3054229791493565,0.13661674373081287,-0.30224912086871897,0.1948191398266581,0.9366251911751813,0.9630945486657786,0.9668276566534335,0.8439372014770884,0.3037113237150693,0.6475306853230944,0.5995225848451685,0.6551826838530097,0.6845083717882796,0.6124274013960952,0.05916096959862047,0.5132283346705111,-0.5922211355024151,-0.6374807588650809,-0.6574148894206712,-0.5668948949291536,-0.05297143642083872,-0.5250833205278498,0.39601360322066576,-0.061765739529420105,0.48247959867032225,0.28390350401976566,0.22526322274262595,-0.3155326833924783,0.31493788721127103,-0.03973016162721129,-7.661929199729258e-05,0.03889083171663519,0.017010279382313222,0.03925749621747734,0.3138830511409092,-0.06137009472460872,0.37120290539550166,0.22941220380599783,0.13495036944817176,-0.3140833561385506,0.2199011079712649,-0.07144739704837418,-0.05706909166368011,0.03630748020698365,-0.05443081330007534,0.0008499726035036454,0.9780611069345884,0.37191942225178354,0.9176658108077197,1.0,0.900736792982806,0.18218380364939005,0.8393557485455888,0.8541581481713083,0.7414865790530406,0.01545307304653139,0.6997550323005489,0.7096081388070113,0.6727928035734538,0.2806191006526989,0.621193095300537,0.6797636006006841,0.6344111731337957,0.40119347603676264,0.46902753241695544,0.6374661183883247,0.42258461364446415,0.2959798360510666,0.33338908847454074,0.4645050497181144,-0.6445616938855011,0.12350075784251567,-0.6224080813200862,-0.6241898141958971,-0.5770191998386931,0.23490591079891637,-0.5240076176674063,-0.49834297123527593,-0.393124220499526,0.1670409240720579,-0.37013183919718834,-0.39609033109222996
electricity_demand_roll_mean_12,0.06976719728579234,0.03558655541283202,0.7136657155944455,0.26531360240411556,-0.2831073074123068,0.2939166702476008,-0.29518396677428493,-0.33331728307389275,-0.4879826376032939,-0.3994007541109716,0.15761774511809273,0.4035414591401365,-0.3081523150843028,0.48287692820202754,-0.1424586417690001,0.12954418581407526,0.18023505711575172,0.21835032040275482,0.2370370497531844,-0.07172410086616833,0.07496079404046878,0.08985814595751701,0.13570990476101472,0.17000454879550989,0.1856647674275666,-0.09553124583624717,0.042134336291548856,0.7888029304430684,0.8553290943959219,0.9091209683120186,0.9663551137025537,0.6347597722998464,0.5177211913404535,0.34754246891273355,0.42750911002178477,0.49976042247610686,0.6255361075693032,0.3627260945957628,0.25858375143647566,-0.3581468177678154,-0.42945041505761045,-0.4921557631504803,-0.5905665945926757,-0.3236115663112857,-0.2833658189160134,0.22828961150476237,0.013519277326525499,0.25203285119299124,0.1852036568297168,0.2793974120419384,-0.19840805768864106,0.3325888914646998,0.08100641417269802,0.001084626992512787,0.0024598207678365788,-0.010049987643236048,0.0018880234223996805,0.16600367153834442,0.017372865796151216,0.17151106406088595,0.14074910530686352,0.17854940944642103,-0.19179407706269577,0.22611374220006109,0.03509035315346087,-0.058509321922428914,-0.008194421440228663,-0.07574434249170725,-0.0390459443330695,0.903254788246085,0.18839052387818372,0.8905298088911797,0.900736792982806,1.0,0.23030213952183762,0.9319214982523977,0.9576290825223001,0.8632631063978948,0.023758128147085947,0.805797013272656,0.8033468427732549,0.4773499729281591,0.09935379160608344,0.4755317029523767,0.4719727217897035,0.6237433944985677,0.25278324531831675,0.5165977677409722,0.6015542881081258,0.4731877847206946,0.30301827547188326,0.3776676357978567,0.5073631276005585,-0.4690877249787754,-0.003239197302707765,-0.44484511011638,-0.48351759309250175,-0.5734530365403402,0.10010585317440596,-0.4965942449417184,-0.5365478757141117,-0.42267980701757496,0.16133609912644875,-0.3859825521613775,-0.42276060069892946
electricity_demand_roll_std_12,-0.3364618300094238,-0.33404282055189183,0.030060121999043055,-0.03802033379419234,-0.040613344462219224,-0.026610498916865448,0.028548629196224293,-0.1582592401085075,0.1303339200761961,-0.2570418091655982,0.20409567638013865,-0.13024805960292482,0.03939595108346026,0.16429084414527434,0.08138871341104303,-0.3251331143551483,-0.21109759801601768,-0.015992063978791396,0.5405731408185196,-0.3691895000703303,-0.3509721646353319,-0.32566105269647116,-0.2208004994076447,-0.039500672059742246,0.4809782562104017,-0.3675451241245522,-0.3471236988094818,0.07985009086049889,0.11774197373290682,0.1475258967590272,0.22750136485674027,0.22410706159648272,0.1332795830818299,0.05156917672424614,0.13081835245503862,0.19072940483530104,0.24132593210137848,0.1672255213235928,-0.03731788216272038,-0.12166771364684656,-0.19771222620245182,-0.25968387959306183,-0.32456486178968696,-0.19630594327933074,-0.0444663674427394,-0.054781908298538205,-0.23170473446116224,0.08371653556344191,-0.09691472257664019,0.20935724335829142,-0.005928346697407917,0.005038980349073096,0.07229658920367908,-0.017895831824331607,-0.040770196035334445,-0.023451562822535462,-0.038629359556565795,-0.0777582280421822,-0.2179034106444653,0.03160127712541957,-0.10945101896675728,0.13672421863286896,-0.013995235771436713,-0.02465536121292938,0.03524345640972838,-0.054458420821297135,-0.046276164249995894,-0.07597085523059087,-0.06236849194018444,0.13040101601879447,0.32093311919887224,0.06068764167635041,0.18218380364939005,0.23030213952183762,1.0,-0.06679632735975016,0.4277417861240536,0.12218586312975775,0.34054574600411075,-0.08097338944777982,0.18518489367705576,0.14232123236220445,-0.2699400240215778,0.19198387006306983,0.05514730178336718,0.21251877381756482,0.48668467759414336,-0.0048792699302872234,0.2965066528381605,0.0686699938691145,0.20083373857841,-0.009044898177005234,0.11992214756951003,-0.21782890065076188,-0.25080889902335485,-0.14516487817551504,-0.2635995454541159,-0.2865012806199162,0.44311991161725184,-0.32415084703879843,-0.11489059778595197,-0.16820973430752217,0.15928810812288513,-0.17907302811134423,-0.12607493025746494
electricity_demand_roll_min_12,0.09423074106961364,0.06168834437159437,0.7625932523141608,0.3261810038715191,-0.30713066264906635,0.19466529089981396,-0.30649557709004793,-0.3100539573620562,-0.5627305872905293,-0.2120897631984546,0.03736102143257617,0.47921254473580155,-0.36667601840316216,0.468284624488784,-0.17746236755626066,0.13159366566081906,0.14799930082476428,0.14282801550156213,0.058079825403185625,0.006575334288341903,0.10598494265703925,0.09611655042612856,0.11094968505176771,0.10564830984577023,0.02590891372672014,-0.016934941881098134,0.07491917468090256,0.7976871661777909,0.8277825786430624,0.8498870699246017,0.8563975887372691,0.6441320184093959,0.540987340885456,0.3628280969346603,0.3980714150276544,0.4301546106766715,0.48351457283562993,0.31355377529615935,0.31831872060549543,-0.34053997514272427,-0.37108143560152873,-0.39710988022844745,-0.4322966825544418,-0.27086138916092334,-0.30538597212652074,0.1529566473031525,0.015663194000465307,0.1625795391872098,0.12117767422811519,0.13200739122708655,-0.11824011468426229,0.1939465140781748,0.03197176644839164,0.006220424020114024,0.019463739430849294,-0.011385482458136337,0.01488720293519276,0.10470081121681214,0.016601339674611658,0.10323970791163452,0.08604561393013212,0.06633246988198119,-0.11331305860730102,0.11950585676825298,-0.0016125532395436732,-0.045937704526627605,0.011770299726217197,-0.06237378360267513,-0.021529460988041194,0.8659195257610867,0.026171300380704247,0.8939410550457546,0.8393557485455888,0.9319214982523977,-0.06679632735975016,1.0,0.8655504331897588,0.8983305428054673,-0.05030713827919303,0.9090329503941051,0.8207423136210864,0.4327355486675414,0.1479247318870907,0.42293121861477934,0.44502013324785644,0.5207502480335963,0.14913919212165688,0.4873476537382909,0.5100097072675829,0.48568326179236576,0.2632246837834966,0.40685013024712424,0.5079941548649757,-0.39586812286185324,0.055708500060179876,-0.3900140874119994,-0.39999285577224963,-0.45258364319167965,0.030882276600796052,-0.4012857282252172,-0.4681874301551185,-0.4017537716544825,0.12421454804305693,-0.36145892184109213,-0.41451881050551026
electricity_demand_roll_max_12,-0.07210694897459413,-0.10230103686383382,0.6973449302054086,0.28271325375663076,-0.3090378472201283,0.16006477195927765,-0.25981269558157194,-0.36766033530943204,-0.4328539302266907,-0.303170080481294,0.12490769333712944,0.3564874568909369,-0.30758758125351754,0.5133219541647,-0.11364875114595244,-0.01876486776155269,0.05936910405583211,0.14452922347366592,0.28111344585133374,-0.15651650642943482,-0.06983456926158685,-0.05381031254151735,0.018059047320945563,0.09682455758371862,0.2241946501838101,-0.17952025390226126,-0.09793467594000042,0.7546167228227967,0.802187174707901,0.8396989687689139,0.8924177157967191,0.6934113673055886,0.5538181763932476,0.3548294572945736,0.4209731321204739,0.4753155573810729,0.544668439090732,0.36376119998946504,0.2760920943603665,-0.37489740652201187,-0.43562384999675424,-0.4855440942623287,-0.5443219950914199,-0.34721373175237064,-0.3097038255716375,0.12568678361827243,-0.09645859588836984,0.19429861189796133,0.06953703006290186,0.21441424483578883,-0.0940147977004457,0.18227815044567253,0.06796851538865938,-0.003624975578435069,-0.0029405112287571936,-0.020877854570105176,-0.006511851250879213,0.06801167721674438,-0.08845724973925903,0.11279519702712278,0.030155319078209866,0.1189016706667353,-0.0933371538436411,0.09651173271049403,0.017487682554482843,-0.07141231414868067,-0.011993458120805175,-0.09717755815221418,-0.05244674474786416,0.844938014415154,0.21735231647005496,0.8283676574310422,0.8541581481713083,0.9576290825223001,0.4277417861240536,0.8655504331897588,1.0,0.8799203601982152,0.14211023953822605,0.7733078931400433,0.8461577494196544,0.456852473291484,0.04665201452854373,0.46109478969903284,0.4354509198607155,0.5686374492718397,0.3703622000629183,0.4408067863584986,0.6078709339739341,0.47530562807286464,0.3493703762548844,0.3614892479285338,0.5243059640930372,-0.4667238632548878,-0.03277245404384513,-0.43348336471577276,-0.48440733333730307,-0.5504513540634424,0.23915733308990517,-0.5288590658482726,-0.49125915695375244,-0.45592080083958003,0.20069905195253349,-0.42595736712069127,-0.4449750652175881
electricity_demand_roll_mean_24,-0.009474874978053298,-0.04674113391916863,0.6834358511655949,0.36426692997007937,-0.35132606585008286,0.0006374782632679457,-0.17898370568947403,-0.38159556268794365,-0.41797757342681474,-0.0004882511653263929,-7.141713018755285e-05,0.3584093806769694,-0.4437335659094345,0.5585082631140547,-0.1682097176926637,-0.00853420725992147,-0.007639985973642484,-0.00684745031704309,-0.005069709974357941,-0.0019086642614926305,0.0016635299264388132,-0.04541986414656394,-0.044156682585115264,-0.04300338286628883,-0.04017393407853326,-0.03560481646803283,-0.03135784118886282,0.6990727351833614,0.7136011289276168,0.7268591099103815,0.7582560550297219,0.781082150181087,0.6678287673015044,0.36446978077523384,0.36463884562688276,0.36476631540593496,0.36483995681294995,0.36395357735756007,0.36037037496025226,-0.35140798988767713,-0.35147896906853276,-0.35153382352745804,-0.3515509231296311,-0.35116870086816787,-0.3517319985882182,-0.00929668118490522,-0.0059915419798504356,-0.008776588362574859,-0.010620621918402455,-0.0099900999689501,-0.005849032506480216,-0.008586998664952203,-0.012566894251680706,-0.008010414277471942,0.006377987380970844,-0.02914577481622349,-0.002015981868029235,-0.05327890746584207,-0.003502999851369908,-0.06030149493305665,-0.04578662215408068,-0.06521903018385895,-0.002170181742195301,-0.06501656420853454,-0.0515232633032019,-0.07737535551938364,0.0034204689135138053,-0.10179187162477268,-0.04837512706528841,0.7516848813576524,0.04514127097730048,0.7797137408635587,0.7414865790530406,0.8632631063978948,0.12218586312975775,0.8983305428054673,0.8799203601982152,1.0,0.18791397139684404,0.9108219451751592,0.9608224057848688,0.38654510362378075,0.1315772402997242,0.3837194745563281,0.4018092915828129,0.4483926269200764,0.1899135453866251,0.4341653974461841,0.49710978883979234,0.5499566236558764,0.34068189082242867,0.441793050533533,0.587327190251126,-0.369072696138447,0.06578256386661192,-0.3720839231560626,-0.3772840857526815,-0.4168598295428031,0.0972806159238726,-0.4207598719942304,-0.44548563370522987,-0.4893829436552655,0.17842717574373562,-0.44830334552513795,-0.4935906595439516
electricity_demand_roll_std_24,0.08624405670404076,0.04684116235371606,-0.007432625372775979,0.17901122625632396,-0.28151017222597713,0.006112537558360533,0.10641530448530293,-0.23337787703862398,0.2750084318075664,-0.00389743086777337,-0.16658210202248547,-0.25765809493173436,0.044835291769319836,0.24683540043505336,0.11432466776482186,0.05897693066701084,0.02899151818148703,-0.0004898342485887136,-0.058406370295366744,-0.07321546492572963,0.059495648997428895,0.02165618471252426,-0.005897502663961342,-0.032816679047778866,-0.08430021037313529,-0.09471191463880131,0.022364953387764917,-0.007741607342266594,-0.009413181815346408,-0.01127740490542677,-0.0033432690861158235,0.160207845644603,0.2543666032173365,0.17179161546579572,0.15821528231057203,0.13866690775904006,0.05525319634340311,-0.04607730756984665,0.18242917171545367,-0.27166479230394214,-0.25605393589517655,-0.23538797494913608,-0.15504276080869564,-0.06980654457736829,-0.2861410577977545,0.02102530610516444,-0.05815244135308871,0.06276327163250303,-0.0031120255179810223,-0.043958155120856,-0.027416641950622295,-0.03251797540853751,-0.04903057899906361,-0.01043947044821184,-0.0014813120730641917,0.01785676566052868,-0.006879829163555972,-0.020570437154331413,-0.05881814984447721,0.00986487828046741,-0.03546965006108129,-0.08438062750936835,-0.02529740016082595,-0.07516083885843401,-0.07825944123876775,-0.06976305620268962,0.010981679069415816,-0.0783813662490474,-0.03950763061704186,-0.010128556687388228,0.12118188873226267,-0.03683523880727035,0.01545307304653139,0.023758128147085947,0.34054574600411075,-0.05030713827919303,0.14211023953822605,0.18791397139684404,1.0,-0.17074629062622315,0.4171919859292945,0.14969453338658,0.14748030559587538,0.11842154593652385,0.16950961765288908,0.08324662675565785,0.1847830754122374,0.01800365717955812,0.13979269835780286,0.10749789845769775,0.2931443229176378,0.0036911395116981317,0.18159772261533536,-0.2517729417609372,0.08718118478018032,-0.25634524902846856,-0.2430864454261862,-0.20234389956975887,0.14294493335370642,-0.23264202928729605,-0.18705330411592444,-0.25060174282231307,0.21978366730949722,-0.2637357674103731,-0.21480782059410844
electricity_demand_roll_min_24,-0.010297409519610105,-0.03724395993111379,0.6919380797802298,0.3281857330209411,-0.28674013896727973,0.019604420556281223,-0.1555389225711152,-0.29898376144515265,-0.4975925237243963,-0.008237489194650326,-0.0012136616675742405,0.4491440471082944,-0.5122006362165812,0.4603850055517963,-0.1878225772213922,-0.008334838189226817,-0.005444418532872866,-0.003073219093815413,-0.0031128551497633275,-0.003310939490382861,0.013664603788834204,-0.035027472061400604,-0.031931419455205154,-0.029323729960471636,-0.028460801582106857,-0.026765601909917412,-0.008795089905136621,0.697586354458972,0.7011001703968645,0.7025565628366618,0.7009904399398701,0.6765928517893127,0.6357939606678009,0.3286792644621103,0.3287331933017388,0.32856812563635013,0.32721124220339415,0.31981290382130273,0.3217387074931931,-0.28732292693899575,-0.2875727478924506,-0.2875408064309325,-0.2865543256032871,-0.2806883684024779,-0.2833827618106773,-0.0057202297974693625,0.002027894272767518,-0.00897523909982889,-0.005020047547339198,-0.012168257692038468,-0.01304832190046045,-0.008484756665346127,-0.01743843819287392,-0.0055094613627154135,0.013521763390175592,-0.0372302747581814,0.006438764596403541,-0.03767176727171389,0.003576076962149687,-0.045695901972721595,-0.03055336822983751,-0.05108204215061045,-0.01104900690883095,-0.047452129395714235,-0.04435722590917494,-0.05397180840812816,0.007564411307516852,-0.07271421629621871,-0.02830594045416647,0.7321599900729835,-0.07103959815170971,0.7841869398621635,0.6997550323005489,0.805797013272656,-0.08097338944777982,0.9090329503941051,0.7733078931400433,0.9108219451751592,-0.17074629062622315,1.0,0.7991687869932396,0.3480860479615897,0.09891167147571814,0.35021308535801204,0.35744222666645803,0.40162045907035376,0.13616147232501946,0.4027595446323351,0.4318581950705241,0.48724187395985846,0.2420362602072871,0.41545277067288733,0.5031556325418161,-0.30163719564954067,0.04731497274752358,-0.3026902356565706,-0.3094946855806159,-0.3391099759610402,0.06044660357238023,-0.3353454997163366,-0.36805264617973266,-0.3930224477062477,0.10801493716489749,-0.3519046640783894,-0.4089988098836122
electricity_demand_roll_max_24,0.02409380742199593,-0.022142029552041104,0.6636521222392104,0.41746790748652796,-0.4332618668325879,0.025132322940395153,-0.137548026808496,-0.41700292294505104,-0.31718214636768677,-0.03419044386296084,-0.08573169124878074,0.26710410812033275,-0.3995939789009252,0.5807255997626796,-0.11961978581007486,0.01864171422902206,0.01567046462531338,0.0142217150802885,0.0010106216822040309,-0.07226024821328016,0.026668398341040317,-0.026828136883412797,-0.02908123360769709,-0.02980044268430088,-0.039787436682818075,-0.104972171309748,-0.014965319134571657,0.6759183409066906,0.6840339417406708,0.6889538551215091,0.6958396314639296,0.7169908489873889,0.7151166739936455,0.4199262104704781,0.4171136271420603,0.4090085835583956,0.36145830061972,0.2870070533183638,0.41431415233904567,-0.43381641565182827,-0.4298742531796385,-0.4214773145374527,-0.37672074423018864,-0.31068529105004333,-0.43429455108161447,0.019765884667783583,-0.03788636268653052,0.04501044589356369,0.0020889858140487193,-0.017247054286378297,-0.031406973592405775,-0.01830660491681094,-0.03809435955958058,-0.011949132537286106,0.007750262412840437,-0.021589937698514278,-0.0015698963817315325,-0.03487151958061029,-0.035946274797799965,-0.022055021873886187,-0.04047454994229221,-0.07983730023328293,-0.0286055111658838,-0.08006322782244482,-0.08055281457647906,-0.09096942254654318,0.009123770742834424,-0.1132300041265695,-0.05231626266886794,0.7145789138759976,0.07216958720571304,0.7328136471601235,0.7096081388070113,0.8033468427732549,0.18518489367705576,0.8207423136210864,0.8461577494196544,0.9608224057848688,0.4171919859292945,0.7991687869932396,1.0,0.4310243070282504,0.17103570806897891,0.4160406269832918,0.44747977854239057,0.44749890619632077,0.26564704379499826,0.39898074112997606,0.5133887612887079,0.5302284061897465,0.3953875495953276,0.4023192316072571,0.5864812080463391,-0.44126166299284514,0.08940783078256367,-0.4420478406702694,-0.4438307521092311,-0.4508716326859117,0.1657686225985987,-0.46646338678336247,-0.4587022384203822,-0.5179932904141227,0.22730058152861035,-0.48583555979926546,-0.5118019899259731
temperature_roll_mean_6,0.3387383662298402,0.2584666470883556,0.6779170801576063,0.8822755769642432,-0.7149194428715151,0.4239505508942575,0.0018528921119473879,-0.23400888385512117,0.0011158913211147343,-0.523661202062951,-0.4455089985020914,-0.0008960644348073057,-0.0034523311968969453,0.40683504541339244,-0.3368747883229494,0.3417324351313767,0.3302474647770568,0.30320468399497025,0.11114066496261812,-0.4425484731767713,0.33625569673010786,0.25972479487017025,0.2482951010854686,0.22322501172223216,0.0492226892951133,-0.4519969507144846,0.25503746008266837,0.7009506755874332,0.6942119913151763,0.6589760732424166,0.424310020748823,-0.08238009231216863,0.6769650873247112,0.9549328146383318,0.9927684777349364,0.9927723570499613,0.7806394126021914,0.051692389649993516,0.8689652148211646,-0.77009232127321,-0.7931877219269595,-0.7821560943744434,-0.5627739021847709,0.09279005801444909,-0.719307454600724,0.3711727540452422,-0.15915108715221699,0.5242122500293364,0.23576921616180466,0.13003296501782044,-0.371135289437389,0.2249080930647213,-0.14518860651590043,-0.024455450157978408,0.043829815163354414,0.0073374005440543875,0.04089156295881531,0.2634202177178962,-0.15974754567715518,0.37546887994957795,0.16128964531606313,0.02321605141529142,-0.37018925665598523,0.11303113671330228,-0.18977667491747954,-0.1182034113726247,0.05602671175304114,-0.12078954737397221,-0.017826441850367157,0.6711597628866016,0.25325172142177765,0.6150100562871487,0.6727928035734538,0.4773499729281591,0.14232123236220445,0.4327355486675414,0.456852473291484,0.38654510362378075,0.14969453338658,0.3480860479615897,0.4310243070282504,1.0,0.24070407311698477,0.9710124682133702,0.9733661400363727,0.8619502090878398,0.37329771263736,0.7379148376594011,0.8357703350074166,0.699172873393439,0.17598814801217674,0.6604709445912599,0.6736975377580467,-0.7806169607175755,0.025693926375678282,-0.7257692007360744,-0.7807987877045334,-0.5978148982554686,0.190769782485779,-0.5240032520954733,-0.5404194554976766,-0.43559216529259254,0.003199181491443159,-0.36671709997886776,-0.5024000332921988
temperature_roll_std_6,0.37170164783230925,0.30273346659517497,0.2416552394698237,0.3747803364411448,-0.5203246287141741,0.30558252828451193,-0.008756438996685566,-0.301840984848053,-0.0008555024192212669,-0.09852933510779979,-0.36055572936808566,0.008578153065860919,0.01416439642325204,0.3053495223581716,0.20633442309076794,0.5511234005077047,0.6002539908131357,0.5055055485554829,-0.28129279520244804,-0.07176805424919058,0.3707392952401173,0.4719427120062016,0.5197018228518532,0.4329944865272856,-0.2987365937870413,-0.09856359467899284,0.3023559902389384,0.20288417961473634,0.17407159522711108,0.15649438033800975,0.12015323225226154,-0.1827927446521154,0.2345549578275673,0.3290510964898461,0.2645343167262204,0.19351240813523116,0.033613417626362316,-0.16040353205648852,0.37221173476158215,-0.48691902113919155,-0.43027608937103223,-0.36057795994014097,-0.17381327449651293,-0.02638491392907266,-0.5172444971808591,0.4881901739672458,0.39164728311162506,0.2823193034076715,0.4761690390927938,-0.05403707993132993,-0.15493665637068324,0.13800456884504736,-0.1296509945692405,-0.013755638961208854,0.03392995970268787,0.019419908103343982,0.03172883792196729,0.39179515285132155,0.38018119142668577,0.1969396267930695,0.3967112846036142,-0.10449881111784032,-0.1531364771284951,0.052257232009654236,-0.15901815312379436,-0.08629763147439067,0.041624911211678564,-0.07725309089660243,-0.012751689288205003,0.18469859768478936,0.4165619185313615,0.11405513381061086,0.2806191006526989,0.09935379160608344,-0.2699400240215778,0.1479247318870907,0.04665201452854373,0.1315772402997242,0.14748030559587538,0.09891167147571814,0.17103570806897891,0.24070407311698477,1.0,0.011664295027776175,0.4478138260675249,0.11773342349894562,0.32126845668348203,0.059247530981026385,0.2643165150583889,0.09568228907575091,0.3867042277238597,-0.03242008633816234,0.2052554173986307,-0.40460543795372134,0.8804534603445141,-0.5570483147437663,-0.22975619108920478,-0.2911180303068692,0.15020869616661678,-0.36042808295940626,-0.3282552338060782,-0.3139009231587128,0.3133153315689199,-0.3447158512756746,-0.2630400161398463
temperature_roll_min_6,0.26427118443753495,0.19617839387581973,0.6335437802985427,0.8231356201039364,-0.6087232925440094,0.3551318863967994,0.004175777990743392,-0.17754048439370274,0.001448362496078313,-0.4920335275339334,-0.355996545326601,-0.0030241938927311842,-0.006881426171151157,0.3629206175276122,-0.4128879116907595,0.22260689055224542,0.19189824938731187,0.1775919411759426,0.16195439625208885,-0.40692433168481235,0.2618434906739804,0.15539012374722996,0.1255811965413333,0.11197087217997391,0.10181198398294218,-0.41482448097895336,0.19257825641796975,0.6661284444990403,0.6677099881354165,0.6386593724139009,0.4171701797789047,-0.016884162256395382,0.6342852677881925,0.9032626425165713,0.9543247988715922,0.9710954490095256,0.8038696666137084,0.1278998288798381,0.8093939863122761,-0.6689925637242902,-0.7036515542216972,-0.7088615742622423,-0.5395367583478459,0.07254876642113056,-0.6140595492674583,0.25391458922790755,-0.2343410046903791,0.44577323908998306,0.12690713255953495,0.13737724889525504,-0.34101829050416066,0.19425079400371106,-0.11783332280987219,-0.02292012473912514,0.03428112951414778,0.0017849129760680721,0.03118302136930993,0.165199818518582,-0.23294646745542638,0.31450462181422717,0.06738370028442503,0.0380554263265094,-0.33932629268698117,0.09632241078390634,-0.15873618235117176,-0.10624558160807254,0.044767441971087334,-0.1122454497948476,-0.021178778411050137,0.6442884177692287,0.14491311778907853,0.6082407911975704,0.621193095300537,0.4755317029523767,0.19198387006306983,0.42293121861477934,0.46109478969903284,0.3837194745563281,0.11842154593652385,0.35021308535801204,0.4160406269832918,0.9710124682133702,0.011664295027776175,1.0,0.8989268386957683,0.8723535933047992,0.28344526208720017,0.7720160865341996,0.8062841446183614,0.7292824543242585,0.09423196003609759,0.7190364978302323,0.6743783646271156,-0.6995833098563358,-0.178957890397551,-0.611238584508603,-0.7438655521459676,-0.5508304768444442,0.1348548411338936,-0.45422274145998026,-0.4941755281932703,-0.39184930858684813,-0.07369609914020071,-0.3090415166266799,-0.475736343585098
temperature_roll_max_6,0.3949007442924572,0.30407237970543766,0.6702472253076018,0.897327852908444,-0.7696141307936935,0.4540868906697713,-0.00013261756340158696,-0.2915986423958185,0.0009970783156827137,-0.4859852160605024,-0.46938397070416105,0.0008338100477052663,0.00010297180619768401,0.4595940863597593,-0.27991357033392605,0.4393362982342661,0.437448271862518,0.38575833684178495,0.02593547638185279,-0.3934694956686718,0.39221948294857123,0.344601560422389,0.3426265579195853,0.2948821080825382,-0.035927933462395346,-0.41257747946921863,0.3005828468034211,0.6830858343326336,0.6727939113074676,0.6403202709916335,0.4301648491389477,-0.09179581794185687,0.6676778559190901,0.9498216681644166,0.9682100756036837,0.9531821058072584,0.7376003709549607,0.05062413519638421,0.8839274991949192,-0.8098666897755635,-0.8171385363393654,-0.7923705319279737,-0.5624626648083545,0.04806195311753087,-0.7730674997072693,0.4437721722794603,-0.03821442493143069,0.5244419374011163,0.3240393878091243,0.10292919668811971,-0.37340170608996875,0.23756258900182536,-0.15971405257772098,-0.026572417970389166,0.044705313236806564,0.010258396732122461,0.04073923047178709,0.32186560811762466,-0.042079208099051496,0.36926533165505365,0.23576988744474928,-0.008834916463038186,-0.3710955855724054,0.11162761504081746,-0.2095975619172584,-0.133034154969618,0.057231082378967756,-0.13438833369709005,-0.025706492264232078,0.6573900519552802,0.31609738626501993,0.5935320138783343,0.6797636006006841,0.4719727217897035,0.05514730178336718,0.44502013324785644,0.4354509198607155,0.4018092915828129,0.16950961765288908,0.35744222666645803,0.44747977854239057,0.9733661400363727,0.4478138260675249,0.8989268386957683,1.0,0.8352927547915203,0.3960178513705904,0.7190133320275964,0.8404562585352483,0.6959204858375391,0.2541289633609422,0.6304282265680335,0.6947434957670828,-0.8028218527253401,0.2257921892094214,-0.7908497661748155,-0.7656085850789099,-0.6232932169857652,0.1862050541810988,-0.5665917390086902,-0.5886969633004848,-0.4890673356856519,0.07121610816112514,-0.4281835236276201,-0.5419225027574762
temperature_roll_mean_12,0.17362474672961667,0.10500700201207726,0.4690441184510557,0.5950127570430616,-0.44701592140672314,0.4313721611936995,0.003311345863675504,-0.27017391686922076,0.0022802902187198672,-0.5622372214602053,0.04523718358155037,-0.0022714887085001907,-0.002773989795614816,0.4710184725476073,-0.3923082953059537,0.2375549058386009,0.2845021896241662,0.311295159426645,0.26071185056939694,-0.19249712946932365,0.17091962875121489,0.1621802556567444,0.20380033112146376,0.22705141532302225,0.17820583241170573,-0.23391185250383165,0.10076377550289295,0.543701971932593,0.603969033414348,0.6457648857702561,0.6394281142661555,0.19848397791019154,0.4700046018970492,0.7033502142009613,0.8003988684261462,0.8796056602226665,0.9646202706126269,0.4828210569245333,0.5849174335752825,-0.5431794447350011,-0.6266307102582316,-0.6917587394001303,-0.7411670767849975,-0.27241743894750875,-0.4543696637242955,0.340698225667196,-0.02555345147309768,0.40391233290308515,0.25843910093462596,0.3176328152801639,-0.32604581687094986,0.41547873780200795,0.030510258755624867,-0.027895010548212605,-0.009654283531422104,-0.015085684979127316,-0.012444671192555896,0.23196911502678255,-0.022398813684824194,0.2626847978553928,0.1792099644212861,0.16475322225995273,-0.31848550866531333,0.24996214603077904,-0.044038204474395555,-0.13643429777295452,-0.010190797759461316,-0.15608874735003378,-0.08220601140843017,0.6264798864920432,0.2465490446931978,0.5789205127504666,0.6344111731337957,0.6237433944985677,0.21251877381756482,0.5207502480335963,0.5686374492718397,0.4483926269200764,0.08324662675565785,0.40162045907035376,0.44749890619632077,0.8619502090878398,0.11773342349894562,0.8723535933047992,0.8352927547915203,1.0,0.26686495345497396,0.9081792334158387,0.927958409937454,0.812945652833076,0.20224500817797392,0.7625988901830149,0.7775194760954047,-0.663939187076302,-0.05510000123288342,-0.613151782361166,-0.6891357243402843,-0.7217048143574409,0.04481917666160773,-0.5875379215371885,-0.6969171501310935,-0.5039127222405014,0.0011519657508449383,-0.41342221320748235,-0.5703706196119022
temperature_roll_std_12,-0.2399178339300928,-0.2840725708189908,0.3790365099113426,0.33788694220718807,-0.5295463312579886,0.15542485446520543,-0.01614179378595013,-0.4299541446294061,-0.005418938027356889,-0.2866763430185059,-0.18761110548808355,0.01424286038026853,0.018941356481759822,0.4355478815119474,0.2887956278006488,-0.09826559879147272,0.11243220159883452,0.32519970065560694,0.45090015712120357,-0.5938100956081742,-0.24070800685455085,-0.15269605096855615,0.044244880154581424,0.24401472729221604,0.3667796835569598,-0.6048179198911692,-0.2832251923328259,0.35415195777659625,0.3134454369445064,0.2683139728462114,0.18215019876359712,0.02032935760727446,0.3650631300136092,0.38835778134882976,0.40282556521121293,0.38217556934257774,0.19783155876020614,-0.015631044197313714,0.33201214862804096,-0.5796367534749999,-0.6014273582363567,-0.592687058159434,-0.43197479551077356,-0.18724348980405006,-0.5252184730824206,0.2304817347621419,-0.14494904671833775,0.31058586493388346,0.12486725585218601,0.08478913517076403,-0.06569349297870221,-0.09259070988723352,-0.0804220216107226,-0.01754844044096893,0.012587139726110332,-0.022233042438573138,0.002236487699673809,0.13592064991795527,-0.1416532343965006,0.18407476030321762,0.056479990763665104,-0.018296169834827708,-0.08609492360960624,-0.14973100018620752,-0.14243096235841587,-0.12138932511275151,0.010072595619149463,-0.1483957301004592,-0.06582111298039868,0.3038075560699771,0.5265188750807642,0.20435742829193201,0.40119347603676264,0.25278324531831675,0.48668467759414336,0.14913919212165688,0.3703622000629183,0.1899135453866251,0.1847830754122374,0.13616147232501946,0.26564704379499826,0.37329771263736,0.32126845668348203,0.28344526208720017,0.3960178513705904,0.26686495345497396,1.0,-0.08649750463789849,0.5381680439898908,0.13908212174497195,0.5650456025420484,-0.056235863687509005,0.2977229000749519,-0.5878781729413298,0.3143562162178031,-0.6024899688908677,-0.5194668437764729,-0.5086940290055444,0.8687575098737238,-0.672809129016737,-0.27471839377213136,-0.4472402540348215,0.4552614076978242,-0.4942260325853534,-0.35320477796044625
temperature_roll_min_12,0.19158523677687736,0.13843220423179844,0.34432245269748163,0.553850852943931,-0.28202882327296636,0.2691952063952501,0.008896123426680955,-0.12747457126272546,0.003587768873213595,-0.3144763144664729,0.08873762760792975,-0.006770112773291975,-0.009428413989142192,0.35664638737948645,-0.5693367103588228,0.22468116808211536,0.21198822519857569,0.17054978591347017,0.03840092044548949,0.040374398976503585,0.18858923196448613,0.16787163526678237,0.15441650633697934,0.11416041260424056,-0.01216922882814589,-0.004237966934563064,0.13300239573785802,0.40198714744005465,0.4555225788067385,0.4992762175115036,0.5326021643128767,0.26001442471416,0.3491414060153451,0.6126873649448745,0.6731139977697403,0.7316366732378903,0.8444703272840269,0.5805855183418104,0.5439518601332077,-0.3344720294410378,-0.38476170754072014,-0.4305110569167219,-0.5093505954314389,-0.26377786176103535,-0.29204551423856057,0.20799820652690032,0.053497237599057175,0.2082385860717033,0.1767133772318407,0.20095412425831316,-0.19740401887065634,0.32977061633954013,0.04684074274968539,-0.024642222616170727,-0.017260756161151254,-0.013986607418279676,-0.019512913524965432,0.13399034056043752,0.05657407075479128,0.11803172185587969,0.12119145995034886,0.09438430712834975,-0.18552045359795574,0.1970844858986647,-0.009276018002647515,-0.10576794672233751,-0.015687531203981885,-0.12184091205743916,-0.07082279627449645,0.48301084595274457,0.07328249177489718,0.4758691062988187,0.46902753241695544,0.5165977677409722,-0.0048792699302872234,0.4873476537382909,0.4408067863584986,0.4341653974461841,0.01800365717955812,0.4027595446323351,0.39898074112997606,0.7379148376594011,0.059247530981026385,0.7720160865341996,0.7190133320275964,0.9081792334158387,-0.08649750463789849,1.0,0.7855922519018548,0.8757728349152861,-0.006842149409546492,0.9009007328938682,0.7700194265597469,-0.4193857808701681,-0.09202337232588605,-0.3823415184204829,-0.4548514265628779,-0.5012530549522008,-0.25343296930791215,-0.35022431092569695,-0.5993742533099801,-0.3903944917714834,-0.18945733168222875,-0.26992451478484863,-0.5047562975712234
temperature_roll_max_12,0.020583678614125776,-0.055624257001789766,0.5163462828256307,0.6556698876503454,-0.5694708977661067,0.29364388113311735,-0.004224660086335327,-0.4080052103963854,-0.001098862737266196,-0.4264017763808669,-0.016504634453773058,0.0038802138102981675,0.004740935984623715,0.6046264019323377,-0.2737693143604933,0.132174568812103,0.24153608560644932,0.3220230510815323,0.2867529008804865,-0.3146229743102838,0.017318697762006712,0.04679535925123963,0.1476325705458195,0.2220196447558183,0.1895220636344427,-0.3647855899736432,-0.05983084443433925,0.5517886497925489,0.5752487341327713,0.5882778591830436,0.5727148750765372,0.2573084159384623,0.5102337647087537,0.7354164451819613,0.7964076282342022,0.8359910662616596,0.8344380333337207,0.5011713687246125,0.643473427908087,-0.6435557076268602,-0.7000611969001712,-0.7357412647717682,-0.7193605772052326,-0.3805738940661322,-0.5747330283892776,0.2979516534823519,-0.03280304642300272,0.3365885653617944,0.2141570783031313,0.2239537821548467,-0.20206957998059125,0.22843990775530837,-0.004292626469761581,-0.03285823035956308,-0.009390595093065618,-0.02980861873495197,-0.01630789302069669,0.17441992923020253,-0.028043206449154784,0.18073098558241169,0.12189730780163131,0.06352417612964457,-0.20379657355528194,0.07184501860139614,-0.09573590123966962,-0.17373887223302106,-0.010233866455883273,-0.20858518964518388,-0.1071687128534762,0.5947585168697476,0.35336901670298776,0.5360034621300599,0.6374661183883247,0.6015542881081258,0.2965066528381605,0.5100097072675829,0.6078709339739341,0.49710978883979234,0.13979269835780286,0.4318581950705241,0.5133887612887079,0.8357703350074166,0.2643165150583889,0.8062841446183614,0.8404562585352483,0.927958409937454,0.5381680439898908,0.7855922519018548,1.0,0.8307086223269704,0.39020550439048973,0.7139261060266493,0.8526619580946371,-0.7249015413229879,0.12902877338219218,-0.7074842517714354,-0.7130983830352287,-0.7620223570772809,0.315016010180721,-0.7387596747617736,-0.7035936173051525,-0.6411615758734983,0.15948732357290504,-0.5706973858237175,-0.670435633154081
temperature_roll_mean_24,-0.011185963071422809,-0.07739782250523662,0.40578319760207104,0.6574712328105186,-0.43195303507702,0.00028896332780403087,0.005143004542978797,-0.32937101022232956,0.002624688277733436,-0.0001878515336508392,-5.8786738309638574e-05,-0.0036115262521698543,-0.0037110608772266507,0.577261127818948,-0.4861120447211448,-0.011128035441771237,-0.011096862162117523,-0.011120171613305162,-0.011480229142276492,-0.012048810444271302,-0.01334250452367185,-0.0774784914903541,-0.07758648544321323,-0.07774377422956981,-0.07844050219070224,-0.07977205969378172,-0.08206310217697965,0.40641558435467245,0.4070207811816974,0.4075886584633281,0.40903034742178035,0.41072151018747655,0.4115008790831847,0.6584210269129234,0.6592751501042904,0.6600511712064858,0.6618431280606198,0.6629084022087318,0.6568341337044122,-0.43314447900067615,-0.4342715303753196,-0.4353518638023745,-0.4382276743026898,-0.4422880804763233,-0.4470581301165926,-0.014088876066453968,-0.012189573203866532,-0.011445947831265266,-0.017305847086953003,-0.02058841475592101,-0.018030609817151964,-0.01117985754421384,-0.02771924370767813,-0.033467759309201275,-0.021518509740023853,-0.034094392191371996,-0.032485796540543385,-0.09471543304064907,-0.009497862219408567,-0.10684199586227362,-0.0832749723857973,-0.12480763560672445,-0.014177273738252828,-0.12210054285534724,-0.10468110284245051,-0.16590416954574963,-0.019699993319110955,-0.20323820722772973,-0.11769064776449897,0.42606716785414395,0.04383188251010293,0.43897951256630313,0.42258461364446415,0.4731877847206946,0.0686699938691145,0.48568326179236576,0.47530562807286464,0.5499566236558764,0.10749789845769775,0.48724187395985846,0.5302284061897465,0.699172873393439,0.09568228907575091,0.7292824543242585,0.6959204858375391,0.812945652833076,0.13908212174497195,0.8757728349152861,0.8307086223269704,1.0,0.24139297981390112,0.9379095676232668,0.9550223750367193,-0.45650216495834983,-0.0035784547509629693,-0.44339899387200477,-0.48485795262478854,-0.5187954911418594,-0.0018031704106961776,-0.48519011637970627,-0.5984875629440172,-0.6144207170159808,-0.0035057528982807827,-0.5033082293310631,-0.6922838654658462
temperature_roll_std_24,-0.00958219444154899,-0.10083599854091924,0.2691442308095498,0.1657171343533456,-0.5579100761771069,0.0005434882629051734,-0.033072825090866405,-0.7413083178882501,-0.02136437488087364,-0.001366069428604855,-0.0011643084087267321,0.033005308105885804,0.017797439260562705,0.7522238746727352,0.4985009832862898,-0.00931873177721597,-0.008861303179192056,-0.00837099260946228,-0.008220220305853591,-0.011833925435893905,-0.010955787050298876,-0.10065771056499379,-0.10026092491709347,-0.09979936620488992,-0.09944697077432192,-0.10198515899296295,-0.09882362620148649,0.26784820602522574,0.2664631908250119,0.2650387815163416,0.260912219004415,0.2524189432154848,0.24124824314676552,0.16613377352408976,0.1663319142224974,0.16629380919669995,0.16497293639546182,0.15951242806933333,0.15208742035646391,-0.5585412651727125,-0.558968941391665,-0.5591766419967193,-0.5586031531801711,-0.55494810773176,-0.5512014016962244,-0.010947793754478657,-0.010968445117636581,-0.007790957042540615,-0.013363839188122287,-0.01672412757686175,-0.014657921500798043,-0.008927760627889114,-0.020929457313399423,-0.026894033067889296,-0.01933108385497932,-0.023182248730899593,-0.024056115661793574,-0.12191702042375226,-0.011117092709579142,-0.137567769574987,-0.10564290381314491,-0.1598504733648549,-0.017109727887689805,-0.1552473711853118,-0.13038652585787947,-0.20783516737310245,-0.026871448981514702,-0.24804788177830653,-0.14036456268952557,0.2780014136130587,0.12655706482901968,0.2646019346156987,0.2959798360510666,0.30301827547188326,0.20083373857841,0.2632246837834966,0.3493703762548844,0.34068189082242867,0.2931443229176378,0.2420362602072871,0.3953875495953276,0.17598814801217674,0.3867042277238597,0.09423196003609759,0.2541289633609422,0.20224500817797392,0.5650456025420484,-0.006842149409546492,0.39020550439048973,0.24139297981390112,1.0,-0.10091451234191044,0.5109342565785416,-0.5867579709365569,0.3031241588184188,-0.6307491878428351,-0.5568169970719886,-0.661832493739161,0.44227770989035314,-0.7551516547080016,-0.6003548768750486,-0.7733354631348541,0.7933282085707187,-0.8351499902398195,-0.6140423031000488
temperature_roll_min_24,0.0027296955918177084,-0.033849683185991075,0.32816373010920075,0.6231790409652571,-0.2540527487662763,0.010065677711893938,0.013060829042021,-0.07378710756082192,0.006784729835348424,-0.00337440252363427,-0.011112715859872493,-0.010653819732623148,-0.0072080747480240005,0.32314720332020735,-0.6622843615454499,0.001339075909315191,-0.0006224744512821046,-0.003193329968808413,-0.015409523025468401,-0.007998672851070383,0.00024860214270368644,-0.03521194976052969,-0.0371326017554536,-0.03962796858060619,-0.051402849277160115,-0.045307370431735154,-0.04013755229386606,0.3287381210822414,0.3290944774174371,0.3291199893325141,0.3266945919449338,0.3224466884007097,0.3393039739512188,0.6235561063460223,0.6235170329116142,0.623234235372287,0.6209452851012288,0.6126774068797637,0.6258955588062209,-0.2544139136242228,-0.2543885615550574,-0.2541558898784449,-0.2525128406892389,-0.24895189917080346,-0.27110371671886807,-0.003689914417117368,-0.009000846870945245,-0.0008395127617214496,-0.008145431732194766,-0.016115013009408846,-0.017975469012848844,-0.004578310093605925,-0.02289079688564432,-0.023218976115800753,-0.013533134182580848,-0.022655396070170242,-0.022686634836287203,-0.04795019714933276,-0.006570079690963729,-0.05375960218925605,-0.04364888759718268,-0.07223369056439138,-0.013161864731901758,-0.06691105821399551,-0.06279105237732636,-0.09548328525696036,-0.00869168491287437,-0.11791194654468808,-0.06830590049741424,0.3438208633144782,-0.00014086850410826101,0.36156794872004167,0.33338908847454074,0.3776676357978567,-0.009044898177005234,0.40685013024712424,0.3614892479285338,0.441793050533533,0.0036911395116981317,0.41545277067288733,0.4023192316072571,0.6604709445912599,-0.03242008633816234,0.7190364978302323,0.6304282265680335,0.7625988901830149,-0.056235863687509005,0.9009007328938682,0.7139261060266493,0.9379095676232668,-0.10091451234191044,1.0,0.8006513103453566,-0.26671407332645153,-0.10649158100583397,-0.23817265835323156,-0.30558857023463837,-0.29918676172200087,-0.1573856270112432,-0.23174519181687556,-0.40270000537754674,-0.35643086828384013,-0.27704311455310215,-0.223954867123452,-0.493906118700613
temperature_roll_max_24,-0.013095559243626126,-0.0989760990858997,0.44421388660565114,0.6366491391424487,-0.553603258840775,0.0005841020361548324,-0.008472723124887168,-0.505730361352217,-0.006336530479646214,-3.087590413203e-05,-0.008540087882257416,0.010517876769703179,0.0038744045446054273,0.7315447065113055,-0.2707235643498946,-0.012557916649277235,-0.011118041062558984,-0.00892903625224026,-0.012489567575066831,-0.020023171597271537,-0.016390315437913437,-0.09858978591684006,-0.09734190033554879,-0.09537683735478909,-0.09885557684348548,-0.10631837698033046,-0.1038206788213422,0.4430642682111287,0.4416020273168194,0.43998368946492966,0.43653296683809373,0.43444959635826197,0.438318917627429,0.6369971172164907,0.6366178229017276,0.6356769079964664,0.6311974002966538,0.6279390523775521,0.6319528387086696,-0.5542421072142211,-0.5543097751051286,-0.553925551976232,-0.5512136149199864,-0.5516613797682242,-0.565191087461619,-0.013117471124326775,-0.016286489818272888,-0.007939813183365103,-0.01800964467848752,-0.02610659229001294,-0.019406745796515218,-0.01630871686559244,-0.03322466954548833,-0.038008157734290934,-0.024761374878843972,-0.035850536289817166,-0.03606816704877142,-0.11783138305226677,-0.013845064474018107,-0.1317236229047262,-0.1039599024431974,-0.16043311890667866,-0.017061977470083898,-0.15711761401074076,-0.1335500834194304,-0.20919125640620526,-0.025138465861367133,-0.25322356497376547,-0.14563602036657036,0.4611578780410452,0.0818258176137223,0.46755193830535047,0.4645050497181144,0.5073631276005585,0.11992214756951003,0.5079941548649757,0.5243059640930372,0.587327190251126,0.18159772261533536,0.5031556325418161,0.5864812080463391,0.6736975377580467,0.2052554173986307,0.6743783646271156,0.6947434957670828,0.7775194760954047,0.2977229000749519,0.7700194265597469,0.8526619580946371,0.9550223750367193,0.5109342565785416,0.8006513103453566,1.0,-0.5812984348883152,0.09255215817737553,-0.5834009576958009,-0.5960153622197575,-0.6547119365091969,0.1374093491123377,-0.6558618966682521,-0.705864133284156,-0.7734780519733733,0.23520316302135524,-0.6966266304642695,-0.7956296002201517
humidity_roll_mean_6,-0.2991902367075663,-0.21591081991510502,-0.6137345585368232,-0.6563650043517856,0.9010284034008346,-0.41454997211401445,-0.008721918195825675,0.5220388588287533,-0.011031104482360046,0.5085470288283134,0.3650169618962568,0.00974592863213217,-0.0006903924447715261,-0.6315395162226639,-0.13395739723093555,-0.31605630020764375,-0.3168830708707519,-0.2992213472546417,-0.12022041745782876,0.3959091130491677,-0.2999529502780584,-0.2301924221112614,-0.23023013926330863,-0.21379137726582734,-0.05119197890844286,0.41525454585357774,-0.21804343413961044,-0.6416820621867949,-0.6438102014988014,-0.6206855240680248,-0.4298141715186434,0.04963042331215576,-0.6128589662278537,-0.7305970114595571,-0.7747470343418915,-0.7856549510793795,-0.6261436409335938,0.03750599435534089,-0.637597490667159,0.9621143264512383,0.993875149146199,0.9938747416109799,0.8152333165460304,0.1899112518924648,0.8742233522665154,-0.355560099521344,0.12944884036302623,-0.4854774522956668,-0.23282104461052258,-0.14042633904510698,0.3577865618859176,-0.23747119526868765,0.12609867565238242,0.035111296545900894,-0.02629465781523692,0.007965987695510265,-0.02356421994518833,-0.2422930402163029,0.13132835138914462,-0.33381951403067955,-0.15196650152815866,-0.021722515931431968,0.3586472772449558,-0.11397210545045176,0.18156602649527728,0.13730955842959702,-0.032567333288553726,0.13493782454658662,0.042078597099015076,-0.6284154207583337,-0.3029951249185493,-0.5624424872536281,-0.6445616938855011,-0.4690877249787754,-0.21782890065076188,-0.39586812286185324,-0.4667238632548878,-0.369072696138447,-0.2517729417609372,-0.30163719564954067,-0.44126166299284514,-0.7806169607175755,-0.40460543795372134,-0.6995833098563358,-0.8028218527253401,-0.663939187076302,-0.5878781729413298,-0.4193857808701681,-0.7249015413229879,-0.45650216495834983,-0.5867579709365569,-0.26671407332645153,-0.5812984348883152,1.0,-0.20594419852804097,0.9780630836580702,0.9773530570500581,0.8853043869706277,-0.397990578091567,0.8617680979675039,0.7946076789208442,0.7509746758862461,-0.4270154545424502,0.7422178176439307,0.7296343104537291
humidity_roll_std_6,0.19139038611958686,0.1517087095099384,0.09676318306505316,0.19831228995481276,-0.33280941857972746,0.1597815165567535,-0.010453423352266119,-0.2629252281937758,-0.0026158875213608606,0.05702271461919613,-0.2442604148606674,0.006642197708228171,0.018444431483256002,0.22627014610715823,0.22694876455492138,0.3875315765084206,0.4728239545622152,0.42503967532092674,-0.23264904914089357,-0.04095431669914385,0.19279507181572914,0.3370121241560226,0.41897135389992,0.3763771441892214,-0.2354950045717013,-0.05796141779276763,0.15457258336507299,0.04130694115313173,0.0032395081024624945,-0.014165305799947204,0.011306391151880401,-0.11502052260016751,0.08633919929954731,0.13259307449637667,0.054085948427099656,-0.02337176813279628,-0.14567716178160103,-0.0915594127461866,0.19509974873435615,-0.28868490758546644,-0.22900441448252198,-0.16386198945836228,-0.032133194008022156,-0.08864183703451968,-0.3322126310786795,0.3690520781589645,0.4159662140489544,0.12302580618157376,0.3902903759431251,-0.10733639461755182,-0.03274398570922456,0.0026003662839662158,-0.10981954465821038,-0.015642764979747356,0.016603082798814613,0.002657532072668157,0.009925788765077949,0.30632665182303814,0.40430659999767055,0.08295742762257836,0.334330162291023,-0.12191729178955062,-0.03351811514460152,-0.03419547258519369,-0.12161442491270447,-0.055749882860472486,0.023304771431537332,-0.0471579782591403,-0.012780560186777049,0.019551754273587865,0.37886184162990205,-0.038305239700561766,0.12350075784251567,-0.003239197302707765,-0.25080889902335485,0.055708500060179876,-0.03277245404384513,0.06578256386661192,0.08718118478018032,0.04731497274752358,0.08940783078256367,0.025693926375678282,0.8804534603445141,-0.178957890397551,0.2257921892094214,-0.05510000123288342,0.3143562162178031,-0.09202337232588605,0.12902877338219218,-0.0035784547509629693,0.3031241588184188,-0.10649158100583397,0.09255215817737553,-0.20594419852804097,1.0,-0.39721144837724703,-0.003825205658104485,-0.14553820928981526,0.2728733110167165,-0.27829857309652123,-0.14334982972061386,-0.22336333432435446,0.342212658849957,-0.2775768002647895,-0.14647634372108034
humidity_roll_min_6,-0.3166488731951877,-0.22936767771035424,-0.5852752592580895,-0.6470032018713274,0.9125635725913591,-0.4090942837444893,-0.006427305519115467,0.5596599088654747,-0.010209988889357133,0.444307597987131,0.37086812271349706,0.0080726483663723,-0.004413838361768804,-0.6592934512866553,-0.1759257828690422,-0.3693883611546946,-0.3823775697051486,-0.3506035286267284,-0.05257575056436704,0.3523675564335102,-0.31766326345301077,-0.27773420215392686,-0.2896560874724353,-0.26041244141466063,0.013502197357603232,0.3780005871459344,-0.23202057702231002,-0.6005018387735293,-0.5966661883466967,-0.5745359510439738,-0.4121282643228162,0.04624089922454217,-0.5824304612455458,-0.6994700290580431,-0.7231938581275833,-0.7185192684953656,-0.5577210728557875,0.02612249573953642,-0.6280235724283139,0.9574883169150138,0.973664569013867,0.9613629802294957,0.7808535877835587,0.23241553157071032,0.8865738386772468,-0.39284948341998155,0.02183512971581958,-0.45419862722078647,-0.29052534800674323,-0.10348217798675075,0.33644911637518804,-0.21914005384511284,0.13781361123918914,0.037391404961509146,-0.0245264742308066,0.008792555623533175,-0.020225408948075393,-0.27379179765810513,0.02642734872485866,-0.30544193205522624,-0.20224065328480872,0.012290729344357695,0.336584772770877,-0.09316108792771535,0.19429701995023296,0.14476167762361533,-0.031226182878787458,0.14178638543262848,0.04811118617142235,-0.588084312280739,-0.34502635582597857,-0.5189914233271833,-0.6224080813200862,-0.44484511011638,-0.14516487817551504,-0.3900140874119994,-0.43348336471577276,-0.3720839231560626,-0.25634524902846856,-0.3026902356565706,-0.4420478406702694,-0.7257692007360744,-0.5570483147437663,-0.611238584508603,-0.7908497661748155,-0.613151782361166,-0.6024899688908677,-0.3823415184204829,-0.7074842517714354,-0.44339899387200477,-0.6307491878428351,-0.23817265835323156,-0.5834009576958009,0.9780630836580702,-0.39721144837724703,1.0,0.918974831833232,0.8726640019223677,-0.4162927220120146,0.8765056462414608,0.7942953066113454,0.7753528628782708,-0.4830518881040498,0.7766323168618758,0.738870698553773
humidity_roll_max_6,-0.26628309696177715,-0.18788352183479515,-0.5987015382822062,-0.6237395444800541,0.8544220347197953,-0.37363491409398647,-0.01129259329709436,0.4966306694907533,-0.012132905718937359,0.504746070165936,0.3060253886475117,0.011364401659901727,0.003016364737909748,-0.6209774686050655,-0.09397742252289583,-0.23701046730322167,-0.2110761811557379,-0.19429577475297055,-0.15236986785721074,0.36762157016255287,-0.2667714130077266,-0.15868754480196404,-0.13328368928464224,-0.11724400181073218,-0.08197399648926512,0.3881035003179746,-0.18951812851527752,-0.6382830333361919,-0.649487284380216,-0.6316619115355853,-0.44015790519680326,0.003194909615106775,-0.6000706333470399,-0.7080621326638462,-0.766455685967789,-0.7933702379749668,-0.6667339004919088,-0.006181072744709325,-0.6044344727121946,0.9211645896600018,0.9632125045226922,0.9765970151115924,0.8332136524798776,0.2111887220031815,0.8263872002660383,-0.2664122799547129,0.20313148689199192,-0.43968149123241973,-0.14630192523783017,-0.15452001489098427,0.35131552407349426,-0.2335039441084904,0.10546964971328435,0.03405555092440488,-0.020225764908323274,0.010743830050899445,-0.01853745467936029,-0.16387930066342782,0.2030781476952394,-0.29508165473539066,-0.0743144400930481,-0.03541234509232481,0.35117332790406014,-0.11276250792731372,0.16166369064625968,0.13389701427941283,-0.024785966682931017,0.13431382883494772,0.04623677528230459,-0.632335020911479,-0.20947536568321107,-0.5825681261898094,-0.6241898141958971,-0.48351759309250175,-0.2635995454541159,-0.39999285577224963,-0.48440733333730307,-0.3772840857526815,-0.2430864454261862,-0.3094946855806159,-0.4438307521092311,-0.7807987877045334,-0.22975619108920478,-0.7438655521459676,-0.7656085850789099,-0.6891357243402843,-0.5194668437764729,-0.4548514265628779,-0.7130983830352287,-0.48485795262478854,-0.5568169970719886,-0.30558857023463837,-0.5960153622197575,0.9773530570500581,-0.003825205658104485,0.918974831833232,1.0,0.8855267729731378,-0.33596180663529907,0.8333395893934745,0.8018628369971925,0.748774849741889,-0.37896311472290295,0.7268327030979984,0.7422330533736705
humidity_roll_mean_12,-0.12573774750779476,-0.054431072695289476,-0.4072440581280082,-0.36088183774676397,0.6614350933164806,-0.373794462139902,-0.009895076243963425,0.5890746261739337,-0.012881073525638527,0.49326929742706044,-0.08124073483524903,0.01074052192242355,-0.0022183207007817705,-0.7136214482685983,-0.14934227572294537,-0.18660794780986367,-0.23348126109042855,-0.26320567029975456,-0.23696949260084813,0.15562910944991237,-0.12709232962371955,-0.10910946093160205,-0.15093656921895085,-0.1771061796423006,-0.15097091726817877,0.2055044342145162,-0.05724943615529885,-0.47594777184692116,-0.5334056474507787,-0.5757024747510191,-0.5891571100222506,-0.21479304820753595,-0.4063516258873535,-0.45773313184968034,-0.5471388348880758,-0.6230058487691174,-0.7241424171829329,-0.3324921589104713,-0.3426911882245131,0.751719147614013,0.8325606987301947,0.898517944572092,0.9692848849076022,0.5676736712079179,0.6406136714092184,-0.28308556884537633,0.02041652536416021,-0.3336002200710558,-0.2151095932095878,-0.28094257902081077,0.2872037139679061,-0.3686615222550687,-0.029168103991496996,0.040036177792594205,0.025505953791328816,0.03249152668361708,0.028163181716261608,-0.17354459727022134,0.018777024676749035,-0.19440926955632493,-0.13282246180098062,-0.12579405841116897,0.28327663248286394,-0.20375481311102348,0.05341712534249317,0.1556840362340533,0.03132436727290505,0.16926453950280854,0.10402524293147185,-0.5574261525253768,-0.27436036983116585,-0.5043377575007519,-0.5770191998386931,-0.5734530365403402,-0.2865012806199162,-0.45258364319167965,-0.5504513540634424,-0.4168598295428031,-0.20234389956975887,-0.3391099759610402,-0.4508716326859117,-0.5978148982554686,-0.2911180303068692,-0.5508304768444442,-0.6232932169857652,-0.7217048143574409,-0.5086940290055444,-0.5012530549522008,-0.7620223570772809,-0.5187954911418594,-0.661832493739161,-0.29918676172200087,-0.6547119365091969,0.8853043869706277,-0.14553820928981526,0.8726640019223677,0.8855267729731378,1.0,-0.3052904780468794,0.9429823930538928,0.9362931595357245,0.851549280580582,-0.48112544209293734,0.8319388090551736,0.8170874631026513
humidity_roll_std_12,-0.30488021249052283,-0.32234945672554904,0.28616623671706076,0.2231948633147297,-0.39660020730660045,-0.010399689943353331,-0.017139744427881635,-0.37424857789006805,-0.006196411463071703,-0.12164789443471387,-0.21180130150444154,0.011743784628514086,0.028100367618828708,0.3260324946326544,0.3187056311622223,-0.2200532341769744,-0.04635101762820888,0.15651260773834302,0.37969207229383484,-0.5638086291474543,-0.30316214101897865,-0.24352472542482503,-0.08069257771528784,0.1102160922176604,0.32469532314781213,-0.555567147947062,-0.31889865556443725,0.2422342098547892,0.18225087817063082,0.11911438792880505,0.007824727411975593,-0.002461103454075647,0.26989821612452947,0.24499572098060976,0.23493545053225956,0.19403280844701143,-0.022377315729503022,-0.10599896405814377,0.21688768212020268,-0.4190016628978071,-0.41925947743436776,-0.3956714973671871,-0.2289764774420247,-0.11401765185288575,-0.3934442520243386,0.06583802296584927,-0.21517708160677898,0.1732446870564505,-0.022135700311755557,-0.021588207879932854,0.02660874627860054,-0.2379609079820761,-0.10342586493242022,-0.023778439569293163,0.005406798726092375,-0.03464140262971836,-0.0068633889743627075,0.01583524229639295,-0.210362887343567,0.09695611285454643,-0.05576675517851756,-0.06892272261166327,0.004001459527815237,-0.2327144959465572,-0.1350478403368162,-0.08123213091878305,0.006122908913671893,-0.09832475627236878,-0.04420873404294721,0.1604782533168396,0.3807602974301948,0.0893364999520377,0.23490591079891637,0.10010585317440596,0.44311991161725184,0.030882276600796052,0.23915733308990517,0.0972806159238726,0.14294493335370642,0.06044660357238023,0.1657686225985987,0.190769782485779,0.15020869616661678,0.1348548411338936,0.1862050541810988,0.04481917666160773,0.8687575098737238,-0.25343296930791215,0.315016010180721,-0.0018031704106961776,0.44227770989035314,-0.1573856270112432,0.1374093491123377,-0.397990578091567,0.2728733110167165,-0.4162927220120146,-0.33596180663529907,-0.3052904780468794,1.0,-0.5448730759025229,-0.027742758724781973,-0.3178723455622844,0.5269887011866495,-0.4058800314705224,-0.18469081756159686
humidity_roll_min_12,0.009899437834396145,0.07862109259540584,-0.4175439634303239,-0.3869011146092983,0.7177098176462722,-0.21697223050945474,-0.003975465486968222,0.6641839879853096,-0.009517134680375053,0.3251199303982882,-0.005107996926776051,0.00571602044895334,-0.009283680792769984,-0.7679065970063839,-0.24245174287135057,-0.07225119226879394,-0.15814434575469224,-0.2258584245651458,-0.2201795176466334,0.2406072260304553,0.008429130819398821,0.0032226903666006403,-0.07604208039040843,-0.13871470183457504,-0.13381635045660442,0.2904834611717065,0.07527089621890745,-0.446220538908765,-0.4657104643938478,-0.47711773413851083,-0.4693064080572577,-0.239959494196658,-0.4119034915281265,-0.44869807455366606,-0.497779660060519,-0.5314445403399041,-0.5413752900492689,-0.3008925686137183,-0.3672198996254106,0.7773295540920785,0.8248646631731584,0.8572421281140146,0.8597591957693899,0.6043761571884703,0.6963029660880263,-0.20267712049952977,0.05093031446527945,-0.24284382401673318,-0.13581248136414592,-0.16148082244035267,0.15857851759020558,-0.16686533179297544,0.012065487842744282,0.04534311530173495,0.025482961980038667,0.045222449742440954,0.03262764540230502,-0.09597831416052954,0.04770993642180069,-0.10857962564997416,-0.05494923080899953,-0.02150687794648504,0.16261298417339828,-0.03149627234852713,0.09646360424321015,0.17049533124144844,0.029863440971835964,0.19147333257587024,0.11432612285641786,-0.4824528223345432,-0.3192232902317122,-0.4278806364357177,-0.5240076176674063,-0.4965942449417184,-0.32415084703879843,-0.4012857282252172,-0.5288590658482726,-0.4207598719942304,-0.23264202928729605,-0.3353454997163366,-0.46646338678336247,-0.5240032520954733,-0.36042808295940626,-0.45422274145998026,-0.5665917390086902,-0.5875379215371885,-0.672809129016737,-0.35022431092569695,-0.7387596747617736,-0.48519011637970627,-0.7551516547080016,-0.23174519181687556,-0.6558618966682521,0.8617680979675039,-0.27829857309652123,0.8765056462414608,0.8333395893934745,0.9429823930538928,-0.5448730759025229,1.0,0.8480349816353646,0.9003507206031113,-0.610798156373421,0.909061496413925,0.8284220311074116
humidity_roll_max_12,-0.17388888750696194,-0.10372443494713267,-0.33979085512791096,-0.3565900651102801,0.6249380315570835,-0.2902954113055953,-0.01694692257185607,0.5387356991818564,-0.01642670174773811,0.32895908332351104,-0.11588608600813011,0.015035804469361019,0.007701711386188413,-0.702844236768202,-0.06071497676505731,-0.22317607376720747,-0.22554273845608003,-0.1919331981335537,-0.0468024982450274,-0.04939639243549167,-0.17434518137378213,-0.14838354812691437,-0.14907484541978605,-0.11617486923579173,0.022303640930721676,0.01282814750155297,-0.10510900212487492,-0.4003600260784466,-0.4585694699302297,-0.508181978617784,-0.5585497886765443,-0.27650760965526505,-0.3446356492593852,-0.418433797820351,-0.4829845726321078,-0.5466213983149382,-0.6785400692853909,-0.42069098442893116,-0.3369728389864472,0.6834268219472133,0.739746544447109,0.7912126272183121,0.8836344992628666,0.6290292799341256,0.6008082247276543,-0.2190000821584746,-0.058173005418250996,-0.2128803319197526,-0.18516595665367733,-0.20611881431806306,0.21042631012182736,-0.34317371318361567,-0.045530876047166366,0.038589335006338835,0.03194579305085539,0.02889644187441468,0.03422569860515821,-0.12196129153718478,-0.05912442344566038,-0.09728931082311597,-0.10994346152066319,-0.07016263611595941,0.2020973723505724,-0.18195621747229435,0.033690987802135315,0.150126799445214,0.037571646375942507,0.16184973080125337,0.10719494028088478,-0.4903318029317003,-0.177462692010931,-0.46118941831444166,-0.49834297123527593,-0.5365478757141117,-0.11489059778595197,-0.4681874301551185,-0.49125915695375244,-0.44548563370522987,-0.18705330411592444,-0.36805264617973266,-0.4587022384203822,-0.5404194554976766,-0.3282552338060782,-0.4941755281932703,-0.5886969633004848,-0.6969171501310935,-0.27471839377213136,-0.5993742533099801,-0.7035936173051525,-0.5984875629440172,-0.6003548768750486,-0.40270000537754674,-0.705864133284156,0.7946076789208442,-0.14334982972061386,0.7942953066113454,0.8018628369971925,0.9362931595357245,-0.027742758724781973,0.8480349816353646,1.0,0.8701276739279614,-0.36112162057603325,0.8179237546647983,0.8805106190666925
humidity_roll_mean_24,0.018903988766941136,0.09046049448314822,-0.3650953641195383,-0.4116327506672895,0.7114867008771583,0.0003766989147796504,-0.010491247030755817,0.6907871796466114,-0.014796433016053451,-0.00032079486985788847,1.2997388459820364e-05,0.011310105570407927,-0.005275271930898419,-0.8387026793308936,-0.17146482612613845,0.018827940195899274,0.01873734908604107,0.018615855432393733,0.01808246741534339,0.01725610710234027,0.016600539166764416,0.09036985181694421,0.09026125545439188,0.09011675160244889,0.08948190997279408,0.0883395027492045,0.0867820678590917,-0.3650530573573997,-0.36500370637516055,-0.36495090452969375,-0.3648583709878078,-0.364962190678604,-0.36423408484280095,-0.41138791055985047,-0.41109741334351807,-0.4107806379622121,-0.4097193007510207,-0.40686412177173364,-0.3960023118031325,0.7131358965286053,0.7146611275933912,0.7160570125889398,0.7193319971028989,0.7215997796242565,0.7092921210732641,0.0234909522508829,0.018162846185495272,0.019522424064406515,0.026676563562753042,0.03259633835166724,0.026235501984523592,0.018385301724905732,0.039451476880661036,0.04810540879512424,0.035217540169846885,0.04917496231964345,0.04465268234857077,0.10984853852787631,0.017740395633880107,0.12058261315933014,0.09835803804998444,0.1426043851516056,0.026867820803540755,0.13216119356879108,0.1228180572776657,0.1841791696466347,0.039805703426546844,0.20759178926705452,0.134050002406958,-0.38183991021722374,-0.10864261504977413,-0.37797349604227776,-0.393124220499526,-0.42267980701757496,-0.16820973430752217,-0.4017537716544825,-0.45592080083958003,-0.4893829436552655,-0.25060174282231307,-0.3930224477062477,-0.5179932904141227,-0.43559216529259254,-0.3139009231587128,-0.39184930858684813,-0.4890673356856519,-0.5039127222405014,-0.4472402540348215,-0.3903944917714834,-0.6411615758734983,-0.6144207170159808,-0.7733354631348541,-0.35643086828384013,-0.7734780519733733,0.7509746758862461,-0.22336333432435446,0.7753528628782708,0.748774849741889,0.851549280580582,-0.3178723455622844,0.9003507206031113,0.8701276739279614,1.0,-0.5609302001104669,0.977318286966016,0.9571344949255387
humidity_roll_std_24,-0.014184066603559713,-0.06905903407001894,0.14735366885715973,0.003359231530366895,-0.40619936676568946,-0.0005391959177290963,-0.03237425377143191,-0.6560760370779469,-0.015851318476856942,-0.0005799064849091043,-0.003079916591552646,0.02490460876404975,0.039770016439212685,0.5738550171540304,0.564494181295263,-0.013830410717592327,-0.013015459046334096,-0.012135262319783412,-0.01226552178289998,-0.01996938488397462,-0.015932219454126026,-0.06857029249919025,-0.06765453532695857,-0.06668978248230358,-0.06653841194801001,-0.07358020606447087,-0.06962099862491393,0.14587398200671925,0.144276981298549,0.14264636313563633,0.1381816910898315,0.13074051162273212,0.12294182668843327,0.003686145311860556,0.0036433496574496795,0.0032345043850018113,0.0007017326917061026,-0.0029842276895649064,-0.007940608376148692,-0.40671768025717675,-0.40697848413033316,-0.4069755917867674,-0.4058554133814624,-0.40300368749978116,-0.3966018446337986,-0.016030045121316804,-0.01637162785225651,-0.011195844104809548,-0.01958698924289594,-0.02593672938629051,-0.02210773991466551,-0.013991580854853407,-0.03183534402949265,-0.040055521379347155,-0.03124075184885538,-0.030164720101827473,-0.03695461073058045,-0.08204476256390711,-0.016055164836054316,-0.08882437361061267,-0.07418624546385187,-0.10943171747113166,-0.024355186859889782,-0.09896425187636977,-0.0951150602358126,-0.14291468664441442,-0.0359479381814357,-0.15242201766166688,-0.10252621126478746,0.15008648862715274,0.10401266211135175,0.13498768743534711,0.1670409240720579,0.16133609912644875,0.15928810812288513,0.12421454804305693,0.20069905195253349,0.17842717574373562,0.21978366730949722,0.10801493716489749,0.22730058152861035,0.003199181491443159,0.3133153315689199,-0.07369609914020071,0.07121610816112514,0.0011519657508449383,0.4552614076978242,-0.18945733168222875,0.15948732357290504,-0.0035057528982807827,0.7933282085707187,-0.27704311455310215,0.23520316302135524,-0.4270154545424502,0.342212658849957,-0.4830518881040498,-0.37896311472290295,-0.48112544209293734,0.5269887011866495,-0.610798156373421,-0.36112162057603325,-0.5609302001104669,1.0,-0.7094400727679571,-0.31424861171536694
humidity_roll_min_24,0.019788474748833586,0.09178437566766942,-0.34659707588940064,-0.3520639404007404,0.7085023027904684,-0.0004907938117299251,-0.0012800520903414497,0.7246378813243327,-0.007409034147378016,-0.00024928422758975277,0.016846881566892544,0.0015500114020956632,-0.010130143376462283,-0.8296715271069092,-0.2960351411460398,0.018854545124259242,0.016321597185779087,0.013046944997066798,0.017955051301947456,0.031284197385617114,0.018399898622667873,0.09084506321693692,0.0883843906211537,0.08520770732020708,0.08940599497971627,0.10155727714003968,0.08917289560310848,-0.34402915043119975,-0.34087064025740577,-0.3374910779598097,-0.3297837604540132,-0.32620010580033665,-0.340694731041509,-0.35098596948758853,-0.34866455087957554,-0.3453570864136642,-0.3329370944951419,-0.3228052425451285,-0.3355772562519028,0.7090979591100698,0.7086108171700856,0.7072022525005334,0.6998346413115925,0.695166321653898,0.7039543502802175,0.019388950880914375,0.024415019389456102,0.011211588815300764,0.025643420112700786,0.03954827712399739,0.026865132244668653,0.02655098898625031,0.046442556891131796,0.05051846621170334,0.035574495084885395,0.048653053295318015,0.045037215854688735,0.1065367496901241,0.02381112642414279,0.11388186344137143,0.09759139268813789,0.14861606830952734,0.02822039216640322,0.13847333441243773,0.1290297743092462,0.18653567388169695,0.03959196910766287,0.20729879728801967,0.1332697542918007,-0.3548550475917968,-0.1245462297422434,-0.3460102398342555,-0.37013183919718834,-0.3859825521613775,-0.17907302811134423,-0.36145892184109213,-0.42595736712069127,-0.44830334552513795,-0.2637357674103731,-0.3519046640783894,-0.48583555979926546,-0.36671709997886776,-0.3447158512756746,-0.3090415166266799,-0.4281835236276201,-0.41342221320748235,-0.4942260325853534,-0.26992451478484863,-0.5706973858237175,-0.5033082293310631,-0.8351499902398195,-0.223954867123452,-0.6966266304642695,0.7422178176439307,-0.2775768002647895,0.7766323168618758,0.7268327030979984,0.8319388090551736,-0.4058800314705224,0.909061496413925,0.8179237546647983,0.977318286966016,-0.7094400727679571,1.0,0.8878781228715176
humidity_roll_max_24,-0.0028135977056920453,0.05942685338386391,-0.3750148075449837,-0.47865115701834454,0.6954516055137363,-0.015354443690189214,-0.021872695985703274,0.5564101269013707,-0.020570900453369987,0.005733243646828505,0.021170143431818198,0.01809264819919845,0.009138492460493284,-0.7559380724458127,-0.021962871077554628,-4.897268643328521e-05,0.0040758601629761835,0.009322822388958065,0.02968771389250793,0.0159934976365719,-0.003707730788071144,0.062085596568303314,0.06603767053513498,0.07101341572122007,0.09002163821136848,0.07676615085676118,0.05873424391278506,-0.3746051040180758,-0.37374684413648995,-0.3723886943195191,-0.364856064590434,-0.3540299673158879,-0.3824288928696972,-0.4775063625095438,-0.4756729124088419,-0.47337925101924555,-0.464079815845216,-0.4412989159098992,-0.4625876727498543,0.6962313624158571,0.6961105326540642,0.6953119588138842,0.6897051594161345,0.6755190502877653,0.6927139619885224,0.010344481025737783,0.017486644399760207,0.004445731072909496,0.016610136890291883,0.03313132709398266,0.033915885882804954,0.011287896745971146,0.04151156414680754,0.04320993650755163,0.029258460506482814,0.0428574284705812,0.03776268227926429,0.0851791175172466,0.017901083516943743,0.09194304069238221,0.07846003888439984,0.1264440864643647,0.033917822361508025,0.10934346966360844,0.1117205304810617,0.15974191767688675,0.032299429597288806,0.17818719255445103,0.11443525097755931,-0.3895672331211215,-0.0887950451683504,-0.389553451359043,-0.39609033109222996,-0.42276060069892946,-0.12607493025746494,-0.41451881050551026,-0.4449750652175881,-0.4935906595439516,-0.21480782059410844,-0.4089988098836122,-0.5118019899259731,-0.5024000332921988,-0.2630400161398463,-0.475736343585098,-0.5419225027574762,-0.5703706196119022,-0.35320477796044625,-0.5047562975712234,-0.670435633154081,-0.6922838654658462,-0.6140423031000488,-0.493906118700613,-0.7956296002201517,0.7296343104537291,-0.14647634372108034,0.738870698553773,0.7422330533736705,0.8170874631026513,-0.18469081756159686,0.8284220311074116,0.8805106190666925,0.9571344949255387,-0.31424861171536694,0.8878781228715176,1.0
