,traffic_flow,aqi,electricity_demand,temperature,humidity,hour,day_of_week,month,is_weekend,hour_sin,hour_cos,dow_sin,dow_cos,season_sin,season_cos,traffic_flow_lag_1,traffic_flow_lag_2,traffic_flow_lag_3,traffic_flow_lag_6,traffic_flow_lag_12,traffic_flow_lag_24,aqi_lag_1,aqi_lag_2,aqi_lag_3,aqi_lag_6,aqi_lag_12,aqi_lag_24,electricity_demand_lag_1,electricity_demand_lag_2,electricity_demand_lag_3,electricity_demand_lag_6,electricity_demand_lag_12,electricity_demand_lag_24,temperature_lag_1,temperature_lag_2,temperature_lag_3,temperature_lag_6,temperature_lag_12,temperature_lag_24,humidity_lag_1,humidity_lag_2,humidity_lag_3,humidity_lag_6,humidity_lag_12,humidity_lag_24,traffic_flow_roll_mean_6,traffic_flow_roll_std_6,traffic_flow_roll_min_6,traffic_flow_roll_max_6,traffic_flow_roll_mean_12,traffic_flow_roll_std_12,traffic_flow_roll_min_12,traffic_flow_roll_max_12,traffic_flow_roll_mean_24,traffic_flow_roll_std_24,traffic_flow_roll_min_24,traffic_flow_roll_max_24,aqi_roll_mean_6,aqi_roll_std_6,aqi_roll_min_6,aqi_roll_max_6,aqi_roll_mean_12,aqi_roll_std_12,aqi_roll_min_12,aqi_roll_max_12,aqi_roll_mean_24,aqi_roll_std_24,aqi_roll_min_24,aqi_roll_max_24,electricity_demand_roll_mean_6,electricity_demand_roll_std_6,electricity_demand_roll_min_6,electricity_demand_roll_max_6,electricity_demand_roll_mean_12,electricity_demand_roll_std_12,electricity_demand_roll_min_12,electricity_demand_roll_max_12,electricity_demand_roll_mean_24,electricity_demand_roll_std_24,electricity_demand_roll_min_24,electricity_demand_roll_max_24,temperature_roll_mean_6,temperature_roll_std_6,temperature_roll_min_6,temperature_roll_max_6,temperature_roll_mean_12,temperature_roll_std_12,temperature_roll_min_12,temperature_roll_max_12,temperature_roll_mean_24,temperature_roll_std_24,temperature_roll_min_24,temperature_roll_max_24,humidity_roll_mean_6,humidity_roll_std_6,humidity_roll_min_6,humidity_roll_max_6,humidity_roll_mean_12,humidity_roll_std_12,humidity_roll_min_12,humidity_roll_max_12,humidity_roll_mean_24,humidity_roll_std_24,humidity_roll_min_24,humidity_roll_max_24
traffic_flow,1.0,0.8920889329084107,0.0017937161790653243,0.00451146214845076,0.02357832158893203,0.02131594191154787,0.05415454712003805,,0.01780836181000676,-0.0368111382662244,-0.028631631770203624,-0.002611243640848476,-0.04274009520854172,-0.015220011943799253,0.015220011943799253,-0.03338044086797175,-0.023959448639519366,0.011082487565491414,0.02718726288365832,0.03523849568251788,0.012323601191925063,-0.006447134206380076,0.0066269091405308156,-0.0024221389448020048,0.036885622246276124,0.06950957836398577,-0.0021715364252930794,0.0817261877183453,0.002296146009036007,-0.03941779710583467,0.02524915912952038,0.04550443756591064,-0.0027693866005188673,0.09073215483308399,-0.0014146246374526397,-0.03608489844709227,0.04444393109557083,0.0741010235700494,0.0005154683668195147,0.05492391097428374,-0.04780328026168231,-0.041364385831120766,0.04826872037468789,-0.02593288247760962,-0.012938582986945595,0.3574398469980448,0.0003243343261613208,0.21207357234663995,0.20238152781169078,0.2796274193878865,-0.03941504322518708,0.12080635759185548,0.08790813705174975,0.18834720586141213,-0.036270729496882474,0.06349104709324196,0.029365029089065037,0.33513495663836734,0.004604392554386293,0.18574640780544335,0.21148522214901386,0.2637782958149552,-0.009983374231623801,0.09680375282491356,0.15684785796458645,0.19100900590034472,-0.0070620158468121955,0.050986456292800984,0.07953251665008737,0.03523344785903013,-0.059942730533481876,0.06549631646247657,-0.005335847526095525,0.03207869574598457,-0.06440828217558085,0.08801595121376647,0.009757442261822567,0.05460612758006834,-0.09501966307164188,0.07934502157274223,0.0037506326522393986,0.027364815473077297,-0.07813177484235817,0.06079448045948307,-0.010381245570282277,0.04528106451001804,-0.08190359595754522,0.08346165538108523,0.003857529207751866,0.08633926398399804,-0.09476906984168562,0.061824178868191214,-0.012645631050758057,0.07103516484625524,0.04830137942217544,0.009232385002377322,0.08650679626343234,0.02601418868975331,0.06207743286473772,-0.0064520889887069235,0.03503776020221012,-0.012465380806694976,0.01243174199673858,-0.02176078915288793,-0.002458244694220424
aqi,0.8920889329084107,1.0,-0.003706428297771719,-0.005477962786578342,0.0030851916622207797,0.007303103942786201,0.06620845912730632,,0.041276456611632574,-0.009550054367255463,-0.031692939576437845,-0.015896548619429764,-0.03159948695071402,-0.017875133782452975,0.017875133782452975,-0.043582678245814375,-0.0005361058465178203,0.017940944637271136,0.00673351642637433,0.02884345479708736,0.010701473533748939,-0.02368797553387755,0.014424686945732183,0.007520252996624485,0.022970148431765994,0.05215414683792679,0.0019174148046860494,0.054200471101338146,0.00553812372037168,-0.016859886303598925,0.004368084032590032,0.008911364384549246,-0.04884970758710292,0.07716665741632762,0.006925755819951647,-0.018297471229803054,0.010965660297316071,0.04485891145839666,-0.05674069120512619,0.029153167210227884,-0.023874034504493758,-0.021617619879244765,0.04647840312075464,-0.042635801008938955,0.0038186066252037273,0.32344645990757936,-0.020366046032865737,0.22083291757600543,0.1752859732446084,0.24527842104141287,-0.04860916229829379,0.11378896682841678,0.07095518247592701,0.1340382915097771,-0.054750083402438116,0.05412621752248391,0.010938242883520136,0.3856757665460995,-0.01524657178103212,0.2351214843261587,0.22316258813490894,0.29405212200068376,-0.002132701546096498,0.10432345465290994,0.16789305296001916,0.18519174231845748,-0.017345804524486065,0.04586816620760722,0.08184663577433396,0.04907157723922105,-0.02939472891784188,0.06977243943260389,0.036112210298444726,0.03726004105830911,-0.04701708881818159,0.09239422709671122,0.04792420870734788,0.05666303127770104,-0.08799471632788848,0.08107487346474955,0.036453827559235076,0.04519624515008192,-0.046793055179871916,0.07044900952756057,0.036231523083552104,0.05299514853906798,-0.06350092671108756,0.08098967040721225,0.03240751187668245,0.08862287505725781,-0.08836448300846446,0.07097284400217425,0.024741896751247522,0.06218821559751583,0.030188793764076346,0.010845267326055435,0.058376295595733804,0.0146020753281583,0.056063818287620866,-0.02203149706538086,0.02096712224081328,-0.03340829561797894,-0.007076463533003062,-0.040390147486647106,-0.028347162599650307
electricity_demand,0.0017937161790653243,-0.003706428297771719,1.0,0.9116317996645839,-0.007008889921906804,0.017302829656543846,-0.03585159224266881,,-0.038448698361134494,-0.015113295558208227,0.033057734017568556,0.035126859846326006,0.03745040629630417,-0.006834951473868494,0.006834951473868494,0.04020162260237138,0.03439931229149732,-0.07787454658558646,-0.011210956922863662,0.014517301905214997,-0.025689669290612713,0.028259065648844603,0.035684823073156964,-0.08035343278858749,-0.03730317786383798,0.04846292536312394,0.01270068992868429,0.01051269766517948,-0.03576214169034856,0.05668188404307565,0.030357136326258295,-0.056201015458679664,0.03453657504878559,0.015453627673510552,-0.018382748272800977,0.04641861003275121,0.0339370350672981,-0.07356910416114895,0.029367226857768915,0.024909142987489388,-0.004199788652674686,-0.034577073438569327,0.0016825352094248353,-0.04346327335408706,0.008893027611643057,0.008495212143348736,-0.062373167747362096,0.05147011359394111,-0.03082594614111296,0.06675185582631804,-0.051078422465554864,0.05008532971484069,-0.006816173077864122,0.01248516061011545,-0.007857231201009788,0.006446198375015332,-0.022859599243710258,-0.018189999959104943,-0.02728037495555444,0.0016859902794028603,-0.022190061125062385,0.027836725901932483,-0.025182720988762085,-0.000617083710332266,0.01305313983782338,0.015053712674897371,0.0306255001785966,0.013151873251405133,0.026840108423368078,0.4129261188156614,0.04339257232503657,0.21055625535476344,0.2647115601118125,0.2849667223473685,0.03468943421402341,0.14065845933216378,0.1503902341907406,0.17546904109794356,0.04891225928683057,0.07767952434241662,0.10973996606461306,0.38596859410682754,0.028624505333894535,0.22597729875427625,0.26078053452626365,0.2678990561926121,0.033729460421606065,0.11455555708657554,0.16968467732743392,0.17624245003016123,0.043002267183804344,0.054935045194143994,0.15096443043187022,0.04075721443472701,-0.06276626677107577,0.08679978005296994,0.013974244905529636,0.014958528710309879,-0.02876458138732005,0.06429532950908384,-0.00043473818595588225,-0.049696512774748305,0.015496676433743516,-0.03470026321637883,-0.019938418506679375
temperature,0.00451146214845076,-0.005477962786578342,0.9116317996645839,1.0,0.00945117600230534,0.003286292130304757,-0.02618583723268095,,-0.03272069098625775,-0.020931708756789933,0.030362333825675103,0.025602251113195505,0.025098087956716954,-0.027333903448282768,0.027333903448282768,0.04537207144009044,0.050723536320835656,-0.0803500858063425,-0.03442862764598146,0.012043236045684191,0.008778724755706827,0.034869164316835705,0.05843538106594074,-0.07893084451167427,-0.06429320525758332,0.03429072127361708,0.03641709130510707,-0.005927204338811454,-0.004540506098819189,0.0683320593866299,0.015047777545368986,-0.03948295825686162,0.0192758157426358,-0.010407980165126604,0.013328104050507767,0.05663162632343589,0.013063447297410912,-0.04208623958395576,0.010727039940094297,0.012678526956103536,-0.00910605291215215,-0.03258521236961849,-0.018391818199165934,-0.039973984726683474,0.0156505244371156,0.014094995383387418,-0.0439461662629568,0.0551872991358691,-0.0130099434351941,0.05940480576167578,-0.04335737422056006,0.03536635427048914,0.0002632873501190288,0.007427013035982,0.003441404556076184,0.002830008657311024,-0.02240315253872282,-0.0022178449719727784,-0.00197341437010754,-0.0009236025379400282,0.008481908421331685,0.024096859521364807,-0.021228963463417332,-0.00664970352020773,0.02240854820611351,0.018030687569017198,0.03401424619687341,-0.0006681148355206681,0.028872601591772167,0.3781957487388044,0.03696527150545828,0.1938323232598786,0.239752011519116,0.2543108347455984,0.0014072680941020644,0.14173808664876433,0.11497162490718998,0.16045467586051404,0.039557803722549696,0.07284643246263181,0.10123922234632882,0.40924852201470224,0.005113913573707736,0.24743655046407734,0.2554555144781596,0.271950635996732,0.005887319196686665,0.13036185198506006,0.15094147406938693,0.18591202489405662,0.03070950900625844,0.06319604211451818,0.15228568769590725,0.03733945347329573,-0.05568754226935148,0.07928758512010572,0.011612823554786674,0.02505450800004823,-0.022420943889574704,0.06190115674479419,0.0015958577709822219,-0.04740327919102939,0.016972418318709503,-0.05037769961370806,-0.017891043291924872
humidity,0.02357832158893203,0.0030851916622207797,-0.007008889921906804,0.00945117600230534,1.0,-0.016412995383908995,-0.011126722772845295,,-0.017823957214214887,-0.0005495771760886169,-0.015107817142960752,0.023691226349335077,0.0013199440701125342,-0.033527882271700775,0.033527882271700775,0.015684971095186687,-0.015391483013385776,-0.0003371859691290719,0.010934147264159309,-0.014703103970562074,-0.045371333081198215,-0.005435040329100371,-0.03296822457153719,-0.001022420543027918,-0.02385323511514073,-0.024876475642468112,-0.04222853649020456,0.0030510299256872606,0.009205909387013714,-0.007844765060867726,0.006759886691297392,0.01673381147775433,-0.011172916315870479,-0.014978643859264758,0.01707868709972981,-0.01031093932237767,-0.005255085152146696,0.01941400485009161,-0.0006262148353026457,0.0163186723711373,-0.009461275935569037,-0.011142672900008749,-0.08304045097750505,-0.025811660942611173,-0.021521869142309996,0.04705848832941748,-0.0018456445352059306,0.020238759175120618,0.015424674929023835,0.036491518406112575,-0.009080051544789577,-0.012901553264441916,0.0042796874324172495,-0.01339043160630279,0.00964347062280937,-0.03074058728316745,-0.035885756610955534,0.014960733768024303,-0.03188058716985403,0.03284242701237771,-0.01482730923180499,0.01946124212958085,-0.035776089719337024,-0.014940084281780033,-0.010413218000619342,-0.035899763570909966,-0.024540062359901388,-0.04463920304175246,-0.07719962205197917,-0.030048461094915442,-0.01052979279376839,-0.007422193290310173,-0.018701739939706915,-0.00679448691835912,-0.01596906962468747,0.023442186531773913,-0.02776282004227218,0.024729211975588777,-0.03993282715262587,0.045312981955368745,-0.014549391938878987,-0.03525440389762544,0.021635551097678656,-0.03693598613999528,-0.017091932889421197,-0.013646492492607982,-0.016131620171255506,0.009004909393976095,-0.04924129570575054,0.027024656280610626,-0.023572579185708067,0.006733683079996789,-0.003456954268825655,0.3744111362015575,0.010245756261359153,0.19576837578386072,0.22074519159651565,0.2752117779135914,0.06307827825949805,0.05135773561047453,0.13786986360382802,0.18596943914119538,0.030966599592015955,-0.008418122013964838,0.07884224227139051
hour,0.02131594191154787,0.007303103942786201,0.017302829656543846,0.003286292130304757,-0.016412995383908995,1.0,0.0,,0.0,-0.7455416103283029,-0.16615921537071862,0.0,0.0,0.0,0.0,0.007486871451626084,0.035365074552568695,0.06139661821585017,0.025449898379084103,0.024542333259938428,0.001825489506884447,-0.010217204232342087,0.015509195983573065,0.04841259037084091,0.02787174624141491,0.0387610575769094,-0.003760807468978461,-0.001364721605328299,-0.02785591754422965,0.020542106152235593,-0.015521768164409191,-0.05866903940524581,0.021479625488599458,0.018013140773816168,-0.010297429494322819,0.024858982516346773,-0.012270131236640095,-0.05239160693517253,0.004328178659800563,0.03263900371644742,0.042179462620374066,0.04146663939820402,0.011614874705221049,-0.02658879401633429,-0.023661061212865958,0.11400087611357809,0.03109434174784316,0.06773773713001634,0.10661477160424845,0.09241373790347124,0.039733381035122424,0.03620924188364583,0.09932155506255065,0.010694886074765203,0.022932064533773642,-0.022386952943643127,0.02852430588904233,0.08519625834479296,-0.011021296182335195,0.03625793047269898,0.054151749972654234,0.09081077758382068,-0.00293184986037106,0.07081271353667896,0.08377294585704924,-0.011827195840658526,0.01814430745751773,0.0015019263816691475,0.01921816507332139,-0.020041159283474084,-0.050870897277069685,0.05577725340482376,-0.03555623868260518,-0.02408197227284633,0.016268769522078275,0.02018610188786107,0.028438402835385724,0.013825082240242094,-0.017531696445966617,-0.045236109757928834,-0.019615824178863383,0.009213977703810144,0.03121004602350822,-0.022306302779357818,0.02277964526991744,-0.00808171744595167,0.054243350348981714,0.054415000076589205,0.01808558684178736,0.012276493100065658,-0.009654029330034898,0.018526999102017064,-0.005977617243549795,0.09413541767745397,-0.03854638413710827,0.08243052997477003,-0.005816686668060582,0.031281867975012326,0.0585352347010991,0.0036112014807519895,0.04723613503731548,-0.035353693757692914,-0.01712879925454804,0.0005032153982454216,-0.023035578615625812
day_of_week,0.05415454712003805,0.06620845912730632,-0.03585159224266881,-0.02618583723268095,-0.011126722772845295,0.0,1.0,,0.7823428286291999,0.0,0.0,-0.700502512562814,-0.5819095477386935,-0.004975370683588989,0.004975370683588989,0.055907673652935905,0.0398305982261682,0.02311272312335923,0.03829307360085927,0.044541178185215725,0.0033789313852437,0.06865969440463786,0.06403117808085962,0.043169165858823404,0.04804560344953049,0.04994377007541137,-0.012647895806259987,-0.025589012344870054,-0.02723659953677009,-0.038491534670323735,-0.05721176727964503,-0.08111364599277592,-0.04056210595516895,-0.016044089138132652,-0.015574025966138773,-0.022148220836842303,-0.035115952885982384,-0.06325239275404897,-0.03640014589920585,-0.01226494781507889,-0.005445524846711391,0.0005091151270125495,0.0032262664297428296,-0.012815068384859572,-0.022720911998002243,0.1226374135643717,0.1263615474165151,0.005056958015434858,0.15021538615880997,0.1715416510125277,0.16502899731830348,-0.036400112038198894,0.20612133578390507,0.17534331593069188,0.25016480799564134,-0.1719841494001272,0.24149800159253004,0.16587294959442922,0.06266238364173086,0.046162384190006775,0.11935502742130141,0.20587707439515773,0.130691704367296,-0.016392532188886054,0.23909992224704327,0.19941966841502493,0.22098985304739502,-0.1627297603378991,0.20780265126613803,-0.09713373020836273,0.04289055021113675,-0.08683572939436884,-0.034821038462119765,-0.19525560411727125,-0.008594684689285294,-0.1481098201201358,-0.18299781882721725,-0.3570397120472133,-0.11783549348975648,-0.17946362864219603,-0.2856953404648303,-0.04277741277489406,0.06920378770368937,-0.03878381925633274,0.021300926760324874,-0.10591359733288454,0.03529207507707527,-0.076645092382707,-0.053749401857307554,-0.21356282636500903,-0.03359446142809111,-0.08800911490686442,-0.1621241514951142,-0.020149966683755745,0.10285435873196927,-0.07602297833283565,0.05461115076940767,-0.06308651064281283,0.16116199059245415,-0.1569069289048585,-0.050263977113156236,-0.14417056249108048,0.021779790622627113,-0.24448020733809817,-0.30739567231871934
month,,,,,,,,,,,,,,,,,,,,,,,,,,,,,,,,,,,,,,,,,,,,,,,,,,,,,,,,,,,,,,,,,,,,,,,,,,,,,,,,,,,,,,,,,,,,,,,,,,,,,,,,,
is_weekend,0.01780836181000676,0.041276456611632574,-0.038448698361134494,-0.03272069098625775,-0.017823957214214887,0.0,0.7823428286291999,,1.0,0.0,0.0,-0.7823428286291999,-0.037254420410914285,0.07377111135633174,-0.07377111135633174,0.024576497349053195,0.023560487061149816,0.010248213500697267,0.023320481892057078,0.026000551154522288,0.0012240266764302608,0.04761308357437563,0.054349798006152784,0.03659586592293281,0.04254843302260431,0.03781198429670879,-0.01295338358885299,-0.03224858832836439,-0.0295925367126807,-0.03948871725146896,-0.05047291092371205,-0.044968787577613925,-0.022496391396578025,-0.02136845543616145,-0.019152408204481657,-0.02396851191882162,-0.02816059168036734,-0.03625675888476977,-0.018360408315547395,-0.01459196484265738,-0.005487987021611848,-0.002895993099808147,0.007127983460360416,-0.018287955937672573,-0.03578392078860319,0.07732009923188984,0.02327978420011077,0.0830844413456532,0.06698608378001922,0.12448759593912592,0.04295960215359477,0.12003885551146455,0.15439436352980393,0.12272732099619937,0.09134315488907788,0.0349348513833963,0.23252655146610282,0.14367431557460078,-0.03219170244738632,0.13778678991839086,0.07203915171484633,0.1981772965257094,-0.004591957801021366,0.15102151207979825,0.19623919822881025,0.1589839536414262,0.0071519342118201434,0.09274900645217235,0.22180599568884013,-0.09088778587073482,0.07331132106807123,-0.0662877369549247,0.010865341955444013,-0.14927925113644092,-0.019279821279129538,-0.04023482262525572,-0.13667580886618272,-0.23259847096620104,-0.0744153108440854,-0.037270794265098176,-0.2533086382803116,-0.044599760389815085,0.11954289398384048,-0.05499181720276983,0.04533388933593005,-0.0808474426346113,0.049647539775219046,-0.002945239481402262,-0.029611975257945844,-0.11399911467643849,0.026207757524664487,0.02670387099008502,-0.07322078188438504,-0.02587179056041704,0.14379066580397795,-0.10820916565998354,0.08267846272346151,-0.07025540313092589,0.17815834691524363,-0.17506695167075698,0.008867619776772542,-0.18299034930021746,0.01695984263405103,-0.26138931795578224,-0.22528488570731525
hour_sin,-0.0368111382662244,-0.009550054367255463,-0.015113295558208227,-0.020931708756789933,-0.0005495771760886169,-0.7455416103283029,0.0,,0.0,1.0,-0.006744995648389904,0.0,0.0,0.0,0.0,-0.04838688278067612,-0.04745593431869476,-0.04503330189944111,-0.031739782905372625,0.0266883248431595,-0.013591188944574598,-0.021562987503937366,-0.024056896231090436,-0.02734047801729803,-0.032519469813519615,0.008921061506517785,0.0033228889526295343,0.0011754011215449548,0.010967222527283842,0.01873587687372821,0.024724760584952734,0.015028793349812723,-0.019925990693322168,-0.007299705216141095,0.0026905890204126305,0.012830490189382366,0.020626034203562783,0.02332463055195365,-0.0237411820955824,-0.009210003886867218,-0.013606105099063744,-0.019073196382925827,-0.024488871540527337,0.009190366902846966,-0.004664042999210032,-0.09071906707403962,-0.05236966843236927,-0.02616535308181993,-0.08385964705689566,-0.12218689676369582,-0.031000384214050603,-0.05285855248684155,-0.09601771288684577,-0.014839570800131464,-0.03321650632494763,0.020034028385102508,-0.05207748850002171,-0.04964011466694011,-0.02409312283922813,0.027848666101330875,-0.048830769151849404,-0.12016908265392653,0.012163220459733396,-0.08560551941111029,-0.07953004139731537,0.0064104553329774935,-0.022775646256918143,-0.001169248298951399,-0.032584008734263974,0.028327126105677152,0.14477008897426696,-0.0812396125044653,0.13963989837166818,0.06401019986842857,-0.00564404389686792,-0.0068497404012494685,0.016360048805077246,-0.005814331726767431,0.03308524919340695,0.05573460343055839,0.03854965715207877,-2.0153687040555593e-05,0.06204598540990611,-0.009214953350037598,0.051650881853407965,0.03200659012597783,-0.06497471702734736,-0.032709939659963085,0.004469928582920162,-0.011736135661797478,0.015329920088096858,-0.008638981459100352,0.03542971440689251,-0.07325483560436602,0.11133938427641628,-0.13224124404243637,0.041791902950020075,-0.04688430590204244,-0.034037894166905634,-0.05971317175084084,-0.06430910667777243,0.03481123327390875,0.010522250577314212,0.0044853551944718266,0.01610824327043646
hour_cos,-0.028631631770203624,-0.031692939576437845,0.033057734017568556,0.030362333825675103,-0.015107817142960752,-0.16615921537071862,0.0,,0.0,-0.006744995648389904,1.0,0.0,0.0,0.0,0.0,-0.031167441655693778,-0.026237424935605744,-0.01949816964434163,0.031174431426213445,0.026113154338348942,-0.017622035855893302,-0.037332173787600544,-0.04079925150749704,-0.03815051380926639,0.00969007587537981,0.02959638320904908,-0.022172059873514217,0.03984116283430637,0.0470395530289681,0.04248238833166209,0.013690100116758986,-0.0231258516195858,0.013742802067063374,0.0330002177404225,0.03969632976039689,0.03747600765441517,0.021987477520509297,-0.019314199724470845,0.012416047561621705,-0.0203320299020222,-0.018223897125696744,-0.02193141115964594,0.008227121892442665,0.02967665048197563,-0.032925802638764254,-0.07991636053894312,-0.02904134984069586,-0.09772359211624358,-0.06835361823062663,-0.004386795208342732,0.024514281155829962,-0.12542407724831023,-0.07106459954375756,0.01830187032691505,-0.0024230838952010304,-0.0029463479809918014,0.025039477995017816,-0.11106341318715883,0.0048407418618608535,-0.11771092333868796,-0.0805762227132311,-0.045707039746170526,0.015310800951299455,-0.132065162711924,-0.06144598090750838,0.036077866914294536,-0.007468979515686491,0.023865294629504694,0.09142884720197368,0.07968559350167514,-0.11254446870468189,0.06321562327940662,-0.0951720331900313,0.026164145941957623,-0.1722849308731258,0.06213148484020568,-0.13515565731400506,-0.007277280944069887,0.004309254941839773,0.006894935837891032,-0.03411219351457521,0.06269372791291601,-0.1156600109311376,0.024044828778361657,-0.06586004358665934,0.030042383770021906,-0.10212376021357603,-0.0021428885253994244,-0.04003968156888882,0.005259841347083159,0.015578481263953479,-0.011430056912682991,-0.07105080830198568,-0.015165091445022696,-0.2066545829054533,0.14074077604905658,-0.15328314534130605,0.037550852527379414,-0.2302265532464899,0.18857441779045403,-0.03465722937431446,0.009015641492377274,0.014074969991862646,0.008500074779193489,-0.01176086720397889
dow_sin,-0.002611243640848476,-0.015896548619429764,0.035126859846326006,0.025602251113195505,0.023691226349335077,0.0,-0.700502512562814,,-0.7823428286291999,0.0,0.0,1.0,0.2422110552763819,-0.10846308090223997,0.10846308090223997,-0.00013596853971275003,0.0028553405789815624,0.008127686174399205,-0.012018760751880485,-0.015149931406881563,-0.032895804914336024,-0.014626732466393452,-0.011559188395197015,-0.004571954917009647,-0.014992977229768308,-0.017950454591239878,-0.01621662356592248,0.04058178010578966,0.04052350366344078,0.04357933738366065,0.05303646313499814,0.05729504421525457,0.021950008109227863,0.028941258574317306,0.030362239255863538,0.03098057442113158,0.029517929531384175,0.03563219923671664,0.012201150548864288,0.022512858813692405,0.013443747374419229,0.01442464084109274,0.008659705698938461,0.04421273050052572,0.024401272764890344,-0.028543787758026812,-0.02836176886116704,-0.03424131286582266,-0.02893895514997463,-0.056625034777592766,-0.043090828120503626,-0.09275437491009675,-0.10277373635988213,-0.08232898741559372,-0.13579835132786272,-0.04014190419803267,-0.21602286324950004,-0.06120091415985663,0.08057517111293343,-0.12640910047725748,0.029081421425857415,-0.07659218773621845,0.0806451000345873,-0.15448108421505385,-0.09141063508584168,-0.07772989186902877,0.016316176128293954,-0.1022171166211747,-0.1526236643562416,0.11092623991826703,0.021074070359759084,0.041607366029099355,0.0643232153178849,0.1664331598056168,0.08627920462742253,0.08602797593151681,0.2078357228917052,0.2567558906823609,0.16015283451201562,0.05887413393500805,0.3472745806406025,0.05061202154309665,-0.06384808011417163,0.041739229169832893,0.005530969955806576,0.07281629957233447,-0.030664964798392147,0.008564916939858653,0.10225374186833423,0.10840079630686833,0.03287622340190175,-0.06907469356788136,0.16161671452625012,0.03241786619933327,-0.08866397849237893,0.08101134007615002,-0.026421728674138254,0.10163011012194498,-0.16253631139434171,0.1815427823551931,-0.02395875076155359,0.21812104012406422,-0.04664360201456537,0.25448227817249547,0.11752821090823658
dow_cos,-0.04274009520854172,-0.03159948695071402,0.03745040629630417,0.025098087956716954,0.0013199440701125342,0.0,-0.5819095477386935,,-0.037254420410914285,0.0,0.0,0.2422110552763819,1.0,0.10846308090223997,-0.10846308090223997,-0.03693423513987673,-0.024493340259067235,-0.014970145147636742,-0.023884718698626448,-0.039761987332831185,-0.02269253714678485,-0.02722498410583584,-0.019113649197973568,-0.010777398400345844,-0.008487955164053363,-0.021991438308635335,-0.003916664686514791,0.030751490102128028,0.031364854720561865,0.029483961324950465,0.03496131984366257,0.053217294065887134,0.0077484581839209745,0.023121367162018444,0.021333918497898473,0.02025242878610442,0.02360307765166644,0.0435952130831839,0.007864824565318727,0.007047327220721205,-0.0036758155988105747,-0.008725745527869602,-0.017692992720365706,-0.0039030719907742696,-0.00965009649764122,-0.06533142923213212,-0.17438335536102717,0.10885885667475538,-0.1505279387030757,-0.08543889740558337,-0.20650033682685773,0.20803154312824385,-0.1370297773436919,-0.1413891775674426,-0.30333168727082155,0.324545591126361,-0.12612883830740315,-0.049137317043510646,-0.1269308752878074,0.08798906290853034,-0.07737256534717007,-0.03243711707094451,-0.167646434343485,0.19461617850728513,-0.07868072911373211,-0.06751131050388362,-0.274805911873238,0.39104601260539606,0.023706654335603334,0.11195439783680593,0.10003881572875314,0.08751606938027777,0.19667743771868837,0.17026910233796683,0.09822595446822398,0.21328733732379337,0.25198868650283907,0.27089235498399555,0.16264249610949003,0.2533381183747618,0.22975121145513838,0.06732191131464792,0.08119629090059141,0.024983272350873643,0.12515708517483623,0.10601200998679766,0.06388347291849039,0.09641550036750564,0.1347205169148395,0.1804081501342809,0.10587061588082844,0.14706759857919757,0.1653247067287737,-0.006564720418423004,0.041293937435861065,-0.024346917978165305,0.057089806599477294,-0.01735275606190365,0.04697509647934227,-0.01910653734103508,0.13851633176753003,-0.03269386584176188,0.1439363641597503,-0.012367022890084874,0.2751451687342637
season_sin,-0.015220011943799253,-0.017875133782452975,-0.006834951473868494,-0.027333903448282768,-0.033527882271700775,0.0,-0.004975370683588989,,0.07377111135633174,0.0,0.0,-0.10846308090223997,0.10846308090223997,1.0,-1.0,-0.01077576588372044,-0.01091039292436683,-0.011661715672882482,-0.011224511622691013,-0.0003376244637657562,-0.0039647392629820685,-0.014673816547807328,-0.01473194290327169,-0.013981397656736488,-0.013880509036148866,-0.0023951984454706784,-0.0018241830307880328,-0.008171342627802681,-0.006288770602953227,-0.008225190775093667,-0.009784668035500373,-0.018596201481132633,-0.0020992469172091332,-0.029845151303949834,-0.02808565753417635,-0.029501544894700003,-0.029404948435392583,-0.033436779423301616,-0.022720867948706862,-0.03420097814697192,-0.03707670306778713,-0.03236032807765346,-0.029479478213902212,-0.034811252011042945,-0.03972379344806974,-0.030046696781985797,0.07489906418106747,-0.027278007368425932,0.03675539052369028,-0.03725829938057567,0.16555231848050125,-0.09226776922154428,0.02007701518851071,-0.027201547709498432,0.24516516324127322,-0.21073023403513547,0.05140987767737052,-0.03942749906979375,0.03199043990643879,-0.07741192477552579,-0.030494933720985697,-0.03166358217131092,0.11113533093211,-0.14111973552947352,0.04590720250757142,-0.006142069011962424,0.1707003043219275,-0.17877222942581933,0.17506905086468907,-0.030264115031774345,0.08396763814470626,-0.07288298874373428,0.05378010461419331,-0.0598583934992705,0.1053920347815897,-0.20155918317337185,-0.022144536618053115,-0.05471373013384453,0.1244907416878523,-0.2619621644954861,-0.13886436958042722,-0.0758656201783938,0.045645010215402244,-0.05864776210578452,-0.028880683890182807,-0.11315486553086478,0.09631320493186588,-0.14087647393091668,-0.04058032371747734,-0.11932841462890197,0.1748320090359305,-0.21832675624040535,-0.09590562818157618,-0.09100037580116246,-0.09645508749998878,-0.06600268758467064,-0.1451590099520891,-0.15213248491230022,-0.10665018084247763,-0.14898168899282957,-0.20697380851174718,-0.2516324561841861,-0.20166549346525123,-0.18888965368201283,-0.1972180353701528
season_cos,0.015220011943799253,0.017875133782452975,0.006834951473868494,0.027333903448282768,0.033527882271700775,0.0,0.004975370683588989,,-0.07377111135633174,0.0,0.0,0.10846308090223997,-0.10846308090223997,-1.0,1.0,0.01077576588372044,0.01091039292436683,0.011661715672882482,0.011224511622691013,0.0003376244637657562,0.0039647392629820685,0.014673816547807328,0.01473194290327169,0.013981397656736488,0.013880509036148866,0.0023951984454706784,0.0018241830307880328,0.008171342627802681,0.006288770602953227,0.008225190775093667,0.009784668035500373,0.018596201481132633,0.0020992469172091332,0.029845151303949834,0.02808565753417635,0.029501544894700003,0.029404948435392583,0.033436779423301616,0.022720867948706862,0.03420097814697192,0.03707670306778713,0.03236032807765346,0.029479478213902212,0.034811252011042945,0.03972379344806974,0.030046696781985797,-0.07489906418106747,0.027278007368425932,-0.03675539052369028,0.03725829938057567,-0.16555231848050125,0.09226776922154428,-0.02007701518851071,0.027201547709498432,-0.24516516324127322,0.21073023403513547,-0.05140987767737052,0.03942749906979375,-0.03199043990643879,0.07741192477552579,0.030494933720985697,0.03166358217131092,-0.11113533093211,0.14111973552947352,-0.04590720250757142,0.006142069011962424,-0.1707003043219275,0.17877222942581933,-0.17506905086468907,0.030264115031774345,-0.08396763814470626,0.07288298874373428,-0.05378010461419331,0.0598583934992705,-0.1053920347815897,0.20155918317337185,0.022144536618053115,0.05471373013384453,-0.1244907416878523,0.2619621644954861,0.13886436958042722,0.0758656201783938,-0.045645010215402244,0.05864776210578452,0.028880683890182807,0.11315486553086478,-0.09631320493186588,0.14087647393091668,0.04058032371747734,0.11932841462890197,-0.1748320090359305,0.21832675624040535,0.09590562818157618,0.09100037580116246,0.09645508749998878,0.06600268758467064,0.1451590099520891,0.15213248491230022,0.10665018084247763,0.14898168899282957,0.20697380851174718,0.2516324561841861,0.20166549346525123,0.18888965368201283,0.1972180353701528
traffic_flow_lag_1,-0.03338044086797175,-0.043582678245814375,0.04020162260237138,0.04537207144009044,0.015684971095186687,0.007486871451626084,0.055907673652935905,,0.024576497349053195,-0.04838688278067612,-0.031167441655693778,-0.00013596853971275003,-0.03693423513987673,-0.01077576588372044,0.01077576588372044,1.0,-0.033612189333651066,-0.023115652333387304,0.02810964206780405,0.05043845239677277,0.016110702760196487,0.8920263040849594,-0.006315431837640109,0.007938146359821032,-0.005760650652718763,0.05677257450193406,0.009773955529178948,0.0018216576239051508,0.08383959547929518,0.005708436723727917,-0.0041816321698256295,0.03408040456347707,0.01472899984854387,0.005115631530696163,0.09249953836414446,0.001891161184038017,-0.007934965163909615,0.02627611635582774,0.045765012631321496,0.025979356563892764,0.05586383451377455,-0.04455066484122755,0.049582124276716315,-0.010938298033252232,-0.04280766908997718,0.3327902404103212,0.01598735231290191,0.2066486511549679,0.20766989830083638,0.2645229680387651,-0.008787858808267176,0.09752449337053624,0.09426822705750615,0.17319666738087147,-0.03096008490613517,0.06323149600714731,0.01824073838692044,0.3085168003434535,0.011200313951294732,0.17878007684934286,0.20529022170397998,0.23599122448226814,0.008260643749152278,0.07579553390945305,0.13580459399525494,0.17386556792605368,0.004365366118383961,0.0479104279062278,0.07519574082429663,0.038707349329642884,-0.026237514144035946,0.03493885158603237,-0.006842645793544593,0.025626932272085592,-0.0642062677088816,0.06787652046365816,-0.0067365742213147065,0.05600438874691783,-0.11131614391582609,0.07963576108076276,-0.020353420993478633,0.04087231416762973,-0.050725381807820207,0.035347602514930306,-0.008009916738374957,0.04529857278842019,-0.10388830995110247,0.0831032131990492,-0.013043654738240736,0.08205697718941714,-0.13019259905545238,0.07171199120094461,-0.026324998060990607,0.05016527376237787,0.039536519018869946,0.02961729327606601,0.09533151118664385,0.02846622308513759,0.051793595202797624,0.018065988459913286,0.047460554115385745,-0.002064362663403565,0.021983269933740106,-0.008569143535039373,-0.006836104551114688
traffic_flow_lag_2,-0.023959448639519366,-0.0005361058465178203,0.03439931229149732,0.050723536320835656,-0.015391483013385776,0.035365074552568695,0.0398305982261682,,0.023560487061149816,-0.04745593431869476,-0.026237424935605744,0.0028553405789815624,-0.024493340259067235,-0.01091039292436683,0.01091039292436683,-0.033612189333651066,1.0,-0.03352312572670266,-0.10955734778585263,0.04159939081037329,0.03405281950771254,-0.043872300635414155,0.8919550095524565,-0.006445198059099521,-0.0694940627108419,0.03919405808028719,0.050053678343145024,0.040821632247672796,0.00211802450610357,0.08490683767290859,0.02288936125769548,-0.030613892672876723,0.04989120905047287,0.04611385908176815,0.0054538243135819715,0.09342826541148087,0.018060571337817136,-0.03304071044744763,0.03136578120669956,0.016064991558837272,0.0267964796518454,0.055186709744341665,0.08755606531689426,0.005580309832031375,-0.010225260666668384,0.3649750611839466,0.041675583161090095,0.21872765962273338,0.24014440264458506,0.24329656590518595,0.004148774024065884,0.09321110404555952,0.11129340144090476,0.1627831738720686,-0.027775883192025543,0.07405467314435829,0.02993344130324112,0.34367048770678027,0.022961631535800702,0.2138341181749149,0.2267773092675708,0.22275184112469876,0.013273278414023757,0.09011121650845667,0.12048434792143567,0.1646681183621845,-0.002730650777355949,0.0629746660265379,0.06388711462180738,0.04424691290471798,-0.02498047934705047,0.03957960786244112,-0.002569006881233063,0.04510499618445696,-0.039444590389440516,0.087447017660154,0.026319785676024488,0.05044399654880186,-0.10481053236957316,0.08811068471741869,-0.0240521644480595,0.05458226717092159,-0.03554138365074448,0.05443779823706858,-0.011577799849919693,0.06616832523958018,-0.07858701202341309,0.09329779006518651,-0.0004558920031016718,0.0813079700407663,-0.12565989305463857,0.07242285504660456,-0.04437602595447156,-0.0011804598725454287,0.04693209824072069,-0.01988515838277549,0.03447733023494397,0.012471673998370389,0.058248406125554736,-0.007091284291009735,0.04644394578801365,-0.01009529352514662,0.03771340636478448,-0.02976273885270724,-0.003986373341665258
traffic_flow_lag_3,0.011082487565491414,0.017940944637271136,-0.07787454658558646,-0.0803500858063425,-0.0003371859691290719,0.06139661821585017,0.02311272312335923,,0.010248213500697267,-0.04503330189944111,-0.01949816964434163,0.008127686174399205,-0.014970145147636742,-0.011661715672882482,0.011661715672882482,-0.023115652333387304,-0.03352312572670266,1.0,0.008961898423660965,0.010610828047747538,-0.02670308217306346,-9.740330306408051e-05,-0.04374773967283012,0.892119973684015,-0.005113477776315878,0.01823729019783987,-0.026799748012727807,0.034110019647144114,0.04097111233172634,0.002353952261580312,-0.03579983926201885,-0.03392314304426788,-0.005493366773868428,0.05054199660829353,0.04637687295573413,0.005620807327264319,-0.03256430625030028,-0.0104028832319894,0.01450307353746519,-0.015123688871409803,0.015693452254321366,0.027472537209468587,-0.041253918675954716,-0.040447464554521244,-0.0395608653238493,0.3948146439684063,0.016205112383518353,0.22178305033065052,0.20252126905941792,0.23914339164280493,-0.02320067900137918,0.1144476171635882,0.09702837102544266,0.16863430541520333,-0.02282574891812252,0.06885386703348151,0.04707801978825295,0.35552834878099265,-0.004262504062894132,0.19739256307028155,0.16827278363776402,0.21787823996142028,-0.01813231866834556,0.09873127950796436,0.09279635137759262,0.1768128983335986,0.003712099261258925,0.04539042307382653,0.06335087993663915,0.021134023394659734,0.008984231949833601,0.02143815971048077,0.024812716564214098,0.03972363869177286,-0.04602115060914634,0.050865440139583246,0.013080041873373626,0.030906600519755783,-0.09833825669406811,0.08263291420305982,-0.016686771028877324,0.0295908394492783,-0.0065713752023394585,0.02595076904886707,0.00435968816686944,0.04830877167463802,-0.07130111524946323,0.06374458296561361,-0.027773244351652418,0.05435497107580564,-0.12871156188418315,0.06196769802857566,-0.035100706764185946,0.014410082173029668,0.05646770351263614,-0.03171244051393549,0.03814212253626864,0.033578554345152,0.06414100072266679,-0.021914626015710394,0.06160902649239557,0.0036890088022079634,0.029621378537077563,-0.01794478841548108,0.005667022177341644
traffic_flow_lag_6,0.02718726288365832,0.00673351642637433,-0.011210956922863662,-0.03442862764598146,0.010934147264159309,0.025449898379084103,0.03829307360085927,,0.023320481892057078,-0.031739782905372625,0.031174431426213445,-0.012018760751880485,-0.023884718698626448,-0.011224511622691013,0.011224511622691013,0.02810964206780405,-0.10955734778585263,0.008961898423660965,1.0,0.021779148507042167,0.03390019957836933,0.024232380320374995,-0.1025351447189146,0.017729149089798665,0.892104601209962,0.030140913232112657,0.010255698849182072,0.0482517279656776,-0.00714856289452679,-0.07400859292295103,-0.0066680493829251895,0.027631793660068567,0.029297856255987284,0.04141017583818271,-0.009320684594490319,-0.07705339869283484,-0.002910244255369815,0.048312439148195045,0.03152149733067161,0.04891276120985836,0.03298433453562395,-0.0026075782188292444,0.025138803235121982,0.04775622235096338,0.026310080707191288,-0.044740196296120784,0.0027816467634650685,-0.02052170320105169,-0.04221650349287588,0.23788762327860993,0.021103094644444417,0.1008671585033316,0.1096923840669402,0.17127770722524277,0.0004085302389929444,0.05755511185207685,0.0647279662314874,-0.06128506811166049,-0.030417328280631248,-0.03576395715156048,-0.05497451157335758,0.21582086392121116,-0.001479788786481877,0.08543034790597465,0.08690820125617908,0.177239590644365,0.0116720185894294,0.035133589049980686,0.07446258828781269,0.007276170296615668,-0.013325465929623252,-0.017330651101524847,-0.041920192960468755,0.018767243777466285,-0.034103291506631134,0.016762127357681924,-0.004621427918529606,0.02701726773100403,-0.07289585865403814,0.02996393567023523,-0.016842243760547188,0.00881220700613587,-0.0507865615481669,0.01323159897351347,-0.05071808014436287,0.015421249812706473,-0.07291823725074724,0.013398321783177212,-0.04423528345632103,0.04323378607635256,-0.09729919436399899,0.025837352334013804,-0.02646319368754543,0.03417668040378761,-0.0030318137756430137,-0.011090506789488955,0.00690839635814849,0.05864114276436193,0.03255816227120561,0.000909072311557106,0.037268450586371446,0.014857793792898725,0.028090125957733997,0.002329539138090572,0.007120637494225441
traffic_flow_lag_12,0.03523849568251788,0.02884345479708736,0.014517301905214997,0.012043236045684191,-0.014703103970562074,0.024542333259938428,0.044541178185215725,,0.026000551154522288,0.0266883248431595,0.026113154338348942,-0.015149931406881563,-0.039761987332831185,-0.0003376244637657562,0.0003376244637657562,0.05043845239677277,0.04159939081037329,0.010610828047747538,0.021779148507042167,1.0,0.03201017507432515,0.07152034809957003,0.01622362144441432,0.007683517298278692,0.005159053073590091,0.8916967374840202,0.06313417708689086,0.03690740943775797,0.0903839684599512,-0.018416925504274144,-0.006480836220843134,5.2626032808497354e-05,0.05677033967275896,0.005492678399836872,0.09800527089896198,-0.00988526964627512,-0.03040616271686377,0.00032835766760270835,0.08309761923387775,0.012260295491190593,0.042095442267838144,0.01858017041579671,0.010821553942035943,0.023224026691413976,-0.034253416801061976,0.05203731430523761,-0.0239161027293821,0.054450779849423724,0.03245823332487329,0.010401558818975122,0.02657649390273299,-0.007641496886076201,0.04707518911420085,0.20835803521706922,0.0016165298632660387,0.05074871093021813,0.0837511693250705,0.029220212401560808,-0.0275568927356553,0.057408912807789786,0.009684103859112824,-0.009482183405713569,-0.004486227249895048,-0.014119900214123923,-0.019758200549702728,0.1809938371661238,0.001942439586063676,0.04504905593848891,0.08293364138818887,0.04829493129903618,0.008162618384385797,0.008592697444719674,0.038363897172396265,0.030870763975140752,-0.01874263242796587,-0.011623728206053669,-0.014121741972675853,0.040187087907371036,-0.05138638790587905,0.0328140155051917,-0.016885396885582975,0.03975514809526396,0.05080298825508826,-0.0007604226027413535,0.05286669581009545,0.026171050819503303,-0.02888958344529108,0.017280152432098336,-0.023958444231375428,0.04621976716566808,-0.05086032898531932,0.025589897092852833,-0.02571312904795881,0.012729496666454664,0.008863680723820523,-0.0030876724575919596,0.01626833061902284,0.03168964903887271,0.009981228746510175,-0.002716627372464275,0.012906384696257246,0.03299560253885527,0.03830200507553573,-0.010275896424567218,0.02328822341715706
traffic_flow_lag_24,0.012323601191925063,0.010701473533748939,-0.025689669290612713,0.008778724755706827,-0.045371333081198215,0.001825489506884447,0.0033789313852437,,0.0012240266764302608,-0.013591188944574598,-0.017622035855893302,-0.032895804914336024,-0.02269253714678485,-0.0039647392629820685,0.0039647392629820685,0.016110702760196487,0.03405281950771254,-0.02670308217306346,0.03390019957836933,0.03201017507432515,1.0,-0.025258449479859866,-0.021966915765951913,-0.05933746812824946,0.016776594931109133,0.030316032881873678,0.8885419815410688,-0.038729750396526055,-0.004777522374243099,0.061694258528668736,0.021246659090877182,0.024787071999116513,0.0020987688421334545,-0.05722741383789145,-0.015584537552890127,0.056303778244700106,0.029119845486354212,0.01800988599210987,0.0004213931425476557,0.01575512350904859,-0.02418604540949276,-0.03886073655284083,0.027881036566888014,-0.01896127189149617,0.020617700352458974,-0.012789234105581044,0.033743820189809724,-0.03219750927092989,0.01285033538687953,-0.015307940445646474,0.03751442953123509,-0.013803529688363545,-0.015334537902466866,-0.010164062026551415,0.05063161023484073,0.0023533739306056995,0.027950632907465103,-0.05777371842102087,0.008134985218739085,-0.0279001331171985,-0.023021483906632667,-0.06332881138110567,0.008135893281595377,-0.0353757741217947,-0.05002384388388069,-0.05956290571029907,0.016043962757669467,-0.04342801061626973,-0.032115815300055965,-0.032790405221136854,-0.01774960033168902,-0.059731649951927306,-0.04016824916997296,-0.043411760761192957,0.03153612961245964,-0.08344930582189014,-0.05948525544556301,-0.011904549408662488,-0.007301141451332619,-0.06810950849609462,-0.0740159146857401,-0.031249556484248237,0.01747338778504828,-0.06476035040008474,-0.008986142616824823,-0.025912302710673803,0.036149462757001614,-0.07034475849744191,-0.01263936307992155,-0.009253900160632352,0.0027571706823695005,-0.04463560199341292,-0.04252221729948503,-0.052720658267099985,0.015846320925889553,-0.049017604884543084,5.694531814192972e-05,-0.03343572400416774,0.04084745413878944,-0.043348930170345704,0.04323619418488428,-0.0058610123111443365,0.03302953408594208,-0.0024763836653508005,0.015094534182294433
aqi_lag_1,-0.006447134206380076,-0.02368797553387755,0.028259065648844603,0.034869164316835705,-0.005435040329100371,-0.010217204232342087,0.06865969440463786,,0.04761308357437563,-0.021562987503937366,-0.037332173787600544,-0.014626732466393452,-0.02722498410583584,-0.014673816547807328,0.014673816547807328,0.8920263040849594,-0.043872300635414155,-9.740330306408051e-05,0.024232380320374995,0.07152034809957003,-0.025258449479859866,1.0,-0.023748937394034313,0.015051524042425235,0.004859401540902025,0.09149204064970617,-0.034571961024185624,-0.0035470640287691402,0.0555062683817754,0.007777141299375687,0.005756132057418627,0.020724951280064755,0.005320916370221216,-0.004990388768296043,0.07825292575242279,0.0090735162400655,-0.0012186583726644371,0.017560291024102174,0.03086692320593596,0.004557994870385931,0.030177068067494893,-0.02225910591078242,0.050843204595003084,-0.03313780024132889,-0.06894474062020724,0.31431239192758054,0.015213590882907977,0.20915966872364247,0.19898874709662265,0.223413084133012,-0.02268186353170019,0.09473508482381829,0.07412905119475074,0.13399596648792675,-0.045483811581198706,0.04978300793846797,0.004958956293045103,0.36436761013328123,0.01682289997407485,0.20270025177411466,0.23142489709844394,0.25700107842528397,0.011546194193677984,0.08138223775983049,0.14334385605779817,0.18268248330278233,0.0016412386384195127,0.03444736209504167,0.08403641244977418,0.03860622324086645,-0.010837889324601259,0.050107061348451144,0.028522206343711876,0.02928676533946589,-0.05228798088116983,0.07150109775911787,0.035226305661381005,0.05644214986399624,-0.10536796253694153,0.07855393814292612,0.015382012546802345,0.043802501348725896,-0.03929430934006837,0.04935621468844057,0.02635518599032858,0.048900183778771894,-0.09439648836309845,0.08339378445261894,0.016780484118155727,0.0856222186011113,-0.12164329433285276,0.0746403446370302,0.010461096637188768,0.031312970131666625,0.02174091058952956,0.016044041033698206,0.05450687208807284,0.02102551265802656,0.04572347134169199,0.008313618611526971,0.029312092749352658,-0.018890185947196787,-0.009236118020033704,-0.004351121163812762,-0.029504404379518314
aqi_lag_2,0.0066269091405308156,0.014424686945732183,0.035684823073156964,0.05843538106594074,-0.03296822457153719,0.015509195983573065,0.06403117808085962,,0.054349798006152784,-0.024056896231090436,-0.04079925150749704,-0.011559188395197015,-0.019113649197973568,-0.01473194290327169,0.01473194290327169,-0.006315431837640109,0.8919550095524565,-0.04374773967283012,-0.1025351447189146,0.01622362144441432,-0.021966915765951913,-0.023748937394034313,1.0,-0.023657132755800506,-0.06143206117694413,0.016840446491745518,0.0013233301946513128,0.028635097205424734,-0.00318515478310065,0.056339935225285465,0.03927838089440908,-0.005858657446730223,0.028768224490936883,0.03539204910983429,-0.004576453046921868,0.07899914135827711,0.035390329728004814,-0.00522264145583029,0.005188750647518282,-0.005146067091388087,0.0052311163555262075,0.03003864769809684,0.07678127923791637,0.021482119875038168,0.0062486088239176955,0.35345568223976376,0.0508603423194423,0.20932560862690497,0.2423366998052657,0.21744701806790695,-0.01934397909902214,0.09639826191184599,0.08781619074198546,0.13978056100521444,-0.04566692377712151,0.06730470152857058,0.022699524111505363,0.3968047775042037,0.03230977897429743,0.22428461992606843,0.24583037882125333,0.2547103799477555,0.010933732163582417,0.09824595819458977,0.12297572090353509,0.18391818572258042,-0.0077038219140442375,0.056424951967145094,0.0699580735960259,0.03797742470373111,-0.014074766285904363,0.04363850191851796,0.011757299824349856,0.04385679762147172,-0.027813699075756072,0.0809259464058888,0.053785274508019607,0.05234180545876451,-0.10142399932125548,0.08854473429235887,0.007525224070919911,0.054896464202075064,-0.0431686778567799,0.07425491683980438,-0.003132385899524609,0.06398959153305941,-0.07554090890001439,0.0915364255059818,0.014846083677690261,0.08747520560277128,-0.12185747531662577,0.08287270901276671,-0.013966102971517725,-0.02005996856851276,0.014195811235643048,-0.020812901736328278,-0.01824814069485414,-0.013054025808618504,0.04513009483732613,-0.02186205130306243,0.013305424997628882,-0.03232285000517975,0.00457248644268225,-0.023181794620144063,-0.031123452885622516
aqi_lag_3,-0.0024221389448020048,0.007520252996624485,-0.08035343278858749,-0.07893084451167427,-0.001022420543027918,0.04841259037084091,0.043169165858823404,,0.03659586592293281,-0.02734047801729803,-0.03815051380926639,-0.004571954917009647,-0.010777398400345844,-0.013981397656736488,0.013981397656736488,0.007938146359821032,-0.006445198059099521,0.892119973684015,0.017729149089798665,0.007683517298278692,-0.05933746812824946,0.015051524042425235,-0.023657132755800506,1.0,0.006084295469193085,0.013398694962766083,-0.06614510729864369,0.03568731617590005,0.029671486684240734,-0.0013080292815944772,-0.015781026475175253,-0.030977307405384083,0.010304261294574056,0.05880048923830892,0.03642360556297242,-0.002883696683780267,-0.01768470306942322,-0.009347815156906046,0.022445278050974266,-0.03189993001839897,-0.004327155493423179,0.00605250902412222,-0.02338669043572451,-0.05602638488148925,-0.032392316076817404,0.3754723482348707,0.021064859875632704,0.21411614509651378,0.20296116546702742,0.21232168273357221,-0.03423063454008092,0.11372740212418346,0.07445953549173402,0.15152544466258416,-0.040354713065471316,0.07116734462439359,0.036479371160164205,0.40697566589847395,0.011486601288072043,0.21102481990740898,0.20111996626843323,0.2501262587015229,-0.010702638751951401,0.10483935417164376,0.10614383979099469,0.2018232596050657,0.0007708192232014385,0.04781066024219223,0.07359265862927615,0.010403042721674145,0.011661245225901968,0.016236074937179084,0.023488043528660782,0.03386155607208921,-0.028736467504810174,0.046615351565052116,0.04045909310593253,0.03139707876934166,-0.09876703348374333,0.0839435322802257,0.010327594821100988,0.02819522950019482,-0.02120216391902432,0.04045037975282292,-0.009305681154460975,0.04589417756197047,-0.06845582224352033,0.0692383384877789,-0.00959142563959505,0.0591998696995303,-0.1267579209440884,0.07258524445521193,-0.009072397394596718,-0.016736196581887557,0.03549888409597052,-0.034417188558488,-0.008502535884326298,0.010686227393396046,0.04833202020992646,-0.03153556273386493,0.02924300964721155,-0.022937629217848306,0.006438401911519437,-0.01543553377847112,-0.0221469411848449
aqi_lag_6,0.036885622246276124,0.022970148431765994,-0.03730317786383798,-0.06429320525758332,-0.02385323511514073,0.02787174624141491,0.04804560344953049,,0.04254843302260431,-0.032519469813519615,0.00969007587537981,-0.014992977229768308,-0.008487955164053363,-0.013880509036148866,0.013880509036148866,-0.005760650652718763,-0.0694940627108419,-0.005113477776315878,0.892104601209962,0.005159053073590091,0.016776594931109133,0.004859401540902025,-0.06143206117694413,0.006084295469193085,1.0,0.019042540412325015,-0.0071571544296934,0.040625795469052484,-0.015347920771156598,-0.07806148949184787,-0.007668166261866101,0.00910829866120916,0.04030243216103855,0.03798848990535755,-0.008348571303209996,-0.07686542051951932,-0.008562641945427303,0.01615862054460227,0.03388355689377358,0.06917178801696112,0.030926064120152915,-0.0036474793932831638,0.004983868382975187,0.04710018216103695,-0.001995928969064527,-0.019934548670597015,0.014887428072912922,-0.003439674423780584,-0.012359037867776456,0.2270536386821884,0.01942159291729769,0.10986383359295131,0.1143086526826075,0.1540096090553847,-0.01311624117053305,0.05450539754432787,0.06585076668098686,-0.027962918207528296,-0.019658201252755098,-0.01819760337997048,-0.026494615946506088,0.2667458315930927,-0.0019478067685685075,0.1144210404228225,0.10608156141601716,0.20622623927675376,0.008813007281495307,0.0399299298508592,0.08662044144219644,-0.014099078479873644,-0.018967029358346738,-0.01997634903815328,-0.04886973935377468,0.015184569696060286,-0.011841362807204077,0.023071898340642463,0.02415486637215616,0.017290013938168088,-0.07393300085114335,0.042551624816413045,-0.0014932992559680133,-0.007280102199511707,-0.05169452927754428,0.010264679191171914,-0.061157933283447465,0.01797998910438861,-0.051096280715804014,0.018467379156914595,-0.02006267038124489,0.043496280200954716,-0.095798389895217,0.03468907437630982,-0.024641512560998557,0.01295682964633305,0.0011938166584107568,-0.02505413805317674,-0.018632550065626363,0.03177608166672925,0.0278709216095544,0.0012486412746354056,0.014545574158960281,-0.009768384568787442,0.015875961278743658,-0.0054535190236448825,-0.011812832217006066
aqi_lag_12,0.06950957836398577,0.05215414683792679,0.04846292536312394,0.03429072127361708,-0.024876475642468112,0.0387610575769094,0.04994377007541137,,0.03781198429670879,0.008921061506517785,0.02959638320904908,-0.017950454591239878,-0.021991438308635335,-0.0023951984454706784,0.0023951984454706784,0.05677257450193406,0.03919405808028719,0.01823729019783987,0.030140913232112657,0.8916967374840202,0.030316032881873678,0.09149204064970617,0.016840446491745518,0.013398694962766083,0.019042540412325015,1.0,0.04999616049895855,0.050685130690195784,0.06053362237345827,-0.030113988658092773,-0.03522818450440471,0.002714126456524793,0.02050621074023066,0.01605730913513488,0.06830449979101641,-0.02831345577556537,-0.062481619765433,-0.004649989378764603,0.05268704451572391,0.03893978646320981,0.029179113780527125,-0.0036995257845262993,-0.025027148702452432,-0.0006692051632216269,-0.05386741758996135,0.04800059707305072,-0.012106969332852808,0.045961557957762876,0.02934495953206489,0.02951873172694449,0.03724042172137229,-0.011464136058421713,0.058387235822874375,0.1873647844047218,0.006208395200727317,0.030542343858088055,0.07218112727425154,0.022925740694525687,-0.008980622261850342,0.033075600486065206,0.010533048762473584,0.00476789030423271,0.009624968284613058,-0.020997727303852597,0.0010820433965585167,0.2002595819698678,0.018530669651066766,0.032547587253467035,0.08717939937725755,0.05767174078326777,0.015480061076667908,0.03297388014433195,0.05905136466986491,0.024956902923575528,-0.02145476665795416,0.015666174556058246,-0.010867078425029464,0.03749319354650321,-0.034641156937687406,0.04430394957752015,0.003499583006780179,0.03891497608806262,0.05173690551001229,0.004605677270144179,0.06508179060045134,0.01724019399974315,-0.030087524341889417,0.015008218204528866,-0.02733359193126248,0.040671880812237236,-0.041975915658011474,0.026495185681156993,-0.014794273411707148,0.01088183043413889,0.020878222934752253,-0.01777282711566265,0.026877891451244477,0.012515615054952984,0.0357759113180039,-0.017454692473480252,0.009268059751094614,0.013549430586366531,0.049690360134731784,-0.031828516217515035,0.01534951505263605
aqi_lag_24,-0.0021715364252930794,0.0019174148046860494,0.01270068992868429,0.03641709130510707,-0.04222853649020456,-0.003760807468978461,-0.012647895806259987,,-0.01295338358885299,0.0033228889526295343,-0.022172059873514217,-0.01621662356592248,-0.003916664686514791,-0.0018241830307880328,0.0018241830307880328,0.009773955529178948,0.050053678343145024,-0.026799748012727807,0.010255698849182072,0.06313417708689086,0.8885419815410688,-0.034571961024185624,0.0013233301946513128,-0.06614510729864369,-0.0071571544296934,0.04999616049895855,1.0,-0.042243050929413786,-0.007254377650170598,0.07453861420689743,0.05558853120868892,0.05370696421424463,0.003189718203037462,-0.05759394033896948,-0.005428299163991409,0.07691683807680795,0.06141072714695756,0.03672238538523803,-0.005733418585933244,0.01211726825824683,-0.01038002388574823,-0.02511346035396237,-0.01425907798307074,-0.031081273680242823,-0.00255754099408478,-0.006042010606838471,0.007631472914793027,-0.008454967292172436,-0.006142767204119144,0.0036992609515644017,0.016142530541145072,0.009294049139897396,-0.0201761255749413,0.010793719444234424,0.042606404458307705,0.008683537217417476,0.035039878214559526,-0.05570408808203413,-0.018611125385989535,-0.010592452265582617,-0.03724620498823586,-0.04037670257622771,0.0017732298162674986,-0.03149480171407803,-0.05202985287108866,-0.03422680807787526,0.02101611028914058,-0.03574482723113439,-0.03660646457787711,0.004202439217823904,-0.024363469354610333,-0.014817046721052274,-0.009832122469614634,-0.013170713639831829,0.026354121011231003,-0.05503564235906242,-0.037158702324447054,0.007485494872906003,-0.014651241346134823,-0.033086060261976254,-0.06253115973326041,0.014265148151871297,0.01814274909935566,-0.027777925393803044,0.03466354768581868,0.014553715233531515,0.022654793353237453,-0.04125206937837191,0.00883370527283145,0.014546770152720412,-0.011626988691216531,-0.01753778713119716,-0.015822608391522178,-0.03198264549970498,0.029339947276000557,-0.03834187275425337,0.027836702480567497,-0.02287225105662667,0.04624867007798091,-0.025801110122400456,0.07448043382088407,-0.014325396256552395,0.058944668726591584,-0.012314205990406748,0.027549033418010682
electricity_demand_lag_1,0.0817261877183453,0.054200471101338146,0.01051269766517948,-0.005927204338811454,0.0030510299256872606,-0.001364721605328299,-0.025589012344870054,,-0.03224858832836439,0.0011754011215449548,0.03984116283430637,0.04058178010578966,0.030751490102128028,-0.008171342627802681,0.008171342627802681,0.0018216576239051508,0.040821632247672796,0.034110019647144114,0.0482517279656776,0.03690740943775797,-0.038729750396526055,-0.0035470640287691402,0.028635097205424734,0.03568731617590005,0.040625795469052484,0.050685130690195784,-0.042243050929413786,1.0,0.009725800321386506,-0.03751328739751541,0.006408169476843274,-0.0201110226261605,-0.008321276797251892,0.9114720550544824,0.014919555203468361,-0.02005555512951071,0.01483747930568575,-0.024606935231685775,0.008721094105949727,-0.007780323784594721,0.02353062288723451,-0.003963270823578112,0.0522823894949222,-0.002560125847387309,-0.037818626212906936,0.04280533089786912,-0.06301330659303542,0.07020377663488106,-0.02353999717976626,0.07538806531595565,-0.04428446888552918,0.07125774132658243,0.01180003207671651,0.03534714358342329,-0.014933932627923476,0.03567598827984443,-0.0064987472563035895,0.001196814357389808,-0.035229350379362936,0.024744002008773462,-0.034942863857391586,0.02947400318838454,-0.017667051450094867,0.016456448551293055,-0.0035222793627228684,0.030572616572186236,0.022551881828984478,0.03115755391149384,0.021173183879249862,0.4182510569655868,0.011777914817827285,0.24031065066137783,0.2499810032451262,0.28692778463878776,-0.008096337553663652,0.15998885486685765,0.1367362518098092,0.1824293938958664,0.026518736692131707,0.09945911036383973,0.10427978212953544,0.3807360738816571,2.4381306125039146e-05,0.25012695520327877,0.24158018741892154,0.268390735853577,-0.008849230493748934,0.143352957769309,0.1628552034398948,0.18315377385550632,0.027385883885465596,0.08333699471247842,0.14558140656801896,0.024599307016265712,-0.06563959974967201,0.061963087950447936,-0.021587840954594664,0.02108463134905236,-0.026674287169470123,0.061285748479749505,0.0032401599708218333,-0.03726229690639958,0.004798409984769573,0.0014322143754973509,-0.00929440189326619
electricity_demand_lag_2,0.002296146009036007,0.00553812372037168,-0.03576214169034856,-0.004540506098819189,0.009205909387013714,-0.02785591754422965,-0.02723659953677009,,-0.0295925367126807,0.010967222527283842,0.0470395530289681,0.04052350366344078,0.031364854720561865,-0.006288770602953227,0.006288770602953227,0.08383959547929518,0.00211802450610357,0.04097111233172634,-0.00714856289452679,0.0903839684599512,-0.004777522374243099,0.0555062683817754,-0.00318515478310065,0.029671486684240734,-0.015347920771156598,0.06053362237345827,-0.007254377650170598,0.009725800321386506,1.0,0.010661675730397792,0.02444044137201586,0.02551680270048634,0.0015469726472484883,-0.006497032922712795,0.9114866759401818,0.015931507227037914,0.023640293416431247,0.04880512790258533,-0.0011501841714092324,0.004070717832723628,-0.008542618013011163,0.026386339789899318,0.045861896853455056,0.024955404827771022,0.004646059154175819,0.028997265621019296,-0.058153234126948034,0.06463095439406023,-0.005166858978283806,0.050327094514423534,-0.07014427104960587,0.056248224212720216,-0.008881757791658179,0.04293631146800104,-0.013648395661068534,0.032355054847097185,0.013560761484081722,-0.002340637822009323,-0.05375882601873203,0.039637511032557214,-0.049785089693103635,0.008439107520779657,-0.056360634474922344,0.019909903403713305,-0.04405618040358861,0.038083661497437624,0.02748112968118704,0.019454506259554544,0.017837962234896088,0.3975760582400198,-0.02286957351685586,0.2465408951567299,0.20856459938822564,0.2771020826575164,0.008275343504524298,0.136493744314005,0.1521298848871079,0.17812569798774971,-0.002169553367816648,0.10675612249812069,0.09546031428495583,0.37345530283394224,-0.04072365525602589,0.26011706955717834,0.1921535716701033,0.2619658804317481,-0.007911723953657914,0.1408218932185814,0.1816907490041213,0.18385305383382536,-0.0020893887289368984,0.09394652099613261,0.14045420577349768,0.014406003493231083,-0.02091590109049432,0.038225979461725255,-0.0032330299137107734,0.022303917653001073,-0.010904190675781154,0.04659674819833541,0.03114187393172291,-0.03273708635379822,0.009937294051243193,-0.0013114690305659658,8.95884135115545e-05
electricity_demand_lag_3,-0.03941779710583467,-0.016859886303598925,0.05668188404307565,0.0683320593866299,-0.007844765060867726,0.020542106152235593,-0.038491534670323735,,-0.03948871725146896,0.01873587687372821,0.04248238833166209,0.04357933738366065,0.029483961324950465,-0.008225190775093667,0.008225190775093667,0.005708436723727917,0.08490683767290859,0.002353952261580312,-0.07400859292295103,-0.018416925504274144,0.061694258528668736,0.007777141299375687,0.056339935225285465,-0.0013080292815944772,-0.07806148949184787,-0.030113988658092773,0.07453861420689743,-0.03751328739751541,0.010661675730397792,1.0,0.0511243278195707,-0.004263665661866958,0.014201251281880937,-0.006183421210185472,-0.005744046001445364,0.9114628037050025,0.04206547396971559,0.00103594305135346,0.02624765642927383,0.00993890199341279,0.0016394849294679372,-0.004409469234178559,-0.0338286533492828,-0.04768992592975117,-0.026484680608166,0.04054916993063747,-0.05429576639479253,0.05215135012146447,-0.0013725397043917635,0.03972823902163985,-0.057424511055433794,0.038256886145971225,0.005434116636939193,0.024241940396377858,-0.015990246986039937,0.01267199418409395,0.005622428731507218,0.03362438882802428,-0.047691175026824954,0.032645955006858476,-0.0433597387453886,0.013666052510040702,-0.04832479787747809,0.012815623064376057,-0.04600857208302059,0.025027285953535844,0.0129895053210772,0.0006017044289920013,0.0018001293707034217,0.390924785411445,0.00016888057217916938,0.2290810923775656,0.19626563852173462,0.2902272779521164,0.015109067231907225,0.14568055447581024,0.15753649097319541,0.1808769623217918,-0.007587239333790353,0.10275704439441072,0.09541700360443908,0.3719926157426047,-0.01650979122206732,0.2420813014909422,0.19489602216473004,0.2730737510530422,-0.0014648625420976534,0.14488224060872995,0.1908392358611672,0.19081657422172052,-0.008471346422710335,0.08620811563555823,0.13710523332380886,0.033636210297954335,-0.012170185703090093,0.04057589628008343,-0.006255988692080775,0.03799899425725097,-0.004217760848656573,0.03733032241776232,0.021376627459355122,-0.026854411067149038,0.028974376275323087,-0.02016563990331211,0.004553093483719385
electricity_demand_lag_6,0.02524915912952038,0.004368084032590032,0.030357136326258295,0.015047777545368986,0.006759886691297392,-0.015521768164409191,-0.05721176727964503,,-0.05047291092371205,0.024724760584952734,0.013690100116758986,0.05303646313499814,0.03496131984366257,-0.009784668035500373,0.009784668035500373,-0.0041816321698256295,0.02288936125769548,-0.03579983926201885,-0.0066680493829251895,-0.006480836220843134,0.021246659090877182,0.005756132057418627,0.03927838089440908,-0.015781026475175253,-0.007668166261866101,-0.03522818450440471,0.05558853120868892,0.006408169476843274,0.02444044137201586,0.0511243278195707,1.0,0.023121798467029765,-0.019670121277697763,-0.01084133464160956,0.012136101402825257,0.06398415259480866,0.9128779639912554,0.027043879444926647,0.021352935212002103,-0.037702870618774594,-0.03968316370500737,-0.009357581044175696,0.001430605018919884,0.0027607207612688114,-0.03129633453760253,0.03193775904742113,-0.10637619429409435,0.06805211798151836,-0.07212454441632,0.02842456810934036,-0.09384936746258234,0.05195544067777008,-0.05703097878589995,0.02997186726329221,-0.06893513974887538,0.056635446189980156,-0.01503396261313786,0.017791691608113596,-0.14073355315381178,0.059333335701556134,-0.11173050323948494,0.007181127429054798,-0.09381344286545393,0.012742420041862433,-0.11871655571777201,0.019249583628722377,-0.06077904599784891,0.04955982060513088,-0.06297680964590421,0.049041305947917564,-0.02870992530470821,0.07031001685177331,0.016405730689171855,0.3135871304319509,-0.004819809463533499,0.15031025100826229,0.1799903002102033,0.21357925916715018,-0.02763206713398324,0.0999853658459445,0.11459351050314336,0.0360015692463466,-0.07526308405764967,0.08254035446199055,-0.0076399875150552155,0.2924021128727288,-0.04355704281929903,0.16712911385147924,0.1635041233029309,0.21027381165626116,-0.04150554394966416,0.11873054452843662,0.13587453651232098,-0.03115582434455573,0.01294362322112375,-0.010891968197533436,-0.009729559270127313,0.018402112553520096,-0.015489885249674852,0.04024278551473339,-0.015527529421920601,-0.01911954509666358,-0.017235693159294956,0.028147217675961424,-0.010512077973751663
electricity_demand_lag_12,0.04550443756591064,0.008911364384549246,-0.056201015458679664,-0.03948295825686162,0.01673381147775433,-0.05866903940524581,-0.08111364599277592,,-0.044968787577613925,0.015028793349812723,-0.0231258516195858,0.05729504421525457,0.053217294065887134,-0.018596201481132633,0.018596201481132633,0.03408040456347707,-0.030613892672876723,-0.03392314304426788,0.027631793660068567,5.2626032808497354e-05,0.024787071999116513,0.020724951280064755,-0.005858657446730223,-0.030977307405384083,0.00910829866120916,0.002714126456524793,0.05370696421424463,-0.0201110226261605,0.02551680270048634,-0.004263665661866958,0.023121798467029765,1.0,-0.04720447331325272,-0.03600721811443083,0.04117503462389723,0.0060947700856448395,0.007844961422743827,0.9124061452293615,-0.06513746385310538,-0.03708848231027306,0.03992945751425913,0.04874073696958199,-0.00010062245239664434,-0.007975387545480066,-0.051629529990757726,0.005659196897562,-0.005278735694370839,0.02259478700344879,0.02478369562279264,0.023456417376207454,-0.08220630906149265,0.078382930420683,-0.06814176443464777,0.062056562573413104,-0.09452290911948742,0.07150650098774511,-0.01374484420435706,-0.005130131175642805,-0.04071340612747762,0.04751736773194245,-0.005476566701932466,0.011998123608491906,-0.140549842805475,0.09772086014413728,-0.11684745389140219,0.02944219108276731,-0.10995842388958536,0.05385111657794845,-0.08240989546641732,-0.04575277298370733,-0.00966045363868391,-0.03414921045119801,-0.034299620777494114,0.002733287473282029,-0.012175863906808141,0.007160845862095997,0.017451145234279736,0.2115241529554811,0.002980532387850096,0.08644265873824349,0.10322408593742914,-0.03131110584913602,-0.032818726805930516,-0.006153567574842696,-0.028275175299169716,0.007188848714902874,-0.05094587564135121,0.03334609899960617,-0.009243331101396099,0.20230629184252297,-0.020668258374741393,0.10043915663994235,0.10118251710537808,0.028252553502807295,0.006428749377414591,0.0382822111258194,0.04859799794365867,0.0019667172211706475,0.020327008778250555,0.027707845672610587,0.04778143087827191,0.018195732998775842,0.004970979729215116,0.05921232413207504,0.007370529290337021
electricity_demand_lag_24,-0.0027693866005188673,-0.04884970758710292,0.03453657504878559,0.0192758157426358,-0.011172916315870479,0.021479625488599458,-0.04056210595516895,,-0.022496391396578025,-0.019925990693322168,0.013742802067063374,0.021950008109227863,0.0077484581839209745,-0.0020992469172091332,0.0020992469172091332,0.01472899984854387,0.04989120905047287,-0.005493366773868428,0.029297856255987284,0.05677033967275896,0.0020987688421334545,0.005320916370221216,0.028768224490936883,0.010304261294574056,0.04030243216103855,0.02050621074023066,0.003189718203037462,-0.008321276797251892,0.0015469726472484883,0.014201251281880937,-0.019670121277697763,-0.04720447331325272,1.0,-0.01759803324942971,0.009770547115581878,0.011278362654461279,-0.009838493477196664,-0.03128040717283419,0.910801692780106,-0.011154469957066853,5.49917453315448e-05,0.020662391581656406,0.025909166202182806,0.006314208867423903,-0.012917696407534507,0.006706045350023471,0.0313681338441925,-0.018319442405939936,0.022670298456023735,0.022819080472148145,0.013777588474747684,-0.011076110362702733,-0.024622977225649826,0.051226650630189344,-0.04478108930713756,0.048491519891342434,-0.02071230313619151,-0.008459791027868467,0.07187967862962086,-0.04007440867334972,0.055510123317183045,0.021922957090032117,0.021708181451075472,0.017882029252303457,0.01956861577150124,0.03877340747340956,-0.057837261889474294,0.05189625649893238,-0.00762217273734515,-0.013868856007638286,0.027505186416356953,-0.05260947309632415,-0.0060409896334092834,-0.03758464046773498,0.031317707295816816,-0.07433428902869667,-0.031991678193978336,-0.029424384078583932,0.0044506256654043225,-0.05261878694041409,-0.011654749980110402,-0.031664561052026245,-0.0036320284930108976,-0.046036390059892185,-0.03605939672471444,-0.05136554564665456,0.03405955187038844,-0.09898896723874522,-0.05628501573889299,-0.0345541790896132,-0.0019516774140045526,-0.03263475822015364,-0.03959684833274971,0.03301243224724874,0.004335348379849079,0.012763200803033361,0.04026879503245339,0.05475958114114958,-0.009203908341033792,0.03222319774023621,0.03901775793830139,0.035633942190210426,-0.011795977056603272,0.04904956710918078,0.037551390259545445
temperature_lag_1,0.09073215483308399,0.07716665741632762,0.015453627673510552,-0.010407980165126604,-0.014978643859264758,0.018013140773816168,-0.016044089138132652,,-0.02136845543616145,-0.007299705216141095,0.0330002177404225,0.028941258574317306,0.023121367162018444,-0.029845151303949834,0.029845151303949834,0.005115631530696163,0.04611385908176815,0.05054199660829353,0.04141017583818271,0.005492678399836872,-0.05722741383789145,-0.004990388768296043,0.03539204910983429,0.05880048923830892,0.03798848990535755,0.01605730913513488,-0.05759394033896948,0.9114720550544824,-0.006497032922712795,-0.006183421210185472,-0.01084133464160956,-0.03600721811443083,-0.01759803324942971,1.0,-0.010787836152325357,0.011821496452707489,-0.004092316183473175,-0.03999782162693171,-9.992231705023562e-05,0.00879880229542345,0.010972764807452455,-0.008277286547762386,0.0729190138190589,0.012583574877334374,-0.025366362644031776,0.04988528484889181,-0.052283975231293016,0.07071145472158186,-0.011651534735324175,0.08157084702159985,-0.040840280992968075,0.06436831765041297,0.01776427525344239,0.03926494527120546,-0.0009815196522475309,0.03194177349188324,-0.0009634307338848952,0.02404165705582659,-0.010376110750274127,0.01607640251540896,-0.0017825301638973927,0.043791271371680374,-0.010940371241002526,0.012232613936257155,0.009986458608579067,0.04452103194290056,0.030161718608201618,0.0196279382009741,0.02839001781211825,0.39238152415641514,-0.021559992292747323,0.24233852848197948,0.21165765872361555,0.26231012917122093,-0.03754097263834335,0.15774332049721418,0.10822700140806986,0.16668990622436855,0.004328157797037836,0.10614294419464154,0.0866494873161009,0.41038796450301,-0.031529201029666436,0.2771055967663667,0.22780287084721643,0.2742555271231557,-0.0299588082055035,0.15319963978113493,0.14201822534976896,0.18870015643229687,0.003461809064313458,0.09353823571158237,0.13641680812709794,0.0071177430868619666,-0.06019993268573019,0.043131630769470436,-0.029942241469678065,0.015865528296092706,-0.016776400682556234,0.04704716153040333,0.009317505937278734,-0.04252303360044848,0.010811353613022925,-0.017033203353332357,-0.008846674285972805
temperature_lag_2,-0.0014146246374526397,0.006925755819951647,-0.018382748272800977,0.013328104050507767,0.01707868709972981,-0.010297429494322819,-0.015574025966138773,,-0.019152408204481657,0.0026905890204126305,0.03969632976039689,0.030362239255863538,0.021333918497898473,-0.02808565753417635,0.02808565753417635,0.09249953836414446,0.0054538243135819715,0.04637687295573413,-0.009320684594490319,0.09800527089896198,-0.015584537552890127,0.07825292575242279,-0.004576453046921868,0.03642360556297242,-0.008348571303209996,0.06830449979101641,-0.005428299163991409,0.014919555203468361,0.9114866759401818,-0.005744046001445364,0.012136101402825257,0.04117503462389723,0.009770547115581878,-0.010787836152325357,1.0,-0.00994781895508757,0.013688219403760648,0.05028430749604971,0.008578841253154288,-0.014152705446374609,0.00818648767137557,0.013419319524538472,0.024224226692962758,0.015585361636307728,0.005943715312101474,0.04042156101791192,-0.06035038591562642,0.07761898846158628,-0.0039316542950608244,0.05435035768894912,-0.06758982348530185,0.06294235074669616,-0.0014516903734563505,0.049552146642261104,-0.0006913278287497749,0.03264674864293833,0.014271538873124384,0.02147851270472664,-0.03625247993262859,0.02740527340375213,-0.02944426399689605,0.020147587637339554,-0.04520440009531355,0.015136845540812672,-0.027618419971759546,0.05227688991317358,0.036835837260600135,0.00917922334035329,0.02771579689963651,0.37828841037575484,-0.05601640915813765,0.25634868694848695,0.17894662779343412,0.24920305256634517,-0.033489552447282724,0.14349364405770987,0.10895333448078422,0.16359461933113587,-0.02353341591238307,0.10424775505334168,0.07827359272836039,0.41285593042616736,-0.06458246972649226,0.2903720732094578,0.19877710767146695,0.2700073640137,-0.05093292640996318,0.1588105625594545,0.14997991192428686,0.19375307167332625,-0.026238218900055156,0.10770817230583754,0.13188774448434773,0.013671448077510397,-0.020462740811299344,0.03547278498333471,0.00023415291310516706,0.025845021941928812,-0.005233516676643652,0.04084303314390101,0.044116922490165265,-0.03856737607983736,0.016336485835655872,-0.01985450275057026,0.0038526619535488513
temperature_lag_3,-0.03608489844709227,-0.018297471229803054,0.04641861003275121,0.05663162632343589,-0.01031093932237767,0.024858982516346773,-0.022148220836842303,,-0.02396851191882162,0.012830490189382366,0.03747600765441517,0.03098057442113158,0.02025242878610442,-0.029501544894700003,0.029501544894700003,0.001891161184038017,0.09342826541148087,0.005620807327264319,-0.07705339869283484,-0.00988526964627512,0.056303778244700106,0.0090735162400655,0.07899914135827711,-0.002883696683780267,-0.07686542051951932,-0.02831345577556537,0.07691683807680795,-0.02005555512951071,0.015931507227037914,0.9114628037050025,0.06398415259480866,0.0060947700856448395,0.011278362654461279,0.011821496452707489,-0.00994781895508757,1.0,0.05340405049836351,0.007754963985654768,0.010674416227488817,0.017796573050193887,-0.016367539163555052,0.01202561202032509,-0.03162557683609869,-0.027688194131719492,-0.008328000167396337,0.054895188862338025,-0.06911505037988158,0.0706843225921186,-0.0017065601062058724,0.0413336493328263,-0.06814739488174124,0.05949500421191735,-0.001570715897161941,0.03146880203946072,-0.008032570896279814,0.014717963400088602,0.005914924864252211,0.053159230544300794,-0.05195599597171398,0.031201954081805393,-0.03557639507948406,0.02602114734172357,-0.0375339565443492,0.016677369708172532,-0.02856396071757118,0.03728515328246843,0.02107541904973847,-0.006785197003784282,0.005959624216507014,0.3663662673847626,-0.028757030138003382,0.23844941468092545,0.16459488115855234,0.25820727076262895,-0.03171249825100596,0.1517922585586853,0.11588285569836161,0.16629930327781073,-0.0343815034883326,0.10964932283662494,0.08100625730369362,0.4027667958757758,-0.038361595347681,0.2682348442443002,0.1985238083270683,0.27726884499911464,-0.04969460364228514,0.16330590275556653,0.16129119359694136,0.19817857466358244,-0.03649977428465467,0.10743587110657016,0.1276932152453422,0.03543127895505684,-0.016976364349805352,0.038750007640775956,-0.010588131432620829,0.035578923512421465,-0.011472836988665316,0.03530785079931922,0.02395171497393866,-0.037749257662002815,0.027969110582557345,-0.037189863050359886,0.008615940502885076
temperature_lag_6,0.04444393109557083,0.010965660297316071,0.0339370350672981,0.013063447297410912,-0.005255085152146696,-0.012270131236640095,-0.035115952885982384,,-0.02816059168036734,0.020626034203562783,0.021987477520509297,0.029517929531384175,0.02360307765166644,-0.029404948435392583,0.029404948435392583,-0.007934965163909615,0.018060571337817136,-0.03256430625030028,-0.002910244255369815,-0.03040616271686377,0.029119845486354212,-0.0012186583726644371,0.035390329728004814,-0.01768470306942322,-0.008562641945427303,-0.062481619765433,0.06141072714695756,0.01483747930568575,0.023640293416431247,0.04206547396971559,0.9128779639912554,0.007844961422743827,-0.009838493477196664,-0.004092316183473175,0.013688219403760648,0.05340405049836351,1.0,0.005947499498542783,0.03425523574454412,-0.04193210290281109,-0.03548675528451982,-0.01190725059217257,0.016284939511333713,-0.017968527921017684,-0.04983282625809084,0.04536920449860431,-0.10331995735006756,0.07129355554065334,-0.06420280268203875,0.044809523214228084,-0.08739440110858171,0.06568653251512718,-0.03959121348689359,0.03885398114152672,-0.05957789740805646,0.06475926229885849,-0.012914893199302922,0.031832310268883925,-0.12517098333940485,0.055763296245391884,-0.095910759286088,0.02619514754156893,-0.07070434165396397,0.01963315646772323,-0.08909375046139201,0.02716618344272708,-0.0457008406399398,0.04542970947659362,-0.060338372804666994,0.055302844746606634,-0.055755208972493024,0.08553954829085376,-0.0026865878516826305,0.2943856267030021,-0.03400911471609811,0.15320256244922079,0.1501416856537234,0.2009254091573914,-0.06617651092267385,0.11013753373454528,0.08199702100964845,0.03831692768851372,-0.09239281483015704,0.08200381611697033,-0.023850731671123795,0.3071729299398906,-0.07032904970958508,0.17801172777726257,0.14511276305302542,0.22016894475269577,-0.07500468655257111,0.13583725154580042,0.11077968041434523,-0.04223389132138293,0.011526819061704805,-0.0067849804497617065,-0.004604104123414952,0.014017333894476947,-0.010740128258423132,0.025372048936340052,-0.0007868057166969014,-0.0177232249935315,-0.012769281369517547,0.01566495195723687,-0.006936591540495308
temperature_lag_12,0.0741010235700494,0.04485891145839666,-0.07356910416114895,-0.04208623958395576,0.01941400485009161,-0.05239160693517253,-0.06325239275404897,,-0.03625675888476977,0.02332463055195365,-0.019314199724470845,0.03563219923671664,0.0435952130831839,-0.033436779423301616,0.033436779423301616,0.02627611635582774,-0.03304071044744763,-0.0104028832319894,0.048312439148195045,0.00032835766760270835,0.01800988599210987,0.017560291024102174,-0.00522264145583029,-0.009347815156906046,0.01615862054460227,-0.004649989378764603,0.03672238538523803,-0.024606935231685775,0.04880512790258533,0.00103594305135346,0.027043879444926647,0.9124061452293615,-0.03128040717283419,-0.03999782162693171,0.05028430749604971,0.007754963985654768,0.005947499498542783,1.0,-0.03373299249003625,-0.03860926068298569,0.027884170182668366,0.05931472322318404,-0.01149690193239151,0.010041518826292855,-0.0463503281386005,0.03615519658270159,0.008680070694273971,0.026603122726903877,0.04611448206461491,0.052130933572440113,-0.062338406149289885,0.08203147458904406,-0.043868807768878935,0.07139218739650126,-0.07856624724794684,0.07289142803654951,0.00852419323477861,0.03113787482462918,-0.0265569999800292,0.06521994734639935,0.016308049403615948,0.04494837363692209,-0.11065886635033814,0.09259456018724307,-0.08576393946841683,0.044027100841395675,-0.08886221159423285,0.05568830855561496,-0.06027687890589547,-0.047117628173026935,-0.017904557990758976,-0.024543485068174206,-0.029143995103919903,0.005325163274919881,-0.03868814628081315,0.0350842512571567,0.014738621273366106,0.19037494911013558,-0.037342971193763216,0.10055514129316337,0.075942925188887,-0.03289276024998405,-0.044088522907605926,0.007352345869542003,-0.027821065552155716,0.004985023442137873,-0.078594649257407,0.04660329695879347,-0.02358323158884094,0.20078937396750046,-0.05943637390134849,0.11633763224987555,0.08076963260387428,0.034998743126887014,0.02131367842245009,0.023851530690914245,0.05711676332839729,-0.002335310051095736,0.031841607808268176,0.022373097098430526,0.05664726524092852,0.016256932883064686,0.013529899037132746,0.040244424877649274,0.0162411882477322
temperature_lag_24,0.0005154683668195147,-0.05674069120512619,0.029367226857768915,0.010727039940094297,-0.0006262148353026457,0.004328178659800563,-0.03640014589920585,,-0.018360408315547395,-0.0237411820955824,0.012416047561621705,0.012201150548864288,0.007864824565318727,-0.022720867948706862,0.022720867948706862,0.045765012631321496,0.03136578120669956,0.01450307353746519,0.03152149733067161,0.08309761923387775,0.0004213931425476557,0.03086692320593596,0.005188750647518282,0.022445278050974266,0.03388355689377358,0.05268704451572391,-0.005733418585933244,0.008721094105949727,-0.0011501841714092324,0.02624765642927383,0.021352935212002103,-0.06513746385310538,0.910801692780106,-9.992231705023562e-05,0.008578841253154288,0.010674416227488817,0.03425523574454412,-0.03373299249003625,1.0,0.0024441189541886473,0.012434218813186708,0.0032096647560621145,0.03144847346232102,0.008934528581135769,0.009858173804104791,0.0318781222443472,0.02997568935344872,0.0013828323074568584,0.03667387140066735,0.046561739643338186,-0.01227702428678306,0.022333949801158194,-0.024095533034157443,0.08731393041373836,-0.05044115527179168,0.06799627222500011,-0.00861306073435793,0.0041186307462946666,0.05683655809578948,-0.019311736170398438,0.05041520977581559,0.038077644397870036,-0.011060651099672587,0.049477876297410586,-0.0010194155602770772,0.07237863350961118,-0.055783559783324145,0.060971175482114386,-0.003961437395084363,0.009078682876074653,0.013492205886039678,-0.017336391840925378,0.0023749483216362723,-0.003960330862789471,0.018615708475643155,-0.031857944436293514,-0.018712989904727768,-0.009786054216774143,-0.022056609820948214,-0.00949063117347749,-0.01562684963899503,-0.015108342351571043,-0.004160143716377239,-0.023613583127124332,-0.018988962713894483,-0.021379951906052137,0.026296998337544425,-0.05368944356052787,-0.038770860848021504,-0.02281842041224775,-0.034936424573301046,-0.00102364364678055,-0.03912446107402859,0.05318905436688341,0.025294361850521106,0.008173217774531507,0.07223676559114181,0.08011648948894215,-0.0005546146274656677,0.0537148058489637,0.06206898352610713,0.04988026105529678,0.008829805141095206,0.06277647980189989,0.06681081114616629
humidity_lag_1,0.05492391097428374,0.029153167210227884,0.024909142987489388,0.012678526956103536,0.0163186723711373,0.03263900371644742,-0.01226494781507889,,-0.01459196484265738,-0.009210003886867218,-0.0203320299020222,0.022512858813692405,0.007047327220721205,-0.03420097814697192,0.03420097814697192,0.025979356563892764,0.016064991558837272,-0.015123688871409803,0.04891276120985836,0.012260295491190593,0.01575512350904859,0.004557994870385931,-0.005146067091388087,-0.03189993001839897,0.06917178801696112,0.03893978646320981,0.01211726825824683,-0.007780323784594721,0.004070717832723628,0.00993890199341279,-0.037702870618774594,-0.03708848231027306,-0.011154469957066853,0.00879880229542345,-0.014152705446374609,0.017796573050193887,-0.04193210290281109,-0.03860926068298569,0.0024441189541886473,1.0,0.015297012408374614,-0.0065386380403943045,0.018686217287276364,0.02562908818359945,0.048987427888375804,0.04707488728752848,-0.049428606094201494,0.005687601923053372,-0.034998174716335435,0.04755172204780137,-0.037123135083044975,-0.012731845412820105,-0.02880492746217448,-0.011329934571614672,-0.0032793514187631967,-0.027785327897457284,-0.029936037971413153,0.005745125950246311,-0.07801982358767158,0.024805822664393247,-0.0561669179153732,0.011434643539664086,-0.07965486320345269,0.0031455803665068555,-0.06580348529056833,-0.030918079982916482,-0.03406916586772738,-0.03918753096372651,-0.080563035835105,-0.003578690490588559,-0.03599033537960284,0.015035221411310943,-0.04713893201677212,0.006795225403588706,-0.02499924699862418,0.042128178829512475,-0.010975220821331743,0.0355724692737858,-0.05366849925004625,0.06227957365179342,-0.007366722376115625,-0.017362829224162088,0.006860045998192891,-0.025624259115990727,-0.02951133145402884,0.0038808634433934526,-0.02011910021896193,0.037645503877214534,-0.04885364852547117,0.03540396772041972,-0.042024468663435115,0.03353458232828774,-0.0021415166818161647,0.3736007905785022,-0.003573371345164076,0.21020939449429601,0.2249545205516374,0.27915199198320395,0.04932312754267324,0.08647365868033022,0.14738941441285275,0.18080745980518187,0.017335702269743805,0.0004938178771090468,0.07688407642464459
humidity_lag_2,-0.04780328026168231,-0.023874034504493758,-0.004199788652674686,-0.00910605291215215,-0.009461275935569037,0.042179462620374066,-0.005445524846711391,,-0.005487987021611848,-0.013606105099063744,-0.018223897125696744,0.013443747374419229,-0.0036758155988105747,-0.03707670306778713,0.03707670306778713,0.05586383451377455,0.0267964796518454,0.015693452254321366,0.03298433453562395,0.042095442267838144,-0.02418604540949276,0.030177068067494893,0.0052311163555262075,-0.004327155493423179,0.030926064120152915,0.029179113780527125,-0.01038002388574823,0.02353062288723451,-0.008542618013011163,0.0016394849294679372,-0.03968316370500737,0.03992945751425913,5.49917453315448e-05,0.010972764807452455,0.00818648767137557,-0.016367539163555052,-0.03548675528451982,0.027884170182668366,0.012434218813186708,0.015297012408374614,1.0,0.016950176132940576,-0.07661338038991572,-0.028375489974086704,0.008046175645155178,0.012918705340145085,-0.013244942540813239,-0.009066331072238963,-0.015219105337406641,0.021617476186738455,-0.032033110128432636,-0.028918943770213038,-0.027449302673659835,-0.007265969218890397,-0.002573874324563738,-0.018981617671351612,-0.022619367178090998,-0.006263783123799093,-0.03376738668391649,-0.009090127524487956,-0.031038563121201356,-0.0030224220713671924,-0.08155708564181782,-0.0022219241626530405,-0.07536723827249155,-0.031139895270763496,-0.03613233516622545,-0.03011970129373191,-0.0688199808364688,0.012480708444838092,-0.023792790079116326,0.025906719473743844,-0.013265345393483986,-0.008176493064968749,-0.01718649979797786,0.04383345172461545,-0.004785154015240261,0.03273311400842763,-0.0257702067104074,0.047157793700588896,0.004770110974440571,-0.0008196608844882391,-0.007602779902973512,0.0011623127886073545,-0.024745614881304077,-0.002575304093653975,-0.021139384340731822,0.040065397889411714,-0.047350882339942967,0.03611319369114623,-0.023086022825713537,0.027084802794086624,0.007584925814357612,0.39554634988986853,-0.004399106591383161,0.22460452081700205,0.2406626759191158,0.2750908623907071,0.016215663187459838,0.09488495974313291,0.10963612754800424,0.18263090323864187,0.0104837541947386,-0.004370278545913724,0.05595295499401341
humidity_lag_3,-0.041364385831120766,-0.021617619879244765,-0.034577073438569327,-0.03258521236961849,-0.011142672900008749,0.04146663939820402,0.0005091151270125495,,-0.002895993099808147,-0.019073196382925827,-0.02193141115964594,0.01442464084109274,-0.008725745527869602,-0.03236032807765346,0.03236032807765346,-0.04455066484122755,0.055186709744341665,0.027472537209468587,-0.0026075782188292444,0.01858017041579671,-0.03886073655284083,-0.02225910591078242,0.03003864769809684,0.00605250902412222,-0.0036474793932831638,-0.0036995257845262993,-0.02511346035396237,-0.003963270823578112,0.026386339789899318,-0.004409469234178559,-0.009357581044175696,0.04874073696958199,0.020662391581656406,-0.008277286547762386,0.013419319524538472,0.01202561202032509,-0.01190725059217257,0.05931472322318404,0.0032096647560621145,-0.0065386380403943045,0.016950176132940576,1.0,-0.01213547765941708,0.008675719047973663,0.01144209826798194,-0.006705743633233757,-0.018095022524286786,0.010221488391312268,-0.0006173422771945917,-0.0027653157855759163,-0.0197775561383568,-0.01122187766629558,-0.024439536593128117,-0.010106877118796537,-0.00931648329180621,-0.003315562379584127,-0.02222559485441374,-0.0008491764451042632,-0.01842845273974552,0.015996749400565873,-0.00633493694852998,-0.0068158768699315385,-0.07854174812135888,0.027590405806919686,-0.05480420662289368,-0.024513070732520795,-0.0337027606570764,-0.012671976622295973,-0.0421429830301421,0.014202218356958337,-0.004703813240455152,0.00839302760982384,-0.008715639185313128,-0.022637956423105544,-0.006785186316921186,0.03394439051845545,-0.01188642045177099,0.023716472068244007,-0.010451792207717265,0.042574813043267816,0.0085936472215575,0.015037425923959086,-0.016644454035015226,-0.002642024447586068,-0.02414254199881333,-0.02858868584831799,-0.014735908479158052,0.023706476965951837,-0.04836286230670841,0.03376325384525642,-0.008716101563157504,0.0327879339285974,0.030647402586304627,0.40470484201303203,-0.04112452341078827,0.26721841490884396,0.19880490580801657,0.26252314899446016,-0.0009034777996056439,0.10327909967858895,0.09466049684599341,0.17246255441816125,-0.008556415971682824,0.010888941761782338,0.04993797645008166
humidity_lag_6,0.04826872037468789,0.04647840312075464,0.0016825352094248353,-0.018391818199165934,-0.08304045097750505,0.011614874705221049,0.0032262664297428296,,0.007127983460360416,-0.024488871540527337,0.008227121892442665,0.008659705698938461,-0.017692992720365706,-0.029479478213902212,0.029479478213902212,0.049582124276716315,0.08755606531689426,-0.041253918675954716,0.025138803235121982,0.010821553942035943,0.027881036566888014,0.050843204595003084,0.07678127923791637,-0.02338669043572451,0.004983868382975187,-0.025027148702452432,-0.01425907798307074,0.0522823894949222,0.045861896853455056,-0.0338286533492828,0.001430605018919884,-0.00010062245239664434,0.025909166202182806,0.0729190138190589,0.024224226692962758,-0.03162557683609869,0.016284939511333713,-0.01149690193239151,0.03144847346232102,0.018686217287276364,-0.07661338038991572,-0.01213547765941708,1.0,-0.07994858711557869,0.046469900679199094,0.06768381133768478,-0.015639725388878877,0.10673779487231683,0.05196570251095537,0.07507011436573527,-0.035393355897048395,0.07349531280430144,0.009610675449023007,0.042196122503539484,-0.03303959416966336,0.04978789038909931,-0.011660984583601548,0.06750271991940902,-0.02084929875693973,0.10393594776003894,0.035921767808839565,0.059529202074155324,-0.05975965187766516,0.05963242883458585,-0.01977180699685366,0.02316492625021089,-0.05253363423524719,0.020264620365513134,-0.04400150568180709,0.04099056404740098,-0.017727941436381983,0.02302190337147559,-0.004780055358294597,0.023224692392886076,-0.016423995356654203,0.027191335382023857,-0.004294439930947089,0.027623908386834935,-0.0068233240730037215,0.02045488639875242,-0.011796356283419311,0.029203067505231557,0.0012780168703552441,-0.013812847301197579,0.013357511578961196,0.009104525810654785,-0.008299804166283703,0.020658091755030222,-0.021040673918305778,0.02479606271878196,0.0020466172910778417,0.025947822404912065,0.022290849130366535,-0.06684113911171403,-0.07248971859886992,0.007918203755765338,-0.08151909705532887,0.22416696956262755,-0.017782860216845203,0.10431063278268121,0.07882418278939109,0.1474347289924053,0.007690346276653675,0.02422993298894639,0.06416986329623535
humidity_lag_12,-0.02593288247760962,-0.042635801008938955,-0.04346327335408706,-0.039973984726683474,-0.025811660942611173,-0.02658879401633429,-0.012815068384859572,,-0.018287955937672573,0.009190366902846966,0.02967665048197563,0.04421273050052572,-0.0039030719907742696,-0.034811252011042945,0.034811252011042945,-0.010938298033252232,0.005580309832031375,-0.040447464554521244,0.04775622235096338,0.023224026691413976,-0.01896127189149617,-0.03313780024132889,0.021482119875038168,-0.05602638488148925,0.04710018216103695,-0.0006692051632216269,-0.031081273680242823,-0.002560125847387309,0.024955404827771022,-0.04768992592975117,0.0027607207612688114,-0.007975387545480066,0.006314208867423903,0.012583574877334374,0.015585361636307728,-0.027688194131719492,-0.017968527921017684,0.010041518826292855,0.008934528581135769,0.02562908818359945,-0.028375489974086704,0.008675719047973663,-0.07994858711557869,1.0,-0.010239404082008824,-0.05958939145975142,-0.024435472092320172,-0.026162420635730453,-0.05500507261625522,0.010463333419589792,-0.038494875547763166,0.06793871749418924,-0.02638813872941317,0.042355582248193455,-0.04928883556984052,0.03620263215516288,-0.00947471507002138,-0.0685921185198575,0.0011106879371218972,-0.03200570256672693,-0.016568478321430654,0.0018298348287386999,-0.02939048096595896,0.06729917513308491,-0.011740899495329912,0.02053559123660303,-0.050655355564627094,0.024729061099516534,0.002104202738579293,-0.03342001984504243,-0.03905657720107237,-0.03577725719567991,-0.07923935457436936,0.011597044810017703,-0.04787483714915827,-0.01654439734857697,-0.04445365557940191,0.00022908227868630429,-0.036730888904272736,0.016417948281913078,-0.04528652717423647,-0.010048417703397945,-0.024350584623297124,-0.04310875149460136,-0.06738571107424624,0.014877272000445594,-0.048388053034366316,-0.024621452487875894,-0.00860568638375877,-0.004453311476776061,-0.033570389775875946,0.022435195504428143,-0.053856257279958124,0.01361519021167601,-0.02510557020766525,0.02696212189331696,-0.02581277070600398,-0.020610736363641313,-0.044274272775556546,0.013142519931986793,-0.05203392836379153,0.17699053750076363,0.04767478957389363,0.04220850169874167,0.06996474925875597
humidity_lag_24,-0.012938582986945595,0.0038186066252037273,0.008893027611643057,0.0156505244371156,-0.021521869142309996,-0.023661061212865958,-0.022720911998002243,,-0.03578392078860319,-0.004664042999210032,-0.032925802638764254,0.024401272764890344,-0.00965009649764122,-0.03972379344806974,0.03972379344806974,-0.04280766908997718,-0.010225260666668384,-0.0395608653238493,0.026310080707191288,-0.034253416801061976,0.020617700352458974,-0.06894474062020724,0.0062486088239176955,-0.032392316076817404,-0.001995928969064527,-0.05386741758996135,-0.00255754099408478,-0.037818626212906936,0.004646059154175819,-0.026484680608166,-0.03129633453760253,-0.051629529990757726,-0.012917696407534507,-0.025366362644031776,0.005943715312101474,-0.008328000167396337,-0.04983282625809084,-0.0463503281386005,0.009858173804104791,0.048987427888375804,0.008046175645155178,0.01144209826798194,0.046469900679199094,-0.010239404082008824,1.0,-0.04818420823017267,0.0386409273336733,-0.0898428777025286,-0.029683659991952476,-0.05916919355086705,0.061119818303641535,-0.09541615091181924,-0.016254243087379723,-0.03656078496474714,0.02141956254282269,-0.038993475396413214,-0.02445374204005064,-0.031055520872114196,0.026100215085637774,-0.05365736706840217,0.003990660162021304,-0.051410823041087066,0.054566946383497815,-0.07472106852223809,-0.017616477964116584,-0.04123196291272747,0.013265651378339826,-0.018856945739011137,-0.0482346741115762,-0.02352067407951564,0.0033391650919778293,-0.049650863698457885,-0.03632282873086992,-0.04801126291311747,0.04882479038433611,-0.08394979362890385,-0.024161749173782717,-0.0373685991092254,-0.0031476778767967374,-0.04885299808566648,-0.011648242322193029,-0.022479520821068733,-0.006272861400488758,-0.022112068593342363,-0.018990225164345835,-0.05193424968425827,0.04161057190331445,-0.07815988421331066,-0.009106367351691317,-0.041446553178453166,-0.00621492583965521,-0.05841738374553561,-0.03795237162007234,-0.001875571409181827,0.0013359080414676147,-0.015065792926912675,-0.022261071454513035,-0.00079371155505712,-0.0059347955435929195,-0.0009181814887476456,-0.02268193766811516,-0.020668184654527782,-0.04982187596301733,0.01861481123409352,-0.01875172589722346
traffic_flow_roll_mean_6,0.3574398469980448,0.32344645990757936,0.008495212143348736,0.014094995383387418,0.04705848832941748,0.11400087611357809,0.1226374135643717,,0.07732009923188984,-0.09071906707403962,-0.07991636053894312,-0.028543787758026812,-0.06533142923213212,-0.030046696781985797,0.030046696781985797,0.3327902404103212,0.3649750611839466,0.3948146439684063,-0.044740196296120784,0.05203731430523761,-0.012789234105581044,0.31431239192758054,0.35345568223976376,0.3754723482348707,-0.019934548670597015,0.04800059707305072,-0.006042010606838471,0.04280533089786912,0.028997265621019296,0.04054916993063747,0.03193775904742113,0.005659196897562,0.006706045350023471,0.04988528484889181,0.04042156101791192,0.054895188862338025,0.04536920449860431,0.03615519658270159,0.0318781222443472,0.04707488728752848,0.012918705340145085,-0.006705743633233757,0.06768381133768478,-0.05958939145975142,-0.04818420823017267,1.0,0.07791987211321227,0.569987929858781,0.618818654300957,0.666747785534455,-0.023826938945848503,0.31797643497455325,0.32216015497126177,0.4556847154564808,-0.05401465743971092,0.17064557177707879,0.1382436474655636,0.8839806594368487,0.04166861869757543,0.5074072263019827,0.5462630406030281,0.605197360533957,-0.02181137924252524,0.2901664318088375,0.31614032917086526,0.4595536809828611,-0.005006020390425906,0.15096093162415203,0.1870388563757537,0.045907490799145294,-0.054915041535680525,0.06545586861153198,-0.02551683494477492,0.06056938772819304,-0.11524095841039059,0.13344423915018308,0.008064050238840832,0.08682100044645781,-0.22665346920136725,0.16421124970605064,-0.04645177654840643,0.05507214761346876,-0.0994675729200498,0.08610279554671837,-0.04795946861117579,0.08972041038991453,-0.19638638696648217,0.1646785032063912,-0.06296172724289631,0.1518291823069687,-0.28648997437930185,0.13464626464900614,-0.07725489550221179,0.07669692232499414,0.0821038282397365,-0.02117580656110279,0.11298650217660748,0.0841884515263611,0.10231161021048399,-0.0044225661805836125,0.11890141492781167,-0.031839486631801826,0.06914039230717915,-0.08301491415331913,0.009376105384686346
traffic_flow_roll_std_6,0.0003243343261613208,-0.020366046032865737,-0.062373167747362096,-0.0439461662629568,-0.0018456445352059306,0.03109434174784316,0.1263615474165151,,0.02327978420011077,-0.05236966843236927,-0.02904134984069586,-0.02836176886116704,-0.17438335536102717,0.07489906418106747,-0.07489906418106747,0.01598735231290191,0.041675583161090095,0.016205112383518353,0.0027816467634650685,-0.0239161027293821,0.033743820189809724,0.015213590882907977,0.0508603423194423,0.021064859875632704,0.014887428072912922,-0.012106969332852808,0.007631472914793027,-0.06301330659303542,-0.058153234126948034,-0.05429576639479253,-0.10637619429409435,-0.005278735694370839,0.0313681338441925,-0.052283975231293016,-0.06035038591562642,-0.06911505037988158,-0.10331995735006756,0.008680070694273971,0.02997568935344872,-0.049428606094201494,-0.013244942540813239,-0.018095022524286786,-0.015639725388878877,-0.024435472092320172,0.0386409273336733,0.07791987211321227,1.0,-0.632212427138029,0.7016156657087722,0.028165479911863592,0.6616863435743123,-0.4573805754528143,0.3648820701877848,0.08696290862335468,0.4784615861824227,-0.2557332234330951,0.25963616540844336,0.07487044369167113,0.8040148998427924,-0.49475085081807496,0.5787628362807788,0.03035854364144819,0.52575652782431,-0.39391429649817067,0.23295068568857707,0.055719389259722994,0.38361755401565734,-0.26810217768014816,0.1368865691398956,-0.15761784566276377,0.0644470411897038,-0.17948363425304908,-0.07001796948432194,-0.2594507350629291,0.1360128173090691,-0.23402523218733093,-0.05794376994847156,-0.1936275201810056,0.14788716659870788,-0.236500384566913,-0.006430916222859892,-0.15253860613062703,0.03658995919660433,-0.15178780897176736,-0.05773418017240767,-0.23530102045100235,0.06587695595422975,-0.15217982964592042,-0.05958588587238709,-0.1877834825881907,0.12773757830210303,-0.2040429960143943,-0.051175214377495656,-0.031276049048364195,0.013567307106491417,-0.07143807205476214,-0.024882026214046997,-0.057135261259944,-0.03539377665792164,0.00701406005676658,-0.06441472410504064,-0.03243349548417242,-0.1104582449731825,0.012522517262038483,-0.1034344914335791
traffic_flow_roll_min_6,0.21207357234663995,0.22083291757600543,0.05147011359394111,0.0551872991358691,0.020238759175120618,0.06773773713001634,0.005056958015434858,,0.0830844413456532,-0.02616535308181993,-0.09772359211624358,-0.03424131286582266,0.10885885667475538,-0.027278007368425932,0.027278007368425932,0.2066486511549679,0.21872765962273338,0.22178305033065052,-0.02052170320105169,0.054450779849423724,-0.03219750927092989,0.20915966872364247,0.20932560862690497,0.21411614509651378,-0.003439674423780584,0.045961557957762876,-0.008454967292172436,0.07020377663488106,0.06463095439406023,0.05215135012146447,0.06805211798151836,0.02259478700344879,-0.018319442405939936,0.07071145472158186,0.07761898846158628,0.0706843225921186,0.07129355554065334,0.026603122726903877,0.0013828323074568584,0.005687601923053372,-0.009066331072238963,0.010221488391312268,0.10673779487231683,-0.026162420635730453,-0.0898428777025286,0.569987929858781,-0.632212427138029,1.0,0.031428097418604396,0.4219819028006754,-0.4826988743036196,0.6177821645083496,0.04303174609348381,0.25212310324455384,-0.34927974687938806,0.3066792375207629,-0.0291830484341176,0.5232543154073601,-0.5385773470596752,0.7878174414605845,0.015271542934654178,0.4033491897296665,-0.41573721701113947,0.5434875274080584,0.07699748550743235,0.2846183872370637,-0.2760028858074809,0.283468606112337,0.05988522636656649,0.11816166699374814,-0.08931100036143523,0.16675961698123407,0.0203865305420925,0.19627031485801172,-0.18558330572657186,0.2227746827750592,0.02114681564352189,0.16661031718925826,-0.22596453179267173,0.2434061688203319,-0.029582980236864467,0.13178707316783253,-0.08406802833478043,0.16205398924258305,0.0076025360251021955,0.19560725561701034,-0.18383828238984334,0.19933110344466698,-0.03356226812893757,0.2040221928976449,-0.25745383921207976,0.201378971464284,-0.013998819068847835,0.06197921117136051,0.01559955553768688,0.0483983543263459,0.06764149417711865,0.11112787315947754,0.08185643983845182,0.035415421889415724,0.14237395585285906,-0.009167786860737387,0.1248105588402463,-0.05073847512955705,0.08003760992247869
traffic_flow_roll_max_6,0.20238152781169078,0.1752859732446084,-0.03082594614111296,-0.0130099434351941,0.015424674929023835,0.10661477160424845,0.15021538615880997,,0.06698608378001922,-0.08385964705689566,-0.06835361823062663,-0.02893895514997463,-0.1505279387030757,0.03675539052369028,-0.03675539052369028,0.20766989830083638,0.24014440264458506,0.20252126905941792,-0.04221650349287588,0.03245823332487329,0.01285033538687953,0.19898874709662265,0.2423366998052657,0.20296116546702742,-0.012359037867776456,0.02934495953206489,-0.006142767204119144,-0.02353999717976626,-0.005166858978283806,-0.0013725397043917635,-0.07212454441632,0.02478369562279264,0.022670298456023735,-0.011651534735324175,-0.0039316542950608244,-0.0017065601062058724,-0.06420280268203875,0.04611448206461491,0.03667387140066735,-0.034998174716335435,-0.015219105337406641,-0.0006173422771945917,0.05196570251095537,-0.05500507261625522,-0.029683659991952476,0.618818654300957,0.7016156657087722,0.031428097418604396,1.0,0.40585902535209667,0.4172662400130768,-0.07090141330455117,0.5262329774336428,0.34093713616409727,0.2807299155625584,-0.043895507771225736,0.3166791919110578,0.5572284778307931,0.5553492770200404,0.05210834259163505,0.8036130894229953,0.37268187153632293,0.30911520323350383,-0.04083292770586968,0.36813542308451697,0.3068880929459184,0.2372912249250506,-0.07399304908435571,0.25338147986686066,-0.0795284036808174,-0.017444587287043265,-0.06772698454887104,-0.08009953808841241,-0.15848656687372256,-0.012248296839060088,-0.08965294430393067,-0.07113963107670736,-0.11587283006088095,-0.03035545824248222,-0.08574827802034528,-0.056393513527620925,-0.06373812127895818,-0.031837335004167786,-0.038517702585745585,-0.05568932377882194,-0.1297897189672589,-0.08205727732176488,-0.014046272049764877,-0.0984374226197329,-0.0767191915425464,-0.08162132962604161,-0.0980806126435381,-0.0966186516408449,0.028520653360322577,0.03912403730293037,-0.04241458083967475,0.05174241302609342,0.008898233960036373,-0.008525188159228994,0.041301263305061245,0.012401801557404434,-0.0578199750362208,-0.02849999954970364,-0.04436423649309497,-0.06145278964682251
traffic_flow_roll_mean_12,0.2796274193878865,0.24527842104141287,0.06675185582631804,0.05940480576167578,0.036491518406112575,0.09241373790347124,0.1715416510125277,,0.12448759593912592,-0.12218689676369582,-0.004386795208342732,-0.056625034777592766,-0.08543889740558337,-0.03725829938057567,0.03725829938057567,0.2645229680387651,0.24329656590518595,0.23914339164280493,0.23788762327860993,0.010401558818975122,-0.015307940445646474,0.223413084133012,0.21744701806790695,0.21232168273357221,0.2270536386821884,0.02951873172694449,0.0036992609515644017,0.07538806531595565,0.050327094514423534,0.03972823902163985,0.02842456810934036,0.023456417376207454,0.022819080472148145,0.08157084702159985,0.05435035768894912,0.0413336493328263,0.044809523214228084,0.052130933572440113,0.046561739643338186,0.04755172204780137,0.021617476186738455,-0.0027653157855759163,0.07507011436573527,0.010463333419589792,-0.05916919355086705,0.666747785534455,0.028165479911863592,0.4219819028006754,0.40585902535209667,1.0,0.038003979905299586,0.46010870154040695,0.5143769228069138,0.6772820779540238,-0.04944201955112919,0.24604536319540316,0.2709141351516892,0.5544570064669313,-0.041739285509998794,0.399086544665382,0.31441476005194263,0.8709365292608321,-0.004628905341155142,0.39905409704012407,0.41107130647114015,0.6555818120967091,-0.021492087755433938,0.20020029341481338,0.2857823875643084,0.0789148095961099,-0.05938477784027466,0.060498681745002794,-0.043510069943873776,0.09975409919446512,-0.15668711588707446,0.12753873707859945,-0.04335970838136194,0.12437541429713363,-0.3012131005150093,0.18608042748992962,-0.09861716760388355,0.07616100066823495,-0.10140761912261594,0.08064376306430521,-0.05776075003108615,0.12366659497239758,-0.23434433702802007,0.16027345907637153,-0.11806006026798845,0.20459804439350984,-0.36940674714966476,0.14847838932674706,-0.12069549261752653,0.07315581392498484,0.04345586900658881,-0.013534051177756044,0.06095604730386921,0.11947378010561754,0.14633767738619588,-0.026934127216144462,0.1355905093752378,-0.014688250118227022,0.14083065500916522,-0.0953975897336097,0.06113346217528068
traffic_flow_roll_std_12,-0.03941504322518708,-0.04860916229829379,-0.051078422465554864,-0.04335737422056006,-0.009080051544789577,0.039733381035122424,0.16502899731830348,,0.04295960215359477,-0.031000384214050603,0.024514281155829962,-0.043090828120503626,-0.20650033682685773,0.16555231848050125,-0.16555231848050125,-0.008787858808267176,0.004148774024065884,-0.02320067900137918,0.021103094644444417,0.02657649390273299,0.03751442953123509,-0.02268186353170019,-0.01934397909902214,-0.03423063454008092,0.01942159291729769,0.03724042172137229,0.016142530541145072,-0.04428446888552918,-0.07014427104960587,-0.057424511055433794,-0.09384936746258234,-0.08220630906149265,0.013777588474747684,-0.040840280992968075,-0.06758982348530185,-0.06814739488174124,-0.08739440110858171,-0.062338406149289885,-0.01227702428678306,-0.037123135083044975,-0.032033110128432636,-0.0197775561383568,-0.035393355897048395,-0.038494875547763166,0.061119818303641535,-0.023826938945848503,0.6616863435743123,-0.4826988743036196,0.4172662400130768,0.038003979905299586,1.0,-0.6853655090897468,0.6059952924758595,0.12123561698515052,0.7171488131617847,-0.434851180735747,0.38383848090643313,-0.058220904182071535,0.5283820141665375,-0.41793280819487094,0.33122048319715475,0.022836892274101926,0.7995039625920609,-0.6082091085805851,0.45285212031815647,0.10136453055616147,0.574096105462877,-0.40389942263479883,0.25469613607331326,-0.16415953702063804,0.056811614051980264,-0.17680455167339712,-0.07028336275401671,-0.2923266509699429,0.12643389833675575,-0.26491467992104717,-0.12771367341055567,-0.30627798063699224,0.1966328135909834,-0.37013894202723474,-0.0905522874076173,-0.15835832336045394,0.07808348771362342,-0.15938348380752906,-0.020295908559323568,-0.2878630294097593,0.06736558117227699,-0.19230997186233842,-0.07107857113036692,-0.2938832916465688,0.15837893083136284,-0.3274973858551909,-0.11808516320035277,-0.04736621962765349,-0.05259155649140811,-0.031408999833467156,-0.05090833434800957,-0.11335121271689688,-0.08588473711393577,-0.027642695631452826,-0.11826341843898744,-0.12339474944384689,-0.15686480909482392,-0.02643378604011138,-0.19151435099874142
traffic_flow_roll_min_12,0.12080635759185548,0.11378896682841678,0.05008532971484069,0.03536635427048914,-0.012901553264441916,0.03620924188364583,-0.036400112038198894,,0.12003885551146455,-0.05285855248684155,-0.12542407724831023,-0.09275437491009675,0.20803154312824385,-0.09226776922154428,0.09226776922154428,0.09752449337053624,0.09321110404555952,0.1144476171635882,0.1008671585033316,-0.007641496886076201,-0.013803529688363545,0.09473508482381829,0.09639826191184599,0.11372740212418346,0.10986383359295131,-0.011464136058421713,0.009294049139897396,0.07125774132658243,0.056248224212720216,0.038256886145971225,0.05195544067777008,0.078382930420683,-0.011076110362702733,0.06436831765041297,0.06294235074669616,0.05949500421191735,0.06568653251512718,0.08203147458904406,0.022333949801158194,-0.012731845412820105,-0.028918943770213038,-0.01122187766629558,0.07349531280430144,0.06793871749418924,-0.09541615091181924,0.31797643497455325,-0.4573805754528143,0.6177821645083496,-0.07090141330455117,0.46010870154040695,-0.6853655090897468,1.0,-0.04973048584426272,0.32156430585410867,-0.510024068913347,0.5597775541349834,-0.021126943073829365,0.29394821817884265,-0.4097151585003523,0.5646560003789515,-0.06971214688401368,0.42111932141046926,-0.6047413910266923,0.821009653954709,-0.07728178738377126,0.30298283893074646,-0.4255234705917748,0.4653312933937588,0.021305265679921834,0.09364916868944069,-0.062443776925194074,0.10626185184256255,-0.012141640241028769,0.20212436944164267,-0.1797496839742921,0.2092572525296316,0.041916464907258255,0.27892048238516226,-0.2758845522408512,0.3733871082140178,0.03066528451628781,0.1161058369810129,-0.05038229162293745,0.10010793645419615,-0.00761647560453037,0.2240832145557799,-0.1495827518729008,0.1907908051551642,0.0020304071911788775,0.3125259736556083,-0.2747963622380573,0.3362266493008827,0.06784157702767694,0.008975268319269423,0.07057169339102172,-0.009380315337774489,0.05262805870754791,0.11571035841269997,0.13038267638929432,-0.0033398800527975263,0.17685040830268262,0.04382958605490343,0.22748835621453162,-0.0338054018533523,0.23207505291618297
traffic_flow_roll_max_12,0.08790813705174975,0.07095518247592701,-0.006816173077864122,0.0002632873501190288,0.0042796874324172495,0.09932155506255065,0.20612133578390507,,0.15439436352980393,-0.09601771288684577,-0.07106459954375756,-0.10277373635988213,-0.1370297773436919,0.02007701518851071,-0.02007701518851071,0.09426822705750615,0.11129340144090476,0.09702837102544266,0.1096923840669402,0.04707518911420085,-0.015334537902466866,0.07412905119475074,0.08781619074198546,0.07445953549173402,0.1143086526826075,0.058387235822874375,-0.0201761255749413,0.01180003207671651,-0.008881757791658179,0.005434116636939193,-0.05703097878589995,-0.06814176443464777,-0.024622977225649826,0.01776427525344239,-0.0014516903734563505,-0.001570715897161941,-0.03959121348689359,-0.043868807768878935,-0.024095533034157443,-0.02880492746217448,-0.027449302673659835,-0.024439536593128117,0.009610675449023007,-0.02638813872941317,-0.016254243087379723,0.32216015497126177,0.3648820701877848,0.04303174609348381,0.5262329774336428,0.5143769228069138,0.6059952924758595,-0.04973048584426272,1.0,0.419263867865607,0.4013691663223044,-0.06388909434350191,0.6076464712529186,0.2344387075444505,0.25877276383909986,0.03067509541153421,0.3702315017071362,0.43613294400001673,0.4304783633378245,-0.030916284945564174,0.6319369046225782,0.365835464082559,0.302682587972233,-0.08418394084898316,0.42969692245037505,-0.04754311193477759,-0.05994734738457742,-0.016439899633680883,-0.07763840769160633,-0.14061143409985835,-0.08377307315750163,-0.059427692721359886,-0.13033580161232025,-0.19895018455827293,-0.01820347460367416,-0.1078154843798566,-0.07933723663614893,-0.03369283807358727,-0.017657777854838363,-0.0010760414411018471,-0.024871659718156188,-0.12416537137397561,-0.10363286551942504,0.006630224145943218,-0.09765091158107148,-0.15950495875446427,-0.08691191786721404,-0.13930838396506015,-0.08517406175221083,-0.009081496999254562,0.009837819087927566,-0.019773972944441602,0.01614274908063098,-0.04113121474066879,-0.025560893391492343,0.008796908674644983,-0.030486967096595496,-0.1616170113648113,-0.016021425518353637,-0.09495981509423616,-0.08287355669831294
traffic_flow_roll_mean_24,0.18834720586141213,0.1340382915097771,0.01248516061011545,0.007427013035982,-0.01339043160630279,0.010694886074765203,0.17534331593069188,,0.12272732099619937,-0.014839570800131464,0.01830187032691505,-0.08232898741559372,-0.1413891775674426,-0.027201547709498432,0.027201547709498432,0.17319666738087147,0.1627831738720686,0.16863430541520333,0.17127770722524277,0.20835803521706922,-0.010164062026551415,0.13399596648792675,0.13978056100521444,0.15152544466258416,0.1540096090553847,0.1873647844047218,0.010793719444234424,0.03534714358342329,0.04293631146800104,0.024241940396377858,0.02997186726329221,0.062056562573413104,0.051226650630189344,0.03926494527120546,0.049552146642261104,0.03146880203946072,0.03885398114152672,0.07139218739650126,0.08731393041373836,-0.011329934571614672,-0.007265969218890397,-0.010106877118796537,0.042196122503539484,0.042355582248193455,-0.03656078496474714,0.4556847154564808,0.08696290862335468,0.25212310324455384,0.34093713616409727,0.6772820779540238,0.12123561698515052,0.32156430585410867,0.419263867865607,1.0,0.07504268362302591,0.35849594781221245,0.47784358551201117,0.34724247842088773,0.0005684980385966996,0.23854912147721957,0.20232796876118336,0.5305029283569875,0.007333438229833077,0.25477427643503747,0.17592232380899825,0.8684808189753414,0.018809313238804606,0.23553731297058586,0.3149275653272335,0.018646312404473037,-0.005616545187957709,-0.03669831906835486,-0.04669538821998417,0.07901419371823101,-0.09820275253838123,-0.012799144790506862,-0.08835623893659547,0.13296831788195998,-0.30390919585591164,0.09638642660412731,-0.17815611921753502,0.03630326495319845,-0.01490908115690346,0.027374704437266906,-0.005248362163340632,0.09344825248470871,-0.11375511087721778,0.06132028475518813,-0.05823611294291446,0.1934308935784801,-0.3092773896171991,0.09570862447985833,-0.17602508715501664,0.021469852698669453,0.1046627274954848,-0.05853212113225542,0.10096825787725595,0.08632216276749526,0.14353776806319424,-0.047364457843414455,0.06675571758758053,0.06097848882707295,0.164032873512513,-0.03212624602924167,0.06892278899645178
traffic_flow_roll_std_24,-0.036270729496882474,-0.054750083402438116,-0.007857231201009788,0.003441404556076184,0.00964347062280937,0.022932064533773642,0.25016480799564134,,0.09134315488907788,-0.03321650632494763,-0.0024230838952010304,-0.13579835132786272,-0.30333168727082155,0.24516516324127322,-0.24516516324127322,-0.03096008490613517,-0.027775883192025543,-0.02282574891812252,0.0004085302389929444,0.0016165298632660387,0.05063161023484073,-0.045483811581198706,-0.04566692377712151,-0.040354713065471316,-0.01311624117053305,0.006208395200727317,0.042606404458307705,-0.014933932627923476,-0.013648395661068534,-0.015990246986039937,-0.06893513974887538,-0.09452290911948742,-0.04478108930713756,-0.0009815196522475309,-0.0006913278287497749,-0.008032570896279814,-0.05957789740805646,-0.07856624724794684,-0.05044115527179168,-0.0032793514187631967,-0.002573874324563738,-0.00931648329180621,-0.03303959416966336,-0.04928883556984052,0.02141956254282269,-0.05401465743971092,0.4784615861824227,-0.34927974687938806,0.2807299155625584,-0.04944201955112919,0.7171488131617847,-0.510024068913347,0.4013691663223044,0.07504268362302591,1.0,-0.6277093909731557,0.47976685564495064,-0.11022420693529127,0.40698374953199634,-0.38585277474642343,0.1751461265824942,-0.10741749225865409,0.6440403645474759,-0.6110555966055979,0.314127032683127,0.021501617701683663,0.834633292884612,-0.6959289956649294,0.3179568427270904,-0.046524366474593,0.03753066054002058,-0.04589186364210955,0.032784686697175124,-0.17413177608073974,0.09337822478614759,-0.13460713682152242,-0.048237014567275756,-0.3311664347590413,0.15299048115032965,-0.2883130384005868,-0.13970791939303612,-0.017000051502196255,0.04749283778783565,-0.006213358058477379,0.08917602114257815,-0.13359358151415388,0.07211099659726414,-0.056015859128737404,0.04302885040034604,-0.295944235174865,0.12672502785799067,-0.24091172446476877,-0.07943906968183037,-0.019592710864860925,-0.005671718752467818,-0.0481999778146892,-0.05534679043555211,-0.09034911646424869,-0.04434136359379461,-0.04819463142044771,-0.11939540268158377,-0.1643092662649576,-0.18104267701153037,-0.04130822910151395,-0.24564943000987588
traffic_flow_roll_min_24,0.06349104709324196,0.05412621752248391,0.006446198375015332,0.002830008657311024,-0.03074058728316745,-0.022386952943643127,-0.1719841494001272,,0.0349348513833963,0.020034028385102508,-0.0029463479809918014,-0.04014190419803267,0.324545591126361,-0.21073023403513547,0.21073023403513547,0.06323149600714731,0.07405467314435829,0.06885386703348151,0.05755511185207685,0.05074871093021813,0.0023533739306056995,0.04978300793846797,0.06730470152857058,0.07116734462439359,0.05450539754432787,0.030542343858088055,0.008683537217417476,0.03567598827984443,0.032355054847097185,0.01267199418409395,0.056635446189980156,0.07150650098774511,0.048491519891342434,0.03194177349188324,0.03264674864293833,0.014717963400088602,0.06475926229885849,0.07289142803654951,0.06799627222500011,-0.027785327897457284,-0.018981617671351612,-0.003315562379584127,0.04978789038909931,0.03620263215516288,-0.038993475396413214,0.17064557177707879,-0.2557332234330951,0.3066792375207629,-0.043895507771225736,0.24604536319540316,-0.434851180735747,0.5597775541349834,-0.06388909434350191,0.35849594781221245,-0.6277093909731557,1.0,-0.03375645568713369,0.14899250651000195,-0.24106812899057078,0.33284328644643263,-0.04772340125535675,0.20260772058550164,-0.44617590840753346,0.572543566330884,-0.17459066669134382,0.26749533391264674,-0.5596037601652006,0.8125484017248122,-0.07105619988994413,0.02775393555121027,-0.015136210039468505,0.028661864766747265,-0.010753423964043777,0.14748463997505684,-0.09723819279278231,0.11581739170929765,0.054921471439761976,0.2644499877812377,-0.21287967053520795,0.3367208765047206,0.050430693492184736,0.030866017426726164,0.007306580703758566,-0.00510068921184165,-0.02916120641893678,0.14154801720658652,-0.010937445579291704,0.04619537565784515,0.009381436349009712,0.29077948598759823,-0.14079565277451747,0.253497348085262,0.10204640935958598,-0.011788489054244036,0.09208737738127873,-0.019849635506020775,0.08389891489959114,0.07153462763928652,0.10534379107995061,-0.0016385485906141746,0.1185029775292896,0.05033766208789116,0.260648846337923,-0.03956969412657007,0.3078032688787415
traffic_flow_roll_max_24,0.029365029089065037,0.010938242883520136,-0.022859599243710258,-0.02240315253872282,-0.035885756610955534,0.02852430588904233,0.24149800159253004,,0.23252655146610282,-0.05207748850002171,0.025039477995017816,-0.21602286324950004,-0.12612883830740315,0.05140987767737052,-0.05140987767737052,0.01824073838692044,0.02993344130324112,0.04707801978825295,0.0647279662314874,0.0837511693250705,0.027950632907465103,0.004958956293045103,0.022699524111505363,0.036479371160164205,0.06585076668098686,0.07218112727425154,0.035039878214559526,-0.0064987472563035895,0.013560761484081722,0.005622428731507218,-0.01503396261313786,-0.01374484420435706,-0.02071230313619151,-0.0009634307338848952,0.014271538873124384,0.005914924864252211,-0.012914893199302922,0.00852419323477861,-0.00861306073435793,-0.029936037971413153,-0.022619367178090998,-0.02222559485441374,-0.011660984583601548,-0.00947471507002138,-0.02445374204005064,0.1382436474655636,0.25963616540844336,-0.0291830484341176,0.3166791919110578,0.2709141351516892,0.38383848090643313,-0.021126943073829365,0.6076464712529186,0.47784358551201117,0.47976685564495064,-0.03375645568713369,1.0,0.06455235698626795,0.18498058599435346,-0.06068231636801968,0.13905517740529266,0.16378131330947565,0.2574911207557277,-0.08840718854771373,0.2209775294935715,0.36735353975193125,0.3001419121647927,-0.0903048896331658,0.4725578474742699,0.0023488931841401293,0.007981513150809543,-0.005957644707369608,0.03163196524226416,-0.03304269343543762,-0.04119877060315815,-0.014286080683981269,-0.05424730646073177,-0.0866915405221324,-0.1268849544864497,0.015151065377511283,-0.11237340947561864,0.023086492629534883,0.0287584456225873,0.05461784169996718,0.0723450095255595,0.004636387975858268,-0.037213199340086295,0.10243881705325956,0.028393267811802837,-0.04198402007151651,-0.12474673273135573,0.034119650456345026,-0.050761351972385176,-0.014779303621913112,0.04031725536568293,-0.019026710156676733,0.04979254422989378,0.005388825383479051,0.013692177709223983,0.06898676405118415,0.08759148036052017,-0.11652057623510692,-0.03282752398497002,0.047785088257042474,0.026128653940134933
aqi_roll_mean_6,0.33513495663836734,0.3856757665460995,-0.018189999959104943,-0.0022178449719727784,0.014960733768024303,0.08519625834479296,0.16587294959442922,,0.14367431557460078,-0.04964011466694011,-0.11106341318715883,-0.06120091415985663,-0.049137317043510646,-0.03942749906979375,0.03942749906979375,0.3085168003434535,0.34367048770678027,0.35552834878099265,-0.06128506811166049,0.029220212401560808,-0.05777371842102087,0.36436761013328123,0.3968047775042037,0.40697566589847395,-0.027962918207528296,0.022925740694525687,-0.05570408808203413,0.001196814357389808,-0.002340637822009323,0.03362438882802428,0.017791691608113596,-0.005130131175642805,-0.008459791027868467,0.02404165705582659,0.02147851270472664,0.053159230544300794,0.031832310268883925,0.03113787482462918,0.0041186307462946666,0.005745125950246311,-0.006263783123799093,-0.0008491764451042632,0.06750271991940902,-0.0685921185198575,-0.031055520872114196,0.8839806594368487,0.07487044369167113,0.5232543154073601,0.5572284778307931,0.5544570064669313,-0.058220904182071535,0.29394821817884265,0.2344387075444505,0.34724247842088773,-0.11022420693529127,0.14899250651000195,0.06455235698626795,1.0,0.0645986587670317,0.5572912394765176,0.6181938450169313,0.6694615322373281,-0.0009164148800706333,0.30007779730709605,0.3709643016611864,0.46907393495717564,-0.026585009638447454,0.1363896201990333,0.2069172246014461,0.011295343507961212,-0.03798256798507626,0.06039639777960681,-0.0073969287109562866,0.039246493264360166,-0.08588895517998915,0.1302264900095728,0.07035261062123373,0.06808192516651951,-0.22496716590880383,0.1593894365637556,0.005654408882132324,0.04062399881131252,-0.10154109017425644,0.0978895842646614,-0.04004888462250156,0.07651750799107851,-0.17256309351278848,0.1518566567214286,-0.02342773567030065,0.14194389577241628,-0.2723374623448538,0.14278824885039731,-0.021964401528946943,0.025202442289350337,0.06048505847542877,-0.03969681043036292,0.03527581803106216,0.03495414043831809,0.08396697307415261,-0.02599365624179042,0.044240831394732526,-0.08093902022549099,0.0018306584197255085,-0.06278041643690294,-0.0802893451365108
aqi_roll_std_6,0.004604392554386293,-0.01524657178103212,-0.02728037495555444,-0.00197341437010754,-0.03188058716985403,-0.011021296182335195,0.06266238364173086,,-0.03219170244738632,-0.02409312283922813,0.0048407418618608535,0.08057517111293343,-0.1269308752878074,0.03199043990643879,-0.03199043990643879,0.011200313951294732,0.022961631535800702,-0.004262504062894132,-0.030417328280631248,-0.0275568927356553,0.008134985218739085,0.01682289997407485,0.03230977897429743,0.011486601288072043,-0.019658201252755098,-0.008980622261850342,-0.018611125385989535,-0.035229350379362936,-0.05375882601873203,-0.047691175026824954,-0.14073355315381178,-0.04071340612747762,0.07187967862962086,-0.010376110750274127,-0.03625247993262859,-0.05195599597171398,-0.12517098333940485,-0.0265569999800292,0.05683655809578948,-0.07801982358767158,-0.03376738668391649,-0.01842845273974552,-0.02084929875693973,0.0011106879371218972,0.026100215085637774,0.04166861869757543,0.8040148998427924,-0.5385773470596752,0.5553492770200404,-0.041739285509998794,0.5283820141665375,-0.4097151585003523,0.25877276383909986,0.0005684980385966996,0.40698374953199634,-0.24106812899057078,0.18498058599435346,0.0645986587670317,1.0,-0.6365790942504149,0.6921337480768629,-0.014237074786088948,0.6432781728231998,-0.423494152995033,0.3553576609055126,0.005782631478171313,0.4738256196274456,-0.31308626134651224,0.26974302111554965,-0.13498930483849506,0.0802426339514839,-0.1580691818365086,-0.014411367383081526,-0.30595843466851363,0.136654174023086,-0.21404414343004025,-0.03556011795488126,-0.24546032677167645,0.14794799756321778,-0.19829513123888898,0.029298106945835303,-0.10766497690785014,0.0015562853986924915,-0.09218960572058546,-0.028561613627099552,-0.2726840863822255,0.05148024581695699,-0.16709998362246845,-0.06835005701626806,-0.23960928673711163,0.09254063675867952,-0.19317062896680623,-0.054537030145892146,-0.07321415572331882,0.0723293901422543,-0.13644607266870745,-0.009416553605312107,-0.10017038340254691,-0.06538320477115868,0.0028027488439080336,-0.09411296791079965,-0.05537546655227478,-0.12023223106820095,0.02863919725509336,-0.10466056040765342
aqi_roll_min_6,0.18574640780544335,0.2351214843261587,0.0016859902794028603,-0.0009236025379400282,0.03284242701237771,0.03625793047269898,0.046162384190006775,,0.13778678991839086,0.027848666101330875,-0.11771092333868796,-0.12640910047725748,0.08798906290853034,-0.07741192477552579,0.07741192477552579,0.17878007684934286,0.2138341181749149,0.19739256307028155,-0.03576395715156048,0.057408912807789786,-0.0279001331171985,0.20270025177411466,0.22428461992606843,0.21102481990740898,-0.01819760337997048,0.033075600486065206,-0.010592452265582617,0.024744002008773462,0.039637511032557214,0.032645955006858476,0.059333335701556134,0.04751736773194245,-0.04007440867334972,0.01607640251540896,0.02740527340375213,0.031201954081805393,0.055763296245391884,0.06521994734639935,-0.019311736170398438,0.024805822664393247,-0.009090127524487956,0.015996749400565873,0.10393594776003894,-0.03200570256672693,-0.05365736706840217,0.5074072263019827,-0.49475085081807496,0.7878174414605845,0.05210834259163505,0.399086544665382,-0.41793280819487094,0.5646560003789515,0.03067509541153421,0.23854912147721957,-0.38585277474642343,0.33284328644643263,-0.06068231636801968,0.5572912394765176,-0.6365790942504149,1.0,0.016828257294874863,0.4479383249683251,-0.48646929763032326,0.6305517231146727,0.04534013334666685,0.2789392557876213,-0.3960055100364926,0.3633739794779732,-0.006750548477423129,0.046691458894362714,-0.060848202441291556,0.0729550526789656,-0.031179563132559273,0.17455255214763407,-0.17621453754132477,0.18914804599372634,0.010531287478699821,0.19166339739607255,-0.2430913906624565,0.22005194012276574,-0.054424423669531305,0.03372340063104421,-0.028163476004767957,0.04675197399896969,-0.03495105173555361,0.16342091346261167,-0.15669589713577461,0.16350199396081605,-0.04426112321635776,0.23087227123736903,-0.24341006385723687,0.19372824768405553,-0.00422624838825195,0.06577941908048546,-0.004975409136853232,0.07358070044935926,0.04244204252643261,0.11607976326786353,0.08506518728989276,0.03039981983331314,0.13621143211017422,0.01864274037377191,0.09622903494100334,-0.016721295433093367,0.05226311953103207
aqi_roll_max_6,0.21148522214901386,0.22316258813490894,-0.022190061125062385,0.008481908421331685,-0.01482730923180499,0.054151749972654234,0.11935502742130141,,0.07203915171484633,-0.048830769151849404,-0.0805762227132311,0.029081421425857415,-0.07737256534717007,-0.030494933720985697,0.030494933720985697,0.20529022170397998,0.2267773092675708,0.16827278363776402,-0.05497451157335758,0.009684103859112824,-0.023021483906632667,0.23142489709844394,0.24583037882125333,0.20111996626843323,-0.026494615946506088,0.010533048762473584,-0.03724620498823586,-0.034942863857391586,-0.049785089693103635,-0.0433597387453886,-0.11173050323948494,-0.005476566701932466,0.055510123317183045,-0.0017825301638973927,-0.02944426399689605,-0.03557639507948406,-0.095910759286088,0.016308049403615948,0.05041520977581559,-0.0561669179153732,-0.031038563121201356,-0.00633493694852998,0.035921767808839565,-0.016568478321430654,0.003990660162021304,0.5462630406030281,0.5787628362807788,0.015271542934654178,0.8036130894229953,0.31441476005194263,0.33122048319715475,-0.06971214688401368,0.3702315017071362,0.20232796876118336,0.1751461265824942,-0.04772340125535675,0.13905517740529266,0.6181938450169313,0.6921337480768629,0.016828257294874863,1.0,0.39608487392149605,0.4260870610016503,-0.052115481708568924,0.5622599491992115,0.26697303079138685,0.26230195239712195,-0.09058483475825103,0.33784449629374674,-0.14034511479787,-0.008584697458781529,-0.09896167374300646,-0.08557488429065781,-0.2494605290021517,-0.00865240717515848,-0.10097480818356908,-0.05963615994703944,-0.1722773999401864,-0.029678652402974598,-0.06008903883994652,-0.015052317335909934,-0.09778526697639607,-0.060659697479969736,-0.05238243113707065,-0.07957511623353626,-0.20762637324919886,-0.09578625870495808,-0.059700720506289495,-0.12617433061672526,-0.13375046923124678,-0.09418020225464535,-0.07798143098851117,-0.07996147075080683,-0.03183610137087741,0.10007601631904477,-0.11671352122132506,0.03859028340574127,-0.03384065430011124,-0.020695947028840103,0.02155435578850177,-0.02727183544822676,-0.06852171318100923,-0.05964433380980709,-0.010585335077623449,-0.09672056495815545
aqi_roll_mean_12,0.2637782958149552,0.29405212200068376,0.027836725901932483,0.024096859521364807,0.01946124212958085,0.09081077758382068,0.20587707439515773,,0.1981772965257094,-0.12016908265392653,-0.045707039746170526,-0.07659218773621845,-0.03243711707094451,-0.03166358217131092,0.03166358217131092,0.23599122448226814,0.22275184112469876,0.21787823996142028,0.21582086392121116,-0.009482183405713569,-0.06332881138110567,0.25700107842528397,0.2547103799477555,0.2501262587015229,0.2667458315930927,0.00476789030423271,-0.04037670257622771,0.02947400318838454,0.008439107520779657,0.013666052510040702,0.007181127429054798,0.011998123608491906,0.021922957090032117,0.043791271371680374,0.020147587637339554,0.02602114734172357,0.02619514754156893,0.04494837363692209,0.038077644397870036,0.011434643539664086,-0.0030224220713671924,-0.0068158768699315385,0.059529202074155324,0.0018298348287386999,-0.051410823041087066,0.605197360533957,0.03035854364144819,0.4033491897296665,0.37268187153632293,0.8709365292608321,0.022836892274101926,0.42111932141046926,0.43613294400001673,0.5305029283569875,-0.10741749225865409,0.20260772058550164,0.16378131330947565,0.6694615322373281,-0.014237074786088948,0.4479383249683251,0.39608487392149605,1.0,0.03024706073357734,0.4164942489384318,0.5040696326909228,0.6914985377201764,-0.033719727750735416,0.18044983746770138,0.32053780194289927,0.007819243061917034,-0.029246813862514667,0.03133719862763288,-0.03166170427149259,0.03100438103202258,-0.10848529895677184,0.12530000992730883,0.014942155799423878,0.07004854221461486,-0.2703527554957349,0.19124364528555016,-0.03358943280560033,0.02207030177330573,-0.08462647881178725,0.05188905790241542,-0.07444744468667802,0.06593987206686659,-0.19541381619165965,0.134343201423393,-0.09307902217901617,0.15981002531126054,-0.33881781435012387,0.14813734424901798,-0.07464145480301204,0.007520984142383723,0.0761121616005206,-0.08011709860227677,0.009320397697461126,0.028537979771804806,0.15011349633716392,-0.0671918647842945,0.06403204409579467,-0.0982833346077398,0.09169034325886691,-0.10550159377471878,-0.04576789878899703
aqi_roll_std_12,-0.009983374231623801,-0.002132701546096498,-0.025182720988762085,-0.021228963463417332,-0.035776089719337024,-0.00293184986037106,0.130691704367296,,-0.004591957801021366,0.012163220459733396,0.015310800951299455,0.0806451000345873,-0.167646434343485,0.11113533093211,-0.11113533093211,0.008260643749152278,0.013273278414023757,-0.01813231866834556,-0.001479788786481877,-0.004486227249895048,0.008135893281595377,0.011546194193677984,0.010933732163582417,-0.010702638751951401,-0.0019478067685685075,0.009624968284613058,0.0017732298162674986,-0.017667051450094867,-0.056360634474922344,-0.04832479787747809,-0.09381344286545393,-0.140549842805475,0.021708181451075472,-0.010940371241002526,-0.04520440009531355,-0.0375339565443492,-0.07070434165396397,-0.11065886635033814,-0.011060651099672587,-0.07965486320345269,-0.08155708564181782,-0.07854174812135888,-0.05975965187766516,-0.02939048096595896,0.054566946383497815,-0.02181137924252524,0.52575652782431,-0.41573721701113947,0.30911520323350383,-0.004628905341155142,0.7995039625920609,-0.6047413910266923,0.4304783633378245,0.007333438229833077,0.6440403645474759,-0.44617590840753346,0.2574911207557277,-0.0009164148800706333,0.6432781728231998,-0.48646929763032326,0.4260870610016503,0.03024706073357734,1.0,-0.6859049668223011,0.6291317892215758,0.053383075975938554,0.7422436357390585,-0.49135318609672746,0.41534409002529527,-0.11071541736504655,0.0594307035826529,-0.10506183716158035,0.009000088056978982,-0.2941560459426036,0.11906303575392846,-0.16563957989756428,-0.04367550658786623,-0.373182102743266,0.13649403556188228,-0.2665737746820771,-0.04719199459098521,-0.08835282698965831,0.016692496943411107,-0.04134140518581576,0.034767538498998746,-0.26113637172620063,0.0033901898385830216,-0.12211648621934393,-0.04305603272521108,-0.3450657583249838,0.04396391256373844,-0.23653998767174425,-0.13339192369073374,-0.15333206061523114,0.051322806142226444,-0.15664872286809844,-0.05546727501660859,-0.2266333037266111,-0.0041581264737160705,-0.11356489341247081,-0.09401895255848723,-0.2029547132494293,-0.13756523288473135,-0.01806235601937959,-0.20799835176564935
aqi_roll_min_12,0.09680375282491356,0.10432345465290994,-0.000617083710332266,-0.00664970352020773,-0.014940084281780033,0.07081271353667896,-0.016392532188886054,,0.15102151207979825,-0.08560551941111029,-0.132065162711924,-0.15448108421505385,0.19461617850728513,-0.14111973552947352,0.14111973552947352,0.07579553390945305,0.09011121650845667,0.09873127950796436,0.08543034790597465,-0.014119900214123923,-0.0353757741217947,0.08138223775983049,0.09824595819458977,0.10483935417164376,0.1144210404228225,-0.020997727303852597,-0.03149480171407803,0.016456448551293055,0.019909903403713305,0.012815623064376057,0.012742420041862433,0.09772086014413728,0.017882029252303457,0.012232613936257155,0.015136845540812672,0.016677369708172532,0.01963315646772323,0.09259456018724307,0.049477876297410586,0.0031455803665068555,-0.0022219241626530405,0.027590405806919686,0.05963242883458585,0.06729917513308491,-0.07472106852223809,0.2901664318088375,-0.39391429649817067,0.5434875274080584,-0.04083292770586968,0.39905409704012407,-0.6082091085805851,0.821009653954709,-0.030916284945564174,0.25477427643503747,-0.6110555966055979,0.572543566330884,-0.08840718854771373,0.30007779730709605,-0.423494152995033,0.6305517231146727,-0.052115481708568924,0.4164942489384318,-0.6859049668223011,1.0,-0.08460975680068107,0.23751675944961773,-0.5874531748925034,0.6155017276390431,-0.06174464319462,0.0037286073274432605,-0.009362559682043997,-0.00838222531187226,-0.05283372523128231,0.11100932043603089,-0.1337424081475761,0.10089092206810275,-0.013776235431236,0.2690141118417104,-0.24489159334886512,0.2798935476434034,0.0026718194414188058,0.01656992928175184,0.003472249643463862,-0.004422108839478205,-0.06293972480283638,0.11298615437082586,-0.06850094909471603,0.0978621099910499,-0.0626772980044866,0.2991715572684191,-0.2325021901912763,0.2797655271398843,0.02535051230420022,0.03769769177571638,0.09271781400175978,0.0004303555409960213,0.09357360624060483,0.13106394073566488,0.12828457982055042,0.028779855243303815,0.19206309902206312,0.0617430529017417,0.2405346490911604,-0.014287155005182139,0.2212669057157188
aqi_roll_max_12,0.15684785796458645,0.16789305296001916,0.01305313983782338,0.02240854820611351,-0.010413218000619342,0.08377294585704924,0.23909992224704327,,0.19623919822881025,-0.07953004139731537,-0.06144598090750838,-0.09141063508584168,-0.07868072911373211,0.04590720250757142,-0.04590720250757142,0.13580459399525494,0.12048434792143567,0.09279635137759262,0.08690820125617908,-0.019758200549702728,-0.05002384388388069,0.14334385605779817,0.12297572090353509,0.10614383979099469,0.10608156141601716,0.0010820433965585167,-0.05202985287108866,-0.0035222793627228684,-0.04405618040358861,-0.04600857208302059,-0.11871655571777201,-0.11684745389140219,0.01956861577150124,0.009986458608579067,-0.027618419971759546,-0.02856396071757118,-0.08909375046139201,-0.08576393946841683,-0.0010194155602770772,-0.06580348529056833,-0.07536723827249155,-0.05480420662289368,-0.01977180699685366,-0.011740899495329912,-0.017616477964116584,0.31614032917086526,0.23295068568857707,0.07699748550743235,0.36813542308451697,0.41107130647114015,0.45285212031815647,-0.07728178738377126,0.6319369046225782,0.17592232380899825,0.314127032683127,-0.17459066669134382,0.2209775294935715,0.3709643016611864,0.3553576609055126,0.04534013334666685,0.5622599491992115,0.5040696326909228,0.6291317892215758,-0.08460975680068107,1.0,0.27511995745857026,0.4442057522471785,-0.17673705860411876,0.6290064848984896,-0.10013521993997147,-0.04163315398236148,-0.015189964657101622,-0.041719770620739144,-0.2654905798964693,-0.08245761512273546,-0.015509285119260809,-0.0945566809570634,-0.28684176698676217,-0.03921108522805391,-0.08375282005113735,-0.06730865603198062,-0.06011309691539884,-0.056631709803689194,0.03301337101606852,-0.005061030549551556,-0.22196358578004383,-0.1500507238413888,0.00997022550110104,-0.12448578782170076,-0.21977223640894158,-0.14390256112371827,-0.08328985793556189,-0.10791479532662389,-0.10809220231352232,0.14699697163504594,-0.1705686635096521,0.015148836679459387,-0.1835709691907135,0.1170141997305418,-0.12220452641819447,-0.021098620952131143,-0.2769387478098834,0.0181655598625923,-0.09895905458224444,-0.19771017531996246
aqi_roll_mean_24,0.19100900590034472,0.18519174231845748,0.015053712674897371,0.018030687569017198,-0.035899763570909966,-0.011827195840658526,0.19941966841502493,,0.1589839536414262,0.0064104553329774935,0.036077866914294536,-0.07772989186902877,-0.06751131050388362,-0.006142069011962424,0.006142069011962424,0.17386556792605368,0.1646681183621845,0.1768128983335986,0.177239590644365,0.1809938371661238,-0.05956290571029907,0.18268248330278233,0.18391818572258042,0.2018232596050657,0.20622623927675376,0.2002595819698678,-0.03422680807787526,0.030572616572186236,0.038083661497437624,0.025027285953535844,0.019249583628722377,0.02944219108276731,0.03877340747340956,0.04452103194290056,0.05227688991317358,0.03728515328246843,0.02716618344272708,0.044027100841395675,0.07237863350961118,-0.030918079982916482,-0.031139895270763496,-0.024513070732520795,0.02316492625021089,0.02053559123660303,-0.04123196291272747,0.4595536809828611,0.055719389259722994,0.2846183872370637,0.3068880929459184,0.6555818120967091,0.10136453055616147,0.30298283893074646,0.365835464082559,0.8684808189753414,0.021501617701683663,0.26749533391264674,0.36735353975193125,0.46907393495717564,0.005782631478171313,0.2789392557876213,0.26697303079138685,0.6914985377201764,0.053383075975938554,0.23751675944961773,0.27511995745857026,1.0,0.03903727333778447,0.21331481540798664,0.3799427723244477,0.03090424495851089,0.03310392314234441,-0.013363023197776503,0.012833952464269865,0.06712610593855442,-0.056509124265411846,0.034160416718751044,-0.01271682494910881,0.0883692033624951,-0.25691138039324624,0.12895233798097822,-0.10977650606096219,0.05561389631934495,-0.02229627338287948,0.05313877616674299,0.013301382702586555,0.08653494745835195,-0.11680869715710512,0.06619179802515386,-0.03782450154763833,0.1606824720253256,-0.30309938051156865,0.11020898145367777,-0.11907446825226538,-0.0402649205340088,0.1409107804254235,-0.138715441328266,0.07122691049958364,-0.015081562917662942,0.2137416043193375,-0.14271196484521498,0.061672103121943204,-0.05163447905448853,0.20536336424148158,-0.08656386823455821,0.02588575692371623
aqi_roll_std_24,-0.0070620158468121955,-0.017345804524486065,0.0306255001785966,0.03401424619687341,-0.024540062359901388,0.01814430745751773,0.22098985304739502,,0.0071519342118201434,-0.022775646256918143,-0.007468979515686491,0.016316176128293954,-0.274805911873238,0.1707003043219275,-0.1707003043219275,0.004365366118383961,-0.002730650777355949,0.003712099261258925,0.0116720185894294,0.001942439586063676,0.016043962757669467,0.0016412386384195127,-0.0077038219140442375,0.0007708192232014385,0.008813007281495307,0.018530669651066766,0.02101611028914058,0.022551881828984478,0.02748112968118704,0.0129895053210772,-0.06077904599784891,-0.10995842388958536,-0.057837261889474294,0.030161718608201618,0.036835837260600135,0.02107541904973847,-0.0457008406399398,-0.08886221159423285,-0.055783559783324145,-0.03406916586772738,-0.03613233516622545,-0.0337027606570764,-0.05253363423524719,-0.050655355564627094,0.013265651378339826,-0.005006020390425906,0.38361755401565734,-0.2760028858074809,0.2372912249250506,-0.021492087755433938,0.574096105462877,-0.4255234705917748,0.302682587972233,0.018809313238804606,0.834633292884612,-0.5596037601652006,0.3001419121647927,-0.026585009638447454,0.4738256196274456,-0.3960055100364926,0.26230195239712195,-0.033719727750735416,0.7422436357390585,-0.5874531748925034,0.4442057522471785,0.03903727333778447,1.0,-0.7060412693307812,0.4684833046041053,0.04444502440413543,0.06737980503979275,0.02297142025103816,0.13682445031383103,-0.10504360103982288,0.09371735196958374,-0.013035967385387284,0.07038937086219188,-0.3148322627709558,0.12355293468257462,-0.13314461215820658,-0.01374152296888096,0.06484635734565501,0.02428704744132069,0.09476374951286776,0.16543310587889237,-0.06624756134122481,-0.002642042389776483,0.05727538789379467,0.09765643600918544,-0.26384903437300705,0.011373487103612901,-0.09905491678508187,-0.040991308922815696,-0.08504615811617591,0.09549701302056815,-0.1415320661343638,-0.025407627927506348,-0.1751666544600691,0.08045147315057082,-0.12898148142221944,-0.07646300992023582,-0.25820051815094763,-0.04206234593206292,-0.09435277346883013,-0.21975542385130478
aqi_roll_min_24,0.050986456292800984,0.04586816620760722,0.013151873251405133,-0.0006681148355206681,-0.04463920304175246,0.0015019263816691475,-0.1627297603378991,,0.09274900645217235,-0.001169248298951399,0.023865294629504694,-0.1022171166211747,0.39104601260539606,-0.17877222942581933,0.17877222942581933,0.0479104279062278,0.0629746660265379,0.04539042307382653,0.035133589049980686,0.04504905593848891,-0.04342801061626973,0.03444736209504167,0.056424951967145094,0.04781066024219223,0.0399299298508592,0.032547587253467035,-0.03574482723113439,0.03115755391149384,0.019454506259554544,0.0006017044289920013,0.04955982060513088,0.05385111657794845,0.05189625649893238,0.0196279382009741,0.00917922334035329,-0.006785197003784282,0.04542970947659362,0.05568830855561496,0.060971175482114386,-0.03918753096372651,-0.03011970129373191,-0.012671976622295973,0.020264620365513134,0.024729061099516534,-0.018856945739011137,0.15096093162415203,-0.26810217768014816,0.283468606112337,-0.07399304908435571,0.20020029341481338,-0.40389942263479883,0.4653312933937588,-0.08418394084898316,0.23553731297058586,-0.6959289956649294,0.8125484017248122,-0.0903048896331658,0.1363896201990333,-0.31308626134651224,0.3633739794779732,-0.09058483475825103,0.18044983746770138,-0.49135318609672746,0.6155017276390431,-0.17673705860411876,0.21331481540798664,-0.7060412693307812,1.0,-0.11852643436735316,0.0218847257757595,0.0022590725333970054,0.014859956970651154,-0.002163167736546021,0.12634913671628048,-0.07645007830424065,0.08880542066524853,0.03512133120948632,0.23035047554172,-0.18451114886434655,0.2703853596170233,-0.0026239279819808533,0.007486347399221273,0.021775103322316896,-0.01328815591552672,-0.031069928525432253,0.10036585867411453,0.01862919780579566,0.03549764532250468,0.028613696179441008,0.23515603787814549,-0.10237812292105165,0.22476889529194463,0.05658522451336391,-0.0655557991848535,0.11721505564745616,-0.07311976145604106,0.08793564752551049,-0.021700157177587158,0.16498151494540195,-0.07336373051211982,0.13924875012800522,0.0009489525780997317,0.33261041751110587,-0.08494423129602482,0.30628961592721127
aqi_roll_max_24,0.07953251665008737,0.08184663577433396,0.026840108423368078,0.028872601591772167,-0.07719962205197917,0.01921816507332139,0.20780265126613803,,0.22180599568884013,-0.032584008734263974,0.09142884720197368,-0.1526236643562416,0.023706654335603334,0.17506905086468907,-0.17506905086468907,0.07519574082429663,0.06388711462180738,0.06335087993663915,0.07446258828781269,0.08293364138818887,-0.032115815300055965,0.08403641244977418,0.0699580735960259,0.07359265862927615,0.08662044144219644,0.08717939937725755,-0.03660646457787711,0.021173183879249862,0.017837962234896088,0.0018001293707034217,-0.06297680964590421,-0.08240989546641732,-0.00762217273734515,0.02839001781211825,0.02771579689963651,0.005959624216507014,-0.060338372804666994,-0.06027687890589547,-0.003961437395084363,-0.080563035835105,-0.0688199808364688,-0.0421429830301421,-0.04400150568180709,0.002104202738579293,-0.0482346741115762,0.1870388563757537,0.1368865691398956,0.05988522636656649,0.25338147986686066,0.2857823875643084,0.25469613607331326,0.021305265679921834,0.42969692245037505,0.3149275653272335,0.3179568427270904,-0.07105619988994413,0.4725578474742699,0.2069172246014461,0.26974302111554965,-0.006750548477423129,0.33784449629374674,0.32053780194289927,0.41534409002529527,-0.06174464319462,0.6290064848984896,0.3799427723244477,0.4684833046041053,-0.11852643436735316,1.0,0.010607143335278528,0.07948731414857131,-0.050713843495766076,0.09056755383283994,-0.10045797490907407,-0.004636396100864007,0.01787858927931257,0.012454027132761787,-0.18031539459525825,-0.0286427979352532,0.08481166261031506,0.0046992120912538364,0.02399135523974385,-0.008865827683648814,0.07869382001530621,0.07271176158676469,-0.08362159910343574,-0.10199448698856822,0.08481741281861754,-0.015830275336794868,-0.13786316693265258,-0.1589085033036223,0.06729496798221905,-0.08863457004573898,-0.13125473758476303,0.19906110960290896,-0.20225912872816282,0.052329807119066235,-0.1941273591727573,0.25775992888990096,-0.1885808029525747,0.10763585487779675,-0.31766252344767415,0.2294067958141259,-0.18940570502886345,0.01428453718069662
electricity_demand_roll_mean_6,0.03523344785903013,0.04907157723922105,0.4129261188156614,0.3781957487388044,-0.030048461094915442,-0.020041159283474084,-0.09713373020836273,,-0.09088778587073482,0.028327126105677152,0.07968559350167514,0.11092623991826703,0.11195439783680593,-0.030264115031774345,0.030264115031774345,0.038707349329642884,0.04424691290471798,0.021134023394659734,0.007276170296615668,0.04829493129903618,-0.032790405221136854,0.03860622324086645,0.03797742470373111,0.010403042721674145,-0.014099078479873644,0.05767174078326777,0.004202439217823904,0.4182510569655868,0.3975760582400198,0.390924785411445,0.049041305947917564,-0.04575277298370733,-0.013868856007638286,0.39238152415641514,0.37828841037575484,0.3663662673847626,0.055302844746606634,-0.047117628173026935,0.009078682876074653,-0.003578690490588559,0.012480708444838092,0.014202218356958337,0.04099056404740098,-0.03342001984504243,-0.02352067407951564,0.045907490799145294,-0.15761784566276377,0.11816166699374814,-0.0795284036808174,0.0789148095961099,-0.16415953702063804,0.09364916868944069,-0.04754311193477759,0.018646312404473037,-0.046524366474593,0.02775393555121027,0.0023488931841401293,0.011295343507961212,-0.13498930483849506,0.046691458894362714,-0.14034511479787,0.007819243061917034,-0.11071541736504655,0.0037286073274432605,-0.10013521993997147,0.03090424495851089,0.04444502440413543,0.0218847257757595,0.010607143335278528,1.0,0.016622173479993767,0.62769987678484,0.6097557676914103,0.7186859748171911,0.053113037530026205,0.4046161154498901,0.4571758145703805,0.4387938033052434,0.04128006409010862,0.28570776832756434,0.28328678761454235,0.9228773631683859,-0.04983418517518784,0.6493490835871067,0.5527315201493277,0.6779641112366704,0.0038511970517161455,0.3856447460728671,0.4741832973344138,0.44857121604011685,0.004698732590716197,0.2568985786364072,0.3577584662907546,0.05857201270814757,-0.07331745318661048,0.11048500805297669,-0.002651190381273149,0.06594511474824848,-0.0501484292635044,0.136177851714371,0.026407835570799967,-0.07783453316007893,0.005665600377415342,-0.00563049764322617,-0.01963740992718935
electricity_demand_roll_std_6,-0.059942730533481876,-0.02939472891784188,0.04339257232503657,0.03696527150545828,-0.01052979279376839,-0.050870897277069685,0.04289055021113675,,0.07331132106807123,0.14477008897426696,-0.11254446870468189,0.021074070359759084,0.10003881572875314,0.08396763814470626,-0.08396763814470626,-0.026237514144035946,-0.02498047934705047,0.008984231949833601,-0.013325465929623252,0.008162618384385797,-0.01774960033168902,-0.010837889324601259,-0.014074766285904363,0.011661245225901968,-0.018967029358346738,0.015480061076667908,-0.024363469354610333,0.011777914817827285,-0.02286957351685586,0.00016888057217916938,-0.02870992530470821,-0.00966045363868391,0.027505186416356953,-0.021559992292747323,-0.05601640915813765,-0.028757030138003382,-0.055755208972493024,-0.017904557990758976,0.013492205886039678,-0.03599033537960284,-0.023792790079116326,-0.004703813240455152,-0.017727941436381983,-0.03905657720107237,0.0033391650919778293,-0.054915041535680525,0.0644470411897038,-0.08931100036143523,-0.017444587287043265,-0.05938477784027466,0.056811614051980264,-0.062443776925194074,-0.05994734738457742,-0.005616545187957709,0.03753066054002058,-0.015136210039468505,0.007981513150809543,-0.03798256798507626,0.0802426339514839,-0.060848202441291556,-0.008584697458781529,-0.029246813862514667,0.0594307035826529,-0.009362559682043997,-0.04163315398236148,0.03310392314234441,0.06737980503979275,0.0022590725333970054,0.07948731414857131,0.016622173479993767,1.0,-0.5846220176255482,0.6647543480444605,-0.04880803235407154,0.6313645748037259,-0.298580054918912,0.3178798985534708,0.04764309273585145,0.45045451821844756,-0.1305670099238164,0.2695382861984891,-0.028887285633649826,0.8129186011640614,-0.4562547226302102,0.5319373349278702,-0.11974307768092499,0.5204742389449057,-0.3355800539312856,0.23832504563050344,-0.020955311954900736,0.37274519718608673,-0.15701131324286866,0.14294986766514087,-0.06420595296976106,0.012115965404270613,-0.013788647798344286,-0.0018512482387799663,-0.0991268273433916,0.010307189237042378,-0.10536643091972514,-0.09874163125263408,-0.07725675289705194,-0.07539191692617214,0.09980404536557817,-0.12067416023361817
electricity_demand_roll_min_6,0.06549631646247657,0.06977243943260389,0.21055625535476344,0.1938323232598786,-0.007422193290310173,0.05577725340482376,-0.08683572939436884,,-0.0662877369549247,-0.0812396125044653,0.06321562327940662,0.041607366029099355,0.08751606938027777,-0.07288298874373428,0.07288298874373428,0.03493885158603237,0.03957960786244112,0.02143815971048077,-0.017330651101524847,0.008592697444719674,-0.059731649951927306,0.050107061348451144,0.04363850191851796,0.016236074937179084,-0.01997634903815328,0.03297388014433195,-0.014817046721052274,0.24031065066137783,0.2465408951567299,0.2290810923775656,0.07031001685177331,-0.03414921045119801,-0.05260947309632415,0.24233852848197948,0.25634868694848695,0.23844941468092545,0.08553954829085376,-0.024543485068174206,-0.017336391840925378,0.015035221411310943,0.025906719473743844,0.00839302760982384,0.02302190337147559,-0.03577725719567991,-0.049650863698457885,0.06545586861153198,-0.17948363425304908,0.16675961698123407,-0.06772698454887104,0.060498681745002794,-0.17680455167339712,0.10626185184256255,-0.016439899633680883,-0.03669831906835486,-0.04589186364210955,0.028661864766747265,-0.005957644707369608,0.06039639777960681,-0.1580691818365086,0.0729550526789656,-0.09896167374300646,0.03133719862763288,-0.10506183716158035,-0.00838222531187226,-0.015189964657101622,-0.013363023197776503,0.02297142025103816,0.014859956970651154,-0.050713843495766076,0.62769987678484,-0.5846220176255482,1.0,0.13543768696654845,0.5217398350164458,-0.3407132695534496,0.638745182040177,0.23975771299772677,0.25722303823056647,-0.23396432174798376,0.3614192872301853,0.09863926096588045,0.5992221789890274,-0.48442600550438414,0.812537432473703,0.16428048097407455,0.5392685486698036,-0.27347977194364465,0.5669918844757176,0.26886974157636,0.2964352618698867,-0.203192823803611,0.3162065960132869,0.17986817049374032,0.08690614303426428,-0.02452381510672089,0.07183777667887357,0.024083953092710282,0.07797511481237422,-0.017021838476331604,0.127245299995114,0.07029826930085618,-0.0771061415764668,0.012758667732488937,-0.07806832878645116,0.006368354917863969
electricity_demand_roll_max_6,-0.005335847526095525,0.036112210298444726,0.2647115601118125,0.239752011519116,-0.018701739939706915,-0.03555623868260518,-0.034821038462119765,,0.010865341955444013,0.13963989837166818,-0.0951720331900313,0.0643232153178849,0.19667743771868837,0.05378010461419331,-0.05378010461419331,-0.006842645793544593,-0.002569006881233063,0.024812716564214098,-0.041920192960468755,0.038363897172396265,-0.04016824916997296,0.028522206343711876,0.011757299824349856,0.023488043528660782,-0.04886973935377468,0.05905136466986491,-0.009832122469614634,0.2499810032451262,0.20856459938822564,0.19626563852173462,0.016405730689171855,-0.034299620777494114,-0.0060409896334092834,0.21165765872361555,0.17894662779343412,0.16459488115855234,-0.0026865878516826305,-0.029143995103919903,0.0023749483216362723,-0.04713893201677212,-0.013265345393483986,-0.008715639185313128,-0.004780055358294597,-0.07923935457436936,-0.03632282873086992,-0.02551683494477492,-0.07001796948432194,0.0203865305420925,-0.08009953808841241,-0.043510069943873776,-0.07028336275401671,-0.012141640241028769,-0.07763840769160633,-0.04669538821998417,0.032784686697175124,-0.010753423964043777,0.03163196524226416,-0.0073969287109562866,-0.014411367383081526,-0.031179563132559273,-0.08557488429065781,-0.03166170427149259,0.009000088056978982,-0.05283372523128231,-0.041719770620739144,0.012833952464269865,0.13682445031383103,-0.002163167736546021,0.09056755383283994,0.6097557676914103,0.6647543480444605,0.13543768696654845,1.0,0.42765873149155254,0.4822238098431065,0.14955267155563987,0.6390081865220689,0.28050106951784715,0.341624188196213,0.15742908010417778,0.41292459661034114,0.5276008354911179,0.5077585923527886,0.1912727691742672,0.8215160269824252,0.35872206547376045,0.3765302681768331,0.08589874575152297,0.5567720173011841,0.23912896576074147,0.2526511855080318,0.1017301364508217,0.3546153599662867,-0.01746449752523764,-0.01011688640472038,0.04259435923008613,0.011697049756689672,-0.08295948035567752,-0.00029852445088117565,-0.006712541982886284,-0.06222525779881142,-0.1814484586089675,-0.06762409554968385,0.05132748497120646,-0.13206920075116815
electricity_demand_roll_mean_12,0.03207869574598457,0.03726004105830911,0.2849667223473685,0.2543108347455984,-0.00679448691835912,-0.02408197227284633,-0.19525560411727125,,-0.14927925113644092,0.06401019986842857,0.026164145941957623,0.1664331598056168,0.17026910233796683,-0.0598583934992705,0.0598583934992705,0.025626932272085592,0.04510499618445696,0.03972363869177286,0.018767243777466285,0.030870763975140752,-0.043411760761192957,0.02928676533946589,0.04385679762147172,0.03386155607208921,0.015184569696060286,0.024956902923575528,-0.013170713639831829,0.28692778463878776,0.2771020826575164,0.2902272779521164,0.3135871304319509,0.002733287473282029,-0.03758464046773498,0.26231012917122093,0.24920305256634517,0.25820727076262895,0.2943856267030021,0.005325163274919881,-0.003960330862789471,0.006795225403588706,-0.008176493064968749,-0.022637956423105544,0.023224692392886076,0.011597044810017703,-0.04801126291311747,0.06056938772819304,-0.2594507350629291,0.19627031485801172,-0.15848656687372256,0.09975409919446512,-0.2923266509699429,0.20212436944164267,-0.14061143409985835,0.07901419371823101,-0.17413177608073974,0.14748463997505684,-0.03304269343543762,0.039246493264360166,-0.30595843466851363,0.17455255214763407,-0.2494605290021517,0.03100438103202258,-0.2941560459426036,0.11100932043603089,-0.2654905798964693,0.06712610593855442,-0.10504360103982288,0.12634913671628048,-0.10045797490907407,0.7186859748171911,-0.04880803235407154,0.5217398350164458,0.42765873149155254,1.0,-0.01004317366111981,0.5790575420403145,0.5954502155205389,0.661289106555105,-0.02869987565938044,0.4145790502876122,0.3836635356882359,0.6543455543596904,-0.14903859449764661,0.5436884778072602,0.35586705150851444,0.9368036140472003,-0.12123861484128916,0.5923132866556027,0.5409563388702535,0.6580024569261731,-0.09521415347187578,0.4135418222769185,0.43070276263077356,0.020224086656959312,-0.03736521667182778,0.08432053601504068,0.011125378787231095,0.062436308052173754,-0.026210637353759107,0.15968872883626892,0.059495794403261276,-0.05295900822732421,0.01678130670789239,0.0722426078031974,-0.0065243602290007
electricity_demand_roll_std_12,-0.06440828217558085,-0.04701708881818159,0.03468943421402341,0.0014072680941020644,-0.01596906962468747,0.016268769522078275,-0.008594684689285294,,-0.019279821279129538,-0.00564404389686792,-0.1722849308731258,0.08627920462742253,0.09822595446822398,0.1053920347815897,-0.1053920347815897,-0.0642062677088816,-0.039444590389440516,-0.04602115060914634,-0.034103291506631134,-0.01874263242796587,0.03153612961245964,-0.05228798088116983,-0.027813699075756072,-0.028736467504810174,-0.011841362807204077,-0.02145476665795416,0.026354121011231003,-0.008096337553663652,0.008275343504524298,0.015109067231907225,-0.004819809463533499,-0.012175863906808141,0.031317707295816816,-0.03754097263834335,-0.033489552447282724,-0.03171249825100596,-0.03400911471609811,-0.03868814628081315,0.018615708475643155,-0.02499924699862418,-0.01718649979797786,-0.006785186316921186,-0.016423995356654203,-0.04787483714915827,0.04882479038433611,-0.11524095841039059,0.1360128173090691,-0.18558330572657186,-0.012248296839060088,-0.15668711588707446,0.12643389833675575,-0.1797496839742921,-0.08377307315750163,-0.09820275253838123,0.09337822478614759,-0.09723819279278231,-0.04119877060315815,-0.08588895517998915,0.136654174023086,-0.17621453754132477,-0.00865240717515848,-0.10848529895677184,0.11906303575392846,-0.1337424081475761,-0.08245761512273546,-0.056509124265411846,0.09371735196958374,-0.07645007830424065,-0.004636396100864007,0.053113037530026205,0.6313645748037259,-0.3407132695534496,0.4822238098431065,-0.01004317366111981,1.0,-0.46619283715186133,0.5302916289485258,0.05135015114673846,0.6509723535610298,-0.21496395370933333,0.3729007632812394,-0.010958755475225481,0.5273428024280338,-0.2620319685431297,0.37907910978717585,-0.10682213694684874,0.8431559767311221,-0.46586064664565463,0.46067460601960825,-0.035520209276606284,0.5440547135625043,-0.2390774270963875,0.22079353601643997,-0.07360016907728287,-0.03200086432019312,-0.008491385653593727,-0.04604848361689022,-0.11217203338099256,-0.021967628087334674,-0.07448123591743507,-0.11275579281397491,-0.10526119283193822,-0.17820218748215108,0.13997897190776953,-0.1815214201557068
electricity_demand_roll_min_12,0.08801595121376647,0.09239422709671122,0.14065845933216378,0.14173808664876433,0.023442186531773913,0.02018610188786107,-0.1481098201201358,,-0.04023482262525572,-0.0068497404012494685,0.06213148484020568,0.08602797593151681,0.21328733732379337,-0.20155918317337185,0.20155918317337185,0.06787652046365816,0.087447017660154,0.050865440139583246,0.016762127357681924,-0.011623728206053669,-0.08344930582189014,0.07150109775911787,0.0809259464058888,0.046615351565052116,0.023071898340642463,0.015666174556058246,-0.05503564235906242,0.15998885486685765,0.136493744314005,0.14568055447581024,0.15031025100826229,0.007160845862095997,-0.07433428902869667,0.15774332049721418,0.14349364405770987,0.1517922585586853,0.15320256244922079,0.0350842512571567,-0.031857944436293514,0.042128178829512475,0.04383345172461545,0.03394439051845545,0.027191335382023857,-0.01654439734857697,-0.08394979362890385,0.13344423915018308,-0.23402523218733093,0.2227746827750592,-0.08965294430393067,0.12753873707859945,-0.26491467992104717,0.2092572525296316,-0.059427692721359886,-0.012799144790506862,-0.13460713682152242,0.11581739170929765,-0.014286080683981269,0.1302264900095728,-0.21404414343004025,0.18914804599372634,-0.10097480818356908,0.12530000992730883,-0.16563957989756428,0.10089092206810275,-0.015509285119260809,0.034160416718751044,-0.013035967385387284,0.08880542066524853,0.01787858927931257,0.4046161154498901,-0.298580054918912,0.638745182040177,0.14955267155563987,0.5790575420403145,-0.46619283715186133,1.0,0.3241485089539302,0.3505560826968143,-0.3228558100069238,0.6379433734824326,0.2071855901356222,0.3887569661784719,-0.3044437014878427,0.5377114037355886,0.1521515683107214,0.5907434508935969,-0.4419868089420354,0.8115728875098664,0.2856729792308887,0.39013228040383,-0.34009458669366516,0.5109137245593337,0.2230428583108394,0.112622389597169,0.030459692468666668,0.109182185981293,0.10996542820932241,0.11377223008260401,0.07244317099468578,0.13824227011196188,0.1726431141561094,-0.025628818084527286,0.09965981715680153,-0.060406019114210216,0.08616414838357436
electricity_demand_roll_max_12,0.009757442261822567,0.04792420870734788,0.1503902341907406,0.11497162490718998,-0.02776282004227218,0.028438402835385724,-0.18299781882721725,,-0.13667580886618272,0.016360048805077246,-0.13515565731400506,0.2078357228917052,0.25198868650283907,-0.022144536618053115,0.022144536618053115,-0.0067365742213147065,0.026319785676024488,0.013080041873373626,-0.004621427918529606,-0.014121741972675853,-0.05948525544556301,0.035226305661381005,0.053785274508019607,0.04045909310593253,0.02415486637215616,-0.010867078425029464,-0.037158702324447054,0.1367362518098092,0.1521298848871079,0.15753649097319541,0.1799903002102033,0.017451145234279736,-0.031991678193978336,0.10822700140806986,0.10895333448078422,0.11588285569836161,0.1501416856537234,0.014738621273366106,-0.018712989904727768,-0.010975220821331743,-0.004785154015240261,-0.01188642045177099,-0.004294439930947089,-0.04445365557940191,-0.024161749173782717,0.008064050238840832,-0.05794376994847156,0.02114681564352189,-0.07113963107670736,-0.04335970838136194,-0.12771367341055567,0.041916464907258255,-0.13033580161232025,-0.08835623893659547,-0.048237014567275756,0.054921471439761976,-0.05424730646073177,0.07035261062123373,-0.03556011795488126,0.010531287478699821,-0.05963615994703944,0.014942155799423878,-0.04367550658786623,-0.013776235431236,-0.0945566809570634,-0.01271682494910881,0.07038937086219188,0.03512133120948632,0.012454027132761787,0.4571758145703805,0.3178798985534708,0.23975771299772677,0.6390081865220689,0.5954502155205389,0.5302916289485258,0.3241485089539302,1.0,0.4219627707353874,0.33575447669491765,0.3081312766020291,0.6395780300824112,0.3712686755759219,0.18648934869618125,0.2641189808617255,0.5017967577359238,0.49400545793126577,0.36258864207996755,0.24967126470703277,0.7626240715702135,0.3553602387201297,0.21718212694507852,0.2177284552237676,0.48884254174311725,-0.03460048095923779,-0.005533256980933196,0.03567134256433951,-0.003868453816059458,-0.06346986632082671,0.002317049024259215,0.05864257263697803,-0.005748879916128502,-0.15257981023943934,-0.0732841143840384,0.11065658751967523,-0.10969837474392444
electricity_demand_roll_mean_24,0.05460612758006834,0.05666303127770104,0.17546904109794356,0.16045467586051404,0.024729211975588777,0.013825082240242094,-0.3570397120472133,,-0.23259847096620104,-0.005814331726767431,-0.007277280944069887,0.2567558906823609,0.27089235498399555,-0.05471373013384453,0.05471373013384453,0.05600438874691783,0.05044399654880186,0.030906600519755783,0.02701726773100403,0.040187087907371036,-0.011904549408662488,0.05644214986399624,0.05234180545876451,0.03139707876934166,0.017290013938168088,0.03749319354650321,0.007485494872906003,0.1824293938958664,0.17812569798774971,0.1808769623217918,0.21357925916715018,0.2115241529554811,-0.029424384078583932,0.16668990622436855,0.16359461933113587,0.16629930327781073,0.2009254091573914,0.19037494911013558,-0.009786054216774143,0.0355724692737858,0.03273311400842763,0.023716472068244007,0.027623908386834935,0.00022908227868630429,-0.0373685991092254,0.08682100044645781,-0.1936275201810056,0.16661031718925826,-0.11587283006088095,0.12437541429713363,-0.30627798063699224,0.27892048238516226,-0.19895018455827293,0.13296831788195998,-0.3311664347590413,0.2644499877812377,-0.0866915405221324,0.06808192516651951,-0.24546032677167645,0.19166339739607255,-0.1722773999401864,0.07004854221461486,-0.373182102743266,0.2690141118417104,-0.28684176698676217,0.0883692033624951,-0.3148322627709558,0.23035047554172,-0.18031539459525825,0.4387938033052434,0.04764309273585145,0.25722303823056647,0.28050106951784715,0.661289106555105,0.05135015114673846,0.3505560826968143,0.4219627707353874,1.0,0.06488674381455684,0.45026217220793235,0.56517376064557,0.4015925553510357,-0.06104145403462034,0.26309024571162765,0.20543605035579446,0.613813509584775,-0.0582745815546475,0.3664879869216852,0.33416074929917033,0.9354342819724694,-0.02912481175817982,0.49299506865197734,0.5441191255976974,0.08727597235274556,-0.03289040125964511,0.12066521172261742,0.07851687658801197,0.1356975678882306,0.003651454788398045,0.17720124467554807,0.15613181947739235,0.05407857857292868,0.05822048079581114,0.19830967798023375,0.09252333710839804
electricity_demand_roll_std_24,-0.09501966307164188,-0.08799471632788848,0.04891225928683057,0.039557803722549696,-0.03993282715262587,-0.017531696445966617,-0.11783549348975648,,-0.0744153108440854,0.03308524919340695,0.004309254941839773,0.16015283451201562,0.16264249610949003,0.1244907416878523,-0.1244907416878523,-0.11131614391582609,-0.10481053236957316,-0.09833825669406811,-0.07289585865403814,-0.05138638790587905,-0.007301141451332619,-0.10536796253694153,-0.10142399932125548,-0.09876703348374333,-0.07393300085114335,-0.034641156937687406,-0.014651241346134823,0.026518736692131707,-0.002169553367816648,-0.007587239333790353,-0.02763206713398324,0.002980532387850096,0.0044506256654043225,0.004328157797037836,-0.02353341591238307,-0.0343815034883326,-0.06617651092267385,-0.037342971193763216,-0.022056609820948214,-0.05366849925004625,-0.0257702067104074,-0.010451792207717265,-0.0068233240730037215,-0.036730888904272736,-0.0031476778767967374,-0.22665346920136725,0.14788716659870788,-0.22596453179267173,-0.03035545824248222,-0.3012131005150093,0.1966328135909834,-0.2758845522408512,-0.01820347460367416,-0.30390919585591164,0.15299048115032965,-0.21287967053520795,-0.1268849544864497,-0.22496716590880383,0.14794799756321778,-0.2430913906624565,-0.029678652402974598,-0.2703527554957349,0.13649403556188228,-0.24489159334886512,-0.03921108522805391,-0.25691138039324624,0.12355293468257462,-0.18451114886434655,-0.0286427979352532,0.04128006409010862,0.45045451821844756,-0.23396432174798376,0.341624188196213,-0.02869987565938044,0.6509723535610298,-0.3228558100069238,0.33575447669491765,0.06488674381455684,1.0,-0.37615317056009023,0.5273881105004264,-0.009471593321805229,0.3672480935121589,-0.21202423628698136,0.27115504233157833,-0.13107439627923986,0.5659448530499485,-0.3254844956960843,0.3109543445985792,-0.07068923963330613,0.869007427756373,-0.38804256779779295,0.4123483008686054,-0.08326122129174716,-0.07264701335976931,0.05542656102151818,-0.04747324741400926,-0.12034185805572542,-0.14643149901148095,0.02408520166385971,-0.11814299545400823,-0.1555293777071844,-0.183480205006615,0.10266574186191887,-0.1804194216952511
electricity_demand_roll_min_24,0.07934502157274223,0.08107487346474955,0.07767952434241662,0.07284643246263181,0.045312981955368745,-0.045236109757928834,-0.17946362864219603,,-0.037270794265098176,0.05573460343055839,0.006894935837891032,0.05887413393500805,0.2533381183747618,-0.2619621644954861,0.2619621644954861,0.07963576108076276,0.08811068471741869,0.08263291420305982,0.02996393567023523,0.0328140155051917,-0.06810950849609462,0.07855393814292612,0.08854473429235887,0.0839435322802257,0.042551624816413045,0.04430394957752015,-0.033086060261976254,0.09945911036383973,0.10675612249812069,0.10275704439441072,0.0999853658459445,0.08644265873824349,-0.05261878694041409,0.10614294419464154,0.10424775505334168,0.10964932283662494,0.11013753373454528,0.10055514129316337,-0.00949063117347749,0.06227957365179342,0.047157793700588896,0.042574813043267816,0.02045488639875242,0.016417948281913078,-0.04885299808566648,0.16421124970605064,-0.236500384566913,0.2434061688203319,-0.08574827802034528,0.18608042748992962,-0.37013894202723474,0.3733871082140178,-0.1078154843798566,0.09638642660412731,-0.2883130384005868,0.3367208765047206,0.015151065377511283,0.1593894365637556,-0.19829513123888898,0.22005194012276574,-0.06008903883994652,0.19124364528555016,-0.2665737746820771,0.2798935476434034,-0.08375282005113735,0.12895233798097822,-0.13314461215820658,0.2703853596170233,0.08481166261031506,0.28570776832756434,-0.1305670099238164,0.3614192872301853,0.15742908010417778,0.4145790502876122,-0.21496395370933333,0.6379433734824326,0.3081312766020291,0.45026217220793235,-0.37615317056009023,1.0,0.290205880513025,0.2901570913563426,-0.11789084926140889,0.3157954186527636,0.15711161270565877,0.4418518396263492,-0.21455189703900565,0.5466925104032062,0.27084322374743336,0.4991893464497582,-0.4350797901586726,0.8260209473992326,0.3031166951289698,0.10912500622943387,0.10584368774990506,0.0372955294258963,0.12687737576869793,0.13221439381332445,0.1768299462791808,0.08297024012421848,0.21094721333515745,0.10236012993009505,0.2785273483295517,-0.04854769155903275,0.2823961754451217
electricity_demand_roll_max_24,0.0037506326522393986,0.036453827559235076,0.10973996606461306,0.10123922234632882,-0.014549391938878987,-0.019615824178863383,-0.2856953404648303,,-0.2533086382803116,0.03854965715207877,-0.03411219351457521,0.3472745806406025,0.22975121145513838,-0.13886436958042722,0.13886436958042722,-0.020353420993478633,-0.0240521644480595,-0.016686771028877324,-0.016842243760547188,-0.016885396885582975,-0.0740159146857401,0.015382012546802345,0.007525224070919911,0.010327594821100988,-0.0014932992559680133,0.003499583006780179,-0.06253115973326041,0.10427978212953544,0.09546031428495583,0.09541700360443908,0.11459351050314336,0.10322408593742914,-0.011654749980110402,0.0866494873161009,0.07827359272836039,0.08100625730369362,0.08199702100964845,0.075942925188887,-0.01562684963899503,-0.007366722376115625,0.004770110974440571,0.0085936472215575,-0.011796356283419311,-0.04528652717423647,-0.011648242322193029,-0.04645177654840643,-0.006430916222859892,-0.029582980236864467,-0.056393513527620925,-0.09861716760388355,-0.0905522874076173,0.03066528451628781,-0.07933723663614893,-0.17815611921753502,-0.13970791939303612,0.050430693492184736,-0.11237340947561864,0.005654408882132324,0.029298106945835303,-0.054424423669531305,-0.015052317335909934,-0.03358943280560033,-0.04719199459098521,0.0026718194414188058,-0.06730865603198062,-0.10977650606096219,-0.01374152296888096,-0.0026239279819808533,0.0046992120912538364,0.28328678761454235,0.2695382861984891,0.09863926096588045,0.41292459661034114,0.3836635356882359,0.3729007632812394,0.2071855901356222,0.6395780300824112,0.56517376064557,0.5273881105004264,0.290205880513025,1.0,0.2380984732767534,0.14622211098995375,0.10275823079398089,0.31416787399434387,0.29723922651747864,0.2119506105533723,0.1656776300779358,0.4808362992802463,0.44147868239231225,0.35732296140937325,0.22375861909885886,0.7357165667843114,0.00771928705043893,-0.012689795446596756,0.08736083053332264,0.036498239143472756,-0.036026017861721236,-0.05434386543822657,0.13307209012259508,0.05361092679540186,-0.13604351881161483,-0.0508275476554483,0.1954796472874829,-0.04563684018924911
temperature_roll_mean_6,0.027364815473077297,0.04519624515008192,0.38596859410682754,0.40924852201470224,-0.03525440389762544,0.009213977703810144,-0.04277741277489406,,-0.044599760389815085,-2.0153687040555593e-05,0.06269372791291601,0.05061202154309665,0.06732191131464792,-0.0758656201783938,0.0758656201783938,0.04087231416762973,0.05458226717092159,0.0295908394492783,0.00881220700613587,0.03975514809526396,-0.031249556484248237,0.043802501348725896,0.054896464202075064,0.02819522950019482,-0.007280102199511707,0.03891497608806262,0.014265148151871297,0.3807360738816571,0.37345530283394224,0.3719926157426047,0.0360015692463466,-0.03131110584913602,-0.031664561052026245,0.41038796450301,0.41285593042616736,0.4027667958757758,0.03831692768851372,-0.03289276024998405,-0.015108342351571043,-0.017362829224162088,-0.0008196608844882391,0.015037425923959086,0.029203067505231557,-0.010048417703397945,-0.022479520821068733,0.05507214761346876,-0.15253860613062703,0.13178707316783253,-0.06373812127895818,0.07616100066823495,-0.15835832336045394,0.1161058369810129,-0.03369283807358727,0.03630326495319845,-0.017000051502196255,0.030866017426726164,0.023086492629534883,0.04062399881131252,-0.10766497690785014,0.03372340063104421,-0.09778526697639607,0.02207030177330573,-0.08835282698965831,0.01656992928175184,-0.06011309691539884,0.05561389631934495,0.06484635734565501,0.007486347399221273,0.02399135523974385,0.9228773631683859,-0.028887285633649826,0.5992221789890274,0.5276008354911179,0.6543455543596904,-0.010958755475225481,0.3887569661784719,0.3712686755759219,0.4015925553510357,-0.009471593321805229,0.2901570913563426,0.2380984732767534,1.0,-0.079690677225748,0.701176685921395,0.579927667549317,0.7022838062343771,-0.050148029292635496,0.42367955512090844,0.4511755643959015,0.4722403661705691,-0.038468788340990025,0.30569986233287055,0.35103010470199225,0.045029748351765146,-0.05796850381708089,0.09506111329606354,0.0035247918476225713,0.056737641725725096,-0.038030761700822556,0.12784804459151222,0.04402952242992238,-0.09371478863432453,0.014153627551485724,-0.035087840846498755,-0.012968229091366423
temperature_roll_std_6,-0.07813177484235817,-0.046793055179871916,0.028624505333894535,0.005113913573707736,0.021635551097678656,0.03121004602350822,0.06920378770368937,,0.11954289398384048,0.06204598540990611,-0.1156600109311376,-0.06384808011417163,0.08119629090059141,0.045645010215402244,-0.045645010215402244,-0.050725381807820207,-0.03554138365074448,-0.0065713752023394585,-0.0507865615481669,0.05080298825508826,0.01747338778504828,-0.03929430934006837,-0.0431686778567799,-0.02120216391902432,-0.05169452927754428,0.05173690551001229,0.01814274909935566,2.4381306125039146e-05,-0.04072365525602589,-0.01650979122206732,-0.07526308405764967,-0.032818726805930516,-0.0036320284930108976,-0.031529201029666436,-0.06458246972649226,-0.038361595347681,-0.09239281483015704,-0.044088522907605926,-0.004160143716377239,0.006860045998192891,-0.007602779902973512,-0.016644454035015226,0.0012780168703552441,-0.024350584623297124,-0.006272861400488758,-0.0994675729200498,0.03658995919660433,-0.08406802833478043,-0.031837335004167786,-0.10140761912261594,0.07808348771362342,-0.05038229162293745,-0.017657777854838363,-0.01490908115690346,0.04749283778783565,0.007306580703758566,0.0287584456225873,-0.10154109017425644,0.0015562853986924915,-0.028163476004767957,-0.060659697479969736,-0.08462647881178725,0.016692496943411107,0.003472249643463862,-0.056631709803689194,-0.02229627338287948,0.02428704744132069,0.021775103322316896,-0.008865827683648814,-0.04983418517518784,0.8129186011640614,-0.48442600550438414,0.5077585923527886,-0.14903859449764661,0.5273428024280338,-0.3044437014878427,0.18648934869618125,-0.06104145403462034,0.3672480935121589,-0.11789084926140889,0.14622211098995375,-0.079690677225748,1.0,-0.5790109316880618,0.5964918162023722,-0.19682743648801823,0.603582383777289,-0.3926501290038611,0.219768908370211,-0.11398311175778944,0.4266163507292195,-0.17735437169271026,0.09701810426423141,-0.03964892128644788,0.00023214991599136098,-0.019530771160410354,-0.024485602016167694,-0.0587149862996463,0.007542176162990777,-0.1599163180474523,-0.100276206241626,-0.02640562272402557,-0.0562700609137711,0.019894361322293466,-0.08464799098786786
temperature_roll_min_6,0.06079448045948307,0.07044900952756057,0.22597729875427625,0.24743655046407734,-0.03693598613999528,-0.022306302779357818,-0.03878381925633274,,-0.05499181720276983,-0.009214953350037598,0.024044828778361657,0.041739229169832893,0.024983272350873643,-0.05864776210578452,0.05864776210578452,0.035347602514930306,0.05443779823706858,0.02595076904886707,0.01323159897351347,-0.0007604226027413535,-0.06476035040008474,0.04935621468844057,0.07425491683980438,0.04045037975282292,0.010264679191171914,0.004605677270144179,-0.027777925393803044,0.25012695520327877,0.26011706955717834,0.2420813014909422,0.08254035446199055,-0.006153567574842696,-0.046036390059892185,0.2771055967663667,0.2903720732094578,0.2682348442443002,0.08200381611697033,0.007352345869542003,-0.023613583127124332,-0.025624259115990727,0.0011623127886073545,-0.002642024447586068,-0.013812847301197579,-0.04310875149460136,-0.022112068593342363,0.08610279554671837,-0.15178780897176736,0.16205398924258305,-0.038517702585745585,0.08064376306430521,-0.15938348380752906,0.10010793645419615,-0.0010760414411018471,0.027374704437266906,-0.006213358058477379,-0.00510068921184165,0.05461784169996718,0.0978895842646614,-0.09218960572058546,0.04675197399896969,-0.05238243113707065,0.05188905790241542,-0.04134140518581576,-0.004422108839478205,0.03301337101606852,0.05313877616674299,0.09476374951286776,-0.01328815591552672,0.07869382001530621,0.6493490835871067,-0.4562547226302102,0.812537432473703,0.1912727691742672,0.5436884778072602,-0.2620319685431297,0.5377114037355886,0.2641189808617255,0.26309024571162765,-0.21202423628698136,0.3157954186527636,0.10275823079398089,0.701176685921395,-0.5790109316880618,1.0,0.20271812549040522,0.5948288368142752,-0.3168931449274452,0.6334090065150773,0.3163535772554335,0.3472557231062997,-0.26911493512319895,0.37235048874386717,0.2160883412232046,0.02637176090726356,-0.009513500665095665,0.053080519397289215,0.029019067903205176,-0.0015893965938510162,0.006112599005828731,0.14007613228676183,0.07180315116696048,-0.1519780801858876,0.0032336821324381354,-0.05395625111352047,-0.005777179677587398
temperature_roll_max_6,-0.010381245570282277,0.036231523083552104,0.26078053452626365,0.2554555144781596,-0.017091932889421197,0.02277964526991744,0.021300926760324874,,0.04533388933593005,0.051650881853407965,-0.06586004358665934,0.005530969955806576,0.12515708517483623,-0.028880683890182807,0.028880683890182807,-0.008009916738374957,-0.011577799849919693,0.00435968816686944,-0.05071808014436287,0.05286669581009545,-0.008986142616824823,0.02635518599032858,-0.003132385899524609,-0.009305681154460975,-0.061157933283447465,0.06508179060045134,0.03466354768581868,0.24158018741892154,0.1921535716701033,0.19489602216473004,-0.0076399875150552155,-0.028275175299169716,-0.03605939672471444,0.22780287084721643,0.19877710767146695,0.1985238083270683,-0.023850731671123795,-0.027821065552155716,-0.018988962713894483,-0.02951133145402884,-0.024745614881304077,-0.02414254199881333,0.013357511578961196,-0.06738571107424624,-0.018990225164345835,-0.04795946861117579,-0.05773418017240767,0.0076025360251021955,-0.05568932377882194,-0.05776075003108615,-0.020295908559323568,-0.00761647560453037,-0.024871659718156188,-0.005248362163340632,0.08917602114257815,-0.02916120641893678,0.0723450095255595,-0.04004888462250156,-0.028561613627099552,-0.03495105173555361,-0.07957511623353626,-0.07444744468667802,0.034767538498998746,-0.06293972480283638,-0.005061030549551556,0.013301382702586555,0.16543310587889237,-0.031069928525432253,0.07271176158676469,0.5527315201493277,0.5319373349278702,0.16428048097407455,0.8215160269824252,0.35586705150851444,0.37907910978717585,0.1521515683107214,0.5017967577359238,0.20543605035579446,0.27115504233157833,0.15711161270565877,0.31416787399434387,0.579927667549317,0.5964918162023722,0.20271812549040522,1.0,0.3583520054449255,0.38601090597328186,0.12474215575119975,0.6116792913718992,0.2217875040736701,0.2651242104356826,0.13709208136449552,0.35497154157076444,-0.01945440912990611,-0.025043586712303098,0.049855533272349865,-0.012107026530032006,-0.04257227135834507,-0.0005469929197249926,-0.01032868963800143,-0.04773795438967145,-0.13726949030773897,-0.045707313692206084,0.020929985168708753,-0.09886633079212673
temperature_roll_mean_12,0.04528106451001804,0.05299514853906798,0.2678990561926121,0.271950635996732,-0.013646492492607982,-0.00808171744595167,-0.10591359733288454,,-0.0808474426346113,0.03200659012597783,0.030042383770021906,0.07281629957233447,0.10601200998679766,-0.11315486553086478,0.11315486553086478,0.04529857278842019,0.06616832523958018,0.04830877167463802,0.015421249812706473,0.026171050819503303,-0.025912302710673803,0.048900183778771894,0.06398959153305941,0.04589417756197047,0.01797998910438861,0.01724019399974315,0.014553715233531515,0.268390735853577,0.2619658804317481,0.2730737510530422,0.2924021128727288,0.007188848714902874,-0.05136554564665456,0.2742555271231557,0.2700073640137,0.27726884499911464,0.3071729299398906,0.004985023442137873,-0.021379951906052137,0.0038808634433934526,-0.002575304093653975,-0.02858868584831799,0.009104525810654785,0.014877272000445594,-0.05193424968425827,0.08972041038991453,-0.23530102045100235,0.19560725561701034,-0.1297897189672589,0.12366659497239758,-0.2878630294097593,0.2240832145557799,-0.12416537137397561,0.09344825248470871,-0.13359358151415388,0.14154801720658652,0.004636387975858268,0.07651750799107851,-0.2726840863822255,0.16342091346261167,-0.20762637324919886,0.06593987206686659,-0.26113637172620063,0.11298615437082586,-0.22196358578004383,0.08653494745835195,-0.06624756134122481,0.10036585867411453,-0.08362159910343574,0.6779641112366704,-0.11974307768092499,0.5392685486698036,0.35872206547376045,0.9368036140472003,-0.10682213694684874,0.5907434508935969,0.49400545793126577,0.613813509584775,-0.13107439627923986,0.4418518396263492,0.29723922651747864,0.7022838062343771,-0.19682743648801823,0.5948288368142752,0.3583520054449255,1.0,-0.1978975674382889,0.6555599559147282,0.5276639295680059,0.6888568765761112,-0.18460729025312006,0.49276934408127493,0.4051789001747533,0.00531102873413444,0.002457751774480955,0.051510762392996366,0.031232583134313225,0.038776356283468996,0.0016315933200863838,0.12391595812244881,0.08712376115533003,-0.06813661459471983,0.02492021774279066,0.022042326179479974,0.0029039675833330346
temperature_roll_std_12,-0.08190359595754522,-0.06350092671108756,0.033729460421606065,0.005887319196686665,-0.016131620171255506,0.054243350348981714,0.03529207507707527,,0.049647539775219046,-0.06497471702734736,-0.10212376021357603,-0.030664964798392147,0.06388347291849039,0.09631320493186588,-0.09631320493186588,-0.10388830995110247,-0.07858701202341309,-0.07130111524946323,-0.07291823725074724,-0.02888958344529108,0.036149462757001614,-0.09439648836309845,-0.07554090890001439,-0.06845582224352033,-0.051096280715804014,-0.030087524341889417,0.022654793353237453,-0.008849230493748934,-0.007911723953657914,-0.0014648625420976534,-0.04355704281929903,-0.05094587564135121,0.03405955187038844,-0.0299588082055035,-0.05093292640996318,-0.04969460364228514,-0.07032904970958508,-0.078594649257407,0.026296998337544425,-0.02011910021896193,-0.021139384340731822,-0.014735908479158052,-0.008299804166283703,-0.048388053034366316,0.04161057190331445,-0.19638638696648217,0.06587695595422975,-0.18383828238984334,-0.08205727732176488,-0.23434433702802007,0.06736558117227699,-0.1495827518729008,-0.10363286551942504,-0.11375511087721778,0.07211099659726414,-0.010937445579291704,-0.037213199340086295,-0.17256309351278848,0.05148024581695699,-0.15669589713577461,-0.09578625870495808,-0.19541381619165965,0.0033901898385830216,-0.06850094909471603,-0.1500507238413888,-0.11680869715710512,-0.002642042389776483,0.01862919780579566,-0.10199448698856822,0.0038511970517161455,0.5204742389449057,-0.27347977194364465,0.3765302681768331,-0.12123861484128916,0.8431559767311221,-0.4419868089420354,0.36258864207996755,-0.0582745815546475,0.5659448530499485,-0.21455189703900565,0.2119506105533723,-0.050148029292635496,0.603582383777289,-0.3168931449274452,0.38601090597328186,-0.1978975674382889,1.0,-0.5691631083878439,0.4535722713385084,-0.1426209312676046,0.6293365030769341,-0.28775654057291644,0.17236718278291266,-0.07905923988713326,-0.04173530430773693,0.009683852305688424,-0.07599190058456788,-0.10431979893544913,-0.0403644541842806,-0.12125471804663278,-0.1514858647216431,-0.09730936670057479,-0.17061826184102247,0.03183017433644015,-0.13706007502378034
temperature_roll_min_12,0.08346165538108523,0.08098967040721225,0.11455555708657554,0.13036185198506006,0.009004909393976095,0.054415000076589205,-0.076645092382707,,-0.002945239481402262,-0.032709939659963085,-0.0021428885253994244,0.008564916939858653,0.09641550036750564,-0.14087647393091668,0.14087647393091668,0.0831032131990492,0.09329779006518651,0.06374458296561361,0.013398321783177212,0.017280152432098336,-0.07034475849744191,0.08339378445261894,0.0915364255059818,0.0692383384877789,0.018467379156914595,0.015008218204528866,-0.04125206937837191,0.143352957769309,0.1408218932185814,0.14488224060872995,0.16712911385147924,0.03334609899960617,-0.09898896723874522,0.15319963978113493,0.1588105625594545,0.16330590275556653,0.17801172777726257,0.04660329695879347,-0.05368944356052787,0.037645503877214534,0.040065397889411714,0.023706476965951837,0.020658091755030222,-0.024621452487875894,-0.07815988421331066,0.1646785032063912,-0.15217982964592042,0.19933110344466698,-0.014046272049764877,0.16027345907637153,-0.19230997186233842,0.1907908051551642,0.006630224145943218,0.06132028475518813,-0.056015859128737404,0.04619537565784515,0.10243881705325956,0.1518566567214286,-0.16709998362246845,0.16350199396081605,-0.059700720506289495,0.134343201423393,-0.12211648621934393,0.0978621099910499,0.00997022550110104,0.06619179802515386,0.05727538789379467,0.03549764532250468,0.08481741281861754,0.3856447460728671,-0.3355800539312856,0.5669918844757176,0.08589874575152297,0.5923132866556027,-0.46586064664565463,0.8115728875098664,0.24967126470703277,0.3664879869216852,-0.3254844956960843,0.5466925104032062,0.1656776300779358,0.42367955512090844,-0.3926501290038611,0.6334090065150773,0.12474215575119975,0.6555599559147282,-0.5691631083878439,1.0,0.2704944626420503,0.4609020719641106,-0.39086734242592974,0.6222438215043453,0.2893765552669503,0.07133965774728836,0.06861761273501656,0.034109630500246645,0.10307720386767208,0.0713422196283694,0.08842095446014826,0.11313290961390245,0.17626329024681323,-0.0894846976785803,0.07944554548996,-0.07821477639349642,0.04848484094878564
temperature_roll_max_12,0.003857529207751866,0.03240751187668245,0.16968467732743392,0.15094147406938693,-0.04924129570575054,0.01808558684178736,-0.053749401857307554,,-0.029611975257945844,0.004469928582920162,-0.04003968156888882,0.10225374186833423,0.1347205169148395,-0.04058032371747734,0.04058032371747734,-0.013043654738240736,-0.0004558920031016718,-0.027773244351652418,-0.04423528345632103,-0.023958444231375428,-0.01263936307992155,0.016780484118155727,0.014846083677690261,-0.00959142563959505,-0.02006267038124489,-0.02733359193126248,0.00883370527283145,0.1628552034398948,0.1816907490041213,0.1908392358611672,0.1635041233029309,-0.009243331101396099,-0.05628501573889299,0.14201822534976896,0.14997991192428686,0.16129119359694136,0.14511276305302542,-0.02358323158884094,-0.038770860848021504,-0.04885364852547117,-0.047350882339942967,-0.04836286230670841,-0.021040673918305778,-0.00860568638375877,-0.009106367351691317,-0.06296172724289631,-0.05958588587238709,-0.03356226812893757,-0.0984374226197329,-0.11806006026798845,-0.07107857113036692,0.0020304071911788775,-0.09765091158107148,-0.05823611294291446,0.04302885040034604,0.009381436349009712,0.028393267811802837,-0.02342773567030065,-0.06835005701626806,-0.04426112321635776,-0.12617433061672526,-0.09307902217901617,-0.04305603272521108,-0.0626772980044866,-0.12448578782170076,-0.03782450154763833,0.09765643600918544,0.028613696179441008,-0.015830275336794868,0.4741832973344138,0.23832504563050344,0.26886974157636,0.5567720173011841,0.5409563388702535,0.46067460601960825,0.2856729792308887,0.7626240715702135,0.33416074929917033,0.3109543445985792,0.27084322374743336,0.4808362992802463,0.4511755643959015,0.219768908370211,0.3163535772554335,0.6116792913718992,0.5276639295680059,0.4535722713385084,0.2704944626420503,1.0,0.3315611621924281,0.2981976665512017,0.23624304184712927,0.5859010006324475,-0.12705939979010913,-0.02682756348972679,0.00501848088719882,-0.08031605806107367,-0.12795379154255246,-0.060032237448896714,0.012856149544514514,-0.10629066511812538,-0.16751944291693543,-0.11595477039446216,0.0164539636645953,-0.12459073186709291
temperature_roll_mean_24,0.08633926398399804,0.08862287505725781,0.17624245003016123,0.18591202489405662,0.027024656280610626,0.012276493100065658,-0.21356282636500903,,-0.11399911467643849,-0.011736135661797478,0.005259841347083159,0.10840079630686833,0.1804081501342809,-0.11932841462890197,0.11932841462890197,0.08205697718941714,0.0813079700407663,0.05435497107580564,0.04323378607635256,0.04621976716566808,-0.009253900160632352,0.0856222186011113,0.08747520560277128,0.0591998696995303,0.043496280200954716,0.040671880812237236,0.014546770152720412,0.18315377385550632,0.18385305383382536,0.19081657422172052,0.21027381165626116,0.20230629184252297,-0.0345541790896132,0.18870015643229687,0.19375307167332625,0.19817857466358244,0.22016894475269577,0.20078937396750046,-0.02281842041224775,0.03540396772041972,0.03611319369114623,0.03376325384525642,0.02479606271878196,-0.004453311476776061,-0.041446553178453166,0.1518291823069687,-0.1877834825881907,0.2040221928976449,-0.0767191915425464,0.20459804439350984,-0.2938832916465688,0.3125259736556083,-0.15950495875446427,0.1934308935784801,-0.295944235174865,0.29077948598759823,-0.04198402007151651,0.14194389577241628,-0.23960928673711163,0.23087227123736903,-0.13375046923124678,0.15981002531126054,-0.3450657583249838,0.2991715572684191,-0.21977223640894158,0.1606824720253256,-0.26384903437300705,0.23515603787814549,-0.13786316693265258,0.44857121604011685,-0.020955311954900736,0.2964352618698867,0.23912896576074147,0.6580024569261731,-0.035520209276606284,0.39013228040383,0.3553602387201297,0.9354342819724694,-0.07068923963330613,0.4991893464497582,0.44147868239231225,0.4722403661705691,-0.11398311175778944,0.3472557231062997,0.2217875040736701,0.6888568765761112,-0.1426209312676046,0.4609020719641106,0.3315611621924281,1.0,-0.1681917740949298,0.585963166344545,0.5035494085397576,0.10115770509096708,-0.005170855651589679,0.11135339794232986,0.10240098481689493,0.12893523474248259,0.03633805591093602,0.14774849614645946,0.1705025286169153,0.030430315667779703,0.08052134915739469,0.11418032617887436,0.10614461290516956
temperature_roll_std_24,-0.09476906984168562,-0.08836448300846446,0.043002267183804344,0.03070950900625844,-0.023572579185708067,-0.009654029330034898,-0.03359446142809111,,0.026207757524664487,0.015329920088096858,0.015578481263953479,0.03287622340190175,0.10587061588082844,0.1748320090359305,-0.1748320090359305,-0.13019259905545238,-0.12565989305463857,-0.12871156188418315,-0.09729919436399899,-0.05086032898531932,0.0027571706823695005,-0.12164329433285276,-0.12185747531662577,-0.1267579209440884,-0.095798389895217,-0.041975915658011474,-0.011626988691216531,0.027385883885465596,-0.0020893887289368984,-0.008471346422710335,-0.04150554394966416,-0.020668258374741393,-0.0019516774140045526,0.003461809064313458,-0.026238218900055156,-0.03649977428465467,-0.07500468655257111,-0.05943637390134849,-0.034936424573301046,-0.042024468663435115,-0.023086022825713537,-0.008716101563157504,0.0020466172910778417,-0.033570389775875946,-0.00621492583965521,-0.28648997437930185,0.12773757830210303,-0.25745383921207976,-0.08162132962604161,-0.36940674714966476,0.15837893083136284,-0.2747963622380573,-0.08691191786721404,-0.3092773896171991,0.12672502785799067,-0.14079565277451747,-0.12474673273135573,-0.2723374623448538,0.09254063675867952,-0.24341006385723687,-0.09418020225464535,-0.33881781435012387,0.04396391256373844,-0.2325021901912763,-0.14390256112371827,-0.30309938051156865,0.011373487103612901,-0.10237812292105165,-0.1589085033036223,0.004698732590716197,0.37274519718608673,-0.203192823803611,0.2526511855080318,-0.09521415347187578,0.5440547135625043,-0.34009458669366516,0.21718212694507852,-0.02912481175817982,0.869007427756373,-0.4350797901586726,0.35732296140937325,-0.038468788340990025,0.4266163507292195,-0.26911493512319895,0.2651242104356826,-0.18460729025312006,0.6293365030769341,-0.39086734242592974,0.2981976665512017,-0.1681917740949298,1.0,-0.49642668062773126,0.3704471398155167,-0.0776441928969466,-0.09839556290237228,0.05080849421279964,-0.11072967448569086,-0.09303779543293747,-0.18709649548391008,-0.039716712614776876,-0.22062992771115264,-0.15261913133269994,-0.23504896926193644,-0.0077198519089788885,-0.23590494516581215
temperature_roll_min_24,0.061824178868191214,0.07097284400217425,0.054935045194143994,0.06319604211451818,0.006733683079996789,0.018526999102017064,-0.08800911490686442,,0.02670387099008502,-0.008638981459100352,-0.011430056912682991,-0.06907469356788136,0.14706759857919757,-0.21832675624040535,0.21832675624040535,0.07171199120094461,0.07242285504660456,0.06196769802857566,0.025837352334013804,0.025589897092852833,-0.04463560199341292,0.0746403446370302,0.08287270901276671,0.07258524445521193,0.03468907437630982,0.026495185681156993,-0.01753778713119716,0.08333699471247842,0.09394652099613261,0.08620811563555823,0.11873054452843662,0.10043915663994235,-0.03263475822015364,0.09353823571158237,0.10770817230583754,0.10743587110657016,0.13583725154580042,0.11633763224987555,-0.00102364364678055,0.03353458232828774,0.027084802794086624,0.0327879339285974,0.025947822404912065,0.022435195504428143,-0.05841738374553561,0.13464626464900614,-0.2040429960143943,0.201378971464284,-0.0980806126435381,0.14847838932674706,-0.3274973858551909,0.3362266493008827,-0.13930838396506015,0.09570862447985833,-0.24091172446476877,0.253497348085262,0.034119650456345026,0.14278824885039731,-0.19317062896680623,0.19372824768405553,-0.07798143098851117,0.14813734424901798,-0.23653998767174425,0.2797655271398843,-0.08328985793556189,0.11020898145367777,-0.09905491678508187,0.22476889529194463,0.06729496798221905,0.2568985786364072,-0.15701131324286866,0.3162065960132869,0.1017301364508217,0.4135418222769185,-0.2390774270963875,0.5109137245593337,0.2177284552237676,0.49299506865197734,-0.38804256779779295,0.8260209473992326,0.22375861909885886,0.30569986233287055,-0.17735437169271026,0.37235048874386717,0.13709208136449552,0.49276934408127493,-0.28775654057291644,0.6222438215043453,0.23624304184712927,0.585963166344545,-0.49642668062773126,1.0,0.318066159852116,0.07447189999881729,0.164936895506192,-0.037323984430964546,0.15020519625359033,0.14807032152840333,0.2529234877328624,0.029646272212592594,0.3061479130215052,0.10313184330809147,0.30158525913384737,-0.06967892576314998,0.29198221239128097
temperature_roll_max_24,-0.012645631050758057,0.024741896751247522,0.15096443043187022,0.15228568769590725,-0.003456954268825655,-0.005977617243549795,-0.1621241514951142,,-0.07322078188438504,0.03542971440689251,-0.07105080830198568,0.16161671452625012,0.1653247067287737,-0.09590562818157618,0.09590562818157618,-0.026324998060990607,-0.04437602595447156,-0.035100706764185946,-0.02646319368754543,-0.02571312904795881,-0.04252221729948503,0.010461096637188768,-0.013966102971517725,-0.009072397394596718,-0.024641512560998557,-0.014794273411707148,-0.015822608391522178,0.14558140656801896,0.14045420577349768,0.13710523332380886,0.13587453651232098,0.10118251710537808,-0.03959684833274971,0.13641680812709794,0.13188774448434773,0.1276932152453422,0.11077968041434523,0.08076963260387428,-0.03912446107402859,-0.0021415166818161647,0.007584925814357612,0.030647402586304627,0.022290849130366535,-0.053856257279958124,-0.03795237162007234,-0.07725489550221179,-0.051175214377495656,-0.013998819068847835,-0.0966186516408449,-0.12069549261752653,-0.11808516320035277,0.06784157702767694,-0.08517406175221083,-0.17602508715501664,-0.07943906968183037,0.10204640935958598,-0.050761351972385176,-0.021964401528946943,-0.054537030145892146,-0.00422624838825195,-0.07996147075080683,-0.07464145480301204,-0.13339192369073374,0.02535051230420022,-0.10791479532662389,-0.11907446825226538,-0.040991308922815696,0.05658522451336391,-0.08863457004573898,0.3577584662907546,0.14294986766514087,0.17986817049374032,0.3546153599662867,0.43070276263077356,0.22079353601643997,0.2230428583108394,0.48884254174311725,0.5441191255976974,0.4123483008686054,0.3031166951289698,0.7357165667843114,0.35103010470199225,0.09701810426423141,0.2160883412232046,0.35497154157076444,0.4051789001747533,0.17236718278291266,0.2893765552669503,0.5859010006324475,0.5035494085397576,0.3704471398155167,0.318066159852116,1.0,0.008276394974728207,-0.00989138531016817,0.06627728829112907,0.00036595060042598907,-0.026166495733922605,-0.042512985393059075,0.06072604458198252,-0.02619710321040414,-0.19065460330582382,-0.05834557349902836,0.028208133952696755,-0.10667818028718724
humidity_roll_mean_6,0.07103516484625524,0.06218821559751583,0.04075721443472701,0.03733945347329573,0.3744111362015575,0.09413541767745397,-0.020149966683755745,,-0.02587179056041704,-0.07325483560436602,-0.015165091445022696,0.03241786619933327,-0.006564720418423004,-0.09100037580116246,0.09100037580116246,0.05016527376237787,-0.0011804598725454287,0.014410082173029668,0.03417668040378761,0.012729496666454664,-0.052720658267099985,0.031312970131666625,-0.02005996856851276,-0.016736196581887557,0.01295682964633305,0.01088183043413889,-0.03198264549970498,0.024599307016265712,0.014406003493231083,0.033636210297954335,-0.03115582434455573,0.028252553502807295,0.03301243224724874,0.0071177430868619666,0.013671448077510397,0.03543127895505684,-0.04223389132138293,0.034998743126887014,0.05318905436688341,0.3736007905785022,0.39554634988986853,0.40470484201303203,-0.06684113911171403,0.01361519021167601,-0.001875571409181827,0.07669692232499414,-0.031276049048364195,0.06197921117136051,0.028520653360322577,0.07315581392498484,-0.04736621962765349,0.008975268319269423,-0.009081496999254562,0.021469852698669453,-0.019592710864860925,-0.011788489054244036,-0.014779303621913112,0.025202442289350337,-0.07321415572331882,0.06577941908048546,-0.03183610137087741,0.007520984142383723,-0.15333206061523114,0.03769769177571638,-0.10809220231352232,-0.0402649205340088,-0.08504615811617591,-0.0655557991848535,-0.13125473758476303,0.05857201270814757,-0.06420595296976106,0.08690614303426428,-0.01746449752523764,0.020224086656959312,-0.07360016907728287,0.112622389597169,-0.03460048095923779,0.08727597235274556,-0.08326122129174716,0.10912500622943387,0.00771928705043893,0.045029748351765146,-0.03964892128644788,0.02637176090726356,-0.01945440912990611,0.00531102873413444,-0.07905923988713326,0.07133965774728836,-0.12705939979010913,0.10115770509096708,-0.0776441928969466,0.07447189999881729,0.008276394974728207,1.0,-0.08252694363610182,0.6475869290042549,0.5524399910573026,0.6625604288338334,0.029641921465010324,0.29873887196748194,0.3393565599684941,0.4432509839737613,0.027192474525673884,0.04723111738066472,0.19375063952537164
humidity_roll_std_6,0.04830137942217544,0.030188793764076346,-0.06276626677107577,-0.05568754226935148,0.010245756261359153,-0.03854638413710827,0.10285435873196927,,0.14379066580397795,0.11133938427641628,-0.2066545829054533,-0.08866397849237893,0.041293937435861065,-0.09645508749998878,0.09645508749998878,0.039536519018869946,0.04693209824072069,0.05646770351263614,-0.0030318137756430137,0.008863680723820523,0.015846320925889553,0.02174091058952956,0.014195811235643048,0.03549888409597052,0.0011938166584107568,0.020878222934752253,0.029339947276000557,-0.06563959974967201,-0.02091590109049432,-0.012170185703090093,0.01294362322112375,0.006428749377414591,0.004335348379849079,-0.06019993268573019,-0.020462740811299344,-0.016976364349805352,0.011526819061704805,0.02131367842245009,0.025294361850521106,-0.003573371345164076,-0.004399106591383161,-0.04112452341078827,-0.07248971859886992,-0.02510557020766525,0.0013359080414676147,0.0821038282397365,0.013567307106491417,0.01559955553768688,0.03912403730293037,0.04345586900658881,-0.05259155649140811,0.07057169339102172,0.009837819087927566,0.1046627274954848,-0.005671718752467818,0.09208737738127873,0.04031725536568293,0.06048505847542877,0.0723293901422543,-0.004975409136853232,0.10007601631904477,0.0761121616005206,0.051322806142226444,0.09271781400175978,0.14699697163504594,0.1409107804254235,0.09549701302056815,0.11721505564745616,0.19906110960290896,-0.07331745318661048,0.012115965404270613,-0.02452381510672089,-0.01011688640472038,-0.03736521667182778,-0.03200086432019312,0.030459692468666668,-0.005533256980933196,-0.03289040125964511,-0.07264701335976931,0.10584368774990506,-0.012689795446596756,-0.05796850381708089,0.00023214991599136098,-0.009513500665095665,-0.025043586712303098,0.002457751774480955,-0.04173530430773693,0.06861761273501656,-0.02682756348972679,-0.005170855651589679,-0.09839556290237228,0.164936895506192,-0.00989138531016817,-0.08252694363610182,1.0,-0.6731356183328906,0.6289316089316319,-0.1376448057329482,0.5780584362520885,-0.4139199925796133,0.2515913490227641,-0.11058738311273864,0.3676379893636012,-0.16934430350089566,0.1212628810996627
humidity_roll_min_6,0.009232385002377322,0.010845267326055435,0.08679978005296994,0.07928758512010572,0.19576837578386072,0.08243052997477003,-0.07602297833283565,,-0.10820916565998354,-0.13224124404243637,0.14074077604905658,0.08101134007615002,-0.024346917978165305,-0.06600268758467064,0.06600268758467064,0.02961729327606601,-0.01988515838277549,-0.03171244051393549,-0.011090506789488955,-0.0030876724575919596,-0.049017604884543084,0.016044041033698206,-0.020812901736328278,-0.034417188558488,-0.02505413805317674,-0.01777282711566265,-0.03834187275425337,0.061963087950447936,0.038225979461725255,0.04057589628008343,-0.010891968197533436,0.0382822111258194,0.012763200803033361,0.043131630769470436,0.03547278498333471,0.038750007640775956,-0.0067849804497617065,0.023851530690914245,0.008173217774531507,0.21020939449429601,0.22460452081700205,0.26721841490884396,0.007918203755765338,0.02696212189331696,-0.015065792926912675,-0.02117580656110279,-0.07143807205476214,0.0483983543263459,-0.04241458083967475,-0.013534051177756044,-0.031408999833467156,-0.009380315337774489,-0.019773972944441602,-0.05853212113225542,-0.0481999778146892,-0.019849635506020775,-0.019026710156676733,-0.03969681043036292,-0.13644607266870745,0.07358070044935926,-0.11671352122132506,-0.08011709860227677,-0.15664872286809844,0.0004303555409960213,-0.1705686635096521,-0.138715441328266,-0.1415320661343638,-0.07311976145604106,-0.20225912872816282,0.11048500805297669,-0.013788647798344286,0.07183777667887357,0.04259435923008613,0.08432053601504068,-0.008491385653593727,0.109182185981293,0.03567134256433951,0.12066521172261742,0.05542656102151818,0.0372955294258963,0.08736083053332264,0.09506111329606354,-0.019530771160410354,0.053080519397289215,0.049855533272349865,0.051510762392996366,0.009683852305688424,0.034109630500246645,0.00501848088719882,0.11135339794232986,0.05080849421279964,-0.037323984430964546,0.06627728829112907,0.6475869290042549,-0.6731356183328906,1.0,0.04671934338783566,0.5012177982091678,-0.3693820451915847,0.5574743232155055,0.08709074834252437,0.3405114416719155,-0.20668392999350563,0.20260136254254577,0.06756309071714119
humidity_roll_max_6,0.08650679626343234,0.058376295595733804,0.013974244905529636,0.011612823554786674,0.22074519159651565,-0.005816686668060582,0.05461115076940767,,0.08267846272346151,0.041791902950020075,-0.15328314534130605,-0.026421728674138254,0.057089806599477294,-0.1451590099520891,0.1451590099520891,0.09533151118664385,0.03447733023494397,0.03814212253626864,0.00690839635814849,0.01626833061902284,5.694531814192972e-05,0.05450687208807284,-0.01824814069485414,-0.008502535884326298,-0.018632550065626363,0.026877891451244477,0.027836702480567497,-0.021587840954594664,-0.0032330299137107734,-0.006255988692080775,-0.009729559270127313,0.04859799794365867,0.04026879503245339,-0.029942241469678065,0.00023415291310516706,-0.010588131432620829,-0.004604104123414952,0.05711676332839729,0.07223676559114181,0.2249545205516374,0.2406626759191158,0.19880490580801657,-0.08151909705532887,-0.02581277070600398,-0.022261071454513035,0.11298650217660748,-0.024882026214046997,0.06764149417711865,0.05174241302609342,0.06095604730386921,-0.05090833434800957,0.05262805870754791,0.01614274908063098,0.10096825787725595,-0.05534679043555211,0.08389891489959114,0.04979254422989378,0.03527581803106216,-0.009416553605312107,0.04244204252643261,0.03859028340574127,0.009320397697461126,-0.05546727501660859,0.09357360624060483,0.015148836679459387,0.07122691049958364,-0.025407627927506348,0.08793564752551049,0.052329807119066235,-0.002651190381273149,-0.0018512482387799663,0.024083953092710282,0.011697049756689672,0.011125378787231095,-0.04604848361689022,0.10996542820932241,-0.003868453816059458,0.07851687658801197,-0.04747324741400926,0.12687737576869793,0.036498239143472756,0.0035247918476225713,-0.024485602016167694,0.029019067903205176,-0.012107026530032006,0.031232583134313225,-0.07599190058456788,0.10307720386767208,-0.08031605806107367,0.10240098481689493,-0.11072967448569086,0.15020519625359033,0.00036595060042598907,0.5524399910573026,0.6289316089316319,0.04671934338783566,1.0,0.3029291665737114,0.4223549726750358,-0.0027527081454777878,0.5296633368167096,0.20930722197089444,0.3244548900124239,-0.022739507252864277,0.28501306401873916
humidity_roll_mean_12,0.02601418868975331,0.0146020753281583,0.014958528710309879,0.02505450800004823,0.2752117779135914,0.031281867975012326,-0.06308651064281283,,-0.07025540313092589,-0.04688430590204244,0.037550852527379414,0.10163011012194498,-0.01735275606190365,-0.15213248491230022,0.15213248491230022,0.02846622308513759,0.012471673998370389,0.033578554345152,0.05864114276436193,0.03168964903887271,-0.03343572400416774,0.02102551265802656,-0.013054025808618504,0.010686227393396046,0.03177608166672925,0.012515615054952984,-0.02287225105662667,0.02108463134905236,0.022303917653001073,0.03799899425725097,0.018402112553520096,0.0019667172211706475,0.05475958114114958,0.015865528296092706,0.025845021941928812,0.035578923512421465,0.014017333894476947,-0.002335310051095736,0.08011648948894215,0.27915199198320395,0.2750908623907071,0.26252314899446016,0.22416696956262755,-0.020610736363641313,-0.00079371155505712,0.0841884515263611,-0.057135261259944,0.11112787315947754,0.008898233960036373,0.11947378010561754,-0.11335121271689688,0.11571035841269997,-0.04113121474066879,0.08632216276749526,-0.09034911646424869,0.07153462763928652,0.005388825383479051,0.03495414043831809,-0.10017038340254691,0.11607976326786353,-0.03384065430011124,0.028537979771804806,-0.2266333037266111,0.13106394073566488,-0.1835709691907135,-0.015081562917662942,-0.1751666544600691,-0.021700157177587158,-0.1941273591727573,0.06594511474824848,-0.0991268273433916,0.07797511481237422,-0.08295948035567752,0.062436308052173754,-0.11217203338099256,0.11377223008260401,-0.06346986632082671,0.1356975678882306,-0.12034185805572542,0.13221439381332445,-0.036026017861721236,0.056737641725725096,-0.0587149862996463,-0.0015893965938510162,-0.04257227135834507,0.038776356283468996,-0.10431979893544913,0.0713422196283694,-0.12795379154255246,0.12893523474248259,-0.09303779543293747,0.14807032152840333,-0.026166495733922605,0.6625604288338334,-0.1376448057329482,0.5012177982091678,0.3029291665737114,1.0,-0.03999292071243631,0.5091170893027724,0.4236156802614114,0.6629438021965592,0.07200523490005561,0.10920037367140903,0.3123746576404633
humidity_roll_std_12,0.06207743286473772,0.056063818287620866,-0.02876458138732005,-0.022420943889574704,0.06307827825949805,0.0585352347010991,0.16116199059245415,,0.17815834691524363,-0.034037894166905634,-0.2302265532464899,-0.16253631139434171,0.04697509647934227,-0.10665018084247763,0.10665018084247763,0.051793595202797624,0.058248406125554736,0.06414100072266679,0.03255816227120561,0.009981228746510175,0.04084745413878944,0.04572347134169199,0.04513009483732613,0.04833202020992646,0.0278709216095544,0.0357759113180039,0.04624867007798091,-0.026674287169470123,-0.010904190675781154,-0.004217760848656573,-0.015489885249674852,0.020327008778250555,-0.009203908341033792,-0.016776400682556234,-0.005233516676643652,-0.011472836988665316,-0.010740128258423132,0.031841607808268176,-0.0005546146274656677,0.04932312754267324,0.016215663187459838,-0.0009034777996056439,-0.017782860216845203,-0.044274272775556546,-0.0059347955435929195,0.10231161021048399,-0.03539377665792164,0.08185643983845182,-0.008525188159228994,0.14633767738619588,-0.08588473711393577,0.13038267638929432,-0.025560893391492343,0.14353776806319424,-0.04434136359379461,0.10534379107995061,0.013692177709223983,0.08396697307415261,-0.06538320477115868,0.08506518728989276,-0.020695947028840103,0.15011349633716392,-0.0041581264737160705,0.12828457982055042,0.1170141997305418,0.2137416043193375,0.08045147315057082,0.16498151494540195,0.25775992888990096,-0.0501484292635044,0.010307189237042378,-0.017021838476331604,-0.00029852445088117565,-0.026210637353759107,-0.021967628087334674,0.07244317099468578,0.002317049024259215,0.003651454788398045,-0.14643149901148095,0.1768299462791808,-0.05434386543822657,-0.038030761700822556,0.007542176162990777,0.006112599005828731,-0.0005469929197249926,0.0016315933200863838,-0.0403644541842806,0.08842095446014826,-0.060032237448896714,0.03633805591093602,-0.18709649548391008,0.2529234877328624,-0.042512985393059075,0.029641921465010324,0.5780584362520885,-0.3693820451915847,0.4223549726750358,-0.03999292071243631,1.0,-0.6346919927557362,0.5841013522073615,-0.052446246270686885,0.6238594868225251,-0.28531449188961827,0.27651905650337805
humidity_roll_min_12,-0.0064520889887069235,-0.02203149706538086,0.06429532950908384,0.06190115674479419,0.05135773561047453,0.0036112014807519895,-0.1569069289048585,,-0.17506695167075698,-0.05971317175084084,0.18857441779045403,0.1815427823551931,-0.01910653734103508,-0.14898168899282957,0.14898168899282957,0.018065988459913286,-0.007091284291009735,-0.021914626015710394,0.000909072311557106,-0.002716627372464275,-0.043348930170345704,0.008313618611526971,-0.02186205130306243,-0.03153556273386493,0.0012486412746354056,-0.017454692473480252,-0.025801110122400456,0.061285748479749505,0.04659674819833541,0.03733032241776232,0.04024278551473339,0.027707845672610587,0.03222319774023621,0.04704716153040333,0.04084303314390101,0.03530785079931922,0.025372048936340052,0.022373097098430526,0.0537148058489637,0.08647365868033022,0.09488495974313291,0.10327909967858895,0.10431063278268121,0.013142519931986793,-0.0009181814887476456,-0.0044225661805836125,0.00701406005676658,0.035415421889415724,0.041301263305061245,-0.026934127216144462,-0.027642695631452826,-0.0033398800527975263,0.008796908674644983,-0.047364457843414455,-0.04819463142044771,-0.0016385485906141746,0.06898676405118415,-0.02599365624179042,0.0028027488439080336,0.03039981983331314,0.02155435578850177,-0.0671918647842945,-0.11356489341247081,0.028779855243303815,-0.12220452641819447,-0.14271196484521498,-0.12898148142221944,-0.07336373051211982,-0.1885808029525747,0.136177851714371,-0.10536643091972514,0.127245299995114,-0.006712541982886284,0.15968872883626892,-0.07448123591743507,0.13824227011196188,0.05864257263697803,0.17720124467554807,0.02408520166385971,0.08297024012421848,0.13307209012259508,0.12784804459151222,-0.1599163180474523,0.14007613228676183,-0.01032868963800143,0.12391595812244881,-0.12125471804663278,0.11313290961390245,0.012856149544514514,0.14774849614645946,-0.039716712614776876,0.029646272212592594,0.06072604458198252,0.29873887196748194,-0.4139199925796133,0.5574743232155055,-0.0027527081454777878,0.5091170893027724,-0.6346919927557362,1.0,0.028903893845943388,0.34030046814061027,-0.30487578640742247,0.48291262495492826,0.02480766710151694
humidity_roll_max_12,0.03503776020221012,0.02096712224081328,-0.00043473818595588225,0.0015958577709822219,0.13786986360382802,0.04723613503731548,-0.050263977113156236,,0.008867619776772542,-0.06430910667777243,-0.03465722937431446,-0.02395875076155359,0.13851633176753003,-0.20697380851174718,0.20697380851174718,0.047460554115385745,0.04644394578801365,0.06160902649239557,0.037268450586371446,0.012906384696257246,0.04323619418488428,0.029312092749352658,0.013305424997628882,0.02924300964721155,0.014545574158960281,0.009268059751094614,0.07448043382088407,0.0032401599708218333,0.03114187393172291,0.021376627459355122,-0.015527529421920601,0.04778143087827191,0.03901775793830139,0.009317505937278734,0.044116922490165265,0.02395171497393866,-0.0007868057166969014,0.05664726524092852,0.06206898352610713,0.14738941441285275,0.10963612754800424,0.09466049684599341,0.07882418278939109,-0.05203392836379153,-0.02268193766811516,0.11890141492781167,-0.06441472410504064,0.14237395585285906,0.012401801557404434,0.1355905093752378,-0.11826341843898744,0.17685040830268262,-0.030486967096595496,0.06675571758758053,-0.11939540268158377,0.1185029775292896,0.08759148036052017,0.044240831394732526,-0.09411296791079965,0.13621143211017422,-0.02727183544822676,0.06403204409579467,-0.09401895255848723,0.19206309902206312,-0.021098620952131143,0.061672103121943204,-0.07646300992023582,0.13924875012800522,0.10763585487779675,0.026407835570799967,-0.09874163125263408,0.07029826930085618,-0.06222525779881142,0.059495794403261276,-0.11275579281397491,0.1726431141561094,-0.005748879916128502,0.15613181947739235,-0.11814299545400823,0.21094721333515745,0.05361092679540186,0.04402952242992238,-0.100276206241626,0.07180315116696048,-0.04773795438967145,0.08712376115533003,-0.1514858647216431,0.17626329024681323,-0.10629066511812538,0.1705025286169153,-0.22062992771115264,0.3061479130215052,-0.02619710321040414,0.3393565599684941,0.2515913490227641,0.08709074834252437,0.5296633368167096,0.4236156802614114,0.5841013522073615,0.028903893845943388,1.0,0.25518775182779463,0.46532934282884236,0.0695626490761479,0.5574865558669135
humidity_roll_mean_24,-0.012465380806694976,-0.03340829561797894,-0.049696512774748305,-0.04740327919102939,0.18596943914119538,-0.035353693757692914,-0.14417056249108048,,-0.18299034930021746,0.03481123327390875,0.009015641492377274,0.21812104012406422,-0.03269386584176188,-0.2516324561841861,0.2516324561841861,-0.002064362663403565,-0.01009529352514662,0.0036890088022079634,0.014857793792898725,0.03299560253885527,-0.0058610123111443365,-0.018890185947196787,-0.03232285000517975,-0.022937629217848306,-0.009768384568787442,0.013549430586366531,-0.014325396256552395,-0.03726229690639958,-0.03273708635379822,-0.026854411067149038,-0.01911954509666358,0.018195732998775842,0.035633942190210426,-0.04252303360044848,-0.03856737607983736,-0.037749257662002815,-0.0177232249935315,0.016256932883064686,0.04988026105529678,0.18080745980518187,0.18263090323864187,0.17246255441816125,0.1474347289924053,0.17699053750076363,-0.020668184654527782,-0.031839486631801826,-0.03243349548417242,-0.009167786860737387,-0.0578199750362208,-0.014688250118227022,-0.12339474944384689,0.04382958605490343,-0.1616170113648113,0.06097848882707295,-0.1643092662649576,0.05033766208789116,-0.11652057623510692,-0.08093902022549099,-0.05537546655227478,0.01864274037377191,-0.06852171318100923,-0.0982833346077398,-0.2029547132494293,0.0617430529017417,-0.2769387478098834,-0.05163447905448853,-0.25820051815094763,0.0009489525780997317,-0.31766252344767415,-0.07783453316007893,-0.07725675289705194,-0.0771061415764668,-0.1814484586089675,-0.05295900822732421,-0.10526119283193822,-0.025628818084527286,-0.15257981023943934,0.05407857857292868,-0.1555293777071844,0.10236012993009505,-0.13604351881161483,-0.09371478863432453,-0.02640562272402557,-0.1519780801858876,-0.13726949030773897,-0.06813661459471983,-0.09730936670057479,-0.0894846976785803,-0.16751944291693543,0.030430315667779703,-0.15261913133269994,0.10313184330809147,-0.19065460330582382,0.4432509839737613,-0.11058738311273864,0.3405114416719155,0.20930722197089444,0.6629438021965592,-0.052446246270686885,0.34030046814061027,0.25518775182779463,1.0,0.06530352843306578,0.3267317399293266,0.43174324510054307
humidity_roll_std_24,0.01243174199673858,-0.007076463533003062,0.015496676433743516,0.016972418318709503,0.030966599592015955,-0.01712879925454804,0.021779790622627113,,0.01695984263405103,0.010522250577314212,0.014074969991862646,-0.04664360201456537,0.1439363641597503,-0.20166549346525123,0.20166549346525123,0.021983269933740106,0.03771340636478448,0.029621378537077563,0.028090125957733997,0.03830200507553573,0.03302953408594208,-0.009236118020033704,0.00457248644268225,0.006438401911519437,0.015875961278743658,0.049690360134731784,0.058944668726591584,0.004798409984769573,0.009937294051243193,0.028974376275323087,-0.017235693159294956,0.004970979729215116,-0.011795977056603272,0.010811353613022925,0.016336485835655872,0.027969110582557345,-0.012769281369517547,0.013529899037132746,0.008829805141095206,0.017335702269743805,0.0104837541947386,-0.008556415971682824,0.007690346276653675,0.04767478957389363,-0.04982187596301733,0.06914039230717915,-0.1104582449731825,0.1248105588402463,-0.02849999954970364,0.14083065500916522,-0.15686480909482392,0.22748835621453162,-0.016021425518353637,0.164032873512513,-0.18104267701153037,0.260648846337923,-0.03282752398497002,0.0018306584197255085,-0.12023223106820095,0.09622903494100334,-0.05964433380980709,0.09169034325886691,-0.13756523288473135,0.2405346490911604,0.0181655598625923,0.20536336424148158,-0.04206234593206292,0.33261041751110587,0.2294067958141259,0.005665600377415342,-0.07539191692617214,0.012758667732488937,-0.06762409554968385,0.01678130670789239,-0.17820218748215108,0.09965981715680153,-0.0732841143840384,0.05822048079581114,-0.183480205006615,0.2785273483295517,-0.0508275476554483,0.014153627551485724,-0.0562700609137711,0.0032336821324381354,-0.045707313692206084,0.02492021774279066,-0.17061826184102247,0.07944554548996,-0.11595477039446216,0.08052134915739469,-0.23504896926193644,0.30158525913384737,-0.05834557349902836,0.027192474525673884,0.3676379893636012,-0.20668392999350563,0.3244548900124239,0.07200523490005561,0.6238594868225251,-0.30487578640742247,0.46532934282884236,0.06530352843306578,1.0,-0.44684527437865773,0.5825345169771734
humidity_roll_min_24,-0.02176078915288793,-0.040390147486647106,-0.03470026321637883,-0.05037769961370806,-0.008418122013964838,0.0005032153982454216,-0.24448020733809817,,-0.26138931795578224,0.0044853551944718266,0.008500074779193489,0.25448227817249547,-0.012367022890084874,-0.18888965368201283,0.18888965368201283,-0.008569143535039373,-0.02976273885270724,-0.01794478841548108,0.002329539138090572,-0.010275896424567218,-0.0024763836653508005,-0.004351121163812762,-0.023181794620144063,-0.01543553377847112,-0.0054535190236448825,-0.031828516217515035,-0.012314205990406748,0.0014322143754973509,-0.0013114690305659658,-0.02016563990331211,0.028147217675961424,0.05921232413207504,0.04904956710918078,-0.017033203353332357,-0.01985450275057026,-0.037189863050359886,0.01566495195723687,0.040244424877649274,0.06277647980189989,0.0004938178771090468,-0.004370278545913724,0.010888941761782338,0.02422993298894639,0.04220850169874167,0.01861481123409352,-0.08301491415331913,0.012522517262038483,-0.05073847512955705,-0.04436423649309497,-0.0953975897336097,-0.02643378604011138,-0.0338054018533523,-0.09495981509423616,-0.03212624602924167,-0.04130822910151395,-0.03956969412657007,0.047785088257042474,-0.06278041643690294,0.02863919725509336,-0.016721295433093367,-0.010585335077623449,-0.10550159377471878,-0.01806235601937959,-0.014287155005182139,-0.09895905458224444,-0.08656386823455821,-0.09435277346883013,-0.08494423129602482,-0.18940570502886345,-0.00563049764322617,0.09980404536557817,-0.07806832878645116,0.05132748497120646,0.0722426078031974,0.13997897190776953,-0.060406019114210216,0.11065658751967523,0.19830967798023375,0.10266574186191887,-0.04854769155903275,0.1954796472874829,-0.035087840846498755,0.019894361322293466,-0.05395625111352047,0.020929985168708753,0.022042326179479974,0.03183017433644015,-0.07821477639349642,0.0164539636645953,0.11418032617887436,-0.0077198519089788885,-0.06967892576314998,0.028208133952696755,0.04723111738066472,-0.16934430350089566,0.20260136254254577,-0.022739507252864277,0.10920037367140903,-0.28531449188961827,0.48291262495492826,0.0695626490761479,0.3267317399293266,-0.44684527437865773,1.0,0.006314127714874657
humidity_roll_max_24,-0.002458244694220424,-0.028347162599650307,-0.019938418506679375,-0.017891043291924872,0.07884224227139051,-0.023035578615625812,-0.30739567231871934,,-0.22528488570731525,0.01610824327043646,-0.01176086720397889,0.11752821090823658,0.2751451687342637,-0.1972180353701528,0.1972180353701528,-0.006836104551114688,-0.003986373341665258,0.005667022177341644,0.007120637494225441,0.02328822341715706,0.015094534182294433,-0.029504404379518314,-0.031123452885622516,-0.0221469411848449,-0.011812832217006066,0.01534951505263605,0.027549033418010682,-0.00929440189326619,8.95884135115545e-05,0.004553093483719385,-0.010512077973751663,0.007370529290337021,0.037551390259545445,-0.008846674285972805,0.0038526619535488513,0.008615940502885076,-0.006936591540495308,0.0162411882477322,0.06681081114616629,0.07688407642464459,0.05595295499401341,0.04993797645008166,0.06416986329623535,0.06996474925875597,-0.01875172589722346,0.009376105384686346,-0.1034344914335791,0.08003760992247869,-0.06145278964682251,0.06113346217528068,-0.19151435099874142,0.23207505291618297,-0.08287355669831294,0.06892278899645178,-0.24564943000987588,0.3078032688787415,0.026128653940134933,-0.0802893451365108,-0.10466056040765342,0.05226311953103207,-0.09672056495815545,-0.04576789878899703,-0.20799835176564935,0.2212669057157188,-0.19771017531996246,0.02588575692371623,-0.21975542385130478,0.30628961592721127,0.01428453718069662,-0.01963740992718935,-0.12067416023361817,0.006368354917863969,-0.13206920075116815,-0.0065243602290007,-0.1815214201557068,0.08616414838357436,-0.10969837474392444,0.09252333710839804,-0.1804194216952511,0.2823961754451217,-0.04563684018924911,-0.012968229091366423,-0.08464799098786786,-0.005777179677587398,-0.09886633079212673,0.0029039675833330346,-0.13706007502378034,0.04848484094878564,-0.12459073186709291,0.10614461290516956,-0.23590494516581215,0.29198221239128097,-0.10667818028718724,0.19375063952537164,0.1212628810996627,0.06756309071714119,0.28501306401873916,0.3123746576404633,0.27651905650337805,0.02480766710151694,0.5574865558669135,0.43174324510054307,0.5825345169771734,0.006314127714874657,1.0
