timestamp,actual_traffic_flow,predicted_traffic_flow,residual_traffic_flow,actual_aqi,predicted_aqi,residual_aqi,actual_temperature,predicted_temperature,residual_temperature,actual_electricity_demand,predicted_electricity_demand,residual_electricity_demand
2024-03-27 15:00:00,10344.626,10053.529,291.09699999999975,93.54913,93.66105,-0.1119199999999978,29.080631,28.675137,0.4054940000000009,306.9234,305.183,1.7404000000000224
2024-03-27 16:00:00,12778.655,12282.947,495.70800000000054,106.12237,104.3564,1.76597000000001,28.220673,28.714058,-0.49338499999999996,304.2083,305.53555,-1.3272499999999923
2024-03-27 17:00:00,15618.357,15115.118,503.2389999999996,120.90264,120.77623,0.12641000000000702,27.405834,27.820183,-0.4143490000000014,300.00504,301.33762,-1.3325800000000072
2024-03-27 18:00:00,16835.371,16740.947,94.42399999999907,127.34275,130.65845,-3.3156999999999925,26.465042,26.912193,-0.4471509999999981,294.5715,295.79285,-1.2213499999999726
2024-03-27 19:00:00,14401.343,14267.993,133.35000000000036,114.78456,118.770256,-3.9856960000000043,25.503578,25.905706,-0.4021279999999976,288.8841,289.7769,-0.8928000000000225
2024-03-27 20:00:00,11358.805,11569.241,-210.4359999999997,99.071625,101.80276,-2.731135000000009,24.686913,25.081812,-0.3948989999999988,283.3065,284.61414,-1.3076399999999921
2024-03-27 21:00:00,8924.775,9021.623,-96.84799999999996,86.55109,87.36183,-0.8107399999999956,24.036911,24.379305,-0.34239399999999875,280.18964,280.3661,-0.17646000000002005
2024-03-27 22:00:00,6490.745,6669.3335,-178.58849999999984,73.99859,77.731995,-3.7334050000000047,23.48311,23.825129,-0.3420190000000005,277.64267,277.4511,0.1915700000000129
2024-03-27 23:00:00,5476.566,5439.5566,37.009399999999914,68.82364,71.77141,-2.9477700000000056,23.0025,23.258135,-0.25563499999999806,275.8199,275.0642,0.7556999999999903
2024-03-28 00:00:00,6090.874,5431.9624,658.9115999999995,88.71836,70.90117,17.81719000000001,22.510855,22.72702,-0.21616500000000016,274.76093,273.88055,0.8803799999999455
2024-03-28 01:00:00,4983.443,5113.239,-129.79599999999937,83.04416,75.21938,7.824780000000004,22.144634,22.341387,-0.19675300000000107,274.03372,273.5749,0.4588200000000029
2024-03-28 02:00:00,4152.869,4518.5215,-365.65250000000015,78.6997,74.12932,4.57038,21.911303,22.168629,-0.25732599999999906,273.74042,273.14307,0.597349999999949
2024-03-28 03:00:00,4152.869,4352.812,-199.9430000000002,78.52458,73.83518,4.689400000000006,22.086058,22.147614,-0.0615559999999995,273.92346,273.22528,0.6981799999999794
2024-03-28 04:00:00,5537.1587,5956.8867,-419.72800000000007,85.4262,82.11175,3.3144499999999937,22.58315,22.391798,0.1913519999999984,274.71625,274.45938,0.25686999999999216
2024-03-28 05:00:00,8859.453,9660.195,-800.7420000000002,102.284904,100.82135,1.463554000000002,23.266933,23.13327,0.13366300000000209,276.14688,276.81488,-0.6680000000000064
2024-03-28 06:00:00,14119.755,14404.241,-284.4860000000008,129.08173,127.86463,1.2170999999999879,24.300713,24.209286,0.09142699999999948,278.14267,279.59277,-1.4500999999999635
2024-03-28 07:00:00,17718.908,18077.447,-358.53900000000067,147.24367,149.76044,-2.5167699999999797,25.570063,25.31704,0.25302300000000244,280.92447,281.61884,-0.6943699999999922
2024-03-28 08:00:00,19103.197,19352.914,-249.71700000000055,154.05098,154.3213,-0.2703199999999981,26.853395,26.626307,0.2270879999999984,284.34268,284.92874,-0.5860600000000318
2024-03-28 09:00:00,15504.044,15549.164,-45.1200000000008,135.18481,139.25905,-4.074240000000003,27.993923,27.986128,0.007794999999997998,290.16837,290.86765,-0.6992800000000443
2024-03-28 10:00:00,13012.322,13023.91,-11.587999999999738,122.07138,123.73857,-1.6671899999999908,29.129267,29.070824,0.058442999999996914,295.8251,297.14304,-1.3179399999999646
2024-03-28 11:00:00,11904.892,11879.4795,25.412500000000364,116.210075,116.41161,-0.2015349999999927,29.809427,29.891825,-0.0823980000000013,300.9048,302.2272,-1.3223999999999592
2024-03-28 12:00:00,11351.175,11487.86,-136.6850000000013,113.28568,114.35283,-1.067149999999998,30.14321,30.303057,-0.15984699999999918,305.13037,305.92114,-0.7907699999999522
2024-03-28 13:00:00,11628.033,11579.867,48.16599999999926,114.73392,114.93846,-0.2045400000000086,30.124756,30.462872,-0.3381159999999994,307.8503,308.74207,-0.8917700000000082
2024-03-28 14:00:00,12458.607,12347.795,110.8119999999999,119.07417,119.162315,-0.08814500000001146,29.920912,30.274351,-0.35343899999999806,308.76343,310.04755,-1.284119999999973
2024-03-28 15:00:00,14119.755,13897.293,222.46199999999953,127.73054,127.666885,0.06365500000001134,29.546158,29.769579,-0.22342100000000187,307.86267,309.3283,-1.4656300000000329
2024-03-28 16:00:00,17442.05,17108.465,333.5849999999991,145.02452,144.08846,0.9360599999999977,28.742584,29.099594,-0.35700999999999894,305.2659,306.7345,-1.4686000000000377
2024-03-28 17:00:00,21318.06,21424.08,-106.02000000000044,165.23415,164.71414,0.5200100000000134,27.696651,28.246983,-0.5503320000000009,301.11954,302.18854,-1.0690000000000168
2024-03-28 18:00:00,22979.209,23480.812,-501.6030000000028,174.04001,173.47374,0.5662700000000029,26.6971,27.265667,-0.5685670000000016,295.66663,296.5031,-0.8364700000000198
2024-03-28 19:00:00,19656.914,19857.686,-200.77200000000084,157.13077,159.01337,-1.8825999999999965,25.73222,26.34908,-0.6168599999999991,289.87784,290.83862,-0.9607799999999997
2024-03-28 20:00:00,15504.044,15609.636,-105.59200000000055,135.90453,138.3245,-2.4199700000000064,24.815104,25.586098,-0.7709939999999982,284.1468,286.12177,-1.9749700000000416
2024-03-28 21:00:00,12181.749,12254.785,-73.03600000000006,118.92868,119.3255,-0.3968200000000053,24.274578,24.786533,-0.5119549999999968,280.89902,282.11023,-1.2112099999999941
2024-03-28 22:00:00,8859.453,9286.322,-426.8690000000006,101.98112,104.38834,-2.4072199999999953,23.725025,24.179089,-0.45406400000000247,278.176,278.96097,-0.7849699999999871
2024-03-28 23:00:00,7475.164,7520.1313,-44.96730000000025,95.01621,92.85781,2.1584000000000003,23.146656,23.546154,-0.39949800000000124,276.16614,276.098,0.06813999999997122
2024-03-29 00:00:00,4103.1216,5784.931,-1681.8093999999992,72.684395,86.72872,-14.044325,22.653625,22.861876,-0.20825099999999708,275.0581,273.96686,1.0912400000000275
2024-03-29 01:00:00,3357.0994,3519.2935,-162.19410000000016,68.93967,71.49557,-2.555899999999994,22.186068,22.475698,-0.2896300000000025,274.2494,273.43753,0.811869999999999
2024-03-29 02:00:00,2797.5833,2718.8186,78.76469999999972,66.07837,66.07518,0.003190000000003579,22.147547,22.237206,-0.08965900000000104,273.80942,272.75378,1.0556399999999826
2024-03-29 03:00:00,2797.5833,2569.4077,228.17559999999958,66.09048,64.26574,1.8247400000000056,22.287176,22.3155,-0.028324000000001348,273.92374,272.89972,1.0240200000000073
2024-03-29 04:00:00,3730.1106,3558.876,171.23459999999977,70.90003,67.65949,3.2405399999999958,22.60496,22.65588,-0.05092000000000141,274.6855,273.557,1.128499999999974
2024-03-29 05:00:00,5968.1772,6094.621,-126.44380000000001,82.46707,80.37813,2.088940000000008,23.434225,23.331722,0.10250300000000223,276.1352,275.1738,0.9613999999999692
2024-03-29 06:00:00,9511.782,9681.136,-169.35400000000118,100.803345,99.58981,1.2135349999999931,24.478151,24.388218,0.08993300000000204,278.10138,277.88373,0.2176499999999919
2024-03-29 07:00:00,11936.3545,12077.521,-141.16650000000118,113.16624,114.66298,-1.4967400000000026,25.846151,25.536156,0.3099950000000007,280.8601,281.04895,-0.18885000000000218
2024-03-29 08:00:00,12868.882,12753.45,115.43199999999888,117.689445,116.99349,0.6959550000000121,27.233776,26.853207,0.3805689999999977,284.2659,284.89313,-0.6272299999999973
2024-03-29 09:00:00,10444.31,10346.33,97.97999999999956,104.62727,105.77127,-1.1440000000000055,28.299995,28.226143,0.0738519999999987,290.0156,290.57867,-0.563069999999982
2024-03-29 10:00:00,8765.76,8786.237,-20.476999999998952,95.570274,96.0534,-0.4831259999999986,29.199778,29.302065,-0.10228700000000046,295.61395,296.5554,-0.9414500000000317
2024-03-29 11:00:00,8019.7373,8072.6895,-52.95220000000063,91.4524,91.62835,-0.17595000000000027,29.783558,29.975157,-0.19159900000000007,300.64392,301.37042,-0.7265000000000441
2024-03-29 12:00:00,7646.727,7816.7188,-169.99179999999978,89.33944,90.15796,-0.8185200000000066,30.089632,30.285149,-0.19551699999999883,304.75372,305.05032,-0.2966000000000122
2024-03-29 13:00:00,7833.2324,7894.7974,-61.56500000000051,90.21794,90.485664,-0.2677240000000012,30.155851,30.33911,-0.18325900000000317,307.3081,307.72864,-0.42053999999995995
2024-03-29 14:00:00,8392.749,8381.28,11.468999999999141,93.08233,93.147026,-0.06469599999999787,29.872068,30.166538,-0.29447000000000045,308.09174,309.17606,-1.084319999999991
2024-03-29 15:00:00,9511.782,9484.559,27.222999999999956,98.96864,99.058556,-0.08991600000000233,29.360817,29.68851,-0.327693,307.09845,308.85486,-1.7564099999999598
2024-03-29 16:00:00,11749.849,11593.713,156.13600000000042,110.74823,110.30598,0.44225000000000136,28.527931,28.959738,-0.4318070000000027,304.41318,306.57864,-2.165459999999996
2024-03-29 17:00:00,14360.926,14044.277,316.64899999999943,124.56001,124.68132,-0.12130999999999403,27.555855,28.081572,-0.5257170000000002,300.18597,302.22778,-2.041809999999998
2024-03-29 18:00:00,15479.96,15406.176,73.78399999999965,130.55363,132.71004,-2.156409999999994,26.572521,27.106718,-0.5341970000000025,294.7618,296.3943,-1.6324999999999932
2024-03-29 19:00:00,13241.893,13160.683,81.20999999999913,118.92658,120.911575,-1.9849949999999978,25.655859,26.06762,-0.41176100000000204,288.98703,290.05658,-1.0695499999999925
2024-03-29 20:00:00,10444.31,10695.803,-251.4930000000004,104.38447,105.29383,-0.9093600000000066,24.855412,25.239338,-0.3839259999999989,283.26926,284.73703,-1.46777000000003
2024-03-29 21:00:00,8206.243,8291.401,-85.15799999999945,92.79392,91.95856,0.8353599999999943,24.060812,24.534962,-0.4741500000000016,280.06113,280.3724,-0.3112700000000359
2024-03-29 22:00:00,5968.1772,6149.863,-181.6858000000002,81.227356,83.05347,-1.826114000000004,23.36126,23.893509,-0.5322490000000002,275.19165,277.0563,-1.86465000000004
2024-03-29 23:00:00,5035.6494,5060.5947,-24.945299999999406,76.44701,77.711365,-1.2643549999999948,22.844593,23.20835,-0.36375699999999966,271.09,273.66693,-2.5769300000000044
2024-03-30 00:00:00,5373.094,5290.865,82.22900000000027,81.02738,78.04592,2.9814599999999984,22.427927,22.512682,-0.08475500000000125,254.43042,258.74942,-4.318999999999988
2024-03-30 01:00:00,4396.1675,4502.465,-106.29750000000058,75.98146,76.600624,-0.6191639999999978,22.209457,22.115826,0.09363100000000202,251.63646,250.98001,0.6564500000000066
2024-03-30 02:00:00,3663.4731,3921.8372,-258.3640999999998,72.126816,74.25432,-2.127504000000002,22.182209,21.961105,0.2211040000000004,249.25253,248.63603,0.616500000000002
2024-03-30 03:00:00,3663.4731,3814.7776,-151.30449999999973,71.97515,73.049065,-1.0739149999999995,22.211037,22.02418,0.18685699999999983,247.3145,247.5502,-0.23569999999998004
2024-03-30 04:00:00,4884.631,5162.796,-278.16499999999996,78.03503,78.72072,-0.6856899999999939,22.611485,22.256756,0.35472899999999896,248.07014,247.07701,0.9931300000000078
2024-03-30 05:00:00,7815.409,8378.784,-563.375,92.82047,95.07485,-2.2543799999999976,23.311485,22.96178,0.34970500000000015,249.38211,248.6597,0.7224100000000249
2024-03-30 06:00:00,12455.809,12697.19,-241.38100000000122,116.33338,119.830765,-3.497384999999994,24.361485,24.080921,0.28056399999999826,251.1019,251.88629,-0.7843900000000019
2024-03-30 07:00:00,15630.82,15835.799,-204.97900000000118,132.21654,138.10591,-5.889369999999985,25.727257,25.25579,0.4714670000000005,253.52397,254.21524,-0.6912700000000029
2024-03-30 08:00:00,16851.979,16784.605,67.3739999999998,138.0677,139.63867,-1.5709699999999884,26.917568,26.596798,0.32076999999999956,256.47385,256.84753,-0.3736799999999789
2024-03-30 09:00:00,13676.968,13480.761,196.20700000000033,121.28993,125.71489,-4.424959999999999,27.85135,27.929216,-0.07786600000000021,261.7487,261.96426,-0.21556000000003905
2024-03-30 10:00:00,11478.883,11361.494,117.38899999999921,109.539505,112.72204,-3.1825350000000014,28.733559,28.908916,-0.17535700000000176,266.87808,267.44064,-0.5625599999999622
2024-03-30 11:00:00,10501.957,10415.489,86.46800000000076,104.14618,106.30831,-2.1621300000000048,29.266891,29.56002,-0.2931290000000004,271.4275,271.91312,-0.48561999999998307
2024-03-30 12:00:00,10013.493,10071.327,-57.83399999999892,101.32816,104.016914,-2.688754000000003,29.654058,29.837364,-0.18330600000000175,275.1685,275.42526,-0.25675999999998567
2024-03-30 13:00:00,10257.725,10181.316,76.40899999999965,102.36824,104.18755,-1.8193100000000015,29.640089,29.93234,-0.29225100000000026,277.52844,278.32297,-0.7945300000000088
2024-03-30 14:00:00,10990.419,10812.868,177.55099999999948,105.99524,107.514404,-1.5191640000000035,29.349775,29.715248,-0.36547299999999794,278.27478,279.77676,-1.5019800000000032
2024-03-30 15:00:00,12455.809,12121.207,334.60199999999895,113.44254,114.99986,-1.5573200000000043,28.887167,29.14034,-0.25317299999999676,277.44977,279.0429,-1.5931299999999737
2024-03-30 16:00:00,15386.589,14798.392,588.1970000000001,128.49318,129.3638,-0.8706200000000024,28.070501,28.38427,-0.31376900000000063,275.08038,276.2981,-1.2177199999999857
2024-03-30 17:00:00,18805.83,18324.39,481.4400000000023,146.10243,146.667,-0.5645700000000033,27.253834,27.518478,-0.26464400000000055,271.3008,272.08734,-0.7865400000000022
2024-03-30 18:00:00,20271.219,20026.266,244.95300000000134,153.65784,154.62106,-0.9632200000000068,26.43672,26.663841,-0.22712100000000035,266.31525,267.05078,-0.7355299999999829
2024-03-30 19:00:00,17340.441,17020.959,319.48199999999997,138.60394,142.74796,-4.144020000000012,25.553387,25.874743,-0.321355999999998,260.9715,261.7144,-0.7429000000000201
2024-03-30 20:00:00,13676.968,13570.353,106.6150000000016,119.83294,124.06885,-4.235910000000004,24.544594,25.157398,-0.6128040000000006,255.67307,257.2177,-1.5446299999999837
2024-03-30 21:00:00,10746.188,10690.19,55.99799999999959,104.867966,106.923096,-2.0551300000000055,23.794594,24.388302,-0.5937079999999995,252.80412,253.77417,-0.9700499999999863
2024-03-30 22:00:00,7815.409,8011.9614,-196.5524000000005,89.929214,94.23801,-4.308796000000001,23.211262,23.737078,-0.525815999999999,250.39467,251.69232,-1.2976500000000044
2024-03-30 23:00:00,6594.2515,6546.3306,47.920900000000074,83.77202,84.93127,-1.1592500000000001,22.794594,23.035397,-0.24080299999999966,248.6393,250.41669,-1.777389999999997
2024-03-31 00:00:00,3924.7676,5716.878,-1792.1103999999996,63.176376,82.09468,-18.918304,22.413752,22.494553,-0.08080100000000101,247.68474,248.60516,-0.9204200000000071
2024-03-31 01:00:00,3211.1736,3317.9302,-106.75659999999971,59.59165,65.74479,-6.153139999999993,22.083109,22.199556,-0.11644700000000086,247.04822,248.28973,-1.2415100000000052
2024-03-31 02:00:00,2675.978,2633.0708,42.9072000000001,56.85324,60.335373,-3.4821329999999975,21.950224,22.062077,-0.11185299999999998,246.74347,248.12961,-1.3861400000000117
2024-03-31 03:00:00,2675.978,2466.0823,209.89570000000003,56.77676,57.60495,-0.8281899999999993,22.064177,22.114843,-0.050665999999999656,246.84906,248.37996,-1.5309000000000026
2024-03-31 04:00:00,3567.9705,3343.7188,224.2516999999998,61.213005,59.670692,1.542313,22.364178,22.401176,-0.03699800000000053,247.52116,248.30867,-0.7875099999999975
2024-03-31 05:00:00,5708.7524,5633.2744,75.47800000000007,71.99093,71.05738,0.933550000000011,23.088964,22.994524,0.0944400000000023,248.76277,248.7537,0.009069999999979927
2024-03-31 06:00:00,9098.324,9049.29,49.03399999999965,89.10843,88.83179,0.27664000000000044,24.199757,23.983482,0.2162750000000031,250.44753,250.76341,-0.31587999999999283
2024-03-31 07:00:00,11417.505,11386.885,30.61999999999898,100.65117,102.08994,-1.4387700000000052,25.533537,25.14215,0.39138699999999815,252.87964,253.37924,-0.49960000000001514
2024-03-31 08:00:00,12309.498,11942.555,366.9429999999993,104.855644,103.29945,1.556194000000005,26.75065,26.480589,0.2700610000000019,255.9452,256.3319,-0.3867000000000189
2024-03-31 09:00:00,9990.317,9717.61,272.7069999999985,92.587975,92.60142,-0.01344500000000437,27.870031,27.822674,0.04735700000000165,261.41803,261.49487,-0.07684000000000424
2024-03-31 10:00:00,8384.73,8193.915,190.8149999999987,84.10525,83.33766,0.7675899999999984,28.92003,28.917046,0.00298400000000143,266.73206,267.2684,-0.5363399999999956
2024-03-31 11:00:00,7671.136,7545.3813,125.75470000000041,80.26026,79.29448,0.9657800000000094,29.686249,29.699831,-0.013581999999999539,271.44754,271.91455,-0.46701000000001613
2024-03-31 12:00:00,7314.34,7340.0244,-25.684400000000096,78.350845,78.2387,0.11214500000001237,30.038294,30.133781,-0.09548699999999855,275.35434,275.46445,-0.11011000000002014
2024-03-31 13:00:00,7492.738,7464.7754,27.96259999999984,79.27927,79.025475,0.25379499999999666,29.905407,30.26124,-0.3558330000000005,277.75912,277.95596,-0.19684000000000879
2024-03-31 14:00:00,8027.933,7957.73,70.20300000000043,82.08322,81.890144,0.1930759999999907,29.629969,30.042555,-0.412586000000001,278.4731,279.12277,-0.6496700000000146
2024-03-31 15:00:00,9098.324,8995.09,103.23400000000038,87.662674,87.787506,-0.12483199999999783,29.046635,29.507458,-0.4608230000000013,277.5436,278.65036,-1.1067599999999516
2024-03-31 16:00:00,11239.106,10966.924,272.1819999999989,98.727684,99.01231,-0.28462600000000293,28.229969,28.683056,-0.453087,275.01318,276.44464,-1.4314600000000155
2024-03-31 17:00:00,13736.687,13288.187,448.5,111.69001,114.32836,-2.6383500000000026,27.47952,27.67976,-0.20024000000000086,271.07162,272.53598,-1.4643599999999992
2024-03-31 18:00:00,14807.077,14546.171,260.90599999999904,117.40337,122.30917,-4.905799999999999,26.475885,26.67411,-0.1982249999999972,265.9883,267.64417,-1.655869999999993
2024-03-31 19:00:00,12666.295,12458.099,208.1959999999999,106.6721,111.7161,-5.043999999999997,25.426332,25.71169,-0.2853580000000022,260.60956,262.21185,-1.602290000000039
2024-03-31 20:00:00,9990.317,10181.64,-191.32300000000032,93.20423,96.780525,-3.576295000000002,24.559668,24.907919,-0.3482510000000012,255.44357,257.4848,-2.041230000000013
2024-03-31 21:00:00,7849.535,7775.927,73.60800000000017,82.50077,84.07892,-1.5781499999999937,23.809666,24.216833,-0.40716700000000117,252.78725,254.09547,-1.3082200000000057
2024-03-31 22:00:00,5708.7524,5815.3086,-106.55619999999999,71.182724,76.33283,-5.150106000000008,23.638739,23.575474,0.06326500000000124,252.99712,252.216,0.7811199999999872
2024-03-31 23:00:00,4816.76,4870.4097,-53.64969999999994,66.23864,71.53537,-5.296729999999997,23.448183,23.032011,0.41617199999999954,254.01053,251.45146,2.5590699999999913
2024-04-01 00:00:00,6547.0293,5393.325,1153.7043000000003,82.61015,73.39517,9.214980000000011,23.299776,22.90196,0.3978160000000024,269.31088,264.07117,5.239710000000002
2024-04-01 01:00:00,5356.6606,5072.101,284.5596000000005,76.00166,72.91121,3.090450000000004,23.283558,22.726114,0.5574440000000003,271.69974,270.89005,0.809690000000046
2024-04-01 02:00:00,4463.884,4442.6206,21.26339999999982,70.86403,70.20505,0.6589799999999997,23.393673,22.82381,0.569862999999998,274.33423,272.16934,2.164890000000014
2024-04-01 03:00:00,4463.884,4268.9873,194.89670000000024,70.28513,69.1671,1.1180299999999903,23.842749,23.077913,0.7648360000000025,277.3273,273.60114,3.726159999999993
2024-04-01 04:00:00,5951.8447,5583.427,368.41769999999997,77.91534,75.50364,2.411699999999996,24.258968,23.572588,0.6863799999999998,278.5074,275.7444,2.7630000000000337
2024-04-01 05:00:00,9522.952,9966.1,-443.14800000000105,96.257164,98.02271,-1.7655460000000005,24.942303,24.505074,0.43722899999999854,280.1991,279.14496,1.0541399999999612
2024-04-01 06:00:00,15177.206,15196.006,-18.799999999999272,125.3348,125.94551,-0.6107099999999974,26.041603,25.674212,0.3673909999999978,282.2767,282.17874,0.09796000000000049
2024-04-01 07:00:00,19045.904,19182.512,-136.60800000000017,145.09296,147.89151,-2.798550000000006,27.30872,26.779272,0.5294480000000021,284.95926,283.96985,0.9894099999999639
2024-04-01 08:00:00,20533.865,20783.928,-250.06299999999828,152.52242,152.62169,-0.09926999999998998,28.459166,28.112186,0.3469799999999985,288.24786,287.42224,0.8256200000000149
2024-04-01 09:00:00,16665.166,16716.021,-50.85499999999956,132.18886,136.20782,-4.018959999999993,29.410088,29.430826,-0.020738000000001477,293.93607,293.55777,0.37829999999996744
2024-04-01 10:00:00,13986.836,13841.787,145.04899999999907,118.023415,119.63537,-1.6119549999999947,30.401308,30.39684,0.00446799999999925,299.35382,299.78857,-0.4347500000000082
2024-04-01 11:00:00,12796.467,12618.501,177.96600000000035,111.64562,111.967285,-0.3216650000000101,31.078762,31.06719,0.011572000000001026,304.0967,304.48608,-0.38938000000001693
2024-04-01 12:00:00,12201.282,12187.297,13.984999999998763,108.49656,109.50509,-1.0085299999999933,31.22921,31.38929,-0.16008000000000067,307.98538,307.77786,0.207520000000045
2024-04-01 13:00:00,12498.875,12283.301,215.57400000000052,110.1207,109.83358,0.2871200000000016,30.979658,31.43603,-0.4563719999999982,310.44284,310.2672,0.17563999999998714
2024-04-01 14:00:00,13391.65,13125.256,266.39400000000023,114.93242,114.05495,0.8774699999999882,30.652428,31.14069,-0.48826199999999886,311.237,311.43906,-0.20205999999996038
2024-04-01 15:00:00,15177.206,14780.209,396.9969999999994,124.45674,123.03825,1.4184899999999914,30.285759,30.53146,-0.2457010000000004,310.33914,310.66788,-0.3287400000000389
2024-04-01 16:00:00,18748.312,18225.938,522.3740000000034,143.34267,140.21396,3.1287100000000123,29.710314,29.76844,-0.0581259999999979,307.90353,308.0138,-0.11027000000001408
2024-04-01 17:00:00,22914.604,22864.775,49.828999999997905,165.45631,163.00299,2.453319999999991,28.966194,28.953247,0.012947000000000486,304.09442,303.7046,0.38981999999998607
2024-04-01 18:00:00,24700.158,24955.229,-255.0709999999999,175.28528,174.22273,1.0625499999999874,28.199974,28.114784,0.08519000000000077,299.1496,298.57715,0.5724500000000035
2024-04-01 19:00:00,21129.05,21293.502,-164.45200000000114,157.32068,160.60188,-3.281199999999984,27.483755,27.42735,0.05640499999999804,293.8644,293.78314,0.08125999999998612
2024-04-01 20:00:00,16665.166,16926.518,-261.35199999999895,134.72205,139.68706,-4.965010000000007,26.900423,26.913467,-0.013044000000000722,288.569,289.93472,-1.3657200000000103
2024-04-01 21:00:00,13094.059,13081.065,12.993999999998778,116.74627,119.32886,-2.5825900000000104,26.349579,26.352516,-0.002937000000002854,285.62717,286.65378,-1.0266100000000051
2024-04-01 22:00:00,9522.952,9962.07,-439.1180000000004,98.74102,102.68622,-3.9452,25.855183,25.819805,0.035378000000001464,283.1207,283.82776,-0.7070600000000127
2024-04-01 23:00:00,8034.9907,7964.986,70.00470000000041,91.54041,89.48374,2.056669999999997,25.233532,25.269144,-0.03561200000000042,281.2508,281.31842,-0.0676199999999767
2024-04-02 00:00:00,6695.4683,5849.0703,846.3980000000001,74.30975,82.39234,-8.08259000000001,24.650646,24.67809,-0.02744400000000269,280.0689,279.8666,0.20229999999997972
2024-04-02 01:00:00,5478.1104,4996.854,481.2563999999993,68.47992,71.822525,-3.342604999999992,24.234428,24.282341,-0.04791299999999765,279.1865,278.93445,0.252049999999997
2024-04-02 02:00:00,4565.0923,4435.1357,129.95660000000044,64.160126,67.90823,-3.748103999999998,23.97252,24.015211,-0.04269100000000137,278.66293,278.13324,0.5296900000000164
2024-04-02 03:00:00,4565.0923,4418.337,146.7552999999998,64.470184,66.75878,-2.2885959999999983,24.121626,23.965536,0.15608999999999895,278.66058,277.96777,0.6928100000000086
2024-04-02 04:00:00,6086.7896,5839.691,247.09860000000026,72.63807,72.03679,0.6012800000000027,24.421625,24.236074,0.18555100000000024,279.34238,278.54056,0.8018199999999638
2024-04-02 05:00:00,9738.863,9880.097,-141.23400000000038,91.76646,91.347336,0.4191239999999965,25.055407,24.996397,0.05900999999999712,280.70032,280.63037,0.06994999999994889
2024-04-02 06:00:00,15521.315,15204.073,317.2420000000002,121.86244,119.29844,2.564000000000007,26.089188,26.023878,0.0653100000000002,282.60138,283.11212,-0.5107399999999984
2024-04-02 07:00:00,19477.729,19514.523,-36.79400000000169,142.40352,143.92175,-1.5182300000000168,27.382912,27.064201,0.3187110000000004,285.3121,285.07578,0.23631999999997788
2024-04-02 08:00:00,20999.426,21194.184,-194.75800000000163,150.32407,149.94255,0.38151999999999475,28.578152,28.351456,0.22669600000000045,288.66302,288.43314,0.22988000000003694
2024-04-02 09:00:00,17043.012,16842.629,200.382999999998,129.83948,132.40182,-2.5623399999999776,29.76059,29.62011,0.14048000000000016,294.36832,294.40643,-0.03811000000001741
2024-04-02 10:00:00,14303.957,14052.65,251.3070000000007,115.63674,115.47719,0.15955000000001007,30.734203,30.56532,0.168883000000001,299.7845,300.3291,-0.5446000000000026
2024-04-02 11:00:00,13086.598,12826.582,260.0159999999996,109.345345,107.72136,1.6239849999999905,31.251316,31.200298,0.05101799999999912,304.54782,304.89984,-0.3520199999999818
2024-04-02 12:00:00,12477.918,12412.408,65.51000000000022,106.213585,105.30519,0.9083949999999987,31.301767,31.458073,-0.15630599999999717,308.49985,308.1882,0.311649999999986
2024-04-02 13:00:00,12782.259,12574.011,208.2479999999996,107.840294,105.99398,1.8463140000000067,31.1351,31.462275,-0.32717500000000044,310.8969,310.6846,0.21230000000002747
2024-04-02 14:00:00,13695.276,13472.652,222.6239999999998,112.58006,110.97701,1.603049999999996,30.959497,31.194153,-0.23465600000000109,311.59726,311.8628,-0.26553999999998723
2024-04-02 15:00:00,15521.315,15261.119,260.1959999999999,122.0414,121.2127,0.8286999999999978,30.493696,30.666498,-0.1728020000000008,310.67648,311.0602,-0.3837199999999825
2024-04-02 16:00:00,19173.389,18916.564,256.8250000000007,141.02562,139.48909,1.536529999999999,29.803417,29.951258,-0.14784099999999967,308.2737,308.3019,-0.028199999999969805
2024-04-02 17:00:00,23434.143,23507.043,-72.90000000000146,163.19746,161.49095,1.7065100000000086,29.087198,29.167974,-0.08077600000000018,304.47247,304.01828,0.4541899999999828
2024-04-02 18:00:00,25260.178,25792.73,-532.5519999999997,172.76823,174.15173,-1.383499999999998,28.370981,28.446121,-0.0751400000000011,299.4527,299.0704,0.38229999999998654
2024-04-02 19:00:00,21608.104,22093.467,-485.3630000000012,153.97554,159.59521,-5.6196700000000135,27.680027,27.688261,-0.008234000000001629,294.0782,293.88718,0.19101999999998043
2024-04-02 20:00:00,17043.012,17271.572,-228.5600000000013,130.44812,136.88438,-6.436260000000004,27.042381,27.089558,-0.04717700000000136,288.62958,290.01215,-1.3825700000000438
2024-04-02 21:00:00,13390.938,13556.09,-165.15200000000004,111.72071,116.193,-4.472290000000001,26.344147,26.4576,-0.1134529999999998,285.5389,286.75555,-1.2166500000000156
2024-04-02 22:00:00,9738.863,10339.393,-600.5300000000007,93.06331,99.17228,-6.108969999999999,25.560814,25.853436,-0.29262199999999794,282.86087,283.92572,-1.0648500000000354
2024-04-02 23:00:00,8217.166,8178.05,39.115999999999076,85.437904,85.42455,0.01335400000000675,24.977928,25.181713,-0.20378499999999988,280.81992,281.13727,-0.31734999999997626
2024-04-03 00:00:00,3798.3489,5902.696,-2104.3471,73.2016,77.84282,-4.641220000000004,24.509272,24.546484,-0.037212000000000245,279.47232,279.30704,0.1652800000000525
2024-04-03 01:00:00,3107.74,3219.876,-112.13600000000042,69.87297,66.21675,3.6562199999999905,24.083557,24.282797,-0.19923999999999964,278.4393,278.6766,-0.23730000000000473
2024-04-03 02:00:00,2589.7832,2447.2559,142.52729999999974,67.39369,63.130157,4.26353300000001,23.73014,24.12739,-0.39724999999999966,277.8584,277.9584,-0.0999999999999659
2024-04-03 03:00:00,2589.7832,2333.0928,256.69039999999995,67.50709,63.123066,4.384024000000004,23.746807,24.111563,-0.36475599999999986,277.70212,277.8437,-0.14158000000003312
2024-04-03 04:00:00,3453.0442,3250.6465,202.3977,71.978355,67.7796,4.198754999999991,24.038433,24.368652,-0.3302189999999996,278.18277,278.2679,-0.08512999999999238
2024-04-03 05:00:00,5524.871,5629.6084,-104.73739999999998,82.5966,80.44103,2.1555699999999973,24.52496,25.011482,-0.4865220000000008,279.297,279.58923,-0.2922299999999609
2024-04-03 06:00:00,8805.263,8937.961,-132.6979999999985,99.330864,100.05223,-0.7213659999999891,25.524958,25.940413,-0.4154549999999979,281.01102,281.6552,-0.6441800000000057
2024-04-03 07:00:00,11049.742,11432.427,-382.6849999999995,110.57145,115.24037,-4.66892,26.808292,26.99033,-0.1820379999999986,283.51242,284.04956,-0.5371399999999653
2024-04-03 08:00:00,11913.003,12013.363,-100.35999999999876,114.676056,115.458534,-0.7824779999999976,28.12748,28.207764,-0.08028400000000246,286.61362,287.3039,-0.6902799999999729
2024-04-03 09:00:00,9668.523,9699.412,-30.889000000001033,102.79688,103.933136,-1.136256000000003,29.060812,29.412779,-0.3519670000000019,292.14453,292.8009,-0.6563700000000381
2024-04-03 10:00:00,8114.6543,8206.654,-91.9997000000003,94.50214,94.389015,0.11312499999999659,29.835855,30.285004,-0.449149000000002,297.47073,298.50308,-1.032350000000008
2024-04-03 11:00:00,7424.045,7491.5747,-67.52970000000005,90.67699,89.72176,0.9552300000000002,30.316893,30.803625,-0.48673199999999994,302.19424,303.1011,-0.9068599999999947
2024-04-03 12:00:00,7078.741,7215.842,-137.10099999999966,88.70105,87.86427,0.8367799999999903,30.433558,30.999153,-0.5655949999999983,306.0557,306.5434,-0.487700000000018
2024-04-03 13:00:00,7251.3936,7234.2837,17.10990000000038,89.447266,87.69195,1.7553159999999934,30.315634,30.950626,-0.6349920000000004,308.4268,309.00412,-0.5773199999999861
2024-04-03 14:00:00,7769.349,7622.299,147.05000000000018,92.00034,89.73794,2.2623999999999995,30.11311,30.689137,-0.5760269999999998,309.12256,310.2776,-1.1550399999999854
2024-04-03 15:00:00,8805.263,8627.584,177.6790000000001,97.275986,94.773384,2.50260200000001,29.666666,30.194988,-0.5283219999999993,308.2144,309.898,-1.6836000000000126
2024-04-03 16:00:00,10877.09,10677.875,199.21500000000015,107.91441,104.98226,2.932150000000007,28.966667,29.5094,-0.5427329999999984,305.7904,307.75253,-1.962130000000002
2024-04-03 17:00:00,13294.221,12981.825,312.3959999999988,120.3604,118.58336,1.7770399999999995,28.368963,28.724125,-0.355162,302.02267,303.75195,-1.729280000000017
2024-04-03 18:00:00,14330.134,14333.354,-3.219999999999345,125.70495,127.27619,-1.571240000000003,27.68185,27.952387,-0.2705370000000009,297.0527,298.5126,-1.4599000000000046
2024-04-03 19:00:00,12258.308,12380.981,-122.67299999999886,115.011154,116.92109,-1.9099360000000019,27.114288,27.089405,0.0248829999999991,291.77084,292.68472,-0.913880000000006
2024-04-03 20:00:00,9668.523,9895.695,-227.17200000000048,101.69813,101.57485,0.12328000000000827,26.379328,26.432846,-0.0535180000000004,286.5696,287.78018,-1.210579999999993
2024-04-03 21:00:00,7596.6978,7580.478,16.21979999999985,91.08276,89.05534,2.0274199999999922,25.729776,25.817541,-0.08776499999999743,283.76804,283.73795,0.03008999999997286
2024-04-03 22:00:00,5524.871,5588.703,-63.832000000000335,80.47286,80.82949,-0.3566300000000098,25.21311,25.276464,-0.06335400000000035,281.4827,280.80084,0.6818600000000288
2024-04-03 23:00:00,4661.61,4559.497,102.11299999999937,76.08448,75.72684,0.3576400000000035,24.746445,24.794146,-0.04770099999999999,279.78738,278.46365,1.3237300000000118
2024-04-04 00:00:00,4956.5146,5123.9375,-167.42289999999957,65.981255,75.63251,-9.651254999999992,24.345995,24.409676,-0.06368100000000254,278.82834,277.69427,1.1340700000000083
2024-04-04 01:00:00,4055.3303,4019.2908,36.03949999999986,61.35318,67.2982,-5.945019999999992,23.988293,24.223293,-0.23500000000000298,278.1484,277.63983,0.5085699999999633
2024-04-04 02:00:00,3379.442,3365.1848,14.257200000000012,57.850327,63.12605,-5.275722999999999,23.756584,24.03895,-0.2823659999999997,277.79758,277.13004,0.667539999999974
2024-04-04 03:00:00,3379.442,3251.0952,128.3467999999998,57.76527,61.171448,-3.406177999999997,23.807032,24.016098,-0.20906599999999997,277.85828,277.19547,0.662809999999979
2024-04-04 04:00:00,4505.9224,4568.553,-62.630599999999504,63.43235,65.163414,-1.7310640000000035,24.107033,24.196196,-0.08916299999999922,278.5091,277.85992,0.6491800000000012
2024-04-04 05:00:00,7209.476,7501.5376,-292.0616,77.16659,77.51295,-0.3463600000000042,24.690365,24.798023,-0.1076580000000007,279.77118,279.70056,0.07062000000001944
2024-04-04 06:00:00,11490.103,11622.248,-132.14500000000044,98.9592,99.190575,-0.2313749999999999,25.806583,25.820335,-0.013752000000000209,281.55103,282.70728,-1.15625
2024-04-04 07:00:00,14418.953,14627.059,-208.10599999999977,113.72224,118.82467,-5.102429999999998,27.056135,27.013262,0.04287300000000016,284.09085,285.4614,-1.370550000000037
2024-04-04 08:00:00,15545.434,15459.049,86.3849999999984,119.1982,121.041176,-1.842975999999993,28.255407,28.327223,-0.07181599999999833,287.2787,289.01093,-1.7322299999999586
2024-04-04 09:00:00,12616.583,12468.142,148.4410000000007,103.77679,108.06977,-4.29298,29.172522,29.50737,-0.3348480000000009,292.91006,294.52908,-1.6190200000000345
2024-04-04 10:00:00,10588.918,10604.319,-15.40099999999984,93.044044,95.57846,-2.5344160000000073,30.105856,30.334885,-0.2290290000000006,298.3087,299.77206,-1.4633600000000229
2024-04-04 11:00:00,9687.733,9676.95,10.782999999999447,88.20103,89.42042,-1.21938999999999,30.739185,30.904348,-0.16516299999999973,303.11816,303.9245,-0.8063400000000343
2024-04-04 12:00:00,9237.142,9331.613,-94.47099999999955,85.73614,87.31317,-1.5770299999999935,30.933617,31.181032,-0.2474149999999966,307.03284,307.14346,-0.11061999999998307
2024-04-04 13:00:00,9462.4375,9422.468,39.96949999999924,86.84931,87.6674,-0.818089999999998,30.83801,31.215046,-0.37703600000000037,309.4656,309.64395,-0.1783500000000231
2024-04-04 14:00:00,10138.326,10075.785,62.54099999999926,90.33372,91.197014,-0.8632939999999962,30.421791,30.978056,-0.5562649999999998,310.1864,310.9377,-0.7513000000000147
2024-04-04 15:00:00,11490.103,11358.791,131.3119999999999,97.3057,98.80203,-1.4963300000000004,29.933558,30.425423,-0.4918649999999971,309.24286,310.4546,-1.2117400000000202
2024-04-04 16:00:00,14193.656,13804.167,389.4890000000014,111.2822,112.73214,-1.449939999999998,29.233557,29.715425,-0.48186799999999863,306.78787,308.25388,-1.466009999999983
2024-04-04 17:00:00,17347.8,17018.78,329.02000000000044,127.55611,130.00209,-2.445980000000006,28.600283,28.925003,-0.32471999999999923,302.87027,304.29688,-1.4266099999999824
2024-04-04 18:00:00,18699.58,18627.521,72.0590000000011,134.57495,138.91873,-4.3437800000000095,27.977198,28.157007,-0.17980899999999878,297.84256,299.24353,-1.4009700000000294
2024-04-04 19:00:00,15996.026,16064.439,-68.41300000000047,120.68814,127.58876,-6.900619999999989,27.144312,27.381157,-0.23684500000000241,292.5244,294.09515,-1.5707499999999754
2024-04-04 20:00:00,12616.583,12857.568,-240.98499999999876,103.313034,108.65011,-5.337075999999996,26.49476,26.643892,-0.1491320000000016,287.2491,289.28375,-2.034649999999999
2024-04-04 21:00:00,9913.029,10051.4795,-138.450499999999,89.421906,92.15158,-2.7296739999999886,25.911427,25.980347,-0.06891999999999854,284.38177,284.91766,-0.5358899999999949
2024-04-04 22:00:00,7209.476,7422.892,-213.41600000000017,75.50577,80.33256,-4.826790000000003,25.378094,25.426544,-0.048449999999998994,281.91656,281.61267,0.303890000000024
2024-04-04 23:00:00,6082.995,5968.125,114.86999999999989,69.753654,72.10178,-2.3481260000000077,24.944702,24.89344,0.05126200000000125,280.14532,278.95636,1.1889600000000087
2024-04-05 00:00:00,3946.0166,5428.063,-1482.0464000000002,78.43715,69.59103,8.846119999999999,24.428036,24.44008,-0.0120439999999995,279.0883,277.58746,1.5008399999999824
2024-04-05 01:00:00,3228.559,3465.3335,-236.7745,74.75006,67.52644,7.223620000000011,24.061817,24.190557,-0.12873999999999697,278.31354,277.68622,0.6273199999999974
2024-04-05 02:00:00,2690.4658,2924.2734,-233.8076000000001,71.99349,66.90864,5.084849999999989,23.828318,24.044987,-0.21666899999999956,277.90588,277.22586,0.6800200000000132
2024-04-05 03:00:00,2690.4658,2796.4404,-105.97460000000001,72.05289,66.93129,5.121600000000001,23.917894,24.063438,-0.145544000000001,277.91858,277.19684,0.7217400000000112
2024-04-05 04:00:00,3587.2876,3670.7712,-83.48360000000002,76.826775,71.67544,5.151335000000003,24.25602,24.318918,-0.06289800000000056,278.54227,277.84015,0.7021199999999794
2024-04-05 05:00:00,5739.6606,5999.9575,-260.2969000000003,88.151405,84.47704,3.6743649999999946,24.889355,24.961432,-0.07207700000000017,279.74942,279.52707,0.22235000000000582
2024-04-05 06:00:00,9147.584,9396.519,-248.9349999999995,106.022835,104.71824,1.3045950000000062,25.872688,25.952162,-0.07947400000000115,281.43137,282.2537,-0.8223299999999654
2024-04-05 07:00:00,11479.321,11761.49,-282.16899999999987,118.1507,120.50334,-2.352639999999994,27.061037,27.049511,0.011525999999999925,283.86893,285.03482,-1.1658900000000472
2024-04-05 08:00:00,12376.143,12283.602,92.54099999999926,122.69348,120.92719,1.766289999999998,28.145432,28.335472,-0.19003999999999976,286.9744,288.77298,-1.7985800000000154
2024-04-05 09:00:00,10044.405,10009.129,35.27599999999984,110.19921,109.97746,0.2217500000000001,29.055855,29.51613,-0.4602749999999993,292.53992,294.34174,-1.8018200000000206
2024-04-05 10:00:00,8430.126,8524.469,-94.34299999999894,101.51896,100.62299,0.8959700000000055,30.055405,30.350796,-0.2953909999999986,297.96597,299.89725,-1.9312799999999584
2024-04-05 11:00:00,7712.6685,7793.316,-80.64750000000004,97.645294,96.18707,1.4582240000000013,30.754122,30.913351,-0.15922899999999984,302.78506,304.46765,-1.6825900000000047
2024-04-05 12:00:00,7353.94,7518.1777,-164.2377000000006,95.75384,94.76211,0.9917299999999898,31.011036,31.197086,-0.18604999999999805,306.78812,308.01874,-1.2306199999999876
2024-04-05 13:00:00,7533.304,7584.309,-51.00500000000011,96.78121,95.12875,1.652460000000005,30.790249,31.244629,-0.45438000000000045,309.30038,310.61966,-1.319279999999992
2024-04-05 14:00:00,8071.3975,8070.174,1.2235000000000582,99.7294,98.009575,1.7198250000000002,30.47403,31.005497,-0.5314669999999992,310.06662,311.86664,-1.8000200000000177
2024-04-05 15:00:00,9147.584,9202.195,-54.61099999999897,105.53032,104.49006,1.0402600000000035,30.007364,30.505423,-0.49805900000000136,309.13086,311.32974,-2.198880000000031
2024-04-05 16:00:00,11299.957,11280.494,19.462999999999738,117.035164,116.02954,1.0056239999999974,29.344147,29.835114,-0.49096700000000126,306.612,309.1038,-2.491799999999955
2024-04-05 17:00:00,13811.059,13681.553,129.5059999999994,130.46094,130.00475,0.4561899999999923,28.710365,29.091314,-0.3809490000000011,302.7302,305.18735,-2.457149999999956
2024-04-05 18:00:00,14887.245,14948.587,-61.341999999998734,136.32578,136.79639,-0.47060999999999353,27.994146,28.309814,-0.3156679999999987,297.6946,299.9594,-2.2648000000000366
2024-04-05 19:00:00,12734.872,12845.149,-110.27700000000004,125.13247,125.5255,-0.393029999999996,27.2816,27.462673,-0.18107299999999782,292.3957,294.19614,-1.8004400000000373
2024-04-05 20:00:00,10044.405,10463.947,-419.54199999999946,111.10925,110.38829,0.7209600000000052,26.58009,26.780369,-0.20027900000000187,287.18094,289.1446,-1.9636600000000044
2024-04-05 21:00:00,7892.033,7985.7886,-93.7555999999995,99.931435,97.3795,2.5519350000000003,26.046757,26.128664,-0.08190700000000106,284.38214,284.76697,-0.3848300000000222
2024-04-05 22:00:00,5739.6606,5904.6646,-165.0039999999999,88.729385,88.497345,0.2320399999999978,25.595861,25.565512,0.03034900000000107,279.73917,281.4058,-1.6666299999999978
2024-04-05 23:00:00,4842.8384,4868.7896,-25.951200000000426,84.18485,82.58457,1.600279999999998,25.147594,25.052097,0.09549700000000172,275.7292,278.12534,-2.3961400000000026
2024-04-06 00:00:00,5029.3745,5167.6577,-138.28319999999985,79.99249,82.02708,-2.0345899999999943,24.614708,24.549908,0.06480000000000175,258.8602,263.1037,-4.243499999999983
2024-04-06 01:00:00,4114.943,4148.638,-33.69499999999971,75.448555,78.2992,-2.850645,24.214708,24.33741,-0.12270199999999676,255.99446,255.3929,0.6015600000000063
2024-04-06 02:00:00,3429.119,3602.492,-173.37300000000005,72.00165,75.04277,-3.0411200000000065,24.098042,24.12263,-0.024588000000001387,253.44516,252.924,0.5211599999999805
2024-04-06 03:00:00,3429.119,3550.5303,-121.41129999999976,72.01446,73.55874,-1.5442800000000005,24.140005,24.120705,0.019299999999997652,251.23949,251.806,-0.5665100000000223
2024-04-06 04:00:00,4572.158,4731.3433,-159.1853000000001,77.87371,77.90381,-0.030099999999990246,24.519444,24.284843,0.2346010000000014,251.7403,250.99208,0.7482200000000034
2024-04-06 05:00:00,7315.454,7594.7583,-279.3043000000007,91.94179,92.32581,-0.3840200000000067,24.98874,24.88498,0.10376000000000118,252.77332,251.92125,0.8520700000000261
2024-04-06 06:00:00,11659.005,11748.535,-89.53000000000065,114.20296,116.007935,-1.8049749999999989,25.830929,25.808762,0.022166999999999604,254.23454,254.27138,-0.036839999999983775
2024-04-06 07:00:00,14630.908,14752.883,-121.97500000000036,129.30206,134.16888,-4.86681999999999,26.961485,26.80896,0.1525250000000007,256.44568,256.37503,0.07065000000000055
2024-04-06 08:00:00,15773.948,15657.226,116.72199999999975,134.97527,135.26831,-0.29304000000001906,28.128153,28.007175,0.12097800000000092,259.22314,259.18546,0.03768000000002303
2024-04-06 09:00:00,12802.044,12635.847,166.19700000000012,119.41521,122.28301,-2.8678000000000026,29.202553,29.190636,0.0119170000000004,264.4207,264.50693,-0.08623000000000047
2024-04-06 10:00:00,10744.572,10747.547,-2.975000000000364,108.61262,109.961685,-1.349064999999996,30.152103,30.111216,0.04088700000000145,269.48257,269.9717,-0.48912999999998874
2024-04-06 11:00:00,9830.141,9825.527,4.613999999999578,103.78156,103.69252,0.08903999999999712,30.71922,30.754726,-0.03550600000000159,274.0491,274.44662,-0.3975199999999859
2024-04-06 12:00:00,9372.925,9460.799,-87.87400000000162,101.38178,101.34448,0.03730000000000189,30.911263,31.07084,-0.15957699999999875,277.79565,278.02295,-0.22729999999995698
2024-04-06 13:00:00,9601.533,9535.979,65.55400000000009,102.58191,101.46611,1.115799999999993,30.897373,31.157228,-0.25985499999999817,280.14706,280.91724,-0.7701799999999821
2024-04-06 14:00:00,10287.357,10153.763,133.59399999999914,106.16998,104.849846,1.320133999999996,30.54737,30.972996,-0.4256259999999976,280.9047,282.32553,-1.4208300000000236
2024-04-06 15:00:00,11659.005,11374.945,284.0599999999995,113.3191,112.340324,0.9787760000000105,30.188738,30.435017,-0.2462789999999977,280.10416,281.56964,-1.4654800000000137
2024-04-06 16:00:00,14402.3,13776.321,625.9789999999994,127.58806,125.95036,1.6376999999999953,29.51952,29.748278,-0.22875799999999913,277.8698,278.91248,-1.0426800000000185
2024-04-06 17:00:00,17602.81,16978.67,624.140000000003,144.25153,142.48471,1.7668199999999956,28.803303,28.95924,-0.15593700000000155,274.24393,274.9506,-0.706670000000031
2024-04-06 18:00:00,18974.459,18714.586,259.8729999999996,151.51013,151.45526,0.05486999999999398,28.137083,28.181473,-0.04438999999999993,269.5793,270.30136,-0.722059999999999
2024-04-06 19:00:00,16231.164,16049.482,181.6820000000007,137.55774,140.65193,-3.0941899999999976,27.320417,27.465288,-0.14487100000000197,264.58548,265.17993,-0.5944499999999948
2024-04-06 20:00:00,12802.044,12829.861,-27.817000000000917,120.08493,122.63342,-2.548490000000001,26.737083,26.849543,-0.11246000000000222,259.5616,260.8133,-1.251700000000028
2024-04-06 21:00:00,10058.749,10099.972,-41.222999999999956,106.15705,106.44019,-0.28314000000000306,26.16997,26.273674,-0.10370400000000046,256.90808,257.5626,-0.6545199999999909
2024-04-06 22:00:00,7315.454,7499.543,-184.08899999999994,92.270294,94.32584,-2.0555459999999925,25.486635,25.720339,-0.23370399999999947,254.63962,255.62347,-0.9838499999999897
2024-04-06 23:00:00,6172.414,6043.24,129.17399999999998,86.64291,85.687485,0.9554250000000053,24.95375,25.090923,-0.13717300000000066,252.98558,254.51909,-1.5335100000000068
2024-04-07 00:00:00,5230.0938,5579.898,-349.8042000000005,80.141136,84.05343,-3.912294000000003,24.394594,24.756159,-0.3615649999999988,251.98268,253.12262,-1.1399400000000242
2024-04-07 01:00:00,4279.168,4274.768,4.399999999999636,75.49115,77.741264,-2.2501139999999964,23.994593,24.503986,-0.5093930000000029,251.25917,252.86444,-1.6052699999999902
2024-04-07 02:00:00,3565.9734,3679.85,-113.87660000000005,71.963295,74.326004,-2.3627089999999953,23.857063,24.280415,-0.4233520000000013,250.93552,252.3588,-1.4232800000000054
2024-04-07 03:00:00,3565.9734,3609.1477,-43.17430000000013,72.07194,72.820694,-0.7487540000000052,24.03311,24.239777,-0.2066669999999995,250.99577,252.29196,-1.2961899999999957
2024-04-07 04:00:00,4754.631,4673.1245,81.50650000000041,78.26631,76.6228,1.6435100000000062,24.433111,24.479614,-0.04650300000000129,251.64502,252.23734,-0.5923200000000008
2024-04-07 05:00:00,7607.409,7606.512,0.8969999999999345,92.986465,91.7711,1.2153649999999914,24.950226,25.123003,-0.17277699999999996,252.87291,252.90463,-0.031720000000007076
2024-04-07 06:00:00,12124.309,11893.791,230.51800000000003,116.19172,115.3842,0.8075199999999967,26.000225,26.031359,-0.031133999999997997,254.54097,254.76254,-0.22157000000001403
2024-04-07 07:00:00,15214.82,14999.469,215.35100000000057,131.92906,134.07973,-2.1506700000000194,27.284542,27.052717,0.23182499999999706,256.87485,256.62488,0.24996999999996206
2024-04-07 08:00:00,16403.477,16173.839,229.637999999999,137.8632,136.86443,0.9987700000000075,28.467428,28.333988,0.13344000000000023,259.7057,259.38477,0.32092999999997573
2024-04-07 09:00:00,13312.967,13089.182,223.78499999999985,121.7198,123.18036,-1.4605599999999868,29.450762,29.648523,-0.19776099999999985,264.9507,265.01123,-0.060530000000028394
2024-04-07 10:00:00,11173.383,11046.72,126.66300000000047,110.51517,110.08541,0.4297600000000017,30.233334,30.600094,-0.3667599999999993,269.9603,271.1117,-1.151399999999967
2024-04-07 11:00:00,10222.457,10123.247,99.21000000000095,105.54398,103.82597,1.7180100000000067,30.845581,31.197794,-0.352212999999999,274.4097,275.77115,-1.3614499999999907
2024-04-07 12:00:00,9746.994,9780.882,-33.88799999999901,103.12875,101.80103,1.3277199999999993,30.95608,31.477007,-0.5209270000000004,278.0978,279.14938,-1.0515800000000013
2024-04-07 13:00:00,9984.726,9907.187,77.53900000000067,104.45225,102.587395,1.8648550000000057,30.905628,31.49665,-0.5910219999999988,280.4058,281.5632,-1.1573999999999955
2024-04-07 14:00:00,10697.919,10570.575,127.34399999999914,108.1984,106.57678,1.6216200000000072,30.750088,31.248623,-0.49853499999999684,281.20517,282.59738,-1.3922099999999773
2024-04-07 15:00:00,12124.309,11864.114,260.1949999999997,115.63551,114.453125,1.1823849999999965,30.333424,30.69727,-0.3638459999999988,280.42313,281.81476,-1.3916299999999637
2024-04-07 16:00:00,14977.088,14455.444,521.6440000000002,130.45944,128.6018,1.8576400000000035,29.73387,29.92134,-0.18747000000000114,278.22137,279.2553,-1.033929999999998
2024-04-07 17:00:00,18305.33,17967.764,337.56600000000253,147.7002,146.35828,1.3419199999999876,28.98387,29.040705,-0.056834999999999525,274.64847,275.21484,-0.5663700000000063
2024-04-07 18:00:00,19731.72,19710.877,20.843000000000757,155.07883,155.66197,-0.583139999999986,28.267653,28.190607,0.07704599999999928,269.9153,270.6012,-0.6859000000000037
2024-04-07 19:00:00,16878.94,16687.375,191.5649999999987,140.30107,143.46642,-3.1653499999999894,27.467203,27.442074,0.025128999999999735,264.83566,265.52826,-0.6925999999999704
2024-04-07 20:00:00,13312.967,13250.768,62.199000000000524,121.85105,125.0924,-3.241349999999997,26.705183,26.83671,-0.1315269999999984,259.70877,261.3122,-1.603430000000003
2024-04-07 21:00:00,10460.1875,10421.462,38.725500000000466,107.087036,108.36623,-1.279194000000004,26.021849,26.210377,-0.18852800000000158,256.96426,258.12946,-1.1651999999999703
2024-04-07 22:00:00,7607.409,7787.507,-180.09799999999996,92.40831,95.57678,-3.1684699999999992,25.372297,25.603653,-0.23135600000000167,256.87128,256.29953,0.5717500000000086
2024-04-07 23:00:00,6418.752,6280.8276,137.9244000000008,86.32043,86.009285,0.31114499999999623,24.85563,24.945004,-0.0893739999999994,257.4059,255.71509,1.6908099999999706
2024-04-08 00:00:00,7556.8174,5595.1113,1961.7061000000003,84.23201,83.01887,1.2131399999999957,24.36135,24.749033,-0.3876829999999991,272.28482,268.8237,3.461120000000051
2024-04-08 01:00:00,6182.8506,5533.6904,649.1601999999993,77.23969,79.17896,-1.9392700000000076,24.077568,24.389778,-0.3122100000000003,273.94107,274.93036,-0.9892899999999827
2024-04-08 02:00:00,5152.3755,4953.57,198.8055000000004,71.93808,75.09618,-3.1581000000000046,24.016443,24.19054,-0.17409699999999972,275.99948,275.35703,0.6424499999999966
2024-04-08 03:00:00,5152.3755,4744.6523,407.72320000000036,71.83279,73.13852,-1.305729999999997,24.161396,24.241837,-0.08044100000000043,278.51602,276.28775,2.228270000000009
2024-04-08 04:00:00,6869.8335,6527.268,342.5654999999997,80.355225,81.3712,-1.0159749999999974,24.477926,24.50338,-0.025453999999999866,279.35684,278.21945,1.1373899999999821
2024-04-08 05:00:00,10991.734,11241.128,-249.39400000000023,101.01984,105.4723,-4.452460000000002,25.06126,25.29443,-0.23316999999999766,280.8649,281.0359,-0.1710000000000491
2024-04-08 06:00:00,17518.078,17395.97,122.10800000000017,133.82097,136.14276,-2.3217900000000213,26.161263,26.270214,-0.10895099999999758,282.84116,283.12845,-0.2872899999999845
2024-04-08 07:00:00,21983.469,22239.02,-255.55099999999948,156.03444,159.99115,-3.9567100000000153,27.526672,27.23729,0.2893819999999998,285.50824,284.53372,0.9745199999999841
2024-04-08 08:00:00,23700.928,24033.586,-332.65799999999945,164.30515,164.2031,0.10204999999999131,28.693338,28.559597,0.13374100000000055,288.74533,288.20758,0.5377500000000168
2024-04-08 09:00:00,19235.537,18998.842,236.6949999999997,141.17262,144.68771,-3.515090000000015,29.572521,29.795635,-0.22311400000000248,294.366,294.3163,0.04969999999997299
2024-04-08 10:00:00,16144.11,15856.072,288.03800000000047,125.04238,126.64417,-1.6017900000000083,30.398552,30.645693,-0.24714100000000272,299.69077,300.20575,-0.5149800000000369
2024-04-08 11:00:00,14770.145,14498.665,271.47999999999956,117.73093,118.39898,-0.6680499999999938,30.97188,31.177277,-0.20539700000000138,304.35596,304.60388,-0.2479200000000219
2024-04-08 12:00:00,14083.159,14072.162,10.996999999999389,114.00249,115.97447,-1.971980000000002,31.109587,31.365274,-0.2556869999999982,308.16928,307.586,0.583280000000002
2024-04-08 13:00:00,14426.652,14260.138,166.5139999999992,115.603584,116.84376,-1.2401760000000053,31.026615,31.331112,-0.30449700000000135,310.52795,309.86243,0.6655199999999581
2024-04-08 14:00:00,15457.126,15300.141,156.98500000000058,120.79867,122.26134,-1.4626700000000028,30.726614,31.031502,-0.30488799999999827,311.26846,310.89914,0.3693200000000161
2024-04-08 15:00:00,17518.078,17315.12,202.95800000000236,131.33269,132.95244,-1.619749999999982,30.185814,30.427576,-0.2417619999999978,310.3663,310.02936,0.3369400000000269
2024-04-08 16:00:00,21639.977,21536.717,103.2599999999984,152.41496,152.41939,-0.004429999999985057,29.527927,29.616047,-0.08811999999999998,307.9832,307.27118,0.7120199999999954
2024-04-08 17:00:00,26448.861,26545.805,-96.9439999999995,177.0496,176.39055,0.6590500000000077,28.787933,28.770422,0.017510999999998944,304.15277,303.0239,1.1288699999999494
2024-04-08 18:00:00,27501.629,28333.674,-832.0449999999983,187.71799,188.7171,-0.9991100000000017,28.154152,28.00384,0.15031199999999956,299.12448,298.25278,0.8717000000000326
2024-04-08 19:00:00,24387.912,24476.988,-89.07600000000093,166.97528,171.62572,-4.650440000000003,27.42037,27.34852,0.07184999999999775,293.76602,293.2764,0.48962000000000216
2024-04-08 20:00:00,19235.537,19433.158,-197.62099999999919,140.99431,148.58376,-7.589449999999999,26.727705,26.848995,-0.12128999999999834,288.34976,289.3499,-1.0001399999999876
2024-04-08 21:00:00,15113.635,15077.528,36.10699999999997,120.23994,126.59758,-6.357639999999989,26.074,26.257902,-0.1839019999999998,285.28293,286.15216,-0.8692299999999591
2024-04-08 22:00:00,10991.734,11567.433,-575.6990000000005,99.461784,107.80449,-8.342706000000007,25.424448,25.692507,-0.2680589999999974,282.6201,283.49585,-0.8757500000000391
2024-04-08 23:00:00,9274.275,9165.096,109.17900000000009,90.87321,90.98207,-0.10885999999999285,24.841114,25.052465,-0.2113510000000005,280.63495,281.02863,-0.39368000000001757
2024-04-09 00:00:00,5320.245,6198.4023,-878.1572999999999,75.16106,80.88929,-5.728229999999996,24.444147,24.393957,0.05019000000000062,279.39703,279.50168,-0.1046500000000492
2024-04-09 01:00:00,4352.9277,4436.4854,-83.55769999999939,70.337616,70.40231,-0.06469400000000292,24.09585,24.06092,0.03492999999999924,278.49222,278.97742,-0.4852000000000203
2024-04-09 02:00:00,3627.44,3591.6074,35.832600000000184,66.708954,66.12435,0.5846039999999988,23.846296,23.911354,-0.0650580000000005,278.01898,278.1261,-0.10712000000000899
2024-04-09 03:00:00,3627.44,3367.5752,259.86479999999983,66.713036,64.80123,1.9118059999999986,23.946745,23.942947,0.003797999999999746,278.09158,277.88742,0.20416000000000167
2024-04-09 04:00:00,4836.587,4510.6177,325.96930000000066,72.82302,69.83451,2.988510000000005,24.27815,24.254162,0.023987999999999232,278.87466,278.37152,0.5031400000000303
2024-04-09 05:00:00,7738.5386,7859.88,-121.34140000000025,87.47052,86.42529,1.0452299999999894,25.036814,25.01278,0.024034000000000333,280.31506,280.27576,0.03930000000002565
2024-04-09 06:00:00,12333.296,12322.551,10.7450000000008,110.679924,109.902405,0.7775189999999981,26.249554,26.041739,0.20781500000000008,282.25513,282.93948,-0.6843499999999949
2024-04-09 07:00:00,15477.078,15448.833,28.24499999999898,126.41689,129.58943,-3.172539999999998,27.602152,27.154194,0.44795799999999986,284.9811,285.4895,-0.5083999999999946
2024-04-09 08:00:00,16686.225,16715.36,-29.135000000002037,132.32298,133.79356,-1.4705800000000124,28.702599,28.455523,0.24707599999999985,288.33875,288.89014,-0.5513899999999694
2024-04-09 09:00:00,13542.443,13427.416,115.02700000000004,116.0329,118.67264,-2.6397400000000033,29.73638,29.677715,0.0586650000000013,294.07346,294.51794,-0.44447999999999865
2024-04-09 10:00:00,11365.979,11309.888,56.09099999999853,104.68708,105.53961,-0.8525300000000016,30.669714,30.603424,0.06628999999999863,299.4955,300.2366,-0.7411000000000172
2024-04-09 11:00:00,10398.661,10400.948,-2.287000000000262,99.55548,99.55293,0.002549999999999386,31.319265,31.229568,0.08969700000000103,304.2513,304.82245,-0.5711499999999887
2024-04-09 12:00:00,9915.003,10077.693,-162.6899999999987,96.95552,97.54149,-0.585969999999989,31.416235,31.525091,-0.1088559999999994,308.18542,308.2792,-0.0937799999999811
2024-04-09 13:00:00,10156.832,10188.214,-31.381999999999607,98.14353,97.85696,0.28656999999999755,31.233347,31.535252,-0.3019050000000014,310.54025,310.79105,-0.2507999999999697
2024-04-09 14:00:00,10882.32,10828.42,53.899999999999636,101.83493,101.25848,0.5764499999999941,30.933796,31.276283,-0.34248699999999843,311.18588,311.9565,-0.7706200000000081
2024-04-09 15:00:00,12333.296,12149.297,183.9989999999998,109.24427,108.9417,0.3025700000000029,30.30327,30.754868,-0.45159799999999706,310.1702,311.2284,-1.0581999999999994
2024-04-09 16:00:00,15235.249,14857.392,377.85699999999997,124.07826,123.51424,0.5640199999999993,29.603271,30.020342,-0.41707099999999997,307.6514,308.54456,-0.8931599999999662
2024-04-09 17:00:00,18620.86,18260.299,360.5610000000015,141.38219,141.47078,-0.08858999999998218,28.96949,29.202087,-0.2325969999999984,303.70914,304.07394,-0.36480000000000246
2024-04-09 18:00:00,20071.836,20034.592,37.24399999999878,148.84358,152.2185,-3.374920000000003,28.26949,28.461002,-0.19151199999999946,298.57413,298.80252,-0.22838999999999032
2024-04-09 19:00:00,17169.885,17044.082,125.80299999999988,134.15073,139.42288,-5.272149999999982,27.45327,27.672197,-0.21892700000000076,293.18063,293.4207,-0.2400700000000029
2024-04-09 20:00:00,13542.443,13540.981,1.4619999999995343,115.74875,119.55292,-3.804169999999999,26.71126,26.951733,-0.2404730000000015,287.82278,289.09393,-1.2711499999999774
2024-04-09 21:00:00,10640.491,10858.79,-218.2990000000009,101.06676,102.764755,-1.6979949999999917,26.077927,26.267405,-0.18947800000000115,284.88922,285.33655,-0.44732999999996537
2024-04-09 22:00:00,7738.5386,8135.1724,-396.6338000000005,86.39288,89.9069,-3.514019999999988,25.540876,25.682823,-0.14194699999999827,282.43588,282.4277,0.008179999999981646
2024-04-09 23:00:00,6529.392,6462.8413,66.55069999999978,80.35655,80.6291,-0.2725499999999954,25.183111,25.136135,0.046976000000000795,280.6205,280.0511,0.5693999999999733
2024-04-10 00:00:00,6402.568,5587.02,815.5479999999998,75.48436,76.53408,-1.0497200000000078,24.716442,24.70459,0.011852000000001084,279.5384,278.9983,0.5401000000000522
2024-04-10 01:00:00,5238.465,4996.9946,241.47040000000015,69.649826,71.35305,-1.7032239999999916,24.233559,24.517868,-0.28430900000000037,278.7695,278.62747,0.142029999999977
2024-04-10 02:00:00,4365.3877,4322.5664,42.82130000000052,65.24773,68.2477,-2.9999699999999905,23.959797,24.278471,-0.31867400000000146,278.41086,277.78192,0.62894
2024-04-10 03:00:00,4365.3877,4226.392,138.9957000000004,65.27784,67.24028,-1.9624400000000009,24.076464,24.215336,-0.13887199999999922,278.4361,277.51688,0.9192199999999957
2024-04-10 04:00:00,5820.5166,5866.8413,-46.32470000000012,72.747086,74.02328,-1.2761940000000038,24.492682,24.394766,0.0979159999999979,279.06848,278.37787,0.6906100000000492
2024-04-10 05:00:00,9312.826,9724.186,-411.3600000000006,90.72606,91.68994,-0.9638800000000032,25.026016,25.06828,-0.042264000000002966,280.34888,280.33566,0.013219999999989795
2024-04-10 06:00:00,14842.318,14836.43,5.8879999999990105,119.201225,119.13081,0.07041499999999701,26.026016,26.051718,-0.025702000000002556,282.1441,282.74454,-0.6004399999999919
2024-04-10 07:00:00,18625.654,18769.12,-143.46600000000035,138.589,142.15703,-3.568029999999993,27.19313,27.10868,0.08445000000000036,284.65662,284.6851,-0.028480000000001837
2024-04-10 08:00:00,20080.783,19863.209,217.57400000000052,146.00893,144.91818,1.0907499999999857,28.300224,28.365305,-0.06508099999999928,287.71768,288.2683,-0.5506200000000376
2024-04-10 09:00:00,16297.447,15904.99,392.45700000000033,126.40808,129.41776,-3.009679999999989,29.20124,29.501165,-0.2999250000000018,293.13873,294.14844,-1.0097099999999841
2024-04-10 10:00:00,13678.215,13451.243,226.97199999999975,112.88793,114.16017,-1.2722399999999965,30.034124,30.297762,-0.26363800000000026,298.27887,299.6404,-1.3615300000000161
2024-04-10 11:00:00,12514.11,12269.994,244.11599999999999,106.97111,106.55498,0.41612999999999545,30.450792,30.822964,-0.37217199999999906,302.77414,303.7844,-1.0102600000000166
2024-04-10 12:00:00,11932.06,11867.524,64.53600000000006,104.13928,104.11594,0.02334000000000458,30.466667,31.001684,-0.5350169999999999,306.42667,306.69965,-0.2729800000000182
2024-04-10 13:00:00,12223.085,11999.121,223.96399999999994,105.88983,104.83612,1.0537100000000095,30.178942,30.962025,-0.7830830000000013,308.65512,308.92883,-0.2737099999999941
2024-04-10 14:00:00,13096.162,12845.971,250.1910000000007,110.67258,109.8587,0.8138799999999975,29.828943,30.64066,-0.8117170000000016,309.2715,309.91788,-0.6463800000000219
2024-04-10 15:00:00,14842.318,14550.977,291.34099999999853,119.98649,119.85636,0.1301300000000083,29.428495,30.03478,-0.6062849999999997,308.384,309.09775,-0.7137500000000045
2024-04-10 16:00:00,18334.627,18064.756,269.8709999999992,138.33026,137.60944,0.7208200000000033,28.844713,29.30832,-0.46360699999999966,306.00623,306.57233,-0.5661000000000058
2024-04-10 17:00:00,22408.99,22394.096,14.894000000000233,159.72319,158.3925,1.3306899999999757,28.361382,28.560211,-0.19882899999999992,302.2647,302.47556,-0.2108599999999683
2024-04-10 18:00:00,24155.145,24479.164,-324.01900000000023,169.14006,168.94876,0.19130000000001246,27.595163,27.914925,-0.31976200000000077,297.33133,297.73434,-0.40300999999999476
2024-04-10 19:00:00,20662.834,20914.887,-252.05299999999988,151.47252,155.09567,-3.6231500000000096,26.867115,27.174519,-0.3074040000000018,292.07874,292.79437,-0.7156300000000329
2024-04-10 20:00:00,16297.447,16376.433,-78.98600000000079,129.29057,133.46739,-4.176819999999992,26.117115,26.511227,-0.39411200000000335,286.87427,288.62198,-1.7477099999999837
2024-04-10 21:00:00,12805.137,12776.983,28.15400000000045,111.613045,113.49511,-1.8820649999999972,25.6,25.821548,-0.22154799999999852,283.98972,285.01505,-1.0253299999999967
2024-04-10 22:00:00,9312.826,9691.537,-378.71100000000115,93.9542,97.57645,-3.622249999999994,25.238396,25.283878,-0.0454819999999998,281.5991,282.09357,-0.4944699999999784
2024-04-10 23:00:00,7857.6973,7778.4097,79.28759999999966,86.84289,85.26979,1.5730999999999966,24.77173,24.820316,-0.04858599999999669,279.86642,279.6266,0.2398200000000088
2024-04-11 00:00:00,7119.0093,5926.982,1192.0272999999997,94.21731,78.868675,15.348635000000002,24.322073,24.323778,-0.0017050000000011778,278.94302,278.0839,0.8591199999999617
2024-04-11 01:00:00,5824.644,5703.266,121.37800000000061,88.05046,80.345375,7.705084999999997,23.955854,24.080454,-0.12460000000000093,278.3223,278.22095,0.10134999999996808
2024-04-11 02:00:00,4853.8696,5131.225,-277.3554000000004,83.396416,80.13933,3.257086000000001,23.84449,23.903234,-0.058744000000000796,278.01675,277.70566,0.3110899999999788
2024-04-11 03:00:00,4853.8696,5109.1147,-255.2451000000001,83.48551,80.89031,2.5952000000000055,24.027376,23.916775,0.11060099999999906,278.12238,277.8318,0.29058000000003403
2024-04-11 04:00:00,6471.8267,6812.374,-340.5473000000002,91.64228,89.79152,1.850759999999994,24.354752,24.205479,0.14927300000000088,278.8476,279.03052,-0.18292000000002417
2024-04-11 05:00:00,10354.922,11001.051,-646.128999999999,111.11318,111.05541,0.057770000000004984,24.849672,24.929066,-0.07939399999999708,280.22748,281.0665,-0.839020000000005
2024-04-11 06:00:00,16503.158,16578.707,-75.54899999999907,141.88068,139.36826,2.51242000000002,25.849672,25.83639,0.013282000000000238,282.10205,282.8063,-0.7042500000000018
2024-04-11 07:00:00,20709.846,21041.969,-332.1229999999996,162.70679,162.77187,-0.0650799999999947,27.127274,26.817923,0.3093509999999995,284.66653,284.50317,0.1633600000000115
2024-04-11 08:00:00,22327.803,22604.53,-276.72699999999895,170.4774,167.78653,2.6908699999999897,28.338636,28.180237,0.1583989999999993,287.7671,288.4505,-0.6833999999999492
2024-04-11 09:00:00,18121.115,17849.984,271.1310000000012,148.90242,150.27951,-1.3770899999999813,29.23819,29.474928,-0.236737999999999,293.24026,294.54327,-1.3030100000000289
2024-04-11 10:00:00,15208.794,14990.021,218.77299999999923,133.9319,133.70003,0.2318700000000149,29.944145,30.396366,-0.45222100000000154,298.42175,300.48578,-2.0640300000000025
2024-04-11 11:00:00,13914.428,13697.394,217.03399999999965,127.18541,126.19011,0.9953000000000003,30.365892,30.956177,-0.5902850000000015,302.95688,304.9852,-2.028320000000008
2024-04-11 12:00:00,13267.244,13264.603,2.6410000000014406,123.75296,124.16274,-0.4097799999999978,30.382557,31.134676,-0.7521190000000004,306.62808,308.0118,-1.3837199999999825
2024-04-11 13:00:00,13590.836,13443.759,147.07699999999932,125.28249,125.33961,-0.05711999999999762,30.215893,31.087227,-0.8713339999999974,308.86664,310.22714,-1.3605000000000018
2024-04-11 14:00:00,14561.611,14465.817,95.79400000000169,130.08244,131.05139,-0.9689500000000066,29.915892,30.768833,-0.8529410000000013,309.5071,311.02313,-1.5160300000000007
2024-04-11 15:00:00,16503.158,16451.33,51.8279999999977,139.80275,141.94849,-2.1457399999999893,29.466667,30.160011,-0.6933439999999997,308.5593,309.8457,-1.2864000000000146
2024-04-11 16:00:00,20386.254,20562.18,-175.92599999999948,159.35507,161.05573,-1.7006599999999992,28.766668,29.362875,-0.5962069999999997,306.13553,306.83786,-0.7023299999999608
2024-04-11 17:00:00,24916.531,25488.836,-572.3050000000003,182.17522,182.37004,-0.1948199999999929,28.045816,28.490475,-0.44465900000000147,302.25742,302.41824,-0.16082000000000107
2024-04-11 18:00:00,26858.08,27378.455,-520.375,191.95735,192.13354,-0.1761900000000196,27.313932,27.694366,-0.3804339999999975,297.23853,297.424,-0.1854699999999525
2024-04-11 19:00:00,22974.984,23523.148,-548.1640000000007,172.3525,175.08768,-2.735180000000014,26.497265,26.94528,-0.4480150000000016,291.91858,292.05753,-0.1389499999999657
2024-04-11 20:00:00,18121.115,18284.771,-163.65599999999904,147.82828,152.3211,-4.492819999999995,25.963932,26.338339,-0.3744070000000015,286.60092,287.858,-1.2570800000000304
2024-04-11 21:00:00,14238.019,14237.432,0.5869999999995343,128.19756,131.61906,-3.4214999999999804,25.480598,25.77745,-0.2968520000000012,283.68393,284.70734,-1.0234100000000126
2024-04-11 22:00:00,10354.922,10873.616,-518.6939999999995,108.56936,113.96303,-5.39367,24.947266,25.300016,-0.35275000000000034,281.19684,282.20776,-1.0109199999999987
2024-04-11 23:00:00,8736.966,8706.592,30.373999999999796,100.38289,98.735,1.6478900000000039,24.501448,24.766687,-0.2652390000000011,279.44354,279.79907,-0.35552999999998747
2024-04-12 00:00:00,4964.0845,6085.337,-1121.2525000000005,85.62245,89.50825,-3.8858000000000033,24.066668,24.210163,-0.14349500000000148,278.39496,277.8809,0.514060000000029
2024-04-12 01:00:00,4061.524,4263.749,-202.2249999999999,80.78704,79.86959,0.9174500000000023,23.775808,23.893826,-0.11801799999999929,277.5919,277.6513,-0.059399999999982356
2024-04-12 02:00:00,3384.6033,3434.8518,-50.248499999999694,77.11181,75.88292,1.228890000000007,23.562653,23.762207,-0.19955399999999912,277.16977,276.87683,0.29294000000004417
2024-04-12 03:00:00,3384.6033,3252.0015,132.60180000000037,77.00383,74.55859,2.4452399999999983,23.579319,23.795681,-0.2163619999999966,277.1569,276.85165,0.3052500000000009
2024-04-12 04:00:00,4512.804,4351.914,160.89000000000033,82.82945,79.16457,3.6648799999999966,23.87932,24.06059,-0.18127000000000137,277.74005,277.51907,0.2209799999999973
2024-04-12 05:00:00,7220.4873,7360.1997,-139.71240000000034,96.94106,94.23304,2.7080199999999905,24.412653,24.706942,-0.2942890000000027,278.93518,279.30353,-0.3683500000000208
2024-04-12 06:00:00,11507.651,11623.544,-115.89300000000003,119.34941,117.1646,2.184810000000013,25.295986,25.588161,-0.2921750000000003,280.68198,281.57928,-0.8972999999999729
2024-04-12 07:00:00,14440.975,14440.916,0.059000000001105946,134.48006,135.26508,-0.7850200000000029,26.595537,26.487694,0.10784299999999902,283.2241,283.60776,-0.3836599999999635
2024-04-12 08:00:00,15569.176,15460.393,108.78299999999945,140.0115,138.22322,1.7882800000000145,27.892027,27.629078,0.262948999999999,286.40784,286.79773,-0.38988999999997986
2024-04-12 09:00:00,12635.853,12450.194,185.65899999999965,124.03378,124.53065,-0.49687000000000126,28.87536,28.82463,0.050730000000001496,292.03146,292.3305,-0.29903999999999087
2024-04-12 10:00:00,10605.09,10598.812,6.278000000000247,112.87504,112.87829,-0.003250000000008413,29.808693,29.776857,0.031836000000001974,297.54095,298.1008,-0.5598499999999831
2024-04-12 11:00:00,9702.529,9736.629,-34.100000000000364,107.79144,107.483315,0.30812499999998977,30.392027,30.457752,-0.06572500000000048,302.4097,302.83853,-0.42883000000000493
2024-04-12 12:00:00,9251.249,9424.333,-173.08400000000074,105.160965,105.7728,-0.6118349999999992,30.675362,30.7818,-0.1064380000000007,306.333,306.42206,-0.08905999999996084
2024-04-12 13:00:00,9476.89,9544.029,-67.13900000000103,106.16399,106.38928,-0.2252900000000011,30.516666,30.870186,-0.3535199999999996,308.73236,309.0649,-0.3325399999999945
2024-04-12 14:00:00,10153.81,10159.775,-5.9650000000001455,109.64242,109.87629,-0.23386999999999603,30.064053,30.671768,-0.6077149999999989,309.38916,310.3889,-0.9997399999999743
2024-04-12 15:00:00,11507.651,11464.0625,43.58849999999984,116.721436,117.24644,-0.5250040000000098,29.533733,30.150887,-0.6171539999999993,308.3565,309.7842,-1.4277000000000157
2024-04-12 16:00:00,14215.334,14058.071,157.26300000000083,131.00793,130.8367,0.17122999999998,28.759047,29.42154,-0.6624930000000013,305.74207,307.1864,-1.4443299999999795
2024-04-12 17:00:00,17374.299,17145.91,228.3889999999992,147.69856,147.06033,0.638229999999993,28.009047,28.532421,-0.5233740000000004,301.77646,302.5497,-0.773239999999987
2024-04-12 18:00:00,18728.139,18718.607,9.531999999999243,154.8095,156.21904,-1.4095399999999927,27.309044,27.663326,-0.3542820000000013,296.74295,297.01944,-0.27648999999996704
2024-04-12 19:00:00,16020.457,15883.513,136.9439999999995,140.36479,143.0771,-2.712310000000002,26.716845,26.801628,-0.08478300000000161,291.44107,291.28656,0.15451000000001613
2024-04-12 20:00:00,12635.853,12686.761,-50.908000000001266,122.352196,124.48085,-2.1286539999999974,26.169458,26.178356,-0.008898000000002071,286.20297,286.76505,-0.5620799999999804
2024-04-12 21:00:00,9928.169,10032.77,-104.60100000000057,107.97826,108.59876,-0.6204999999999927,25.619905,25.626139,-0.006233999999999185,283.419,282.96387,0.4551299999999969
2024-04-12 22:00:00,7220.4873,7494.7363,-274.2489999999998,93.66242,96.64057,-2.9781499999999994,25.06126,25.13666,-0.07539999999999836,278.79935,279.94315,-1.1437999999999988
2024-04-12 23:00:00,6092.2856,6049.87,42.41560000000027,87.76441,87.962654,-0.19824400000000253,24.64265,24.639616,0.003033999999999537,274.8403,276.96194,-2.1216400000000135
2024-04-13 00:00:00,4381.105,5551.9507,-1170.8457000000008,63.83755,84.86684,-21.029289999999996,24.238964,24.118322,0.12064200000000014,258.03342,263.31628,-5.282860000000028
2024-04-13 01:00:00,3584.5405,3697.915,-113.3744999999999,59.82219,70.43025,-10.608060000000002,24.005182,23.929224,0.07595799999999997,255.19125,255.99316,-0.8019099999999924
2024-04-13 02:00:00,2987.1174,3044.2996,-57.18219999999974,56.77777,64.5848,-7.807030000000005,23.903463,23.807087,0.09637599999999935,252.70226,253.48643,-0.7841700000000174
2024-04-13 03:00:00,2987.1174,2914.7632,72.35420000000022,56.777084,61.541763,-4.764679000000001,23.887243,23.878206,0.009037000000002848,250.5823,252.42712,-1.8448199999999986
2024-04-13 04:00:00,3982.823,3880.0232,102.79979999999978,61.836185,63.103905,-1.267719999999997,24.237244,24.096828,0.14041600000000187,251.19398,251.68748,-0.4934999999999832
2024-04-13 05:00:00,6372.5166,6392.9976,-20.480999999999767,73.995674,74.418755,-0.4230810000000105,24.822521,24.617477,0.20504399999999734,252.27592,251.95491,0.32101000000000113
2024-04-13 06:00:00,10156.198,10168.234,-12.036000000000058,93.27014,95.26183,-1.9916900000000055,25.822073,25.537333,0.2847399999999993,253.75635,253.91672,-0.16037000000000035
2024-04-13 07:00:00,12745.033,12816.139,-71.10599999999977,106.32072,111.81024,-5.489519999999999,26.954958,26.621342,0.3336160000000028,255.97865,256.32635,-0.34770000000000323
2024-04-13 08:00:00,13740.739,13511.159,229.57999999999993,111.189255,112.18837,-0.9991150000000033,28.055407,27.73318,0.32222699999999804,258.75912,259.01056,-0.25144000000000233
2024-04-13 09:00:00,11151.903,10907.447,244.45600000000013,97.58166,100.05658,-2.4749199999999973,29.039188,28.842707,0.19648099999999857,263.93414,264.17294,-0.23879999999996926
2024-04-13 10:00:00,9359.634,9230.16,129.47400000000016,88.10431,89.262436,-1.1581259999999958,29.922522,29.70854,0.21398200000000145,268.96677,269.40906,-0.44229000000001406
2024-04-13 11:00:00,8563.068,8436.0205,127.04749999999876,83.82332,83.94399,-0.12067000000000405,30.505856,30.292461,0.213395000000002,273.51633,273.57913,-0.06280000000003838
2024-04-13 12:00:00,8164.787,8156.1685,8.618500000000495,81.653076,82.01143,-0.3583540000000056,30.805405,30.588726,0.21667899999999918,277.2459,276.9062,0.33969999999999345
2024-04-13 13:00:00,8363.928,8243.096,120.83200000000033,82.634575,82.149055,0.48551999999999396,30.815172,30.699102,0.11607000000000056,279.54385,279.60727,-0.0634200000000078
2024-04-13 14:00:00,8961.352,8730.203,231.14900000000125,85.71669,84.74192,0.9747700000000066,30.398952,30.585579,-0.18662699999999788,280.23917,281.12726,-0.888089999999977
2024-04-13 15:00:00,10156.198,9832.211,323.987000000001,91.92303,90.8077,1.1153300000000002,29.866068,30.15193,-0.2858620000000016,279.3858,280.75626,-1.37045999999998
2024-04-13 16:00:00,12545.893,11954.235,591.6579999999994,104.327896,102.82761,1.5002859999999885,29.126503,29.501987,-0.37548400000000015,277.0861,278.3652,-1.279100000000028
2024-04-13 17:00:00,15333.869,14604.052,729.8170000000009,118.796524,118.71088,0.08564400000000205,28.477104,28.704643,-0.22753900000000016,273.41055,274.3754,-0.9648500000000126
2024-04-13 18:00:00,16528.717,16103.908,424.8090000000011,125.0596,128.33311,-3.2735100000000017,27.893324,27.919596,-0.02627199999999874,268.72128,269.62527,-0.9039900000000216
2024-04-13 19:00:00,14139.021,13866.928,272.09300000000076,112.874275,118.19443,-5.320155,27.126656,27.167147,-0.04049099999999939,263.772,264.47784,-0.7058400000000233
2024-04-13 20:00:00,11151.903,11292.134,-140.23099999999977,97.63093,101.39671,-3.7657799999999924,26.527103,26.50556,0.0215430000000012,258.85294,260.05133,-1.1983900000000176
2024-04-13 21:00:00,8762.21,8698.883,63.326999999999316,85.4677,86.87801,-1.4103100000000097,25.972298,25.934484,0.03781399999999735,256.33066,256.82147,-0.49080999999995356
2024-04-13 22:00:00,6372.5166,6409.109,-36.59240000000045,73.30817,77.113754,-3.805583999999996,25.378527,25.424562,-0.04603500000000338,254.2191,255.05934,-0.8402399999999943
2024-04-13 23:00:00,5376.8105,5243.416,133.39449999999943,68.31598,70.8604,-2.5444200000000023,24.978079,24.880772,0.0973070000000007,252.70284,254.06554,-1.3626999999999896
2024-04-14 00:00:00,5067.53,5492.7563,-425.22630000000026,65.770744,73.02058,-7.249836000000002,24.549776,24.636112,-0.0863359999999993,251.8038,253.07938,-1.2755799999999908
2024-04-14 01:00:00,4146.1606,4132.1084,14.052200000000084,61.223263,66.11291,-4.8896469999999965,24.160885,24.499073,-0.3381879999999988,251.15343,253.09187,-1.9384400000000142
2024-04-14 02:00:00,3455.1338,3457.605,-2.4711999999999534,57.806473,62.66834,-4.861867000000004,23.91126,24.351423,-0.44016300000000186,250.87735,252.81068,-1.9333299999999838
2024-04-14 03:00:00,3455.1338,3351.0986,104.03520000000026,57.856033,61.137505,-3.281472000000001,24.016964,24.318472,-0.30150799999999833,250.99905,252.67545,-1.676400000000001
2024-04-14 04:00:00,4606.845,4567.6025,39.24250000000029,63.716812,65.430016,-1.7132039999999975,24.438963,24.501717,-0.0627539999999982,251.65874,252.4024,-0.7436600000000055
2024-04-14 05:00:00,7370.952,7529.659,-158.70699999999943,77.70752,79.814255,-2.1067350000000005,25.138515,25.106916,0.031599000000003485,252.87338,253.02759,-0.15421000000000618
2024-04-14 06:00:00,11747.454,11626.743,120.71099999999933,99.87066,102.15388,-2.28322,26.188517,26.063547,0.12497000000000114,254.5341,255.23628,-0.7021799999999985
2024-04-14 07:00:00,14741.904,14525.412,216.4920000000002,114.89852,120.184784,-5.2862639999999885,27.40563,27.1112,0.2944299999999984,256.85446,257.43082,-0.5763599999999656
2024-04-14 08:00:00,15893.616,15579.258,314.3580000000002,120.51604,122.22225,-1.7062099999999987,28.50615,28.360432,0.14571800000000223,259.68176,260.27884,-0.5970800000000054
2024-04-14 09:00:00,12899.166,12589.52,309.6459999999988,104.95648,108.51637,-3.559889999999996,29.400448,29.60904,-0.20859199999999944,264.8782,265.86154,-0.9833399999999983
2024-04-14 10:00:00,10826.086,10645.043,181.04299999999967,94.10992,95.956985,-1.8470650000000006,30.233334,30.441395,-0.20806100000000072,269.8406,271.64474,-1.804140000000018
2024-04-14 11:00:00,9904.717,9751.8545,152.8625000000011,89.23875,90.00931,-0.7705600000000032,30.882143,30.959581,-0.07743800000000078,274.22165,275.9476,-1.7259500000000116
2024-04-14 12:00:00,9444.032,9441.578,2.4539999999997235,86.83766,88.12781,-1.290149999999997,30.988516,31.206627,-0.2181110000000004,277.8018,279.0664,-1.264599999999973
2024-04-14 13:00:00,9674.374,9588.3125,86.0614999999998,88.05326,88.91225,-0.8589900000000057,30.805632,31.219568,-0.41393599999999964,280.01337,281.28888,-1.275509999999997
2024-04-14 14:00:00,10365.401,10256.761,108.63999999999942,91.64697,92.855415,-1.2084449999999975,30.43941,30.954712,-0.5153020000000019,280.70798,282.2575,-1.5495199999999727
2024-04-14 15:00:00,11747.454,11515.941,231.512999999999,98.79049,100.890656,-2.1001660000000015,29.972746,30.37469,-0.4019440000000003,279.8159,281.56943,-1.753530000000012
2024-04-14 16:00:00,14511.5625,13964.077,547.4855000000007,113.02824,115.16934,-2.1411000000000087,29.410069,29.615633,-0.20556399999999897,277.49008,279.20322,-1.7131400000000099
2024-04-14 17:00:00,17736.354,17345.816,390.53800000000047,129.65611,132.972,-3.315889999999996,28.677032,28.800156,-0.12312400000000068,273.80777,275.3228,-1.5150299999999675
2024-04-14 18:00:00,19118.406,18989.426,128.97999999999956,136.87726,141.92036,-5.043099999999981,27.910812,27.996017,-0.08520499999999842,269.04684,270.7935,-1.7466600000000199
2024-04-14 19:00:00,16354.301,16143.118,211.18299999999908,122.89831,130.47108,-7.5727700000000056,27.015474,27.242527,-0.22705299999999795,263.9753,265.88156,-1.9062599999999748
2024-04-14 20:00:00,12899.166,12880.834,18.331999999998516,105.371414,112.07711,-6.705696000000003,26.297842,26.533234,-0.23539200000000093,258.89075,261.37097,-2.4802199999999743
2024-04-14 21:00:00,10135.06,10061.133,73.92699999999968,91.37959,95.11472,-3.7351300000000123,25.674128,25.883423,-0.2092950000000009,256.22076,257.93253,-1.7117700000000013
2024-04-14 22:00:00,7370.952,7470.286,-99.33399999999983,77.467064,82.820915,-5.353851000000006,25.152575,25.307213,-0.15463800000000205,256.143,256.00427,0.13872999999995272
2024-04-14 23:00:00,6219.2407,6046.872,172.3687,71.79119,74.20971,-2.418520000000001,24.752127,24.71967,0.032457000000000846,256.6907,255.38545,1.305250000000001
2024-04-15 00:00:00,4863.116,5585.193,-722.0770000000002,73.25816,72.89219,0.36597000000000435,24.16924,24.616413,-0.44717300000000293,271.49228,267.9832,3.509079999999983
2024-04-15 01:00:00,3978.9133,3923.4731,55.440200000000004,68.88713,67.32615,1.5609800000000007,23.769241,24.235954,-0.4667129999999986,273.09912,274.42703,-1.3279099999999744
2024-04-15 02:00:00,3315.7612,3393.8096,-78.04840000000013,65.59133,65.50337,0.08795999999999538,23.587772,24.015625,-0.42785299999999893,275.11462,275.11966,-0.005040000000008149
2024-04-15 03:00:00,3315.7612,3366.858,-51.09680000000026,65.64926,65.240425,0.4088349999999963,23.770657,23.987576,-0.21691900000000075,277.50995,275.98535,1.5246000000000208
2024-04-15 04:00:00,4421.0146,4435.225,-14.210399999999936,71.285515,70.19414,1.0913749999999993,24.273752,24.286404,-0.01265199999999922,278.2294,277.38333,0.8460699999999974
2024-04-15 05:00:00,7073.6235,7360.2393,-286.6158000000005,84.90301,85.34165,-0.4386400000000066,24.82748,25.096176,-0.2686959999999985,279.57272,279.6048,-0.03208000000000766
2024-04-15 06:00:00,11273.587,11440.974,-167.38700000000063,106.47558,107.26548,-0.7899000000000029,25.82021,26.117151,-0.29694100000000034,281.39923,282.50467,-1.1054399999999873
2024-04-15 07:00:00,14147.247,14164.796,-17.549000000000888,121.074715,124.79579,-3.721074999999999,27.053543,27.11151,-0.05796699999999788,283.95596,284.67316,-0.7171999999999912
2024-04-15 08:00:00,15252.502,15160.946,91.5560000000005,126.533676,126.311264,0.2224120000000056,28.185013,28.288866,-0.10385299999999731,287.07602,287.98322,-0.9071999999999889
2024-04-15 09:00:00,12378.841,12185.706,193.13500000000022,111.38106,112.98116,-1.6000999999999976,29.134565,29.398373,-0.26380800000000093,292.6107,293.55344,-0.9427400000000148
2024-04-15 10:00:00,10389.385,10423.504,-34.1190000000006,100.86245,101.451775,-0.5893250000000023,30.035814,30.244232,-0.20841800000000177,297.9269,299.09332,-1.1664200000000164
2024-04-15 11:00:00,9505.182,9560.992,-55.80999999999949,96.18833,96.001305,0.18702499999999134,30.56706,30.82813,-0.26107000000000014,302.60443,303.52692,-0.9224900000000389
2024-04-15 12:00:00,9063.08,9212.955,-149.875,93.91884,94.05806,-0.13921999999999457,30.683725,31.07325,-0.38952500000000256,306.42874,306.8368,-0.40805999999997766
2024-04-15 13:00:00,9284.131,9297.64,-13.509000000000015,95.20463,94.43034,0.7742899999999935,30.45039,31.045639,-0.5952490000000026,308.78586,309.24677,-0.4609100000000126
2024-04-15 14:00:00,9947.283,9907.438,39.844999999999345,98.864,97.75433,1.1096700000000084,30.10039,30.726734,-0.6263439999999996,309.46793,310.38733,-0.919399999999996
2024-04-15 15:00:00,11273.587,11138.847,134.73999999999978,106.01236,104.870926,1.1414340000000038,29.708221,30.161402,-0.45318099999999717,308.49146,309.82434,-1.3328799999999887
2024-04-15 16:00:00,13926.197,13536.923,389.27399999999943,120.11741,117.87616,2.241250000000008,29.085867,29.49027,-0.4044029999999985,305.9861,307.63165,-1.6455499999999574
2024-04-15 17:00:00,17020.908,16731.393,289.5149999999994,136.58359,135.53053,1.053059999999988,28.355518,28.73491,-0.3793919999999993,302.1235,303.61008,-1.4865800000000036
2024-04-15 18:00:00,18347.213,18237.512,109.70100000000093,143.91112,145.19392,-1.2827999999999804,27.614132,27.943325,-0.32919300000000007,297.1779,298.48895,-1.311049999999966
2024-04-15 19:00:00,15694.603,15423.966,270.6369999999988,130.60669,132.9178,-2.3111100000000135,26.914131,27.165071,-0.25093999999999994,291.95334,293.2494,-1.2960599999999545
2024-04-15 20:00:00,12378.841,12478.139,-99.29799999999886,113.83908,115.462,-1.6229200000000077,26.394257,26.51904,-0.12478300000000075,286.72565,288.64716,-1.921510000000012
2024-04-15 21:00:00,9726.232,9754.825,-28.593000000000757,100.51139,99.73375,0.7776400000000052,25.918867,25.943176,-0.024309000000002357,283.87796,284.6667,-0.7887400000000184
2024-04-15 22:00:00,7073.6235,7252.6475,-179.02400000000034,87.184784,88.36282,-1.1780360000000059,25.31622,25.445972,-0.12975199999999987,281.54883,281.72806,-0.1792300000000182
2024-04-15 23:00:00,5968.37,5840.824,127.54600000000028,81.85961,80.57679,1.282820000000001,24.716667,24.905518,-0.18885099999999966,279.85474,279.4544,0.4003399999999715
2024-04-16 00:00:00,7700.5684,5418.5786,2281.9898000000003,84.4454,77.562096,6.88330400000001,24.241386,24.3891,-0.14771400000000057,278.8395,278.7389,0.10059999999998581
2024-04-16 01:00:00,6300.465,5596.904,703.5609999999997,77.68292,76.85699,0.8259299999999996,23.891386,24.137808,-0.24642199999999903,278.09747,278.1363,-0.03883000000001857
2024-04-16 02:00:00,5250.3877,5071.1143,179.27340000000004,72.63102,73.737854,-1.106833999999992,23.724272,23.910357,-0.18608500000000205,277.74173,277.25235,0.48938000000003967
2024-04-16 03:00:00,5250.3877,4917.593,332.7947000000004,72.83403,71.99821,0.8358199999999982,23.916443,23.86693,0.04951300000000103,277.8881,276.96823,0.9198700000000031
2024-04-16 04:00:00,7000.517,6595.7114,404.8055999999997,81.912186,79.84204,2.0701460000000083,24.216442,24.05396,0.16248200000000068,278.65698,277.89178,0.765199999999993
2024-04-16 05:00:00,11200.826,11734.077,-533.2510000000002,103.36984,106.17979,-2.8099500000000006,24.813011,24.71782,0.0951909999999998,280.07645,280.7034,-0.6269499999999653
2024-04-16 06:00:00,17851.318,17726.434,124.8839999999982,137.2195,137.01791,0.20159000000001015,25.863012,25.661224,0.20178800000000052,282.00806,282.7284,-0.7203400000000215
2024-04-16 07:00:00,22401.654,22826.695,-425.0410000000011,160.27177,162.50415,-2.2323800000000062,27.111486,26.700102,0.4113839999999982,284.69464,284.40686,0.2877799999999979
2024-04-16 08:00:00,24151.783,24471.102,-319.3189999999995,169.04536,168.10216,0.9431999999999903,28.294369,28.022984,0.27138499999999866,287.98938,288.0218,-0.03242000000000189
2024-04-16 09:00:00,19601.447,19423.316,178.13100000000122,145.78772,149.33765,-3.549929999999989,29.394371,29.302214,0.09215700000000027,293.66663,294.13293,-0.4662999999999897
2024-04-16 10:00:00,16451.215,16206.688,244.52700000000004,129.63179,130.36752,-0.735730000000018,30.309734,30.261257,0.04847699999999833,299.04327,300.26028,-1.2170100000000161
2024-04-16 11:00:00,15051.111,14821.713,229.39800000000105,122.41883,121.6321,0.7867300000000057,30.893066,30.870995,0.022071000000000396,303.80533,304.82214,-1.016809999999964
2024-04-16 12:00:00,14351.059,14396.817,-45.75799999999981,118.798325,119.21427,-0.41594499999999357,30.96969,31.104422,-0.13473199999999963,307.7968,307.8206,-0.02379999999999427
2024-04-16 13:00:00,14701.086,14555.561,145.52499999999964,120.57988,120.13803,0.4418500000000023,30.888966,31.125465,-0.23649899999999846,310.25333,310.09482,0.1585099999999784
2024-04-16 14:00:00,15751.163,15649.359,101.80400000000009,125.921974,126.06099,-0.13901599999999803,30.821852,30.895065,-0.07321299999999908,311.0609,311.0152,0.04570000000001073
2024-04-16 15:00:00,17851.318,17768.21,83.10800000000017,136.63953,137.61024,-0.9707099999999969,30.288515,30.40968,-0.1211650000000013,310.22363,310.03137,0.19226000000003296
2024-04-16 16:00:00,22051.627,22218.193,-166.5659999999989,158.08769,158.28592,-0.19822999999999524,29.622297,29.666481,-0.04418400000000133,307.89792,307.15695,0.7409700000000043
2024-04-16 17:00:00,26951.99,27252.543,-300.5529999999999,183.11778,181.9022,1.215580000000017,28.877071,28.856497,0.02057399999999987,304.14447,302.8008,1.3436700000000315
2024-04-16 18:00:00,27501.629,28756.895,-1255.2659999999996,193.91847,191.55032,2.368150000000014,28.160854,28.074642,0.08621199999999973,299.1197,297.69653,1.4231700000000274
2024-04-16 19:00:00,24851.834,24913.5,-61.66600000000108,172.69267,173.48418,-0.7915100000000166,27.509775,27.363394,0.14638100000000165,293.7893,292.6003,1.1890000000000214
2024-04-16 20:00:00,19601.447,19958.19,-356.7429999999986,146.13072,151.23962,-5.1089000000000055,26.875994,26.89573,-0.019736000000001752,288.43332,289.06757,-0.6342500000000086
2024-04-16 21:00:00,15401.137,15422.192,-21.054999999998472,124.95986,130.01382,-5.053960000000004,26.29266,26.329706,-0.037046000000000134,285.4809,286.28122,-0.8003199999999993
2024-04-16 22:00:00,11200.826,11881.536,-680.710000000001,103.80432,111.861946,-8.057625999999999,25.743107,25.811884,-0.06877700000000075,282.9239,284.02795,-1.1040499999999724
2024-04-16 23:00:00,9450.697,9458.929,-8.231999999999971,95.12528,94.78436,0.340919999999997,25.310223,25.238245,0.07197800000000143,281.00748,281.681,-0.6735199999999963
2024-04-17 00:00:00,5169.6143,6310.838,-1141.2236999999996,77.352554,84.31982,-6.967266000000009,24.827337,24.636919,0.1904180000000011,279.84143,279.7306,0.1108300000000213
2024-04-17 01:00:00,4229.6846,4376.329,-146.64440000000013,72.67448,72.8141,-0.13961999999999364,24.444187,24.327751,0.1164360000000002,278.97305,279.36163,-0.3885799999999904
2024-04-17 02:00:00,3524.7368,3480.5283,44.208500000000186,69.17438,68.03418,1.140199999999993,24.23252,24.175142,0.05737799999999993,278.47446,278.4787,-0.004239999999981592
2024-04-17 03:00:00,3524.7368,3301.4946,223.24220000000014,69.27743,66.92903,2.348399999999998,24.293596,24.270977,0.022619000000002387,278.3796,278.42685,-0.047250000000019554
2024-04-17 04:00:00,4699.649,4460.34,239.3090000000002,75.39345,72.18574,3.207710000000006,24.527378,24.633493,-0.10611500000000262,278.97824,279.0984,-0.12015999999999849
2024-04-17 05:00:00,7519.439,7638.1973,-118.75829999999951,89.918076,88.05861,1.8594659999999976,25.044493,25.374687,-0.3301940000000023,280.26022,280.91324,-0.6530199999999695
2024-04-17 06:00:00,11984.106,12100.445,-116.33899999999994,112.86128,111.92559,0.9356899999999939,26.105673,26.322681,-0.21700799999999987,282.05093,283.1835,-1.132569999999987
2024-04-17 07:00:00,15038.879,15151.252,-112.37299999999959,128.2767,131.42758,-3.150880000000001,27.50496,27.33027,0.1746900000000018,284.56314,285.26624,-0.7031000000000063
2024-04-17 08:00:00,16213.792,16275.52,-61.728000000000975,133.92249,134.41922,-0.49672999999998524,28.671625,28.591679,0.07994599999999963,287.6554,288.53052,-0.8751200000000381
2024-04-17 09:00:00,13159.019,12973.587,185.4320000000007,117.5555,119.50763,-1.952130000000011,29.48874,29.775982,-0.2872419999999991,293.12146,294.1083,-0.9868399999999724
2024-04-17 10:00:00,11044.176,11037.23,6.945999999999913,106.11664,107.0735,-0.9568599999999918,30.18919,30.6312,-0.4420099999999998,298.34186,299.68167,-1.33981
2024-04-17 11:00:00,10104.246,10160.858,-56.61200000000099,100.834465,101.224625,-0.3901600000000087,30.589636,31.165398,-0.575762000000001,302.89813,304.1111,-1.2129700000000412
2024-04-17 12:00:00,9634.281,9837.043,-202.7619999999988,98.02954,99.18269,-1.1531499999999966,30.722523,31.339584,-0.6170609999999996,306.58823,307.39725,-0.8090199999999754
2024-04-17 13:00:00,9869.264,9954.883,-85.6190000000006,98.961205,99.54768,-0.586474999999993,30.589718,31.281242,-0.6915239999999976,308.82956,309.78232,-0.952760000000012
2024-04-17 14:00:00,10574.211,10591.877,-17.666000000001077,102.39139,102.93344,-0.5420500000000033,30.239717,30.976624,-0.7369070000000022,309.41812,310.8869,-1.468780000000038
2024-04-17 15:00:00,11984.106,11898.227,85.878999999999,109.53229,110.22923,-0.6969399999999979,29.74486,30.392738,-0.6478780000000022,308.4527,310.16037,-1.7076700000000073
2024-04-17 16:00:00,14803.896,14523.3955,280.5005000000001,124.033165,124.07244,-0.0392750000000035,28.978642,29.648878,-0.6702359999999992,305.98502,307.56522,-1.5801999999999907
2024-04-17 17:00:00,18093.65,17760.783,332.867000000002,141.00227,141.16977,-0.16749999999998977,28.389187,28.795904,-0.40671700000000044,302.11426,303.12598,-1.0117200000000253
2024-04-17 18:00:00,19503.545,19435.656,67.88899999999921,148.1983,151.24284,-3.044540000000012,27.726542,28.044037,-0.31749500000000097,297.0727,297.9217,-0.8489999999999895
2024-04-17 19:00:00,16683.756,16574.332,109.4240000000027,133.39908,138.50769,-5.108609999999999,27.008715,27.282534,-0.2738189999999996,291.7022,292.65652,-0.9543199999999956
2024-04-17 20:00:00,13159.019,13150.939,8.079999999999927,114.94211,118.974,-4.031890000000004,26.265507,26.605032,-0.33952500000000185,286.42407,288.31146,-1.887390000000039
2024-04-17 21:00:00,10339.229,10505.878,-166.64900000000125,100.17646,102.43189,-2.25542999999999,25.577929,25.959763,-0.3818339999999978,283.51215,284.54028,-1.028129999999976
2024-04-17 22:00:00,7519.439,7839.2217,-319.78269999999975,85.418686,89.73987,-4.321184000000002,25.095041,25.389452,-0.2944110000000002,281.14276,281.5746,-0.4318399999999656
2024-04-17 23:00:00,6344.5264,6233.473,111.05339999999978,79.21133,80.53213,-1.3207999999999913,24.604694,24.877357,-0.27266300000000143,279.46475,279.1898,0.2749499999999898
2024-04-18 00:00:00,6978.526,5541.375,1437.1509999999998,86.84022,76.70548,10.134740000000008,24.320463,24.397787,-0.07732400000000084,278.574,277.93793,0.6360700000000179
2024-04-18 01:00:00,5709.703,5426.4937,283.20930000000044,80.25278,77.23284,3.0199400000000054,24.086683,24.219063,-0.13237999999999772,278.02435,278.14062,-0.11626999999998588
2024-04-18 02:00:00,4758.086,4848.932,-90.84599999999955,75.31155,75.30633,0.005219999999994229,23.963226,24.106571,-0.14334500000000006,277.8414,277.6477,0.1937000000000353
2024-04-18 03:00:00,4758.086,4696.589,61.4970000000003,75.230415,74.4355,0.7949149999999889,24.113672,24.133112,-0.019439999999999458,278.14395,277.69785,0.4461000000000013
2024-04-18 04:00:00,6344.1143,6605.808,-261.6936999999998,83.287445,83.84706,-0.5596149999999938,24.497454,24.34378,0.1536740000000023,279.0288,279.1103,-0.08150000000000546
2024-04-18 05:00:00,10150.583,10786.895,-636.3119999999999,102.696884,103.72404,-1.027156000000005,25.197008,25.03916,0.15784800000000132,280.50485,281.4069,-0.9020500000000311
2024-04-18 06:00:00,16177.492,16213.699,-36.207000000000335,133.4854,131.89491,1.5904899999999884,26.322296,26.060736,0.2615600000000029,282.47324,283.6799,-1.2066599999999994
2024-04-18 07:00:00,20301.166,20569.072,-267.90599999999904,154.45059,155.5238,-1.073209999999989,27.55724,27.174088,0.38315199999999905,285.15982,285.5271,-0.36727999999999383
2024-04-18 08:00:00,21887.195,21906.969,-19.77400000000125,162.39478,159.58795,2.806829999999991,28.748259,28.553135,0.19512399999999985,288.45413,289.40634,-0.9522099999999796
2024-04-18 09:00:00,17763.521,17444.586,318.9350000000013,141.03954,142.64061,-1.6010700000000213,29.702057,29.81955,-0.11749299999999963,294.14896,295.50372,-1.3547599999999989
2024-04-18 10:00:00,14908.67,14662.059,246.6110000000008,126.240845,126.247665,-0.006820000000004711,30.66689,30.716776,-0.04988600000000076,299.56384,301.27487,-1.7110299999999938
2024-04-18 11:00:00,13639.847,13391.742,248.10499999999956,119.63779,118.552124,1.0856659999999891,31.366444,31.320778,0.04566600000000065,304.30356,305.7295,-1.4259399999999687
2024-04-18 12:00:00,13005.435,12972.651,32.78399999999965,116.3693,116.36271,0.0065899999999885495,31.533108,31.595413,-0.06230500000000205,308.10788,308.88538,-0.777499999999975
2024-04-18 13:00:00,13322.64,13144.96,177.6800000000003,118.11994,117.29348,0.8264599999999973,31.235617,31.651833,-0.4162159999999986,310.43964,311.34882,-0.9091799999999921
2024-04-18 14:00:00,14274.259,14137.389,136.8700000000008,123.14762,122.774475,0.37314500000000805,30.71126,31.385109,-0.6738490000000006,311.0862,312.43,-1.3437999999999874
2024-04-18 15:00:00,16177.492,16060.18,117.3119999999999,133.05826,133.6483,-0.5900400000000161,30.194593,30.79962,-0.6050269999999998,310.09558,311.5701,-1.474520000000041
2024-04-18 16:00:00,19983.96,19967.504,16.455999999998312,152.7459,152.79109,-0.04518999999999096,29.508533,30.048206,-0.5396730000000005,307.62585,308.77,-1.1441499999999678
2024-04-18 17:00:00,24424.842,24799.959,-375.11699999999837,175.67256,174.02641,1.6461500000000058,28.924751,29.199532,-0.27478100000000083,303.77893,304.1999,-0.42097000000001117
2024-04-18 18:00:00,26328.074,26640.125,-312.0509999999995,185.61264,182.62016,2.9924800000000005,28.324753,28.46039,-0.13563699999999912,298.87222,299.0324,-0.16017999999996846
2024-04-18 19:00:00,22521.607,22937.154,-415.54699999999866,166.24559,166.48914,-0.24354999999999905,27.591867,27.798635,-0.20676800000000028,293.6561,293.95148,-0.29538000000002285
2024-04-18 20:00:00,17763.521,17879.393,-115.87199999999939,142.00737,144.2966,-2.2892300000000034,27.05045,27.28539,-0.23493999999999815,288.44455,289.9654,-1.5208499999999958
2024-04-18 21:00:00,13957.052,13878.37,78.68199999999888,122.673584,124.46228,-1.7886960000000016,26.467115,26.755129,-0.28801400000000044,285.6168,286.87228,-1.2554799999999773
2024-04-18 22:00:00,10150.583,10634.362,-483.77899999999863,103.31137,107.98723,-4.67586,25.95,26.229065,-0.27906499999999923,283.18573,284.43692,-1.2511900000000082
2024-04-18 23:00:00,8564.555,8553.741,10.814000000000306,95.37626,93.908615,1.4676450000000045,25.590746,25.66585,-0.07510399999999962,281.4459,282.13477,-0.6888700000000085
2024-04-19 00:00:00,6529.3926,5964.5396,564.8530000000001,88.9731,85.52778,3.4453199999999953,25.12408,25.098713,0.02536699999999925,280.38135,280.304,0.07735000000002401
2024-04-19 01:00:00,5342.2305,5104.7876,237.4429,83.16096,80.6741,2.486860000000007,24.821127,24.769228,0.05189900000000236,279.62683,280.05756,-0.4307300000000396
2024-04-19 02:00:00,4451.859,4613.3853,-161.52629999999954,78.85973,79.11836,-0.2586299999999966,24.54588,24.577625,-0.0317450000000008,279.29193,279.39026,-0.09833000000003267
2024-04-19 03:00:00,4451.859,4562.6304,-110.77139999999963,79.062454,79.0412,0.021253999999998996,24.662544,24.568407,0.09413699999999992,279.35574,279.23895,0.11679000000003725
2024-04-19 04:00:00,5935.8115,5971.0405,-35.22900000000027,86.78154,85.44524,1.3363000000000085,25.078764,24.883957,0.19480700000000084,279.99847,279.97858,0.019889999999975316
2024-04-19 05:00:00,9497.299,9907.452,-410.1529999999984,105.035385,104.3195,0.7158850000000001,25.62971,25.653484,-0.023773999999999518,281.22733,281.92255,-0.6952200000000062
2024-04-19 06:00:00,15136.32,15190.625,-54.30500000000029,133.81628,131.19482,2.6214600000000132,26.444593,26.586191,-0.14159799999999834,282.97714,283.863,-0.8858599999999797
2024-04-19 07:00:00,18994.6,19164.719,-170.11900000000242,153.43295,153.5388,-0.10585000000000377,27.598442,27.490822,0.10761999999999716,285.43512,285.6339,-0.1987799999999993
2024-04-19 08:00:00,20478.55,20571.7,-93.15000000000146,160.92805,158.12888,2.7991700000000037,28.715109,28.726248,-0.011138999999996457,288.50244,289.28738,-0.784940000000006
2024-04-19 09:00:00,16620.273,16264.756,355.51700000000164,141.18933,141.37146,-0.1821300000000008,29.6,29.869467,-0.2694669999999988,294.02444,295.0839,-1.0594600000000014
2024-04-19 10:00:00,13949.158,13707.498,241.65999999999985,127.490265,126.44122,1.0490449999999925,30.612148,30.6774,-0.06525199999999742,299.43405,300.67755,-1.2434999999999832
2024-04-19 11:00:00,12761.995,12523.428,238.56700000000092,121.44448,119.41888,2.025599999999997,31.31911,31.288681,0.03042899999999804,304.22507,305.221,-0.9959299999999871
2024-04-19 12:00:00,12168.414,12106.823,61.59100000000035,118.503944,117.14536,1.3585840000000076,31.620895,31.592428,0.028466999999999132,308.16672,308.66406,-0.49734000000000833
2024-04-19 13:00:00,12465.204,12266.045,199.15899999999965,120.173775,117.88709,2.2866850000000056,31.421343,31.686726,-0.2653829999999999,310.68814,311.3823,-0.6941600000000108
2024-04-19 14:00:00,13355.576,13162.686,192.88999999999942,124.91661,122.798485,2.1181250000000063,31.071342,31.466059,-0.394717,311.51797,312.70117,-1.1831999999999994
2024-04-19 15:00:00,15136.32,14931.939,204.3809999999994,134.24255,132.9191,1.3234500000000082,30.653118,30.952616,-0.2994979999999998,310.63818,311.99866,-1.3604799999999955
2024-04-19 16:00:00,18697.807,18617.838,79.96900000000096,152.67513,150.81007,1.8650599999999997,30.00674,30.292896,-0.2861559999999983,308.13504,309.37558,-1.24054000000001
2024-04-19 17:00:00,22852.877,23009.65,-156.77300000000105,174.16833,171.14229,3.0260399999999947,29.24326,29.533699,-0.2904389999999992,304.17563,305.07553,-0.8999000000000024
2024-04-19 18:00:00,24633.621,25118.004,-484.38300000000163,183.57841,182.18251,1.3958999999999833,28.392374,28.788319,-0.3959450000000011,299.00717,300.06485,-1.0576800000000048
2024-04-19 19:00:00,21072.133,21369.695,-297.5619999999981,165.73752,167.10303,-1.3655100000000004,27.48808,27.981424,-0.49334400000000045,293.4905,294.50485,-1.014349999999979
2024-04-19 20:00:00,16620.273,16617.635,2.6380000000026484,143.3081,145.04803,-1.7399300000000153,26.688078,27.309227,-0.6211489999999991,287.97665,290.02274,-2.0460899999999924
2024-04-19 21:00:00,13058.785,13090.479,-31.693999999999505,125.35961,125.770226,-0.4106159999999903,26.08874,26.64586,-0.5571199999999976,284.8397,286.4038,-1.5640999999999963
2024-04-19 22:00:00,9497.299,9946.658,-449.35899999999856,107.400185,109.84209,-2.4419050000000055,25.571625,26.052723,-0.48109799999999936,279.799,283.30963,-3.5106300000000488
2024-04-19 23:00:00,8013.3457,7924.8315,88.51419999999962,100.05931,97.31362,2.745689999999996,24.98874,25.440063,-0.4513229999999986,275.50308,279.97906,-4.475979999999993
2024-04-20 00:00:00,3362.8945,5888.81,-2525.9155000000005,56.70844,90.698425,-33.989985,24.42296,24.708288,-0.2853279999999998,258.42844,263.85504,-5.426599999999951
2024-04-20 01:00:00,2751.4595,2929.8374,-178.37789999999995,53.6676,66.54805,-12.880450000000003,24.07296,24.283175,-0.2102150000000016,255.40552,256.9507,-1.5451799999999878
2024-04-20 02:00:00,2292.8828,2108.8086,184.07420000000002,51.372154,57.70118,-6.329025999999999,23.917114,24.05751,-0.14039599999999908,252.69908,254.68085,-1.9817699999999832
2024-04-20 03:00:00,2292.8828,2051.8923,240.99049999999988,51.386395,54.368275,-2.9818799999999968,23.983334,24.095669,-0.11233500000000163,250.38008,253.80913,-3.429050000000018
2024-04-20 04:00:00,3057.1772,2926.6975,130.47969999999987,55.364574,55.593445,-0.22887100000000515,24.238302,24.349247,-0.1109449999999974,250.83461,253.14662,-2.312010000000015
2024-04-20 05:00:00,4891.483,5018.002,-126.51900000000023,64.842964,65.08154,-0.238576000000009,24.727703,24.876207,-0.14850399999999908,251.77924,253.14035,-1.361110000000025
2024-04-20 06:00:00,7795.8013,7855.742,-59.940700000000106,79.862236,81.88243,-2.0201940000000036,25.577713,25.7392,-0.16148700000000105,253.16565,254.12317,-0.9575199999999882
2024-04-20 07:00:00,9782.967,10099.467,-316.5,90.00245,94.11792,-4.115470000000002,26.69438,26.732187,-0.03780700000000081,255.34013,255.75816,-0.4180300000000159
2024-04-20 08:00:00,10547.261,10669.795,-122.53399999999965,93.73982,93.11024,0.62957999999999,27.90562,27.768612,0.13700799999999802,258.1512,257.7981,0.3531000000000404
2024-04-20 09:00:00,8560.096,8441.082,119.01399999999921,83.07681,82.91053,0.16628000000000043,29.088274,28.809116,0.2791579999999989,263.41556,262.7526,0.6629600000000551
2024-04-20 10:00:00,7184.366,7155.144,29.221999999999753,75.65019,75.325905,0.32428499999998905,30.094137,29.662832,0.4313049999999983,268.57532,268.0438,0.5315200000000004
2024-04-20 11:00:00,6572.9307,6598.8467,-25.916000000000167,72.3008,72.04771,0.25309000000000026,30.727468,30.28607,0.4413979999999995,273.2597,272.43274,0.8269599999999855
2024-04-20 12:00:00,6267.213,6389.478,-122.26500000000033,70.64703,70.954926,-0.3078959999999995,30.944584,30.62347,0.3211139999999979,277.1101,275.93124,1.178859999999986
2024-04-20 13:00:00,6420.072,6409.0596,11.012400000000525,71.45043,70.932365,0.5180649999999929,30.934008,30.698565,0.23544300000000007,279.44186,278.5405,0.901360000000011
2024-04-20 14:00:00,6878.649,6707.757,170.89200000000073,73.87066,72.42467,1.4459899999999948,30.57861,30.545227,0.03338300000000061,280.0919,279.83624,0.2556600000000344
2024-04-20 15:00:00,7795.8013,7483.972,311.82930000000033,78.71733,76.38605,2.3312800000000067,30.011728,30.126934,-0.11520599999999703,279.11624,279.29187,-0.1756300000000124
2024-04-20 16:00:00,9630.107,9279.776,350.33100000000013,88.354355,84.84389,3.5104649999999964,29.189198,29.518314,-0.3291159999999991,276.67035,276.92136,-0.25101000000000795
2024-04-20 17:00:00,11770.132,11232.113,538.0190000000002,99.54269,96.29574,3.2469499999999982,28.389198,28.76974,-0.3805419999999984,272.83282,273.3911,-0.5582799999999679
2024-04-20 18:00:00,12687.285,12385.177,302.1080000000002,104.27597,105.35285,-1.0768800000000027,27.672977,27.971798,-0.2988210000000002,268.00955,269.15247,-1.1429200000000037
2024-04-20 19:00:00,10852.979,10878.531,-25.5520000000015,94.57617,97.962425,-3.3862549999999914,26.816893,27.142181,-0.32528800000000047,262.94714,264.24158,-1.2944400000000087
2024-04-20 20:00:00,8560.096,8555.429,4.666999999999462,82.42051,84.03265,-1.6121400000000108,26.321392,26.409729,-0.08833699999999922,257.91327,259.97675,-2.06347999999997
2024-04-20 21:00:00,6725.79,6541.9766,183.8134,72.661606,73.03143,-0.36982399999999416,25.755407,25.8537,-0.09829299999999819,255.2871,256.7895,-1.502399999999966
2024-04-20 22:00:00,4891.483,4863.848,27.63500000000022,62.923912,66.32025,-3.396338,25.022074,25.330135,-0.3080609999999986,253.11272,254.81274,-1.700019999999995
2024-04-20 23:00:00,4127.189,4016.4731,110.71590000000015,58.78101,62.937138,-4.156127999999995,24.455406,24.732876,-0.277470000000001,251.58377,253.45084,-1.8670700000000124
2024-04-21 00:00:00,4972.649,5190.1426,-217.4935999999998,83.54721,68.99497,14.552240000000012,23.9545,24.404964,-0.4504640000000002,250.6685,252.4696,-1.8011000000000195
2024-04-21 01:00:00,4068.5312,4319.831,-251.29980000000023,78.70194,71.34028,7.361659999999986,23.647518,24.154814,-0.5072959999999966,250.04109,251.8981,-1.8570100000000025
2024-04-21 02:00:00,3390.4426,3741.4297,-350.9871000000003,74.93272,69.464134,5.468586000000002,23.534456,23.998869,-0.4644130000000004,249.83939,251.64531,-1.8059199999999862
2024-04-21 03:00:00,3390.4426,3569.354,-178.91139999999996,74.60598,68.696434,5.909546000000006,23.786034,24.00589,-0.21985600000000005,250.03293,251.60875,-1.5758199999999931
2024-04-21 04:00:00,4520.5903,4702.5107,-181.92039999999997,80.06667,74.286125,5.780545000000004,24.259907,24.234676,0.025230999999998005,250.73625,251.60083,-0.8645799999999895
2024-04-21 05:00:00,7232.9443,7773.344,-540.3996999999999,93.63417,90.54986,3.084310000000002,24.80608,24.86873,-0.06264999999999787,251.98637,252.37747,-0.39109999999999445
2024-04-21 06:00:00,11527.506,11700.16,-172.65400000000045,115.28303,114.419624,0.8634059999999977,25.75788,25.804623,-0.04674299999999931,253.6951,254.45677,-0.7616700000000094
2024-04-21 07:00:00,14465.891,14617.122,-151.23099999999977,129.79381,132.83823,-3.0444200000000023,27.057432,26.848022,0.20940999999999832,256.04163,256.18152,-0.13988999999997986
2024-04-21 08:00:00,15596.037,15534.097,61.94000000000051,134.9711,134.56772,0.4033799999999985,28.336264,28.157944,0.17831999999999937,258.88098,258.88947,-0.00848999999999478
2024-04-21 09:00:00,12657.653,12721.047,-63.39400000000023,119.1805,121.91849,-2.7379900000000106,29.30338,29.472916,-0.1695360000000008,264.14542,264.50058,-0.35516000000001213
2024-04-21 10:00:00,10623.388,10853.9795,-230.59149999999863,108.06519,109.39171,-1.3265200000000021,30.146173,30.3993,-0.2531269999999992,269.24466,270.4197,-1.1750399999999672
2024-04-21 11:00:00,9719.27,9932.259,-212.98899999999958,102.89132,103.10948,-0.21816000000001168,30.813286,30.995348,-0.1820619999999984,273.82535,274.95493,-1.1295799999999758
2024-04-21 12:00:00,9267.21,9589.094,-321.884,100.20493,101.23319,-1.0282599999999888,31.02815,31.290813,-0.26266299999999987,277.57892,278.2317,-0.652780000000007
2024-04-21 13:00:00,9493.24,9697.582,-204.34200000000055,101.15339,101.8999,-0.7465100000000007,31.103159,31.341932,-0.23877299999999835,279.92145,280.5594,-0.6379499999999894
2024-04-21 14:00:00,10171.328,10341.464,-170.13600000000042,104.57014,105.698296,-1.1281560000000042,30.819378,31.143864,-0.3244860000000003,280.71,281.54385,-0.8338500000000408
2024-04-21 15:00:00,11527.506,11557.567,-30.060999999999694,111.618095,113.042366,-1.4242710000000045,30.28402,30.626553,-0.34253299999999953,279.91382,280.86505,-0.9512300000000096
2024-04-21 16:00:00,14239.86,13905.598,334.2620000000006,125.80754,126.19342,-0.3858800000000002,29.592121,29.900854,-0.30873300000000015,277.69864,278.52106,-0.8224199999999655
2024-04-21 17:00:00,17404.273,17215.025,189.2479999999996,142.38364,142.71889,-0.3352499999999736,28.875904,29.04764,-0.17173600000000278,274.08252,274.6119,-0.5293800000000033
2024-04-21 18:00:00,18760.451,18953.408,-192.95699999999852,149.60854,150.99449,-1.3859500000000082,28.256538,28.227737,0.028800999999997856,269.36954,270.11664,-0.7471000000000458
2024-04-21 19:00:00,16048.097,16219.644,-171.54700000000048,135.79305,139.7904,-3.9973500000000115,27.480639,27.519436,-0.03879699999999886,264.3764,265.3862,-1.0097999999999843
2024-04-21 20:00:00,12657.653,12893.372,-235.71899999999914,118.466576,121.58886,-3.1222839999999934,26.794146,26.921738,-0.12759199999999993,259.38028,261.37817,-1.997889999999984
2024-04-21 21:00:00,9945.299,10077.474,-132.17499999999927,104.63715,105.42109,-0.7839400000000012,26.210814,26.307564,-0.09675000000000011,256.76465,258.30743,-1.5427799999999934
2024-04-21 22:00:00,7232.9443,7522.966,-290.02170000000024,90.918434,93.41636,-2.4979259999999925,25.611261,25.732822,-0.12156099999999981,256.762,256.5193,0.24270000000001346
2024-04-21 23:00:00,6102.797,6079.6245,23.172499999999673,85.378654,84.65141,0.7272439999999989,25.128374,25.118546,0.00982800000000239,257.41635,255.93549,1.4808600000000354
2024-04-22 00:00:00,5207.7085,5596.2363,-388.52779999999984,78.154816,83.01833,-4.863514000000009,24.727928,24.975399,-0.24747100000000088,272.36725,268.78275,3.5844999999999914
2024-04-22 01:00:00,4260.8525,4136.8003,124.05220000000008,73.49001,76.14235,-2.6523399999999953,24.536255,24.745117,-0.20886199999999988,274.00784,275.7508,-1.7429600000000391
2024-04-22 02:00:00,3550.7104,3572.1675,-21.457100000000082,70.043915,72.81726,-2.773345000000006,24.369589,24.625395,-0.25580599999999976,276.02493,276.5313,-0.506370000000004
2024-04-22 03:00:00,3550.7104,3539.3823,11.328099999999722,70.24147,71.55574,-1.3142699999999934,24.35629,24.658176,-0.30188599999999965,278.45892,277.37042,1.0884999999999536
2024-04-22 04:00:00,4734.2803,4672.0703,62.210000000000036,76.42275,75.74211,0.6806399999999968,24.681072,24.937246,-0.2561739999999979,279.19144,278.56683,0.6246100000000183
2024-04-22 05:00:00,7574.849,7755.846,-180.9969999999994,91.11761,91.1588,-0.04119000000000028,25.250225,25.668076,-0.41785099999999886,280.495,280.5949,-0.099899999999991
2024-04-22 06:00:00,12072.415,12148.708,-76.29299999999967,114.318306,114.349625,-0.03131899999999632,26.366444,26.630234,-0.2637900000000002,282.27032,283.21213,-0.9418099999999754
2024-04-22 07:00:00,15149.698,15205.157,-55.45899999999892,130.06589,132.54382,-2.477930000000015,27.649776,27.639584,0.010191999999999979,284.82605,285.26065,-0.434599999999989
2024-04-22 08:00:00,16333.269,16216.565,116.70399999999972,136.02744,133.64362,2.3838200000000143,28.766443,28.889675,-0.12323200000000156,287.99106,288.94092,-0.949860000000001
2024-04-22 09:00:00,13255.984,12984.304,271.6800000000003,119.88258,119.953835,-0.07125499999999363,29.67974,30.00863,-0.32889000000000124,293.56772,294.80508,-1.237359999999967
2024-04-22 10:00:00,11125.559,11089.166,36.39300000000003,108.681114,108.08247,0.5986439999999931,30.547522,30.841572,-0.2940499999999986,298.8929,300.45233,-1.5594300000000203
2024-04-22 11:00:00,10178.703,10191.744,-13.041000000001077,103.6965,102.504,1.1924999999999955,31.099112,31.390917,-0.2918050000000001,303.57236,304.84583,-1.2734699999999748
2024-04-22 12:00:00,9705.274,9842.698,-137.4240000000009,101.2406,100.62266,0.6179400000000044,31.261288,31.608986,-0.3476980000000012,307.38196,308.06958,-0.6876199999999812
2024-04-22 13:00:00,9941.988,9948.586,-6.597999999999956,102.56514,101.22158,1.3435599999999965,31.068285,31.574282,-0.5059970000000007,309.69775,310.391,-0.6932500000000346
2024-04-22 14:00:00,10652.131,10591.946,60.18499999999949,106.40928,104.84619,1.5630899999999883,30.666918,31.263832,-0.5969140000000017,310.32544,311.48984,-1.1644000000000005
2024-04-22 15:00:00,12072.415,11905.929,166.4860000000008,113.988045,112.44017,1.5478750000000048,30.150253,30.671017,-0.5207639999999998,309.32678,310.87186,-1.5450800000000413
2024-04-22 16:00:00,14912.983,14497.16,415.8230000000003,129.01556,126.118126,2.89743399999999,29.442368,29.933586,-0.49121799999999993,306.8302,308.59036,-1.7601599999999848
2024-04-22 17:00:00,18226.98,17879.188,347.7920000000013,146.53372,144.26517,2.2685499999999763,28.808586,29.137918,-0.32933200000000085,302.92468,304.63187,-1.7071899999999687
2024-04-22 18:00:00,19647.264,19584.7,62.56399999999849,154.22423,155.00761,-0.783379999999994,28.19551,28.402882,-0.207372000000003,297.90213,299.76904,-1.8669100000000185
2024-04-22 19:00:00,16806.697,16678.242,128.45500000000175,139.83408,142.8949,-3.0608200000000068,27.398634,27.693178,-0.29454399999999836,292.59256,294.69638,-2.1038199999999847
2024-04-22 20:00:00,13255.984,13373.63,-117.64599999999882,121.76033,124.74339,-2.983060000000009,26.731499,27.047146,-0.315647000000002,287.30328,290.2171,-2.913820000000044
2024-04-22 21:00:00,10415.417,10561.197,-145.78000000000065,107.36509,108.068344,-0.7032540000000012,26.119545,26.412563,-0.293018,284.38144,286.17822,-1.7967800000000125
2024-04-22 22:00:00,7574.849,7877.0576,-302.20859999999993,92.92856,95.17298,-2.244419999999991,25.519993,25.824114,-0.3041210000000021,281.89178,282.86874,-0.9769600000000196
2024-04-22 23:00:00,6391.279,6284.5005,106.77850000000035,87.05469,85.75953,1.2951599999999956,25.002878,25.231169,-0.22829100000000224,280.07797,280.27982,-0.201849999999979
2024-04-23 00:00:00,5531.4775,5552.47,-20.99250000000029,76.77968,81.58146,-4.801780000000008,24.540699,24.732311,-0.19161199999999923,278.9617,279.46338,-0.5016799999999648
2024-04-23 01:00:00,4525.7544,4364.779,160.97539999999935,71.89174,74.12049,-2.228750000000005,24.17448,24.519138,-0.3446580000000026,278.13657,278.95273,-0.816159999999968
2024-04-23 02:00:00,3771.462,3736.6873,34.77469999999994,68.23609,70.44293,-2.2068399999999997,23.892511,24.292143,-0.39963200000000043,277.70953,278.13687,-0.42734000000001515
2024-04-23 03:00:00,3771.462,3684.6821,86.7799,68.3703,68.997894,-0.627594000000002,23.9878,24.18861,-0.2008100000000006,277.81793,277.79385,0.02407999999996946
2024-04-23 04:00:00,5028.616,4946.1914,82.42460000000028,74.897095,73.37551,1.5215849999999875,24.333334,24.387096,-0.05376199999999898,278.5583,278.10693,0.45136999999999716
2024-04-23 05:00:00,8045.7856,8365.045,-319.2593999999999,90.33858,89.67649,0.6620899999999921,25.149551,25.070932,0.07861899999999977,279.91345,280.03397,-0.12051999999999907
2024-04-23 06:00:00,12822.971,12784.316,38.654999999998836,114.72271,113.74118,0.9815300000000065,26.199553,26.110851,0.08870200000000139,281.81613,282.83154,-1.0154100000000312
2024-04-23 07:00:00,16091.573,16073.827,17.746000000001004,131.22711,134.1848,-2.9576899999999853,27.416668,27.166153,0.25051500000000004,284.52515,285.0775,-0.5523499999999899
2024-04-23 08:00:00,17348.727,17259.857,88.86999999999898,137.35214,137.58876,-0.23662000000001626,28.617115,28.40549,0.21162499999999795,287.87823,288.41266,-0.534430000000043
2024-04-23 09:00:00,14080.126,13857.309,222.81700000000092,120.22928,122.60642,-2.377139999999997,29.706057,29.656868,0.049189000000001926,293.59204,294.30164,-0.7096000000000231
2024-04-23 10:00:00,11817.248,11663.299,153.9489999999987,108.195755,108.60604,-0.4102849999999876,30.705608,30.604343,0.10126500000000149,299.07172,300.1618,-1.0900800000000004
2024-04-23 11:00:00,10811.525,10695.627,115.89799999999923,102.60591,102.139595,0.4663149999999945,31.388294,31.247993,0.14030099999999734,303.93182,304.7583,-0.8264800000000037
2024-04-23 12:00:00,10308.663,10359.0205,-50.35750000000007,99.675385,99.95573,-0.28034499999999696,31.560793,31.562294,-0.0015010000000010848,307.921,308.22195,-0.3009500000000003
2024-04-23 13:00:00,10560.095,10469.081,91.01399999999921,100.73446,100.225464,0.5089959999999962,31.377907,31.601795,-0.22388799999999875,310.29742,310.7793,-0.48187999999998965
2024-04-23 14:00:00,11314.386,11156.866,157.52000000000044,104.40343,103.89969,0.5037399999999934,31.044596,31.343758,-0.2991620000000026,310.9712,311.91403,-0.9428300000000149
2024-04-23 15:00:00,12822.971,12568.41,254.5609999999997,111.95992,112.048965,-0.08904499999999871,30.372318,30.819408,-0.4470899999999993,309.95145,311.15637,-1.2049199999999587
2024-04-23 16:00:00,15840.143,15385.163,454.97999999999956,127.268684,127.25057,0.018113999999997077,29.738537,30.089111,-0.35057399999999816,307.3846,308.57742,-1.1928200000000402
2024-04-23 17:00:00,19360.172,19055.291,304.8809999999976,145.19783,146.3753,-1.1774699999999996,29.022274,29.31005,-0.2877760000000009,303.41803,304.23306,-0.8150300000000357
2024-04-23 18:00:00,20868.758,20811.77,56.98800000000119,152.84488,156.06757,-3.22269,28.256056,28.565456,-0.3094000000000001,298.29147,299.1302,-0.8387299999999982
2024-04-23 19:00:00,17851.59,17680.053,171.53700000000026,137.28226,142.38268,-5.1004199999999855,27.511261,27.761425,-0.25016399999999805,292.93994,293.83148,-0.8915400000000204
2024-04-23 20:00:00,14080.126,14082.631,-2.5049999999991996,117.845955,122.59157,-4.745615000000001,26.8288,27.087797,-0.25899699999999726,287.62347,289.44604,-1.8225699999999847
2024-04-23 21:00:00,11062.955,11194.927,-131.97199999999975,102.30859,105.0117,-2.7031100000000094,26.245468,26.42108,-0.175612000000001,284.73608,285.6365,-0.9004199999999969
2024-04-23 22:00:00,8045.7856,8364.487,-318.701399999999,86.77457,91.40742,-4.632850000000005,25.778353,25.83916,-0.0608070000000005,282.29224,282.70355,-0.4113100000000145
2024-04-23 23:00:00,6788.6323,6672.2827,116.34960000000046,80.28757,81.15039,-0.8628199999999993,25.361687,25.29517,0.06651700000000105,280.4386,280.2769,0.16169999999999618
2024-04-24 00:00:00,5667.6787,5579.571,88.10770000000048,71.201614,76.29296,-5.091345999999987,24.802197,24.831831,-0.029634000000001492,279.30954,279.1496,0.15994000000000597
2024-04-24 01:00:00,4637.192,4403.321,233.8710000000001,66.01558,68.53516,-2.519580000000005,24.247889,24.584435,-0.33654599999999846,278.4956,278.67194,-0.17633999999998196
2024-04-24 02:00:00,3864.3267,3816.508,47.81870000000026,62.057777,65.44201,-3.3842329999999947,23.997015,24.309261,-0.31224599999999825,278.04077,277.7697,0.2710700000000088
2024-04-24 03:00:00,3864.3267,3830.2366,34.09009999999989,61.925804,64.7307,-2.8048959999999994,24.173395,24.253027,-0.07963200000000015,277.9442,277.4398,0.5044000000000324
2024-04-24 04:00:00,5152.435,5076.9854,75.44960000000083,68.281105,69.37359,-1.0924849999999964,24.518862,24.507551,0.011310999999999183,278.45273,277.86438,0.5883499999999913
2024-04-24 05:00:00,8243.896,8467.075,-223.1790000000001,83.74494,85.09779,-1.3528500000000037,24.920408,25.185266,-0.26485800000000026,279.6486,279.48215,0.16644999999999754
2024-04-24 06:00:00,13138.71,13121.015,17.69499999999971,108.243965,110.0681,-1.8241349999999983,25.773619,26.095736,-0.32211699999999865,281.3511,281.81628,-0.4651800000000321
2024-04-24 07:00:00,16487.795,16605.324,-117.52900000000227,124.842125,131.81984,-6.977715000000003,26.994595,27.055035,-0.06043999999999983,283.7695,283.8308,-0.06130000000001701
2024-04-24 08:00:00,17775.902,17725.596,50.30599999999686,131.10506,134.48021,-3.3751499999999908,28.111261,28.22757,-0.1163090000000011,286.75983,287.07547,-0.3156399999999735
2024-04-24 09:00:00,14426.819,14180.267,246.55199999999968,114.02112,119.589806,-5.568686,29.03488,29.299313,-0.26443300000000036,292.1539,292.71936,-0.5654599999999732
2024-04-24 10:00:00,12108.224,11991.459,116.76499999999942,102.15968,105.23403,-3.0743500000000097,29.838516,30.065351,-0.22683500000000123,297.3593,298.15045,-0.7911499999999592
2024-04-24 11:00:00,11077.736,10980.787,96.94900000000052,96.85551,97.962135,-1.1066250000000082,30.238962,30.570469,-0.33150699999999844,301.92184,302.3158,-0.3939600000000496
2024-04-24 12:00:00,10562.492,10620.378,-57.88600000000042,94.20256,95.26729,-1.0647299999999973,30.346588,30.739498,-0.39291000000000054,305.623,305.34424,0.278759999999977
2024-04-24 13:00:00,10820.114,10713.4795,106.63450000000012,95.508736,95.40143,0.10730599999999413,30.113253,30.702932,-0.5896790000000003,307.8842,307.64584,0.23836000000000013
2024-04-24 14:00:00,11592.9795,11395.267,197.71249999999964,99.43837,99.3064,0.1319700000000097,29.732138,30.403105,-0.670967000000001,308.50977,308.7371,-0.22732999999999493
2024-04-24 15:00:00,13138.71,12860.492,278.21799999999894,107.26812,107.8161,-0.5479800000000097,29.357624,29.82404,-0.46641599999999883,307.6021,308.10468,-0.5025799999999663
2024-04-24 16:00:00,16230.172,15798.945,431.22700000000077,122.923164,123.524284,-0.6011199999999945,28.720654,29.15651,-0.43585600000000113,305.18253,305.82254,-0.640010000000018
2024-04-24 17:00:00,19836.877,19540.564,296.3130000000019,141.21672,143.01195,-1.7952300000000037,28.171103,28.453817,-0.28271400000000213,301.3839,301.8882,-0.5043000000000006
2024-04-24 18:00:00,21382.607,21460.434,-77.82700000000114,149.15488,153.58698,-4.43210000000002,27.454884,27.812292,-0.3574079999999995,296.4291,297.18393,-0.7548299999999699
2024-04-24 19:00:00,18291.146,18270.117,21.02900000000227,133.7335,140.17935,-6.445850000000007,26.718584,27.0499,-0.33131600000000105,291.15982,292.2468,-1.0869799999999827
2024-04-24 20:00:00,14426.819,14465.697,-38.87800000000061,114.42122,119.77055,-5.349329999999995,25.9997,26.343424,-0.34372399999999814,285.9587,287.8805,-1.921799999999962
2024-04-24 21:00:00,11335.357,11420.089,-84.73199999999997,98.98059,101.250496,-2.2699059999999918,25.490957,25.663357,-0.17239999999999966,283.11972,284.02563,-0.9059100000000058
2024-04-24 22:00:00,8243.896,8519.815,-275.91899999999987,83.55084,87.219666,-3.66882600000001,25.104883,25.15018,-0.04529699999999792,280.7269,281.08707,-0.36016999999998234
2024-04-24 23:00:00,6955.788,6840.3438,115.44419999999991,77.211296,77.194305,0.01699100000000442,24.671999,24.704704,-0.032704999999999984,279.01395,278.76584,0.24810999999999694
2024-04-25 00:00:00,4367.913,5695.964,-1328.0510000000004,72.69102,73.08738,-0.3963600000000014,24.239113,24.26217,-0.023057000000001437,278.14877,277.471,0.6777700000000095
2024-04-25 01:00:00,3573.747,3738.9392,-165.19219999999996,68.67437,66.27853,2.3958399999999926,23.925411,24.045956,-0.1205449999999999,277.58905,277.539,0.05004999999999882
2024-04-25 02:00:00,2978.1228,3072.9119,-94.78909999999996,65.60022,64.08449,1.5157299999999907,23.972298,23.94439,0.027908000000000044,277.3208,277.14267,0.1781300000000101
2024-04-25 03:00:00,2978.1228,2879.4155,98.70730000000003,65.55437,63.321552,2.232818000000009,24.196812,24.099373,0.09743900000000139,277.43137,277.37277,0.05860000000001264
2024-04-25 04:00:00,3970.8303,3836.079,134.7512999999999,70.66695,67.60067,3.066280000000006,24.480593,24.469082,0.011510999999998717,278.1661,278.18307,-0.016970000000014807
2024-04-25 05:00:00,6353.3286,6430.014,-76.6854000000003,82.9522,80.31178,2.640420000000006,24.997707,25.156092,-0.15838500000000266,279.50253,280.06842,-0.5658900000000244
2024-04-25 06:00:00,10125.616,10160.075,-34.45900000000074,102.40554,100.449326,1.9562140000000028,26.039188,26.12307,-0.08388199999999912,281.2714,282.81696,-1.5455599999999663
2024-04-25 07:00:00,12706.657,12704.269,2.3879999999990105,115.56325,117.10794,-1.5446900000000028,27.322521,27.189457,0.1330639999999974,283.77036,285.45184,-1.6814800000000218
2024-04-25 08:00:00,13699.364,13425.637,273.72699999999895,120.45424,118.58571,1.8685299999999927,28.555407,28.411106,0.14430099999999868,286.91306,288.88718,-1.9741200000000276
2024-04-25 09:00:00,11118.325,10894.547,223.77800000000025,106.75959,106.92141,-0.16181999999999164,29.51415,29.618465,-0.10431499999999971,292.51044,294.4155,-1.9050599999999918
2024-04-25 10:00:00,9331.451,9314.337,17.113999999999578,97.25182,96.52975,0.722069999999988,30.383108,30.526424,-0.14331599999999867,297.8859,299.9507,-2.064799999999991
2024-04-25 11:00:00,8537.284,8533.192,4.092000000000553,92.98017,91.58982,1.390349999999998,30.950224,31.106236,-0.15601200000000048,302.6688,304.39618,-1.7273800000000392
2024-04-25 12:00:00,8140.202,8252.497,-112.29499999999916,90.835655,90.01459,0.8210650000000044,31.066889,31.36685,-0.2999609999999997,306.6053,307.74872,-1.1434199999999919
2024-04-25 13:00:00,8338.744,8356.235,-17.490999999999985,91.847595,90.45728,1.390315000000001,30.98518,31.365028,-0.3798479999999991,309.03705,310.14172,-1.1046699999999987
2024-04-25 14:00:00,8934.368,8933.922,0.4459999999999127,94.9359,93.65672,1.2791799999999967,30.751398,31.139824,-0.3884260000000026,309.7448,311.26175,-1.5169500000000085
2024-04-25 15:00:00,10125.616,10129.535,-3.918999999999869,101.175186,100.46558,0.7096059999999937,30.28473,30.696735,-0.4120050000000006,308.75095,310.77435,-2.023400000000038
2024-04-25 16:00:00,12508.115,12353.29,154.8249999999989,113.65333,113.08761,0.5657199999999989,29.53473,30.074118,-0.5393879999999989,306.21707,308.58994,-2.3728700000000345
2024-04-25 17:00:00,15287.697,15127.932,159.76499999999942,128.18669,129.08688,-0.9001900000000091,28.768513,29.290106,-0.5215930000000029,302.23608,304.40808,-2.1719999999999686
2024-04-25 18:00:00,16478.947,16533.291,-54.34400000000096,134.4673,137.00096,-2.5336599999999976,28.018513,28.439196,-0.42068300000000036,297.1504,298.95526,-1.8048600000000192
2024-04-25 19:00:00,14096.447,13997.016,99.4310000000005,122.14849,124.3852,-2.236710000000002,27.218063,27.58907,-0.37100699999999875,291.78363,293.4283,-1.6446699999999623
2024-04-25 20:00:00,11118.325,11408.115,-289.78999999999905,106.71267,107.802666,-1.0899959999999993,26.73874,26.89197,-0.15323000000000064,286.47943,288.6398,-2.1603700000000003
2024-04-25 21:00:00,8735.826,8836.865,-101.03900000000067,94.474045,93.79084,0.683205000000001,26.182161,26.325699,-0.1435379999999995,283.64496,284.6571,-1.012139999999988
2024-04-25 22:00:00,6353.3286,6516.0522,-162.72360000000026,82.30004,84.137726,-1.837686000000005,25.614546,25.79574,-0.18119399999999786,281.3155,281.8035,-0.48799999999999955
2024-04-25 23:00:00,5360.6206,5313.663,46.95760000000064,77.48309,77.556366,-0.07327599999999279,25.176977,25.24675,-0.06977299999999786,279.7123,279.43314,0.27916000000004715
2024-04-26 00:00:00,5474.5703,5286.868,187.70229999999992,71.127815,75.84433,-4.716515000000001,24.703955,24.781101,-0.07714599999999905,278.76672,278.1611,0.6056200000000445
2024-04-26 01:00:00,4479.194,4308.1465,171.04750000000058,66.556274,69.47602,-2.9197460000000035,24.487568,24.523542,-0.035973999999999506,278.08112,278.1274,-0.0462800000000243
2024-04-26 02:00:00,3732.6614,3685.805,46.85640000000012,63.27114,66.35012,-3.0789800000000014,24.282661,24.384855,-0.10219400000000078,277.77917,277.65295,0.12622000000004618
2024-04-26 03:00:00,3732.6614,3630.4265,102.23489999999993,63.750072,65.295975,-1.5459029999999956,24.33311,24.409472,-0.0763619999999996,277.89212,277.6802,0.2119199999999637
2024-04-26 04:00:00,4976.882,5133.292,-156.41000000000076,70.48169,71.03625,-0.5545599999999951,24.667393,24.63503,0.03236300000000014,278.59042,278.5069,0.08352000000002135
2024-04-26 05:00:00,7963.0107,8560.965,-597.9543000000003,85.95588,86.51427,-0.5583900000000028,25.23919,25.318,-0.07881000000000071,279.90906,280.57425,-0.6651899999999955
2024-04-26 06:00:00,12691.049,12968.409,-277.35999999999876,110.16843,110.72868,-0.5602499999999964,26.20145,26.327618,-0.12616799999999984,281.75757,283.43335,-1.6757800000000316
2024-04-26 07:00:00,15926.022,16135.949,-209.92699999999968,126.68741,131.05687,-4.369460000000004,27.583612,27.37287,0.21074199999999976,284.3593,285.70917,-1.349869999999953
2024-04-26 08:00:00,17170.244,17060.285,109.95899999999892,133.14972,132.83182,0.31790000000000873,28.816496,28.693468,0.12302800000000147,287.5957,289.3168,-1.7210999999999785
2024-04-26 09:00:00,13935.27,13608.11,327.15999999999985,116.94202,118.227165,-1.285145,29.739294,29.904713,-0.16541899999999998,293.24432,295.18155,-1.9372299999999996
2024-04-26 10:00:00,11695.672,11545.207,150.46500000000015,105.79904,105.19742,0.6016200000000111,30.705908,30.72945,-0.023541999999999064,298.74478,300.62485,-1.8800699999999892
2024-04-26 11:00:00,10700.296,10614.472,85.82400000000052,101.06737,99.072014,1.995356000000001,31.273024,31.305483,-0.03245899999999935,303.58978,304.9387,-1.3489199999999641
2024-04-26 12:00:00,10202.607,10284.803,-82.19599999999991,98.90583,97.271,1.6348299999999938,31.572575,31.566748,0.005827000000000027,307.4935,308.2303,-0.7368000000000166
2024-04-26 13:00:00,10451.452,10414.127,37.32499999999891,100.58118,98.30681,2.2743700000000047,31.45529,31.639874,-0.18458399999999742,309.89005,310.7983,-0.9082500000000095
2024-04-26 14:00:00,11197.984,11122.331,75.65300000000025,104.870285,102.93543,1.9348549999999989,30.949776,31.441559,-0.49178300000000164,310.5172,312.0849,-1.567700000000002
2024-04-26 15:00:00,12691.049,12608.868,82.1810000000005,112.9742,112.39974,0.574460000000002,30.361208,30.908371,-0.5471629999999976,309.46628,311.46326,-1.9969800000000077
2024-04-26 16:00:00,15677.178,15500.604,176.57400000000052,128.68756,128.76158,-0.07402000000001863,29.494987,30.205011,-0.7100240000000007,306.85757,308.94766,-2.090089999999975
2024-04-26 17:00:00,19160.996,19062.445,98.55099999999948,146.8625,147.05406,-0.1915599999999813,28.722746,29.367708,-0.6449619999999996,302.82626,304.50922,-1.6829600000000369
2024-04-26 18:00:00,20654.06,20683.94,-29.87999999999738,154.83849,155.55475,-0.7162600000000054,28.088964,28.551905,-0.4629410000000007,297.6543,299.0945,-1.4402000000000044
2024-04-26 19:00:00,17667.932,17561.139,106.79300000000148,140.06783,142.11009,-2.0422600000000273,27.355354,27.785744,-0.4303900000000027,292.18732,293.82855,-1.6412300000000073
2024-04-26 20:00:00,13935.27,13973.455,-38.18499999999949,121.48321,122.82146,-1.3382500000000022,26.56205,27.109085,-0.547035000000001,286.78738,289.27356,-2.4861799999999903
2024-04-26 21:00:00,10949.141,10999.669,-50.52800000000025,106.603065,105.68508,0.9179850000000016,25.90062,26.399704,-0.49908399999999986,283.82303,285.17224,-1.349209999999971
2024-04-26 22:00:00,7963.0107,8215.742,-252.73130000000037,91.653305,92.74161,-1.0883049999999912,25.300224,25.764135,-0.4639109999999995,278.98856,281.77362,-2.785059999999987
2024-04-26 23:00:00,6718.7905,6610.574,108.21650000000045,85.497055,83.66263,1.8344250000000102,24.843752,25.128643,-0.2848910000000018,274.82306,278.2996,-3.47654
2024-04-27 00:00:00,4830.1973,5569.329,-739.1316999999999,77.0192,80.92609,-3.906890000000004,24.443304,24.479717,-0.036412999999999585,257.88678,262.5657,-4.678920000000005
2024-04-27 01:00:00,3951.9795,4038.2957,-86.31620000000021,72.61709,74.42349,-1.8063999999999965,24.077257,24.243925,-0.16666800000000137,254.93936,255.32149,-0.38213000000001784
2024-04-27 02:00:00,3293.3164,3488.1584,-194.84199999999964,69.26987,71.45962,-2.1897500000000036,23.921453,24.050888,-0.12943500000000085,252.34566,252.52995,-0.18429000000000428
2024-04-27 03:00:00,3293.3164,3359.5544,-66.23799999999983,69.26443,69.96814,-0.703710000000001,23.871454,24.064589,-0.1931350000000016,250.14034,251.37854,-1.2381999999999778
2024-04-27 04:00:00,4391.0884,4344.32,46.76839999999993,74.85018,73.80401,1.0461699999999894,24.171455,24.250658,-0.07920299999999969,250.65947,250.79512,-0.13564999999999827
2024-04-27 05:00:00,7025.742,7106.8022,-81.0601999999999,88.243164,88.25027,-0.007106000000007384,24.771008,24.81955,-0.048542000000001195,251.67581,251.46803,0.20778000000001384
2024-04-27 06:00:00,11197.275,11235.764,-38.48899999999958,109.49694,111.59421,-2.097270000000009,25.72056,25.734854,-0.014293999999999585,253.1102,253.42635,-0.3161500000000217
2024-04-27 07:00:00,14051.484,14177.525,-126.04099999999926,123.925476,129.48885,-5.56337400000001,26.78874,26.747566,0.0411740000000016,255.30788,255.2511,0.05678000000000338
2024-04-27 08:00:00,15149.256,15120.059,29.197000000000116,129.31487,130.49557,-1.1806999999999732,27.889187,27.876495,0.012692000000001258,258.08102,257.78888,0.2921400000000176
2024-04-27 09:00:00,12295.048,12167.554,127.4940000000006,114.32788,117.37207,-3.0441900000000004,28.91863,28.984953,-0.06632300000000058,263.26248,262.99728,0.265199999999993
2024-04-27 10:00:00,10319.058,10331.784,-12.725999999998749,103.898605,105.376274,-1.4776689999999917,29.820368,29.860369,-0.040001000000000175,268.31256,268.5207,-0.20813999999995758
2024-04-27 11:00:00,9440.841,9431.01,9.831000000000131,99.183846,99.25139,-0.06754399999999805,30.469921,30.466433,0.0034880000000008238,272.872,273.02826,-0.15625999999997475
2024-04-27 12:00:00,9001.731,9097.533,-95.80199999999968,96.79964,96.88228,-0.08263999999999783,30.769472,30.790783,-0.021311000000000746,276.6105,276.5891,0.021400000000028285
2024-04-27 13:00:00,9221.286,9165.772,55.513999999999214,97.90504,96.83735,1.067689999999999,30.703253,30.90901,-0.2057569999999984,278.93845,279.35565,-0.41720000000003665
2024-04-27 14:00:00,9879.949,9713.999,165.95000000000073,101.28793,99.68665,1.6012800000000027,30.287033,30.758173,-0.47113999999999834,279.6884,280.78827,-1.09987000000001
2024-04-27 15:00:00,11197.275,10915.364,281.91100000000006,108.089874,106.585236,1.504638,29.840927,30.261623,-0.4206959999999995,278.8784,280.2532,-1.3747999999999934
2024-04-27 16:00:00,13831.929,13253.126,578.8029999999999,121.70391,119.51727,2.186639999999997,29.172522,29.604376,-0.43185399999999774,276.5712,277.79163,-1.2204300000000217
2024-04-27 17:00:00,16905.691,16249.89,655.8009999999995,137.57498,135.71552,1.8594600000000128,28.53874,28.845146,-0.30640599999999907,272.8868,273.79596,-0.9091599999999858
2024-04-27 18:00:00,18223.018,17917.691,305.32700000000114,144.43416,144.89949,-0.46532999999999447,27.785072,28.11259,-0.3275180000000013,268.18152,269.1115,-0.9299800000000005
2024-04-27 19:00:00,15588.364,15198.902,389.46199999999953,130.92323,133.97316,-3.0499300000000176,26.952187,27.32925,-0.3770629999999997,263.1407,264.02274,-0.8820400000000177
2024-04-27 20:00:00,12295.048,12296.619,-1.5709999999999127,114.02228,116.786026,-2.763746000000012,26.344595,26.633707,-0.28911199999999937,258.10452,259.75677,-1.6522500000000377
2024-04-27 21:00:00,9660.3955,9609.595,50.80050000000119,100.52517,101.20717,-0.6820000000000022,25.66126,26.022133,-0.36087300000000155,255.44708,256.60446,-1.1573800000000176
2024-04-27 22:00:00,7025.742,7143.3096,-117.5675999999994,86.981,89.83465,-2.853650000000002,25.091959,25.426353,-0.33439399999999964,253.2294,254.79411,-1.564709999999991
2024-04-27 23:00:00,5927.9697,5827.7544,100.21529999999984,81.30057,81.98013,-0.6795600000000093,24.691511,24.822184,-0.1306730000000016,251.61874,253.88254,-2.2638000000000034
2024-04-28 00:00:00,4294.83,5614.432,-1319.6019999999999,80.45513,81.275024,-0.819894000000005,24.28874,24.446945,-0.15820499999999882,250.61494,252.39188,-1.7769399999999962
2024-04-28 01:00:00,3513.9521,3759.3623,-245.4101999999998,76.37865,76.73508,-0.35643000000000313,23.87252,24.317032,-0.4445119999999996,249.90146,252.2201,-2.3186400000000162
2024-04-28 02:00:00,2928.2935,3193.2915,-264.9979999999996,73.2672,74.067764,-0.8005639999999943,23.589188,24.16457,-0.5753820000000012,249.54874,251.74243,-2.1936900000000037
2024-04-28 03:00:00,2928.2935,3029.9727,-101.67919999999958,73.15606,72.543365,0.6126950000000022,23.705854,24.111063,-0.4052090000000028,249.59987,251.64418,-2.044309999999996
2024-04-28 04:00:00,3904.3914,3939.2876,-34.896200000000135,78.08287,76.27121,1.8116600000000034,24.122072,24.33771,-0.215638000000002,250.1841,251.67813,-1.4940300000000093
2024-04-28 05:00:00,6247.026,6436.222,-189.1959999999999,90.137436,89.676674,0.46076199999998835,24.821625,24.959055,-0.1374299999999984,251.34425,252.31494,-0.9706900000000189
2024-04-28 06:00:00,9956.197,10132.778,-176.58100000000013,109.30059,110.02891,-0.7283199999999965,25.805407,25.888996,-0.08358899999999991,252.98438,254.07414,-1.0897600000000125
2024-04-28 07:00:00,12494.052,12439.162,54.88999999999942,122.19834,124.72193,-2.5235899999999987,27.072521,26.884197,0.18832399999999794,255.28728,255.77841,-0.4911299999999983
2024-04-28 08:00:00,13470.15,13110.133,360.0169999999998,126.91278,125.32215,1.5906300000000044,28.239187,28.117418,0.12176900000000046,258.1285,258.36148,-0.23297999999999774
2024-04-28 09:00:00,10932.295,10782.952,149.34300000000076,113.22973,113.346245,-0.1165149999999926,29.122522,29.391094,-0.2685719999999989,263.32535,263.98492,-0.6595699999999738
2024-04-28 10:00:00,9175.319,9166.702,8.61700000000019,103.64696,102.8362,0.8107600000000019,30.005405,30.281708,-0.27630299999999863,268.2964,269.9203,-1.623899999999992
2024-04-28 11:00:00,8394.44,8357.401,37.03900000000067,99.331245,97.932556,1.3986889999999903,30.597452,30.862646,-0.26519400000000104,272.67392,274.44803,-1.7741100000000074
2024-04-28 12:00:00,8004.002,8070.3364,-66.33439999999973,97.204506,96.3814,0.8231059999999957,30.6479,31.126839,-0.47893900000000045,276.2206,277.74796,-1.5273599999999874
2024-04-28 13:00:00,8199.221,8179.2334,19.987599999999475,98.25613,97.00571,1.2504200000000054,30.465015,31.098982,-0.6339669999999984,278.43097,279.89676,-1.46578999999997
2024-04-28 14:00:00,8784.88,8730.905,53.974999999998545,101.44699,100.214134,1.2328559999999982,30.065016,30.798187,-0.7331709999999987,279.1474,280.62442,-1.4770199999999818
2024-04-28 15:00:00,9956.197,9856.536,99.66100000000006,107.764435,106.66131,1.1031250000000057,29.7,30.194435,-0.4944349999999993,278.30478,279.62665,-1.3218699999999899
2024-04-28 16:00:00,12298.832,11932.584,366.2479999999996,120.279976,118.3099,1.970076000000006,29.282887,29.434494,-0.15160700000000205,276.05978,276.99313,-0.9333500000000186
2024-04-28 17:00:00,15031.907,14610.403,421.503999999999,134.87592,133.63324,1.2426800000000071,28.60916,28.626858,-0.017697999999999325,272.48904,272.9678,-0.4787600000000225
2024-04-28 18:00:00,16203.224,16123.933,79.29099999999926,141.3014,141.89769,-0.5962900000000104,27.892942,27.815699,0.07724300000000284,267.8633,268.49957,-0.6362700000000245
2024-04-28 19:00:00,13860.589,13724.677,135.91200000000026,129.31645,130.77869,-1.4622400000000084,27.060057,27.077053,-0.0169959999999989,262.93558,263.77484,-0.8392599999999675
2024-04-28 20:00:00,10932.295,11163.926,-231.6309999999994,114.228584,115.10629,-0.8777060000000034,26.360058,26.446148,-0.08609000000000222,257.95074,259.73285,-1.7821099999999888
2024-04-28 21:00:00,8589.66,8596.882,-7.221999999999753,102.17119,101.25242,0.918769999999995,25.860813,25.846483,0.014330000000001064,255.319,256.755,-1.436000000000007
2024-04-28 22:00:00,6247.026,6390.0376,-143.01159999999982,90.26422,91.533394,-1.2691740000000067,25.31479,25.32257,-0.007780000000000342,255.31088,255.17014,0.14073999999999387
2024-04-28 23:00:00,5270.9277,5225.955,44.97270000000026,85.5575,84.67345,0.884050000000002,24.74196,24.772013,-0.030053000000002328,255.89471,254.58516,1.3095500000000015
2024-04-29 00:00:00,6349.719,5407.3813,942.3377,79.03863,84.435196,-5.396566000000007,24.209076,24.654495,-0.4454190000000011,270.6839,267.50833,3.1755699999999933
2024-04-29 01:00:00,5195.225,4726.4106,468.8144000000002,73.55011,78.57843,-5.028319999999994,23.804874,24.374989,-0.5701149999999977,272.28598,274.1183,-1.8323199999999815
2024-04-29 02:00:00,4329.354,4158.973,170.3810000000003,69.459404,74.20216,-4.742756,23.638208,24.1146,-0.4763920000000006,274.25247,274.5767,-0.32423
2024-04-29 03:00:00,4329.354,3987.3972,341.9568000000004,69.681435,71.89725,-2.2158150000000063,23.83731,24.063568,-0.2262580000000014,276.65192,275.29962,1.3523000000000138
2024-04-29 04:00:00,5772.472,5530.387,242.08500000000004,77.09,77.81637,-0.7263700000000028,24.187311,24.304108,-0.11679699999999826,277.34842,276.81616,0.5322599999999511
2024-04-29 05:00:00,9235.955,9654.087,-418.1319999999996,94.66603,98.57003,-3.9039999999999964,24.69437,25.051317,-0.3569470000000017,278.69995,279.53934,-0.8393899999999803
2024-04-29 06:00:00,14719.806,14770.303,-50.49699999999939,122.378044,125.845856,-3.467811999999995,25.678152,25.982574,-0.30442199999999886,280.56528,282.0728,-1.5075199999999995
2024-04-29 07:00:00,18471.912,18563.633,-91.72100000000137,141.22919,146.7863,-5.557110000000023,26.93325,26.884134,0.04911600000000149,283.1642,283.59454,-0.43034000000000106
2024-04-29 08:00:00,19915.031,19960.672,-45.64099999999962,148.37311,149.90411,-1.531000000000006,28.139189,28.086157,0.05303199999999819,286.35123,286.92456,-0.5733299999999986
2024-04-29 09:00:00,16162.924,15929.756,233.16800000000148,129.21722,133.04587,-3.8286500000000103,29.154652,29.281103,-0.12645100000000298,291.9445,292.88522,-0.9407199999999989
2024-04-29 10:00:00,13565.311,13345.629,219.68199999999888,115.907036,117.37184,-1.4648040000000009,30.018305,30.193607,-0.17530199999999851,297.27466,298.85815,-1.5834900000000403
2024-04-29 11:00:00,12410.815,12203.505,207.3100000000013,109.937225,110.18235,-0.2451250000000016,30.535421,30.796436,-0.26101500000000044,301.9294,303.40115,-1.471749999999986
2024-04-29 12:00:00,11833.568,11826.282,7.286000000000058,106.93546,108.01528,-1.079819999999998,30.585867,31.031641,-0.4457740000000001,305.7156,306.5578,-0.8421999999999912
2024-04-29 13:00:00,12122.192,11984.631,137.5609999999997,108.32345,108.92943,-0.6059800000000024,30.330769,30.99255,-0.6617810000000013,308.01654,308.8416,-0.8250600000000077
2024-04-29 14:00:00,12988.0625,12861.838,126.22450000000026,112.63967,113.87952,-1.2398500000000041,30.046988,30.645823,-0.5988350000000011,308.6441,309.76666,-1.1225600000000213
2024-04-29 15:00:00,14719.806,14542.667,177.13900000000103,121.40592,123.48604,-2.080120000000008,29.630014,30.038132,-0.40811800000000176,307.61737,308.85202,-1.2346499999999878
2024-04-29 16:00:00,18183.287,17957.664,225.6229999999996,139.03705,140.3451,-1.3080500000000086,28.922129,29.288157,-0.366028,305.0977,306.25513,-1.1574300000000335
2024-04-29 17:00:00,22224.02,22242.25,-18.229999999999563,159.61844,161.50993,-1.8914900000000046,28.155909,28.467724,-0.3118149999999993,301.20078,302.09656,-0.895780000000002
2024-04-29 18:00:00,23955.762,24273.477,-317.71500000000015,168.53842,172.87733,-4.3389099999999985,27.439327,27.664764,-0.225437000000003,296.19995,297.1199,-0.9199499999999716
2024-04-29 19:00:00,20492.277,20579.645,-87.36800000000221,151.20152,158.47812,-7.276600000000002,26.689327,26.94397,-0.2546430000000015,290.88712,292.1222,-1.235080000000039
2024-04-29 20:00:00,16162.924,16299.118,-136.1939999999995,129.48431,136.7268,-7.242490000000004,26.193922,26.338482,-0.14455999999999847,285.54205,287.9757,-2.43365
2024-04-29 21:00:00,12699.438,12695.05,4.3880000000008295,112.14269,116.415146,-4.272455999999991,25.643335,25.761337,-0.1180020000000006,282.55243,284.44226,-1.8898299999999608
2024-04-29 22:00:00,9235.955,9652.837,-416.8819999999996,94.7792,99.9391,-5.159899999999993,24.95,25.232252,-0.2822519999999997,280.00558,281.46533,-1.4597499999999854
2024-04-29 23:00:00,7792.8374,7701.791,91.04640000000018,87.58444,87.082756,0.5016839999999974,24.305267,24.62841,-0.3231429999999982,278.13303,278.87787,-0.7448399999999538
2024-04-30 00:00:00,7229.7197,5874.771,1354.9487,91.9426,80.29077,11.651830000000004,23.7886,24.02702,-0.2384200000000014,276.9533,277.5541,-0.6007999999999925
2024-04-30 01:00:00,5915.225,5660.663,254.5620000000008,85.26641,80.27987,4.986539999999991,23.465492,23.728159,-0.26266700000000043,276.06653,277.13556,-1.069029999999998
2024-04-30 02:00:00,4929.354,5091.2446,-161.89059999999972,80.23413,79.029,1.205129999999997,23.32667,23.52082,-0.1941500000000005,275.60614,276.51678,-0.9106400000000008
2024-04-30 03:00:00,4929.354,5032.2485,-102.89449999999943,80.20246,78.83222,1.3702399999999955,23.460588,23.498707,-0.03811899999999824,275.7013,276.414,-0.7126999999999839
2024-04-30 04:00:00,6572.472,6788.2583,-215.78630000000067,88.54484,87.7556,0.7892399999999924,23.748154,23.747961,0.00019299999999944362,276.4787,277.42795,-0.9492500000000064
2024-04-30 05:00:00,10515.956,11335.537,-819.5810000000001,108.59303,110.62731,-2.0342799999999954,24.427116,24.495846,-0.06872999999999863,277.95148,279.6339,-1.6824199999999792
2024-04-30 06:00:00,16759.805,16888.135,-128.3299999999981,140.38698,138.86371,1.5232699999999966,25.477116,25.427357,0.04975899999999811,279.962,281.68695,-1.7249500000000353
2024-04-30 07:00:00,21031.912,21261.9,-229.9880000000012,161.96361,162.28703,-0.3234199999999987,26.86978,26.384563,0.4852169999999987,282.72498,283.4902,-0.7652199999999993
2024-04-30 08:00:00,22675.03,22947.46,-272.4300000000003,170.01526,168.65668,1.3585800000000177,28.152664,27.718075,0.43458900000000256,286.127,287.1661,-1.0390999999999622
2024-04-30 09:00:00,18402.922,18144.248,258.67399999999907,147.75781,149.94751,-2.1896999999999878,29.172297,29.13232,0.03997700000000037,291.90512,293.4281,-1.5229799999999614
2024-04-30 10:00:00,15445.312,15086.183,359.128999999999,132.24191,132.06078,0.18112999999999602,30.129408,30.159029,-0.029620999999998787,297.43555,299.72675,-2.2912000000000035
2024-04-30 11:00:00,14130.815,13829.722,301.09300000000076,125.27368,124.42494,0.8487399999999923,30.733782,30.845577,-0.1117949999999972,302.34058,304.59076,-2.2501800000000003
2024-04-30 12:00:00,13473.568,13427.964,45.60399999999936,121.760666,122.54006,-0.7793939999999964,30.900446,31.119081,-0.21863500000000258,306.39496,307.87207,-1.477109999999982
2024-04-30 13:00:00,13802.192,13610.977,191.21499999999833,123.3219,123.69114,-0.3692400000000049,30.91622,31.145332,-0.22911200000000065,308.8901,310.2146,-1.3245000000000005
2024-04-30 14:00:00,14788.063,14598.115,189.94800000000032,128.30632,129.13641,-0.8300900000000127,30.708374,30.909374,-0.2010000000000005,309.68195,311.10583,-1.4238800000000538
2024-04-30 15:00:00,16759.805,16502.29,257.5149999999994,138.40169,139.73575,-1.3340599999999938,30.024002,30.37077,-0.34676800000000085,308.82935,309.9797,-1.150350000000003
2024-04-30 16:00:00,20703.29,20640.86,62.43000000000029,158.64755,159.28986,-0.642310000000009,29.257786,29.543077,-0.28529100000000085,306.43793,306.8081,-0.3701700000000301
2024-04-30 17:00:00,25304.02,25710.217,-406.1970000000001,182.25919,181.66628,0.5929099999999892,28.557787,28.634588,-0.07680099999999968,302.5946,302.12134,0.47326000000003887
2024-04-30 18:00:00,27275.758,27628.959,-353.2009999999973,192.34486,192.34952,-0.004660000000001219,27.83681,27.842773,-0.005963000000001273,297.51392,296.90927,0.6046499999999924
2024-04-30 19:00:00,23332.277,23809.426,-477.14900000000125,172.07831,175.12611,-3.0478000000000236,27.219246,27.102875,0.11637099999999734,292.1548,291.45007,0.7047300000000405
2024-04-30 20:00:00,18402.922,18634.74,-231.81800000000294,146.77606,151.97404,-5.197980000000001,26.539612,26.603977,-0.06436499999999867,286.80762,287.5858,-0.7781800000000203
2024-04-30 21:00:00,14459.439,14556.483,-97.04399999999987,126.579544,131.22414,-4.644596000000007,25.89006,26.03397,-0.14391000000000176,283.79712,284.7551,-0.9579800000000205
2024-04-30 22:00:00,10515.956,11142.61,-626.6540000000005,106.71656,113.2729,-6.556340000000006,25.290508,25.501892,-0.21138400000000246,281.25803,282.42236,-1.1643300000000067
2024-04-30 23:00:00,8872.838,8858.669,14.168999999999869,98.636696,97.60609,1.030606000000006,24.68748,24.927813,-0.24033299999999969,279.33798,280.0666,-0.7286199999999781
2024-05-01 00:00:00,5890.6216,6120.41,-229.78839999999946,81.876236,88.07285,-6.196613999999997,24.322521,24.291664,0.03085699999999747,278.12808,278.2757,-0.14761999999996078
2024-05-01 01:00:00,4819.5996,4704.2007,115.39889999999923,76.77852,77.63479,-0.856269999999995,23.896524,24.019625,-0.1231010000000019,277.18314,277.79395,-0.610810000000015
2024-05-01 02:00:00,4016.333,4136.773,-120.44000000000005,73.06699,74.52539,-1.4583999999999975,23.510387,23.821993,-0.3116059999999976,276.5643,277.11542,-0.551119999999969
2024-05-01 03:00:00,4016.333,3873.767,142.56600000000026,73.398026,72.65427,0.7437560000000047,23.394169,23.788567,-0.3943979999999989,276.41568,276.60284,-0.18716000000000577
2024-05-01 04:00:00,5355.111,5094.867,260.2439999999997,80.172226,77.57452,2.597705999999988,23.53616,23.971752,-0.43559199999999976,276.81107,276.79556,0.015509999999949287
2024-05-01 05:00:00,8568.178,8603.347,-35.16899999999987,96.41406,95.10902,1.3050400000000053,24.089188,24.567398,-0.4782100000000007,277.78354,278.19763,-0.4140899999999874
2024-05-01 06:00:00,13655.533,13593.247,62.28600000000006,122.10695,121.551735,0.555215000000004,24.922073,25.43881,-0.5167369999999991,279.2241,280.1111,-0.8870000000000005
2024-05-01 07:00:00,17136.355,17442.537,-306.1820000000007,139.56186,144.13681,-4.574950000000001,25.988293,26.297499,-0.30920599999999965,281.46442,281.6989,-0.23447999999996227
2024-05-01 08:00:00,18475.133,18950.795,-475.6619999999966,146.11809,149.46484,-3.3467500000000143,26.905407,27.335295,-0.42988799999999827,284.3557,284.48492,-0.12921999999997524
2024-05-01 09:00:00,14994.311,15194.9,-200.58899999999994,128.13895,133.64452,-5.505570000000006,27.822521,28.310074,-0.4875530000000019,289.63095,289.72122,-0.09027000000003227
2024-05-01 10:00:00,12584.511,12686.97,-102.45899999999892,115.61595,118.75743,-3.1414800000000014,28.639189,29.06604,-0.42685100000000276,294.80215,295.17102,-0.36887000000001535
2024-05-01 11:00:00,11513.487,11537.31,-23.82300000000032,109.97825,111.50413,-1.5258800000000008,29.124653,29.605724,-0.481071,299.44003,299.5652,-0.12517000000002554
2024-05-01 12:00:00,10977.977,11145.476,-167.4989999999998,107.1095,108.983406,-1.8739060000000052,29.437372,29.83544,-0.39806799999999853,303.34674,302.86017,0.4865700000000288
2024-05-01 13:00:00,11245.732,11262.59,-16.858000000000175,108.41749,109.252205,-0.8347150000000028,29.36272,29.89201,-0.5292899999999996,305.79303,305.41727,0.37576000000001386
2024-05-01 14:00:00,12048.999,11999.558,49.440999999998894,112.57634,113.0228,-0.44646000000000186,29.113169,29.658867,-0.5456980000000016,306.59442,306.66098,-0.0665599999999813
2024-05-01 15:00:00,13655.533,13559.432,96.10099999999875,120.90819,121.215645,-0.30745499999999026,28.62656,29.11987,-0.4933099999999975,305.82986,305.95895,-0.12909000000001924
2024-05-01 16:00:00,16868.6,16748.344,120.25599999999758,137.4712,136.79556,0.6756400000000156,27.919247,28.405735,-0.48648800000000136,303.54462,303.40344,0.14118000000001985
2024-05-01 17:00:00,20617.178,20475.172,142.00600000000122,156.75418,155.47781,1.2763699999999858,27.335464,27.639952,-0.3044879999999992,299.84833,299.27457,0.5737599999999929
2024-05-01 18:00:00,22223.709,22451.842,-228.13300000000163,165.164,166.64777,-1.4837700000000211,26.767902,26.9743,-0.20639800000000008,294.91998,294.6016,0.31837999999999056
2024-05-01 19:00:00,19010.643,19130.725,-120.08199999999852,149.10359,153.3544,-4.250810000000001,26.07748,26.253681,-0.17620099999999894,289.67242,289.58554,0.08688000000000784
2024-05-01 20:00:00,14994.311,15022.594,-28.282999999999447,128.9225,131.94785,-3.0253499999999747,25.311262,25.632,-0.3207380000000022,284.51178,285.55792,-1.0461400000000367
2024-05-01 21:00:00,11781.243,11905.866,-124.62299999999959,112.78573,113.14079,-0.3550599999999946,24.727928,24.99066,-0.26273199999999974,281.7376,282.0946,-0.35700000000002774
2024-05-01 22:00:00,8568.178,8935.032,-366.85399999999936,96.52803,98.496025,-1.967995000000002,24.38524,24.49258,-0.10734000000000066,279.41727,279.3796,0.03766999999999143
2024-05-01 23:00:00,7229.3994,7159.3423,70.05709999999999,89.75941,87.92212,1.8372899999999959,24.034792,24.085424,-0.05063200000000023,277.74405,277.16187,0.5821799999999939
2024-05-02 00:00:00,6615.749,5798.1553,817.5936999999994,93.371056,82.52269,10.848365999999999,23.730413,23.703949,0.026463999999997156,276.89377,276.1185,0.7752700000000345
2024-05-02 01:00:00,5412.8853,5391.6445,21.24079999999958,87.24389,83.10712,4.1367699999999985,23.430862,23.554903,-0.12404099999999829,276.3326,276.28586,0.04673999999999978
2024-05-02 02:00:00,4510.7383,4756.6777,-245.9394000000002,82.57468,81.88023,0.6944500000000033,23.38232,23.434193,-0.0518730000000005,276.02255,275.79633,0.22622000000001208
2024-05-02 03:00:00,4510.7383,4671.1597,-160.42140000000018,82.43499,81.672295,0.7626949999999937,23.470274,23.483486,-0.013211999999999335,276.13455,275.83972,0.2948299999999904
2024-05-02 04:00:00,6014.3174,6213.7847,-199.46730000000025,89.98585,88.935455,1.0503949999999946,23.653606,23.710999,-0.05739300000000114,276.7497,276.7989,-0.04919999999998481
2024-05-02 05:00:00,9622.907,10016.55,-393.64300000000003,108.115204,106.9207,1.1945040000000091,24.30316,24.274355,0.028804999999998415,277.86932,278.62808,-0.7587599999999952
2024-05-02 06:00:00,15336.509,15147.506,189.0030000000006,136.91005,132.95537,3.9546800000000246,25.127256,25.138279,-0.01102300000000156,279.33023,280.58237,-1.252140000000054
2024-05-02 07:00:00,19245.816,19341.938,-96.12199999999939,156.48529,155.34967,1.1356199999999887,26.061037,26.06063,0.00040699999999915804,281.48572,282.22794,-0.7422199999999748
2024-05-02 08:00:00,20749.395,20720.062,29.33299999999872,163.83961,160.98071,2.8589000000000055,26.910473,27.150854,-0.2403809999999993,284.31036,285.3852,-1.0748399999999947
2024-05-02 09:00:00,16840.09,16676.945,163.14500000000044,143.65477,146.12366,-2.4688899999999876,27.727587,28.187603,-0.46001599999999954,289.54794,290.7746,-1.226660000000038
2024-05-02 10:00:00,14133.646,13982.118,151.52800000000025,129.62248,130.59743,-0.9749500000000069,28.666891,28.953545,-0.28665399999999863,294.65973,296.25607,-1.5963399999999979
2024-05-02 11:00:00,12930.782,12708.199,222.58299999999872,123.41387,123.14073,0.27313999999999794,29.33345,29.536016,-0.2025660000000009,299.31564,300.62637,-1.310730000000035
2024-05-02 12:00:00,12329.351,12255.288,74.0630000000001,120.393196,120.74419,-0.35099400000000003,29.576916,29.84441,-0.26749399999999923,303.2709,303.82336,-0.5524599999999964
2024-05-02 13:00:00,12630.066,12402.618,227.44800000000032,122.051414,121.388916,0.6624979999999994,29.549776,29.959427,-0.4096510000000002,305.88907,306.268,-0.37892999999996846
2024-05-02 14:00:00,13532.214,13297.283,234.9310000000005,126.79565,126.074905,0.7207449999999938,29.30034,29.795944,-0.49560400000000016,306.887,307.3412,-0.45420000000001437
2024-05-02 15:00:00,15336.509,14961.364,375.14500000000044,136.2012,135.26389,0.9373099999999965,28.984123,29.313597,-0.32947400000000115,306.25006,306.48218,-0.23212000000000899
2024-05-02 16:00:00,18945.1,18501.975,443.125,154.74196,152.80293,1.9390300000000025,28.400341,28.689297,-0.2889559999999989,304.09357,304.0006,0.09296999999997979
2024-05-02 17:00:00,23155.123,23205.633,-50.51000000000204,176.27106,174.87608,1.3949800000000039,27.766327,27.956953,-0.19062599999999819,300.4685,299.91058,0.5579200000000242
2024-05-02 18:00:00,24959.418,25527.328,-567.9099999999999,185.6236,186.10017,-0.47656999999998106,27.116776,27.21516,-0.09838399999999936,295.66922,295.02472,0.6444999999999936
2024-05-02 19:00:00,21350.828,21891.936,-541.1080000000002,167.45879,170.76297,-3.3041800000000023,26.366776,26.511211,-0.14443499999999787,290.4606,289.8143,0.6462999999999965
2024-05-02 20:00:00,16840.09,17018.223,-178.13300000000163,144.69853,148.91689,-4.21835999999999,25.767107,25.97269,-0.20558300000000074,285.26813,285.68173,-0.41360000000003083
2024-05-02 21:00:00,13231.498,13268.458,-36.960000000000946,126.48145,128.73701,-2.2555600000000027,25.144926,25.42629,-0.28136399999999995,282.49057,282.49493,-0.0043600000000196815
2024-05-02 22:00:00,9622.907,10051.657,-428.75,108.223656,111.98151,-3.7578539999999947,24.782885,24.925228,-0.14234300000000033,280.093,279.92532,0.16768000000001848
2024-05-02 23:00:00,8119.3286,8056.48,62.84860000000026,100.6709,98.30557,2.36533,24.482885,24.476,0.006885000000000474,278.34195,277.6454,0.696550000000002
2024-05-03 00:00:00,6929.168,5967.1167,962.0513000000001,82.88276,90.340546,-7.457785999999999,23.95,24.041428,-0.09142800000000051,277.31296,276.06918,1.2437799999999584
2024-05-03 01:00:00,5669.319,5281.9326,387.3864000000003,76.49145,79.19715,-2.705699999999993,23.578482,23.737148,-0.1586660000000002,276.5697,275.68546,0.8842400000000339
2024-05-03 02:00:00,4724.4326,4685.035,39.39760000000024,71.64189,74.88756,-3.24566999999999,23.42815,23.523977,-0.09582699999999988,276.15863,275.0512,1.1074300000000221
2024-05-03 03:00:00,4724.4326,4710.276,14.156600000000253,71.535706,73.85967,-2.3239639999999895,23.47174,23.52624,-0.05450000000000088,276.08667,275.21533,0.871340000000032
2024-05-03 04:00:00,6299.2437,6377.1396,-77.89590000000044,79.39096,80.073364,-0.6824039999999911,23.832886,23.766918,0.06596799999999803,276.59567,276.17578,0.4198900000000094
2024-05-03 05:00:00,10078.789,10631.479,-552.6899999999987,98.442444,99.62855,-1.1861060000000094,24.28389,24.437286,-0.15339600000000075,277.6606,278.31763,-0.6570300000000202
2024-05-03 06:00:00,16063.072,16135.525,-72.45299999999952,128.66586,128.11082,0.5550400000000195,25.034338,25.305727,-0.2713889999999992,279.18515,280.49405,-1.3088999999999942
2024-05-03 07:00:00,20157.58,20310.824,-153.24399999999878,149.17679,151.54553,-2.3687400000000025,26.018118,26.135132,-0.11701399999999751,281.5145,282.04938,-0.5348799999999869
2024-05-03 08:00:00,21732.39,21779.918,-47.528000000002066,156.864,156.4548,0.40919999999999845,27.06812,27.140594,-0.0724739999999997,284.47162,285.00754,-0.5359200000000328
2024-05-03 09:00:00,17637.88,17271.473,366.40699999999924,135.68965,139.07983,-3.3901799999999866,28.117672,28.223507,-0.10583500000000257,289.84653,290.53122,-0.684690000000046
2024-05-03 10:00:00,14803.223,14463.6,339.6229999999996,120.9607,122.48339,-1.5226899999999972,29.096376,29.072178,0.024197999999998387,295.08188,296.1125,-1.030619999999999
2024-05-03 11:00:00,13543.374,13198.11,345.2639999999992,114.368614,114.56411,-0.19549600000000567,29.581612,29.69782,-0.11620800000000031,299.78793,300.49686,-0.7089300000000094
2024-05-03 12:00:00,12913.449,12772.18,141.26900000000023,111.02025,112.027336,-1.007086000000001,29.748726,29.954758,-0.20603200000000044,303.64545,303.6171,0.028349999999988995
2024-05-03 13:00:00,13228.411,12959.543,268.8680000000004,112.51593,112.855415,-0.33948499999999626,29.615839,30.01871,-0.40287099999999754,306.08023,306.06317,0.01705999999995811
2024-05-03 14:00:00,14173.299,13921.675,251.62400000000162,117.236084,118.05019,-0.8141059999999953,29.21584,29.795998,-0.5801580000000008,306.88373,307.1288,-0.24506999999999834
2024-05-03 15:00:00,16063.072,15771.266,291.8060000000005,126.79671,128.27605,-1.4793399999999934,28.958086,29.241465,-0.28337900000000005,306.09756,306.1509,-0.053339999999991505
2024-05-03 16:00:00,19842.617,19679.734,162.882999999998,146.08601,147.11574,-1.0297300000000007,28.424751,28.605783,-0.1810319999999983,303.81683,303.47943,0.33740000000000236
2024-05-03 17:00:00,24252.088,24504.014,-251.92599999999948,168.63182,169.65025,-1.018429999999995,27.757082,27.904411,-0.14732899999999916,300.15662,299.34308,0.813539999999989
2024-05-03 18:00:00,26141.861,26665.418,-523.5570000000007,178.3959,181.61697,-3.2210699999999974,27.10753,27.201601,-0.09407099999999957,295.3967,294.5715,0.8251999999999953
2024-05-03 19:00:00,22362.314,22928.021,-565.7070000000022,159.31715,165.80511,-6.487960000000015,26.478151,26.451176,0.026975000000000193,290.22977,289.31393,0.915839999999946
2024-05-03 20:00:00,17637.88,17791.26,-153.37999999999738,135.44565,142.29918,-6.853530000000006,25.907238,25.900398,0.006840000000000401,285.0048,285.2672,-0.26240000000001373
2024-05-03 21:00:00,13858.336,13892.563,-34.22700000000077,116.400536,120.55325,-4.152714000000003,25.297428,25.332788,-0.035360000000000724,282.0998,282.00656,0.09324000000003707
2024-05-03 22:00:00,10078.789,10530.802,-452.012999999999,97.32753,102.71417,-5.38664,24.75753,24.838017,-0.08048700000000153,277.29407,279.24323,-1.9491600000000062
2024-05-03 23:00:00,8503.979,8381.649,122.32999999999993,89.47668,88.616646,0.8600339999999989,24.157978,24.332806,-0.17482800000000154,273.10544,276.22064,-3.1152000000000157
2024-05-04 00:00:00,7146.489,5981.4653,1165.0236999999997,90.922844,82.404686,8.518158,23.650448,23.667103,-0.016655000000000086,256.22043,259.61102,-3.3905899999999747
2024-05-04 01:00:00,5847.127,5591.277,255.85000000000036,84.41789,81.07289,3.344999999999999,23.264055,23.33664,-0.07258500000000012,253.32663,252.22685,1.0997799999999813
2024-05-04 02:00:00,4872.606,5005.921,-133.3150000000005,79.515785,79.68807,-0.17228500000000224,23.279827,23.137285,0.1425420000000024,250.72679,249.48108,1.2457100000000025
2024-05-04 03:00:00,4872.606,5012.7515,-140.14550000000054,79.510895,80.126495,-0.6156000000000006,23.512712,23.193666,0.31904600000000016,248.57982,248.39804,0.18178000000000338
2024-05-04 04:00:00,6496.8076,6605.161,-108.35339999999997,87.87634,88.24841,-0.3720700000000079,23.61361,23.505178,0.10843200000000053,249.19765,248.53448,0.663170000000008
2024-05-04 05:00:00,10394.893,10928.34,-533.4470000000001,107.810905,110.222336,-2.411430999999993,24.130724,24.124813,0.00591100000000111,250.4012,250.3118,0.08939999999998349
2024-05-04 06:00:00,16566.861,16864.473,-297.612000000001,139.32991,139.94385,-0.6139399999999853,24.997389,24.982359,0.015029999999999433,251.98773,252.64159,-0.6538600000000088
2024-05-04 07:00:00,20789.785,21401.291,-611.5060000000012,160.78313,162.86433,-2.0811999999999955,26.18378,25.834248,0.34953199999999995,254.14285,254.30342,-0.16056999999997856
2024-05-04 08:00:00,22413.988,22951.176,-537.1879999999983,168.93988,167.87311,1.0667699999999911,27.294237,26.916203,0.37803399999999954,256.85834,257.07648,-0.21814000000000533
2024-05-04 09:00:00,18191.062,18084.408,106.65400000000227,147.2696,150.5505,-3.2809000000000026,28.044422,28.12309,-0.0786680000000004,261.91367,262.1367,-0.2230299999999943
2024-05-04 10:00:00,15267.5,15036.05,231.45000000000073,132.21527,133.91394,-1.6986699999999928,28.766758,28.997723,-0.2309650000000012,266.76147,267.3704,-0.6089300000000435
2024-05-04 11:00:00,13968.137,13693.779,274.3580000000002,125.50348,125.97254,-0.4690599999999989,29.233875,29.554586,-0.3207109999999993,271.0049,271.65753,-0.6526299999999878
2024-05-04 12:00:00,13318.456,13244.347,74.10900000000038,122.16227,123.285576,-1.1233059999999995,29.367208,29.750118,-0.382909999999999,274.4717,274.946,-0.4743000000000279
2024-05-04 13:00:00,13643.298,13388.936,254.362000000001,123.88507,123.88743,-0.002359999999995921,29.169369,29.765745,-0.5963759999999994,276.70193,277.75555,-1.0536200000000235
2024-05-04 14:00:00,14617.818,14303.534,314.28399999999965,128.9388,128.87988,0.058919999999972106,28.923788,29.467442,-0.5436540000000001,277.46402,279.11374,-1.649720000000002
2024-05-04 15:00:00,16566.861,16170.746,396.1150000000016,138.97075,138.92683,0.04392000000001417,28.681805,28.874979,-0.19317399999999907,276.7618,278.32477,-1.562970000000007
2024-05-04 16:00:00,20464.947,20455.1,9.847000000001572,159.06068,158.15651,0.9041699999999935,28.081806,28.179668,-0.09786199999999923,274.66782,275.71988,-1.0520599999999831
2024-05-04 17:00:00,25012.713,25562.244,-549.530999999999,182.51509,179.84354,2.6715499999999963,27.465586,27.411728,0.053857999999998185,271.30972,271.92755,-0.6178299999999695
2024-05-04 18:00:00,26961.752,27648.031,-686.2789999999986,192.72379,190.96138,1.762410000000017,26.815588,26.722673,0.09291500000000141,266.91553,267.5276,-0.612070000000017
2024-05-04 19:00:00,23063.67,23944.262,-880.5920000000006,173.04259,175.86385,-2.8212600000000236,26.231806,26.074442,0.15736399999999762,262.09955,261.83676,0.2627899999999954
2024-05-04 20:00:00,18191.062,18522.785,-331.72299999999814,148.35718,153.39714,-5.039960000000008,25.83091,25.640617,0.1902930000000005,257.249,257.2462,0.002800000000036107
2024-05-04 21:00:00,14292.978,14434.302,-141.32400000000052,128.72337,132.80884,-4.085470000000015,25.140455,25.24152,-0.10106500000000196,254.75424,254.29683,0.4574100000000101
2024-05-04 22:00:00,10394.893,11075.82,-680.9269999999997,109.08554,115.34943,-6.2638900000000035,24.60563,24.790867,-0.1852369999999972,252.62257,252.6239,-0.0013299999999958345
2024-05-04 23:00:00,8770.691,8870.587,-99.89599999999882,100.99562,100.24529,0.7503300000000053,24.218607,24.273226,-0.054619000000002416,251.09164,252.29991,-1.2082699999999988
2024-05-05 00:00:00,3906.299,6124.914,-2218.615,71.71441,90.8277,-19.113289999999992,23.868607,23.842613,0.02599400000000074,250.16173,250.38194,-0.22020999999998025
2024-05-05 01:00:00,3196.0627,3175.2617,20.80099999999993,68.023674,69.8863,-1.8626260000000059,23.652758,23.535336,0.1174219999999977,249.52016,251.06401,-1.543849999999992
2024-05-05 02:00:00,2663.3857,2390.8186,272.56709999999975,65.18681,63.414173,1.772636999999996,23.493923,23.497461,-0.0035380000000024836,249.16075,251.29033,-2.1295800000000042
2024-05-05 03:00:00,2663.3857,2272.9087,390.47699999999986,65.05319,61.271656,3.7815340000000006,23.567709,23.639948,-0.07223899999999972,249.08908,251.84445,-2.755369999999999
2024-05-05 04:00:00,3551.1807,3166.9653,384.21540000000005,69.465126,64.30197,5.163156000000001,23.769201,23.947966,-0.17876500000000206,249.49335,251.89656,-2.4032100000000014
2024-05-05 05:00:00,5681.889,5506.7153,175.17370000000028,80.37092,77.1019,3.2690199999999976,24.185867,24.500591,-0.3147240000000018,250.3701,252.23894,-1.8688400000000058
2024-05-05 06:00:00,9055.511,8993.762,61.748999999999796,97.77949,96.90017,0.8793199999999928,24.958984,25.285755,-0.3267710000000008,251.65848,253.52524,-1.8667599999999993
2024-05-05 07:00:00,11363.778,11486.802,-123.02399999999943,109.4938,111.4788,-1.9850000000000136,26.141422,26.102322,0.03909999999999769,253.63643,255.14792,-1.511490000000009
2024-05-05 08:00:00,12251.573,12261.65,-10.076999999999316,113.79859,113.67262,0.12597000000000946,27.241423,27.096352,0.1450710000000015,256.23706,257.19183,-0.9547699999999963
2024-05-05 09:00:00,9943.307,10029.537,-86.22999999999956,101.37275,101.80288,-0.43013000000000545,28.135197,28.197691,-0.062493999999997385,261.28244,262.1839,-0.9014599999999859
2024-05-05 10:00:00,8345.274,8255.621,89.65300000000025,92.74729,91.85363,0.8936600000000112,29.017933,29.048336,-0.030402999999999736,266.26608,267.81314,-1.5470599999999877
2024-05-05 11:00:00,7635.038,7530.0337,105.0042999999996,88.8602,87.35444,1.5057600000000093,29.551268,29.681303,-0.13003499999999946,270.71857,272.16757,-1.4490000000000123
2024-05-05 12:00:00,7279.9204,7307.2944,-27.373999999999796,86.85075,85.89183,0.9589200000000062,29.850819,29.97902,-0.12820099999999712,274.32706,275.29755,-0.9704899999999839
2024-05-05 13:00:00,7457.48,7422.482,34.99799999999959,87.77094,86.29616,1.4747799999999955,29.732885,30.037508,-0.3046229999999994,276.5072,277.3559,-0.848700000000008
2024-05-05 14:00:00,7990.1567,7881.8877,108.26899999999932,90.713974,88.66407,2.049903999999998,29.188145,29.831717,-0.6435720000000025,277.0571,278.15225,-1.0951499999999896
2024-05-05 15:00:00,9055.511,8910.784,144.72700000000077,96.52984,93.97145,2.5583899999999886,28.561037,29.290735,-0.7296980000000026,276.07727,277.24747,-1.1702000000000226
2024-05-05 16:00:00,11186.22,11014.151,172.0689999999995,107.98929,104.9218,3.0674899999999923,27.744965,28.485424,-0.7404589999999978,273.63687,274.34738,-0.7105099999999993
2024-05-05 17:00:00,13672.047,13284.276,387.77100000000064,121.34818,119.443275,1.9049049999999994,27.094965,27.522682,-0.42771700000000124,269.87653,270.05786,-0.18133000000000266
2024-05-05 18:00:00,14737.4,14675.311,62.08899999999994,127.32062,129.22806,-1.907439999999994,26.411184,26.661474,-0.2502899999999997,265.13187,265.81525,-0.6833799999999997
2024-05-05 19:00:00,12606.691,12676.897,-70.20600000000013,116.50192,119.59563,-3.0937100000000015,25.627403,25.878916,-0.2515129999999992,260.14313,261.18756,-1.044430000000034
2024-05-05 20:00:00,9943.307,10095.844,-152.53699999999844,102.84447,103.94815,-1.103679999999997,24.977852,25.22661,-0.24875800000000226,255.2758,257.22458,-1.9487799999999993
2024-05-05 21:00:00,7812.598,7743.2837,69.3143,91.946884,90.766205,1.1806789999999978,24.37252,24.66961,-0.2970899999999972,252.79721,254.28677,-1.4895599999999831
2024-05-05 22:00:00,5681.889,5774.014,-92.125,80.91109,82.350464,-1.4393740000000008,23.97252,24.153349,-0.18082899999999924,252.97826,252.57797,0.40029000000001247
2024-05-05 23:00:00,4794.0938,4758.522,35.57179999999971,76.37856,77.327065,-0.9485050000000115,23.564188,23.65504,-0.09085199999999816,253.81467,251.89053,1.9241399999999942
2024-05-06 00:00:00,5837.1235,5398.143,438.98049999999967,92.73967,79.483116,13.256554000000008,23.280407,23.601234,-0.3208270000000013,268.72336,264.89175,3.831610000000012
2024-05-06 01:00:00,4775.8286,4883.278,-107.44940000000042,87.32566,83.70039,3.6252700000000004,23.163292,23.366753,-0.20346100000000078,270.57242,271.42896,-0.8565399999999954
2024-05-06 02:00:00,3979.8567,4268.1973,-288.3406,83.24639,81.2814,1.9649900000000002,23.007586,23.33319,-0.32560399999999845,272.7047,272.30444,0.40026000000000295
2024-05-06 03:00:00,3979.8567,4044.0098,-64.1531,83.21432,80.27689,2.937430000000006,23.212915,23.331099,-0.1181839999999994,275.21866,273.1254,2.0932599999999866
2024-05-06 04:00:00,5306.476,5341.144,-34.668000000000575,90.09316,86.49614,3.5970200000000006,23.512915,23.532433,-0.01951800000000148,275.93814,274.4256,1.5125400000000013
2024-05-06 05:00:00,8490.362,9066.754,-576.3920000000016,106.48579,105.39454,1.091249999999988,24.048203,24.127987,-0.07978400000000008,277.16418,276.54062,0.6235599999999977
2024-05-06 06:00:00,13531.514,13666.966,-135.45200000000114,132.32198,131.51799,0.8039899999999989,25.002413,24.96704,0.03537299999999988,278.88272,279.0168,-0.1340799999999831
2024-05-06 07:00:00,16980.725,17177.693,-196.96800000000076,149.8659,151.76895,-1.903049999999979,26.15391,25.835476,0.3184339999999999,281.2846,280.74356,0.5410400000000095
2024-05-06 08:00:00,18307.344,18326.809,-19.465000000000146,156.4474,154.64395,1.803449999999998,27.310513,26.955866,0.35464699999999993,284.28552,284.08752,0.19800000000003593
2024-05-06 09:00:00,14858.134,14764.823,93.3109999999997,138.38559,139.76308,-1.3774899999999946,28.17718,28.152493,0.024687000000000126,289.7419,290.13013,-0.3882300000000214
2024-05-06 10:00:00,12470.218,12452.22,17.99800000000141,125.82308,125.76504,0.05804000000000542,28.993845,29.07766,-0.0838150000000013,295.06958,296.19037,-1.1207899999999995
2024-05-06 11:00:00,11408.923,11356.084,52.83899999999994,120.14554,119.20949,0.9360499999999945,29.643398,29.721123,-0.07772499999999738,299.80554,300.88547,-1.0799299999999903
2024-05-06 12:00:00,10878.275,10959.692,-81.41699999999946,117.27978,117.24809,0.03168999999999755,29.971626,30.06419,-0.09256399999999942,303.64062,304.29254,-0.6519199999999614
2024-05-06 13:00:00,11143.6,11069.651,73.94900000000052,118.61686,117.81547,0.8013899999999978,29.78874,30.189901,-0.4011609999999983,306.00024,306.8174,-0.8171600000000012
2024-05-06 14:00:00,11939.57,11818.056,121.51399999999921,122.743,121.78534,0.95765999999999,29.322521,29.966885,-0.644364000000003,306.66714,307.88434,-1.2171999999999912
2024-05-06 15:00:00,13531.514,13313.957,217.55699999999888,131.03624,129.6289,1.407340000000005,28.755856,29.415344,-0.6594879999999996,305.63614,306.99185,-1.3557099999999878
2024-05-06 16:00:00,16715.4,16253.466,461.9340000000011,147.59131,144.2502,3.3411099999999863,27.947521,28.688274,-0.7407530000000015,303.02008,304.3521,-1.33202
2024-05-06 17:00:00,20429.934,20276.77,153.16400000000067,166.87381,164.91843,1.955379999999991,27.198132,27.779888,-0.5817559999999986,298.97385,299.8459,-0.8720499999999447
2024-05-06 18:00:00,22021.877,22143.805,-121.92799999999988,175.19606,175.40192,-0.20586000000000126,26.51435,26.883102,-0.36875200000000063,293.78558,294.41608,-0.6305000000000405
2024-05-06 19:00:00,18837.99,18834.256,3.7340000000003783,158.9212,161.81683,-2.8956300000000113,25.698132,26.220058,-0.5219260000000006,288.29028,289.29648,-1.0061999999999784
2024-05-06 20:00:00,14858.134,14975.666,-117.53199999999924,138.54132,142.09833,-3.557009999999991,24.940247,25.643927,-0.7036800000000021,282.89,285.0604,-2.170400000000029
2024-05-06 21:00:00,11674.247,11707.735,-33.48800000000119,122.28648,123.63976,-1.353279999999998,24.270042,25.016657,-0.7466149999999985,279.96033,281.53027,-1.5699399999999741
2024-05-06 22:00:00,8490.362,8867.949,-377.58700000000135,106.01312,108.812546,-2.799425999999997,23.809616,24.442236,-0.6326200000000028,277.4533,278.68994,-1.2366399999999658
2024-05-06 23:00:00,7163.7427,7167.9946,-4.251900000000205,99.29817,97.14129,2.156880000000001,23.48372,23.868603,-0.38488299999999853,275.6497,276.2619,-0.6122000000000298
2024-05-07 00:00:00,3537.6973,5719.6274,-2181.9301000000005,60.08413,90.56122,-30.477090000000004,23.059977,23.37929,-0.31931300000000107,274.63443,275.23553,-0.601099999999974
2024-05-07 01:00:00,2894.4797,2714.9856,179.4940999999999,56.82037,65.002846,-8.182476000000008,22.710426,23.09155,-0.38112400000000335,273.91995,273.94077,-0.020820000000014716
2024-05-07 02:00:00,2412.0664,1961.5083,450.5581000000002,54.353123,55.80353,-1.4504070000000056,22.535873,22.851316,-0.3154430000000019,273.5211,273.07022,0.45087999999998374
2024-05-07 03:00:00,2412.0664,1872.4021,539.6643000000001,54.36151,52.28243,2.0790800000000047,22.589413,22.821173,-0.2317600000000013,273.52505,272.8744,0.6506500000000415
2024-05-07 04:00:00,3216.0886,2742.841,473.24760000000015,58.5708,53.89665,4.674149999999997,22.888964,23.013649,-0.12468499999999949,274.07455,272.9159,1.158649999999966
2024-05-07 05:00:00,5145.7417,5031.6353,114.10639999999967,68.736725,64.656654,4.080071000000004,23.579573,23.523518,0.05605500000000063,275.14456,273.91187,1.232689999999991
2024-05-07 06:00:00,8201.026,8104.5205,96.50550000000021,84.91742,81.08636,3.831060000000008,24.380018,24.40791,-0.02789200000000136,276.6325,276.16214,0.470359999999971
2024-05-07 07:00:00,10291.483,10470.522,-179.03900000000067,95.87129,94.43757,1.433720000000008,25.413801,25.38419,0.029610999999999166,278.9521,279.1764,-0.22430000000002792
2024-05-07 08:00:00,11095.505,11100.984,-5.479000000001179,99.929565,96.30992,3.6196449999999913,26.389189,26.43958,-0.050391000000001185,281.96112,282.71478,-0.7536600000000249
2024-05-07 09:00:00,9005.048,8767.113,237.9350000000013,88.479836,86.96291,1.5169260000000122,27.422522,27.453922,-0.031399999999997874,287.34677,287.74323,-0.3964599999999905
2024-05-07 10:00:00,7557.808,7490.06,67.74799999999959,80.47744,79.0014,1.4760399999999976,28.385752,28.261805,0.12394700000000114,292.58932,292.80103,-0.21171000000003914
2024-05-07 11:00:00,6914.5903,6933.3516,-18.76130000000012,76.86787,75.33553,1.5323399999999907,28.877256,28.847874,0.029381999999998243,297.31946,297.08594,0.23351999999999862
2024-05-07 12:00:00,6592.9814,6736.699,-143.71759999999995,75.04956,74.03114,1.018420000000006,28.927704,29.11103,-0.183326000000001,301.3307,300.45242,0.8782799999999611
2024-05-07 13:00:00,6753.7856,6782.8506,-29.0649999999996,75.844505,74.01034,1.8341649999999987,28.808271,29.059366,-0.2510949999999994,303.8338,302.7417,1.0921000000000163
2024-05-07 14:00:00,7236.199,7150.231,85.96799999999985,78.42273,75.88726,2.5354700000000037,28.650448,28.77446,-0.12401200000000046,304.70053,303.75488,0.9456500000000005
2024-05-07 15:00:00,8201.026,8087.387,113.63900000000012,83.64766,80.72904,2.918620000000004,28.26931,28.316551,-0.047240999999999644,303.99023,303.24252,0.7477099999999837
2024-05-07 16:00:00,10130.679,9974.934,155.7450000000008,94.06521,90.316315,3.7488949999999903,27.868414,27.721775,0.1466390000000004,301.81738,301.2728,0.5445799999999963
2024-05-07 17:00:00,12381.941,12143.633,238.3080000000009,106.247955,104.14181,2.106144999999998,27.37748,27.123236,0.2542439999999999,298.2407,297.81244,0.42826000000002296
2024-05-07 18:00:00,13346.767,13400.26,-53.49300000000039,111.58005,113.78705,-2.2069999999999936,26.777927,26.484043,0.2938839999999985,293.4441,292.95486,0.48923999999999523
2024-05-07 19:00:00,11417.114,11593.998,-176.88400000000001,101.45128,104.29747,-2.846190000000007,26.027927,25.704447,0.32348,288.33057,287.06354,1.2670300000000339
2024-05-07 20:00:00,9005.048,9371.603,-366.5549999999985,88.67526,90.02429,-1.349029999999999,25.30242,25.094944,0.20747599999999977,283.1992,282.28607,0.9131300000000238
2024-05-07 21:00:00,7075.3945,7116.1074,-40.712899999999536,78.41216,78.45736,-0.045199999999994134,24.735304,24.572617,0.16268699999999825,280.37326,278.81577,1.5574900000000298
2024-05-07 22:00:00,5145.7417,5212.5947,-66.85300000000007,67.96443,71.448616,-3.484186000000008,24.288292,24.171082,0.11721000000000004,278.03912,276.7637,1.2754200000000537
2024-05-07 23:00:00,4341.719,4294.2324,47.48660000000018,63.553543,67.51202,-3.958477000000009,23.705406,23.808298,-0.10289200000000065,276.33417,275.18433,1.1498399999999833
2024-05-08 00:00:00,8357.382,5073.9062,3283.4757999999993,97.72257,68.00464,29.71793000000001,23.23919,23.438183,-0.19899299999999798,275.38788,274.90903,0.47885000000002265
2024-05-08 01:00:00,6837.858,6132.6494,705.2085999999999,89.71013,79.182915,10.527215000000012,22.905853,23.152416,-0.2465629999999983,274.72348,274.36276,0.3607200000000148
2024-05-08 02:00:00,5698.215,5495.418,202.79700000000048,83.66261,76.650696,7.011914000000004,22.805853,22.988703,-0.18285000000000196,274.3698,273.7181,0.6517000000000053
2024-05-08 03:00:00,5698.215,5267.1934,431.02160000000003,83.48704,74.79075,8.69628999999999,22.956705,22.969555,-0.01285000000000025,274.47943,273.53223,0.9471999999999525
2024-05-08 04:00:00,7597.62,6344.867,1252.7529999999997,93.31281,80.391594,12.921216000000001,23.227257,23.14763,0.07962700000000211,275.0926,274.28223,0.8103699999999776
2024-05-08 05:00:00,12156.191,10922.35,1233.8410000000003,116.94111,103.83494,13.106169999999992,23.704332,23.664509,0.03982300000000194,276.302,276.63162,-0.32961999999997715
2024-05-08 06:00:00,19373.932,16878.068,2495.8640000000014,154.33804,137.40694,16.931100000000015,24.454779,24.479126,-0.02434700000000234,277.93787,278.7678,-0.8299300000000471
2024-05-08 07:00:00,24312.385,23129.615,1182.7699999999968,179.7792,170.33179,9.44740999999999,25.50478,25.385675,0.11910500000000113,280.31845,280.24023,0.07821999999998752
2024-05-08 08:00:00,26211.79,24952.363,1259.4269999999997,189.39026,179.24918,10.141080000000017,26.488113,26.533163,-0.04504999999999981,283.25385,283.63452,-0.38067000000000917
2024-05-08 09:00:00,21273.336,20327.424,945.9120000000003,163.45294,162.3104,1.1425400000000252,27.519701,27.678043,-0.15834199999999754,288.5892,289.53897,-0.9497700000000009
2024-05-08 10:00:00,17854.408,17096.975,757.4330000000009,145.48172,143.41464,2.0670800000000042,28.241146,28.599064,-0.35791799999999796,293.77512,295.60526,-1.8301399999999717
2024-05-08 11:00:00,16334.883,15777.101,557.7819999999992,137.45476,134.76617,2.688590000000005,28.754557,29.152117,-0.39756000000000213,298.39304,300.2083,-1.8152600000000234
2024-05-08 12:00:00,15575.121,15362.603,212.51800000000003,133.42181,132.4731,0.9487100000000055,28.97167,29.372478,-0.4008080000000014,302.30246,303.16605,-0.8635899999999879
2024-05-08 13:00:00,15955.002,15523.87,431.1319999999996,135.35875,133.12585,2.2328999999999724,28.855003,29.481695,-0.6266919999999985,304.79407,305.63223,-0.8381600000000162
2024-05-08 14:00:00,17094.645,16699.87,394.77500000000146,141.32309,138.96686,2.3562300000000107,28.750402,29.296343,-0.5459409999999991,305.74377,306.7913,-1.0475299999999947
2024-05-08 15:00:00,19373.932,18874.777,499.1550000000025,153.31187,149.8931,3.418769999999995,28.399954,28.812021,-0.4120670000000004,305.09552,305.93073,-0.8352099999999609
2024-05-08 16:00:00,23932.504,23716.727,215.77700000000186,177.22055,170.89174,6.328810000000004,27.783737,28.103537,-0.31980000000000075,302.93005,303.07227,-0.1422200000000089
2024-05-08 17:00:00,27501.629,28481.557,-979.9279999999999,202.06064,195.40242,6.65822,27.06126,27.352959,-0.2916989999999977,299.35898,298.98752,0.3714599999999564
2024-05-08 18:00:00,27501.629,29098.994,-1597.364999999998,202.06064,201.84465,0.215990000000005,26.378553,26.549683,-0.17113000000000156,294.52423,293.9466,0.5776299999999992
2024-05-08 19:00:00,26971.549,25322.482,1649.066999999999,193.82875,181.96654,11.862210000000005,25.728554,25.88363,-0.1550760000000011,289.30936,288.91815,0.39121000000000095
2024-05-08 20:00:00,21273.336,20815.781,457.5550000000003,164.46054,162.5179,1.9426400000000115,25.105406,25.405737,-0.3003309999999999,284.0907,285.31335,-1.2226499999999874
2024-05-08 21:00:00,16714.764,16156.866,557.8979999999992,140.95268,141.83713,-0.8844500000000153,24.588291,24.819214,-0.2309229999999971,281.23776,282.25537,-1.0176100000000474
2024-05-08 22:00:00,12156.191,12523.007,-366.8159999999989,117.30143,122.71408,-5.412649999999999,24.222073,24.359837,-0.1377639999999971,278.7595,279.92688,-1.16737999999998
2024-05-08 23:00:00,10256.786,10033.362,223.4240000000009,107.39378,103.71367,3.6801100000000133,23.789186,23.940105,-0.15091899999999825,276.96948,277.78625,-0.8167700000000195
2024-05-09 00:00:00,4193.7197,6380.471,-2186.7513,79.80509,92.58821,-12.783119999999997,23.439188,23.373219,0.06596900000000261,276.01428,276.29413,-0.27985000000001037
2024-05-09 01:00:00,3431.225,3255.8838,175.34119999999984,75.5752,70.835846,4.739353999999992,23.216621,23.080439,0.13618200000000158,275.36523,275.4234,-0.05817000000001826
2024-05-09 02:00:00,2859.3545,2516.4958,342.85869999999977,72.254135,65.81964,6.434494999999998,23.254644,22.941463,0.31318100000000015,274.98508,274.56274,0.42233999999996286
2024-05-09 03:00:00,2859.3545,2401.3362,458.0182999999997,71.90726,65.4536,6.453659999999999,23.387531,23.131107,0.2564239999999991,275.00577,274.83224,0.1735299999999711
2024-05-09 04:00:00,3812.4722,3346.256,466.2162000000003,76.684395,70.2699,6.414494999999988,23.548521,23.509956,0.03856500000000196,275.58572,275.58194,0.003780000000006112
2024-05-09 05:00:00,6099.9556,5906.1733,193.78229999999985,88.484795,83.931725,4.553070000000005,24.065636,24.119143,-0.05350699999999975,276.66043,277.21182,-0.5513899999999694
2024-05-09 06:00:00,9721.805,9690.04,31.764999999999418,107.3069,104.62927,2.6776299999999935,24.832302,24.97745,-0.1451480000000025,278.12387,279.50674,-1.3828699999999685
2024-05-09 07:00:00,12199.911,12370.022,-170.1110000000008,119.953514,121.43581,-1.4822960000000052,25.898521,25.869959,0.028561999999997312,280.34344,281.91098,-1.5675400000000081
2024-05-09 08:00:00,13153.029,13274.78,-121.7510000000002,124.457085,125.116234,-0.6591489999999993,27.014292,26.84408,0.17021199999999936,283.25165,284.71112,-1.4594700000000103
2024-05-09 09:00:00,10674.923,10676.415,-1.4920000000001892,110.78422,112.782364,-1.9981439999999964,27.965727,27.916985,0.04874200000000073,288.60178,289.6236,-1.021819999999991
2024-05-09 10:00:00,8959.31,9016.958,-57.64800000000105,101.26798,102.54972,-1.2817399999999992,28.838964,28.790287,0.048677000000001414,293.8621,294.98425,-1.1221499999999764
2024-05-09 11:00:00,8196.815,8265.327,-68.5119999999988,96.96489,97.82132,-0.8564300000000031,29.37721,29.444435,-0.06722499999999698,298.6655,299.692,-1.0264999999999986
2024-05-09 12:00:00,7815.5684,8010.649,-195.08060000000023,94.73965,96.166626,-1.4269759999999962,29.578375,29.765938,-0.18756299999999726,302.69107,303.47357,-0.7824999999999704
2024-05-09 13:00:00,8006.192,8094.364,-88.17199999999957,95.59956,96.289276,-0.6897160000000042,29.644594,29.81175,-0.16715599999999853,305.24164,306.2262,-0.9845599999999877
2024-05-09 14:00:00,8578.0625,8574.422,3.64049999999952,98.553894,98.69914,-0.1452460000000002,29.439457,29.655735,-0.21627799999999908,306.0757,307.68652,-1.6108199999999897
2024-05-09 15:00:00,9721.805,9684.171,37.634000000000015,104.62595,104.21325,0.41270000000000095,29.007961,29.245817,-0.23785599999999718,305.23703,307.2671,-2.0300700000000234
2024-05-09 16:00:00,12009.288,11874.778,134.51000000000022,116.76685,114.99276,1.774090000000001,28.241741,28.644316,-0.4025749999999988,302.89725,304.90152,-2.0042700000000195
2024-05-09 17:00:00,14678.02,14205.393,472.6270000000004,130.85674,128.22908,2.6276599999999917,27.491741,27.873419,-0.3816779999999973,299.146,300.56296,-1.4169599999999605
2024-05-09 18:00:00,15821.762,15477.359,344.40300000000025,136.88927,135.74446,1.1448100000000068,26.890577,27.024235,-0.1336580000000005,294.25656,294.91245,-0.6558899999999994
2024-05-09 19:00:00,13534.276,13449.948,84.32799999999952,124.70051,126.291306,-1.5907960000000116,26.31622,26.244974,0.07124600000000214,289.03116,289.31165,-0.28048999999998614
2024-05-09 20:00:00,10674.923,10736.957,-62.03399999999965,109.5141,109.34904,0.16505999999999688,25.778645,25.645714,0.13293099999999924,283.87225,284.51938,-0.6471300000000042
2024-05-09 21:00:00,8387.439,8364.446,22.993000000000393,97.40777,95.73558,1.6721900000000005,25.14437,25.170336,-0.025966000000000378,281.17184,280.893,0.2788400000000024
2024-05-09 22:00:00,6099.9556,6169.5977,-69.64210000000003,85.34532,86.30103,-0.9557099999999963,24.611485,24.730381,-0.118896000000003,278.89883,278.40512,0.49370999999996457
2024-05-09 23:00:00,5146.8374,4997.8833,148.95409999999993,80.42463,80.329185,0.095444999999998,24.211485,24.29604,-0.08455500000000171,277.23535,276.38095,0.8543999999999983
2024-05-10 00:00:00,4257.751,5324.592,-1066.8409999999994,65.99517,79.15667,-13.161500000000004,23.809423,23.921919,-0.11249600000000015,276.25586,275.58383,0.6720300000000066
2024-05-10 01:00:00,3483.6145,3577.848,-94.23349999999982,61.99013,67.76,-5.7698700000000045,23.541862,23.745358,-0.20349600000000123,275.524,275.38956,0.13443999999998368
2024-05-10 02:00:00,2903.0122,2869.5173,33.49490000000014,58.97298,63.370144,-4.397164000000004,23.388515,23.613937,-0.22542199999999823,275.1028,274.8498,0.2529999999999859
2024-05-10 03:00:00,2903.0122,2821.928,81.08420000000024,58.943317,61.65787,-2.714553000000002,23.372295,23.62911,-0.25681499999999957,275.0428,274.7795,0.2633000000000152
2024-05-10 04:00:00,3870.6826,3907.502,-36.81939999999986,63.962204,63.998676,-0.03647200000000339,23.598164,23.807285,-0.20912099999999967,275.53647,275.12,0.4164700000000039
2024-05-10 05:00:00,6193.0923,6601.9463,-408.85399999999936,76.06118,75.04725,1.0139299999999878,24.11483,24.281683,-0.1668529999999997,276.5782,276.5283,0.04989999999997963
2024-05-10 06:00:00,9870.241,10154.796,-284.5550000000003,95.241844,94.1497,1.0921440000000047,25.047716,25.091381,-0.04366499999999718,278.06464,279.24185,-1.1772100000000023
2024-05-10 07:00:00,12386.185,12682.224,-296.03900000000067,108.25809,111.365715,-3.1076249999999987,26.19643,26.073763,0.12266699999999986,280.36197,282.08408,-1.7221099999999865
2024-05-10 08:00:00,13353.855,13295.177,58.677999999999884,113.1616,113.132484,0.029116000000001918,27.230213,27.132128,0.09808499999999754,283.36417,285.23996,-1.875789999999995
2024-05-10 09:00:00,10837.911,10837.427,0.48400000000037835,99.6885,101.69448,-2.005979999999994,28.147327,28.183302,-0.035975000000000534,288.83167,290.42688,-1.5952100000000087
2024-05-10 10:00:00,9096.1045,9174.948,-78.84350000000086,90.31055,90.97587,-0.6653199999999941,29.10569,29.006205,0.09948499999999783,294.20538,295.52985,-1.3244700000000194
2024-05-10 11:00:00,8321.968,8354.309,-32.34099999999853,86.10376,85.70189,0.4018699999999882,29.689024,29.60774,0.08128400000000013,299.0063,299.75757,-0.7512699999999768
2024-05-10 12:00:00,7934.8994,8063.6343,-128.73489999999947,83.97547,83.92718,0.04828999999999439,30.03562,29.911322,0.12429800000000313,302.96954,303.1043,-0.1347600000000284
2024-05-10 13:00:00,8128.4336,8152.3384,-23.90479999999934,85.00241,84.325005,0.6774049999999932,29.877031,30.027943,-0.1509120000000017,305.46542,305.7201,-0.25468000000000757
2024-05-10 14:00:00,8709.036,8674.088,34.94800000000032,88.10048,87.28576,0.8147200000000083,29.479929,29.863403,-0.3834740000000032,306.25183,307.0985,-0.8466700000000174
2024-05-10 15:00:00,9870.241,9857.619,12.621999999999389,94.32637,93.93313,0.3932399999999916,29.063711,29.415766,-0.352055,305.4311,306.7811,-1.349999999999966
2024-05-10 16:00:00,12192.65,12082.86,109.78999999999905,106.74929,106.51525,0.23404000000000735,28.414158,28.8048,-0.3906419999999997,303.08783,304.69498,-1.60714999999999
2024-05-10 17:00:00,14902.129,14704.0205,198.10850000000028,121.23349,122.41686,-1.1833699999999965,27.88305,28.06644,-0.18338999999999928,299.41525,300.66467,-1.2494199999999864
2024-05-10 18:00:00,16063.333,16056.859,6.47400000000016,127.60328,130.48712,-2.8838400000000064,27.368893,27.339611,0.029281999999998476,294.64023,295.57486,-0.9346300000000269
2024-05-10 19:00:00,13740.924,13858.415,-117.49099999999999,115.63549,119.43925,-3.803759999999997,26.77748,26.62146,0.1560200000000016,289.47284,290.15805,-0.6852099999999837
2024-05-10 20:00:00,10837.911,11202.906,-364.9950000000008,100.63547,102.360435,-1.7249649999999974,26.10881,26.06202,0.04678999999999789,284.3157,285.443,-1.127299999999991
2024-05-10 21:00:00,8515.502,8543.051,-27.54899999999907,88.72006,88.19606,0.5240000000000009,25.292593,25.502087,-0.2094939999999994,281.46872,281.41367,0.05504999999999427
2024-05-10 22:00:00,6193.0923,6266.2207,-73.1283999999996,76.7272,78.9766,-2.2494000000000085,24.700447,24.934834,-0.23438699999999812,276.74896,278.4344,-1.6854399999999714
2024-05-10 23:00:00,5225.4214,5139.304,86.11740000000009,71.82307,73.244804,-1.4217340000000007,24.133335,24.398142,-0.2648070000000011,272.6283,275.49188,-2.8635799999999563
2024-05-11 00:00:00,5750.767,5341.698,409.0689999999995,70.382355,74.79106,-4.408704999999998,23.753405,23.824413,-0.07100799999999907,255.76433,259.29678,-3.5324500000000114
2024-05-11 01:00:00,4705.1733,4628.346,76.82730000000083,65.173706,70.10891,-4.935203999999999,23.453403,23.566963,-0.11355999999999966,252.85457,251.5471,1.307469999999995
2024-05-11 02:00:00,3920.978,4053.855,-132.87699999999995,61.302475,66.84757,-5.545095000000003,23.27052,23.411406,-0.1408859999999983,250.24608,249.34918,0.8969000000000165
2024-05-11 03:00:00,3920.978,3921.69,-0.7119999999999891,61.389404,65.41929,-4.029886000000005,23.333557,23.369402,-0.0358450000000019,248.09341,248.3199,-0.2264899999999841
2024-05-11 04:00:00,5227.97,5339.264,-111.29399999999987,68.147026,71.29531,-3.148284000000004,23.516891,23.457111,0.059779999999999944,248.57495,247.60335,0.9715999999999951
2024-05-11 05:00:00,8364.753,8863.765,-499.0119999999988,84.227646,88.307816,-4.08017000000001,24.151106,23.948088,0.20301800000000014,249.49934,248.65298,0.8463599999999758
2024-05-11 06:00:00,13331.324,13484.809,-153.48499999999876,109.64612,115.11714,-5.47102000000001,24.917774,24.888296,0.029478000000001003,250.77048,251.58652,-0.8160400000000152
2024-05-11 07:00:00,16729.506,17056.041,-326.53499999999985,126.97676,135.99515,-9.018389999999997,25.811037,25.83513,-0.024093000000000586,252.71283,253.74193,-1.0290999999999997
2024-05-11 08:00:00,18036.498,18119.172,-82.67399999999907,133.60753,138.01562,-4.408090000000016,26.636486,26.81028,-0.17379399999999734,255.27246,256.10776,-0.8352999999999895
2024-05-11 09:00:00,14638.317,14469.583,168.73399999999856,116.08841,123.74779,-7.659379999999999,27.51982,27.733826,-0.21400600000000125,260.219,260.9084,-0.6893999999999778
2024-05-11 10:00:00,12285.73,12226.956,58.77399999999943,103.93811,109.46262,-5.5245100000000065,28.442997,28.440931,0.002065999999999235,265.05167,265.9533,-0.9016300000000115
2024-05-11 11:00:00,11240.137,11177.949,62.1880000000001,98.53471,101.97044,-3.4357299999999924,29.107885,28.954002,0.15388300000000044,269.3818,270.16885,-0.787050000000022
2024-05-11 12:00:00,10717.34,10818.174,-100.83400000000074,95.88778,98.980316,-3.0925359999999955,29.3293,29.231518,0.0977819999999987,272.9926,273.66702,-0.6744199999999978
2024-05-11 13:00:00,10978.737,10912.204,66.53299999999945,97.32718,98.76524,-1.4380600000000072,29.096415,29.320988,-0.22457299999999947,275.2239,276.64377,-1.419870000000003
2024-05-11 14:00:00,11762.934,11589.503,173.43099999999868,101.43359,102.3461,-0.9125100000000117,28.73853,29.091305,-0.3527749999999976,275.873,278.06256,-2.1895600000000286
2024-05-11 15:00:00,13331.324,13006.304,325.02000000000044,109.6036,110.78057,-1.1769699999999972,28.221865,28.560793,-0.33892799999999923,274.9698,277.37192,-2.402119999999968
2024-05-11 16:00:00,16468.107,15902.22,565.8870000000006,125.85676,126.756615,-0.8998550000000023,27.532019,27.894396,-0.36237700000000217,272.6005,274.8137,-2.213199999999972
2024-05-11 17:00:00,20127.686,19812.404,315.2820000000029,144.80943,146.47026,-1.6608300000000042,26.898235,27.19785,-0.2996149999999993,268.9467,270.93738,-1.9906799999999976
2024-05-11 18:00:00,21696.078,21763.346,-67.26800000000003,153.11711,156.23207,-3.1149599999999964,26.132017,26.522507,-0.3904899999999998,264.24985,266.29358,-2.043730000000039
2024-05-11 19:00:00,18559.297,18552.734,6.562999999998283,137.31003,144.0727,-6.762669999999986,25.404974,25.841488,-0.43651399999999896,259.26633,261.16916,-1.9028299999999945
2024-05-11 20:00:00,14638.317,14625.595,12.721999999999753,117.4582,123.93133,-6.473129999999998,24.80563,25.2184,-0.4127699999999983,254.35535,256.7103,-2.3549500000000307
2024-05-11 21:00:00,11501.534,11545.075,-43.54100000000108,101.63397,104.92006,-3.2860900000000015,24.211052,24.634018,-0.4229660000000024,251.86508,253.54022,-1.675139999999999
2024-05-11 22:00:00,8364.753,8654.818,-290.0649999999987,85.819756,90.61079,-4.791033999999996,23.83895,24.139952,-0.30100200000000044,249.80493,251.87885,-2.073919999999987
2024-05-11 23:00:00,7057.76,7022.6143,35.14570000000003,79.31445,80.36509,-1.0506400000000014,23.571848,23.635542,-0.0636940000000017,248.36066,251.24495,-2.884289999999993
2024-05-12 00:00:00,4285.251,5840.705,-1555.4539999999997,64.34862,77.683586,-13.334966000000009,23.20563,23.324656,-0.11902600000000163,247.57732,249.7522,-2.1748800000000017
2024-05-12 01:00:00,3506.1145,3561.691,-55.57649999999967,60.305916,64.32547,-4.019553999999992,22.916904,23.080166,-0.16326199999999957,247.0671,249.74681,-2.67971
2024-05-12 02:00:00,2921.762,2893.281,28.481000000000222,57.25796,59.964817,-2.7068569999999994,22.750237,22.974049,-0.22381200000000234,246.8369,249.19533,-2.3584299999999985
2024-05-12 03:00:00,2921.762,2710.0122,211.74980000000005,57.22492,57.765594,-0.5406740000000028,22.855616,23.041298,-0.1856819999999999,246.8927,249.17421,-2.2815099999999973
2024-05-12 04:00:00,3895.6824,3617.262,278.4204,62.168766,60.560127,1.6086389999999966,23.221388,23.300951,-0.07956300000000027,247.42035,248.90797,-1.4876199999999926
2024-05-12 05:00:00,6233.0923,6133.202,99.89030000000002,74.31168,73.29797,1.013709999999989,23.737593,23.870573,-0.13297999999999988,248.39981,249.09523,-0.6954199999999844
2024-05-12 06:00:00,9933.99,9884.894,49.09599999999955,93.66965,93.01653,0.6531200000000013,24.53804,24.714981,-0.1769410000000029,249.77545,250.71286,-0.9374099999999999
2024-05-12 07:00:00,12466.185,12318.413,147.77199999999903,106.80233,108.26885,-1.4665200000000027,25.55021,25.613916,-0.06370599999999982,251.86482,252.82109,-0.9562699999999893
2024-05-12 08:00:00,13440.105,13032.35,407.7549999999992,111.676254,110.57434,1.1019139999999936,26.60021,26.60235,-0.002140000000000697,254.57288,255.22433,-0.6514500000000112
2024-05-12 09:00:00,10907.911,10756.809,151.10200000000077,97.93436,99.46724,-1.5328800000000058,27.649763,27.63298,0.016783000000000214,259.689,260.0752,-0.3861999999999739
2024-05-12 10:00:00,9154.8545,9073.882,80.97249999999985,88.39195,88.817535,-0.4255850000000123,28.710814,28.49358,0.2172339999999977,264.7074,265.65005,-0.9426500000000146
2024-05-12 11:00:00,8375.718,8273.968,101.75,84.136826,83.64311,0.49371600000000626,29.244608,29.164188,0.08042000000000016,269.24338,270.17212,-0.9287400000000048
2024-05-12 12:00:00,7986.149,8000.5493,-14.400299999999334,82.00361,81.85467,0.14893999999999608,29.461723,29.47362,-0.011897000000001157,273.02457,273.51468,-0.4901100000000156
2024-05-12 13:00:00,8180.933,8107.358,73.57499999999982,83.034706,82.26885,0.7658559999999994,29.350449,29.533993,-0.1835439999999977,275.40967,275.81903,-0.4093599999999924
2024-05-12 14:00:00,8765.286,8615.224,150.0619999999999,86.21014,85.17236,1.037779999999998,29.05045,29.339064,-0.28861399999999904,276.12552,276.92017,-0.7946499999999901
2024-05-12 15:00:00,9933.99,9695.311,238.6790000000001,92.549965,91.37569,1.1742749999999944,28.659903,28.89069,-0.2307869999999994,275.2867,276.62225,-1.335550000000012
2024-05-12 16:00:00,12271.4,11796.354,475.0460000000003,105.161156,103.58818,1.5729760000000113,27.888517,28.265625,-0.3771079999999998,272.99432,274.7176,-1.7232799999999884
2024-05-12 17:00:00,14998.379,14498.319,500.0600000000013,119.90698,120.67338,-0.7663999999999902,27.15654,27.418179,-0.26163899999999884,269.40723,270.9059,-1.4986699999999473
2024-05-12 18:00:00,16167.084,16004.314,162.77000000000044,126.41232,130.22179,-3.8094700000000046,26.44731,26.523382,-0.07607199999999992,264.78864,266.16232,-1.3736800000000358
2024-05-12 19:00:00,13829.674,13555.867,273.8070000000007,114.303635,119.46013,-5.156495000000007,25.78109,25.747366,0.03372399999999942,259.90714,261.11688,-1.2097399999999539
2024-05-12 20:00:00,10907.911,11058.234,-150.32300000000032,99.0747,103.174515,-4.099814999999992,25.247757,25.166306,0.08145100000000127,255.1706,256.9682,-1.797600000000017
2024-05-12 21:00:00,8570.502,8449.1045,121.39750000000095,86.87263,88.71319,-1.8405599999999964,24.84686,24.678215,0.16864499999999794,252.83804,254.10262,-1.2645799999999952
2024-05-12 22:00:00,6233.0923,6248.366,-15.273699999999735,74.56469,79.21927,-4.654579999999996,24.584019,24.274,0.3100190000000005,253.11339,252.75307,0.36032000000000153
2024-05-12 23:00:00,5259.1714,5179.1743,79.9971000000005,69.49894,72.94948,-3.4505399999999895,24.157661,23.89147,0.2661909999999992,253.9801,252.49406,1.4860400000000027
2024-05-13 00:00:00,4947.301,5489.7896,-542.4885999999997,85.793495,73.866455,11.927039999999991,23.734455,23.824461,-0.09000599999999892,268.93625,264.8255,4.110749999999996
2024-05-13 01:00:00,4047.7915,4178.018,-130.22650000000021,81.18803,74.67537,6.512659999999997,23.50517,23.609509,-0.10433899999999952,270.818,271.75458,-0.9365799999999922
2024-05-13 02:00:00,3373.1597,3506.7727,-133.61299999999983,77.626854,73.24644,4.380413999999988,23.469807,23.550652,-0.08084500000000006,272.9267,272.6954,0.23129999999997608
2024-05-13 03:00:00,3373.1597,3442.7808,-69.62109999999984,77.52151,73.039505,4.482005000000001,23.835579,23.651894,0.18368500000000054,275.3747,273.82675,1.5479500000000144
2024-05-13 04:00:00,4497.5464,4660.573,-163.02660000000014,83.38001,79.07005,4.309960000000004,24.098421,24.016747,0.08167399999999958,276.00742,275.37723,0.6301900000000273
2024-05-13 05:00:00,7196.074,7667.5127,-471.4387000000006,97.35674,94.98428,2.372460000000004,24.509007,24.717964,-0.20895699999999806,277.1233,277.421,-0.2977000000000203
2024-05-13 06:00:00,11468.742,11680.338,-211.59599999999955,119.4052,117.56448,1.8407199999999904,25.234905,25.56363,-0.3287249999999986,278.64532,279.9516,-1.3062799999999584
2024-05-13 07:00:00,14392.148,14370.242,21.90599999999904,134.34918,135.01294,-0.6637599999999964,26.234905,26.314146,-0.07924099999999967,280.7935,281.59586,-0.8023600000000215
2024-05-13 08:00:00,15516.534,15508.81,7.72400000000016,139.9647,138.30307,1.6616300000000024,27.253601,27.232862,0.020738999999998953,283.57117,284.3822,-0.8110300000000166
2024-05-13 09:00:00,12593.129,12615.895,-22.76599999999962,124.5237,125.68262,-1.1589199999999948,28.085587,28.278336,-0.19274899999999917,288.84897,289.84787,-0.9988999999999919
2024-05-13 10:00:00,10569.233,10641.05,-71.8169999999991,113.750084,113.67822,0.07186400000000503,28.932657,29.142944,-0.210287000000001,294.04868,295.68872,-1.640039999999999
2024-05-13 11:00:00,9669.724,9695.535,-25.810999999999694,108.85127,108.10433,0.746939999999995,29.56914,29.76195,-0.19280999999999793,298.73648,300.3046,-1.5681200000000217
2024-05-13 12:00:00,9219.969,9320.083,-100.1140000000014,106.38096,106.26043,0.12053000000000225,29.802473,30.090832,-0.2883589999999998,302.65808,303.79242,-1.1343400000000088
2024-05-13 13:00:00,9444.847,9399.224,45.62299999999959,107.50024,106.514725,0.9855150000000066,29.685808,30.161985,-0.47617699999999985,305.16226,306.3856,-1.2233400000000074
2024-05-13 14:00:00,10119.479,9997.526,121.95299999999952,110.97409,109.50816,1.4659300000000002,29.477032,29.933434,-0.4564019999999971,305.95844,307.61972,-1.6612799999999766
2024-05-13 15:00:00,11468.742,11187.676,281.0660000000007,118.02021,115.82669,2.1935200000000066,29.085142,29.45462,-0.3694779999999973,305.02167,307.06857,-2.0469000000000506
2024-05-13 16:00:00,14167.271,13618.287,548.9840000000004,132.13445,128.28499,3.8494599999999934,28.31059,28.810865,-0.5002749999999985,302.51196,304.80887,-2.2969100000000253
2024-05-13 17:00:00,17315.555,17083.686,231.86899999999878,148.6362,146.72516,1.911040000000014,27.466671,27.970219,-0.5035479999999986,298.6033,300.53497,-1.931669999999997
2024-05-13 18:00:00,18664.816,18616.875,47.940999999998894,155.78535,155.91042,-0.1250699999999938,26.716671,27.063553,-0.34688199999999725,293.57156,295.13464,-1.5630800000000136
2024-05-13 19:00:00,15966.289,15854.841,111.44800000000032,141.88719,144.1394,-2.252209999999991,26.035595,26.365807,-0.3302119999999995,288.22455,290.08435,-1.8597999999999502
2024-05-13 20:00:00,12593.129,12800.285,-207.15599999999904,124.45993,126.633644,-2.173714000000004,25.562624,25.791986,-0.22936200000000184,282.9769,285.72842,-2.7515200000000277
2024-05-13 21:00:00,9894.602,10003.776,-109.17399999999907,110.61277,110.57685,0.03592000000000439,25.004513,25.270893,-0.2663800000000016,280.19833,281.96353,-1.765199999999993
2024-05-13 22:00:00,7196.074,7462.137,-266.0630000000001,96.78333,98.52886,-1.745529999999988,24.52996,24.776953,-0.2469929999999998,277.9738,279.03293,-1.0591300000000388
2024-05-13 23:00:00,6071.687,6019.4546,52.23239999999987,91.129684,89.676346,1.4533380000000022,24.06848,24.27356,-0.20507999999999882,276.47205,276.65808,-0.18602999999995973
2024-05-14 00:00:00,6836.378,5463.979,1372.3989999999994,85.82986,85.59732,0.2325400000000002,23.744371,23.824842,-0.0804709999999993,275.69858,276.2279,-0.5293199999999842
2024-05-14 01:00:00,5593.4,5126.4883,466.91169999999966,79.686874,81.56481,-1.8779359999999912,23.627258,23.676132,-0.048873999999997864,275.14893,275.74814,-0.5992099999999709
2024-05-14 02:00:00,4661.167,4563.695,97.47200000000066,75.06864,77.71568,-2.647040000000004,23.609005,23.566423,0.042581999999999454,274.89932,275.06534,-0.16602000000000317
2024-05-14 03:00:00,4661.167,4417.305,243.86200000000008,75.12399,75.70409,-0.5800999999999874,23.57567,23.632616,-0.05694599999999994,275.0918,274.8804,0.21139999999996917
2024-05-14 04:00:00,6214.889,6228.9175,-14.02849999999944,82.96393,83.23503,-0.2710999999999899,23.792784,23.788994,0.0037900000000021805,275.7709,275.7105,0.06039999999995871
2024-05-14 05:00:00,9943.822,10588.541,-644.7189999999991,101.732704,104.5619,-2.829195999999996,24.376118,24.403345,-0.02722699999999989,276.95636,277.84167,-0.885310000000004
2024-05-14 06:00:00,15847.969,15792.636,55.33299999999872,131.43115,132.02048,-0.5893299999999897,25.176567,25.255146,-0.07857900000000129,278.50885,279.94867,-1.4398199999999974
2024-05-14 07:00:00,19887.646,20022.484,-134.83799999999974,151.60997,154.83163,-3.2216599999999858,26.294146,26.096138,0.19800800000000152,280.8416,281.48428,-0.6426799999999844
2024-05-14 08:00:00,21441.367,21596.787,-155.4200000000019,159.24344,160.28946,-1.0460199999999986,27.239878,27.179113,0.06076499999999996,283.73862,284.53696,-0.798339999999996
2024-05-14 09:00:00,17401.691,17200.66,201.03099999999904,138.63216,143.57948,-4.947319999999991,28.149776,28.273415,-0.12363900000000072,288.95685,290.17554,-1.2186900000000378
2024-05-14 10:00:00,14604.99,14344.77,260.21999999999935,124.354385,126.4277,-2.073315000000008,28.800224,29.09644,-0.29621600000000115,293.99667,296.01822,-2.0215499999999906
2024-05-14 11:00:00,13362.013,13095.294,266.71900000000096,117.955635,118.57609,-0.6204549999999927,29.171385,29.596226,-0.4248410000000007,298.4722,300.38602,-1.913819999999987
2024-05-14 12:00:00,12740.522,12686.425,54.09700000000157,114.73078,116.28826,-1.5574799999999982,29.284918,29.75272,-0.46780199999999894,302.17072,303.2989,-1.1281799999999862
2024-05-14 13:00:00,13051.268,12848.119,203.14899999999943,116.273254,117.174446,-0.9011920000000089,29.18311,29.726053,-0.5429430000000011,304.36536,305.44525,-1.0798899999999776
2024-05-14 14:00:00,13983.501,13794.318,189.1830000000009,121.06236,122.31671,-1.2543500000000023,28.83738,29.454115,-0.616735000000002,304.98425,306.2575,-1.2732500000000186
2024-05-14 15:00:00,15847.969,15644.123,203.84599999999955,130.6419,132.28693,-1.6450300000000198,28.204493,28.864359,-0.659866000000001,304.04944,305.13055,-1.0811100000000238
2024-05-14 16:00:00,19576.902,19357.162,219.73999999999796,149.69742,150.28029,-0.582870000000014,27.50494,28.05988,-0.5549399999999984,301.64536,302.23752,-0.5921600000000353
2024-05-14 17:00:00,23927.324,24119.715,-192.39099999999962,171.90982,172.25186,-0.34203999999999724,26.817116,27.273216,-0.45610000000000284,297.83603,298.11688,-0.2808499999999867
2024-05-14 18:00:00,25791.791,26181.242,-389.4509999999973,181.53827,182.743,-1.2047299999999836,26.2,26.534613,-0.33461300000000094,292.83743,293.26892,-0.4314899999999966
2024-05-14 19:00:00,22062.857,22412.178,-349.3209999999999,162.8904,167.24475,-4.354350000000011,25.56622,25.869518,-0.30329799999999807,287.53372,288.3437,-0.8099799999999959
2024-05-14 20:00:00,17401.691,17627.018,-225.32700000000114,139.5034,145.2919,-5.788499999999999,24.871384,25.279955,-0.408571000000002,282.22562,284.3998,-2.1741800000000353
2024-05-14 21:00:00,13672.756,13693.859,-21.103000000000975,120.772575,124.19127,-3.4186949999999996,24.22183,24.629406,-0.40757599999999883,279.2869,281.13593,-1.8490299999999706
2024-05-14 22:00:00,9943.822,10428.65,-484.8279999999995,101.88501,106.531975,-4.646965000000009,23.688946,24.09808,-0.4091339999999981,276.7792,278.44363,-1.6644299999999816
2024-05-14 23:00:00,8390.101,8356.451,33.650000000001455,93.9688,92.12596,1.8428399999999954,23.222279,23.582895,-0.36061600000000027,274.94998,275.93585,-0.985870000000034
2024-05-15 00:00:00,5285.6016,6106.7476,-821.1459999999997,70.569084,83.927666,-13.358581999999998,22.92748,23.052326,-0.12484600000000157,273.9263,274.27017,-0.34386999999998125
2024-05-15 01:00:00,4324.583,4253.3857,71.19729999999981,65.51871,68.42374,-2.9050299999999964,22.710348,22.792885,-0.08253699999999853,273.2147,273.42624,-0.2115400000000136
2024-05-15 02:00:00,3603.819,3579.1494,24.669600000000173,61.673233,63.39938,-1.7261469999999974,22.644129,22.690578,-0.046448999999999074,272.8551,272.77927,0.07582999999999629
2024-05-15 03:00:00,3603.819,3364.3347,239.48430000000008,61.56294,61.18862,0.3743199999999973,22.694576,22.793634,-0.09905799999999942,272.937,272.7438,0.19319999999999027
2024-05-15 04:00:00,4805.0923,4583.4155,221.67680000000018,67.76941,65.5386,2.230809999999991,22.944818,23.074118,-0.12929999999999708,273.53616,273.1888,0.3473599999999806
2024-05-15 05:00:00,7688.148,7841.3047,-153.15669999999955,82.64079,81.10877,1.5320199999999886,23.52815,23.67781,-0.1496600000000008,274.62155,274.7176,-0.09604999999999109
2024-05-15 06:00:00,12252.985,12243.152,9.833000000000538,106.11825,104.332245,1.786005000000003,24.322054,24.572777,-0.25072299999999714,276.0935,277.1954,-1.1019000000000005
2024-05-15 07:00:00,15376.296,15302.733,73.5630000000001,122.018555,124.3959,-2.377344999999991,25.338291,25.44839,-0.11009899999999817,278.332,279.33035,-0.9983500000000163
2024-05-15 08:00:00,16577.568,16486.217,91.35099999999875,127.965034,128.95326,-0.9882259999999974,26.305407,26.374386,-0.06897900000000234,281.17273,281.86658,-0.6938499999999976
2024-05-15 09:00:00,13454.259,13186.927,267.33200000000033,111.49315,114.67885,-3.185699999999997,27.234213,27.335361,-0.10114799999999846,286.4085,286.84015,-0.43164999999999054
2024-05-15 10:00:00,11291.967,11081.246,210.72100000000137,100.01867,101.56261,-1.5439400000000063,28.00088,28.105183,-0.10430300000000159,291.5529,292.0457,-0.49279999999998836
2024-05-15 11:00:00,10330.948,10191.063,139.88500000000022,94.822914,95.44171,-0.6187960000000032,28.534212,28.624266,-0.09005399999999852,296.19388,296.22205,-0.028170000000045547
2024-05-15 12:00:00,9850.439,9897.056,-46.61700000000019,92.20149,93.387505,-1.1860149999999976,28.805183,28.859018,-0.05383499999999941,300.07587,299.51624,0.5596300000000269
2024-05-15 13:00:00,10090.693,10060.296,30.396999999999025,93.45885,93.712875,-0.2540249999999986,28.704735,28.887865,-0.183130000000002,302.4891,302.06396,0.42513999999999896
2024-05-15 14:00:00,10811.458,10751.314,60.14400000000023,97.324234,97.03377,0.29046400000000006,28.398674,28.649988,-0.2513140000000007,303.2683,303.32083,-0.052529999999990196
2024-05-15 15:00:00,12252.985,12137.773,115.21200000000135,105.001915,104.50604,0.49587499999999807,27.904099,28.17121,-0.2671109999999999,302.42664,302.765,-0.338359999999966
2024-05-15 16:00:00,15136.041,14896.4,239.64099999999962,120.1956,119.198395,0.9972049999999939,27.188534,27.526417,-0.33788299999999793,300.07428,300.37384,-0.2995599999999854
2024-05-15 17:00:00,18499.605,18288.98,210.625,137.8629,137.7847,0.0782000000000096,26.515135,26.77005,-0.25491500000000045,296.338,296.11423,0.2237700000000018
2024-05-15 18:00:00,19941.133,19872.18,68.95300000000134,145.57109,147.47314,-1.9020500000000027,25.947573,26.03979,-0.09221700000000155,291.3955,291.18365,0.21185000000002674
2024-05-15 19:00:00,17058.078,16715.346,342.73199999999997,130.90462,133.39738,-2.492760000000004,25.31379,25.294136,0.019653999999999172,286.13553,285.9542,0.18133000000000266
2024-05-15 20:00:00,13454.259,13372.836,81.42300000000068,112.46964,114.13397,-1.6643300000000067,24.55408,24.68639,-0.13231000000000037,280.975,281.5724,-0.5973999999999933
2024-05-15 21:00:00,10571.203,10590.384,-19.181000000000495,97.71943,97.12641,0.5930199999999957,23.954527,24.108517,-0.1539900000000003,278.24026,277.92877,0.31148999999999205
2024-05-15 22:00:00,7688.148,7868.971,-180.8229999999994,82.79548,85.02024,-2.2247600000000034,23.620092,23.69846,-0.0783680000000011,275.96805,275.6342,0.333849999999984
2024-05-15 23:00:00,6486.8745,6376.323,110.55149999999958,76.5054,77.161835,-0.6564350000000019,23.269644,23.335857,-0.06621300000000119,274.32718,273.94897,0.37821000000002414
2024-05-16 00:00:00,4565.629,5607.7637,-1042.1347000000005,75.0551,73.924835,1.1302649999999943,23.044369,22.979603,0.06476599999999877,273.4919,273.65622,-0.164320000000032
2024-05-16 01:00:00,3735.515,3913.5442,-178.02919999999995,70.5703,68.37977,2.1905300000000096,22.74747,22.817232,-0.06976200000000077,272.93057,273.56927,-0.6387000000000285
2024-05-16 02:00:00,3112.929,3324.4382,-211.50919999999996,67.09379,66.87779,0.21599999999999397,22.655323,22.74805,-0.092727,272.60007,273.169,-0.5689299999999662
2024-05-16 03:00:00,3112.929,3121.372,-8.442999999999756,66.775764,66.022675,0.7530889999999886,22.70577,22.849468,-0.14369800000000055,272.6781,273.06927,-0.3911700000000451
2024-05-16 04:00:00,4150.5723,4176.095,-25.52270000000044,71.87685,70.2747,1.6021500000000088,22.889103,23.115211,-0.22610799999999998,273.23596,273.59283,-0.3568700000000149
2024-05-16 05:00:00,6640.915,7056.8545,-415.9395000000004,84.51398,83.567375,0.9466050000000052,23.538656,23.655836,-0.11718000000000117,274.304,275.0148,-0.7108000000000061
2024-05-16 06:00:00,10583.958,10957.473,-373.5149999999994,104.70951,104.40282,0.306689999999989,24.375397,24.53569,-0.16029299999999935,275.75452,277.4806,-1.7260799999999676
2024-05-16 07:00:00,13281.83,13460.364,-178.53399999999965,118.3438,121.5242,-3.1803999999999917,25.39029,25.483337,-0.09304699999999855,277.98883,279.92688,-1.9380499999999756
2024-05-16 08:00:00,14319.475,14184.582,134.89300000000003,123.34404,123.810394,-0.4663539999999955,26.325481,26.446653,-0.12117200000000139,280.96405,282.86325,-1.8992000000000075
2024-05-16 09:00:00,11621.602,11542.219,79.38300000000163,108.86048,112.09006,-3.2295799999999986,27.245779,27.417849,-0.1720700000000015,286.41055,287.98987,-1.5793199999999956
2024-05-16 10:00:00,9753.844,9801.0,-47.15600000000086,98.79609,100.960915,-2.1648249999999933,28.243334,28.249313,-0.005978999999999957,291.79053,293.38763,-1.5971000000000117
2024-05-16 11:00:00,8923.7295,8963.533,-39.803499999999985,94.22344,95.558174,-1.3347339999999974,28.992886,28.895807,0.09707899999999725,296.7059,297.83713,-1.1312300000000164
2024-05-16 12:00:00,8508.673,8663.962,-155.28899999999885,91.88091,93.722824,-1.8419140000000027,29.34244,29.281242,0.061198000000000974,300.86398,301.39523,-0.53125
2024-05-16 13:00:00,8716.201,8751.449,-35.24800000000141,92.88284,94.01866,-1.1358199999999954,29.345108,29.450558,-0.10545000000000115,303.58023,304.22067,-0.6404400000000123
2024-05-16 14:00:00,9338.787,9290.021,48.76599999999962,96.08947,96.98698,-0.8975099999999969,29.05341,29.372013,-0.3186029999999995,304.584,305.8967,-1.3127000000000066
2024-05-16 15:00:00,10583.958,10454.707,129.2510000000002,102.588684,103.35729,-0.7686060000000055,28.703407,28.985474,-0.2820670000000014,303.89685,305.81653,-1.919680000000028
2024-05-16 16:00:00,13074.302,12744.786,329.5159999999996,115.551994,115.9223,-0.37030600000001357,28.100067,28.414024,-0.31395700000000204,301.6483,303.88388,-2.2355799999999704
2024-05-16 17:00:00,15979.703,15764.755,214.94800000000032,130.64542,132.8193,-2.173879999999997,27.507761,27.682617,-0.1748560000000019,297.97495,299.70737,-1.7324200000000474
2024-05-16 18:00:00,17224.873,17221.867,3.0060000000012224,137.15967,140.35448,-3.1948099999999897,26.888134,26.876629,0.011504999999999654,293.21097,294.2789,-1.0679300000000467
2024-05-16 19:00:00,14734.531,14603.016,131.51500000000124,124.22111,128.0369,-3.815790000000007,26.221916,26.117586,0.10433000000000092,288.13602,288.8814,-0.7453800000000115
2024-05-16 20:00:00,11621.602,11882.938,-261.33599999999933,108.061935,110.86909,-2.8071549999999945,25.722363,25.532387,0.18997600000000148,283.13538,284.34915,-1.213770000000011
2024-05-16 21:00:00,9131.259,9177.315,-46.056000000000495,95.14406,95.82346,-0.6794000000000011,25.239029,25.02981,0.20921899999999738,280.57382,280.58072,-0.006899999999973261
2024-05-16 22:00:00,6640.915,6774.952,-134.03700000000026,82.209145,85.38805,-3.1789050000000003,24.908142,24.61425,0.29389200000000315,278.38013,277.9439,0.4362300000000232
2024-05-16 23:00:00,5603.272,5558.399,44.87299999999959,76.92203,78.184,-1.261969999999991,24.62519,24.259184,0.3660059999999987,276.73483,275.94348,0.7913499999999658
2024-05-17 00:00:00,3870.762,5425.3154,-1554.5534000000002,75.252785,76.10463,-0.8518449999999973,24.089794,23.969902,0.11989200000000011,275.735,275.2188,0.5162000000000262
2024-05-17 01:00:00,3166.9873,3243.3328,-76.34550000000036,71.63915,70.47182,1.1673300000000069,23.573574,23.820936,-0.24736199999999897,274.93008,275.45038,-0.5203000000000202
2024-05-17 02:00:00,2639.156,2708.745,-69.58899999999994,68.85266,68.42464,0.4280200000000036,23.381493,23.621038,-0.23954499999999967,274.41937,274.8889,-0.46952999999996337
2024-05-17 03:00:00,2639.156,2586.1702,52.98579999999993,68.78278,67.235,1.547780000000003,23.385174,23.638512,-0.2533379999999994,274.2314,274.8363,-0.6048999999999864
2024-05-17 04:00:00,3518.8745,3559.328,-40.453500000000076,73.318214,70.70803,2.610184000000004,23.747602,23.87605,-0.12844799999999879,274.63348,275.3347,-0.701219999999978
2024-05-17 05:00:00,5630.199,6041.9463,-411.7473,84.32094,82.815125,1.5058149999999983,24.264269,24.516209,-0.25194000000000116,275.63364,276.8731,-1.2394600000000082
2024-05-17 06:00:00,8973.13,9304.917,-331.78700000000026,101.772224,101.16088,0.6113439999999883,25.114717,25.37823,-0.26351299999999966,277.0721,279.3241,-2.2520000000000095
2024-05-17 07:00:00,11260.398,11527.971,-267.5730000000003,113.60092,115.4466,-1.8456800000000015,26.148499,26.280308,-0.1318090000000005,279.34155,281.7958,-2.454250000000002
2024-05-17 08:00:00,12140.117,12061.128,78.98899999999958,118.05166,116.712456,1.3392039999999952,27.10552,27.271479,-0.16595900000000086,282.2902,284.87766,-2.5874599999999646
2024-05-17 09:00:00,9852.849,9900.08,-47.23099999999977,105.80218,106.508224,-0.7060439999999915,28.071293,28.332644,-0.26135099999999767,287.70547,289.95508,-2.2496100000000183
2024-05-17 10:00:00,8269.355,8306.158,-36.802999999999884,97.266106,97.20899,0.057115999999993505,29.087065,29.216183,-0.12911800000000184,292.9769,295.4467,-2.4698000000000206
2024-05-17 11:00:00,7565.58,7595.0396,-29.459600000000137,93.45148,92.96087,0.49061000000000377,29.670397,29.844946,-0.17454899999999895,297.71802,300.0074,-2.289379999999994
2024-05-17 12:00:00,7213.693,7335.5205,-121.82749999999942,91.577255,91.61888,-0.04162500000001046,29.787512,30.143301,-0.35578900000000147,301.67264,303.49686,-1.8242200000000253
2024-05-17 13:00:00,7389.6367,7416.9146,-27.277900000000045,92.57886,91.992485,0.5863750000000039,29.604626,30.177801,-0.5731749999999991,304.19965,306.05148,-1.8518300000000067
2024-05-17 14:00:00,7917.468,7896.243,21.224999999999454,95.47029,94.68707,0.78322,29.247604,29.970093,-0.7224889999999995,305.06506,307.35593,-2.290869999999984
2024-05-17 15:00:00,8973.13,8958.79,14.339999999998327,101.165794,100.61886,0.5469340000000074,28.995764,29.5007,-0.5049359999999972,304.31595,306.97467,-2.6587200000000166
2024-05-17 16:00:00,11084.455,11004.804,79.65099999999984,112.48141,111.96271,0.5186999999999955,28.549553,28.87693,-0.327377000000002,302.12408,304.88232,-2.7582400000000007
2024-05-17 17:00:00,13547.666,13470.851,76.81499999999869,125.71033,126.71108,-1.0007499999999965,28.01622,28.152206,-0.13598599999999905,298.58524,300.8824,-2.2971600000000194
2024-05-17 18:00:00,14603.33,14708.774,-105.4439999999995,131.62047,133.75267,-2.132199999999983,27.499279,27.368858,0.1304210000000019,293.95398,295.525,-1.5710199999999759
2024-05-17 19:00:00,12492.005,12649.833,-157.82800000000134,120.88484,122.756996,-1.872156000000004,26.849728,26.64907,0.20065800000000067,288.9336,289.96597,-1.0323700000000144
2024-05-17 20:00:00,9852.849,10292.347,-439.4979999999996,107.3575,107.64212,-0.28462000000000387,26.266394,26.099018,0.1673759999999973,283.84372,285.2229,-1.3791799999999625
2024-05-17 21:00:00,7741.524,7818.099,-76.57499999999982,96.59855,94.67086,1.9276899999999983,25.63311,25.575537,0.057572999999997876,281.00937,281.2407,-0.23133000000001402
2024-05-17 22:00:00,5630.199,5748.655,-118.45600000000013,85.83634,86.076965,-0.24062499999999432,25.004461,25.07528,-0.07081900000000019,276.2157,278.27203,-2.056329999999946
2024-05-17 23:00:00,4750.4805,4748.0454,2.435099999999693,81.57126,80.60196,0.9692999999999898,24.24856,24.563232,-0.31467199999999806,272.00113,275.26935,-3.2682199999999852
2024-05-18 00:00:00,5560.906,5207.0596,353.84640000000036,76.334145,81.113304,-4.779158999999993,23.58306,23.961008,-0.37794799999999995,255.1015,260.79562,-5.694119999999998
2024-05-18 01:00:00,4549.832,4392.122,157.71000000000004,71.39173,76.12374,-4.7320100000000025,23.166842,23.604239,-0.4373970000000007,252.1174,252.62344,-0.5060399999999845
2024-05-18 02:00:00,3791.5266,3869.6973,-78.17069999999967,67.65338,72.32608,-4.672700000000006,23.161533,23.312359,-0.15082600000000213,249.48181,249.89651,-0.4147000000000105
2024-05-18 03:00:00,3791.5266,3762.4197,29.106900000000223,67.747055,70.30406,-2.5570050000000037,23.410639,23.280191,0.13044800000000123,247.35132,248.56621,-1.2148900000000253
2024-05-18 04:00:00,5055.369,5065.2646,-9.89560000000074,74.38212,74.92544,-0.5433199999999943,23.716219,23.453897,0.2623219999999975,247.94566,247.5173,0.42835999999999785
2024-05-18 05:00:00,8088.59,8580.035,-491.4449999999997,90.102844,92.73235,-2.629505999999992,24.333334,24.035923,0.2974110000000003,249.06775,248.33806,0.7296899999999766
2024-05-18 06:00:00,12891.19,12984.677,-93.48699999999917,114.89854,118.37788,-3.4793400000000076,25.133781,25.004578,0.1292030000000004,250.5768,251.02898,-0.45217999999999847
2024-05-18 07:00:00,16177.182,16300.948,-123.76599999999962,131.78734,137.65593,-5.868590000000012,26.189285,25.941944,0.24734100000000225,252.75334,253.0279,-0.2745599999999797
2024-05-18 08:00:00,17441.023,17436.01,5.0130000000026484,138.24611,139.94762,-1.7015100000000132,27.313389,26.965298,0.34809100000000015,255.48883,255.35649,0.13233999999999924
2024-05-18 09:00:00,14155.033,14054.858,100.17499999999927,121.2767,126.0156,-4.738900000000001,28.346226,28.073227,0.2729990000000022,260.57233,260.32748,0.2448500000000422
2024-05-18 10:00:00,11880.117,11827.747,52.3700000000008,109.55571,112.16939,-2.6136800000000022,29.207312,28.970795,0.23651700000000275,265.5227,265.75937,-0.2366700000000037
2024-05-18 11:00:00,10869.043,10813.485,55.55799999999908,104.404335,105.30314,-0.8988049999999959,29.724426,29.571667,0.15275899999999965,269.9622,270.06693,-0.10473000000001775
2024-05-18 12:00:00,10363.507,10463.194,-99.6869999999999,101.8636,102.834465,-0.9708649999999892,29.925497,29.849106,0.07639100000000099,273.63345,273.46863,0.16481999999996333
2024-05-18 13:00:00,10616.275,10572.638,43.63699999999881,103.207855,103.1012,0.10665499999998929,29.84797,29.941116,-0.09314600000000084,275.88394,276.40375,-0.5198100000000068
2024-05-18 14:00:00,11374.58,11248.936,125.64400000000023,107.17975,106.881935,0.29781499999999994,29.63874,29.756504,-0.11776400000000109,276.54044,277.98956,-1.4491199999999935
2024-05-18 15:00:00,12891.19,12615.161,276.02900000000045,115.17001,115.000275,0.16973500000000286,29.13914,29.291702,-0.15256199999999964,275.62097,277.4806,-1.8596299999999815
2024-05-18 16:00:00,15924.413,15388.575,535.8379999999997,131.06734,130.38173,0.6856099999999969,28.32895,28.635,-0.3060500000000026,273.21866,274.87628,-1.6576200000000085
2024-05-18 17:00:00,19463.172,19154.549,308.6229999999996,149.60455,149.14204,0.46250999999998044,27.46273,27.833035,-0.37030499999999833,269.506,270.76324,-1.2572400000000243
2024-05-18 18:00:00,20979.781,20896.594,83.18699999999808,157.72707,158.20561,-0.4785400000000095,26.612556,27.009796,-0.39724000000000004,264.73196,265.87796,-1.1459999999999582
2024-05-18 19:00:00,17946.56,17775.47,171.09000000000015,142.43211,146.30186,-3.8697500000000105,25.905855,26.277866,-0.37201100000000054,259.68982,260.68146,-0.9916400000000181
2024-05-18 20:00:00,14155.033,14083.179,71.85399999999936,123.2128,127.13506,-3.9222599999999943,25.35496,25.678858,-0.32389800000000335,254.72662,256.37766,-1.6510399999999947
2024-05-18 21:00:00,11121.812,11093.192,28.6200000000008,107.88866,109.32884,-1.440179999999998,24.821625,25.11445,-0.29282500000000056,252.24161,253.28879,-1.0471799999999973
2024-05-18 22:00:00,8088.59,8288.375,-199.78499999999985,92.55859,95.73754,-3.1789500000000004,24.365149,24.601795,-0.23664600000000036,250.24155,251.51913,-1.2775800000000004
2024-05-18 23:00:00,6824.748,6702.6206,122.1273999999994,86.28709,85.872826,0.41426400000000285,24.04893,24.04379,0.005139999999997258,248.91751,250.74182,-1.824309999999997
2024-05-19 00:00:00,4612.024,5722.5063,-1110.4822999999997,70.419464,83.396736,-12.977272,23.731192,23.746243,-0.015050999999999704,248.27065,248.85594,-0.5852900000000147
2024-05-19 01:00:00,3773.4744,3774.727,-1.252599999999802,66.20773,70.93179,-4.724060000000009,23.664076,23.560509,0.10356700000000174,247.84659,248.70895,-0.8623599999999954
2024-05-19 02:00:00,3144.5618,3271.9155,-127.35370000000012,62.94117,66.841095,-3.899924999999996,23.659294,23.567762,0.09153200000000083,247.62314,248.52402,-0.9008800000000008
2024-05-19 03:00:00,3144.5618,3060.1726,84.38920000000007,62.849728,64.03554,-1.1858119999999985,23.72596,23.777641,-0.051680999999998534,247.61197,248.89574,-1.2837699999999757
2024-05-19 04:00:00,4192.749,4010.0996,182.6493999999998,68.06286,66.62816,1.4347000000000065,23.77404,24.107956,-0.3339160000000021,248.05215,248.85432,-0.8021699999999896
2024-05-19 05:00:00,6708.3984,6727.5894,-19.190999999999804,80.778275,80.38276,0.39551499999998896,24.024487,24.63926,-0.6147729999999996,248.90639,249.10344,-0.1970500000000186
2024-05-19 06:00:00,10691.51,10789.599,-98.08899999999994,100.9783,101.89548,-0.9171800000000019,24.841154,25.37466,-0.5335059999999991,250.12286,250.6504,-0.5275399999999877
2024-05-19 07:00:00,13416.797,13364.85,51.947000000000116,114.62014,118.53718,-3.91704,25.98311,26.185106,-0.20199600000000117,252.02213,252.48051,-0.45838000000000534
2024-05-19 08:00:00,14464.985,14216.755,248.23000000000138,119.69366,120.837944,-1.144283999999999,27.062555,27.153826,-0.09127099999999899,254.61214,254.80019,-0.18804999999997563
2024-05-19 09:00:00,11739.697,11610.032,129.66500000000087,105.403625,108.26266,-2.8590349999999916,27.94808,28.188498,-0.24041799999999824,259.7185,259.89127,-0.17277000000001408
2024-05-19 10:00:00,9852.96,9796.18,56.779999999998836,95.466736,96.42876,-0.9620239999999995,28.907822,28.994415,-0.08659300000000059,264.7324,265.59793,-0.8655300000000352
2024-05-19 11:00:00,9014.41,8917.561,96.84900000000016,90.94573,90.61463,0.3310999999999922,29.524935,29.609037,-0.08410200000000145,269.24283,270.08667,-0.8438400000000001
2024-05-19 12:00:00,8595.135,8603.336,-8.200999999999112,88.55904,88.57707,-0.018030000000010205,29.820107,29.902908,-0.0828009999999999,272.9833,273.36487,-0.3815700000000106
2024-05-19 13:00:00,8804.773,8711.399,93.3739999999998,89.4563,88.95517,0.5011300000000034,29.793922,29.964731,-0.170809000000002,275.33282,275.65833,-0.32550999999995156
2024-05-19 14:00:00,9433.686,9278.908,154.77800000000025,92.63552,91.99321,0.6423099999999948,29.49093,29.773426,-0.28249600000000186,275.9913,276.7032,-0.7118999999999573
2024-05-19 15:00:00,10691.51,10457.97,233.54000000000087,99.15564,98.38059,0.7750500000000073,28.958046,29.297974,-0.33992800000000045,275.05133,276.16302,-1.11169000000001
2024-05-19 16:00:00,13207.159,12721.393,485.7659999999996,112.21175,111.06146,1.1502899999999983,28.02516,28.607662,-0.5825020000000016,272.65457,273.9355,-1.2809300000000121
2024-05-19 17:00:00,16142.084,15688.049,454.03499999999985,127.43925,128.57603,-1.1367800000000017,27.245043,27.679832,-0.4347890000000021,268.953,270.0192,-1.0662000000000376
2024-05-19 18:00:00,17399.91,17276.041,123.86899999999878,134.07901,138.14615,-4.067139999999995,26.580343,26.793041,-0.2126979999999996,264.18542,265.45105,-1.2656299999999874
2024-05-19 19:00:00,14884.26,14554.752,329.5079999999998,121.3395,126.71864,-5.3791399999999925,25.946562,26.067749,-0.12118699999999905,259.09607,260.60797,-1.5119000000000256
2024-05-19 20:00:00,11739.697,11801.901,-62.20399999999972,105.38175,109.8633,-4.481549999999999,25.297009,25.490374,-0.193365,254.13277,256.47604,-2.343270000000018
2024-05-19 21:00:00,9224.048,9110.024,114.02400000000125,92.63491,94.444855,-1.809944999999999,24.56721,24.940125,-0.372914999999999,251.61441,253.43884,-1.8244300000000067
2024-05-19 22:00:00,6708.3984,6713.3647,-4.966300000000047,79.73737,83.74581,-4.008440000000007,24.092274,24.3901,-0.2978260000000006,251.72609,251.81525,-0.08915999999999258
2024-05-19 23:00:00,5660.2114,5492.7285,167.48289999999997,74.34832,76.564064,-2.215744000000001,23.733942,23.848005,-0.11406300000000158,252.44434,251.34659,1.097750000000019
2024-05-20 00:00:00,4382.3027,5540.16,-1157.8572999999997,64.345695,77.052826,-12.70713099999999,23.513515,23.767431,-0.2539159999999967,267.1782,264.96475,2.213450000000023
2024-05-20 01:00:00,3585.5203,3519.9832,65.53710000000001,60.1884,65.504074,-5.315674000000001,23.346401,23.510645,-0.16424400000000006,268.97415,271.11194,-2.1377899999999954
2024-05-20 02:00:00,2987.9336,2932.4087,55.52489999999989,57.010113,62.09003,-5.079917000000002,23.213516,23.460104,-0.2465880000000027,271.0858,271.8744,-0.788599999999974
2024-05-20 03:00:00,2987.9336,2883.936,103.9975999999997,56.873302,60.8129,-3.9395979999999966,23.410877,23.54084,-0.12996300000000005,273.56857,272.78214,0.7864299999999957
2024-05-20 04:00:00,3983.9111,3950.457,33.454099999999926,61.95914,64.11955,-2.160410000000006,23.710878,23.86723,-0.15635199999999827,274.27725,273.9866,0.290649999999971
2024-05-20 05:00:00,6374.2583,6700.16,-325.90169999999944,74.19255,76.86708,-2.6745300000000043,24.272955,24.512632,-0.23967700000000036,275.5406,275.87796,-0.33735999999998967
2024-05-20 06:00:00,10158.974,10541.775,-382.8009999999995,93.519165,95.72775,-2.2085849999999994,25.22206,25.415249,-0.19318900000000028,277.31815,278.80356,-1.4854100000000017
2024-05-20 07:00:00,12748.517,12925.177,-176.65999999999985,106.58827,110.67131,-4.083040000000011,26.478888,26.334023,0.1448650000000029,279.85254,281.39374,-1.5412000000000035
2024-05-20 08:00:00,13744.494,13645.257,99.23700000000099,111.41236,111.90894,-0.49657999999999447,27.71267,27.381618,0.3310519999999997,283.02634,284.5658,-1.5394600000000196
2024-05-20 09:00:00,11154.952,11023.762,131.1899999999987,97.713066,99.93796,-2.224894000000006,28.700434,28.515783,0.18465100000000234,288.65292,289.90012,-1.2472000000000207
2024-05-20 10:00:00,9362.191,9328.379,33.8119999999999,88.148056,89.60074,-1.452684000000005,29.5671,29.444595,0.12250500000000031,294.17917,295.4362,-1.257029999999986
2024-05-20 11:00:00,8565.409,8521.332,44.076999999999316,83.74608,84.77482,-1.028739999999999,30.198116,30.05365,0.14446599999999776,299.0522,299.87036,-0.8181599999999776
2024-05-20 12:00:00,8167.0186,8211.838,-44.819399999999405,81.46637,83.03542,-1.5690500000000043,30.563885,30.347767,0.21611799999999803,302.92728,303.2392,-0.31191999999998643
2024-05-20 13:00:00,8366.214,8272.975,93.23899999999958,82.379265,83.25641,-0.8771449999999987,30.315994,30.424665,-0.10867100000000107,305.1925,305.81598,-0.6234800000000291
2024-05-20 14:00:00,8963.801,8754.545,209.2559999999994,85.431496,85.76228,-0.3307840000000084,29.68191,30.205017,-0.5231070000000031,305.7482,307.28915,-1.5409500000000094
2024-05-20 15:00:00,10158.974,9839.775,319.1990000000005,91.625244,91.45402,0.17122399999999516,28.961708,29.67147,-0.7097619999999978,304.6503,307.11066,-2.46035999999998
2024-05-20 16:00:00,12549.321,11942.494,606.8269999999993,103.99738,102.67533,1.3220500000000044,28.253376,28.91647,-0.663094000000001,301.9519,305.16446,-3.2125599999999963
2024-05-20 17:00:00,15338.06,14878.848,459.21199999999953,118.44335,119.761536,-1.3181860000000114,27.66126,28.049152,-0.3878920000000008,297.89026,301.07318,-3.1829199999999673
2024-05-20 18:00:00,16533.232,16378.13,155.10200000000077,124.681206,129.76555,-5.084343999999987,26.981688,27.200876,-0.2191880000000026,292.79706,295.64484,-2.84778
2024-05-20 19:00:00,14142.887,13932.794,210.09300000000076,112.40618,119.06233,-6.656149999999997,26.231686,26.43191,-0.20022399999999863,287.4986,290.21466,-2.7160599999999704
2024-05-20 20:00:00,11154.952,11460.585,-305.6329999999998,97.05772,102.92808,-5.870359999999991,25.541666,25.755913,-0.2142470000000003,282.31073,285.18036,-2.869630000000029
2024-05-20 21:00:00,8764.605,8819.9795,-55.3744999999999,84.77919,88.45072,-3.671530000000004,24.942114,25.137796,-0.19568200000000147,279.55222,280.84247,-1.2902500000000146
2024-05-20 22:00:00,6374.2583,6516.74,-142.48169999999936,72.495895,78.545074,-6.049178999999995,24.53994,24.609646,-0.06970600000000005,277.27182,277.73505,-0.46323000000001
2024-05-20 23:00:00,5378.2803,5294.4873,83.79300000000057,67.417145,71.99991,-4.582764999999995,24.197824,24.142212,0.055611999999999995,275.64148,275.52795,0.11353000000002567
2024-05-21 00:00:00,4948.3154,5340.552,-392.23659999999927,67.89947,70.76582,-2.8663500000000113,23.785812,23.807804,-0.0219920000000009,274.74823,275.36884,-0.6206099999999992
2024-05-21 01:00:00,4048.6218,3965.4849,83.13689999999997,63.312607,65.24952,-1.936913000000004,23.413212,23.689354,-0.2761420000000001,274.14212,274.87445,-0.7323300000000472
2024-05-21 02:00:00,3373.8516,3351.4336,22.41800000000012,59.846252,62.727737,-2.881484999999998,23.238659,23.551105,-0.31244600000000133,273.8239,274.2421,-0.418200000000013
2024-05-21 03:00:00,3373.8516,3300.8135,73.03809999999976,59.84911,61.864494,-2.0153839999999974,23.350449,23.54577,-0.19532099999999986,273.90308,274.01492,-0.11184000000002925
2024-05-21 04:00:00,4498.4688,4551.391,-52.922199999999975,65.64639,66.65894,-1.0125500000000045,23.65,23.747574,-0.0975740000000016,274.49518,274.26068,0.23450000000002547
2024-05-21 05:00:00,7197.55,7778.793,-581.2429999999995,79.59894,82.085785,-2.4868450000000024,24.299551,24.37559,-0.07603899999999797,275.6137,275.96027,-0.3465699999999856
2024-05-21 06:00:00,11471.095,11700.941,-229.84600000000137,101.75775,103.57582,-1.8180699999999916,25.116219,25.298298,-0.1820789999999981,277.12497,278.72754,-1.6025699999999574
2024-05-21 07:00:00,14395.1,14522.609,-127.50900000000001,116.856804,122.51128,-5.6544760000000025,26.094515,26.2056,-0.11108499999999921,279.38403,281.10654,-1.7225099999999998
2024-05-21 08:00:00,15519.718,15596.288,-76.56999999999971,122.55389,125.988495,-3.434605000000005,26.978153,27.167467,-0.18931399999999954,282.2776,283.9488,-1.671199999999999
2024-05-21 09:00:00,12595.712,12598.618,-2.9060000000008586,107.06387,112.57552,-5.511650000000003,27.911486,28.112522,-0.20103599999999844,287.53467,289.02936,-1.4946899999999914
2024-05-21 10:00:00,10571.401,10633.26,-61.85900000000038,96.27618,99.33666,-3.0604799999999983,28.79437,28.868704,-0.07433400000000034,292.61972,294.30957,-1.6898500000000354
2024-05-21 11:00:00,9671.707,9727.157,-55.44999999999891,91.43117,93.03996,-1.608789999999999,29.277622,29.405792,-0.12817000000000078,297.16562,298.4751,-1.3094800000000077
2024-05-21 12:00:00,9221.86,9390.981,-169.12099999999919,89.018845,90.763245,-1.7443999999999988,29.333622,29.641323,-0.30770100000000156,300.99625,301.63702,-0.6407700000000318
2024-05-21 13:00:00,9446.784,9466.941,-20.157000000001062,90.19135,90.61116,-0.41980999999999824,29.127928,29.619333,-0.4914050000000003,303.37177,303.9676,-0.5958299999999781
2024-05-21 14:00:00,10121.555,10081.561,39.9940000000006,93.78144,93.571106,0.21033400000000313,28.894594,29.324314,-0.42971999999999966,304.14865,305.0132,-0.8645500000000084
2024-05-21 15:00:00,11471.095,11357.207,113.88799999999901,100.971466,100.802536,0.16893000000000313,28.477928,28.815937,-0.3380090000000031,303.35538,304.39856,-1.0431799999999498
2024-05-21 16:00:00,14170.177,13809.148,361.02900000000045,115.249405,114.72664,0.5227649999999926,28.010815,28.174068,-0.16325299999999743,301.11612,302.14856,-1.0324399999999514
2024-05-21 17:00:00,17319.105,17092.633,226.47199999999793,131.92914,132.75209,-0.82295000000002,27.44333,27.53148,-0.08814999999999884,297.5193,298.2464,-0.7271000000000072
2024-05-21 18:00:00,18668.645,18532.21,136.4350000000013,139.24268,141.33202,-2.089339999999993,26.843779,26.865742,-0.02196299999999951,292.70352,293.3236,-0.6200799999999731
2024-05-21 19:00:00,15969.564,15740.384,229.1800000000003,125.44204,129.29156,-3.8495199999999983,26.155853,26.184671,-0.02881800000000112,287.54156,288.54056,-0.9990000000000236
2024-05-21 20:00:00,12595.712,12740.28,-144.56800000000112,108.04259,110.9287,-2.886110000000002,25.406895,25.570906,-0.16401100000000213,282.34393,284.30756,-1.9636300000000233
2024-05-21 21:00:00,9896.631,9950.44,-53.809000000001106,94.09207,94.68247,-0.5903999999999883,24.783558,24.946663,-0.1631050000000016,279.49252,280.6066,-1.1140800000000013
2024-05-21 22:00:00,7197.55,7342.1016,-144.55159999999978,79.94877,83.17122,-3.222450000000009,24.304144,24.451817,-0.1476729999999975,277.03705,277.9734,-0.9363500000000045
2024-05-21 23:00:00,6072.9326,5940.107,132.82560000000012,74.02654,75.27402,-1.247479999999996,23.821627,23.995735,-0.17410800000000037,275.20163,275.7708,-0.5691699999999855
2024-05-22 00:00:00,5933.688,5450.1895,483.4984999999997,72.590164,72.57748,0.012684000000007245,23.312302,23.573866,-0.2615639999999999,274.17374,274.83,-0.6562599999999748
2024-05-22 01:00:00,4854.836,4660.4814,194.35460000000057,66.99653,67.36614,-0.36960999999999444,22.962748,23.335836,-0.3730879999999992,273.4742,273.95367,-0.47946999999999207
2024-05-22 02:00:00,4045.6965,4047.9568,-2.2602999999999156,62.74477,64.87547,-2.1307000000000045,22.911709,23.135715,-0.22400600000000281,273.1087,273.15448,-0.04577999999997928
2024-05-22 03:00:00,4045.6965,3988.3499,57.34659999999985,62.57985,64.323425,-1.7435749999999999,23.094593,23.144182,-0.04958900000000099,273.18576,272.95663,0.22912999999999784
2024-05-22 04:00:00,5394.2617,5498.051,-103.78930000000037,69.44805,71.060104,-1.6120540000000005,23.38586,23.348742,0.03711799999999954,273.8359,273.68918,0.14671999999995933
2024-05-22 05:00:00,8630.819,9083.484,-452.6650000000009,85.94169,87.96453,-2.022840000000002,23.969194,23.939466,0.029728000000002197,275.0235,275.41327,-0.3897699999999986
2024-05-22 06:00:00,13755.368,13748.709,6.658999999999651,112.03069,113.032524,-1.0018339999999881,24.803423,24.84831,-0.044887000000002786,276.56393,277.90155,-1.3376199999999585
2024-05-22 07:00:00,17261.64,17299.082,-37.4419999999991,129.75476,134.48471,-4.729950000000002,25.787205,25.786945,0.00026000000000081513,278.84085,279.88214,-1.0412900000000036
2024-05-22 08:00:00,18610.205,18427.846,182.35900000000038,136.3959,137.77182,-1.3759199999999794,26.670538,26.79685,-0.12631199999999865,281.73428,282.79346,-1.0591799999999694
2024-05-22 09:00:00,15103.935,14796.653,307.28199999999924,118.091995,123.18236,-5.090365000000006,27.662523,27.739513,-0.07698999999999856,287.01236,288.16418,-1.1518199999999865
2024-05-22 10:00:00,12676.516,12499.7705,176.74549999999908,105.3273,108.532616,-3.2053160000000105,28.532661,28.50336,0.029301000000000244,292.10605,293.57162,-1.4655700000000138
2024-05-22 11:00:00,11597.663,11426.233,171.4300000000003,99.56428,101.18499,-1.6207100000000025,29.051489,29.047031,0.004457999999999629,296.6729,297.74557,-1.0726699999999596
2024-05-22 12:00:00,11058.237,11056.795,1.4419999999990978,96.704544,98.55153,-1.8469860000000011,29.127928,29.289482,-0.16155399999999887,300.54358,300.84805,-0.3044699999999807
2024-05-22 13:00:00,11327.95,11191.57,136.38000000000102,98.0427,98.7736,-0.7309000000000054,28.981623,29.301483,-0.31986000000000203,302.9648,303.29486,-0.33006000000000313
2024-05-22 14:00:00,12137.09,11983.495,153.59499999999935,102.226776,102.90143,-0.6746540000000039,28.795906,29.047092,-0.2511860000000006,303.74,304.44702,-0.70702
2024-05-22 15:00:00,13755.368,13560.6455,194.72249999999985,110.64177,111.67878,-1.0370100000000093,28.411676,28.550951,-0.13927500000000137,302.88675,303.77777,-0.8910199999999691
2024-05-22 16:00:00,16991.926,16680.594,311.3319999999985,127.452835,128.14523,-0.6923950000000048,27.738516,27.931044,-0.19252799999999937,300.54364,301.44022,-0.8965800000000286
2024-05-22 17:00:00,20767.91,20636.162,131.7479999999996,147.08272,148.75494,-1.67222000000001,26.991571,27.248035,-0.25646400000000114,296.81165,297.44223,-0.630580000000009
2024-05-22 18:00:00,22386.188,22509.71,-123.52200000000084,155.6525,157.89665,-2.2441499999999905,26.275352,26.507061,-0.2317089999999986,291.89877,292.50183,-0.6030599999999708
2024-05-22 19:00:00,19149.63,19106.434,43.19599999999991,139.32169,144.11833,-4.7966399999999965,25.575354,25.789875,-0.21452099999999774,286.69006,287.76358,-1.0735199999999736
2024-05-22 20:00:00,15103.935,15128.502,-24.567000000000917,118.75404,123.19456,-4.440519999999992,25.005407,25.130054,-0.12464699999999951,281.56543,283.59662,-2.031189999999981
2024-05-22 21:00:00,11867.376,11857.469,9.907000000001062,102.283745,103.76315,-1.4794049999999999,24.57964,24.52464,0.054999999999999716,278.81305,280.0098,-1.1967500000000086
2024-05-22 22:00:00,8630.819,8879.456,-248.63700000000063,85.69146,89.15392,-3.462459999999993,24.26342,24.118876,0.14454399999999978,276.4869,277.34906,-0.8621600000000171
2024-05-22 23:00:00,7282.2534,7183.685,98.5683999999992,78.75971,78.59461,0.16509999999999536,23.714315,23.767076,-0.05276100000000028,274.861,275.17053,-0.3095299999999952
2024-05-23 00:00:00,3270.4705,5696.9434,-2426.4729,56.872272,73.8992,-17.02692799999999,23.356077,23.330414,0.025662999999997993,274.06485,273.9985,0.06634999999999991
2024-05-23 01:00:00,2675.8396,2604.9456,70.89399999999978,53.56505,55.729916,-2.1648660000000035,23.172745,23.101204,0.07154099999999985,273.535,273.45602,0.07898000000000138
2024-05-23 02:00:00,2229.8665,1936.3398,293.5267000000001,50.937878,50.944096,-0.006218000000004054,23.325129,23.08637,0.23875900000000172,273.2464,273.11963,0.1267700000000218
2024-05-23 03:00:00,2229.8665,1906.7668,323.0997,50.609676,50.042595,0.5670810000000017,23.508013,23.332527,0.17548599999999936,273.3962,273.47354,-0.07733999999999241
2024-05-23 04:00:00,2973.155,2786.1038,187.05120000000034,54.23094,53.1516,1.0793399999999949,23.723,23.736511,-0.013511000000001161,274.0713,274.04892,0.02237999999999829
2024-05-23 05:00:00,4757.048,4868.4185,-111.37049999999999,63.242683,63.300453,-0.05776999999999788,24.287062,24.327036,-0.03997400000000084,275.2166,275.19434,0.022260000000017044
2024-05-23 06:00:00,7581.5454,7537.1074,44.4380000000001,77.61204,77.955444,-0.3434040000000067,25.079529,25.161093,-0.08156400000000019,276.68655,277.2355,-0.5489499999999907
2024-05-23 07:00:00,9514.097,9607.853,-93.7559999999994,87.21976,88.59862,-1.378860000000003,26.15,26.030876,0.11912399999999934,278.92096,279.81375,-0.8927900000000477
2024-05-23 08:00:00,10257.385,10263.629,-6.244000000000597,90.628494,88.8424,1.7860940000000056,27.195826,27.02062,0.1752059999999993,281.81985,282.99554,-1.1756900000000314
2024-05-23 09:00:00,8324.834,8036.2573,288.5767000000005,80.07367,79.58183,0.4918400000000105,28.18076,28.046682,0.1340779999999988,287.14798,287.95187,-0.8038899999999671
2024-05-23 10:00:00,6986.9146,6817.424,169.4906000000001,72.749855,72.06173,0.6881249999999994,29.0,28.835863,0.1641370000000002,292.41525,293.1247,-0.7094500000000039
2024-05-23 11:00:00,6392.283,6288.624,103.65900000000056,69.441536,68.54014,0.9013960000000054,29.517115,29.33989,0.17722499999999997,297.26053,297.37692,-0.11638999999996713
2024-05-23 12:00:00,6094.968,6100.845,-5.8770000000004075,67.72659,67.14307,0.5835200000000071,29.774649,29.557796,0.2168530000000004,301.37543,300.68817,0.6872599999999807
2024-05-23 13:00:00,6243.6255,6164.267,79.35850000000028,68.396286,67.08265,1.3136360000000025,29.90563,29.571913,0.33371700000000004,303.99677,303.18625,0.8105200000000536
2024-05-23 14:00:00,6689.5986,6521.7134,167.88520000000062,70.650085,68.81459,1.8354950000000088,29.77975,29.440083,0.3396669999999986,304.90244,304.70932,0.19312000000002172
2024-05-23 15:00:00,7581.5454,7380.2485,201.29690000000028,75.3158,73.20517,2.1106300000000005,29.38706,29.119932,0.26712800000000314,304.13397,304.79895,-0.6649800000000141
2024-05-23 16:00:00,9365.4375,9237.019,128.41849999999977,84.65636,82.344154,2.3122060000000033,28.636278,28.625599,0.010678999999999661,301.85327,303.2762,-1.422930000000008
2024-05-23 17:00:00,11446.646,11399.903,46.74300000000039,95.49938,95.48344,0.01594000000000051,27.92006,27.99345,-0.07338999999999984,298.1248,300.0264,-1.9016000000000304
2024-05-23 18:00:00,12338.593,12531.884,-193.29099999999926,100.16949,103.67433,-3.5048400000000015,27.386726,27.249737,0.1369889999999998,293.24066,295.02942,-1.7887600000000248
2024-05-23 19:00:00,10554.7,10739.966,-185.26599999999962,90.906235,94.46672,-3.560485,26.770618,26.49111,0.27950799999999987,288.04276,289.08472,-1.0419600000000173
2024-05-23 20:00:00,8324.834,8552.826,-227.99199999999837,79.396454,81.27698,-1.880525999999989,26.215996,25.946585,0.2694110000000016,282.9413,284.13177,-1.1904700000000048
2024-05-23 21:00:00,6540.941,6396.3027,144.63829999999962,70.25357,70.7852,-0.5316300000000069,25.632662,25.489344,0.14331800000000072,280.3363,280.3418,-0.005499999999983629
2024-05-23 22:00:00,4757.048,4668.831,88.21699999999964,61.126263,64.80028,-3.674016999999999,25.13434,25.05952,0.07482000000000255,278.178,277.7834,0.3946000000000254
2024-05-23 23:00:00,4013.7593,3926.0125,87.74680000000035,57.449875,61.9402,-4.490324999999999,24.818123,24.626072,0.1920509999999993,276.65753,275.75284,0.9046900000000164
2024-05-24 00:00:00,5019.085,4985.2817,33.80330000000049,71.63051,64.728935,6.901574999999994,24.42431,24.334082,0.09022799999999975,275.84982,275.5397,0.31012000000004036
2024-05-24 01:00:00,4106.524,4104.1426,2.3814000000002125,67.09279,63.789845,3.302944999999994,24.206749,24.136703,0.07004599999999783,275.2478,275.50696,-0.2591600000000085
2024-05-24 02:00:00,3422.1035,3594.756,-172.6524999999997,63.659668,62.394524,1.2651440000000065,24.161373,24.072126,0.0892470000000003,274.94043,275.16058,-0.22014999999998963
2024-05-24 03:00:00,3422.1035,3555.6326,-133.52909999999974,63.71286,62.194542,1.5183180000000007,24.105408,24.18206,-0.07665199999999928,274.96313,275.3127,-0.34957000000002836
2024-05-24 04:00:00,4562.804,4829.591,-266.78700000000026,69.60248,67.70802,1.8944599999999951,24.322521,24.385654,-0.06313300000000055,275.51016,275.9667,-0.45654000000001815
2024-05-24 05:00:00,7300.4873,8295.73,-995.2426999999998,83.66413,83.39417,0.26995999999999754,24.801008,24.950838,-0.14983000000000146,276.60953,277.84113,-1.2316000000000145
2024-05-24 06:00:00,11635.151,12252.66,-617.509,105.869316,106.53849,-0.6691739999999982,25.683893,25.811312,-0.12741899999999973,278.1262,280.6282,-2.5020000000000095
2024-05-24 07:00:00,14600.975,15093.454,-492.47899999999936,120.93839,125.88988,-4.951490000000007,26.866108,26.751398,0.11471000000000231,280.459,282.89346,-2.4344600000000014
2024-05-24 08:00:00,15741.677,15928.575,-186.89800000000105,126.66134,127.767586,-1.1062459999999987,27.916107,27.867926,0.048180999999999585,283.48706,286.0654,-2.5783400000000256
2024-05-24 09:00:00,12775.853,12808.44,-32.58700000000135,111.2815,114.31357,-3.0320700000000045,28.833221,28.95468,-0.12145899999999799,289.0075,291.5716,-2.5640999999999963
2024-05-24 10:00:00,10722.59,10885.506,-162.91599999999926,100.59278,101.725655,-1.1328749999999985,29.800337,29.766947,0.0333900000000007,294.4466,296.92535,-2.478749999999991
2024-05-24 11:00:00,9810.029,9969.466,-159.4369999999999,95.80687,95.6317,0.17517000000000849,30.48367,30.358852,0.1248180000000012,299.3429,301.1537,-1.8108000000000288
2024-05-24 12:00:00,9353.749,9613.679,-259.9300000000003,93.4133,93.87964,-0.4663399999999882,30.88322,30.675587,0.2076330000000013,303.4245,304.3969,-0.9723999999999933
2024-05-24 13:00:00,9581.89,9712.253,-130.3630000000012,94.635445,94.586876,0.04856900000000053,30.866556,30.821789,0.04476700000000022,306.0754,307.03943,-0.9640299999999797
2024-05-24 14:00:00,10266.31,10348.958,-82.64800000000105,98.26292,98.425186,-0.16226600000000246,30.53919,30.696115,-0.15692499999999754,307.04944,308.46506,-1.4156199999999899
2024-05-24 15:00:00,11635.151,11644.776,-9.625,105.457924,106.59686,-1.138936000000001,30.184565,30.263622,-0.07905700000000238,306.37766,308.10477,-1.727109999999982
2024-05-24 16:00:00,14372.835,14171.826,201.00900000000001,119.75585,121.41058,-1.6547300000000007,29.585014,29.69196,-0.10694600000000065,304.15646,306.0063,-1.8498400000000288
2024-05-24 17:00:00,17566.797,17550.783,16.013999999999214,136.41112,139.23547,-2.8243499999999813,29.00168,29.016861,-0.015180999999998335,300.49707,302.0961,-1.5990299999999706
2024-05-24 18:00:00,18935.639,19171.732,-236.09300000000076,143.73492,147.558,-3.8230800000000045,28.434566,28.319422,0.1151440000000008,295.63174,297.13992,-1.5081800000000385
2024-05-24 19:00:00,16197.956,16475.191,-277.23499999999876,129.98268,135.68832,-5.705640000000017,27.701233,27.647442,0.053790999999996814,290.31985,292.2063,-1.8864500000000248
2024-05-24 20:00:00,12775.853,13111.919,-336.0660000000007,112.74221,116.56798,-3.8257700000000057,26.851683,27.07006,-0.21837700000000027,284.95303,287.85242,-2.8993899999999826
2024-05-24 21:00:00,10038.17,10238.502,-200.33200000000033,99.03852,99.805115,-0.7665949999999953,25.973866,26.397707,-0.42384099999999947,281.87473,283.617,-1.742270000000019
2024-05-24 22:00:00,7300.4873,7595.6436,-295.15630000000056,85.26184,87.53788,-2.2760399999999947,25.289972,25.72687,-0.4368980000000029,276.9349,279.9375,-3.0025999999999726
2024-05-24 23:00:00,6159.786,6105.0894,54.69660000000022,79.64481,79.16216,0.4826500000000067,24.633333,25.08072,-0.4473869999999991,272.61276,276.3599,-3.7471400000000017
2024-05-25 00:00:00,8170.2803,5527.993,2642.2873,96.122406,78.36999,17.752415999999997,24.182886,24.419287,-0.23640100000000075,255.62117,260.68457,-5.0634000000000015
2024-05-25 01:00:00,6684.775,6061.0083,623.7666999999992,88.78069,83.29376,5.486930000000001,23.784117,24.102095,-0.3179780000000001,252.58275,252.74669,-0.16393999999999664
2024-05-25 02:00:00,5570.6455,5585.746,-15.100500000000466,83.27563,81.629974,1.6456560000000025,23.601233,23.839064,-0.2378309999999999,249.86885,249.81824,0.05061000000000604
2024-05-25 03:00:00,5570.6455,5461.786,108.85949999999957,83.33886,80.876465,2.4623950000000008,23.60168,23.74411,-0.1424299999999974,247.64319,248.16284,-0.5196499999999844
2024-05-25 04:00:00,7427.5273,7036.9155,390.6117999999997,92.78395,89.921585,2.862365000000011,23.735014,23.852089,-0.11707499999999982,248.10022,247.6034,0.4968200000000138
2024-05-25 05:00:00,11884.044,12435.5625,-551.5185000000001,115.32698,120.15566,-4.828679999999991,24.334566,24.376305,-0.04173899999999975,249.08669,249.60352,-0.5168299999999988
2024-05-25 06:00:00,18940.197,19247.549,-307.35199999999895,150.98724,153.64308,-2.6558399999999835,25.163502,25.201204,-0.03770199999999946,250.46313,251.83286,-1.369730000000004
2024-05-25 07:00:00,23768.09,24907.953,-1139.8630000000012,175.2947,179.2491,-3.9543999999999926,26.16227,26.070154,0.09211600000000075,252.51988,253.6078,-1.087919999999997
2024-05-25 08:00:00,25624.97,26080.16,-455.1899999999987,184.58736,182.94788,1.6394799999999918,27.087717,27.158854,-0.07113700000000023,255.2045,256.92953,-1.7250300000000038
2024-05-25 09:00:00,20797.078,20888.799,-91.72099999999773,160.0191,164.44511,-4.426009999999991,27.991892,28.208147,-0.2162550000000003,260.28815,261.7008,-1.412650000000042
2024-05-25 10:00:00,17454.69,17545.234,-90.54400000000169,142.93245,146.2054,-3.2729500000000087,28.975225,29.059793,-0.08456800000000086,265.22577,266.28946,-1.0636900000000082
2024-05-25 11:00:00,15969.186,16131.5205,-162.33450000000084,135.28781,137.46945,-2.1816399999999874,29.724775,29.672504,0.05227100000000107,269.6419,270.32233,-0.6804300000000012
2024-05-25 12:00:00,15226.432,15700.807,-474.375,131.5101,134.73625,-3.2261500000000183,30.00811,29.960716,0.04739399999999705,273.32538,273.59885,-0.27347000000003163
2024-05-25 13:00:00,15597.809,15823.565,-225.75600000000122,133.4643,134.95204,-1.4877400000000023,29.860237,30.097075,-0.23683799999999877,275.67264,276.69058,-1.01794000000001
2024-05-25 14:00:00,16711.938,16936.93,-224.992000000002,139.1965,140.25298,-1.0564800000000218,29.544594,29.867603,-0.323008999999999,276.48495,278.3541,-1.8691499999999905
2024-05-25 15:00:00,18940.197,19124.432,-184.23500000000058,150.58768,151.28317,-0.6954900000000066,29.077927,29.247753,-0.16982600000000048,275.76828,277.75607,-1.9877900000000182
2024-05-25 16:00:00,23396.713,24075.412,-678.6990000000005,173.33629,171.7631,1.5731899999999825,28.456556,28.481867,-0.025311000000002082,273.62408,275.49088,-1.866800000000012
2024-05-25 17:00:00,27501.629,28801.258,-1299.6290000000008,199.90799,194.47145,5.436540000000008,27.848127,27.7076,0.1405270000000023,270.17184,272.1933,-2.0214600000000473
2024-05-25 18:00:00,27501.629,29726.586,-2224.9569999999985,202.06064,202.88211,-0.821470000000005,27.198126,26.989992,0.2081339999999976,265.6395,267.55582,-1.9163199999999847
2024-05-25 19:00:00,26367.723,25976.354,391.3690000000024,189.21155,183.53964,5.671909999999997,26.531908,26.366726,0.1651820000000015,260.80243,261.21838,-0.41595000000000937
2024-05-25 20:00:00,20797.078,21142.645,-345.5669999999991,161.29411,163.61542,-2.321310000000011,25.940115,25.973505,-0.0333900000000007,255.97775,256.42374,-0.4459900000000232
2024-05-25 21:00:00,16340.561,16408.84,-68.27900000000045,139.02402,143.57204,-4.54801999999998,25.40678,25.526947,-0.12016699999999858,253.52934,253.02867,0.5006699999999853
2024-05-25 22:00:00,11884.044,12644.391,-760.3469999999998,116.72811,125.6305,-8.902389999999997,25.042019,25.121834,-0.07981499999999997,251.40048,251.13612,0.26435999999998216
2024-05-25 23:00:00,10027.162,9985.053,42.10900000000038,107.503685,107.432304,0.07138100000000236,24.782885,24.654839,0.12804600000000121,249.90417,250.84286,-0.9386900000000082
2024-05-26 00:00:00,3435.8965,6270.6206,-2834.7241000000004,63.210896,94.96249,-31.751594000000004,24.430279,24.256176,0.1741029999999988,249.09413,248.17943,0.9147000000000105
2024-05-26 01:00:00,2811.1882,2815.4165,-4.228299999999763,59.921406,65.36331,-5.441904000000001,24.217083,23.857674,0.3594089999999994,248.55698,249.89415,-1.3371699999999862
2024-05-26 02:00:00,2342.657,2060.4316,282.22540000000026,57.38259,56.526558,0.856031999999999,24.10888,23.747694,0.361186,248.31686,250.41063,-2.0937700000000063
2024-05-26 03:00:00,2342.657,1996.4214,346.2356000000002,57.24636,53.897057,3.349303000000006,24.275545,23.930004,0.34554100000000076,248.3763,251.11641,-2.7401100000000156
2024-05-26 04:00:00,3123.5425,2845.608,277.93449999999984,61.14732,57.000755,4.1465650000000025,24.67185,24.341293,0.3305569999999989,248.9813,251.11777,-2.1364700000000028
2024-05-26 05:00:00,4997.668,5063.8613,-66.19329999999991,70.844826,69.67485,1.1699759999999912,25.246946,25.037436,0.20951000000000164,250.02504,251.2841,-1.2590600000000052
2024-05-26 06:00:00,7965.0327,8223.816,-258.78330000000096,86.350464,88.42289,-2.072425999999993,26.147394,25.915386,0.23200799999999688,251.48,252.27364,-0.7936400000000106
2024-05-26 07:00:00,9995.336,10406.453,-411.1170000000002,96.79217,101.29587,-4.503699999999995,27.24482,26.846197,0.3986230000000006,253.65408,253.75235,-0.09827000000001362
2024-05-26 08:00:00,10776.222,11043.965,-267.7430000000004,100.586266,102.2302,-1.6439340000000016,28.403921,27.894503,0.5094180000000001,256.4393,255.68672,0.7525799999999947
2024-05-26 09:00:00,8745.918,8794.293,-48.375,89.36373,91.03693,-1.6731999999999942,29.489187,29.062576,0.4266110000000012,261.65436,260.90027,0.7540900000000192
2024-05-26 10:00:00,7340.324,7299.816,40.50799999999981,81.52334,83.32197,-1.7986299999999886,30.541988,29.975555,0.566433,266.73242,266.8627,-0.13028000000002748
2024-05-26 11:00:00,6715.616,6736.2305,-20.61449999999968,77.96282,80.392136,-2.429316,31.17532,30.682808,0.49251199999999784,271.28256,271.611,-0.3284400000000005
2024-05-26 12:00:00,6403.2617,6547.269,-144.0073000000002,76.12226,79.63163,-3.509370000000004,31.342436,31.068563,0.27387299999999826,275.05145,275.18173,-0.13028000000002748
2024-05-26 13:00:00,6559.439,6611.026,-51.586999999999534,76.82479,79.890305,-3.065515000000005,31.15955,31.167519,-0.007968999999999227,277.41287,277.6556,-0.24272999999999456
2024-05-26 14:00:00,7027.97,6952.834,75.13600000000042,79.24633,81.54113,-2.294799999999995,30.900446,30.995283,-0.09483700000000184,278.1313,278.7423,-0.61099999999999
2024-05-26 15:00:00,7965.0327,7796.7544,168.27829999999994,84.2707,85.65607,-1.3853699999999947,30.55,30.593296,-0.043295999999998,277.28036,278.02316,-0.7428000000000452
2024-05-26 16:00:00,9839.159,9739.104,100.05500000000029,94.40258,94.67126,-0.26868000000000336,29.870361,29.995218,-0.12485700000000222,274.99295,275.31577,-0.3228199999999788
2024-05-26 17:00:00,12025.638,11749.689,275.9490000000005,106.2538,106.45313,-0.19933000000000334,29.220364,29.199594,0.020769999999998845,271.43,271.36307,0.06693000000001348
2024-05-26 18:00:00,12962.701,12988.809,-26.108000000000175,111.501526,114.9159,-3.414373999999995,28.504145,28.378925,0.12522000000000233,266.78748,267.14157,-0.35408999999998514
2024-05-26 19:00:00,11088.575,11502.182,-413.60699999999997,101.81481,108.68236,-6.8675500000000085,27.737925,27.62286,0.1150650000000013,261.8252,262.71765,-0.8924499999999966
2024-05-26 20:00:00,8745.918,8923.669,-177.7510000000002,89.608986,93.72382,-4.114834000000002,27.004593,26.933527,0.0710659999999983,256.9355,258.76636,-1.8308600000000297
2024-05-26 21:00:00,6871.793,6887.2124,-15.419400000000678,79.84181,81.687935,-1.8461250000000007,26.387478,26.328938,0.0585400000000007,254.37964,255.54292,-1.1632800000000145
2024-05-26 22:00:00,4997.668,5086.645,-88.97700000000077,69.92838,73.64373,-3.715350000000001,25.932886,25.793255,0.1396310000000014,254.41661,253.62819,0.7884200000000021
2024-05-26 23:00:00,4216.782,4103.3735,113.40850000000046,65.84929,68.90007,-3.050780000000003,25.318108,25.303839,0.014268999999998755,255.01161,252.88438,2.1272299999999973
2024-05-27 00:00:00,5253.738,5134.914,118.82400000000052,75.51812,72.77748,2.740639999999999,24.75189,25.229303,-0.4774130000000021,269.73688,267.10324,2.633639999999957
2024-05-27 01:00:00,4298.5127,4375.5303,-77.01760000000013,70.59536,71.14238,-0.5470200000000034,24.380856,24.95061,-0.5697539999999996,271.35992,273.34683,-1.986910000000023
2024-05-27 02:00:00,3582.094,3861.894,-279.7999999999997,66.79761,68.57357,-1.7759599999999978,24.203743,24.732553,-0.52881,273.3025,273.8244,-0.5219000000000165
2024-05-27 03:00:00,3582.094,3808.1843,-226.09029999999984,66.596535,67.85956,-1.263024999999999,24.503885,24.699327,-0.1954419999999999,275.63684,274.4638,1.1730400000000145
2024-05-27 04:00:00,4776.1255,5160.4785,-384.35300000000007,72.670074,73.336174,-0.6661000000000001,24.896849,24.972843,-0.07599400000000145,276.17844,275.66986,0.5085799999999949
2024-05-27 05:00:00,7641.801,8815.608,-1173.8069999999998,87.39042,90.76289,-3.3724699999999928,25.30563,25.665375,-0.3597450000000002,277.2688,277.7794,-0.5106000000000108
2024-05-27 06:00:00,12179.119,12848.457,-669.3379999999997,110.695595,114.63731,-3.941715000000002,26.039778,26.53561,-0.49583200000000005,278.8566,280.44196,-1.5853599999999801
2024-05-27 07:00:00,15283.602,15823.702,-540.0999999999985,126.48318,133.2226,-6.7394199999999955,27.089779,27.357368,-0.26758900000000096,281.10324,282.22314,-1.1198999999999728
2024-05-27 08:00:00,16477.633,16495.924,-18.29099999999744,132.33987,133.73355,-1.3936800000000176,28.255997,28.377047,-0.12105000000000032,283.8842,285.3418,-1.4575999999999567
2024-05-27 09:00:00,13373.15,13416.456,-43.306000000000495,115.947365,120.35783,-4.410465000000002,29.121483,29.418184,-0.29670099999999877,289.10864,291.0701,-1.961460000000045
2024-05-27 10:00:00,11223.895,11465.59,-241.6949999999997,104.57668,107.929,-3.352320000000006,29.82193,30.187088,-0.365158000000001,294.23257,296.5104,-2.2778299999999945
2024-05-27 11:00:00,10268.67,10473.457,-204.78700000000026,99.448814,101.57448,-2.1256659999999954,30.289043,30.682472,-0.39342900000000114,298.80228,300.6902,-1.8879200000000083
2024-05-27 12:00:00,9791.057,10081.521,-290.46399999999994,96.85062,99.26268,-2.4120599999999968,30.47246,30.892475,-0.42001499999999936,302.53232,303.76093,-1.2286099999999465
2024-05-27 13:00:00,10029.863,10172.271,-142.40800000000127,98.00506,99.54853,-1.5434699999999992,30.305794,30.87863,-0.5728360000000023,304.83554,306.0235,-1.1879600000000323
2024-05-27 14:00:00,10746.282,10840.434,-94.15200000000004,101.69245,103.33086,-1.6384100000000075,30.02201,30.577673,-0.5556629999999991,305.48776,307.02026,-1.5325000000000273
2024-05-27 15:00:00,12179.119,12242.675,-63.555999999998676,109.1963,111.085945,-1.8896450000000016,29.605343,30.01491,-0.4095669999999991,304.49365,306.2922,-1.7985499999999774
2024-05-27 16:00:00,15044.796,14938.193,106.60300000000097,124.16787,124.98639,-0.8185200000000066,28.830793,29.340967,-0.5101739999999992,301.95755,303.96072,-2.0031699999999546
2024-05-27 17:00:00,18388.084,18273.576,114.50799999999799,141.64357,142.95125,-1.3076799999999764,28.05624,28.564104,-0.5078640000000014,298.06967,300.01215,-1.942480000000046
2024-05-27 18:00:00,19820.922,19971.072,-150.15000000000146,149.20609,153.60284,-4.396749999999997,27.340021,27.817581,-0.47756000000000043,293.09137,295.30096,-2.2095899999999915
2024-05-27 19:00:00,16955.246,17276.08,-320.83400000000256,134.48923,142.43005,-7.940820000000002,26.717196,27.102543,-0.38534699999999944,287.82852,290.4468,-2.61827999999997
2024-05-27 20:00:00,13373.15,13672.65,-299.5,116.072685,122.369484,-6.296798999999993,26.241749,26.493979,-0.25223000000000084,282.67923,286.20184,-3.522609999999986
2024-05-27 21:00:00,10507.477,10693.759,-186.28199999999924,101.39601,104.80787,-3.41185999999999,25.758415,25.94126,-0.18284500000000037,279.9883,282.29767,-2.3093700000000013
2024-05-27 22:00:00,7641.801,7986.198,-344.39699999999993,86.74123,91.51515,-4.773920000000004,25.333862,25.441858,-0.10799599999999998,277.80463,279.07422,-1.2695900000000506
2024-05-27 23:00:00,6447.769,6367.679,80.09000000000015,80.768425,81.80957,-1.0411450000000002,24.909311,24.952446,-0.04313499999999948,276.34937,276.57755,-0.2281799999999521
2024-05-28 00:00:00,4261.282,5544.6025,-1283.3204999999998,61.113308,78.026596,-16.913287999999994,24.625448,24.53151,0.09393799999999786,275.66876,275.82837,-0.15960999999998648
2024-05-28 01:00:00,3486.5034,3414.632,71.8714,57.175987,64.55546,-7.379472999999997,24.558334,24.373676,0.18465799999999888,275.21475,275.42386,-0.20911000000000968
2024-05-28 02:00:00,2905.42,2884.164,21.255999999999858,54.19857,60.207844,-6.009274000000005,24.661789,24.32923,0.3325589999999998,275.00403,275.09454,-0.09050999999999476
2024-05-28 03:00:00,2905.42,2707.3015,198.11850000000004,54.247974,58.047142,-3.7991680000000017,24.71299,24.53025,0.18274000000000257,275.1817,275.2461,-0.06440000000003465
2024-05-28 04:00:00,3873.893,3596.4468,277.44619999999986,59.36576,60.489,-1.1232399999999956,24.853601,24.848675,0.004926000000001096,275.84537,275.5984,0.24696999999997615
2024-05-28 05:00:00,6198.229,6271.0376,-72.80859999999939,71.562096,72.36252,-0.8004240000000067,25.408257,25.452608,-0.04435100000000247,276.98007,276.99527,-0.015199999999992997
2024-05-28 06:00:00,9878.427,9960.202,-81.77499999999964,90.84679,90.65072,0.19606999999999175,26.223497,26.353518,-0.13002100000000283,278.4362,279.63266,-1.1964600000000019
2024-05-28 07:00:00,12396.458,12479.097,-82.63899999999921,103.9079,105.77045,-1.8625499999999988,27.389717,27.30947,0.08024699999999996,280.7181,282.5232,-1.8050999999999817
2024-05-28 08:00:00,13364.932,12935.572,429.3600000000006,108.80237,106.410286,2.392083999999997,28.373049,28.39472,-0.021670999999997775,283.72006,286.09027,-2.370209999999986
2024-05-28 09:00:00,10846.9,10448.927,397.97299999999996,95.27325,95.8882,-0.6149499999999932,29.421848,29.346928,0.07492000000000232,289.16058,291.21277,-2.052189999999996
2024-05-28 10:00:00,9103.648,9010.486,93.16199999999844,85.86728,86.33738,-0.4701000000000022,30.3488,30.12439,0.22441000000000244,294.47717,296.29938,-1.8222099999999841
2024-05-28 11:00:00,8328.869,8291.305,37.564000000000306,81.64488,81.69626,-0.05137999999999465,30.91171,30.65631,0.2553999999999981,299.247,300.54413,-1.2971299999999815
2024-05-28 12:00:00,7941.481,8050.519,-109.03800000000047,79.56328,80.15101,-0.5877299999999934,31.044596,30.890247,0.15434899999999985,303.27505,303.82083,-0.5457799999999793
2024-05-28 13:00:00,8135.175,8171.6846,-36.50959999999941,80.63143,80.44748,0.18394999999999584,30.944147,30.872108,0.07203900000000019,305.76028,306.1909,-0.43061999999997624
2024-05-28 14:00:00,8716.259,8738.292,-22.032999999999447,83.79398,83.35649,0.43749000000001104,30.710812,30.64049,0.07032200000000088,306.5338,307.35635,-0.8225500000000352
2024-05-28 15:00:00,9878.427,9938.667,-60.23999999999978,90.10492,89.97752,0.12740000000000862,30.196243,30.202229,-0.005986000000000047,305.65982,306.9361,-1.2762799999999856
2024-05-28 16:00:00,12202.763,12070.976,131.78700000000026,102.62193,102.10433,0.5176000000000016,29.49669,29.602312,-0.10562200000000033,303.33023,304.9069,-1.5766700000000355
2024-05-28 17:00:00,14914.489,14663.376,251.11299999999937,117.246284,117.96905,-0.7227659999999929,28.817116,28.92225,-0.10513399999999962,299.63153,301.27106,-1.6395299999999793
2024-05-28 18:00:00,16076.656,16032.181,44.475000000000364,123.63106,127.17305,-3.5419899999999984,28.300001,28.197266,0.10273500000000269,294.73743,296.41318,-1.6757499999999936
2024-05-28 19:00:00,13752.321,13645.778,106.54299999999967,111.5648,116.02382,-4.459019999999995,27.716219,27.457878,0.25834099999999793,289.53513,291.2279,-1.692769999999996
2024-05-28 20:00:00,10846.9,11207.463,-360.5630000000001,96.42254,99.860825,-3.4382850000000076,27.016218,26.87398,0.14223799999999898,284.40698,286.70105,-2.2940700000000334
2024-05-28 21:00:00,8522.564,8655.56,-132.99599999999919,84.31574,85.9486,-1.6328599999999938,26.366667,26.300106,0.06656100000000009,281.6897,282.76703,-1.0773299999999608
2024-05-28 22:00:00,6198.229,6329.1177,-130.88869999999952,72.03357,76.3705,-4.3369300000000095,25.90894,25.78114,0.12780000000000058,279.4758,279.86673,-0.39093000000002576
2024-05-28 23:00:00,5229.7554,5095.9697,133.78570000000036,66.836426,69.95137,-3.114943999999994,25.492275,25.328247,0.1640279999999983,277.88663,277.6344,0.2522299999999973
2024-05-29 00:00:00,8618.561,5211.5747,3406.9862999999996,92.30318,69.10679,23.196389999999994,25.208492,24.996264,0.21222799999999964,277.0656,277.17456,-0.10895999999996775
2024-05-29 01:00:00,7051.5503,6028.324,1023.2263000000003,84.3913,76.40516,7.986140000000006,24.991379,24.921072,0.07030699999999968,276.48102,277.25717,-0.7761499999999728
2024-05-29 02:00:00,5876.2915,5452.2754,424.0160999999998,78.42082,74.0858,4.33502,24.922073,24.8548,0.06727300000000014,276.17126,276.58612,-0.414859999999976
2024-05-29 03:00:00,5876.2915,5332.191,544.1005000000005,78.32354,72.89394,5.4295999999999935,24.852863,24.923708,-0.07084500000000205,276.31494,276.41388,-0.09894000000002734
2024-05-29 04:00:00,7835.055,6754.786,1080.2690000000002,88.181786,80.20185,7.979936000000009,24.994818,25.095144,-0.10032600000000258,277.00247,277.15845,-0.15597999999999956
2024-05-29 05:00:00,12536.089,12324.3955,211.6934999999994,111.70527,109.22062,2.484650000000002,25.580566,25.601353,-0.020786999999998557,278.2861,279.90817,-1.622070000000008
2024-05-29 06:00:00,19979.393,18884.904,1094.4890000000014,148.87074,142.9204,5.950340000000011,26.56345,26.423618,0.1398319999999984,279.95297,281.55405,-1.6010800000000245
2024-05-29 07:00:00,25072.178,24875.44,196.7380000000012,174.16005,172.15619,2.003860000000003,27.72967,27.392374,0.3372959999999985,282.37967,283.1344,-0.7547300000000519
2024-05-29 08:00:00,27030.94,26170.83,860.109999999997,183.77403,177.21817,6.555860000000024,28.611261,28.623005,-0.011744000000000199,285.39163,286.93448,-1.5428499999999872
2024-05-29 09:00:00,21938.156,21222.959,715.1970000000001,158.10637,157.3704,0.7359700000000089,29.448034,29.724134,-0.27609999999999957,290.76904,292.8514,-2.082359999999994
2024-05-29 10:00:00,18412.38,17867.568,544.8120000000017,140.24681,138.40172,1.845089999999999,30.15608,30.544292,-0.38821199999999934,295.91464,298.50226,-2.5876199999999585
2024-05-29 11:00:00,16845.37,16546.965,298.40499999999884,132.22452,129.60329,2.6212300000000255,30.724262,31.012224,-0.2879620000000003,300.4041,302.6842,-2.2800999999999476
2024-05-29 12:00:00,16061.863,16161.592,-99.72900000000118,128.19492,127.12196,1.0729599999999948,30.973816,31.159843,-0.18602699999999928,304.10544,305.46576,-1.3603200000000015
2024-05-29 13:00:00,16453.617,16332.602,121.0149999999976,130.16487,127.86456,2.3003100000000103,30.732662,31.187347,-0.4546849999999978,306.36768,307.8344,-1.4667200000000093
2024-05-29 14:00:00,17628.875,17574.406,54.46900000000096,136.15785,134.25888,1.8989699999999914,30.318632,30.897224,-0.5785920000000004,307.06512,308.8843,-1.8191800000000171
2024-05-29 15:00:00,19979.393,19895.537,83.85599999999977,148.12146,147.07692,1.044540000000012,29.735748,30.254244,-0.518495999999999,306.15805,307.80353,-1.6454800000000205
2024-05-29 16:00:00,24680.426,24985.072,-304.64600000000064,171.89622,169.25156,2.6446599999999876,29.035748,29.399021,-0.3632729999999995,303.71027,304.7254,-1.0151299999999992
2024-05-29 17:00:00,27501.629,29220.77,-1719.1409999999996,199.60612,192.10895,7.497170000000011,28.333334,28.571976,-0.2386419999999987,299.84253,300.4751,-0.632569999999987
2024-05-29 18:00:00,27501.629,29586.98,-2085.3509999999987,202.06064,197.43126,4.629379999999998,27.603664,27.824013,-0.22034900000000235,294.80472,295.54514,-0.7404200000000287
2024-05-29 19:00:00,27501.629,25751.219,1750.4099999999999,188.44835,177.13747,11.310879999999997,26.803663,27.198261,-0.39459799999999845,289.45734,290.6199,-1.162559999999985
2024-05-29 20:00:00,21938.156,21367.658,570.4979999999996,159.29552,157.31906,1.976460000000003,26.137445,26.678082,-0.5406370000000003,284.16098,286.88086,-2.719879999999989
2024-05-29 21:00:00,17237.123,16713.46,523.6630000000005,135.98264,137.7056,-1.7229600000000005,25.587894,26.085722,-0.49782800000000194,281.2915,283.62085,-2.3293500000000336
2024-05-29 22:00:00,12536.089,12961.517,-425.4279999999999,112.54882,119.4396,-6.890779999999992,25.287893,25.582739,-0.2948459999999997,278.89847,281.08588,-2.18741
2024-05-29 23:00:00,10577.324,10189.052,388.27200000000084,102.77998,100.26554,2.5144399999999933,25.038515,25.098782,-0.060266999999999626,277.28738,278.78174,-1.4943600000000288
2024-05-30 00:00:00,5684.199,6375.669,-691.4700000000003,81.8703,89.285225,-7.414924999999997,24.888515,24.536022,0.3524930000000026,276.52298,277.25586,-0.732879999999966
2024-05-30 01:00:00,4650.708,4661.51,-10.80200000000059,76.568115,76.35209,0.2160250000000019,24.78204,24.337246,0.44479399999999814,276.11707,277.20746,-1.0903900000000135
2024-05-30 02:00:00,3875.5903,3793.9548,81.63549999999987,72.523026,71.15346,1.369566000000006,24.81582,24.266937,0.548883,276.0383,276.06226,-0.023959999999988213
2024-05-30 03:00:00,3875.5903,3604.251,271.33929999999964,72.337814,69.986725,2.3510889999999875,25.061485,24.4815,0.5799850000000006,276.37607,275.95996,0.4161100000000033
2024-05-30 04:00:00,5167.4536,4832.979,334.47459999999955,78.72286,75.75269,2.970169999999996,25.45107,24.937542,0.5135280000000009,277.2284,276.80014,0.42826000000002296
2024-05-30 05:00:00,8267.927,8251.79,16.136999999998807,94.2516,92.459274,1.7923260000000028,26.166842,25.748941,0.4179010000000005,278.54816,278.90698,-0.35881999999998015
2024-05-30 06:00:00,13177.008,13011.311,165.69700000000012,118.94902,116.19533,2.753690000000006,26.98351,26.719034,0.2644759999999984,280.22507,281.34485,-1.1197799999999916
2024-05-30 07:00:00,16535.854,16405.172,130.6820000000007,135.72034,136.31381,-0.5934699999999964,28.01729,27.641449,0.37584099999999765,282.61475,283.52826,-0.9135099999999738
2024-05-30 08:00:00,17827.717,17701.824,125.89300000000003,142.00705,140.7766,1.2304499999999905,28.984404,28.726612,0.257792000000002,285.66415,286.7594,-1.0952500000000214
2024-05-30 09:00:00,14468.871,14218.987,249.88400000000001,124.651024,126.133125,-1.4821010000000001,29.956303,29.758327,0.19797599999999704,291.13617,292.04016,-0.9039900000000216
2024-05-30 10:00:00,12143.517,12001.928,141.58899999999994,112.59994,113.48391,-0.8839699999999908,31.005856,30.58937,0.4164860000000026,296.52234,297.5112,-0.9888599999999883
2024-05-30 11:00:00,11110.025,11029.495,80.52999999999884,107.23977,107.40676,-0.16699000000001263,31.73812,31.245478,0.492642,301.4298,302.15704,-0.7272399999999948
2024-05-30 12:00:00,10593.28,10728.017,-134.73699999999917,104.577774,105.39724,-0.8194659999999914,32.071453,31.579031,0.4924219999999977,305.5806,305.7662,-0.1856000000000222
2024-05-30 13:00:00,10851.652,10899.876,-48.22400000000016,105.91415,105.9127,0.0014500000000055024,32.105232,31.695263,0.40996900000000025,308.30737,308.59656,-0.28919000000001915
2024-05-30 14:00:00,11626.771,11609.603,17.168000000001484,109.89524,109.65258,0.24266000000000076,31.872297,31.591019,0.28127800000000036,309.37177,310.1637,-0.7919299999999794
2024-05-30 15:00:00,13177.008,13046.105,130.90300000000025,117.83889,117.7154,0.12349000000000387,31.583735,31.232845,0.3508899999999997,308.77454,309.85565,-1.0811100000000238
2024-05-30 16:00:00,16277.481,16013.711,263.77000000000044,133.63359,132.51411,1.11948000000001,31.099953,30.745703,0.3542500000000004,306.65582,307.67783,-1.0220099999999661
2024-05-30 17:00:00,19894.7,19537.459,357.2410000000018,152.02322,149.75673,2.2664900000000046,30.516441,30.122639,0.3938020000000009,303.05472,303.77728,-0.7225600000000441
2024-05-30 18:00:00,21444.934,21251.691,193.2430000000022,159.93535,159.33832,0.5970299999999895,29.972347,29.46898,0.5033670000000008,298.28464,298.89203,-0.6073899999999526
2024-05-30 19:00:00,18344.46,18303.902,40.5580000000009,144.248,148.11041,-3.8624100000000112,29.206127,28.844017,0.3621099999999977,293.13965,293.83417,-0.6945199999999545
2024-05-30 20:00:00,14468.871,14388.946,79.92499999999927,124.64726,127.47396,-2.8267000000000024,28.572796,28.276123,0.29667300000000196,287.97607,289.5562,-1.580129999999997
2024-05-30 21:00:00,11368.398,11476.256,-107.85800000000017,108.977295,110.186676,-1.2093810000000076,27.983334,27.75027,0.23306399999999883,285.23026,285.97983,-0.7495700000000056
2024-05-30 22:00:00,8267.927,8600.415,-332.4880000000012,93.30596,96.447876,-3.141915999999995,27.537794,27.236673,0.30112100000000197,282.82706,283.06873,-0.24166999999999916
2024-05-30 23:00:00,6976.063,6846.6606,129.40239999999994,86.83079,86.11931,0.7114799999999946,27.237795,26.766363,0.4714320000000001,281.09308,280.8376,0.2554799999999773
2024-05-31 00:00:00,5487.0107,5704.255,-217.2443000000003,73.007965,81.46764,-8.459675000000004,26.70491,26.372936,0.33197400000000243,280.03998,279.57983,0.4601499999999987
2024-05-31 01:00:00,4489.3726,4330.1357,159.23689999999988,68.02089,72.709305,-4.688415000000006,26.33869,26.08474,0.2539499999999997,279.21637,279.59723,-0.38086000000004105
2024-05-31 02:00:00,3741.1438,3696.6765,44.467299999999796,64.26693,68.88259,-4.615659999999991,26.022022,25.871555,0.15046699999999902,278.63782,278.8178,-0.17998000000000047
2024-05-31 03:00:00,3741.1438,3638.3022,102.84159999999974,64.248535,67.48455,-3.2360149999999948,25.948334,25.823694,0.12463999999999942,278.26233,278.55463,-0.2922999999999547
2024-05-31 04:00:00,4988.192,4980.387,7.805000000000291,70.5539,71.55619,-1.0022900000000021,26.021849,26.069212,-0.04736300000000071,278.3765,278.81024,-0.43374000000000024
2024-05-31 05:00:00,7981.1064,8590.912,-609.8056000000006,85.79008,86.820206,-1.0301259999999957,26.138515,26.760635,-0.6221199999999989,278.94678,280.2436,-1.2968200000000252
2024-05-31 06:00:00,12719.89,12990.193,-270.3029999999999,109.95147,110.50983,-0.5583599999999933,26.638964,27.571785,-0.932820999999997,280.02045,282.29596,-2.275509999999997
2024-05-31 07:00:00,15962.215,16373.819,-411.60399999999936,126.32338,131.46748,-5.144099999999995,27.422745,28.309158,-0.886413000000001,281.94528,283.8356,-1.8903199999999742
2024-05-31 08:00:00,17209.264,17309.256,-99.99200000000201,132.42853,133.82657,-1.3980400000000088,28.472746,29.134392,-0.6616459999999975,284.61865,286.54773,-1.929079999999999
2024-05-31 09:00:00,13966.9375,13980.367,-13.42950000000019,115.50607,119.99059,-4.484520000000003,29.512207,29.989952,-0.47774499999999875,289.8959,291.67706,-1.7811599999999999
2024-05-31 10:00:00,11722.251,11819.527,-97.27599999999984,103.73308,106.506485,-2.773404999999997,30.49554,30.686844,-0.19130400000000236,295.15408,296.78555,-1.6314699999999789
2024-05-31 11:00:00,10724.612,10764.782,-40.17000000000007,98.41502,99.36714,-0.9521200000000078,31.128872,31.210167,-0.08129499999999723,299.9646,301.0082,-1.0435999999999694
2024-05-31 12:00:00,10225.794,10353.109,-127.31500000000051,95.73663,96.48111,-0.7444799999999958,31.345985,31.474533,-0.1285480000000021,303.97897,304.42502,-0.4460500000000138
2024-05-31 13:00:00,10475.203,10391.832,83.37099999999919,96.98866,96.32914,0.6595200000000006,31.213104,31.531815,-0.3187110000000004,306.54437,307.1474,-0.6030299999999897
2024-05-31 14:00:00,11223.432,10991.987,231.44500000000153,100.850845,99.71247,1.1383750000000106,30.944593,31.333393,-0.3887999999999998,307.44833,308.53156,-1.0832300000000146
2024-05-31 15:00:00,12719.89,12380.086,339.8040000000001,108.59271,107.80977,0.7829399999999964,30.660812,30.884176,-0.22336400000000012,306.6978,308.05234,-1.3545400000000427
2024-05-31 16:00:00,15712.806,15292.17,420.6360000000004,124.09617,123.18222,0.9139499999999998,30.12748,30.313858,-0.18637800000000126,304.411,305.77438,-1.3633800000000065
2024-05-31 17:00:00,19204.54,18865.242,339.2980000000025,142.23206,141.6502,0.5818599999999776,29.479544,29.656727,-0.17718299999999942,300.74106,301.9342,-1.1931399999999712
2024-05-31 18:00:00,20700.996,20775.166,-74.17000000000189,150.21121,152.26695,-2.0557400000000143,28.779993,29.016205,-0.2362119999999983,295.93033,297.4134,-1.483069999999998
2024-05-31 19:00:00,17708.082,17928.857,-220.77500000000146,135.15868,140.67268,-5.51400000000001,28.117115,28.300808,-0.18369300000000166,290.72577,292.41028,-1.6845099999999888
2024-05-31 20:00:00,13966.9375,14026.881,-59.9434999999994,116.2485,119.71533,-3.4668299999999874,27.550001,27.687723,-0.13772199999999657,285.34033,288.05966,-2.7193300000000136
2024-05-31 21:00:00,10974.021,11050.344,-76.3229999999985,101.20426,102.00262,-0.7983599999999882,26.91622,27.101513,-0.18529300000000148,282.1678,284.07742,-1.909620000000018
2024-05-31 22:00:00,7981.1064,8220.147,-239.04060000000118,88.381615,88.66825,-0.28663500000000397,25.963102,26.541573,-0.5784710000000004,277.0343,280.68384,-3.649540000000002
2024-05-31 23:00:00,6734.0586,6531.5723,202.48630000000048,84.488365,79.94526,4.543104999999997,25.030216,25.865768,-0.8355519999999999,272.4463,277.17734,-4.731040000000007
2024-06-01 00:00:00,5998.2876,5618.5283,379.7592999999997,90.71008,79.84786,10.862220000000008,24.263998,25.035673,-0.7716749999999983,255.09619,259.64496,-4.548770000000019
2024-06-01 01:00:00,4907.69,4909.145,-1.4550000000008367,87.41887,80.39075,7.028120000000001,23.680664,24.499538,-0.818874000000001,251.5621,251.79391,-0.23181000000002427
2024-06-01 02:00:00,4089.7417,4355.731,-265.98929999999973,85.47611,79.947044,5.529066,23.38855,24.069687,-0.6811369999999997,248.46191,249.11375,-0.6518400000000213
2024-06-01 03:00:00,4089.7417,4353.608,-263.86630000000014,87.74598,81.292305,6.453675000000004,23.196468,23.860424,-0.6639559999999989,245.86673,247.74127,-1.874539999999996
2024-06-01 04:00:00,5452.989,5687.7036,-234.71460000000025,94.85662,89.63681,5.21981000000001,23.363583,23.850637,-0.48705400000000054,245.98657,247.20503,-1.2184599999999932
2024-06-01 05:00:00,8724.782,9182.02,-457.2380000000012,111.83032,109.183014,2.6473060000000004,23.764032,24.291616,-0.5275840000000009,246.63937,247.97537,-1.3359999999999843
2024-06-01 06:00:00,13905.122,13981.221,-76.09900000000016,138.65361,136.23068,2.4229299999999796,24.331146,24.99705,-0.6659040000000012,247.67793,249.39763,-1.719699999999989
2024-06-01 07:00:00,17449.566,17954.35,-504.78399999999965,156.90074,158.36737,-1.4666299999999808,25.216925,25.694103,-0.47717799999999855,249.4538,250.57382,-1.120020000000011
2024-06-01 08:00:00,18812.812,19410.076,-597.2639999999992,163.85701,163.92409,-0.06708000000000425,26.041477,26.620161,-0.5786839999999991,251.7781,252.55464,-0.7765400000000113
2024-06-01 09:00:00,15268.37,15571.469,-303.09899999999834,145.35516,149.9765,-4.621339999999975,26.858145,27.551569,-0.6934240000000003,256.48566,256.64,-0.1543399999999906
2024-06-01 10:00:00,12814.523,13086.271,-271.7480000000014,132.51466,135.66121,-3.146550000000019,27.550259,28.219791,-0.6695320000000002,261.13828,261.0035,0.13478000000003476
2024-06-01 11:00:00,11723.927,11917.509,-193.58200000000033,126.765495,128.5165,-1.7510050000000064,27.963964,28.652939,-0.6889749999999992,265.3603,264.91278,0.44751999999999725
2024-06-01 12:00:00,11178.627,11477.807,-299.1800000000003,123.883354,125.81523,-1.9318760000000026,28.155373,28.830168,-0.6747949999999996,268.95685,268.3373,0.619549999999947
2024-06-01 13:00:00,11451.276,11550.71,-99.43399999999929,125.28336,125.80373,-0.5203699999999998,28.104925,28.81927,-0.714344999999998,271.2039,271.49973,-0.2958300000000236
2024-06-01 14:00:00,12269.225,12255.274,13.951000000000931,129.51945,129.5534,-0.033950000000004366,27.984177,28.506872,-0.5226950000000024,271.94214,273.0434,-1.1012600000000248
2024-06-01 15:00:00,13905.122,13702.777,202.34499999999935,138.04729,138.02788,0.019409999999993488,27.467512,27.950523,-0.4830110000000012,271.16922,271.80283,-0.633609999999976
2024-06-01 16:00:00,17176.916,16792.002,384.91400000000067,155.11742,153.26451,1.8529100000000085,26.741184,27.232542,-0.4913579999999982,268.98288,268.82483,0.1580500000000029
2024-06-01 17:00:00,20994.008,20914.643,79.3650000000016,175.02846,171.3041,3.72435999999999,25.96171,26.49102,-0.5293099999999988,265.49643,265.167,0.3294300000000021
2024-06-01 18:00:00,22629.904,23026.496,-396.59200000000055,183.65295,180.79564,2.8573100000000125,25.328375,25.817785,-0.48940999999999946,260.89987,261.11957,-0.2196999999999889
2024-06-01 19:00:00,19358.111,19530.385,-172.2739999999976,166.78258,166.86293,-0.08035000000000991,24.762812,25.205856,-0.44304400000000044,256.06464,256.09695,-0.0323099999999954
2024-06-01 20:00:00,15268.37,15207.554,60.81600000000071,145.64073,146.23782,-0.5970900000000086,24.253408,24.705482,-0.45207399999999964,251.26366,252.10118,-0.837520000000012
2024-06-01 21:00:00,11996.575,12084.035,-87.45999999999913,128.74168,128.50346,0.23822000000001253,23.853409,24.215311,-0.3619020000000006,248.91924,249.46088,-0.541640000000001
2024-06-01 22:00:00,8724.782,9186.069,-461.28700000000026,111.827255,114.35553,-2.528275000000008,23.40563,23.805882,-0.40025200000000183,247.0165,248.19754,-1.1810399999999959
2024-06-01 23:00:00,7361.535,7410.687,-49.152000000000044,104.87114,103.02765,1.8434900000000027,23.151773,23.341665,-0.1898920000000004,245.76004,247.72437,-1.9643299999999897
2024-06-02 00:00:00,5781.555,5835.0913,-53.536299999999756,91.75326,96.301315,-4.548055000000005,22.931904,23.046797,-0.11489300000000213,245.20438,246.86476,-1.6603800000000035
2024-06-02 01:00:00,4730.3633,4701.4077,28.95560000000023,86.52707,88.203865,-1.6767949999999985,22.929907,22.843565,0.08634199999999836,244.803,245.98958,-1.1865799999999922
2024-06-02 02:00:00,3941.9695,4168.262,-226.29249999999956,82.658516,85.07404,-2.4155239999999907,23.00871,22.852724,0.15598600000000218,244.67828,245.79419,-1.1159099999999853
2024-06-02 03:00:00,3941.9695,4101.7793,-159.8098,82.87664,83.774124,-0.8974840000000057,22.979029,23.016235,-0.03720600000000118,244.82957,246.16536,-1.335790000000003
2024-06-02 04:00:00,5255.959,5267.7188,-11.759799999999814,89.903244,88.26363,1.6396139999999946,23.196144,23.273352,-0.07720799999999883,245.41309,246.41823,-1.005139999999983
2024-06-02 05:00:00,8409.535,8545.982,-136.44700000000012,106.37009,104.69752,1.6725700000000074,23.61281,23.812395,-0.199584999999999,246.34944,247.21643,-0.8669900000000155
2024-06-02 06:00:00,13402.696,13193.285,209.41100000000006,132.21642,127.58018,4.636240000000001,24.395248,24.537619,-0.1423710000000007,247.57538,248.75171,-1.1763300000000072
2024-06-02 07:00:00,16819.072,16465.477,353.59500000000116,149.87906,145.8995,3.9795600000000206,25.31212,25.313969,-0.0018489999999999895,249.51784,250.04448,-0.5266399999999862
2024-06-02 08:00:00,18133.06,17739.04,394.02000000000044,156.76842,151.40375,5.36466999999999,26.204958,26.211369,-0.0064109999999999445,252.02211,251.82007,0.20204000000001088
2024-06-02 09:00:00,14716.687,14486.11,230.57699999999932,139.27124,139.3729,-0.10165999999998121,27.095247,27.198881,-0.10363399999999956,256.93652,256.08206,0.8544599999999605
2024-06-02 10:00:00,12351.505,12163.677,187.82799999999952,127.09899,126.427284,0.6717060000000004,27.879028,27.981062,-0.10203399999999974,261.74283,261.32922,0.4136100000000056
2024-06-02 11:00:00,11300.3125,11092.606,207.70650000000023,121.634056,119.882645,1.7514110000000045,28.395695,28.5352,-0.13950499999999977,266.12445,265.6898,0.4346500000000333
2024-06-02 12:00:00,10774.717,10712.964,61.75300000000061,118.81073,117.59944,1.2112900000000053,28.65563,28.78165,-0.12602000000000046,269.77087,268.95752,0.813350000000014
2024-06-02 13:00:00,11037.515,10850.383,187.1319999999996,119.99945,118.38876,1.610689999999991,28.671196,28.828278,-0.1570820000000026,272.05347,271.2579,0.7955699999999979
2024-06-02 14:00:00,11825.908,11538.617,287.29099999999926,123.87017,122.30307,1.5670999999999964,28.304976,28.646395,-0.34141899999999836,272.82846,272.3092,0.5192600000000311
2024-06-02 15:00:00,13402.696,12873.033,529.6630000000005,131.83252,129.76245,2.070069999999987,27.822092,28.15898,-0.3368879999999983,272.09616,271.75812,0.33803999999997814
2024-06-02 16:00:00,16556.271,15814.029,742.2420000000002,147.95459,144.48338,3.471209999999985,27.189224,27.496487,-0.30726299999999895,269.9818,269.63913,0.34266999999999825
2024-06-02 17:00:00,20235.445,19906.299,329.14600000000064,166.74489,164.13202,2.6128699999999867,26.539223,26.66924,-0.13001699999999872,266.50958,265.9539,0.5556800000000521
2024-06-02 18:00:00,21812.232,21975.006,-162.77400000000125,174.71701,174.30331,0.4136999999999773,26.07211,25.887268,0.18484199999999973,261.974,261.7262,0.2477999999999838
2024-06-02 19:00:00,18658.656,18538.834,119.82200000000012,158.43922,160.55249,-2.11327,25.38857,25.286688,0.1018819999999998,257.0946,256.8761,0.2185000000000059
2024-06-02 20:00:00,14716.687,14615.491,101.19599999999991,138.20502,141.1369,-2.9318800000000067,24.755686,24.818398,-0.06271199999999766,252.2054,253.1789,-0.9735000000000014
2024-06-02 21:00:00,11563.11,11580.345,-17.234999999998763,122.13448,123.295456,-1.1609760000000051,24.0728,24.353346,-0.2805459999999975,249.75923,250.74667,-0.9874399999999923
2024-06-02 22:00:00,8409.535,8724.53,-314.9950000000008,105.99516,109.05876,-3.063600000000008,23.589895,23.908241,-0.3183460000000018,249.88394,249.60252,0.2814199999999971
2024-06-02 23:00:00,7095.5454,7050.281,45.26440000000002,99.317604,97.808495,1.5091090000000094,23.427704,23.438395,-0.010691000000001338,250.66562,249.64343,1.0221899999999948
2024-06-03 00:00:00,5159.9946,5851.1978,-691.2031999999999,90.55683,92.167656,-1.6108259999999888,23.332195,23.24749,0.08470499999999959,265.4014,260.6243,4.7771000000000186
2024-06-03 01:00:00,4221.8135,4249.416,-27.602499999999964,85.712166,86.135994,-0.4238280000000003,23.248863,23.111378,0.13748500000000163,267.2818,266.9728,0.3089999999999691
2024-06-03 02:00:00,3518.178,3621.751,-103.57300000000032,81.99996,83.52345,-1.5234899999999953,23.165977,23.132376,0.03360100000000088,269.48862,268.35272,1.1359000000000492
2024-06-03 03:00:00,3518.178,3410.0642,108.11380000000008,81.870056,82.15053,-0.2804739999999981,23.337807,23.250334,0.0874730000000028,272.01132,269.69193,2.3193899999999985
2024-06-03 04:00:00,4690.904,4559.288,131.6160000000009,87.8982,86.78691,1.1112899999999968,23.620674,23.58541,0.035264000000001516,272.64368,271.1575,1.4861799999999903
2024-06-03 05:00:00,7505.4463,7811.2114,-305.76510000000053,102.45932,103.2813,-0.8219799999999964,24.19299,24.232586,-0.03959599999999952,273.67844,273.24615,0.43229000000002316
2024-06-03 06:00:00,11961.805,12120.111,-158.3060000000005,125.62764,125.03622,0.5914199999999994,24.83311,25.02483,-0.1917200000000001,275.03632,275.77393,-0.7376100000000179
2024-06-03 07:00:00,15010.894,14861.479,149.41500000000087,141.4485,141.22092,0.227579999999989,25.71758,25.700455,0.017125000000000057,277.0538,277.60883,-0.5550299999999879
2024-06-03 08:00:00,16183.62,15998.767,184.85300000000097,147.50209,144.3699,3.1321900000000085,26.468029,26.4889,-0.02087099999999964,279.6663,280.26718,-0.6008800000000178
2024-06-03 09:00:00,13134.531,12991.2,143.33100000000013,131.45833,131.27205,0.18627999999998224,27.197094,27.390556,-0.19346200000000024,284.64758,285.33856,-0.6909799999999677
2024-06-03 10:00:00,11023.624,10919.275,104.34900000000016,120.40146,119.75418,0.647279999999995,27.947094,28.148281,-0.2011870000000009,289.57233,290.80695,-1.2346199999999499
2024-06-03 11:00:00,10085.443,10005.966,79.47699999999895,115.608284,114.758026,0.8502579999999966,28.363312,28.689617,-0.32630499999999785,294.00912,295.2316,-1.2224800000000187
2024-06-03 12:00:00,9616.354,9664.727,-48.37300000000141,113.40719,113.21461,0.19258000000000663,28.546646,28.930548,-0.38390200000000263,297.75745,298.56686,-0.809410000000014
2024-06-03 13:00:00,9850.898,9801.676,49.22199999999975,114.95452,113.95772,0.9968000000000075,28.378841,28.954676,-0.5758349999999979,300.0964,300.96948,-0.873079999999959
2024-06-03 14:00:00,10554.534,10438.074,116.45999999999913,119.01793,117.49745,1.5204800000000063,28.07929,28.695204,-0.6159140000000001,300.8753,301.95468,-1.0793800000000147
2024-06-03 15:00:00,11961.805,11698.265,263.5400000000009,126.780426,124.60599,2.174436,27.596405,28.171223,-0.5748180000000005,300.15942,301.06155,-0.9021299999999997
2024-06-03 16:00:00,14776.349,14365.17,411.1790000000001,141.94794,138.30412,3.6438199999999767,27.11126,27.448076,-0.3368159999999989,297.9724,298.41968,-0.44728000000003476
2024-06-03 17:00:00,18059.98,17806.344,253.6359999999986,159.5759,156.56065,3.0152499999999804,26.694145,26.675777,0.01836799999999883,294.40573,294.23175,0.17398000000002867
2024-06-03 18:00:00,19467.252,19428.818,38.434000000001106,167.36037,166.51312,0.8472500000000025,26.19055,26.010714,0.17983600000000166,289.6971,289.57855,0.11854999999997062
2024-06-03 19:00:00,16652.71,16455.121,197.58899999999994,152.9765,153.63495,-0.6584500000000162,25.525917,25.461647,0.0642700000000005,284.76514,284.70667,0.0584699999999998
2024-06-03 20:00:00,13134.531,13209.866,-75.33499999999913,134.86153,135.4001,-0.5385700000000213,24.943031,24.994854,-0.05182299999999884,279.8569,280.55438,-0.6974799999999846
2024-06-03 21:00:00,10319.989,10427.32,-107.33100000000013,120.386215,119.05081,1.3354050000000086,24.580185,24.53477,0.04541499999999843,277.3415,277.14487,0.19662999999997055
2024-06-03 22:00:00,7505.4463,7806.4194,-300.97310000000016,105.820145,106.524254,-0.7041090000000025,24.260813,24.203514,0.05729900000000043,275.22302,274.74988,0.4731400000000008
2024-06-03 23:00:00,6332.72,6308.7124,24.00759999999991,99.796104,97.375374,2.420730000000006,24.068253,23.896553,0.17169999999999774,273.7547,273.0883,0.6664000000000101
2024-06-04 00:00:00,2590.419,5551.5703,-2961.1513000000004,68.69276,92.165985,-23.473225,23.8187,23.68404,0.13466000000000022,273.03564,273.2714,-0.2357600000000275
2024-06-04 01:00:00,2119.4336,2164.7092,-45.27559999999994,66.21018,71.78992,-5.579740000000001,23.51915,23.691347,-0.1721970000000006,272.4735,272.8844,-0.41090000000002647
2024-06-04 02:00:00,1766.1946,1444.6272,321.56740000000013,64.25795,64.38643,-0.12848000000001036,23.461483,23.601887,-0.1404040000000002,272.18164,272.53952,-0.357879999999966
2024-06-04 03:00:00,1766.1946,1404.0775,362.11709999999994,64.12426,61.531487,2.592773000000008,23.461483,23.686409,-0.22492599999999996,272.15613,272.76962,-0.6134899999999561
2024-06-04 04:00:00,2354.9263,2240.802,114.12429999999995,67.08281,62.872017,4.210792999999995,23.777254,23.89908,-0.12182600000000221,272.55463,272.8871,-0.3324700000000007
2024-06-04 05:00:00,3767.8818,4149.3716,-381.4898000000003,74.52725,72.80417,1.723079999999996,24.243923,24.370502,-0.12657899999999955,273.39136,273.73187,-0.34050999999999476
2024-06-04 06:00:00,6005.0615,6166.777,-161.71550000000025,86.416664,85.720505,0.6961589999999944,24.877703,25.04858,-0.17087700000000083,274.5324,275.3646,-0.8322000000000003
2024-06-04 07:00:00,7535.7637,7653.738,-117.97429999999986,94.43892,93.7729,0.666019999999989,25.744818,25.740538,0.004279999999997841,276.47018,277.28366,-0.81347999999997
2024-06-04 08:00:00,8124.495,8149.927,-25.43199999999979,97.39888,93.183105,4.215775000000008,26.511484,26.500883,0.01060099999999764,279.1001,279.71967,-0.6195700000000102
2024-06-04 09:00:00,6593.793,6338.508,255.28499999999985,88.925186,85.17714,3.748046000000002,27.349771,27.403654,-0.053882999999999015,284.22086,284.4701,-0.24923999999998614
2024-06-04 10:00:00,5534.076,5407.735,126.34100000000035,83.00275,79.54096,3.4617900000000077,28.302029,28.140226,0.16180300000000258,289.2718,289.87033,-0.5985300000000393
2024-06-04 11:00:00,5063.091,5025.8384,37.25260000000071,80.23184,77.194916,3.036923999999999,28.860813,28.67286,0.18795300000000026,293.87054,294.29825,-0.4277099999999905
2024-06-04 12:00:00,4827.5986,4901.0083,-73.40970000000016,78.74429,76.46075,2.283540000000002,28.91126,28.935955,-0.024695000000001244,297.77847,297.71143,0.06704000000001997
2024-06-04 13:00:00,4945.3447,4965.135,-19.79030000000057,79.23457,76.57616,2.6584100000000035,28.758331,28.92143,-0.16309900000000255,300.23904,300.08313,0.15591000000000577
2024-06-04 14:00:00,5298.5835,5262.999,35.584499999999935,81.0532,78.1916,2.86160000000001,28.45833,28.714806,-0.25647599999999926,301.00095,301.233,-0.2320500000000152
2024-06-04 15:00:00,6005.0615,5950.4165,54.64499999999953,84.810165,82.160065,2.650099999999995,28.074102,28.32165,-0.24754800000000188,300.0744,300.74887,-0.6744699999999852
2024-06-04 16:00:00,7418.0176,7454.8013,-36.78369999999995,92.40557,90.042656,2.3629140000000035,27.527256,27.769974,-0.242718,297.68744,298.5363,-0.848860000000002
2024-06-04 17:00:00,9066.466,9355.199,-288.7330000000002,101.30703,100.713005,0.594025000000002,26.811037,27.120144,-0.3091070000000009,293.97305,294.76343,-0.7903800000000274
2024-06-04 18:00:00,9772.943,10255.199,-482.2560000000012,105.123856,106.68132,-1.557463999999996,26.211485,26.390694,-0.17920900000000017,289.19046,289.64377,-0.4533100000000445
2024-06-04 19:00:00,8359.988,8644.326,-284.33799999999974,97.468666,97.89838,-0.42971400000000415,25.62815,25.645912,-0.017761999999997613,284.20926,283.718,0.4912599999999543
2024-06-04 20:00:00,6593.793,6755.121,-161.32800000000043,87.84383,86.865265,0.9785650000000032,25.161484,25.071793,0.08969100000000196,279.28845,279.1865,0.101949999999988
2024-06-04 21:00:00,5180.8374,5114.6577,66.1797000000006,80.09362,78.723854,1.3697659999999985,24.893923,24.636894,0.2570289999999993,276.8804,276.15146,0.7289400000000228
2024-06-04 22:00:00,3767.8818,3826.8472,-58.965400000000045,72.434944,74.21279,-1.7778459999999967,24.493921,24.322212,0.1717089999999999,275.00204,274.294,0.7080400000000395
2024-06-04 23:00:00,3179.1504,3266.8733,-87.72290000000021,69.276276,71.72828,-2.4520040000000023,24.23469,23.998484,0.23620599999999925,273.75824,272.72665,1.0315899999999942
2024-06-05 00:00:00,6040.3594,4614.183,1426.1764000000003,94.00557,73.91224,20.09333000000001,23.935139,23.842411,0.09272800000000103,273.23688,272.9804,0.2564800000000105
2024-06-05 01:00:00,4942.1123,4691.0635,251.04879999999957,88.549484,81.75136,6.798124000000001,23.756077,23.845095,-0.08901799999999938,272.91702,272.82434,0.092679999999973
2024-06-05 02:00:00,4118.427,4057.5374,60.88959999999952,84.52375,79.5998,4.923950000000005,23.802938,23.825054,-0.02211600000000047,272.88055,272.57428,0.30627000000004045
2024-06-05 03:00:00,4118.427,3946.5012,171.92579999999953,84.683464,78.27771,6.405754000000002,24.052042,23.933058,0.11898400000000109,273.1178,272.80933,0.3084699999999998
2024-06-05 04:00:00,5491.236,4920.808,570.4279999999999,91.78444,82.99923,8.785210000000006,24.33088,24.202415,0.12846500000000205,273.7392,273.45367,0.2855299999999943
2024-06-05 05:00:00,8785.978,8457.658,328.3199999999997,108.64407,100.37918,8.264889999999994,24.691006,24.719461,-0.028454999999997455,274.76822,274.99298,-0.2247600000000034
2024-06-05 06:00:00,14002.652,12786.468,1216.1839999999993,135.26318,125.6324,9.630780000000001,25.324787,25.380642,-0.0558550000000011,276.12784,277.16568,-1.037840000000017
2024-06-05 07:00:00,17571.957,16666.504,905.4529999999977,153.47142,149.05626,4.415159999999986,26.103848,26.065338,0.03850999999999871,278.14716,278.72125,-0.5740900000000124
2024-06-05 08:00:00,18944.766,18245.043,699.7229999999981,160.37726,154.91519,5.462070000000011,27.00295,26.971516,0.0314339999999973,280.7808,281.5267,-0.745900000000006
2024-06-05 09:00:00,15375.462,14903.064,472.39799999999923,141.94876,142.0905,-0.14173999999999864,27.834703,27.993614,-0.1589109999999998,285.8839,286.90143,-1.017530000000022
2024-06-05 10:00:00,12904.405,12471.376,433.02900000000045,129.05586,127.8561,1.1997599999999977,28.655869,28.797668,-0.14179900000000245,290.89645,292.33575,-1.439300000000003
2024-06-05 11:00:00,11806.157,11363.253,442.90399999999863,123.2321,120.957,2.275100000000009,29.156315,29.372221,-0.21590600000000038,295.4823,296.71893,-1.236629999999991
2024-06-05 12:00:00,11257.034,10994.881,262.15300000000025,120.2799,118.83664,1.443259999999995,29.290558,29.645258,-0.3546999999999976,299.38727,300.01953,-0.6322599999999738
2024-06-05 13:00:00,11531.596,11142.662,388.9339999999993,121.55537,119.35718,2.1981899999999968,29.22389,29.718302,-0.4944120000000005,301.8921,302.64508,-0.7529799999999796
2024-06-05 14:00:00,12355.281,11965.67,389.6110000000008,125.73832,123.73695,2.0013700000000085,29.122995,29.488754,-0.3657590000000006,302.74478,303.62662,-0.8818400000000111
2024-06-05 15:00:00,14002.652,13526.428,476.22400000000016,134.31126,132.68495,1.626310000000018,28.722548,29.005182,-0.2826340000000016,301.97968,302.51932,-0.5396400000000199
2024-06-05 16:00:00,17297.395,16594.771,702.6239999999998,151.44545,148.85757,2.587879999999984,28.022547,28.351055,-0.32850799999999936,299.72604,299.61237,0.11367000000001326
2024-06-05 17:00:00,21141.26,20592.82,548.4399999999987,171.40442,167.95416,3.450259999999986,27.322996,27.58981,-0.2668140000000001,296.08917,295.31155,0.7776200000000131
2024-06-05 18:00:00,22788.63,22456.479,332.15100000000166,180.16621,175.26433,4.901880000000006,26.689648,26.87308,-0.18343200000000337,291.25348,290.5541,0.6993800000000192
2024-06-05 19:00:00,19493.889,19299.219,194.66999999999825,163.72476,162.80421,0.9205499999999915,26.117365,26.322441,-0.2050760000000018,286.13065,285.9658,0.16485000000000127
2024-06-05 20:00:00,15375.462,15230.497,144.96500000000015,143.04477,143.09805,-0.05328000000000088,25.594383,25.910542,-0.31615899999999897,281.0949,282.17703,-1.0821300000000065
2024-06-05 21:00:00,12080.719,11918.793,161.92599999999948,126.569405,124.687836,1.881568999999999,25.177479,25.463854,-0.2863749999999996,278.46292,279.0632,-0.6002799999999979
2024-06-05 22:00:00,8785.978,9032.422,-246.44400000000132,110.05804,109.793816,0.2642239999999987,24.844147,25.075703,-0.2315560000000012,276.29196,276.8583,-0.5663399999999683
2024-06-05 23:00:00,7413.169,7276.737,136.4319999999998,103.33575,98.365105,4.970645000000005,24.427927,24.677727,-0.24980000000000047,274.8223,274.9142,-0.09190000000000964
2024-06-06 00:00:00,5662.2397,5706.4604,-44.22069999999985,102.86768,93.032745,9.834934999999987,24.144606,24.229662,-0.08505600000000157,274.13016,274.36768,-0.23752000000001772
2024-06-06 01:00:00,4632.741,4661.63,-28.889000000000124,97.52297,93.24349,4.279480000000007,24.09416,24.07211,0.022050000000000125,273.65454,274.8309,-1.1763599999999883
2024-06-06 02:00:00,3860.618,4180.3213,-319.7032999999997,93.468704,92.15479,1.313913999999997,24.160378,24.029613,0.13076500000000024,273.35797,274.58804,-1.2300699999999551
2024-06-06 03:00:00,3860.618,4073.3403,-212.7222999999999,93.4706,91.71979,1.7508100000000013,24.227043,24.166584,0.06045899999999804,273.39453,274.6683,-1.2737700000000132
2024-06-06 04:00:00,5147.4907,5190.42,-42.929299999999785,100.243034,97.09505,3.147983999999994,24.233334,24.423695,-0.19036099999999934,273.8775,275.2445,-1.3670000000000186
2024-06-06 05:00:00,8235.985,8545.655,-309.6700000000001,116.41912,113.47751,2.9416100000000114,24.583782,24.89713,-0.3133480000000013,274.7453,276.46164,-1.7163400000000024
2024-06-06 06:00:00,13126.102,13142.676,-16.573999999998705,142.03796,136.85115,5.186810000000008,25.23378,25.481213,-0.2474330000000009,275.91046,277.7218,-1.8113399999999729
2024-06-06 07:00:00,16471.97,16432.559,39.41100000000006,159.41922,155.64662,3.772599999999983,26.110155,26.105202,0.004953000000000429,277.75067,278.9647,-1.2140299999999797
2024-06-06 08:00:00,17758.844,17512.676,246.16800000000148,165.9045,159.32306,6.581440000000015,26.94304,26.977232,-0.03419200000000089,280.26624,281.84262,-1.5763800000000288
2024-06-06 09:00:00,14412.975,14106.911,306.0640000000003,147.9114,145.68552,2.2258799999999894,27.62748,27.923311,-0.2958310000000033,285.2222,287.1047,-1.8824999999999932
2024-06-06 10:00:00,12096.604,12012.072,84.53199999999924,135.3495,133.26003,2.0894700000000057,28.327927,28.641186,-0.3132590000000022,290.0854,292.4511,-2.365700000000004
2024-06-06 11:00:00,11067.1045,11013.259,53.84549999999945,129.65237,127.44084,2.211529999999996,28.728376,29.133358,-0.4049820000000004,294.53235,296.82477,-2.292419999999993
2024-06-06 12:00:00,10552.356,10650.606,-98.25,126.7367,125.61416,1.1225400000000008,28.845041,29.339516,-0.49447500000000133,298.27063,300.16,-1.8893700000000422
2024-06-06 13:00:00,10809.73,10801.587,8.143000000000029,127.966415,126.44167,1.5247449999999958,28.851109,29.350754,-0.49964499999999745,300.6304,302.57767,-1.9472700000000032
2024-06-06 14:00:00,11581.8545,11550.398,31.456500000000233,131.99942,130.71486,1.284559999999999,28.567326,29.142178,-0.5748519999999999,301.37552,303.49304,-2.117520000000013
2024-06-06 15:00:00,13126.102,13033.491,92.61100000000079,140.18231,139.35829,0.8240199999999902,28.08444,28.618979,-0.5345389999999988,300.56958,302.24585,-1.676270000000045
2024-06-06 16:00:00,16214.597,15993.134,221.46299999999974,156.57425,154.75743,1.816820000000007,27.368221,27.894793,-0.5265720000000016,298.3568,298.97836,-0.6215599999999881
2024-06-06 17:00:00,19817.84,19641.607,176.23300000000017,175.68703,172.69211,2.994919999999979,26.755856,27.099106,-0.3432499999999976,294.76428,294.5034,0.260879999999986
2024-06-06 18:00:00,21362.088,21361.586,0.5020000000004075,183.88971,180.95236,2.9373500000000092,26.33741,26.369019,-0.03160900000000311,290.07062,289.58533,0.4852900000000204
2024-06-06 19:00:00,18273.594,17953.79,319.8040000000001,167.58537,165.41962,2.1657500000000027,25.870295,25.819647,0.050647999999998916,285.13742,284.3676,0.7698200000000384
2024-06-06 20:00:00,14412.975,14284.842,128.1329999999998,147.1893,146.0405,1.1487999999999943,25.432886,25.42651,0.006375999999999493,280.28455,280.29077,-0.006219999999984793
2024-06-06 21:00:00,11324.4795,11297.151,27.32849999999962,130.82166,129.19798,1.6236800000000073,25.066668,25.05331,0.013358000000000203,277.8662,277.28107,0.5851299999999924
2024-06-06 22:00:00,8235.985,8502.285,-266.2999999999993,114.55015,115.619644,-1.0694939999999917,24.709482,24.753443,-0.04396099999999947,275.85522,275.26068,0.594539999999995
2024-06-06 23:00:00,6949.1123,6865.4434,83.66889999999967,107.76816,104.82254,2.945619999999991,24.476149,24.463156,0.012992999999998034,274.51392,273.76224,0.7516799999999648
2024-06-07 00:00:00,4430.7876,5666.941,-1236.1534000000001,80.85732,98.3924,-17.535079999999994,24.309034,24.197077,0.1119570000000003,273.87646,273.35922,0.5172400000000152
2024-06-07 01:00:00,3625.1902,3534.8647,90.32549999999992,76.71837,82.53813,-5.819760000000002,24.258587,24.158255,0.10033199999999809,273.3889,273.3128,0.07609999999999673
2024-06-07 02:00:00,3020.9917,2877.2297,143.76200000000017,73.596855,76.09964,-2.5027849999999887,24.208588,24.15688,0.05170799999999787,273.16177,273.0787,0.08306999999996378
2024-06-07 03:00:00,3020.9917,2714.955,306.0367000000001,73.57543,72.93159,0.6438399999999973,24.142368,24.291258,-0.14888999999999797,273.2283,273.36572,-0.13742000000002008
2024-06-07 04:00:00,4027.989,3789.5422,238.44680000000017,78.619736,75.41527,3.2044659999999965,24.3257,24.516344,-0.19064399999999893,273.70724,273.82623,-0.1189899999999966
2024-06-07 05:00:00,6444.782,6575.039,-130.2569999999996,90.88481,88.62278,2.2620299999999958,24.742367,25.01789,-0.27552299999999974,274.52713,275.2092,-0.6820700000000102
2024-06-07 06:00:00,10271.372,10435.237,-163.86499999999978,110.332504,109.038475,1.2940289999999948,25.39192,25.708033,-0.3161130000000014,275.61514,277.17303,-1.5578899999999862
2024-06-07 07:00:00,12889.564,12950.101,-60.53700000000026,123.52037,124.97508,-1.4547100000000057,26.166443,26.37673,-0.21028699999999745,277.46973,278.9435,-1.473769999999945
2024-06-07 08:00:00,13896.5625,13775.589,120.97350000000006,128.3822,127.471924,0.9102760000000103,26.816442,27.121368,-0.3049260000000018,279.92273,281.35498,-1.4322500000000105
2024-06-07 09:00:00,11278.369,11174.174,104.19499999999971,114.52889,115.901054,-1.372163999999998,27.56689,27.923862,-0.35697199999999896,284.84048,285.97214,-1.1316600000000108
2024-06-07 10:00:00,9465.773,9456.45,9.322999999998501,104.84237,105.59983,-0.7574599999999947,28.22542,28.622093,-0.39667299999999983,289.76187,290.98648,-1.2246099999999842
2024-06-07 11:00:00,8660.176,8666.987,-6.810999999999694,100.31523,100.76163,-0.446399999999997,28.747103,29.096077,-0.3489740000000019,294.24948,295.115,-0.8655200000000036
2024-06-07 12:00:00,8257.377,8406.128,-148.7510000000002,97.90956,99.23638,-1.326819999999998,29.096655,29.355476,-0.2588210000000011,298.07663,298.4526,-0.37596999999999525
2024-06-07 13:00:00,8458.776,8535.902,-77.1260000000002,98.66307,99.79315,-1.1300799999999924,28.955406,29.477964,-0.5225580000000001,300.47742,301.201,-0.7235800000000268
2024-06-07 14:00:00,9062.975,9079.86,-16.88500000000022,101.55157,102.77379,-1.2222200000000072,28.622072,29.333704,-0.7116320000000016,301.3408,302.68445,-1.343650000000025
2024-06-07 15:00:00,10271.372,10263.27,8.101999999998952,107.60852,109.26408,-1.6555600000000084,28.135841,28.900986,-0.7651450000000004,300.6007,302.239,-1.6382999999999583
2024-06-07 16:00:00,12688.165,12560.28,127.88500000000022,119.90333,121.570564,-1.6672340000000077,27.63629,28.231068,-0.5947780000000016,298.30948,299.7868,-1.4773200000000202
2024-06-07 17:00:00,15507.758,15277.968,229.78999999999905,134.34299,136.98485,-2.6418600000000083,27.05,27.477404,-0.42740399999999923,294.7212,295.46375,-0.7425499999999943
2024-06-07 18:00:00,16716.154,16704.514,11.639999999999418,140.4837,144.7601,-4.276399999999995,26.482885,26.740463,-0.25757799999999875,290.07068,290.38962,-0.3189399999999978
2024-06-07 19:00:00,14299.362,14218.287,81.07499999999891,127.973854,132.12555,-4.151696000000001,26.0408,26.03935,0.0014500000000019497,285.18176,285.0805,0.10126000000002477
2024-06-07 20:00:00,11278.369,11567.257,-288.887999999999,112.38545,115.036415,-2.6509649999999993,25.622297,25.538614,0.08368300000000062,280.30423,280.66656,-0.36232999999998583
2024-06-07 21:00:00,8861.576,9014.636,-153.0600000000013,99.95496,100.420044,-0.4650840000000045,25.209425,25.114513,0.09491200000000077,277.91763,277.1157,0.8019299999999703
2024-06-07 22:00:00,6444.782,6660.848,-216.0659999999998,87.527664,89.99197,-2.4643059999999934,24.817116,24.763096,0.054019999999997736,273.74017,274.662,-0.9218299999999999
2024-06-07 23:00:00,5437.7847,5403.5356,34.2491,82.34259,82.767105,-0.42451499999999953,24.7,24.418247,0.28175299999999837,270.16037,272.22897,-2.0686000000000035
2024-06-08 00:00:00,4248.7603,5408.037,-1159.2767000000003,72.31307,81.89196,-9.578890000000001,24.532885,24.127007,0.4058780000000013,253.87553,256.74805,-2.87251999999998
2024-06-08 01:00:00,3476.2583,3647.8774,-171.6190999999999,68.296936,74.084,-5.787064000000001,24.342533,24.172663,0.16986999999999952,251.25731,250.4209,0.8364100000000008
2024-06-08 02:00:00,2896.882,3022.551,-125.66899999999987,65.268036,69.991165,-4.723129,24.217981,24.161177,0.056804000000003185,248.91899,248.53505,0.3839399999999955
2024-06-08 03:00:00,2896.882,2977.3755,-80.49350000000004,65.24932,68.0721,-2.8227800000000087,24.201763,24.23456,-0.03279699999999863,246.84857,247.54105,-0.6924800000000175
2024-06-08 04:00:00,3862.509,3965.3804,-102.8714,70.24787,70.92601,-0.6781399999999991,24.525225,24.414057,0.11116799999999927,247.28856,246.74532,0.5432399999999973
2024-06-08 05:00:00,6180.0146,6495.6836,-315.66899999999987,82.30391,83.802315,-1.498404999999991,25.10811,24.884293,0.22381700000000038,248.05205,246.92761,1.1244400000000212
2024-06-08 06:00:00,9849.398,9915.927,-66.52900000000045,101.44192,103.28662,-1.8447000000000031,25.73326,25.62978,0.10348000000000113,249.08109,248.36986,0.7112300000000005
2024-06-08 07:00:00,12360.029,12307.356,52.673000000000684,114.45023,117.35401,-2.9037799999999976,26.433708,26.358824,0.07488400000000084,250.80537,249.9326,0.8727700000000027
2024-06-08 08:00:00,13325.656,12980.595,345.0610000000015,119.36883,117.49302,1.8758100000000013,27.075823,27.111027,-0.035204000000000235,253.08968,251.91074,1.178939999999983
2024-06-08 09:00:00,10815.025,10653.721,161.3040000000001,106.01818,106.57998,-0.5618000000000052,27.87158,27.932247,-0.060666999999998694,257.74097,256.59476,1.1462099999999964
2024-06-08 10:00:00,9076.896,9018.433,58.46299999999974,96.722244,96.505005,0.2172390000000064,28.696135,28.602781,0.09335400000000149,262.34552,261.4284,0.9171200000000113
2024-06-08 11:00:00,8304.3955,8239.404,64.99150000000009,92.53543,91.58952,0.945910000000012,29.179018,29.071789,0.10722900000000024,266.55045,265.1519,1.3985500000000002
2024-06-08 12:00:00,7918.1436,7965.7617,-47.618099999999686,90.450935,89.8619,0.5890349999999955,29.374552,29.303307,0.07124500000000111,270.13272,268.1858,1.9469200000000342
2024-06-08 13:00:00,8111.269,8060.0146,51.254399999999805,91.48764,90.17042,1.317220000000006,29.191668,29.37547,-0.18380200000000002,272.35104,270.87085,1.4801899999999932
2024-06-08 14:00:00,8690.6455,8550.633,140.01250000000073,94.587944,92.90467,1.6832739999999973,28.892607,29.205927,-0.3133199999999974,273.02423,272.54764,0.4765899999999874
2024-06-08 15:00:00,9849.398,9596.064,253.33399999999892,100.75971,99.22987,1.529839999999993,28.37594,28.77864,-0.4026999999999994,272.17462,272.19012,-0.015499999999974534
2024-06-08 16:00:00,12166.904,11660.772,506.1319999999996,113.03958,111.60683,1.4327499999999986,27.750492,28.13992,-0.3894279999999988,269.8848,269.5135,0.37129999999996244
2024-06-08 17:00:00,14870.662,14302.392,568.2700000000004,127.369705,127.31861,0.051094999999989454,27.066711,27.423504,-0.3567929999999997,266.30576,265.53314,0.7726200000000176
2024-06-08 18:00:00,16029.414,15643.628,385.78600000000006,133.6268,135.07309,-1.4462900000000047,26.388739,26.732729,-0.343989999999998,261.6897,261.15756,0.5321400000000267
2024-06-08 19:00:00,13711.908,13417.859,294.04899999999907,121.586,124.55157,-2.9655699999999996,25.689188,26.121948,-0.43275999999999826,256.88647,256.80325,0.08321999999998297
2024-06-08 20:00:00,10815.025,10964.936,-149.91100000000006,106.45664,108.90196,-2.4453200000000095,25.172522,25.581116,-0.4085940000000008,252.18282,253.18408,-1.001260000000002
2024-06-08 21:00:00,8497.5205,8381.991,115.52950000000055,94.357376,95.16547,-0.808093999999997,24.878016,25.110239,-0.23222300000000118,249.9505,250.77011,-0.8196099999999831
2024-06-08 22:00:00,6180.0146,6193.992,-13.977399999999761,82.24107,85.74277,-3.5016999999999996,24.644236,24.718828,-0.0745919999999991,248.18842,249.59981,-1.411389999999983
2024-06-08 23:00:00,5214.3877,5116.455,97.9327000000003,77.273445,79.145744,-1.8722989999999982,24.47712,24.334795,0.1423249999999996,247.05058,249.06717,-2.016590000000008
2024-06-09 00:00:00,5369.7856,5467.501,-97.71540000000005,85.584274,80.65065,4.933623999999995,24.216711,24.253027,-0.03631599999999935,246.58664,247.16339,-0.5767500000000041
2024-06-09 01:00:00,4393.461,4424.2104,-30.749399999999696,80.80443,79.02527,1.7791599999999903,24.033827,24.254435,-0.22060800000000214,246.2611,246.86565,-0.604549999999989
2024-06-09 02:00:00,3661.2175,3808.8735,-147.65599999999995,77.33044,76.782646,0.5477939999999961,24.033827,24.22585,-0.1920230000000025,246.152,246.79472,-0.6427200000000255
2024-06-09 03:00:00,3661.2175,3702.98,-41.76249999999982,77.631004,75.78658,1.8444240000000036,24.072298,24.32544,-0.2531420000000004,246.29774,247.05615,-0.7584099999999978
2024-06-09 04:00:00,4881.6235,5097.1646,-215.54110000000037,84.205215,82.0592,2.1460149999999913,24.37185,24.467022,-0.09517200000000159,246.83379,246.96681,-0.13302000000001613
2024-06-09 05:00:00,7810.598,8335.505,-524.9069999999992,99.57383,99.03919,0.534639999999996,24.838696,24.945518,-0.10682200000000108,247.73688,247.59894,0.1379400000000146
2024-06-09 06:00:00,12448.14,12373.682,74.45799999999872,123.722565,121.81178,1.9107850000000042,25.533333,25.605843,-0.07251000000000118,248.91742,249.18626,-0.2688400000000115
2024-06-09 07:00:00,15621.196,15272.562,348.634,140.25735,139.74136,0.5159900000000164,26.333782,26.268177,0.06560499999999791,250.80034,250.57825,0.22209000000000856
2024-06-09 08:00:00,16841.602,16443.742,397.8600000000006,146.7277,143.42302,3.3046799999999905,27.150448,27.097038,0.05340999999999951,253.17853,252.78186,0.3966700000000003
2024-06-09 09:00:00,13668.546,13380.181,288.3649999999998,130.42398,130.9444,-0.5204200000000014,28.083334,28.016329,0.06700500000000176,257.88583,257.72498,0.16084999999998217
2024-06-09 10:00:00,11471.815,11330.034,141.78100000000086,119.11336,118.21313,0.9002299999999934,28.72833,28.767874,-0.03954399999999936,262.44135,263.26453,-0.8231799999999794
2024-06-09 11:00:00,10495.49,10387.353,108.13700000000063,114.09171,111.985504,2.1062060000000002,29.012741,29.220335,-0.20759400000000028,266.569,267.4982,-0.9291999999999803
2024-06-09 12:00:00,10007.328,10023.444,-16.115999999999985,111.550446,109.96802,1.5824259999999981,29.013187,29.354675,-0.3414880000000018,270.01474,270.5258,-0.5110599999999863
2024-06-09 13:00:00,10251.409,10170.493,80.91599999999926,112.72166,110.95205,1.7696100000000001,28.884632,29.28304,-0.3984079999999999,272.11868,272.5688,-0.4501200000000267
2024-06-09 14:00:00,10983.652,10880.669,102.98300000000017,116.336685,115.45517,0.8815150000000074,28.6,28.982458,-0.38245799999999974,272.7736,273.22873,-0.4551299999999969
2024-06-09 15:00:00,12448.14,12269.588,178.55199999999968,123.73312,123.95877,-0.22565000000000168,28.249554,28.425337,-0.17578299999999913,271.9579,272.30356,-0.3456600000000094
2024-06-09 16:00:00,15377.114,15035.972,341.1419999999998,138.76582,138.54123,0.22458999999997786,27.678778,27.761524,-0.08274600000000021,269.76944,269.9009,-0.13146000000000413
2024-06-09 17:00:00,18794.252,18702.23,92.02200000000084,156.37358,156.36177,0.01180999999999699,26.91256,27.026808,-0.1142479999999999,266.29065,266.24133,0.0493200000000229
2024-06-09 18:00:00,20258.738,20131.428,127.31000000000131,163.91656,162.87129,1.0452700000000164,26.213007,26.288054,-0.07504699999999787,261.78738,261.58426,0.20312000000001262
2024-06-09 19:00:00,17329.764,16990.059,339.7049999999981,148.77888,149.84433,-1.0654500000000269,25.579674,25.771809,-0.1921350000000004,256.99408,256.8769,0.11718000000001894
2024-06-09 20:00:00,13668.546,13535.259,133.28700000000026,129.9187,131.59628,-1.677580000000006,25.129227,25.33725,-0.20802300000000074,252.25307,253.2753,-1.022229999999979
2024-06-09 21:00:00,10739.572,10546.375,193.19700000000012,114.91573,114.969986,-0.05425600000000941,24.721401,24.919313,-0.19791199999999876,249.99408,250.97845,-0.9843700000000126
2024-06-09 22:00:00,7810.598,7941.123,-130.52499999999964,99.87555,102.23919,-2.3636399999999895,24.458841,24.528816,-0.06997499999999945,250.38206,249.89326,0.4887999999999977
2024-06-09 23:00:00,6590.192,6452.059,138.1329999999998,93.66138,92.13048,1.5308999999999884,24.30929,24.137058,0.17223200000000105,251.36383,249.96504,1.3987900000000195
2024-06-10 00:00:00,6743.0405,5603.2627,1139.7777999999998,100.86632,88.74688,12.119439999999997,24.109737,24.207546,-0.09780900000000159,266.30426,264.20782,2.0964399999999728
2024-06-10 01:00:00,5517.033,5316.581,200.45200000000023,94.701866,90.71767,3.984195999999997,23.926403,24.162062,-0.2356589999999983,268.26797,270.7102,-2.442229999999995
2024-06-10 02:00:00,4597.5273,4715.4297,-117.90239999999994,89.98749,89.3137,0.6737899999999968,23.925957,24.101366,-0.17540899999999837,270.41406,271.59808,-1.1840199999999754
2024-06-10 03:00:00,4597.5273,4626.3394,-28.8121000000001,89.90633,88.84342,1.0629100000000022,24.124044,24.184637,-0.06059299999999723,272.7958,272.56482,0.2309799999999882
2024-06-10 04:00:00,6130.0366,6392.19,-262.15339999999924,97.72266,97.83665,-0.11399000000000115,24.207376,24.442709,-0.23533300000000068,273.24066,274.14505,-0.9043900000000349
2024-06-10 05:00:00,9808.059,10515.628,-707.5690000000013,116.49101,118.9194,-2.428389999999993,24.507826,24.979555,-0.47172899999999984,274.14548,275.9112,-1.7657199999999875
2024-06-10 06:00:00,15631.595,15636.656,-5.061000000001513,146.19897,144.66264,1.5363299999999924,24.96689,25.52869,-0.5618000000000016,275.3794,277.15674,-1.777340000000038
2024-06-10 07:00:00,19616.12,19675.082,-58.961999999999534,166.47615,165.3937,1.0824499999999944,25.85321,26.011347,-0.15813699999999997,277.23172,278.07846,-0.8467400000000112
2024-06-10 08:00:00,21148.627,21393.37,-244.74299999999857,174.23163,170.87656,3.3550699999999836,26.686096,26.79749,-0.11139400000000066,279.71014,280.6341,-0.9239599999999655
2024-06-10 09:00:00,17164.104,17003.566,160.53800000000047,153.7987,154.4636,-0.6649000000000171,27.386097,27.690075,-0.30397800000000075,284.6125,285.78735,-1.1748499999999922
2024-06-10 10:00:00,14405.587,14174.714,230.8729999999996,139.71558,139.06601,0.6495699999999829,28.086098,28.366802,-0.28070400000000006,289.53165,291.1354,-1.603749999999991
2024-06-10 11:00:00,13179.579,12931.023,248.5560000000005,133.58527,132.26367,1.3216000000000179,28.46701,28.837912,-0.37090200000000095,294.0066,295.40912,-1.4025199999999813
2024-06-10 12:00:00,12566.576,12481.713,84.86299999999937,130.7278,130.25807,0.4697299999999984,28.750345,29.012247,-0.2619019999999992,297.82983,298.52426,-0.6944300000000112
2024-06-10 13:00:00,12873.077,12673.68,199.39699999999903,132.61838,131.2153,1.4030799999999886,28.749897,29.040035,-0.2901379999999989,300.28937,300.9102,-0.6208299999999554
2024-06-10 14:00:00,13792.583,13641.649,150.9340000000011,137.71019,136.20119,1.5090000000000146,28.632782,28.805752,-0.1729699999999994,301.18808,301.92905,-0.7409700000000043
2024-06-10 15:00:00,15631.595,15439.845,191.75,147.57469,145.78795,1.7867400000000089,28.166115,28.33366,-0.16754499999999695,300.5201,301.0719,-0.5518000000000143
2024-06-10 16:00:00,19309.617,19235.518,74.09899999999834,166.93541,163.63358,3.3018299999999954,27.530466,27.684631,-0.154164999999999,298.31216,298.55185,-0.23968999999999596
2024-06-10 17:00:00,23600.643,23959.947,-359.3040000000001,189.47252,185.67545,3.797069999999991,26.783783,26.969107,-0.18532400000000138,294.7063,294.7953,-0.08899999999999864
2024-06-10 18:00:00,25439.654,25831.701,-392.0470000000023,199.38437,195.51227,3.872099999999989,26.150448,26.251534,-0.10108599999999868,289.92056,290.23752,-0.3169599999999946
2024-06-10 19:00:00,21761.63,21898.24,-136.61000000000058,180.96211,179.19556,1.7665499999999952,25.633333,25.723867,-0.09053399999999812,284.86206,285.31247,-0.4504100000000335
2024-06-10 20:00:00,17164.104,17250.94,-86.83599999999933,157.76254,157.77985,-0.01731000000000904,25.189962,25.349047,-0.15908499999999748,279.79608,281.36554,-1.5694599999999923
2024-06-10 21:00:00,13486.081,13425.543,60.538000000000466,139.2245,138.40833,0.8161699999999996,24.789963,24.968344,-0.17838099999999812,277.19022,278.49103,-1.3008100000000127
2024-06-10 22:00:00,9808.059,10262.7705,-454.71150000000125,120.620224,122.05678,-1.4365560000000102,24.342278,24.653313,-0.3110350000000004,275.03702,276.343,-1.3059800000000337
2024-06-10 23:00:00,8275.55,8248.166,27.384000000000015,112.928375,108.34524,4.583134999999999,24.092726,24.281464,-0.18873800000000074,273.53,274.48694,-0.9569400000000314
2024-06-11 00:00:00,5441.2046,5917.3384,-476.1337999999996,85.26459,98.97468,-13.710090000000008,23.859394,23.917412,-0.058017999999997016,272.79318,274.13824,-1.3450599999999895
2024-06-11 01:00:00,4451.8945,4249.3022,202.59230000000025,80.20464,84.04201,-3.837370000000007,23.692278,23.718126,-0.02584799999999987,272.25986,273.4443,-1.184439999999995
2024-06-11 02:00:00,3709.9124,3684.6682,25.24420000000009,76.30075,78.6881,-2.387350000000012,23.78874,23.597895,0.1908449999999995,272.04352,272.83948,-0.7959599999999796
2024-06-11 03:00:00,3709.9124,3473.558,236.35440000000017,76.10008,75.860825,0.239255,23.815023,23.721533,0.09348999999999918,272.13498,272.62973,-0.49475000000001046
2024-06-11 04:00:00,4946.55,4683.328,263.22199999999975,82.10668,79.5932,2.5134800000000013,24.048357,23.976542,0.07181500000000085,272.71362,272.8628,-0.1491800000000012
2024-06-11 05:00:00,7914.48,8126.6035,-212.1235000000006,96.925026,96.34083,0.5841960000000057,24.498806,24.542347,-0.04354100000000116,273.78293,274.38785,-0.6049199999999928
2024-06-11 06:00:00,12613.702,12586.863,26.838999999999942,120.55529,118.94777,1.6075199999999938,25.262457,25.242014,0.02044300000000021,275.13052,276.49026,-1.359739999999988
2024-06-11 07:00:00,15828.96,15662.92,166.03999999999905,136.55246,137.26743,-0.7149699999999939,26.312008,25.937073,0.37493499999999713,277.19904,278.3288,-1.1297599999999761
2024-06-11 08:00:00,17065.598,16968.525,97.07300000000032,142.49622,142.13388,0.362339999999989,27.128675,26.756834,0.37184099999999987,279.9063,280.75162,-0.8453200000000152
2024-06-11 09:00:00,13850.34,13758.173,92.16699999999946,125.74373,128.18968,-2.4459500000000105,27.879124,27.683153,0.19597100000000012,285.06528,285.61075,-0.545470000000023
2024-06-11 10:00:00,11624.392,11475.11,149.28199999999924,114.06393,115.188965,-1.125034999999997,28.694818,28.443104,0.25171399999999977,290.13553,291.0038,-0.8682699999999954
2024-06-11 11:00:00,10635.082,10526.257,108.82500000000073,108.68011,109.36822,-0.6881099999999947,29.207275,29.02301,0.1842649999999999,294.7134,295.4264,-0.7130000000000223
2024-06-11 12:00:00,10140.427,10218.95,-78.52300000000105,105.82384,107.66481,-1.8409699999999987,29.433334,29.303562,0.1297719999999991,298.54755,298.7759,-0.22834999999997763
2024-06-11 13:00:00,10387.754,10400.906,-13.152000000000044,106.83347,108.394844,-1.5613740000000007,29.398806,29.37389,0.02491600000000105,300.99408,301.29974,-0.30565999999998894
2024-06-11 14:00:00,11129.737,11104.434,25.302999999999884,110.429955,112.08988,-1.659924999999987,29.003687,29.216152,-0.21246500000000168,301.8047,302.56177,-0.7570699999999988
2024-06-11 15:00:00,12613.702,12490.828,122.8739999999998,117.849815,119.66038,-1.8105649999999969,28.5708,28.730783,-0.15998300000000043,301.02527,301.85788,-0.8326100000000451
2024-06-11 16:00:00,15581.633,15276.585,305.0480000000007,132.88759,134.08963,-1.2020400000000109,27.921772,28.073929,-0.152156999999999,298.79666,299.2798,-0.48314000000004853
2024-06-11 17:00:00,19044.217,18685.049,359.1680000000015,150.44672,151.51607,-1.0693500000000142,27.321774,27.341835,-0.02006099999999833,295.16803,295.22296,-0.054930000000013024
2024-06-11 18:00:00,20528.184,20432.773,95.41100000000006,157.88013,161.41345,-3.5333200000000033,26.89392,26.69134,0.2025800000000011,290.46936,290.6382,-0.16883999999998878
2024-06-11 19:00:00,17560.252,17377.22,183.03199999999924,142.59935,147.98375,-5.384399999999999,26.310589,26.083933,0.22665600000000197,285.5188,285.6706,-0.15179999999998017
2024-06-11 20:00:00,13850.34,13826.529,23.810999999999694,123.52958,128.28383,-4.754249999999999,25.827703,25.58567,0.24203299999999928,280.60333,281.66412,-1.0607899999999972
2024-06-11 21:00:00,10882.409,11077.723,-195.3140000000003,108.23113,111.11301,-2.8818800000000095,25.461485,25.127634,0.33385099999999923,278.12387,278.25842,-0.13454999999999018
2024-06-11 22:00:00,7914.48,8331.1045,-416.6244999999999,93.03249,97.629295,-4.596805000000003,25.028076,24.777494,0.25058199999999786,276.0793,275.68436,0.39493999999996277
2024-06-11 23:00:00,6677.8423,6659.4453,18.396999999999935,86.716805,87.53938,-0.8225750000000005,24.789188,24.437096,0.35209199999999896,274.7242,273.8058,0.9184000000000196
2024-06-12 00:00:00,5430.367,5743.635,-313.26800000000003,86.67301,82.98541,3.6876000000000033,24.632809,24.207907,0.424902000000003,274.0744,273.29306,0.7813400000000001
2024-06-12 01:00:00,4443.0273,4549.045,-106.01770000000033,81.70931,81.08194,0.6273699999999991,24.549623,24.317219,0.23240399999999894,273.59216,273.75183,-0.15967000000000553
2024-06-12 02:00:00,3702.523,3896.1877,-193.6646999999998,78.067375,78.975296,-0.9079210000000018,24.483406,24.372213,0.1111930000000001,273.40518,273.53098,-0.12580000000002656
2024-06-12 03:00:00,3702.523,3860.8638,-158.34079999999994,78.29205,78.52259,-0.23053999999999064,24.483854,24.48487,-0.0010159999999999059,273.55347,273.6621,-0.10863000000000511
2024-06-12 04:00:00,4936.6973,5091.6934,-154.9961000000003,84.80538,83.45501,1.350369999999998,24.700596,24.735188,-0.034591999999999956,274.13684,274.0918,0.04504000000002861
2024-06-12 05:00:00,7898.7153,8535.311,-636.5956999999999,100.13031,99.51619,0.6141199999999998,25.233482,25.30171,-0.06822800000000129,275.0685,275.42105,-0.3525500000000079
2024-06-12 06:00:00,12588.578,12806.47,-217.89199999999983,124.30024,122.71612,1.5841199999999986,25.977999,26.025946,-0.04794700000000063,276.30142,277.28937,-0.9879500000000121
2024-06-12 07:00:00,15797.433,15796.628,0.805000000000291,140.82639,140.97826,-0.1518700000000024,26.711185,26.727781,-0.016595999999999833,278.2048,278.85074,-0.645939999999996
2024-06-12 08:00:00,17031.607,16688.516,343.09100000000035,147.12958,143.23059,3.8989899999999977,27.411633,27.546406,-0.1347730000000027,280.71524,281.68497,-0.9697300000000268
2024-06-12 09:00:00,13822.754,13499.539,323.21500000000015,130.47946,130.36946,0.10999999999998522,27.995415,28.408176,-0.4127609999999997,285.6303,286.9097,-1.2794000000000096
2024-06-12 10:00:00,11601.239,11453.094,148.14500000000044,118.78693,118.19743,0.589500000000001,28.727928,29.061823,-0.33389500000000183,290.39575,292.11423,-1.7184799999999996
2024-06-12 11:00:00,10613.899,10492.416,121.48300000000017,113.50399,112.3759,1.1280900000000003,29.210814,29.526594,-0.31578000000000017,294.71265,296.30154,-1.5888899999999921
2024-06-12 12:00:00,10120.2295,10141.278,-21.048500000000786,110.849495,110.481514,0.36798100000000034,29.265398,29.734097,-0.4686989999999973,298.34387,299.61255,-1.2686800000000176
2024-06-12 13:00:00,10367.064,10274.052,93.01200000000063,112.07952,111.09868,0.9808400000000006,29.049776,29.721102,-0.671325999999997,300.60623,302.17548,-1.569250000000011
2024-06-12 14:00:00,11107.569,10974.134,133.4349999999995,116.01083,114.98619,1.024640000000005,28.700224,29.435818,-0.7355940000000025,301.23,303.281,-2.0509999999999877
2024-06-12 15:00:00,12588.578,12391.575,197.0029999999988,123.8743,123.01135,0.8629500000000121,28.16734,28.869667,-0.7023270000000004,300.28287,302.2691,-1.9862299999999777
2024-06-12 16:00:00,15550.598,15175.831,374.7669999999998,139.5071,137.82744,1.6796600000000126,27.433558,28.113422,-0.6798639999999985,297.89246,299.31863,-1.4261699999999564
2024-06-12 17:00:00,19006.285,18721.951,284.3339999999989,157.66359,156.244,1.4195899999999995,26.866444,27.280195,-0.41375099999999776,294.14542,294.7833,-0.6378799999999956
2024-06-12 18:00:00,20487.295,20284.846,202.4489999999969,165.66508,164.29028,1.3747999999999934,26.291052,26.581482,-0.29043000000000063,289.24338,289.82666,-0.583280000000002
2024-06-12 19:00:00,17525.277,17226.33,298.9469999999965,150.81778,150.59048,0.2272999999999854,25.6415,26.008286,-0.3667859999999976,284.12073,285.02176,-0.9010299999999916
2024-06-12 20:00:00,13822.754,13766.084,56.67000000000007,132.14351,131.89182,0.2516899999999964,24.991947,25.514402,-0.5224550000000008,279.17566,280.92,-1.7443400000000224
2024-06-12 21:00:00,10860.734,10793.907,66.82700000000114,117.24603,115.158,2.0880300000000034,24.612976,24.996067,-0.3830910000000003,276.68515,277.49124,-0.8060899999999833
2024-06-12 22:00:00,7898.7153,8069.3984,-170.6831000000002,102.23189,102.35724,-0.1253499999999974,24.495861,24.606983,-0.11112199999999817,274.7004,275.0398,-0.3394000000000119
2024-06-12 23:00:00,6664.5415,6515.92,148.6215000000002,96.08858,93.11674,2.9718400000000003,24.352758,24.313385,0.03937300000000121,273.42474,273.22507,0.19966999999996915
2024-06-13 00:00:00,6239.0903,5562.451,676.6392999999998,99.38834,88.63767,10.75067,24.203207,24.078445,0.12476200000000048,272.9305,272.9395,-0.009000000000014552
2024-06-13 01:00:00,5104.71,5072.8433,31.866699999999582,93.66888,90.31813,3.350750000000005,24.120323,24.08661,0.03371299999999877,272.6307,273.6704,-1.039699999999982
2024-06-13 02:00:00,4253.9253,4491.2856,-237.36030000000028,89.34385,88.95561,0.38824000000001035,24.104105,24.077328,0.026776999999999163,272.47147,273.44125,-0.9697800000000143
2024-06-13 03:00:00,4253.9253,4441.096,-187.17069999999967,89.356476,88.60951,0.7469660000000005,24.17077,24.169329,0.0014409999999998035,272.5951,273.52258,-0.9274800000000027
2024-06-13 04:00:00,5671.9004,5988.8984,-316.9979999999996,96.66666,95.87407,0.7925899999999899,24.268158,24.380995,-0.11283699999999897,273.10565,274.2143,-1.1086499999999546
2024-06-13 05:00:00,9075.04,9794.102,-719.0619999999999,114.097374,114.15276,-0.0553859999999986,24.710365,24.848309,-0.13794400000000095,273.96436,275.6476,-1.683240000000012
2024-06-13 06:00:00,14463.348,14471.607,-8.259000000000015,141.70712,138.34789,3.3592299999999966,25.330723,25.444378,-0.1136550000000014,275.1493,276.98294,-1.8336400000000026
2024-06-13 07:00:00,18150.082,18091.352,58.72999999999956,160.50423,158.44502,2.0592100000000073,26.03117,26.037678,-0.00650800000000018,277.04123,278.15146,-1.1102300000000014
2024-06-13 08:00:00,19568.057,19435.545,132.51200000000244,167.56943,163.3195,4.249930000000006,26.831617,26.84183,-0.01021300000000025,279.66763,280.81046,-1.1428300000000036
2024-06-13 09:00:00,15881.322,15583.871,297.45100000000093,148.30878,148.5744,-0.2656199999999842,27.601303,27.750542,-0.1492389999999979,284.72385,285.8938,-1.1699499999999716
2024-06-13 10:00:00,13328.966,13115.123,213.84300000000076,134.85367,134.40788,0.44578999999998814,28.569685,28.469454,0.10023100000000085,289.64777,291.1846,-1.536830000000009
2024-06-13 11:00:00,12194.586,11970.568,224.01800000000003,128.79556,127.87871,0.9168499999999966,29.052572,29.038902,0.013670000000001181,294.14438,295.56644,-1.4220599999999877
2024-06-13 12:00:00,11627.3955,11562.632,64.76350000000093,125.736145,125.78542,-0.04927500000000862,29.066444,29.29443,-0.2279859999999978,297.9167,298.92065,-1.0039500000000317
2024-06-13 13:00:00,11910.99,11726.295,184.6949999999997,127.14311,126.50762,0.6354899999999901,28.897388,29.33148,-0.4340919999999997,300.35107,301.5302,-1.1791299999999865
2024-06-13 14:00:00,12761.775,12611.559,150.21600000000035,131.53853,131.15149,0.38704000000001315,28.556038,29.101141,-0.5451029999999975,301.16205,302.61987,-1.4578199999999697
2024-06-13 15:00:00,14463.348,14240.36,222.98799999999937,140.36232,140.3787,-0.016379999999998063,28.255589,28.589996,-0.3344069999999988,300.3435,301.66406,-1.3205600000000004
2024-06-13 16:00:00,17866.486,17583.57,282.9160000000011,157.9886,157.18686,0.8017399999999952,27.76875,27.971794,-0.20304399999999845,298.07947,298.97525,-0.895780000000002
2024-06-13 17:00:00,21836.816,21931.773,-94.95700000000215,178.57727,177.15857,1.4187000000000012,27.019014,27.30584,-0.28682600000000136,294.46085,294.93726,-0.4764099999999871
2024-06-13 18:00:00,23538.387,23882.443,-344.0560000000005,187.479,185.29959,2.1794100000000185,26.388475,26.61055,-0.22207500000000024,289.76346,290.21567,-0.4522099999999796
2024-06-13 19:00:00,20135.248,20146.434,-11.186000000001513,170.05785,169.1831,0.8747500000000059,25.825092,26.048754,-0.22366199999999736,284.80075,285.30658,-0.5058300000000031
2024-06-13 20:00:00,15881.322,15834.418,46.90400000000045,148.21773,148.62065,-0.40292000000002304,25.408424,25.639627,-0.2312030000000007,279.83215,281.3393,-1.5071499999999673
2024-06-13 21:00:00,12478.181,12414.58,63.60100000000057,130.68143,130.39421,0.2872200000000191,25.176767,25.244661,-0.06789399999999901,277.3408,278.33447,-0.9936700000000087
2024-06-13 22:00:00,9075.04,9407.704,-332.66399999999885,113.269485,115.35844,-2.0889549999999986,24.832886,24.951296,-0.11841000000000079,275.31006,276.18344,-0.8733799999999974
2024-06-13 23:00:00,7657.065,7582.2134,74.85159999999996,106.071625,103.02025,3.051374999999993,24.583334,24.630735,-0.04740100000000069,273.9387,274.38794,-0.4492400000000316
2024-06-14 00:00:00,5759.758,5750.312,9.445999999999913,94.48994,95.52031,-1.0303699999999907,24.314768,24.30436,0.01040800000000175,273.27188,273.57867,-0.30678999999997814
2024-06-14 01:00:00,4712.5293,4545.827,166.70229999999992,89.304405,89.168945,0.13546000000000902,24.12815,24.18217,-0.054019999999997736,272.72336,273.63547,-0.9121099999999842
2024-06-14 02:00:00,3927.108,4033.5122,-106.40419999999995,85.393555,86.8125,-1.4189449999999937,24.085455,24.091164,-0.00570899999999952,272.40018,273.13678,-0.7366000000000099
2024-06-14 03:00:00,3927.108,3963.1443,-36.036299999999756,85.43639,85.84661,-0.41021999999999537,24.049553,24.16459,-0.11503700000000094,272.3062,273.0417,-0.7355000000000018
2024-06-14 04:00:00,5236.144,5246.9727,-10.828700000000026,91.99696,90.93827,1.0586899999999986,24.132885,24.375246,-0.24236099999999894,272.56912,273.41116,-0.8420399999999972
2024-06-14 05:00:00,8377.83,8805.929,-428.09900000000016,107.86406,108.06115,-0.19709000000000287,24.323748,24.856112,-0.5323640000000012,273.2161,274.71753,-1.5014300000000276
2024-06-14 06:00:00,13352.167,13412.015,-59.847999999999956,132.99664,131.86371,1.132930000000016,24.690863,25.380262,-0.6893989999999981,274.13617,276.08746,-1.9512900000000286
2024-06-14 07:00:00,16755.66,16789.355,-33.69499999999971,150.0706,151.29869,-1.2280899999999804,25.40753,25.84647,-0.4389399999999988,275.82376,277.19644,-1.3726800000000026
2024-06-14 08:00:00,18064.697,18072.818,-8.120999999999185,156.43298,155.93315,0.49982999999997446,26.07375,26.507118,-0.433367999999998,278.11417,279.41992,-1.305749999999989
2024-06-14 09:00:00,14661.204,14563.815,97.38899999999921,138.80737,141.70651,-2.899140000000017,26.906635,27.267672,-0.3610369999999996,282.87576,283.9668,-1.091039999999964
2024-06-14 10:00:00,12304.938,12244.403,60.534999999999854,126.54393,128.27167,-1.7277399999999972,27.511036,27.916037,-0.4050009999999986,287.6311,288.90637,-1.2752699999999777
2024-06-14 11:00:00,11257.709,11180.493,77.21600000000035,120.924164,121.84268,-0.9185159999999968,27.864437,28.341286,-0.4768490000000014,291.9274,292.95493,-1.027530000000013
2024-06-14 12:00:00,10734.095,10799.377,-65.28200000000106,117.97624,119.618744,-1.6425040000000024,27.981552,28.518353,-0.5368010000000005,295.61478,296.09985,-0.48507000000000744
2024-06-14 13:00:00,10995.902,10932.5625,63.339500000000044,119.00942,120.14178,-1.1323599999999914,27.764885,28.521711,-0.7568260000000002,297.89618,298.56732,-0.6711399999999799
2024-06-14 14:00:00,11781.324,11672.872,108.45200000000114,122.71195,124.06989,-1.3579399999999993,27.59777,28.258892,-0.6611219999999989,298.7005,299.6456,-0.9451000000000249
2024-06-14 15:00:00,13352.167,13177.082,175.08499999999913,130.454,132.23775,-1.7837499999999977,27.197323,27.784908,-0.5875850000000007,298.01862,298.82,-0.8013799999999947
2024-06-14 16:00:00,16493.854,16245.761,248.09299999999894,146.1847,147.40497,-1.2202699999999993,26.759586,27.143906,-0.38432000000000244,295.93405,296.30392,-0.3698699999999917
2024-06-14 17:00:00,20159.154,19960.06,199.09399999999732,164.62503,165.33832,-0.7132900000000006,26.300001,26.510777,-0.2107759999999992,292.61386,292.49432,0.11953999999997222
2024-06-14 18:00:00,21729.998,21823.62,-93.62199999999939,172.46391,174.52065,-2.0567399999999907,25.884336,25.930084,-0.04574799999999968,288.23267,288.1311,0.10156999999998106
2024-06-14 19:00:00,18588.312,18437.979,150.33300000000236,156.39075,159.56923,-3.1784800000000075,25.56767,25.372614,0.195056000000001,283.6431,283.25848,0.384619999999984
2024-06-14 20:00:00,14661.204,14582.574,78.6299999999992,136.3439,139.19395,-2.85005000000001,25.367222,25.005928,0.3612940000000009,279.02676,279.28394,-0.25717999999994845
2024-06-14 21:00:00,11519.517,11537.711,-18.193999999999505,120.34023,121.31306,-0.9728299999999876,25.166443,24.692,0.47444300000000084,276.77185,276.09244,0.6794099999999617
2024-06-14 22:00:00,8377.83,8655.766,-277.9359999999997,104.37499,107.07295,-2.697960000000009,24.788408,24.467522,0.32088600000000156,272.65857,273.6922,-1.0336300000000165
2024-06-14 23:00:00,7068.7944,6951.197,117.59739999999965,97.731064,96.07062,1.6604439999999983,24.477926,24.219887,0.25803900000000013,269.12817,271.3958,-2.267629999999997
2024-06-15 00:00:00,6082.026,5734.701,347.3249999999998,94.49401,90.640945,3.853065000000001,24.244595,23.894447,0.3501480000000008,252.909,256.1703,-3.2613000000000056
2024-06-15 01:00:00,4976.203,4959.5703,16.632700000000114,88.7996,87.977455,0.8221449999999919,24.111261,23.863482,0.24777899999999775,250.24364,250.03116,0.21247999999999934
2024-06-15 02:00:00,4146.836,4333.261,-186.42500000000018,84.50024,85.14285,-0.6426099999999906,24.069145,23.853518,0.2156269999999978,247.81071,248.11894,-0.3082300000000089
2024-06-15 03:00:00,4146.836,4278.487,-131.65099999999984,84.48748,84.15284,0.3346400000000074,24.035929,23.939676,0.09625300000000081,245.66965,247.24118,-1.571530000000024
2024-06-15 04:00:00,5529.1143,5611.502,-82.38770000000022,91.60643,89.728676,1.8777540000000101,24.153044,24.108505,0.04453900000000033,246.05641,246.88623,-0.8298200000000122
2024-06-15 05:00:00,8846.583,9211.95,-365.3670000000002,108.69773,107.329414,1.3683160000000072,24.51971,24.532955,-0.013245000000001284,246.83015,247.64265,-0.8125
2024-06-15 06:00:00,14099.242,13956.119,143.1229999999996,135.6834,132.14517,3.5382299999999987,25.103045,25.12732,-0.02427499999999938,247.88315,249.01553,-1.132380000000012
2024-06-15 07:00:00,17693.168,17594.373,98.79500000000189,154.00429,152.09473,1.909559999999999,25.997074,25.730598,0.2664760000000008,249.52414,250.13458,-0.6104400000000112
2024-06-15 08:00:00,19075.445,18898.727,176.71800000000076,160.95032,156.69861,4.251710000000003,26.733227,26.517656,0.21557100000000062,251.69615,252.11935,-0.42320000000000846
2024-06-15 09:00:00,15481.5205,15204.729,276.7915000000012,142.24953,142.60718,-0.3576500000000067,27.233673,27.432518,-0.19884500000000216,256.2587,256.63275,-0.3740500000000111
2024-06-15 10:00:00,12993.419,12715.843,277.5759999999991,129.2437,128.90614,0.3375599999999963,27.825788,28.068035,-0.242246999999999,260.76007,261.39362,-0.6335500000000138
2024-06-15 11:00:00,11887.596,11585.023,302.5730000000003,123.38701,122.371704,1.0153060000000096,28.242456,28.474228,-0.23177199999999942,264.8115,265.097,-0.28549999999995634
2024-06-15 12:00:00,11334.684,11184.352,150.33199999999852,120.45582,120.08825,0.3675700000000006,28.425789,28.622503,-0.1967139999999965,268.24252,267.92865,0.31387000000000853
2024-06-15 13:00:00,11611.141,11344.248,266.89300000000003,121.86237,120.86208,1.0002899999999926,28.32534,28.612585,-0.28724499999999864,270.50003,270.22458,0.275449999999978
2024-06-15 14:00:00,12440.507,12140.183,300.3239999999987,126.14465,125.1814,0.9632500000000022,28.142008,28.373203,-0.2311949999999996,271.31787,271.357,-0.03913000000000011
2024-06-15 15:00:00,14099.242,13623.42,475.8220000000001,134.71466,133.6118,1.102860000000021,27.859121,27.905943,-0.04682200000000236,270.6497,270.7753,-0.12560000000001992
2024-06-15 16:00:00,17416.71,16916.883,499.8269999999975,151.93135,149.76508,2.1662699999999973,27.251238,27.310905,-0.059667000000001025,268.59763,268.41052,0.18710999999996147
2024-06-15 17:00:00,21287.09,21077.334,209.75600000000122,172.03008,168.80165,3.228430000000003,26.551237,26.62992,-0.07868299999999806,265.2884,264.79416,0.49424000000004753
2024-06-15 18:00:00,22945.826,23090.02,-144.1939999999995,180.7014,178.19336,2.508039999999994,26.016666,25.976364,0.040302000000000504,260.91864,260.46506,0.4535799999999881
2024-06-15 19:00:00,19628.357,19592.297,36.06000000000131,163.62042,163.8536,-0.23318000000000438,25.549553,25.484133,0.06541999999999959,256.2331,255.39844,0.8346599999999853
2024-06-15 20:00:00,15481.5205,15294.043,187.47750000000087,142.25319,143.40063,-1.1474400000000173,25.132887,25.15629,-0.023402999999998286,251.55255,251.49536,0.057189999999991414
2024-06-15 21:00:00,12164.052,12052.045,112.0069999999996,125.179474,125.30165,-0.12217599999999607,24.734795,24.822886,-0.08809100000000214,249.28757,249.02483,0.26273999999997955
2024-06-15 22:00:00,8846.583,9151.738,-305.15499999999884,108.097496,110.83508,-2.7375839999999982,24.318577,24.498375,-0.17979799999999813,247.44426,247.82172,-0.37745999999998503
2024-06-15 23:00:00,7464.3047,7367.923,96.38169999999991,101.05027,99.14482,1.9054500000000019,24.035242,24.104218,-0.06897599999999926,246.1957,247.69171,-1.4960100000000125
2024-06-16 00:00:00,5761.1987,5833.6353,-72.4366,78.738846,93.36488,-14.626034000000004,23.868128,23.890823,-0.022695000000002352,245.56717,245.82816,-0.2609899999999925
2024-06-16 01:00:00,4713.708,4478.1943,235.51369999999952,73.58384,79.45943,-5.8755900000000025,23.79166,23.67513,0.11653000000000091,245.08269,245.20816,-0.12546999999997865
2024-06-16 02:00:00,3928.0903,3921.854,6.236300000000028,69.80016,74.19257,-4.392409999999998,23.704605,23.62993,0.07467499999999916,244.86539,245.31151,-0.4461200000000076
2024-06-16 03:00:00,3928.0903,3840.7769,87.3134,70.08737,71.71846,-1.6310899999999862,23.62026,23.699923,-0.07966300000000004,244.96243,245.76701,-0.8045799999999872
2024-06-16 04:00:00,5237.4536,5071.69,165.76360000000022,77.05832,75.51161,1.5467099999999903,23.846502,23.856226,-0.009723999999998512,245.48419,245.78261,-0.298419999999993
2024-06-16 05:00:00,8379.926,8443.418,-63.49200000000019,93.33962,92.23967,1.0999499999999927,24.363169,24.293575,0.0695939999999986,246.34492,246.35158,-0.006660000000010768
2024-06-16 06:00:00,13355.508,13063.479,292.02900000000045,118.92326,116.682846,2.2404140000000012,25.179388,24.969301,0.21008699999999791,247.53038,248.14278,-0.6123999999999796
2024-06-16 07:00:00,16759.854,16347.532,412.3220000000001,136.4817,136.16495,0.31674999999998477,25.996056,25.67041,0.325645999999999,249.3926,249.86623,-0.4736300000000142
2024-06-16 08:00:00,18069.217,17661.744,407.4730000000018,143.41547,140.86983,2.5456399999999917,26.846502,26.440245,0.4062570000000001,251.77718,251.92805,-0.15087000000002604
2024-06-16 09:00:00,14664.872,14297.711,367.16100000000006,126.23217,126.82033,-0.588160000000002,27.59695,27.374704,0.2222459999999984,256.54114,256.62967,-0.08852999999999156
2024-06-16 10:00:00,12308.017,11911.059,396.95800000000054,114.325836,113.21862,1.107215999999994,28.271603,28.078136,0.19346699999999828,261.1693,261.98227,-0.8129700000000071
2024-06-16 11:00:00,11260.525,10883.098,377.4269999999997,109.05318,106.8321,2.2210800000000006,28.774654,28.536602,0.23805200000000326,265.3811,266.02155,-0.6404499999999871
2024-06-16 12:00:00,10736.78,10552.914,183.86599999999999,106.411415,104.91242,1.4989950000000078,28.957539,28.725363,0.23217599999999905,268.84122,268.91235,-0.07112999999998237
2024-06-16 13:00:00,10998.653,10755.565,243.08799999999974,107.741035,106.19169,1.5493450000000024,28.882416,28.738976,0.14343999999999824,270.9808,270.96634,0.014459999999985484
2024-06-16 14:00:00,11784.2705,11537.836,246.4345000000012,111.71952,110.89227,0.8272500000000065,28.416199,28.534178,-0.11797900000000183,271.674,271.84076,-0.16676000000001068
2024-06-16 15:00:00,13355.508,13032.696,322.8119999999999,119.72806,119.79329,-0.06522999999999968,27.913841,28.013487,-0.0996459999999999,270.8886,271.09882,-0.21021999999999252
2024-06-16 16:00:00,16497.98,16171.006,326.97400000000016,135.78941,136.12878,-0.3393700000000024,27.355854,27.329971,0.025883000000000322,268.74356,268.60983,0.13373000000001412
2024-06-16 17:00:00,20164.197,20030.84,133.35699999999997,154.51692,155.20583,-0.6889099999999928,26.772074,26.610712,0.16136200000000045,265.30554,264.92987,0.3756700000000137
2024-06-16 18:00:00,21735.434,21887.318,-151.8839999999982,162.55733,165.10046,-2.543129999999991,26.29132,25.982103,0.3092170000000003,260.91858,260.83026,0.08832000000001017
2024-06-16 19:00:00,18592.963,18427.92,165.04300000000148,146.57944,151.65834,-5.078900000000004,25.716444,25.500814,0.21563000000000088,256.31302,256.1137,0.19932000000000016
2024-06-16 20:00:00,14664.872,14498.959,165.91299999999865,126.66518,131.48367,-4.818489999999983,25.333557,25.11781,0.21574700000000036,251.75313,252.40465,-0.651520000000005
2024-06-16 21:00:00,11522.398,11410.777,111.62099999999919,110.83265,113.13666,-2.304010000000005,25.020144,24.761826,0.25831799999999916,249.62,249.9123,-0.29229999999998313
2024-06-16 22:00:00,8379.926,8572.344,-192.41799999999967,94.98935,98.93424,-3.944890000000001,24.770142,24.458858,0.31128400000000056,250.05891,248.69533,1.3635799999999847
2024-06-16 23:00:00,7070.563,6916.8447,153.71830000000045,88.540634,88.11007,0.43056400000000394,24.62185,24.146797,0.47505299999999906,251.0686,248.93756,2.131040000000013
2024-06-17 00:00:00,6450.952,5760.369,690.5830000000005,102.94007,84.06089,18.879180000000005,24.438517,24.215126,0.22339099999999945,265.9589,262.75653,3.2023700000000304
2024-06-17 01:00:00,5278.052,5311.6655,-33.613500000000386,97.033875,88.03225,9.00162499999999,24.214289,24.239107,-0.024817999999999785,267.8529,269.56323,-1.710329999999999
2024-06-17 02:00:00,4398.3765,4672.178,-273.8014999999996,92.49561,87.54031,4.955299999999994,24.081402,24.220924,-0.13952199999999948,269.98874,270.53088,-0.5421400000000176
2024-06-17 03:00:00,4398.3765,4607.3945,-209.01800000000003,92.38899,88.1964,4.19259000000001,24.261484,24.265255,-0.003771000000000413,272.45996,271.47986,0.9801000000000499
2024-06-17 04:00:00,5864.5015,6141.6475,-277.14599999999973,99.88909,96.37805,3.511039999999994,24.518822,24.516119,0.002703000000000344,273.0384,272.94687,0.0915300000000343
2024-06-17 05:00:00,9383.203,10163.011,-779.8080000000009,117.926834,116.561066,1.3657680000000028,25.132887,25.07026,0.0626269999999991,274.078,274.59045,-0.5124500000000012
2024-06-17 06:00:00,14954.481,15208.001,-253.52000000000044,146.62209,142.23991,4.382179999999977,25.71622,25.71446,0.001760000000000872,275.44614,276.0572,-0.611060000000009
2024-06-17 07:00:00,18766.406,18902.908,-136.5020000000004,166.20132,162.33817,3.8631500000000187,26.583334,26.257397,0.3259369999999997,277.41885,277.2037,0.21514999999999418
2024-06-17 08:00:00,20232.531,20244.58,-12.049000000002707,173.64983,166.66476,6.985070000000007,27.283781,27.087238,0.1965430000000019,279.98196,279.98505,-0.0030899999999860484
2024-06-17 09:00:00,16420.605,16089.332,331.27299999999923,153.72797,150.87527,2.8526999999999987,27.904596,28.01291,-0.10831400000000002,284.87952,285.33826,-0.4587399999999775
2024-06-17 10:00:00,13781.58,13502.984,278.59599999999955,139.91797,136.9166,3.0013700000000085,28.670816,28.71903,-0.04821400000000153,289.737,290.71646,-0.9794599999999605
2024-06-17 11:00:00,12608.679,12309.693,298.9860000000008,133.85413,130.69318,3.1609499999999855,29.085775,29.223545,-0.13776999999999973,294.1063,295.11307,-1.0067700000000173
2024-06-17 12:00:00,12022.229,11857.959,164.26999999999862,130.99403,128.69519,2.2988400000000127,29.306812,29.427265,-0.1204529999999977,297.82306,298.47565,-0.6525899999999751
2024-06-17 13:00:00,12315.453,12033.61,281.84299999999894,132.77377,129.43431,3.3394600000000025,29.14726,29.46194,-0.3146799999999992,300.2089,301.1433,-0.9343999999999824
2024-06-17 14:00:00,13195.129,12955.453,239.6760000000013,137.68068,133.937,3.7436799999999835,28.882074,29.199726,-0.31765199999999894,301.04715,302.34344,-1.296289999999999
2024-06-17 15:00:00,14954.481,14648.528,305.9529999999995,147.17155,142.98784,4.183709999999991,28.444593,28.679476,-0.23488299999999995,300.3376,301.42807,-1.090469999999982
2024-06-17 16:00:00,18473.182,18203.898,269.28399999999965,165.84763,160.05661,5.791020000000003,27.927479,27.992226,-0.064746999999997,298.094,298.60968,-0.5156800000000317
2024-06-17 17:00:00,22578.332,22752.133,-173.8010000000031,187.5909,181.80579,5.785110000000003,27.294147,27.251259,0.04288799999999782,294.45297,294.38797,0.06499999999999773
2024-06-17 18:00:00,24337.684,24760.59,-422.90599999999904,197.129,191.90028,5.228719999999981,26.623108,26.574848,0.04825999999999908,289.66165,289.6961,-0.03444999999999254
2024-06-17 19:00:00,20818.982,20834.826,-15.84400000000096,179.1822,175.50958,3.672619999999995,25.939775,26.081562,-0.14178700000000077,284.60092,284.77814,-0.1772200000000339
2024-06-17 20:00:00,16420.605,16413.96,6.645000000000437,156.58618,154.61577,1.9704100000000153,25.422522,25.703497,-0.280974999999998,279.55896,280.77933,-1.2203700000000026
2024-06-17 21:00:00,12901.904,12796.226,105.67799999999988,138.50787,136.00847,2.4994000000000085,25.045767,25.32582,-0.2800529999999988,276.9546,277.92334,-0.9687399999999684
2024-06-17 22:00:00,9383.203,9737.083,-353.880000000001,120.35665,120.56604,-0.20938999999999908,24.761986,25.006926,-0.2449399999999997,274.79553,275.9192,-1.1236700000000042
2024-06-17 23:00:00,7917.077,7815.292,101.78499999999985,112.857315,107.76126,5.096055000000007,24.528652,24.665901,-0.13724900000000062,273.2984,274.34366,-1.0452599999999848
2024-06-18 00:00:00,4631.893,5749.8604,-1117.9673999999995,102.17598,99.304146,2.8718339999999927,24.250587,24.299507,-0.048919999999998964,272.54324,274.10815,-1.5649099999999976
2024-06-18 01:00:00,3789.7307,3961.63,-171.89930000000004,97.7898,94.56491,3.224890000000002,23.955715,24.150043,-0.19432799999999872,271.9979,274.27655,-2.2786499999999705
2024-06-18 02:00:00,3158.109,3258.0928,-99.98379999999997,94.42068,91.91008,2.510600000000011,23.906301,24.005861,-0.09956000000000031,271.74606,273.84668,-2.100619999999992
2024-06-18 03:00:00,3158.109,3110.6843,47.42470000000003,94.24836,90.99008,3.258279999999999,23.988739,24.030836,-0.04209700000000183,271.81262,273.81262,-2.0
2024-06-18 04:00:00,4210.8115,4148.6064,62.20510000000013,99.51187,95.545334,3.966536000000005,24.338291,24.21439,0.12390100000000004,272.35403,273.9872,-1.63316999999995
2024-06-18 05:00:00,6737.2993,7091.0347,-353.7354000000005,112.52711,110.85688,1.6702299999999894,24.855043,24.722128,0.132914999999997,273.33997,274.8647,-1.5247300000000337
2024-06-18 06:00:00,10737.569,10977.189,-239.6200000000008,133.30684,130.40538,2.901459999999986,25.538826,25.318436,0.22039000000000186,274.6325,275.95624,-1.3237399999999866
2024-06-18 07:00:00,13474.599,13575.089,-100.48999999999978,147.39967,145.09656,2.3031099999999753,26.36171,25.908075,0.45363499999999846,276.6697,277.20612,-0.536420000000021
2024-06-18 08:00:00,14527.302,14544.076,-16.773999999999432,152.62917,148.2822,4.346969999999999,27.128374,26.658812,0.4695619999999998,279.29782,279.59076,-0.2929399999999873
2024-06-18 09:00:00,11790.273,11847.417,-57.14400000000023,137.91644,135.27968,2.636759999999981,27.97748,27.625677,0.3518030000000003,284.30356,284.7903,-0.4867399999999975
2024-06-18 10:00:00,9895.408,9997.16,-101.75200000000041,127.67881,124.35731,3.3215000000000003,28.755268,28.417412,0.33785600000000215,289.17834,290.39758,-1.2192400000000134
2024-06-18 11:00:00,9053.245,9128.268,-75.02299999999923,122.99365,119.584274,3.409376000000009,29.105717,28.929089,0.17662799999999734,293.60492,294.9627,-1.357779999999991
2024-06-18 12:00:00,8632.164,8817.687,-185.52299999999923,120.54296,118.115776,2.427183999999997,29.106163,29.128458,-0.02229499999999973,297.31946,298.48453,-1.1650700000000143
2024-06-18 13:00:00,8842.704,8940.217,-97.51300000000083,121.45179,118.69767,2.7541200000000003,28.961485,29.092371,-0.13088600000000028,299.61237,300.98877,-1.3763999999999896
2024-06-18 14:00:00,9474.326,9544.509,-70.1830000000009,124.602295,122.008705,2.593589999999992,28.611485,28.836596,-0.22511100000000184,300.2655,301.95618,-1.690680000000043
2024-06-18 15:00:00,10737.569,10781.674,-44.10500000000138,131.09886,129.04382,2.055039999999991,28.227255,28.32204,-0.09478500000000167,299.31097,300.81345,-1.5024799999999914
2024-06-18 16:00:00,13264.057,13171.0,93.0570000000007,144.29274,141.61386,2.678880000000021,27.577255,27.656181,-0.07892599999999916,296.88037,297.7108,-0.8304299999999785
2024-06-18 17:00:00,16211.626,15947.857,263.76900000000023,159.72961,156.27478,3.4548300000000154,26.811037,26.938835,-0.12779800000000208,293.09503,293.2996,-0.2045699999999897
2024-06-18 18:00:00,17474.87,17411.219,63.65099999999802,166.29893,164.09857,2.2003600000000176,26.111485,26.271624,-0.16013900000000092,288.27805,288.56625,-0.28820000000001755
2024-06-18 19:00:00,14948.383,14860.54,87.84299999999894,152.88951,151.02634,1.8631699999999967,25.52815,25.643345,-0.11519499999999994,283.2452,283.44754,-0.20233999999999241
2024-06-18 20:00:00,11790.273,11992.0,-201.72700000000077,136.1093,133.78429,2.325009999999992,25.176947,25.165623,0.011323999999998335,278.27496,279.2898,-1.0148399999999924
2024-06-18 21:00:00,9263.786,9454.795,-191.00900000000001,122.63706,119.47764,3.1594200000000114,24.932886,24.790731,0.14215499999999892,275.82843,276.12772,-0.29928999999998496
2024-06-18 22:00:00,6737.2993,7036.1294,-298.83010000000013,109.287575,108.52725,0.7603250000000088,24.532885,24.514944,0.01794100000000043,273.88916,274.0743,-0.18513999999998987
2024-06-18 23:00:00,5684.5957,5620.5913,64.0043999999998,103.751465,100.45986,3.29160499999999,24.331903,24.216713,0.1151900000000019,272.64893,272.45007,0.19886000000002468
2024-06-19 00:00:00,3306.4336,5386.7915,-2080.3579000000004,82.681526,96.527176,-13.845649999999992,24.14196,24.059767,0.08219300000000018,272.11862,272.79996,-0.6813399999999774
2024-06-19 01:00:00,2705.264,2978.0942,-272.8301999999999,79.67584,85.39287,-5.717030000000008,24.075293,24.136,-0.06070700000000073,271.7426,272.56335,-0.8207500000000323
2024-06-19 02:00:00,2254.3865,2247.3005,7.08600000000024,77.49751,80.06864,-2.5711299999999966,24.141512,24.12693,0.014581999999997208,271.51367,272.28812,-0.7744500000000016
2024-06-19 03:00:00,2254.3865,2168.7368,85.64969999999994,77.724014,77.74788,-0.023865999999998166,24.23168,24.237753,-0.006073000000000661,271.35767,272.4715,-1.1138300000000072
2024-06-19 04:00:00,3005.8486,3055.9673,-50.11869999999999,81.875145,79.96827,1.9068749999999994,24.107508,24.455738,-0.3482300000000009,271.52148,272.56427,-1.042790000000025
2024-06-19 05:00:00,4809.3574,5208.804,-399.4466000000002,91.468254,91.0205,0.4477540000000033,24.024174,24.771591,-0.7474170000000022,272.0029,273.23337,-1.2304699999999684
2024-06-19 06:00:00,7664.914,8017.4375,-352.52350000000024,106.49519,108.01895,-1.52376000000001,24.45,25.196465,-0.7464650000000006,272.76315,274.40894,-1.6457899999999768
2024-06-19 07:00:00,9618.716,10124.156,-505.4400000000005,116.71753,120.15069,-3.433160000000001,25.20353,25.697268,-0.49373800000000045,274.23666,275.81235,-1.5756900000000087
2024-06-19 08:00:00,10370.178,10652.045,-281.8670000000002,120.54622,119.86858,0.6776400000000109,26.036415,26.337467,-0.30105199999999854,276.5553,278.10468,-1.549379999999985
2024-06-19 09:00:00,8416.376,8429.709,-13.333000000000538,110.13963,109.98275,0.15688000000000102,26.786415,27.144445,-0.3580299999999994,281.64203,282.80435,-1.1623200000000224
2024-06-19 10:00:00,7063.7446,7109.212,-45.46740000000045,102.78156,101.82465,0.9569099999999935,27.770645,27.765038,0.005606999999997697,286.81647,287.77914,-0.9626700000000028
2024-06-19 11:00:00,6462.574,6513.4297,-50.85570000000007,99.461555,97.8698,1.5917550000000062,28.537312,28.24923,0.2880819999999993,291.61282,292.0236,-0.4107799999999884
2024-06-19 12:00:00,6161.9897,6298.895,-136.90530000000035,97.76655,96.45349,1.313059999999993,28.828152,28.559513,0.2686390000000003,295.77972,295.59497,0.18475000000000819
2024-06-19 13:00:00,6312.2817,6338.8555,-26.57380000000012,98.4629,96.57598,1.8869200000000035,28.780785,28.648495,0.13229000000000113,298.52124,298.3674,0.15384000000000242
2024-06-19 14:00:00,6763.1597,6681.8784,81.28130000000056,100.85723,98.69752,2.159710000000004,28.71367,28.517828,0.19584199999999896,299.52814,299.83075,-0.3026100000000156
2024-06-19 15:00:00,7664.914,7562.415,102.4989999999998,105.78777,103.67866,2.109110000000001,28.271849,28.244017,0.02783200000000008,298.81888,299.65796,-0.839080000000024
2024-06-19 16:00:00,9468.424,9481.922,-13.497999999999593,115.59573,113.334236,2.261493999999999,27.625603,27.743248,-0.11764499999999956,296.54248,297.61203,-1.0695499999999925
2024-06-19 17:00:00,11572.518,11624.248,-51.72999999999956,126.986824,125.852,1.1348239999999947,27.045042,27.088982,-0.043940000000002755,292.9107,293.7376,-0.8268999999999664
2024-06-19 18:00:00,12474.272,12702.665,-228.39300000000003,132.08824,132.26143,-0.17318999999997686,26.411709,26.432032,-0.0203230000000012,288.0595,288.92462,-0.8651199999999903
2024-06-19 19:00:00,10670.763,11049.546,-378.78299999999945,123.048706,122.18849,0.8602159999999941,25.860813,25.79883,0.061983000000001454,282.92508,283.6164,-0.6913200000000188
2024-06-19 20:00:00,8416.376,8775.239,-358.8629999999994,111.6475,108.53661,3.1108899999999977,25.213362,25.34573,-0.1323679999999996,277.85153,279.23837,-1.3868399999999497
2024-06-19 21:00:00,6612.8667,6565.4175,47.44920000000002,102.63216,97.721085,4.911074999999997,24.647144,24.890308,-0.24316400000000016,275.1627,275.91278,-0.7500800000000254
2024-06-19 22:00:00,4809.3574,4836.201,-26.84360000000015,93.57285,90.858826,2.714024000000009,24.15,24.474148,-0.324148000000001,273.01978,273.663,-0.6432199999999852
2024-06-19 23:00:00,4057.8958,4013.4207,44.47509999999966,89.949936,86.7792,3.170735999999991,23.697227,24.062286,-0.3650589999999987,271.53644,271.64755,-0.11110999999999649
2024-06-20 00:00:00,6252.911,5023.403,1229.5079999999998,94.4167,87.283,7.133700000000005,23.438375,23.721802,-0.28342699999999965,270.8351,271.4318,-0.5966999999999985
2024-06-20 01:00:00,5116.0186,4888.8037,227.21489999999994,88.67614,89.71657,-1.0404300000000006,23.368628,23.547743,-0.17911499999999947,270.43826,271.2362,-0.7979399999999828
2024-06-20 02:00:00,4263.3486,4282.116,-18.767399999999725,84.33609,86.95364,-2.6175499999999943,23.418629,23.47552,-0.05689100000000025,270.33853,270.76797,-0.4294399999999996
2024-06-20 03:00:00,4263.3486,4126.0234,137.32520000000022,84.33343,85.1397,-0.8062699999999978,23.669077,23.54448,0.1245970000000014,270.63455,270.63937,-0.0048199999999951615
2024-06-20 04:00:00,5684.465,5264.907,419.558,91.64549,89.70294,1.9425499999999971,23.917114,23.775434,0.14168000000000092,271.3642,270.89676,0.4674400000000105
2024-06-20 05:00:00,9095.144,9336.047,-240.90300000000025,109.18268,109.4352,-0.25251999999998986,24.404118,24.260609,0.14350900000000166,272.5178,272.70956,-0.19175999999998794
2024-06-20 06:00:00,14495.387,14053.43,441.95700000000033,136.961,134.34607,2.6149300000000153,25.170336,24.919107,0.2512289999999986,273.97464,274.78485,-0.8102099999999837
2024-06-20 07:00:00,18190.29,18037.475,152.81500000000233,155.83495,156.28528,-0.4503300000000081,26.10322,25.627329,0.47589100000000073,275.991,276.2992,-0.30819999999999936
2024-06-20 08:00:00,19611.404,19573.262,38.141999999999825,162.96481,161.70082,1.2639900000000068,26.907114,26.571898,0.33521599999999907,278.5776,279.12408,-0.5464799999999741
2024-06-20 09:00:00,15916.502,15858.849,57.65300000000025,143.66281,147.62881,-3.9659999999999798,27.440895,27.565895,-0.125,283.563,284.43164,-0.8686400000000276
2024-06-20 10:00:00,13358.493,13301.682,56.810999999999694,130.18849,132.71448,-2.5259900000000073,28.091343,28.266718,-0.1753750000000025,288.41907,289.85593,-1.4368600000000242
2024-06-20 11:00:00,12221.6,12063.855,157.7450000000008,124.09284,125.52883,-1.4359900000000039,28.537674,28.74095,-0.20327600000000245,292.78107,294.20078,-1.4197100000000091
2024-06-20 12:00:00,11653.152,11609.496,43.65600000000086,120.97071,123.02538,-2.0546700000000016,28.720558,28.950315,-0.22975699999999932,296.36328,297.47824,-1.1149600000000532
2024-06-20 13:00:00,11937.376,11732.416,204.96000000000095,122.35207,123.466194,-1.114124000000004,28.602156,29.001755,-0.3995989999999985,298.56833,300.04315,-1.4748200000000224
2024-06-20 14:00:00,12790.046,12596.061,193.98500000000058,126.780365,127.83882,-1.058454999999995,28.11493,28.780508,-0.665578,299.18402,301.06927,-1.8852500000000418
2024-06-20 15:00:00,14495.387,14195.878,299.509,135.68085,136.66222,-0.9813699999999983,27.482044,28.207762,-0.7257180000000005,298.19016,299.90686,-1.716700000000003
2024-06-20 16:00:00,17906.064,17336.402,569.6620000000003,153.42757,152.81212,0.6154500000000098,26.765825,27.440737,-0.6749119999999991,295.7203,296.8338,-1.1134999999999877
2024-06-20 17:00:00,21885.191,21552.135,333.0560000000005,174.08667,172.98329,1.1033799999999871,26.027927,26.678198,-0.650271,291.9019,292.63318,-0.7312799999999697
2024-06-20 18:00:00,23590.53,23744.846,-154.31600000000253,182.92885,182.81624,0.11261000000001786,25.483952,25.987574,-0.503622,287.08853,288.02695,-0.9384200000000078
2024-06-20 19:00:00,20179.852,20472.488,-292.63600000000224,165.30457,169.52753,-4.2229600000000005,24.984793,25.43363,-0.44883700000000104,282.14825,283.44458,-1.296329999999955
2024-06-20 20:00:00,15916.502,16031.152,-114.64999999999964,143.21085,148.40599,-5.195140000000009,24.668127,24.992224,-0.32409700000000186,277.29614,279.47757,-2.1814300000000344
2024-06-20 21:00:00,12505.822,12548.666,-42.84399999999914,125.4684,128.98979,-3.5213899999999967,24.495659,24.578716,-0.08305700000000016,274.963,276.26205,-1.2990499999999656
2024-06-20 22:00:00,9095.144,9543.834,-448.6900000000005,107.85693,112.81651,-4.959579999999988,24.196726,24.290083,-0.09335699999999747,273.09732,273.83817,-0.7408499999999663
2024-06-20 23:00:00,7674.028,7646.9453,27.08269999999993,100.513374,99.39022,1.1231539999999995,24.07961,23.988764,0.0908459999999991,271.90292,271.82745,0.07546999999999571
2024-06-21 00:00:00,4238.1455,5816.986,-1578.8405000000002,74.12422,91.69372,-17.569500000000005,23.978714,23.731693,0.24702100000000016,271.36514,270.86212,0.5030199999999923
2024-06-21 01:00:00,3467.5737,3425.8904,41.68329999999969,70.186615,73.85263,-3.6660150000000016,23.877874,23.650326,0.22754799999999875,270.9003,270.57108,0.3292200000000207
2024-06-21 02:00:00,2889.645,2668.6582,220.98680000000013,67.231544,67.652504,-0.4209599999999938,23.777874,23.66772,0.11015400000000142,270.68622,270.14645,0.5397699999999759
2024-06-21 03:00:00,2889.645,2540.0208,349.6242000000002,67.216675,65.52263,1.6940449999999885,23.667902,23.803957,-0.13605499999999893,270.77414,270.27365,0.5004900000000134
2024-06-21 04:00:00,3852.8599,3485.4578,367.4020999999998,71.98142,68.4052,3.5762200000000064,23.88474,23.989862,-0.10512199999999794,271.29663,270.56653,0.7300999999999931
2024-06-21 05:00:00,6164.5757,6032.2383,132.33740000000034,83.627396,80.75359,2.873806000000002,24.462166,24.421986,0.04017999999999944,272.21542,271.66452,0.5509000000000128
2024-06-21 06:00:00,9824.792,9751.078,73.71399999999994,102.16241,100.51517,1.6472399999999965,25.22236,25.121717,0.10064299999999804,273.4204,273.7505,-0.3301000000000158
2024-06-21 07:00:00,12329.151,12254.472,74.67900000000009,114.713,115.73841,-1.025410000000008,26.122414,25.863333,0.25908099999999834,275.40665,276.08038,-0.6737299999999777
2024-06-21 08:00:00,13292.366,12911.379,380.98699999999917,119.3151,116.92532,2.389780000000002,26.794765,26.675165,0.11960000000000193,277.9889,278.95184,-0.9629400000000032
2024-06-21 09:00:00,10788.008,10407.413,380.59499999999935,106.01043,105.969696,0.04073400000000049,27.545212,27.4475,0.0977119999999978,282.99164,283.655,-0.6633599999999547
2024-06-21 10:00:00,9054.22,8904.673,149.54699999999866,96.68031,96.42349,0.2568200000000047,28.211708,28.10744,0.10426800000000114,287.92197,288.52112,-0.5991500000000087
2024-06-21 11:00:00,8283.648,8196.3955,87.25249999999869,92.263214,91.739944,0.5232700000000108,28.750053,28.554117,0.19593599999999967,292.34836,292.57275,-0.22438999999997122
2024-06-21 12:00:00,7898.3623,7974.3843,-76.02199999999993,89.8897,90.10748,-0.21777999999999054,28.97781,28.794483,0.18332700000000202,296.12735,295.9298,0.19754999999997835
2024-06-21 13:00:00,8091.005,8114.8374,-23.832400000000234,90.53105,90.429054,0.10199599999999975,28.744926,28.859653,-0.11472700000000202,298.46448,298.66208,-0.19760000000002265
2024-06-21 14:00:00,8668.935,8660.825,8.109999999998763,93.199974,93.17572,0.02425399999999911,28.445374,28.680798,-0.2354239999999983,299.21753,300.16345,-0.945920000000001
2024-06-21 15:00:00,9824.792,9823.071,1.720999999999549,98.86736,99.49912,-0.6317599999999999,27.917393,28.295664,-0.378270999999998,298.28867,299.9136,-1.6249299999999494
2024-06-21 16:00:00,12136.509,11990.196,146.3130000000001,110.51195,111.26175,-0.7498000000000076,27.300001,27.696709,-0.39670799999999673,295.84317,297.72855,-1.8853799999999978
2024-06-21 17:00:00,14833.511,14582.241,251.27000000000044,124.22248,126.71287,-2.4903899999999908,26.51622,26.991451,-0.47523100000000085,292.11847,293.58612,-1.467649999999992
2024-06-21 18:00:00,15989.368,15997.456,-8.087999999999738,129.98686,135.01683,-5.029969999999992,25.920898,26.236366,-0.3154679999999992,287.26898,288.4443,-1.1753199999999993
2024-06-21 19:00:00,13677.653,13549.765,127.88800000000083,117.90685,122.79319,-4.88633999999999,25.438015,25.538372,-0.10035699999999892,282.21182,283.06787,-0.8560500000000388
2024-06-21 20:00:00,10788.008,11012.806,-224.79800000000068,102.877945,106.39188,-3.5139350000000036,24.895042,25.017054,-0.12201200000000156,277.2461,278.46176,-1.215660000000014
2024-06-21 21:00:00,8476.291,8503.587,-27.296000000000276,90.84493,92.24442,-1.3994900000000001,24.52392,24.551268,-0.027347999999999928,274.85764,274.7182,0.13943999999997914
2024-06-21 22:00:00,6164.5757,6244.171,-79.59529999999995,78.78713,82.58528,-3.7981499999999926,24.240137,24.206764,0.033373000000000985,270.67944,272.20267,-1.5232300000000123
2024-06-21 23:00:00,5201.3604,5107.139,94.22139999999945,73.67678,76.30936,-2.6325800000000044,24.166218,23.895643,0.2705750000000009,267.0208,269.85797,-2.8371700000000146
2024-06-22 00:00:00,5577.3857,5418.9424,158.4432999999999,87.01385,77.580635,9.433215000000004,23.84064,23.646496,0.19414400000000143,250.83789,254.6728,-3.834910000000008
2024-06-22 01:00:00,4563.315,4747.388,-184.07300000000032,81.73547,79.29825,2.4372200000000106,23.391088,23.594606,-0.20351799999999898,248.14899,248.42068,-0.27169000000000665
2024-06-22 02:00:00,3802.763,4118.7915,-316.02850000000035,77.70037,77.45129,0.2490800000000064,23.202927,23.442322,-0.2393950000000018,245.69029,246.5734,-0.8831099999999878
2024-06-22 03:00:00,3802.763,4020.3088,-217.54579999999987,77.57591,76.65032,0.9255899999999997,23.17405,23.394287,-0.22023699999999735,243.38977,245.5529,-2.1631299999999953
2024-06-22 04:00:00,5070.3506,5475.239,-404.8883999999998,83.98191,83.64525,0.33665999999999485,23.423601,23.452545,-0.028943999999999193,243.51602,244.89363,-1.3776100000000042
2024-06-22 05:00:00,8112.561,8902.1045,-789.5434999999998,99.578354,100.78902,-1.2106659999999891,23.663292,23.88451,-0.22121800000000036,244.0427,245.6859,-1.6432000000000073
2024-06-22 06:00:00,12929.394,13093.304,-163.90999999999985,124.34439,125.8103,-1.4659099999999938,23.950857,24.506912,-0.5560550000000006,244.86858,247.33292,-2.464339999999993
2024-06-22 07:00:00,16225.122,16442.02,-216.89800000000105,141.16316,145.50787,-4.344709999999992,24.582792,25.082363,-0.49957099999999954,246.37018,248.34224,-1.972059999999999
2024-06-22 08:00:00,17492.709,17528.926,-36.21700000000055,147.51338,148.11224,-0.598860000000002,25.241127,25.771233,-0.530106,248.43607,249.94002,-1.5039500000000032
2024-06-22 09:00:00,14196.982,14163.0625,33.91949999999997,130.24265,135.14539,-4.902739999999994,26.011354,26.486097,-0.47474300000000014,252.98807,254.06866,-1.0805900000000008
2024-06-22 10:00:00,11915.324,12026.141,-110.8169999999991,118.22451,122.36595,-4.141440000000003,26.835905,27.04065,-0.20474499999999907,257.6014,258.54434,-0.9429399999999646
2024-06-22 11:00:00,10901.254,10995.735,-94.48099999999977,112.84537,115.80566,-2.9602900000000005,27.393158,27.448074,-0.05491599999999863,261.84796,262.21512,-0.3671600000000126
2024-06-22 12:00:00,10394.219,10619.48,-225.26100000000042,110.18554,113.32019,-3.1346499999999935,27.639822,27.635958,0.0038640000000000896,265.48495,265.13046,0.3544899999999984
2024-06-22 13:00:00,10647.736,10704.874,-57.13799999999901,111.53388,113.46067,-1.926789999999997,27.523155,27.649012,-0.12585699999999989,267.83945,267.55438,0.2850700000000188
2024-06-22 14:00:00,11408.289,11356.665,51.623999999999796,115.5304,117.03973,-1.5093300000000056,27.289822,27.403643,-0.11382099999999795,268.6798,268.74014,-0.06033999999999651
2024-06-22 15:00:00,12929.394,12699.742,229.65200000000004,123.48389,124.65541,-1.171520000000001,26.939373,26.940273,-0.0009000000000014552,267.95242,268.1919,-0.23947999999995773
2024-06-22 16:00:00,15971.6045,15507.831,463.77349999999933,139.37274,139.29903,0.0737100000000055,26.33311,26.404118,-0.07100799999999907,265.78445,265.95868,-0.17423000000002276
2024-06-22 17:00:00,19520.85,19288.916,231.93399999999747,157.92589,157.3982,0.5276900000000069,25.53311,25.819548,-0.2864380000000004,262.3169,262.44888,-0.13197999999999865
2024-06-22 18:00:00,21041.955,21017.182,24.773000000001048,165.99995,165.22699,0.7729600000000119,24.883558,25.16587,-0.282312000000001,257.79605,257.9084,-0.11234999999999218
2024-06-22 19:00:00,17999.744,17860.268,139.47599999999875,150.40652,152.51039,-2.1038700000000006,24.250223,24.647303,-0.39708000000000254,253.00528,253.14912,-0.14384000000001151
2024-06-22 20:00:00,14196.982,14091.213,105.76900000000023,130.84956,133.29855,-2.448990000000009,23.783558,24.191668,-0.40811000000000064,248.26196,249.42119,-1.159230000000008
2024-06-22 21:00:00,11154.771,11120.064,34.707000000000335,115.20156,115.931526,-0.7299660000000046,23.449778,23.752146,-0.3023680000000013,246.00038,246.89249,-0.8921100000000024
2024-06-22 22:00:00,8112.561,8389.206,-276.64500000000044,99.53406,102.660225,-3.1261650000000003,23.149776,23.408075,-0.25829900000000094,244.17216,245.59174,-1.4195799999999963
2024-06-22 23:00:00,6844.9736,6840.5674,4.406200000000354,93.09387,92.30385,0.7900199999999984,22.958372,23.02784,-0.06946800000000053,242.97614,245.19635,-2.2202100000000087
2024-06-23 00:00:00,4372.5605,5800.31,-1427.7495000000008,80.70548,88.56077,-7.855290000000011,22.75882,22.812096,-0.05327600000000032,242.43794,243.1219,-0.6839600000000132
2024-06-23 01:00:00,3577.5498,3616.307,-38.75720000000001,76.75808,78.32125,-1.5631699999999995,22.642153,22.634571,0.0075819999999993115,242.06274,242.4419,-0.37916000000001304
2024-06-23 02:00:00,2981.2915,3064.6958,-83.40430000000015,73.87943,74.88051,-1.0010800000000017,22.642153,22.625618,0.016535000000001077,241.92583,242.43765,-0.5118200000000002
2024-06-23 03:00:00,2981.2915,2917.1199,64.17159999999967,74.198975,72.98927,1.2097049999999996,22.708372,22.759928,-0.05155599999999794,242.0386,243.0338,-0.9952000000000112
2024-06-23 04:00:00,3975.0552,3876.6187,98.4364999999998,79.81464,76.44259,3.3720500000000015,22.991705,22.985878,0.005827000000000027,242.52368,243.34987,-0.8261899999999969
2024-06-23 05:00:00,6360.0884,6415.794,-55.70560000000023,92.756805,90.17629,2.5805150000000054,23.442154,23.437939,0.0042149999999985255,243.33116,244.05461,-0.7234499999999855
2024-06-23 06:00:00,10136.391,10199.686,-63.29500000000007,113.02807,110.072945,2.9551249999999953,24.075933,24.106339,-0.030405999999999267,244.43765,245.78583,-1.3481800000000135
2024-06-23 07:00:00,12720.177,12574.161,146.01599999999962,126.99948,124.9055,2.093980000000002,24.846237,24.810608,0.03562900000000013,246.25212,247.41063,-1.1585100000000068
2024-06-23 08:00:00,13713.94,13319.821,394.1190000000006,132.63115,127.63829,4.992859999999993,25.720304,25.569208,0.151095999999999,248.60983,249.29785,-0.688020000000023
2024-06-23 09:00:00,11130.155,11073.492,56.663000000000466,119.335106,116.958145,2.3769609999999943,26.65319,26.424627,0.22856299999999763,253.36882,253.86757,-0.49875000000000114
2024-06-23 10:00:00,9341.38,9376.66,-35.280000000000655,110.152306,106.74712,3.4051860000000005,27.403189,27.157574,0.2456150000000008,258.04407,259.2497,-1.205630000000042
2024-06-23 11:00:00,8546.369,8510.625,35.7440000000006,106.189415,101.89952,4.289895000000001,27.853638,27.663437,0.19020100000000184,262.32974,263.48428,-1.1545399999999972
2024-06-23 12:00:00,8148.864,8201.566,-52.702000000001135,104.280716,100.47812,3.802595999999994,27.954086,27.892315,0.06177100000000024,265.91647,266.60886,-0.692389999999989
2024-06-23 13:00:00,8347.616,8323.555,24.060999999999694,105.454216,101.45983,3.9943860000000058,27.883781,27.8755,0.008281000000000205,268.13257,268.6215,-0.48893000000003894
2024-06-23 14:00:00,8943.875,8882.641,61.23400000000038,108.66454,104.97698,3.687560000000005,27.6,27.65076,-0.05075999999999681,268.8349,269.31808,-0.4831800000000044
2024-06-23 15:00:00,10136.391,9979.62,156.77099999999882,115.03452,111.533325,3.5011949999999956,27.199553,27.214485,-0.014931999999998169,268.01532,268.60886,-0.5935400000000186
2024-06-23 16:00:00,12521.424,12119.728,401.69600000000173,127.772026,123.674995,4.097031000000001,26.570528,26.618464,-0.04793599999999998,265.81616,266.37292,-0.556759999999997
2024-06-23 17:00:00,15303.964,14970.294,333.6700000000001,142.61554,140.35011,2.265430000000009,25.85431,25.88487,-0.0305599999999977,262.3321,262.7038,-0.3716999999999757
2024-06-23 18:00:00,16496.48,16480.08,16.399999999997817,149.07768,149.1318,-0.054120000000011714,25.254757,25.152946,0.10181100000000143,257.85132,258.35104,-0.4997200000000248
2024-06-23 19:00:00,14111.446,13934.448,176.9979999999996,136.70496,137.72194,-1.0169799999999896,24.671423,24.605295,0.06612799999999908,253.07901,253.83487,-0.7558599999999842
2024-06-23 20:00:00,11130.155,11322.973,-192.8179999999993,121.259766,121.741,-0.4812340000000006,24.270977,24.1697,0.10127699999999962,248.34549,250.27165,-1.9261599999999817
2024-06-23 21:00:00,8745.121,8723.327,21.79399999999987,109.06915,107.48801,1.5811399999999907,23.770529,23.803038,-0.03250900000000101,246.04153,247.88565,-1.8441200000000038
2024-06-23 22:00:00,6360.0884,6447.0127,-86.92430000000058,96.86582,97.43987,-0.5740499999999997,23.35431,23.448036,-0.09372599999999665,246.30739,246.65407,-0.3466799999999921
2024-06-23 23:00:00,5366.3247,5311.452,54.872699999999895,91.9994,90.27181,1.7275899999999922,23.027704,23.067654,-0.03995000000000104,247.14943,246.30052,0.8489099999999894
2024-06-24 00:00:00,5884.6343,5536.6133,348.02099999999973,108.651764,90.4554,18.196364000000003,22.762135,23.1007,-0.3385649999999991,261.6814,259.97205,1.7093499999999722
2024-06-24 01:00:00,4814.701,4992.2305,-177.52949999999964,103.35406,96.42999,6.92407,22.57382,22.93044,-0.3566199999999995,263.50653,266.18878,-2.6822500000000105
2024-06-24 02:00:00,4012.2507,4362.8716,-350.62090000000035,99.26293,94.78651,4.47641999999999,22.529427,22.845837,-0.3164100000000012,265.56503,266.97946,-1.4144300000000385
2024-06-24 03:00:00,4012.2507,4209.1494,-196.8987000000002,99.19576,94.44114,4.754620000000003,22.794794,22.868626,-0.07383199999999945,267.94214,267.7204,0.22174000000001115
2024-06-24 04:00:00,5349.668,5697.6055,-347.9375,106.06795,102.15573,3.9122199999999907,22.91191,23.08591,-0.1739999999999995,268.45218,268.74017,-0.2879899999999793
2024-06-24 05:00:00,8559.469,9374.8,-815.3310000000001,122.57455,121.399376,1.1751739999999984,23.328577,23.535559,-0.206982,269.4513,270.11966,-0.668360000000007
2024-06-24 06:00:00,13641.653,13986.848,-345.1949999999997,148.76277,146.0529,2.709869999999995,23.862112,24.095037,-0.2329250000000016,270.83737,271.57605,-0.738679999999988
2024-06-24 07:00:00,17118.938,17324.02,-205.08200000000215,166.60857,164.91916,1.689409999999981,24.861664,24.609701,0.25196299999999994,272.83658,272.72513,0.11145000000004757
2024-06-24 08:00:00,18456.355,18591.934,-135.57900000000154,173.40765,168.63011,4.777539999999988,25.81622,25.390919,0.42530100000000104,275.46063,275.1682,0.29242999999996755
2024-06-24 09:00:00,14979.07,14923.847,55.222999999999956,155.31651,154.02742,1.2890899999999874,26.533312,26.348183,0.18512899999999988,280.45453,280.35468,0.09985000000000355
2024-06-24 10:00:00,12571.72,12593.995,-22.275000000001455,142.8711,140.75957,2.111530000000016,27.217093,27.096401,0.12069199999999825,285.45554,285.8258,-0.37026000000003023
2024-06-24 11:00:00,11501.786,11503.783,-1.9969999999993888,137.45755,134.80606,2.6514899999999955,27.517092,27.585964,-0.06887199999999893,289.96323,290.29608,-0.33285000000000764
2024-06-24 12:00:00,10966.818,11089.646,-122.82800000000134,134.93242,132.97389,1.958529999999996,27.800224,27.764774,0.03545000000000087,293.71686,293.67688,0.039980000000014115
2024-06-24 13:00:00,11234.303,11225.0205,9.282499999999345,136.6116,133.69733,2.914270000000016,27.749777,27.807798,-0.05802099999999655,296.01285,296.21964,-0.20679000000001224
2024-06-24 14:00:00,12036.753,12020.745,16.00799999999981,141.15651,137.81816,3.3383499999999913,27.466444,27.594446,-0.12800200000000217,296.70392,297.261,-0.5570800000000418
2024-06-24 15:00:00,13641.653,13529.73,111.92300000000068,149.91911,145.91913,3.9999799999999937,26.800247,27.13674,-0.3364930000000008,295.87613,296.30984,-0.43371000000001914
2024-06-24 16:00:00,16851.455,16546.549,304.9060000000027,167.01689,160.776,6.240889999999979,26.100695,26.460587,-0.35989199999999855,293.52744,293.493,0.03444000000001779
2024-06-24 17:00:00,20596.223,20673.031,-76.80799999999726,186.89644,181.15456,5.741880000000009,25.467361,25.690956,-0.22359499999999954,289.80502,289.33704,0.4679800000000114
2024-06-24 18:00:00,22201.123,22506.916,-305.7930000000015,195.63452,190.85269,4.781830000000014,24.916668,24.991253,-0.07458499999999901,284.9282,284.64084,0.2873599999999783
2024-06-24 19:00:00,18991.32,19015.42,-24.099999999998545,179.34045,176.43079,2.9096600000000024,24.399551,24.55066,-0.15110900000000171,279.83185,279.9309,-0.09905000000003383
2024-06-24 20:00:00,14979.07,15140.995,-161.9250000000011,158.86061,156.80675,2.0538600000000145,23.828173,24.19221,-0.3640369999999997,274.80136,276.05798,-1.256619999999998
2024-06-24 21:00:00,11769.269,11850.681,-81.41200000000026,142.51967,139.21175,3.3079199999999958,23.327703,23.800762,-0.47305899999999923,272.2201,273.2509,-1.0307999999999993
2024-06-24 22:00:00,8559.469,9003.943,-444.47400000000016,126.09798,124.85471,1.2432700000000096,22.938269,23.48016,-0.5418910000000032,270.07297,271.26224,-1.1892700000000218
2024-06-24 23:00:00,7222.0513,7284.89,-62.838700000000244,119.31522,113.25175,6.063469999999995,22.704935,23.15085,-0.4459149999999994,268.51062,269.56808,-1.0574599999999919
2024-06-25 00:00:00,5256.884,5659.265,-402.3810000000003,97.863655,105.094025,-7.230370000000008,22.438963,22.831078,-0.39211500000000044,267.676,269.5903,-1.9143000000000256
2024-06-25 01:00:00,4301.0864,4079.449,221.63740000000007,92.95342,95.23338,-2.2799600000000027,22.111956,22.657528,-0.545572,267.03793,268.94788,-1.9099499999999807
2024-06-25 02:00:00,3584.2388,3564.3918,19.847000000000207,89.168,90.860634,-1.6926339999999982,21.995737,22.4342,-0.43846300000000227,266.66504,268.20538,-1.5403400000000147
2024-06-25 03:00:00,3584.2388,3416.1301,168.10870000000023,88.97077,88.71377,0.257000000000005,21.945736,22.373625,-0.4278890000000004,266.59485,267.84363,-1.2487800000000107
2024-06-25 04:00:00,4778.985,4520.5664,258.41859999999997,94.83864,92.36377,2.4748699999999957,22.136066,22.451454,-0.31538799999999867,267.0281,267.59512,-0.5670200000000136
2024-06-25 05:00:00,7646.3765,7706.8022,-60.42569999999978,109.32696,108.550446,0.7765140000000059,22.602734,22.859194,-0.256459999999997,268.00195,268.6267,-0.6247500000000059
2024-06-25 06:00:00,12186.412,12109.126,77.28600000000006,132.40805,130.58789,1.8201600000000155,23.417809,23.478634,-0.06082500000000124,269.34042,270.48297,-1.1425500000000284
2024-06-25 07:00:00,15292.753,15258.659,34.09400000000096,148.03937,148.08926,-0.049890000000004875,24.451143,24.181412,0.2697309999999966,271.4751,272.38672,-0.9116200000000276
2024-06-25 08:00:00,16487.5,16526.41,-38.909999999999854,153.85503,152.78459,1.0704399999999907,25.28874,24.972113,0.31662700000000044,274.2641,274.90582,-0.6417200000000207
2024-06-25 09:00:00,13381.158,13391.811,-10.653000000000247,137.49864,138.91904,-1.4204000000000008,26.155407,25.894192,0.261215,279.4872,279.86923,-0.38203000000004295
2024-06-25 10:00:00,11230.615,11188.457,42.15799999999945,126.09884,126.15315,-0.05431000000000097,26.965076,26.67306,0.2920160000000003,284.56674,285.41052,-0.8437800000000379
2024-06-25 11:00:00,10274.818,10246.836,27.98199999999997,120.841866,120.66946,0.17240599999999517,27.452002,27.21649,0.23551199999999994,289.14288,289.917,-0.7741199999999822
2024-06-25 12:00:00,9796.92,9930.0205,-133.10050000000047,118.05404,119.14762,-1.0935800000000029,27.584888,27.470812,0.11407600000000073,292.97903,293.343,-0.3639699999999948
2024-06-25 13:00:00,10035.869,10079.644,-43.774999999999636,119.03542,119.910126,-0.8747060000000033,27.510553,27.485378,0.025175000000000836,295.35983,295.73965,-0.37981999999999516
2024-06-25 14:00:00,10752.716,10765.78,-13.064000000000306,122.52383,123.5068,-0.9829699999999946,27.160553,27.266558,-0.10600499999999968,296.0811,296.65692,-0.5758200000000215
2024-06-25 15:00:00,12186.412,12128.906,57.5059999999994,129.75232,130.66719,-0.9148700000000076,26.679482,26.782772,-0.10329000000000121,295.20374,295.638,-0.43425999999999476
2024-06-25 16:00:00,15053.804,14790.28,263.52399999999943,144.41206,144.07587,0.3361899999999878,25.97948,26.14595,-0.16647000000000034,292.91174,292.9088,0.0029400000000237014
2024-06-25 17:00:00,18399.094,18063.65,335.4439999999995,161.52164,160.57791,0.943729999999988,25.345701,25.481102,-0.13540100000000166,289.2348,289.0696,0.1652000000000271
2024-06-25 18:00:00,19832.79,19738.254,94.53600000000006,168.73343,169.61646,-0.8830299999999909,24.926098,24.889492,0.03660599999999903,284.47263,284.75937,-0.2867400000000089
2024-06-25 19:00:00,16965.398,16842.027,123.37100000000282,153.76317,156.50136,-2.738190000000003,24.341885,24.337389,0.004495999999999611,279.47083,279.82178,-0.35095000000001164
2024-06-25 20:00:00,13381.158,13453.583,-72.42500000000109,135.07771,137.63737,-2.559660000000008,23.85563,23.853628,0.0020020000000009475,274.5573,275.65997,-1.1026699999999892
2024-06-25 21:00:00,10513.768,10735.806,-222.03800000000047,120.049225,121.22046,-1.1712349999999958,23.470034,23.397373,0.07266099999999653,272.10367,272.27917,-0.17549999999999955
2024-06-25 22:00:00,7646.3765,8046.3745,-399.9979999999996,105.09775,108.32907,-3.2313199999999966,23.120035,23.078426,0.04160900000000112,270.05096,269.90176,0.1491999999999507
2024-06-25 23:00:00,6451.63,6449.645,1.9849999999996726,98.82726,98.574455,0.25280499999999506,22.90292,22.797739,0.10518100000000175,268.65045,268.04578,0.6046699999999987
2024-06-26 00:00:00,6638.8853,5664.332,974.5532999999996,95.147514,93.19051,1.9570039999999977,22.588291,22.586897,0.0013940000000012276,267.95615,268.02432,-0.06817000000000917
2024-06-26 01:00:00,5431.8154,5286.277,145.53840000000037,89.0419,91.26098,-2.2190800000000053,22.405407,22.542774,-0.13736700000000113,267.48035,267.75244,-0.2720899999999915
2024-06-26 02:00:00,4526.5127,4581.3857,-54.87299999999959,84.51623,88.09233,-3.576100000000011,22.339188,22.468851,-0.12966300000000075,267.2961,267.13788,0.15822000000002845
2024-06-26 03:00:00,4526.5127,4391.057,135.45570000000043,84.63286,86.320145,-1.6872850000000028,22.455854,22.495708,-0.03985400000000183,267.45032,266.7921,0.6582199999999716
2024-06-26 04:00:00,6035.3506,6178.027,-142.67640000000029,92.374664,93.616714,-1.242050000000006,22.739187,22.69288,0.04630700000000232,268.1057,267.42526,0.6804400000000328
2024-06-26 05:00:00,9656.561,10246.513,-589.9520000000011,110.838165,112.768906,-1.9307409999999976,23.272072,23.20459,0.06748200000000182,269.1637,269.19788,-0.034179999999992106
2024-06-26 06:00:00,15390.1455,15454.635,-64.48949999999968,140.03625,138.87805,1.1581999999999937,24.058342,23.894285,0.16405699999999968,270.54214,271.21155,-0.6694099999999708
2024-06-26 07:00:00,19313.123,19335.012,-21.888999999999214,159.96657,159.93922,0.02734999999998422,24.808788,24.599274,0.20951399999999865,272.55563,272.6834,-0.12776999999999816
2024-06-26 08:00:00,20821.96,20632.465,189.49499999999898,167.49007,164.61668,2.8733900000000006,25.56126,25.391424,0.1698360000000001,275.17935,275.2236,-0.04424999999997681
2024-06-26 09:00:00,16898.982,16557.406,341.57600000000093,147.19342,149.22037,-2.0269499999999994,26.21126,26.267239,-0.05597900000000067,280.22714,280.27313,-0.04598999999996067
2024-06-26 10:00:00,14183.074,13892.573,290.5010000000002,132.95102,134.02208,-1.0710599999999886,27.052025,26.931042,0.12098299999999895,285.09372,285.71112,-0.6173999999999751
2024-06-26 11:00:00,12976.003,12645.6455,330.3575000000001,126.45928,126.98939,-0.5301099999999934,27.63491,27.432056,0.2028540000000021,289.50467,290.12262,-0.6179500000000075
2024-06-26 12:00:00,12372.469,12194.642,177.82699999999932,123.148445,124.76049,-1.612045000000009,27.705406,27.686491,0.018914999999999793,293.24426,293.4418,-0.1975400000000036
2024-06-26 13:00:00,12674.235,12365.574,308.66100000000006,124.53272,125.5075,-0.9747799999999955,27.522522,27.73511,-0.21258800000000022,295.63635,296.01788,-0.3815299999999979
2024-06-26 14:00:00,13579.539,13298.522,281.0169999999998,129.16107,130.00793,-0.8468599999999924,27.270947,27.522928,-0.2519810000000007,296.40628,297.2259,-0.8196200000000431
2024-06-26 15:00:00,15390.1455,15031.605,358.540500000001,138.58334,138.69983,-0.11648999999999887,26.804277,27.057102,-0.2528250000000014,295.58957,296.50616,-0.916590000000042
2024-06-26 16:00:00,19011.354,18646.223,365.1309999999976,157.4096,155.91621,1.493390000000005,26.170498,26.412743,-0.2422450000000005,293.30948,294.01358,-0.7040999999999826
2024-06-26 17:00:00,23236.1,23360.531,-124.4310000000005,179.35712,178.25653,1.100590000000011,25.60203,25.725206,-0.12317600000000084,289.65356,290.1819,-0.5283399999999574
2024-06-26 18:00:00,25046.705,25527.795,-481.0899999999965,189.0284,188.9577,0.07070000000001642,24.952478,25.080648,-0.12817000000000078,284.80692,285.5593,-0.7523800000000165
2024-06-26 19:00:00,21425.496,21804.873,-379.3770000000004,170.99933,174.29965,-3.3003200000000277,24.302925,24.521183,-0.21825800000000228,279.71164,280.61844,-0.9068000000000325
2024-06-26 20:00:00,16898.982,17030.967,-131.98500000000058,148.31023,152.88792,-4.577690000000018,23.687834,24.023535,-0.33570100000000025,274.72604,276.4958,-1.7697599999999625
2024-06-26 21:00:00,13277.771,13273.83,3.941000000000713,130.21852,132.68271,-2.4641899999999737,23.337835,23.49936,-0.16152500000000103,272.10794,273.28168,-1.1737400000000093
2024-06-26 22:00:00,9656.561,10097.922,-441.3610000000008,112.06275,115.87687,-3.8141200000000026,23.17072,23.17304,-0.002320000000000988,269.93896,270.8421,-0.9031400000000076
2024-06-26 23:00:00,8147.723,8151.925,-4.2020000000002256,104.68594,102.20172,2.4842200000000076,22.82072,22.921244,-0.10052400000000006,268.47708,268.76852,-0.2914400000000228
2024-06-27 00:00:00,5168.072,6069.812,-901.7399999999998,82.77366,93.731,-10.957339999999988,22.571167,22.576073,-0.004906000000001853,267.81323,267.62906,0.18416999999999462
2024-06-27 01:00:00,4228.4224,4163.4893,64.9331000000002,78.079544,79.78526,-1.7057159999999953,22.438284,22.40915,0.029133999999999105,267.38834,267.0527,0.33564000000001215
2024-06-27 02:00:00,3523.6855,3500.199,23.486499999999978,74.551476,75.353806,-0.802330000000012,22.438284,22.375595,0.06268899999999888,267.1592,266.6476,0.5115999999999872
2024-06-27 03:00:00,3523.6855,3282.3713,241.31420000000026,74.62062,73.45907,1.1615500000000054,22.616667,22.510738,0.10592899999999972,267.3072,266.7701,0.5371000000000095
2024-06-27 04:00:00,4698.247,4474.6553,223.59169999999995,80.753654,77.84949,2.9041639999999944,22.822306,22.798418,0.023887999999999465,267.925,267.2886,0.6364000000000374
2024-06-27 05:00:00,7517.1953,7706.518,-189.3226999999997,95.346825,93.62806,1.7187649999999906,23.355183,23.314901,0.04028200000000126,268.9267,268.85013,0.0765700000000038
2024-06-27 06:00:00,11980.53,12086.768,-106.23799999999937,118.469025,116.4381,2.0309249999999963,24.038963,24.072481,-0.033518000000000825,270.23935,271.25827,-1.01891999999998
2024-06-27 07:00:00,15034.391,14980.125,54.26599999999962,134.18031,134.16998,0.010329999999981965,24.845276,24.803635,0.041640999999998485,272.23087,273.41837,-1.1875
2024-06-27 08:00:00,16208.954,16072.999,135.95499999999993,140.07973,137.86446,2.215270000000004,25.661942,25.543741,0.11820099999999911,274.90863,275.97397,-1.065339999999992
2024-06-27 09:00:00,13155.092,12936.246,218.84600000000137,123.92997,124.59131,-0.6613399999999956,26.456097,26.373873,0.08222400000000007,279.96677,280.8485,-0.8817300000000046
2024-06-27 10:00:00,11040.881,10936.331,104.54999999999927,112.654655,112.78965,-0.13499499999998932,27.366228,27.073757,0.29247099999999904,284.8996,286.13748,-1.2378799999999615
2024-06-27 11:00:00,10101.231,10029.748,71.48300000000017,107.5849,107.379486,0.20541400000000465,27.766684,27.625092,0.14159200000000283,289.39053,290.54794,-1.1574099999999703
2024-06-27 12:00:00,9631.407,9712.932,-81.52500000000146,105.0222,105.705345,-0.6831449999999961,27.817133,27.859764,-0.042631000000000085,293.1651,293.96826,-0.8031599999999912
2024-06-27 13:00:00,9866.318,9877.619,-11.301000000001295,106.19999,106.49875,-0.29876000000000147,27.678385,27.863358,-0.18497300000000294,295.5517,296.44473,-0.8930300000000102
2024-06-27 14:00:00,10571.057,10567.899,3.158000000001266,109.881546,110.277306,-0.39575999999999567,27.361502,27.640812,-0.27930999999999884,296.2308,297.46625,-1.2354500000000144
2024-06-27 15:00:00,11980.53,11915.525,65.00500000000102,117.26783,117.6453,-0.3774700000000024,26.983118,27.18492,-0.2018020000000007,295.29282,296.62793,-1.335109999999986
2024-06-27 16:00:00,14799.48,14598.31,201.17000000000007,132.03844,131.55186,0.48658000000000357,26.249338,26.590658,-0.3413199999999996,292.89542,294.02112,-1.1256999999999948
2024-06-27 17:00:00,18088.252,17956.314,131.93800000000192,149.25977,149.05986,0.1999100000000169,25.48311,25.891155,-0.4080450000000013,289.14667,289.90598,-0.7593100000000277
2024-06-27 18:00:00,19497.727,19602.928,-105.20100000000093,156.68347,158.4148,-1.731330000000014,24.860823,25.199917,-0.33909399999999934,284.32745,285.23312,-0.9056699999999864
2024-06-27 19:00:00,16678.78,16525.266,153.5139999999992,142.06868,144.84813,-2.779449999999997,24.29957,24.553404,-0.2538340000000012,279.26733,280.27734,-1.0100099999999657
2024-06-27 20:00:00,13155.092,13174.339,-19.24699999999939,123.71177,126.003174,-2.291404,23.899122,24.02455,-0.12542800000000298,274.29993,276.0022,-1.7022699999999986
2024-06-27 21:00:00,10336.144,10408.502,-72.35800000000017,108.97329,109.27864,-0.30534999999999,23.615341,23.576618,0.03872300000000095,271.83212,272.45648,-0.6243600000000242
2024-06-27 22:00:00,7517.1953,7718.3057,-201.11039999999957,94.36485,96.84125,-2.476399999999998,23.238739,23.293425,-0.054686000000000234,269.83926,270.01758,-0.17831999999998516
2024-06-27 23:00:00,6342.6333,6249.5522,93.08110000000033,88.30787,88.246826,0.061043999999995435,22.989187,22.999134,-0.009947000000000372,268.51804,268.1268,0.39123999999998205
2024-06-28 00:00:00,4656.044,5629.752,-973.7080000000005,81.17364,84.7266,-3.552959999999999,22.755856,22.742363,0.013493000000000421,267.92496,267.4763,0.44866000000001804
2024-06-28 01:00:00,3809.4905,3838.3604,-28.869900000000143,76.8212,77.86123,-1.0400300000000016,22.639187,22.66694,-0.027753000000000583,267.48407,267.26538,0.21868999999998096
2024-06-28 02:00:00,3174.5757,3220.3596,-45.7838999999999,73.50981,75.29819,-1.7883800000000036,22.705406,22.660973,0.0444330000000015,267.29306,266.89343,0.39963000000000193
2024-06-28 03:00:00,3174.5757,3080.5337,94.04199999999992,73.46144,73.98681,-0.5253700000000094,22.745033,22.812263,-0.06723000000000212,267.36743,266.96042,0.40701000000001386
2024-06-28 04:00:00,4232.7676,4156.912,75.85559999999987,78.766785,77.49767,1.2691149999999993,22.912148,23.043858,-0.13171000000000177,267.8218,267.39703,0.42477000000002363
2024-06-28 05:00:00,6772.428,7063.558,-291.1300000000001,91.71896,90.90464,0.814319999999995,23.262596,23.49461,-0.23201400000000305,268.6549,268.7899,-0.1349999999999909
2024-06-28 06:00:00,10793.558,10979.69,-186.1319999999996,112.29707,111.63603,0.6610399999999998,23.795929,24.155226,-0.359296999999998,269.72443,271.16888,-1.4444500000000176
2024-06-28 07:00:00,13544.856,13538.849,6.006999999999607,126.231186,128.19215,-1.9609640000000041,24.612595,24.820349,-0.20775400000000133,271.5223,273.3332,-1.8109000000000037
2024-06-28 08:00:00,14603.048,14352.154,250.89400000000023,131.36693,130.5644,0.8025299999999902,25.29704,25.522823,-0.22578299999999984,273.91818,275.81555,-1.8973699999999667
2024-06-28 09:00:00,11851.749,11703.262,148.48699999999917,116.72886,119.08787,-2.359009999999998,26.056519,26.253387,-0.1968679999999985,278.78018,280.41174,-1.6315600000000359
2024-06-28 10:00:00,9947.003,9943.461,3.5420000000012806,106.5062,108.2875,-1.7812999999999874,26.694145,26.882238,-0.18809300000000206,283.62637,285.35907,-1.7326999999999657
2024-06-28 11:00:00,9100.45,9065.721,34.72900000000118,101.76316,102.93908,-1.175920000000005,27.144594,27.298166,-0.15357199999999693,288.0261,289.33847,-1.3123699999999872
2024-06-28 12:00:00,8677.173,8757.853,-80.67999999999847,99.26786,101.09171,-1.8238500000000073,27.327927,27.499126,-0.17119900000000143,291.8052,292.43903,-0.633829999999989
2024-06-28 13:00:00,8888.8125,8872.354,16.45850000000064,100.060295,101.53927,-1.4789750000000055,27.198217,27.526897,-0.3286800000000021,294.18237,294.78992,-0.6075500000000034
2024-06-28 14:00:00,9523.728,9462.854,60.873999999999796,103.07075,104.699585,-1.6288349999999951,27.012878,27.332603,-0.31972499999999826,294.99887,295.88135,-0.8824799999999868
2024-06-28 15:00:00,10793.558,10669.545,124.01300000000083,109.44054,111.23084,-1.790300000000002,26.594372,26.94344,-0.34906799999999905,294.1863,295.31854,-1.1322399999999675
2024-06-28 16:00:00,13333.218,13034.622,298.59600000000137,122.45355,123.7518,-1.298249999999996,25.99097,26.362398,-0.3714279999999981,291.87952,293.03912,-1.1596000000000117
2024-06-28 17:00:00,16296.156,16110.935,185.22100000000137,137.73059,140.2877,-2.5571099999999944,25.255854,25.681776,-0.4259219999999999,288.28763,288.99207,-0.7044400000000337
2024-06-28 18:00:00,17565.986,17488.334,77.65200000000186,144.2259,147.30977,-3.0838699999999903,24.672522,24.95507,-0.28254799999999847,283.619,284.0,-0.3809999999999718
2024-06-28 19:00:00,15026.326,14741.837,284.4889999999996,130.99123,134.24701,-3.2557799999999872,24.272074,24.33408,-0.06200600000000023,278.70377,279.02283,-0.319059999999979
2024-06-28 20:00:00,11851.749,11946.846,-95.09699999999975,114.48969,116.99577,-2.506079999999997,23.957415,23.84065,0.1167650000000009,273.82202,274.5946,-0.7725800000000049
2024-06-28 21:00:00,9312.088,9221.294,90.79399999999987,101.32446,101.81239,-0.48792999999999154,23.591196,23.446259,0.14493699999999876,271.42117,271.003,0.4181700000000319
2024-06-28 22:00:00,6772.428,6808.6064,-36.17839999999978,88.16505,91.19913,-3.034080000000003,23.174974,23.162313,0.012660999999997813,267.29425,268.52765,-1.2334000000000174
2024-06-28 23:00:00,5714.2363,5610.366,103.87029999999959,82.68596,83.88152,-1.1955600000000004,22.894321,22.86007,0.03425100000000114,263.75235,266.08517,-2.3328200000000265
2024-06-29 00:00:00,6458.3394,5502.768,955.5713999999998,85.994705,82.63075,3.36395499999999,22.660988,22.533455,0.12753299999999967,247.79247,250.87532,-3.082849999999979
2024-06-29 01:00:00,5284.096,5138.239,145.85699999999997,80.050095,81.06131,-1.011215000000007,22.493874,22.462576,0.03129800000000316,245.13469,244.5383,0.5963900000000137
2024-06-29 02:00:00,4403.413,4537.6475,-134.23450000000048,75.58519,78.21098,-2.625790000000009,22.38554,22.417688,-0.0321479999999994,242.73177,242.8465,-0.11472999999998024
2024-06-29 03:00:00,4403.413,4353.6943,49.718699999999444,75.60571,76.61024,-1.0045300000000026,22.260788,22.44346,-0.18267200000000017,240.63934,241.95062,-1.3112799999999822
2024-06-29 04:00:00,5871.218,6019.8037,-148.58570000000054,83.03434,84.05234,-1.0180000000000007,22.430407,22.501556,-0.0711490000000019,241.0227,241.14832,-0.12562000000002627
2024-06-29 05:00:00,9393.948,10068.714,-674.7659999999996,100.83328,104.43232,-3.5990400000000022,22.894394,22.952406,-0.05801200000000151,241.8087,242.21284,-0.4041400000000124
2024-06-29 06:00:00,14971.605,15019.278,-47.673000000000684,128.99086,131.59677,-2.6059099999999944,23.502304,23.693325,-0.19102100000000277,242.92065,244.38916,-1.468510000000009
2024-06-29 07:00:00,18787.898,18920.562,-132.66400000000067,148.11725,152.3856,-4.268349999999998,24.38519,24.376053,0.009137000000002615,244.74348,245.66904,-0.9255599999999902
2024-06-29 08:00:00,20255.703,20304.86,-49.15699999999924,155.33363,156.18938,-0.8557500000000005,25.193523,25.12508,0.06844299999999848,247.12744,247.3313,-0.20385999999999171
2024-06-29 09:00:00,16439.41,16181.012,258.39799999999923,135.71063,140.93872,-5.22808999999998,26.002504,25.95762,0.0448839999999997,251.88353,251.4556,0.4279300000000035
2024-06-29 10:00:00,13797.362,13516.9795,280.3824999999997,122.05605,125.848076,-3.792026000000007,26.760838,26.621298,0.13954000000000022,256.6165,256.198,0.41849999999999454
2024-06-29 11:00:00,12623.118,12345.19,277.9279999999999,115.9058,118.63455,-2.728750000000005,27.227503,27.064842,0.16266099999999994,260.9287,260.048,0.8806999999999903
2024-06-29 12:00:00,12035.996,11945.268,90.72799999999916,112.79009,116.08721,-3.2971199999999925,27.577057,27.239439,0.3376179999999991,264.59335,263.0659,1.5274499999999875
2024-06-29 13:00:00,12329.557,12101.434,228.1230000000014,114.21082,116.57386,-2.363039999999998,27.576607,27.304316,0.2722909999999992,266.94476,265.70627,1.2384899999999561
2024-06-29 14:00:00,13210.24,12927.623,282.6170000000002,118.67239,120.71928,-2.0468900000000048,27.380407,27.148806,0.23160100000000128,267.81802,267.3665,0.45152000000001635
2024-06-29 15:00:00,14971.605,14536.359,435.2459999999992,127.63764,129.19296,-1.5553199999999947,26.947521,26.758556,0.1889649999999996,267.2127,267.32886,-0.11616000000003623
2024-06-29 16:00:00,18494.336,18089.94,404.39600000000064,145.59988,146.35405,-0.7541699999999878,26.355856,26.240284,0.11557200000000023,265.18234,265.4459,-0.26355999999998403
2024-06-29 17:00:00,22604.19,22799.807,-195.617000000002,166.56256,167.87614,-1.3135800000000017,25.705854,25.647688,0.05816599999999994,261.83652,261.9981,-0.16158000000001493
2024-06-29 18:00:00,24365.555,24855.266,-489.71099999999933,175.6142,176.7478,-1.1336000000000013,25.18874,24.989958,0.1987819999999978,257.3466,257.1638,0.18280000000004293
2024-06-29 19:00:00,20842.824,21095.754,-252.9300000000003,157.80309,162.80838,-5.005290000000002,24.635525,24.529024,0.10650100000000151,252.56274,252.03043,0.5323099999999954
2024-06-29 20:00:00,16439.41,16481.477,-42.0669999999991,135.55199,141.84364,-6.291650000000004,23.952639,24.147177,-0.19453799999999788,247.77823,248.02982,-0.2515899999999931
2024-06-29 21:00:00,12916.679,12886.409,30.270000000000437,117.756165,122.06099,-4.304825000000008,23.476543,23.667307,-0.1907640000000015,245.39194,245.31108,0.08086000000000126
2024-06-29 22:00:00,9393.948,9872.821,-478.8729999999996,99.91733,106.13618,-6.218849999999989,23.076544,23.294743,-0.21819900000000203,243.42235,243.88684,-0.46449000000001206
2024-06-29 23:00:00,7926.1436,7997.4927,-71.34909999999945,92.546455,92.79434,-0.2478850000000108,22.805407,22.86945,-0.06404300000000163,242.08109,243.68599,-1.6049000000000149
2024-06-30 00:00:00,6663.2397,5937.3447,725.8950000000004,96.78496,86.101074,10.683886000000001,22.638292,22.55947,0.07882199999999884,241.51215,241.0457,0.4664499999999805
2024-06-30 01:00:00,5451.7417,5424.4946,27.24709999999959,90.80981,84.85344,5.956369999999993,22.589674,22.42833,0.1613439999999997,241.1304,240.62845,0.5019500000000221
2024-06-30 02:00:00,4543.1177,4916.799,-373.6813000000002,86.36328,84.803635,1.5596450000000033,22.723457,22.451935,0.27152200000000093,240.99944,240.53412,0.4653199999999913
2024-06-30 03:00:00,4543.1177,4927.7065,-384.58880000000045,86.594055,85.66452,0.9295350000000013,22.717115,22.603683,0.11343199999999953,241.19202,240.79297,0.3990500000000168
2024-06-30 04:00:00,6057.4907,6365.0405,-307.5497999999998,94.55201,93.25471,1.2972999999999928,22.900448,22.84445,0.055998000000002435,241.8017,241.16444,0.6372599999999977
2024-06-30 05:00:00,9691.985,10307.166,-615.1809999999987,113.21235,113.43792,-0.2255700000000047,23.433332,23.362045,0.07128700000000165,242.70853,242.2332,0.4753299999999854
2024-06-30 06:00:00,15446.603,15455.867,-9.264000000001033,142.58864,138.91127,3.6773699999999963,24.199553,24.060997,0.13855600000000123,243.80363,244.08975,-0.28612000000001103
2024-06-30 07:00:00,19383.973,19392.99,-9.016999999999825,162.75299,159.37589,3.377100000000013,24.86573,24.732466,0.1332640000000005,245.54736,245.5495,-0.002139999999997144
2024-06-30 08:00:00,20898.344,20994.822,-96.47799999999916,170.7014,166.04214,4.6592600000000175,25.466179,25.464128,0.0020510000000015793,247.83214,247.42952,0.4026200000000131
2024-06-30 09:00:00,16960.975,16761.875,199.09999999999854,150.87982,150.87311,0.006709999999998217,26.189188,26.309288,-0.12009999999999721,252.49258,251.75105,0.7415300000000116
2024-06-30 10:00:00,14235.104,13899.687,335.41699999999946,137.09518,135.51465,1.5805300000000102,26.889189,26.951069,-0.061880000000002156,256.9853,256.96713,0.0181699999999978
2024-06-30 11:00:00,13023.605,12655.106,368.4989999999998,130.93245,128.40741,2.52503999999999,27.422073,27.362852,0.059221000000000856,261.0642,261.08917,-0.024969999999996162
2024-06-30 12:00:00,12417.856,12201.252,216.60399999999936,127.816895,126.021935,1.7949600000000032,27.499289,27.522394,-0.02310499999999749,264.48785,264.1047,0.38315000000000055
2024-06-30 13:00:00,12720.73,12375.823,344.90699999999924,129.27275,127.04846,2.2242899999999963,27.316402,27.470343,-0.15394099999999966,266.61337,266.13385,0.4795199999999795
2024-06-30 14:00:00,13629.3545,13259.484,369.8704999999991,133.73228,131.69377,2.0385100000000023,26.927927,27.181522,-0.2535950000000007,267.2847,266.95343,0.3312699999999609
2024-06-30 15:00:00,15446.603,14925.064,521.5389999999989,142.82443,140.55792,2.266510000000011,26.461262,26.639687,-0.17842499999999717,266.46008,266.35315,0.1069299999999771
2024-06-30 16:00:00,19081.098,18743.537,337.5610000000015,161.19072,158.30492,2.885799999999989,25.877928,25.969826,-0.09189800000000048,264.298,264.24695,0.05104999999997517
2024-06-30 17:00:00,23321.34,23558.08,-236.7400000000016,182.62895,180.00294,2.626010000000008,25.244146,25.2881,-0.04395399999999938,260.87912,260.8583,0.020820000000014716
2024-06-30 18:00:00,25138.588,25723.516,-584.9279999999999,191.7902,190.35883,1.431369999999987,24.710814,24.65736,0.05345399999999856,256.4529,256.4964,-0.04349999999999454
2024-06-30 19:00:00,21504.094,21745.652,-241.55799999999726,173.31943,175.28502,-1.9655899999999917,24.16126,24.166618,-0.005358000000001084,251.73987,251.23897,0.5009000000000015
2024-06-30 20:00:00,16960.975,16900.393,60.581999999998516,150.32878,153.94724,-3.618459999999999,23.700632,23.786932,-0.08630000000000138,247.0564,247.28806,-0.23166000000000508
2024-06-30 21:00:00,13326.4795,13210.663,115.816499999999,132.03606,134.04153,-2.0054700000000025,23.233965,23.41172,-0.17775499999999766,244.78342,244.86171,-0.07828999999998132
2024-06-30 22:00:00,9691.985,10064.886,-372.90099999999984,113.1713,117.67531,-4.504009999999994,22.95,23.100822,-0.15082200000000157,245.01184,243.72217,1.289670000000001
2024-06-30 23:00:00,8177.6123,8115.112,62.5002999999997,105.16474,103.587746,1.5769939999999991,22.732885,22.783318,-0.050433000000001726,245.76569,244.00787,1.7578200000000095
2024-07-01 00:00:00,7094.8174,5941.861,1152.9564,103.81267,94.792206,9.020464000000004,22.461445,22.709341,-0.24789599999999723,260.1288,257.3414,2.787399999999991
2024-07-01 01:00:00,5804.8506,5643.2646,161.58599999999933,97.15908,93.67835,3.4807300000000083,22.111893,22.46096,-0.34906700000000157,261.8085,262.56476,-0.7562599999999975
2024-07-01 02:00:00,4837.375,4994.1943,-156.8193000000001,92.10842,92.21116,-0.10274000000001138,21.939188,22.282997,-0.34380900000000025,263.76465,263.3923,0.3723500000000399
2024-07-01 03:00:00,4837.375,4931.9976,-94.6225999999997,91.956276,92.49277,-0.5364939999999905,22.055855,22.247204,-0.19134899999999888,266.0195,264.28583,1.7336700000000178
2024-07-01 04:00:00,6449.834,6478.538,-28.703999999999724,100.62647,100.24337,0.3830999999999989,22.355406,22.44826,-0.09285400000000266,266.47937,265.57608,0.9032900000000268
2024-07-01 05:00:00,10319.734,10777.128,-457.39400000000023,120.734406,121.58868,-0.8542739999999895,22.778334,22.997154,-0.21881999999999735,267.4287,267.33054,0.09816000000000713
2024-07-01 06:00:00,16447.078,16548.723,-101.64500000000044,152.27223,149.28381,2.988420000000019,23.34545,23.633657,-0.2882069999999999,268.7322,269.10168,-0.36948000000001
2024-07-01 07:00:00,20639.469,20839.303,-199.83399999999892,173.95853,171.13783,2.820699999999988,24.145897,24.199713,-0.053815999999997643,270.68777,270.53024,0.15753000000000839
2024-07-01 08:00:00,22251.928,22615.932,-364.0040000000008,182.56668,177.61513,4.9515499999999975,24.869497,24.897615,-0.0281179999999992,273.1992,272.9248,0.2744000000000142
2024-07-01 09:00:00,18059.535,18004.123,55.41200000000026,161.74326,160.34897,1.3942899999999838,25.569498,25.729385,-0.15988700000000122,278.11276,277.71384,0.3989199999999755
2024-07-01 10:00:00,15157.111,14947.403,209.70800000000054,147.39764,144.71568,2.6819600000000037,26.285717,26.365396,-0.07967899999999872,282.8626,282.942,-0.07940000000002101
2024-07-01 11:00:00,13867.143,13609.95,257.1929999999993,141.24232,138.04706,3.195260000000019,26.702385,26.797415,-0.09503000000000128,287.10422,287.33255,-0.22833000000002812
2024-07-01 12:00:00,13222.159,13124.362,97.79700000000048,138.39615,136.09256,2.303590000000014,26.623377,26.972515,-0.34913799999999995,290.67404,290.71634,-0.04230000000001155
2024-07-01 13:00:00,13544.651,13292.553,252.09799999999996,140.43575,137.18832,3.2474300000000085,26.372074,26.921906,-0.5498319999999985,292.87546,293.19952,-0.3240600000000313
2024-07-01 14:00:00,14512.128,14289.383,222.7450000000008,145.69258,142.04309,3.649489999999986,26.115139,26.629026,-0.5138870000000004,293.45212,294.20596,-0.7538400000000252
2024-07-01 15:00:00,16447.078,16147.489,299.58900000000176,155.82286,151.51068,4.312179999999984,25.648472,26.13229,-0.4838179999999994,292.471,293.25537,-0.784370000000024
2024-07-01 16:00:00,20316.977,20341.809,-24.832000000002154,175.7572,170.80063,4.956569999999999,24.86469,25.46466,-0.599969999999999,290.0876,290.5697,-0.48210000000000264
2024-07-01 17:00:00,24831.861,25271.174,-439.3129999999983,198.91081,193.85341,5.057400000000001,24.205631,24.780273,-0.5746420000000008,286.41556,286.9562,-0.5406399999999962
2024-07-01 18:00:00,26766.812,27221.057,-454.244999999999,202.06064,205.82219,-3.7615499999999997,23.585533,24.194387,-0.6088539999999973,281.63748,282.80075,-1.1632700000000114
2024-07-01 19:00:00,22896.91,23363.746,-466.83599999999933,189.5314,188.93933,0.5920699999999783,23.118866,23.590029,-0.47116300000000066,276.6307,277.53964,-0.9089400000000296
2024-07-01 20:00:00,18059.535,18211.416,-151.88100000000122,165.1597,166.37173,-1.212030000000027,22.727703,23.125599,-0.39789599999999936,271.80316,273.26123,-1.4580700000000206
2024-07-01 21:00:00,14189.636,14219.32,-29.683999999999287,145.62437,145.51653,0.10784000000001015,22.447577,22.68644,-0.23886300000000205,269.40726,270.22922,-0.82195999999999
2024-07-01 22:00:00,10319.734,10851.079,-531.3449999999993,126.307594,127.674126,-1.3665320000000065,22.349552,22.423695,-0.0741429999999994,267.49878,268.02277,-0.5239899999999693
2024-07-01 23:00:00,8707.275,8689.132,18.14300000000003,118.40613,112.97441,5.4317199999999985,22.1,22.259535,-0.1595349999999982,266.25916,266.30762,-0.0484599999999773
2024-07-02 00:00:00,5793.4688,6012.2417,-218.77289999999994,102.138756,102.282295,-0.14353900000000408,21.970098,21.987196,-0.017098000000000724,265.70892,265.92163,-0.2127100000000155
2024-07-02 01:00:00,4740.111,4698.665,41.44599999999991,96.885185,94.68616,2.199025000000006,21.90343,21.918633,-0.015202999999999633,265.36526,265.88538,-0.5201200000000199
2024-07-02 02:00:00,3950.092,4164.6763,-214.58429999999998,92.9236,92.46,0.46359999999999957,21.827929,21.857685,-0.029755999999999005,265.164,265.7421,-0.5781000000000063
2024-07-02 03:00:00,3950.092,3869.4834,80.60860000000002,92.901886,91.39188,1.5100060000000042,21.960812,21.897165,0.06364699999999957,265.1745,265.67242,-0.49791999999996506
2024-07-02 04:00:00,5266.7896,5064.8716,201.91799999999967,99.2956,96.75883,2.53676999999999,22.047016,22.10501,-0.05799400000000077,265.5027,265.90173,-0.399029999999982
2024-07-02 05:00:00,8426.863,8705.156,-278.2930000000015,115.103775,114.77726,0.32651500000000055,22.188963,22.552134,-0.3631709999999977,266.1269,267.08606,-0.9591599999999971
2024-07-02 06:00:00,13430.314,13558.491,-128.17699999999968,140.26591,138.36778,1.8981299999999806,22.555632,23.115232,-0.5595999999999997,267.0339,268.753,-1.719099999999969
2024-07-02 07:00:00,16853.727,16931.066,-77.33899999999994,157.13509,157.02602,0.10907000000000266,23.15563,23.661732,-0.506102000000002,268.5852,270.26907,-1.683870000000013
2024-07-02 08:00:00,18170.424,18189.236,-18.812000000001717,163.07072,162.38899,0.6817299999999875,23.796906,24.253809,-0.4569030000000005,270.76422,272.36462,-1.6003999999999792
2024-07-02 09:00:00,14747.012,14693.879,53.13299999999981,144.60095,147.42107,-2.8201199999999744,24.460812,24.981789,-0.5209769999999985,275.50705,276.71863,-1.2115800000000263
2024-07-02 10:00:00,12376.956,12290.052,86.90400000000045,131.50108,133.72961,-2.2285300000000063,25.141275,25.533867,-0.3925920000000005,280.29803,281.58792,-1.289890000000014
2024-07-02 11:00:00,11323.598,11200.888,122.70999999999913,125.23821,127.428116,-2.1899060000000077,25.707941,25.911825,-0.20388399999999862,284.716,285.72302,-1.0070200000000114
2024-07-02 12:00:00,10796.919,10810.379,-13.460000000000946,121.77149,125.24059,-3.4690999999999974,25.955854,26.110455,-0.1546010000000031,288.54523,289.01575,-0.4705200000000218
2024-07-02 13:00:00,11060.258,10953.357,106.90099999999984,122.448296,125.54512,-3.096823999999998,25.839188,26.123276,-0.28408800000000056,291.0734,291.43045,-0.3570500000000152
2024-07-02 14:00:00,11850.276,11694.298,155.97799999999916,125.85897,128.92165,-3.0626800000000003,25.722073,25.879356,-0.15728299999999962,292.07318,292.3928,-0.3196200000000431
2024-07-02 15:00:00,13430.314,13149.216,281.09799999999996,133.32735,136.18611,-2.858760000000018,25.455406,25.452837,0.0025690000000011537,291.4949,291.48752,0.007379999999955089
2024-07-02 16:00:00,16590.389,16239.097,351.29199999999946,149.12697,150.64774,-1.5207699999999988,24.942507,24.93062,0.011886999999997983,289.41782,288.98944,0.4283800000000042
2024-07-02 17:00:00,20277.14,19924.59,352.5499999999993,167.77867,168.015,-0.23632999999998106,24.409174,24.431532,-0.022358000000000544,286.0325,285.5311,0.5014000000000465
2024-07-02 18:00:00,21857.178,21622.25,234.92799999999988,175.6732,176.65446,-0.9812599999999918,23.86126,23.949867,-0.08860699999999966,281.5289,281.54932,-0.020420000000001437
2024-07-02 19:00:00,18697.104,18452.445,244.65899999999965,159.21158,163.18126,-3.969680000000011,23.444595,23.369959,0.07463599999999815,276.71277,276.8216,-0.10883000000001175
2024-07-02 20:00:00,14747.012,14575.379,171.6329999999998,138.78658,141.91177,-3.1251900000000035,23.110813,22.944864,0.16594900000000123,271.9268,272.8204,-0.8935999999999922
2024-07-02 21:00:00,11586.9375,11646.746,-59.808499999999185,122.53855,124.10185,-1.5632999999999981,22.745562,22.539888,0.20567399999999836,269.53055,269.56345,-0.03289999999998372
2024-07-02 22:00:00,8426.863,8798.502,-371.63900000000103,106.36644,110.02409,-3.657650000000004,22.441795,22.277702,0.1640929999999976,267.61578,267.19772,0.41805999999996857
2024-07-02 23:00:00,7110.1665,7049.5723,60.594200000000455,99.77451,99.04041,0.7341000000000122,22.15846,22.079025,0.07943500000000014,266.27103,265.35477,0.9162600000000225
2024-07-03 00:00:00,5355.275,5733.152,-377.8770000000004,93.26248,92.74841,0.5140699999999896,22.023935,21.881016,0.14291900000000268,265.58502,264.9082,0.6768199999999638
2024-07-03 01:00:00,4381.5884,4370.6016,10.986799999999675,88.61461,88.46342,0.1511899999999997,21.769497,21.848265,-0.07876800000000017,265.10318,264.56876,0.5344200000000114
2024-07-03 02:00:00,3651.324,3754.4636,-103.13959999999997,85.21574,85.96989,-0.7541500000000099,21.71905,21.776176,-0.05712600000000023,264.83588,264.2288,0.6070799999999963
2024-07-03 03:00:00,3651.324,3590.7922,60.5318000000002,85.57496,85.007225,0.567734999999999,21.800001,21.81326,-0.013258999999997911,264.8365,264.1704,0.6661000000000286
2024-07-03 04:00:00,4868.4316,4701.0376,167.39400000000023,92.1799,89.51599,2.6639100000000013,21.933334,21.982813,-0.049479000000001605,265.15118,264.40463,0.7465500000000134
2024-07-03 05:00:00,7789.4907,7904.2637,-114.77300000000014,107.44817,104.813614,2.6345560000000035,22.233334,22.381113,-0.14777899999999988,265.91055,265.60825,0.30230000000000246
2024-07-03 06:00:00,12414.5,12378.364,36.13600000000042,131.357,127.80206,3.554940000000002,22.667858,22.99107,-0.3232120000000016,266.97153,267.77136,-0.7998300000000427
2024-07-03 07:00:00,15578.982,15512.987,65.9950000000008,147.5231,146.3362,1.1869000000000085,23.500744,23.613232,-0.11248799999999903,268.7064,269.70554,-0.9991400000000112
2024-07-03 08:00:00,16796.09,16555.916,240.17399999999907,153.55806,150.371,3.1870600000000024,24.216963,24.300863,-0.08389999999999986,271.02533,272.07202,-1.0466900000000123
2024-07-03 09:00:00,13631.609,13527.534,104.07500000000073,136.90887,137.59592,-0.6870499999999993,24.900743,25.069485,-0.16874200000000172,275.80844,276.5179,-0.7094599999999787
2024-07-03 10:00:00,11440.814,11416.592,24.221999999999753,125.31803,125.58728,-0.26925000000001376,25.484077,25.683802,-0.19972500000000082,280.62265,281.35535,-0.7326999999999657
2024-07-03 11:00:00,10467.128,10417.8955,49.23250000000007,120.08422,119.89056,0.19366000000000838,25.900743,26.087784,-0.18704100000000068,285.0088,285.51038,-0.5015799999999899
2024-07-03 12:00:00,9980.285,10036.731,-56.44599999999991,117.4286,117.92847,-0.49987000000000137,26.134077,26.281435,-0.147357999999997,288.73856,288.87894,-0.1403799999999933
2024-07-03 13:00:00,10223.706,10167.765,55.94100000000071,118.616295,118.47203,0.1442649999999901,26.08363,26.304115,-0.22048500000000004,291.05988,291.38574,-0.3258599999999774
2024-07-03 14:00:00,10953.971,10850.797,103.17399999999907,122.396996,121.99274,0.4042560000000037,25.844147,26.092447,-0.2483000000000004,291.8395,292.41873,-0.5792299999999955
2024-07-03 15:00:00,12414.5,12234.919,179.58100000000013,130.04855,129.205,0.8435499999999934,25.294666,25.655193,-0.36052700000000115,291.06992,291.56125,-0.4913299999999481
2024-07-03 16:00:00,15335.562,14993.866,341.6959999999999,145.31258,143.3919,1.9206800000000044,24.661333,25.021736,-0.3604030000000016,288.79218,288.9382,-0.14602000000002135
2024-07-03 17:00:00,18743.463,18467.924,275.53900000000067,163.10786,161.43704,1.670819999999992,24.072521,24.370775,-0.298254,285.17725,285.09955,0.077699999999993
2024-07-03 18:00:00,20203.992,20129.225,74.76699999999983,170.81575,170.68861,0.12713999999999714,23.489187,23.775597,-0.28641000000000005,280.48553,280.84085,-0.3553200000000061
2024-07-03 19:00:00,17282.934,17128.72,154.21399999999994,155.82408,157.08125,-1.2571700000000021,23.03874,23.217247,-0.17850699999999975,275.5684,276.1374,-0.5690000000000168
2024-07-03 20:00:00,13631.609,13600.393,31.21600000000035,137.01892,137.49164,-0.47271999999998116,22.68874,22.759192,-0.07045199999999952,270.749,271.99432,-1.2453199999999924
2024-07-03 21:00:00,10710.55,10715.313,-4.7630000000008295,121.96857,120.54231,1.4262599999999992,22.289116,22.34255,-0.053433999999999315,268.36407,268.6758,-0.31172999999995454
2024-07-03 22:00:00,7789.4907,8019.552,-230.0612999999994,107.396645,107.78927,-0.39262499999999534,22.045124,22.069378,-0.02425399999999911,266.47113,266.41104,0.06009000000000242
2024-07-03 23:00:00,6572.383,6503.3535,69.02949999999964,101.66022,98.670525,2.9896949999999975,21.817268,21.856125,-0.03885700000000014,265.20453,264.5353,0.6692299999999705
2024-07-04 00:00:00,3658.0479,5575.188,-1917.1401,78.97965,93.63818,-14.658529999999999,21.733334,21.63784,0.09549399999999864,264.5967,264.24298,0.3537200000000098
2024-07-04 01:00:00,2992.9485,3000.2893,-7.340799999999945,76.00705,78.70008,-2.693029999999993,21.616219,21.563633,0.052586000000001576,264.23004,263.43506,0.7949799999999527
2024-07-04 02:00:00,2494.1238,2219.6562,274.46759999999995,73.92484,73.30554,0.6193000000000097,21.549553,21.579012,-0.029458999999999236,264.07065,263.1897,0.8809499999999844
2024-07-04 03:00:00,2494.1238,2115.1687,378.9550999999997,74.50848,71.67513,2.83335000000001,21.7,21.67589,0.024110000000000298,264.1387,263.45883,0.679869999999994
2024-07-04 04:00:00,3325.4983,3075.0615,250.4368000000004,79.00348,74.64367,4.359809999999996,21.893993,21.88915,0.004842999999997488,264.59818,263.77298,0.8251999999999953
2024-07-04 05:00:00,5320.797,5388.355,-67.55799999999999,89.63811,86.019455,3.618655000000004,22.193993,22.254751,-0.06075799999999987,265.45,264.8074,0.6426000000000158
2024-07-04 06:00:00,8480.0205,8577.289,-97.26850000000013,106.40679,103.54455,2.86224,22.893545,22.865685,0.02786000000000044,266.6143,266.86435,-0.25004999999998745
2024-07-04 07:00:00,10641.594,10924.924,-283.33000000000175,117.82952,116.83626,0.9932600000000065,23.766443,23.615677,0.1507659999999973,268.4372,269.41605,-0.9788499999999658
2024-07-04 08:00:00,11472.969,11512.255,-39.28600000000006,122.20972,118.32449,3.885230000000007,24.524776,24.384453,0.14032299999999864,270.8426,272.2834,-1.4407999999999674
2024-07-04 09:00:00,9311.395,9228.205,83.19000000000051,110.65876,108.444565,2.2141950000000037,25.19062,25.194773,-0.004153000000002294,275.77927,276.9878,-1.208529999999996
2024-07-04 10:00:00,7814.921,7721.7383,93.1827000000003,102.61993,100.17226,2.4476700000000022,25.77395,25.82832,-0.05437000000000225,280.63782,281.97433,-1.3365100000000325
2024-07-04 11:00:00,7149.821,7058.4873,91.33370000000014,99.0541,96.46812,2.5859800000000064,26.294752,26.236858,0.05789399999999745,285.04745,286.12637,-1.0789199999999823
2024-07-04 12:00:00,6817.2715,6838.1196,-20.84810000000016,97.32706,95.44425,1.8828100000000063,26.427639,26.454803,-0.027163999999999078,288.73846,289.47766,-0.7392000000000394
2024-07-04 13:00:00,6983.546,6939.2583,44.28769999999986,98.34255,96.13644,2.2061100000000096,26.31097,26.444996,-0.13402599999999865,291.01312,291.85828,-0.8451599999999644
2024-07-04 14:00:00,7482.371,7399.932,82.4390000000003,101.18004,99.10765,2.0723899999999986,25.932062,26.232002,-0.299940000000003,291.7332,292.88593,-1.1527299999999627
2024-07-04 15:00:00,8480.0205,8440.541,39.47950000000128,106.71772,105.1008,1.6169199999999933,25.417114,25.801514,-0.3843999999999994,290.85294,292.1902,-1.3372600000000148
2024-07-04 16:00:00,10475.319,10431.834,43.48499999999876,117.627716,115.97869,1.6490260000000063,24.83378,25.20035,-0.3665699999999994,288.53638,289.7672,-1.2308199999999943
2024-07-04 17:00:00,12803.168,12822.962,-19.79399999999987,130.2425,130.04474,0.1977600000000166,24.296314,24.568813,-0.2724989999999998,284.8989,285.98734,-1.0884399999999914
2024-07-04 18:00:00,13800.818,14036.964,-236.14600000000064,135.68712,137.24463,-1.5575100000000077,23.837532,23.976248,-0.13871599999999873,280.25217,281.46225,-1.210080000000005
2024-07-04 19:00:00,11805.519,12044.59,-239.0709999999999,125.14945,126.35982,-1.2103699999999975,23.32844,23.40949,-0.08105000000000118,275.4132,276.30414,-0.8909400000000005
2024-07-04 20:00:00,9311.395,9690.955,-379.5599999999995,111.87815,111.83322,0.04493000000000791,22.962221,22.896202,0.06601900000000072,270.69153,271.74268,-1.051150000000007
2024-07-04 21:00:00,7316.0957,7298.748,17.34770000000026,101.18646,99.56427,1.6221900000000034,22.6105,22.502562,0.1079379999999972,268.42477,268.26453,0.16024000000004435
2024-07-04 22:00:00,5320.797,5343.53,-22.733000000000175,90.406944,91.51827,-1.1113260000000054,22.377169,22.234356,0.1428130000000003,266.663,266.05402,0.6089800000000309
2024-07-04 23:00:00,4489.4224,4462.5366,26.885800000000017,85.757515,86.54579,-0.7882749999999987,22.180407,22.016792,0.16361500000000007,265.48526,264.26114,1.2241199999999708
2024-07-05 00:00:00,5086.8506,5242.425,-155.57440000000042,80.13705,86.65513,-6.518079999999998,22.071625,21.8835,0.18812499999999943,264.91702,264.1989,0.718119999999999
2024-07-05 01:00:00,4161.9683,4056.2566,105.71170000000029,75.10915,80.81273,-5.703580000000002,21.822073,21.900694,-0.07862100000000183,264.52173,263.48047,1.0412599999999657
2024-07-05 02:00:00,3468.3074,3373.786,94.52140000000009,71.29186,76.40204,-5.11018,21.658869,21.874353,-0.215484,264.33304,263.04688,1.2861599999999953
2024-07-05 03:00:00,3468.3074,3211.9773,256.33010000000013,71.051,73.73211,-2.681110000000004,21.725536,21.900257,-0.17472099999999813,264.42972,262.96652,1.463199999999972
2024-07-05 04:00:00,4624.4097,4633.927,-9.517299999999523,76.801636,77.59568,-0.7940439999999995,21.958868,22.051243,-0.09237500000000054,264.82413,263.39114,1.432990000000018
2024-07-05 05:00:00,7399.055,7988.4604,-589.4053999999996,90.94133,91.79701,-0.8556800000000067,22.425087,22.475393,-0.050305999999999074,265.65155,265.14838,0.5031700000000114
2024-07-05 06:00:00,11792.244,12084.557,-292.3130000000001,113.50347,113.54546,-0.04199000000001263,22.944145,23.181976,-0.2378309999999999,266.79916,268.0252,-1.2260400000000118
2024-07-05 07:00:00,14798.11,14906.699,-108.58899999999994,128.82796,131.78293,-2.954970000000003,23.744595,23.893387,-0.14879200000000026,268.63986,270.39328,-1.7534200000000055
2024-07-05 08:00:00,15954.213,15775.623,178.59000000000015,134.54979,134.57619,-0.026399999999995316,24.408693,24.592735,-0.1840420000000016,271.05466,272.85675,-1.8020899999999642
2024-07-05 09:00:00,12948.347,12800.302,148.04500000000007,118.705925,122.30136,-3.595435000000009,25.11176,25.27486,-0.16310000000000002,275.82764,277.31223,-1.4845900000000256
2024-07-05 10:00:00,10867.362,10870.365,-3.003000000000611,107.652664,110.58664,-2.9339760000000012,25.745092,25.825901,-0.08080900000000213,280.5516,281.99277,-1.4411699999999996
2024-07-05 11:00:00,9942.48,9954.5625,-12.082500000000437,102.68924,104.94902,-2.2597800000000063,26.01131,26.20618,-0.1948699999999981,284.79565,285.7749,-0.9792499999999791
2024-07-05 12:00:00,9480.039,9615.663,-135.6239999999998,100.2129,103.0947,-2.8817999999999984,26.094643,26.349354,-0.25471100000000035,288.38156,288.6924,-0.3108400000000415
2024-07-05 13:00:00,9711.26,9770.407,-59.146999999999025,101.479805,103.84851,-2.3687050000000056,25.861757,26.328733,-0.46697599999999895,290.5735,290.89584,-0.32233999999999696
2024-07-05 14:00:00,10404.922,10468.398,-63.47599999999875,105.25781,107.66494,-2.407129999999995,25.564323,26.070955,-0.5066319999999997,291.25687,291.82663,-0.5697600000000307
2024-07-05 15:00:00,11792.244,11798.239,-5.994999999998981,112.72269,115.194084,-2.4713940000000036,25.094595,25.605623,-0.5110279999999996,290.48788,291.0761,-0.5882199999999784
2024-07-05 16:00:00,14566.892,14315.46,251.4320000000007,127.46307,128.85878,-1.395709999999994,24.627928,24.989841,-0.3619129999999977,288.22476,288.7801,-0.555340000000001
2024-07-05 17:00:00,17803.979,17673.379,130.59999999999854,144.59393,146.63934,-2.045410000000004,24.17748,24.388771,-0.21129099999999923,284.66058,285.123,-0.4624200000000087
2024-07-05 18:00:00,19191.3,19112.965,78.33499999999913,152.15472,154.31163,-2.1569100000000105,23.49788,23.803139,-0.30525900000000306,280.06177,280.58066,-0.518889999999999
2024-07-05 19:00:00,16416.654,16337.66,78.99399999999878,138.15382,142.12254,-3.9687199999999905,22.972296,23.229967,-0.25767099999999843,275.24942,276.0114,-0.7619799999999941
2024-07-05 20:00:00,12948.347,13052.112,-103.76499999999942,120.49741,123.2778,-2.780389999999997,22.672297,22.685707,-0.013410000000000366,270.4688,271.65994,-1.1911400000000185
2024-07-05 21:00:00,10173.701,10158.763,14.937999999998283,106.39695,106.3885,0.008450000000010505,22.372297,22.257473,0.1148239999999987,268.095,267.96292,0.1320800000000304
2024-07-05 22:00:00,7399.055,7556.368,-157.3130000000001,92.28846,94.35076,-2.0622999999999934,22.112707,22.015512,0.09719499999999925,264.06873,265.36307,-1.294339999999977
2024-07-05 23:00:00,6242.9526,6190.9077,52.04489999999987,86.49636,86.16013,0.3362300000000005,21.944147,21.809435,0.1347120000000004,260.65417,262.87952,-2.2253499999999917
2024-07-06 00:00:00,5389.5327,5583.251,-193.71830000000045,93.32121,83.83101,9.490199999999987,21.823744,21.602114,0.2216300000000011,244.96568,246.8353,-1.8696199999999976
2024-07-06 01:00:00,4409.618,4532.224,-122.60599999999977,88.37711,84.17959,4.197519999999997,21.59041,21.563961,0.0264489999999995,242.48952,241.15985,1.329669999999993
2024-07-06 02:00:00,3674.682,3938.7068,-264.02480000000014,84.67437,83.0679,1.6064700000000016,21.473743,21.524343,-0.05059999999999931,240.22435,239.80484,0.41950999999997407
2024-07-06 03:00:00,3674.682,3878.691,-204.00900000000001,84.78954,82.89944,1.8901000000000039,21.59041,21.539553,0.05085699999999704,238.1716,239.118,-0.9463999999999828
2024-07-06 04:00:00,4899.5757,5023.444,-123.86830000000009,91.18529,88.52547,2.6598199999999963,21.783333,21.717852,0.06548099999999835,238.48763,238.9305,-0.4428699999999992
2024-07-06 05:00:00,7839.321,8211.645,-372.3240000000005,106.521965,105.40195,1.120014999999995,22.083334,22.162914,-0.07957999999999998,239.16774,239.77792,-0.6101799999999855
2024-07-06 06:00:00,12493.917,12510.746,-16.828999999999724,130.80019,128.89955,1.9006399999999815,22.5213,22.836031,-0.3147309999999983,240.12141,241.48029,-1.3588799999999992
2024-07-06 07:00:00,15678.643,15557.905,120.73799999999937,147.38574,147.1361,0.24963999999999942,23.239893,23.494785,-0.2548920000000017,241.66527,242.75655,-1.0912800000000118
2024-07-06 08:00:00,16903.537,16623.938,279.599000000002,153.77213,150.4375,3.334630000000004,23.889894,24.180576,-0.2906819999999968,243.7004,244.4144,-0.7139999999999986
2024-07-06 09:00:00,13718.812,13499.867,218.9449999999997,137.14119,137.59012,-0.4489300000000185,24.551704,24.890347,-0.3386429999999976,248.12779,248.56242,-0.4346299999999985
2024-07-06 10:00:00,11514.003,11507.473,6.530000000000655,125.69188,125.61159,0.08028999999999087,25.085037,25.440468,-0.3554309999999994,252.54497,253.23694,-0.6919699999999978
2024-07-06 11:00:00,10534.088,10575.822,-41.73400000000038,120.73817,120.01976,0.7184099999999916,25.393372,25.773714,-0.38034199999999885,256.5793,256.94168,-0.3623800000000301
2024-07-06 12:00:00,10044.13,10224.333,-180.20300000000134,118.389404,118.20244,0.18696400000000324,25.555407,25.882294,-0.3268870000000028,260.0048,259.83374,0.17106000000001131
2024-07-06 13:00:00,10289.109,10368.488,-79.378999999999,119.914314,118.95526,0.959054000000009,25.48681,25.809656,-0.32284600000000196,262.17752,262.09537,0.08215000000001282
2024-07-06 14:00:00,11024.045,11034.34,-10.295000000000073,124.0333,122.62949,1.403809999999993,25.253477,25.52319,-0.2697129999999994,262.97775,263.10013,-0.12237999999996418
2024-07-06 15:00:00,12493.917,12314.663,179.253999999999,131.99681,129.85986,2.136950000000013,24.90303,25.067184,-0.1641539999999999,262.3869,262.43768,-0.050779999999974734
2024-07-06 16:00:00,15433.664,14996.46,437.20400000000154,147.61794,144.1669,3.451040000000006,24.469698,24.524597,-0.05489899999999892,260.4328,260.24973,0.18306999999998652
2024-07-06 17:00:00,18863.367,18683.11,180.2569999999978,165.77264,162.99995,2.772689999999983,23.994698,23.9919,0.002797999999998524,257.21707,257.038,0.17906999999996742
2024-07-06 18:00:00,20333.24,20311.172,22.06800000000294,173.64578,170.91191,2.733869999999996,23.519697,23.431503,0.08819400000000144,252.99654,252.6214,0.375140000000016
2024-07-06 19:00:00,17393.494,17178.316,215.17799999999988,158.42729,157.61206,0.8152299999999855,23.05303,23.00141,0.05161999999999978,248.52122,247.71939,0.8018299999999954
2024-07-06 20:00:00,13718.812,13699.541,19.27100000000064,139.29985,139.24374,0.05610999999998967,22.736242,22.622276,0.11396600000000134,244.0808,243.95367,0.1271300000000224
2024-07-06 21:00:00,10779.066,10841.755,-62.68899999999849,123.93146,122.855804,1.075655999999995,22.452461,22.28574,0.166720999999999,242.0177,241.60316,0.41453999999998814
2024-07-06 22:00:00,7839.321,8155.116,-315.7950000000001,108.528305,110.32782,-1.7995149999999995,22.269129,22.063065,0.2060639999999978,240.33246,240.53694,-0.20447999999998956
2024-07-06 23:00:00,6614.4272,6657.8403,-43.41309999999976,102.07208,100.305336,1.7667440000000028,22.069473,21.864012,0.20546099999999967,239.22449,240.24352,-1.0190299999999866
2024-07-07 00:00:00,4461.2305,5685.832,-1224.6015000000007,85.87408,95.35812,-9.484039999999993,21.844473,21.799795,0.044678000000001106,238.71106,238.76176,-0.050700000000006185
2024-07-07 01:00:00,3650.0977,3620.2036,29.89409999999998,81.60642,84.01413,-2.4077099999999945,21.716202,21.663153,0.0530489999999979,238.38812,237.38153,1.0065899999999885
2024-07-07 02:00:00,3041.7483,3122.3147,-80.5663999999997,78.31378,79.848595,-1.534815000000009,21.665752,21.666714,-0.0009619999999976869,238.24687,237.70033,0.5465399999999931
2024-07-07 03:00:00,3041.7483,2953.279,88.4693000000002,78.07827,77.58778,0.4904900000000083,21.838171,21.77133,0.06684100000000015,238.32059,238.59656,-0.27597000000000094
2024-07-07 04:00:00,4055.6643,3939.0613,116.60300000000007,83.06708,80.74239,2.324690000000004,22.05,21.984398,0.06560200000000194,238.73656,239.11403,-0.3774700000000166
2024-07-07 05:00:00,6489.0625,6597.834,-108.77149999999983,95.3423,94.51887,0.8234299999999877,22.366322,22.380861,-0.014538999999999191,239.46419,239.94096,-0.4767699999999877
2024-07-07 06:00:00,10341.943,10543.308,-201.3650000000016,114.88259,114.54458,0.33800999999999704,22.88299,22.991323,-0.10833300000000179,240.47308,241.65012,-1.1770399999999768
2024-07-07 07:00:00,12978.126,12854.182,123.9439999999995,128.06412,129.1351,-1.0709799999999916,23.599207,23.653482,-0.05427500000000052,242.10057,243.22559,-1.1250200000000063
2024-07-07 08:00:00,13992.041,13645.837,346.2039999999997,132.87651,131.84991,1.026600000000002,24.365425,24.343199,0.022225999999999857,244.23228,244.98326,-0.7509799999999984
2024-07-07 09:00:00,11355.86,11300.01,55.850000000000364,118.93848,120.34126,-1.402780000000007,25.142113,25.098942,0.043170999999997406,248.79588,249.31177,-0.5158899999999846
2024-07-07 10:00:00,9530.811,9559.221,-28.409999999999854,109.29786,109.91482,-0.616960000000006,25.709227,25.70919,3.6999999998954536e-05,253.34354,254.32558,-0.982040000000012
2024-07-07 11:00:00,8719.678,8707.374,12.304000000000087,105.0264,105.084435,-0.058035000000003834,26.127134,26.094004,0.03312999999999988,257.50748,258.22147,-0.7139900000000239
2024-07-07 12:00:00,8314.112,8403.5205,-89.40850000000137,102.98829,103.642235,-0.6539449999999931,26.310469,26.25531,0.055158999999999736,261.03268,261.11676,-0.08407999999997173
2024-07-07 13:00:00,8516.895,8550.897,-34.00200000000041,104.1945,104.63993,-0.44543000000000177,26.21002,26.206196,0.003824000000001604,263.19437,262.97845,0.2159199999999828
2024-07-07 14:00:00,9125.244,9134.102,-8.858000000000175,107.564606,108.11047,-0.5458640000000088,25.992907,25.949413,0.04349399999999903,263.88022,263.56302,0.3172000000000139
2024-07-07 15:00:00,10341.943,10271.93,70.01299999999901,114.139206,114.634155,-0.4949490000000054,25.449553,25.54828,-0.09872699999999668,263.09763,262.9242,0.1734299999999962
2024-07-07 16:00:00,12775.343,12493.946,281.39700000000084,127.06145,126.86383,0.19762000000000057,24.753942,24.966547,-0.21260499999999993,260.90396,260.93323,-0.0292699999999968
2024-07-07 17:00:00,15614.308,15393.359,220.94900000000052,142.06396,143.17853,-1.1145699999999863,24.169369,24.314762,-0.1453930000000021,257.49152,257.8249,-0.33338000000003376
2024-07-07 18:00:00,16831.008,16874.121,-43.112999999997555,148.62701,151.7838,-3.156790000000001,23.586035,23.729347,-0.14331200000000166,253.10962,254.1719,-1.062279999999987
2024-07-07 19:00:00,14397.608,14287.488,110.1200000000008,136.281,139.98563,-3.7046299999999803,23.185585,23.18297,0.0026149999999987017,248.5263,249.57158,-1.0452800000000195
2024-07-07 20:00:00,11355.86,11591.051,-235.1909999999989,120.7395,122.99064,-2.2511399999999924,22.951805,22.766226,0.1855790000000006,244.05722,245.79591,-1.7386899999999912
2024-07-07 21:00:00,8922.461,8977.541,-55.07999999999993,108.3144,108.21419,0.10021000000000413,22.601805,22.454792,0.14701299999999762,241.9874,243.35727,-1.3698699999999917
2024-07-07 22:00:00,6489.0625,6647.812,-158.7494999999999,96.0574,97.738525,-1.6811249999999944,22.368471,22.209381,0.15908999999999907,242.53256,242.20384,0.3287199999999757
2024-07-07 23:00:00,5475.1465,5480.6626,-5.516099999999824,91.16594,90.288216,0.8777240000000006,22.103941,21.974237,0.12970400000000026,243.57663,242.00073,1.57589999999999
2024-07-08 00:00:00,7729.042,5571.0137,2158.0283,110.27131,90.15957,20.111739999999998,21.987276,22.045704,-0.05842799999999926,258.0295,254.91847,3.111029999999971
2024-07-08 01:00:00,6323.7617,5888.282,435.47969999999987,103.54901,96.26039,7.2886199999999945,21.77016,21.90694,-0.13677999999999813,259.84015,260.99893,-1.1587799999999788
2024-07-08 02:00:00,5269.802,5262.162,7.639999999999418,98.68878,94.12589,4.562889999999996,21.605408,21.855404,-0.24999599999999944,261.8744,261.9162,-0.041800000000023374
2024-07-08 03:00:00,5269.802,5085.423,184.3789999999999,99.30242,93.39632,5.906099999999995,21.672073,21.835865,-0.16379199999999727,264.21335,262.6173,1.596049999999991
2024-07-08 04:00:00,7026.402,6497.0737,529.3283000000001,108.7382,100.667625,8.070575000000005,21.905407,21.971956,-0.06654899999999841,264.68527,263.62958,1.0556900000000269
2024-07-08 05:00:00,11242.244,11760.567,-518.3229999999985,130.70753,126.956825,3.7507049999999964,22.286602,22.456608,-0.17000600000000077,265.61826,265.78662,-0.16836000000000695
2024-07-08 06:00:00,17917.326,17974.654,-57.3279999999977,165.17973,158.23947,6.940259999999995,22.878387,23.047276,-0.16888900000000007,266.8485,267.6559,-0.8073999999999728
2024-07-08 07:00:00,22484.488,22934.564,-450.0759999999973,188.87091,183.06403,5.806880000000007,23.691786,23.624702,0.06708400000000125,268.68768,268.99918,-0.31150000000002365
2024-07-08 08:00:00,24241.088,24704.193,-463.10499999999956,198.25603,189.26146,8.99457000000001,24.241787,24.40121,-0.15942300000000031,271.0554,271.35733,-0.3019299999999703
2024-07-08 09:00:00,19673.926,19713.914,-39.98800000000119,175.3495,172.17998,3.1695200000000057,24.791784,25.202534,-0.41075000000000017,275.82858,275.90988,-0.08129999999999882
2024-07-08 10:00:00,16512.045,16438.436,73.60899999999674,159.5472,155.66214,3.88506000000001,25.391787,25.775204,-0.3834169999999979,280.51105,280.76404,-0.25299000000001115
2024-07-08 11:00:00,15106.766,15004.459,102.30699999999888,152.69096,148.44643,4.2445299999999975,25.80845,26.131273,-0.32282299999999964,284.76883,285.00183,-0.2330000000000041
2024-07-08 12:00:00,14404.126,14460.35,-56.22400000000016,149.40683,146.21674,3.1900900000000263,25.991339,26.272043,-0.28070400000000006,288.44305,288.36072,0.08233000000001311
2024-07-08 13:00:00,14755.445,14618.599,136.84599999999955,151.49046,147.16245,4.328010000000006,26.010378,26.27437,-0.2639920000000018,290.83255,290.8561,-0.023550000000000182
2024-07-08 14:00:00,15809.405,15721.883,87.52200000000084,157.16145,152.38261,4.778840000000002,25.830301,26.061165,-0.2308640000000004,291.69113,291.87256,-0.1814300000000344
2024-07-08 15:00:00,17917.326,17758.0,159.32600000000093,168.19655,162.41544,5.781110000000012,25.413633,25.603455,-0.1898219999999995,291.0299,290.9737,0.056199999999989814
2024-07-08 16:00:00,22133.168,22295.807,-162.6389999999992,189.95926,182.22787,7.731390000000005,24.744818,24.985828,-0.24101000000000283,288.91794,288.45453,0.4634100000000103
2024-07-08 17:00:00,27051.65,27481.92,-430.2699999999968,202.06064,207.1297,-5.0690600000000074,24.161486,24.34732,-0.18583399999999983,285.4382,285.0202,0.41800000000000637
2024-07-08 18:00:00,27501.629,28810.04,-1308.411,202.06064,214.31116,-12.250519999999995,23.644371,23.785425,-0.14105400000000046,280.8773,280.60855,0.26875000000001137
2024-07-08 19:00:00,24943.729,24814.322,129.40699999999924,202.06064,193.7335,8.327140000000014,23.243921,23.337381,-0.09346000000000032,276.05057,275.53452,0.516050000000007
2024-07-08 20:00:00,19673.926,19847.812,-173.88600000000224,178.24559,173.35117,4.894419999999997,23.027704,22.973372,0.054331999999998715,271.3127,271.56482,-0.2521199999999908
2024-07-08 21:00:00,15458.086,15346.35,111.73599999999897,156.97375,152.70587,4.267879999999991,22.727703,22.618355,0.10934800000000067,268.99466,268.76135,0.23331000000001723
2024-07-08 22:00:00,11242.244,11849.18,-606.9359999999997,135.99657,134.66241,1.3341599999999971,22.52815,22.396389,0.1317610000000009,267.08823,266.8144,0.2738300000000322
2024-07-08 23:00:00,9485.644,9481.025,4.619000000000597,127.57923,118.794334,8.78489599999999,22.344818,22.2439,0.10091800000000006,265.77927,265.4171,0.3621699999999919
2024-07-09 00:00:00,6088.7637,6118.996,-30.232299999999668,111.78339,106.55296,5.230429999999998,22.14437,22.021616,0.12275399999999692,265.05838,264.8995,0.15888000000001057
2024-07-09 01:00:00,4981.716,4964.079,17.637000000000626,106.68248,100.37858,6.303899999999999,21.925777,21.980864,-0.05508700000000033,264.51913,265.28635,-0.7672200000000089
2024-07-09 02:00:00,4151.4297,4402.727,-251.29730000000018,102.914795,98.52468,4.390114999999994,21.722073,21.823763,-0.10168999999999784,264.1942,265.06552,-0.8713199999999688
2024-07-09 03:00:00,4151.4297,4140.3125,11.117199999999684,103.216866,98.37939,4.837475999999995,21.748522,21.816753,-0.06823099999999727,264.13495,265.09625,-0.9612999999999943
2024-07-09 04:00:00,5535.2397,5397.7896,137.45010000000002,110.12377,105.08607,5.037699999999987,21.916891,21.995335,-0.07844400000000107,264.52362,265.40683,-0.8832100000000196
2024-07-09 05:00:00,8856.384,9127.317,-270.9329999999991,126.7086,124.01167,2.696930000000009,22.27918,22.437927,-0.1587469999999982,265.32608,266.39127,-1.0651900000000296
2024-07-09 06:00:00,14114.861,14231.67,-116.80899999999929,152.97075,148.39131,4.579440000000005,22.912067,22.969725,-0.05765799999999999,266.4457,267.5443,-1.098600000000033
2024-07-09 07:00:00,17712.768,17840.363,-127.59500000000116,170.71402,168.04175,2.6722699999999975,23.677704,23.518213,0.15949099999999916,268.25476,268.7033,-0.4485400000000368
2024-07-09 08:00:00,19096.578,19207.56,-110.98199999999997,177.19084,174.671,2.5198400000000163,24.282305,24.152191,0.1301140000000025,270.6266,270.60773,0.018869999999992615
2024-07-09 09:00:00,15498.672,15460.023,38.64900000000125,158.43306,158.29355,0.13951000000000136,24.97252,24.981524,-0.0090040000000009,275.4594,275.02414,0.43526000000002796
2024-07-09 10:00:00,13007.813,12865.725,142.08799999999974,145.25533,143.48952,1.7658099999999877,25.555855,25.615515,-0.05965999999999738,280.2513,280.06577,0.1855300000000284
2024-07-09 11:00:00,11900.766,11746.261,154.5049999999992,139.1591,137.20557,1.9535300000000007,26.03874,25.999086,0.0396540000000023,284.58463,284.41724,0.1673900000000117
2024-07-09 12:00:00,11347.241,11349.808,-2.5670000000009168,135.92482,135.41942,0.5054000000000087,26.298746,26.182188,0.11655800000000127,288.29666,287.98627,0.31038999999998396
2024-07-09 13:00:00,11624.004,11509.761,114.2430000000004,136.96825,136.2693,0.6989500000000248,26.116444,26.202179,-0.08573499999999967,290.61334,290.70874,-0.09539999999998372
2024-07-09 14:00:00,12454.289,12287.73,166.5590000000011,140.85562,140.29018,0.5654399999999953,25.866892,25.961819,-0.09492699999999843,291.41367,291.94925,-0.5355799999999817
2024-07-09 15:00:00,14114.861,13817.385,297.47600000000057,148.91035,148.74881,0.16154000000000224,25.350225,25.50057,-0.1503450000000015,290.66718,291.0771,-0.4099199999999996
2024-07-09 16:00:00,17436.006,17094.105,341.90100000000166,165.47574,164.18889,1.2868500000000154,24.766891,24.895418,-0.12852699999999828,288.41998,288.31094,0.10903999999999314
2024-07-09 17:00:00,21310.674,20762.053,548.6209999999992,184.89445,180.33768,4.55677,24.249777,24.368628,-0.11885099999999937,284.86032,284.5053,0.35502000000002454
2024-07-09 18:00:00,22971.246,22513.895,457.35099999999875,193.15959,188.43326,4.726330000000019,23.716444,23.872492,-0.15604800000000196,280.19183,280.23294,-0.04111000000000331
2024-07-09 19:00:00,19650.102,19504.83,145.2719999999972,176.22032,176.80225,-0.5819299999999998,23.232975,23.340187,-0.10721200000000053,275.28564,275.67722,-0.3915799999999763
2024-07-09 20:00:00,15498.672,15250.013,248.65899999999965,155.12674,154.81303,0.3137100000000146,22.816757,22.932129,-0.1153720000000007,270.45343,271.7309,-1.2774699999999939
2024-07-09 21:00:00,12177.527,12207.54,-30.01300000000083,138.32903,137.16916,1.1598699999999837,22.427883,22.53173,-0.10384699999999825,268.04758,268.69827,-0.6506899999999973
2024-07-09 22:00:00,8856.384,9291.025,-434.6409999999996,121.585396,122.577576,-0.9921799999999905,22.19455,22.257065,-0.06251500000000121,266.11426,266.49634,-0.38207999999997355
2024-07-09 23:00:00,7472.574,7423.5312,49.04279999999926,114.75189,110.864685,3.8872050000000087,22.027433,22.058224,-0.03079100000000068,264.75543,264.6734,0.08202999999997473
2024-07-10 00:00:00,6508.854,5792.9053,715.9486999999999,103.06133,102.92269,0.1386399999999952,21.838785,21.8431,-0.004314999999998292,264.06104,264.37628,-0.31524000000001706
2024-07-10 01:00:00,5325.426,5102.609,222.817,97.55914,98.111374,-0.5522339999999986,21.522251,21.78464,-0.2623889999999989,263.61102,263.99442,-0.38339999999999463
2024-07-10 02:00:00,4437.855,4472.2544,-34.39940000000024,93.5298,94.91511,-1.385310000000004,21.389368,21.645458,-0.2560900000000004,263.41998,263.46954,-0.049559999999985394
2024-07-10 03:00:00,4437.855,4380.0737,57.781299999999646,93.88592,94.0033,-0.11737999999999715,21.544907,21.603563,-0.058656000000002706,263.49808,263.2185,0.27958000000000993
2024-07-10 04:00:00,5917.14,5798.045,119.09500000000025,101.58225,99.683304,1.8989459999999951,21.84437,21.751629,0.09274100000000018,263.9341,263.35278,0.5813200000000052
2024-07-10 05:00:00,9467.424,9599.276,-131.85199999999895,119.5044,117.64618,1.8582200000000029,22.233423,22.180851,0.05257199999999784,264.84253,264.55624,0.28629000000000815
2024-07-10 06:00:00,15088.708,14916.042,172.66600000000108,147.62393,143.41365,4.210280000000012,22.73387,22.803186,-0.0693160000000006,266.07925,266.34924,-0.26999000000000706
2024-07-10 07:00:00,18934.85,18837.39,97.45999999999913,166.67982,164.54637,2.1334500000000105,23.5513,23.44503,0.10627000000000209,267.9584,267.93994,0.018460000000004584
2024-07-10 08:00:00,20414.135,20211.352,202.78299999999945,173.8393,170.43768,3.4016200000000083,24.245356,24.181143,0.0642130000000023,270.38568,270.27933,0.10634999999996353
2024-07-10 09:00:00,16567.994,16409.082,158.91200000000026,154.31308,155.57501,-1.2619299999999782,24.945356,24.99832,-0.052963999999999345,275.26965,274.84973,0.4199199999999905
2024-07-10 10:00:00,13905.28,13743.733,161.54700000000048,140.71686,141.0853,-0.36843999999999255,25.627256,25.610695,0.016560999999999382,280.12268,279.86563,0.25704999999999245
2024-07-10 11:00:00,12721.852,12493.526,228.32600000000093,134.5891,134.43521,0.15388999999998987,26.143923,26.019089,0.12483399999999989,284.51715,284.15775,0.3593999999999937
2024-07-10 12:00:00,12130.137,12042.853,87.28400000000147,131.48805,132.26274,-0.774690000000021,26.311037,26.226547,0.08448999999999884,288.26266,287.61096,0.6517000000000053
2024-07-10 13:00:00,12425.994,12230.181,195.8130000000001,132.86244,133.06287,-0.20043000000001143,26.178152,26.252039,-0.07388699999999915,290.63657,290.23264,0.40393000000000256
2024-07-10 14:00:00,13313.565,13151.327,162.2380000000012,137.19856,137.4222,-0.22364000000001738,25.944818,26.032038,-0.08721999999999852,291.44568,291.43704,0.008639999999957126
2024-07-10 15:00:00,15088.708,14868.715,219.9930000000004,146.0091,146.11519,-0.10609000000002311,25.478151,25.590113,-0.11196199999999834,290.63177,290.73627,-0.10449999999997317
2024-07-10 16:00:00,18638.992,18491.988,147.00399999999718,163.7598,163.13016,0.6296400000000233,24.830124,24.990374,-0.16024999999999778,288.2951,288.2852,0.009900000000016007
2024-07-10 17:00:00,22780.99,22767.268,13.722000000001572,184.47855,182.91217,1.5663800000000094,24.096788,24.406742,-0.3099540000000012,284.60022,284.7643,-0.16408000000001266
2024-07-10 18:00:00,24556.133,24758.215,-202.08199999999852,193.31056,192.73235,0.5782100000000128,23.397236,23.839397,-0.44216100000000225,279.79395,280.6482,-0.8542499999999791
2024-07-10 19:00:00,21005.85,21175.31,-169.46000000000276,175.444,178.4196,-2.9756000000000142,22.846027,23.242746,-0.39671900000000093,274.7566,275.7523,-0.9956999999999994
2024-07-10 20:00:00,16567.994,16508.654,59.340000000000146,153.09607,156.22202,-3.125949999999989,22.446028,22.75223,-0.3062020000000025,269.8552,271.54877,-1.6935699999999656
2024-07-10 21:00:00,13017.708,12982.966,34.74200000000019,135.14156,136.65675,-1.5151899999999898,22.149776,22.286915,-0.13713900000000123,267.4469,268.3033,-0.856399999999951
2024-07-10 22:00:00,9467.424,9875.216,-407.79199999999946,117.62676,120.584564,-2.957803999999996,22.066444,22.018568,0.04787600000000225,265.55197,265.8966,-0.3446299999999951
2024-07-10 23:00:00,7988.1396,7958.093,30.04660000000058,110.53767,107.564064,2.9736060000000037,21.907288,21.85054,0.05674800000000246,264.28702,263.88052,0.4064999999999941
2024-07-11 00:00:00,5007.9224,5867.2695,-859.3471,102.24977,98.590866,3.6589039999999926,21.774403,21.619265,0.1551380000000009,263.71265,263.33786,0.3747900000000186
2024-07-11 01:00:00,4097.391,4262.7275,-165.33650000000034,97.91675,94.88949,3.0272599999999983,21.541069,21.533394,0.007674999999998988,263.38187,263.44858,-0.06671000000000049
2024-07-11 02:00:00,3414.4924,3590.778,-176.2855999999997,94.73953,93.31024,1.4292900000000088,21.483334,21.48678,-0.003446000000000282,263.25424,263.38416,-0.1299200000000269
2024-07-11 03:00:00,3414.4924,3364.0215,50.470900000000256,95.08541,93.07459,2.0108199999999954,21.716219,21.567997,0.14822200000000052,263.37695,263.65,-0.27304999999995516
2024-07-11 04:00:00,4552.6567,4457.087,95.5696999999991,100.82568,98.4178,2.407880000000006,21.999552,21.816822,0.18273000000000295,263.87994,264.14996,-0.270020000000045
2024-07-11 05:00:00,7284.251,7558.984,-274.7330000000002,114.767105,113.98583,0.7812749999999937,22.375374,22.284296,0.09107799999999955,264.81244,265.24725,-0.43481000000002723
2024-07-11 06:00:00,11609.274,11854.088,-244.8140000000003,136.91278,135.27577,1.6370100000000036,22.945564,22.889332,0.05623200000000139,266.06543,266.82437,-0.7589399999999955
2024-07-11 07:00:00,14568.502,14590.364,-21.86199999999917,151.94548,150.93452,1.0109600000000114,23.762232,23.519037,0.24319500000000005,267.96854,268.37457,-0.406029999999987
2024-07-11 08:00:00,15706.666,15542.51,164.15599999999904,157.544,154.0261,3.5178999999999974,24.536783,24.22742,0.30936300000000116,270.4031,270.71396,-0.31085999999999103
2024-07-11 09:00:00,12747.438,12605.297,142.14099999999962,141.8724,140.8967,0.9756999999999891,25.303003,25.05926,0.24374300000000204,275.26117,275.4768,-0.21563000000003285
2024-07-11 10:00:00,10698.743,10696.16,2.5830000000005384,130.87006,129.79356,1.0764999999999816,25.886337,25.725094,0.16124300000000247,280.0549,280.70172,-0.6468200000000479
2024-07-11 11:00:00,9788.212,9772.628,15.583999999998923,125.80219,124.75424,1.0479500000000002,26.244745,26.14394,0.10080500000000114,284.40524,285.0474,-0.6421599999999899
2024-07-11 12:00:00,9332.946,9428.702,-95.7559999999994,123.141594,123.198006,-0.05641200000000879,26.342115,26.3244,0.017714999999999037,288.06943,288.4572,-0.38776999999998907
2024-07-11 13:00:00,9560.579,9554.27,6.308999999999287,124.04928,123.94621,0.10307000000000244,26.225449,26.30587,-0.08042099999999763,290.32324,290.90152,-0.5782800000000066
2024-07-11 14:00:00,10243.478,10197.739,45.73899999999958,127.336334,127.53763,-0.20129599999999925,25.958632,26.071152,-0.11251999999999995,291.02448,291.9183,-0.8938200000000052
2024-07-11 15:00:00,11609.274,11491.959,117.31499999999869,134.21748,134.69604,-0.47856000000001586,25.505777,25.630487,-0.12471000000000032,290.1662,291.1153,-0.9490999999999872
2024-07-11 16:00:00,14340.869,14099.766,241.10300000000097,148.26895,147.8416,0.4273499999999899,24.859005,25.039711,-0.1807060000000007,287.8575,288.56433,-0.7068299999999681
2024-07-11 17:00:00,17527.73,17292.127,235.60299999999916,164.62352,163.55156,1.0719600000000185,24.209452,24.433128,-0.2236760000000011,284.23227,284.78088,-0.5486099999999965
2024-07-11 18:00:00,18893.527,18849.846,43.68099999999686,171.4558,171.46077,-0.00496999999998593,23.653748,23.860706,-0.2069580000000002,279.56705,280.52066,-0.953610000000026
2024-07-11 19:00:00,16161.933,15965.901,196.03200000000106,156.9952,158.18027,-1.185069999999996,23.187082,23.30272,-0.11563800000000057,274.6717,275.59714,-0.9254400000000373
2024-07-11 20:00:00,12747.438,12754.773,-7.334999999999127,138.91014,140.316,-1.40585999999999,22.894667,22.857155,0.037511999999999546,269.85257,271.31912,-1.4665499999999838
2024-07-11 21:00:00,10015.845,10040.8,-24.954999999999927,124.3008,124.617065,-0.31626500000000135,22.544668,22.487707,0.05696100000000115,267.49008,267.88864,-0.3985600000000318
2024-07-11 22:00:00,7284.251,7478.935,-194.6840000000002,109.64065,112.42456,-2.783910000000006,22.195116,22.237501,-0.042385000000003004,265.60605,265.4822,0.12385000000000446
2024-07-11 23:00:00,6146.087,6079.0366,67.05040000000008,103.16497,103.10334,0.061629999999993856,21.93626,22.003035,-0.0667749999999998,264.311,263.53723,0.7737699999999563
2024-07-12 00:00:00,4801.1753,5545.985,-744.8096999999998,89.27086,97.77538,-8.50452,21.759527,21.780622,-0.02109500000000253,263.63794,262.87625,0.7616899999999873
2024-07-12 01:00:00,3928.2344,3816.1543,112.08009999999967,84.0813,88.76094,-4.679640000000006,21.526194,21.698479,-0.1722849999999987,263.13287,262.09113,1.0417400000000043
2024-07-12 02:00:00,3273.5286,3155.281,118.24760000000015,80.02902,83.78446,-3.755439999999993,21.425745,21.620846,-0.19510100000000108,262.8783,261.59766,1.2806400000000053
2024-07-12 03:00:00,3273.5286,3051.662,221.8666000000003,79.412224,81.19699,-1.7847660000000047,21.442413,21.640505,-0.1980920000000026,262.8854,261.52545,1.3599500000000262
2024-07-12 04:00:00,4364.7046,4121.0405,243.66409999999996,84.49723,83.718414,0.7788160000000062,21.655407,21.776524,-0.12111699999999814,263.21973,261.61462,1.6051100000000247
2024-07-12 05:00:00,6983.528,7064.1777,-80.64969999999994,97.649124,97.04101,0.6081140000000005,21.998491,22.15604,-0.1575489999999995,264.005,262.71805,1.2869499999999903
2024-07-12 06:00:00,11129.997,11193.581,-63.58400000000074,118.917,118.161354,0.7556459999999987,22.46689,22.801455,-0.33456500000000133,265.12158,265.08508,0.03649999999998954
2024-07-12 07:00:00,13967.056,13948.918,18.13800000000083,133.35701,135.15845,-1.8014399999999853,23.362545,23.49669,-0.13414500000000018,266.9464,267.45126,-0.5048600000000079
2024-07-12 08:00:00,15058.231,14843.919,214.3119999999999,138.75774,138.01474,0.7430000000000234,24.13874,24.220818,-0.08207800000000276,269.32892,270.05383,-0.7249100000000226
2024-07-12 09:00:00,12221.173,12089.89,131.28300000000127,123.74717,126.15417,-2.4069999999999965,24.83874,24.964952,-0.12621199999999888,274.12967,274.56003,-0.4303600000000074
2024-07-12 10:00:00,10257.056,10256.584,0.4719999999997526,113.42187,115.288605,-1.8667350000000056,25.409975,25.545948,-0.1359729999999999,278.9594,279.3588,-0.39939999999995734
2024-07-12 11:00:00,9384.115,9351.955,32.159999999999854,108.94437,110.12497,-1.1805999999999983,25.71689,25.92007,-0.2031799999999997,283.34528,283.33813,0.0071500000000241926
2024-07-12 12:00:00,8947.645,9033.776,-86.1309999999994,106.83032,108.4632,-1.63288,25.950224,26.070805,-0.12058100000000138,287.06155,286.5296,0.5319499999999948
2024-07-12 13:00:00,9165.88,9173.43,-7.550000000001091,108.27409,109.191925,-0.9178349999999966,25.899776,26.074135,-0.17435899999999904,289.3841,288.9594,0.424699999999973
2024-07-12 14:00:00,9820.586,9811.758,8.82799999999952,112.1457,112.66709,-0.5213899999999967,25.672686,25.868536,-0.19585000000000008,290.2056,290.08676,0.11883999999997741
2024-07-12 15:00:00,11129.997,11085.841,44.15599999999904,119.55149,119.52888,0.02261000000000024,25.20602,25.46607,-0.26004999999999967,289.55203,289.52026,0.031769999999994525
2024-07-12 16:00:00,13748.82,13592.594,156.22600000000057,133.90726,132.45464,1.452619999999996,24.701452,24.88815,-0.1866979999999998,287.38196,287.2908,0.09116000000000213
2024-07-12 17:00:00,16804.113,16653.977,150.13600000000224,150.53146,148.97919,1.5522700000000214,24.234783,24.298256,-0.06347299999999834,283.87448,283.76715,0.10732999999999038
2024-07-12 18:00:00,18113.525,18055.959,57.56600000000253,158.00407,157.28107,0.7230000000000132,23.65184,23.737936,-0.08609600000000128,279.307,279.4994,-0.1923999999999637
2024-07-12 19:00:00,15494.702,15341.219,153.48300000000017,144.92365,144.9837,-0.06004999999998972,23.201391,23.18737,0.014020999999999617,274.49722,274.69775,-0.2005299999999579
2024-07-12 20:00:00,12221.173,12329.423,-108.25,128.37282,127.46374,0.9090799999999888,22.89515,22.727772,0.16737799999999936,269.7049,270.3255,-0.6205999999999676
2024-07-12 21:00:00,9602.351,9566.479,35.87200000000121,115.227425,112.034,3.1934249999999906,22.51165,22.353577,0.15807299999999813,267.30884,266.76648,0.5423599999999738
2024-07-12 22:00:00,6983.528,7072.4307,-88.90269999999964,102.08721,101.05999,1.0272199999999998,22.16165,22.104708,0.056942000000002935,263.28043,264.27008,-0.9896499999999833
2024-07-12 23:00:00,5892.351,5814.1377,78.21329999999944,96.86797,94.01212,2.8558500000000038,21.93389,21.869635,0.06425500000000284,259.87808,261.76218,-1.8840999999999894
2024-07-13 00:00:00,5184.024,5527.6953,-343.6713,86.39434,90.936966,-4.5426259999999985,21.933441,21.646645,0.28679599999999894,244.22977,246.40804,-2.1782699999999977
2024-07-13 01:00:00,4241.474,4213.0703,28.403699999999844,82.01166,84.40226,-2.390599999999992,21.816326,21.61469,0.2016360000000006,241.7773,240.4764,1.3008999999999844
2024-07-13 02:00:00,3534.5618,3524.1636,10.398200000000088,78.81196,80.68512,-1.8731599999999986,21.660978,21.6051,0.05587799999999987,239.55826,239.27136,0.2869000000000028
2024-07-13 03:00:00,3534.5618,3425.0825,109.47929999999997,79.18746,79.23024,-0.04277999999999338,21.761427,21.631197,0.13023000000000096,237.57994,238.71436,-1.1344200000000058
2024-07-13 04:00:00,4712.749,4631.442,81.30699999999979,85.444496,83.48178,1.9627160000000003,21.94476,21.822355,0.12240499999999699,237.91924,238.41853,-0.499290000000002
2024-07-13 05:00:00,7540.3984,7768.446,-228.04759999999987,100.09448,98.65059,1.4438900000000103,22.289188,22.248415,0.04077299999999795,238.56677,239.24753,-0.6807600000000207
2024-07-13 06:00:00,12017.51,12088.192,-70.68199999999888,123.15797,121.64951,1.5084599999999995,22.739246,22.939133,-0.19988700000000037,239.49394,241.11528,-1.6213400000000036
2024-07-13 07:00:00,15080.799,15071.59,9.209000000000742,138.97455,139.73943,-0.7648800000000051,23.419935,23.647852,-0.22791700000000148,241.01456,242.54004,-1.525480000000016
2024-07-13 08:00:00,16258.984,16056.034,202.95000000000073,145.18788,142.95529,2.232590000000016,24.058617,24.345043,-0.28642599999999874,243.04953,244.06384,-1.0143099999999947
2024-07-13 09:00:00,13195.697,13038.733,156.96399999999994,129.72614,130.3692,-0.6430600000000197,24.708334,25.047203,-0.338868999999999,247.51115,248.14236,-0.63121000000001
2024-07-13 10:00:00,11074.96,11083.063,-8.103000000000975,119.137215,118.85625,0.2809649999999948,25.291666,25.574371,-0.282705,252.00392,252.76389,-0.7599700000000098
2024-07-13 11:00:00,10132.41,10166.662,-34.25200000000041,114.650986,113.53088,1.120106000000007,25.738008,25.901962,-0.16395400000000038,256.14978,256.32343,-0.17364999999995234
2024-07-13 12:00:00,9661.136,9814.954,-153.8179999999993,112.63083,111.8894,0.7414300000000082,26.021343,26.034176,-0.012832999999996986,259.6857,259.0269,0.6587999999999852
2024-07-13 13:00:00,9896.773,9961.186,-64.41300000000047,114.27323,112.882965,1.3902649999999994,26.01301,26.009916,0.0030940000000008183,261.93457,261.08536,0.8492100000000278
2024-07-13 14:00:00,10603.685,10592.644,11.040999999999258,118.38285,116.650635,1.7322150000000107,25.758558,25.794321,-0.03576299999999932,262.74707,262.14206,0.6050099999999929
2024-07-13 15:00:00,12017.51,11802.703,214.8070000000007,126.14186,123.833405,2.308454999999995,25.291891,25.384117,-0.09222600000000014,262.11526,261.8064,0.3088599999999815
2024-07-13 16:00:00,14845.16,14328.343,516.8169999999991,141.13127,137.78996,3.341309999999993,24.708557,24.842304,-0.13374699999999962,260.08377,259.93176,0.1520100000000184
2024-07-13 17:00:00,18144.086,17816.963,327.1229999999996,158.48665,156.1953,2.2913499999999942,24.199776,24.273232,-0.07345600000000019,256.76123,256.81973,-0.0584999999999809
2024-07-13 18:00:00,19557.908,19532.805,25.102999999999156,166.1467,165.58453,0.5621700000000089,23.724777,23.705883,0.018893999999999522,252.43044,252.54782,-0.11737999999999715
2024-07-13 19:00:00,16730.26,16602.033,128.22699999999895,152.06119,153.03989,-0.9787000000000035,23.20811,23.23507,-0.026959999999998985,247.86598,247.73448,0.13150000000001683
2024-07-13 20:00:00,13195.697,13238.741,-43.04399999999987,134.28653,134.75948,-0.4729499999999973,22.84189,22.824615,0.01727499999999793,243.37073,244.01236,-0.6416299999999922
2024-07-13 21:00:00,10368.048,10472.01,-103.96199999999953,120.05621,118.52822,1.5279899999999884,22.49189,22.455883,0.036007000000001455,241.2905,241.57364,-0.28314000000000306
2024-07-13 22:00:00,7540.3984,7840.2305,-299.8320999999996,105.77132,106.30732,-0.5360000000000014,22.258556,22.186123,0.07243300000000019,239.71317,240.42906,-0.7158900000000017
2024-07-13 23:00:00,6362.211,6398.057,-35.84599999999955,99.7919,97.20125,2.5906499999999966,22.141443,21.929092,0.21235099999999818,238.75067,240.09436,-1.343689999999981
2024-07-14 00:00:00,8432.717,5713.189,2719.5280000000002,124.08572,93.52642,30.559299999999993,22.116444,21.829407,0.28703700000000154,238.37488,239.0524,-0.6775200000000154
2024-07-14 01:00:00,6899.496,6530.574,368.9220000000005,116.215546,101.09493,15.120615999999998,22.107258,21.85972,0.24753800000000226,238.18637,239.04485,-0.8584799999999859
2024-07-14 02:00:00,5749.58,6018.522,-268.942,110.107796,100.441086,9.666709999999995,22.02437,21.929907,0.09446300000000107,238.21085,239.13448,-0.9236300000000028
2024-07-14 03:00:00,5749.58,5802.142,-52.5619999999999,109.53641,100.40655,9.129860000000008,22.141037,21.988789,0.15224800000000016,238.46918,239.28598,-0.8168000000000006
2024-07-14 04:00:00,7666.107,7389.9766,276.1304,118.38515,108.82592,9.55923,22.37437,22.134825,0.23954499999999967,238.97556,239.05298,-0.07741999999998939
2024-07-14 05:00:00,12265.771,12995.521,-729.75,140.55629,135.99326,4.563029999999998,22.74059,22.537497,0.20309300000000263,239.77492,239.39372,0.38120000000000687
2024-07-14 06:00:00,19548.572,19834.977,-286.40499999999884,176.0757,167.5116,8.564100000000025,23.204958,23.12917,0.07578800000000285,240.84319,240.99008,-0.1468900000000133
2024-07-14 07:00:00,24531.543,25185.814,-654.270999999997,200.05194,193.23161,6.820330000000013,23.838741,23.742426,0.0963150000000006,242.47086,242.72157,-0.2507100000000264
2024-07-14 08:00:00,26448.07,26591.4,-143.33000000000175,202.06064,201.60316,0.4574800000000039,24.47252,24.54389,-0.07137000000000171,244.57613,245.1299,-0.5537699999999859
2024-07-14 09:00:00,21465.102,21641.49,-176.38800000000265,183.06503,183.18433,-0.11929999999998131,25.12252,25.412409,-0.28988899999999873,249.09065,248.89076,0.19989000000001056
2024-07-14 10:00:00,18015.352,17745.598,269.7539999999972,165.12544,164.76862,0.356819999999999,25.747704,26.0066,-0.258896,253.54584,253.24417,0.30167000000000144
2024-07-14 11:00:00,16482.13,16174.253,307.8770000000004,156.87775,156.05017,0.8275799999999833,26.280588,26.348936,-0.06834799999999674,257.57605,257.0039,0.5721500000000219
2024-07-14 12:00:00,15715.5205,15594.012,121.50849999999991,152.62538,153.18068,-0.5552999999999884,26.452297,26.458555,-0.006257999999998987,260.99127,259.75085,1.2404199999999719
2024-07-14 13:00:00,16098.825,15720.028,378.7970000000005,154.23225,153.96072,0.2715299999999843,26.24437,26.427563,-0.18319299999999927,263.16086,261.62238,1.5384799999999927
2024-07-14 14:00:00,17248.742,16882.076,366.66599999999744,159.73276,159.02274,0.7100200000000143,25.980812,26.150274,-0.16946199999999934,263.95117,262.6235,1.327670000000012
2024-07-14 15:00:00,19548.572,19229.63,318.9419999999991,171.00539,168.78777,2.217620000000011,25.514147,25.673061,-0.15891399999999933,263.3167,262.64655,0.6701500000000351
2024-07-14 16:00:00,24148.238,24426.123,-277.8849999999984,193.80234,188.79738,5.004959999999983,24.997032,25.018806,-0.021774000000000626,261.30273,261.41705,-0.11432000000002063
2024-07-14 17:00:00,27501.629,29048.373,-1546.7439999999988,202.06064,212.30899,-10.248349999999988,24.510813,24.37143,0.1393829999999987,258.0498,258.6351,-0.5853000000000179
2024-07-14 18:00:00,27501.629,29692.588,-2190.958999999999,202.06064,215.42699,-13.366349999999983,23.9414,23.755995,0.18540500000000293,253.75676,253.58202,0.1747400000000141
2024-07-14 19:00:00,27214.68,25700.64,1514.0400000000009,202.06064,194.13678,7.923860000000019,23.474733,23.260418,0.21431499999999915,249.19083,247.25525,1.9355800000000158
2024-07-14 20:00:00,21465.102,21144.637,320.46500000000015,179.64656,174.9891,4.657459999999986,23.12252,22.957088,0.1654320000000027,244.63907,243.02435,1.6147200000000055
2024-07-14 21:00:00,16865.436,16452.273,413.16300000000047,156.59935,155.08987,1.5094799999999964,22.77252,22.62268,0.14984000000000108,242.41545,240.40198,2.013469999999984
2024-07-14 22:00:00,12265.771,12666.575,-400.8040000000001,133.82643,137.30415,-3.477720000000005,22.605406,22.412844,0.1925619999999988,242.6407,239.19664,3.4440600000000074
2024-07-14 23:00:00,10349.244,10033.694,315.5500000000011,124.61938,119.72672,4.8926600000000064,22.372074,22.227585,0.1444890000000001,243.40393,239.69339,3.710540000000009
2024-07-15 00:00:00,4394.2563,6440.1836,-2045.9273000000003,86.16515,106.81374,-20.64859,22.20905,22.151646,0.05740400000000179,257.6419,253.58621,4.055690000000027
2024-07-15 01:00:00,3595.3008,3599.8433,-4.542500000000018,82.809135,81.23502,1.574114999999992,21.91832,21.951826,-0.03350599999999915,259.30682,258.41504,0.8917800000000398
2024-07-15 02:00:00,2996.084,2797.7686,198.31539999999995,80.539825,74.899475,5.640349999999998,21.753866,21.760305,-0.006439000000000306,261.21564,259.33832,1.8773199999999974
2024-07-15 03:00:00,2996.084,2691.1245,304.95949999999993,81.41332,75.12164,6.2916799999999995,21.900002,21.81617,0.08383200000000102,263.39,260.88922,2.5007799999999634
2024-07-15 04:00:00,3994.7788,3745.0635,249.71529999999984,87.26203,82.00223,5.2597999999999985,22.19955,22.072887,0.12666299999999708,263.7753,262.39468,1.3806200000000217
2024-07-15 05:00:00,6391.6455,6496.4355,-104.78999999999996,100.30185,99.08973,1.2121199999999988,22.548012,22.559677,-0.011665000000000703,264.58716,264.1195,0.46765999999996666
2024-07-15 06:00:00,10186.686,10481.397,-294.71100000000115,120.48076,120.62389,-0.1431299999999993,23.065126,23.155153,-0.09002699999999919,265.7255,266.1086,-0.3831000000000131
2024-07-15 07:00:00,12783.291,13119.115,-335.8240000000005,134.46133,135.70747,-1.246139999999997,23.839188,23.76292,0.07626799999999889,267.26154,268.03656,-0.7750199999999836
2024-07-15 08:00:00,13781.985,14075.864,-293.878999999999,140.23897,139.13425,1.1047199999999862,24.539188,24.411797,0.12739099999999937,268.88327,270.04462,-1.1613500000000272
2024-07-15 09:00:00,11185.38,11476.1875,-290.8075000000008,127.55604,126.33105,1.2249899999999911,24.539913,25.229067,-0.689154000000002,272.4472,274.24728,-1.80007999999998
2024-07-15 10:00:00,9387.7295,9518.3,-130.5704999999998,118.94415,116.27374,2.6704099999999897,23.94941,25.673265,-1.7238550000000004,275.5045,278.50583,-3.001329999999996
2024-07-15 11:00:00,8588.774,8700.135,-111.36100000000079,115.45175,112.47245,2.979300000000009,23.017618,25.71853,-2.7009120000000024,277.9269,281.97076,-4.043859999999995
2024-07-15 12:00:00,8189.296,8459.373,-270.0769999999993,114.018135,111.68025,2.337885,21.896862,25.474495,-3.5776330000000023,279.70258,284.80072,-5.098140000000001
2024-07-15 13:00:00,8389.035,8608.604,-219.5689999999995,115.66039,112.63177,3.0286200000000036,21.229357,24.979012,-3.7496550000000006,280.62308,286.77634,-6.153259999999989
2024-07-15 14:00:00,8988.252,9160.964,-172.71199999999953,119.32611,115.9518,3.374309999999994,20.996023,24.342157,-3.3461339999999993,280.8838,287.31445,-6.430650000000014
2024-07-15 15:00:00,10186.686,10295.401,-108.71500000000015,126.030975,122.776,3.2549750000000017,21.261066,23.62098,-2.359914,280.55914,285.9393,-5.380159999999989
2024-07-15 16:00:00,12583.552,12677.005,-93.45299999999952,138.85152,134.97217,3.879349999999988,21.811068,22.919834,-1.1087660000000028,279.66132,282.89874,-3.237419999999986
2024-07-15 17:00:00,15379.897,14926.22,453.6770000000015,153.60762,147.26651,6.341109999999986,22.427734,22.470606,-0.04287199999999913,277.8556,279.21466,-1.3590599999999995
2024-07-15 18:00:00,16578.332,16040.81,537.521999999999,160.03929,154.49179,5.547499999999985,22.949385,22.176609,0.7727760000000004,274.98508,275.41943,-0.4343499999999949
2024-07-15 19:00:00,14181.464,14085.003,96.46099999999933,147.90564,146.69339,1.2122500000000116,22.983559,21.91908,1.0644789999999986,271.61304,271.24304,0.37000000000000455
2024-07-15 20:00:00,11185.38,11270.8125,-85.4325000000008,132.56918,129.08444,3.484739999999988,22.633558,21.684963,0.948595000000001,267.89392,267.21436,0.6795599999999808
2024-07-15 21:00:00,8788.513,8887.963,-99.44999999999891,120.19599,115.11118,5.08480999999999,22.271652,21.434505,0.8371469999999981,266.14133,264.13074,2.0105899999999792
2024-07-15 22:00:00,6391.6455,6615.012,-223.3665000000001,107.9903,105.01057,2.9797300000000035,21.98832,21.308683,0.6796370000000032,264.5284,262.42606,2.1023399999999697
2024-07-15 23:00:00,5392.9507,5409.5938,-16.643099999999322,102.92333,98.57622,4.347110000000001,21.704985,21.253551,0.451433999999999,263.3264,261.36942,1.9569799999999873
2024-07-16 00:00:00,7385.911,5350.747,2035.1639999999998,114.84744,95.57004,19.2774,21.572102,21.19564,0.3764620000000001,262.76138,261.99548,0.7658999999999878
2024-07-16 01:00:00,6043.0186,5512.055,530.9636,108.0641,99.811806,8.252293999999992,21.405434,21.196074,0.2093600000000002,262.46927,262.0514,0.4178699999999935
2024-07-16 02:00:00,5035.8486,4948.901,86.94760000000042,102.89574,97.92349,4.9722500000000025,21.322073,21.150122,0.17195099999999996,262.4539,261.72812,0.7257799999999861
2024-07-16 03:00:00,5035.8486,4733.796,302.0526,102.64322,96.93802,5.705200000000005,21.633081,21.13982,0.4932610000000004,262.7388,261.42017,1.3186300000000415
2024-07-16 04:00:00,6714.4653,6170.567,543.8982999999998,110.4934,103.41484,7.078559999999996,21.961037,21.315556,0.6454810000000002,263.3108,261.40985,1.9009499999999662
2024-07-16 05:00:00,10743.144,11356.657,-613.512999999999,130.11035,127.77009,2.340260000000015,22.311037,21.794418,0.5166189999999986,264.28998,263.01694,1.2730400000000373
2024-07-16 06:00:00,17121.887,16933.78,188.10699999999997,161.46986,156.37396,5.0959,22.761484,22.408882,0.35260200000000097,265.60864,265.0075,0.6011399999999867
2024-07-16 07:00:00,21486.29,21349.148,137.14199999999983,182.52003,180.22478,2.2952499999999816,23.511484,23.050661,0.46082299999999776,267.50677,266.5921,0.914670000000001
2024-07-16 08:00:00,23164.904,22871.324,293.5799999999981,189.92572,186.70154,3.2241800000000183,24.277704,23.842113,0.43559099999999873,269.88992,269.06927,0.8206500000000005
2024-07-16 09:00:00,18800.502,18626.336,174.16600000000108,166.853,171.24207,-4.389070000000004,24.983362,24.681452,0.30190999999999946,274.7133,273.51483,1.1984699999999862
2024-07-16 10:00:00,15778.993,15599.849,179.14400000000023,150.54823,155.07056,-4.522330000000011,25.550474,25.304691,0.24578300000000297,279.52084,278.39905,1.1217900000000327
2024-07-16 11:00:00,14436.1,14174.639,261.46100000000115,142.78122,147.52016,-4.738940000000014,26.017141,25.68757,0.32957099999999784,283.88828,282.70264,1.1856400000000349
2024-07-16 12:00:00,13764.653,13617.444,147.20900000000074,138.46701,144.75949,-6.292480000000012,26.227928,25.885427,0.3425009999999986,287.6193,286.20102,1.4182799999999816
2024-07-16 13:00:00,14100.377,13763.767,336.6100000000006,139.30286,145.18372,-5.880859999999984,26.115969,25.971546,0.14442299999999975,290.02463,288.92465,1.0999800000000164
2024-07-16 14:00:00,15107.547,14850.048,257.4989999999998,143.60063,149.76572,-6.165089999999992,25.998854,25.812057,0.1867970000000021,290.95294,290.27362,0.6793200000000184
2024-07-16 15:00:00,17121.887,16852.6,269.28700000000026,153.071,159.26907,-6.198070000000001,25.632187,25.423395,0.20879199999999898,290.35657,289.67987,0.6766999999999825
2024-07-16 16:00:00,21150.566,21249.867,-99.30099999999948,172.92426,178.84558,-5.921320000000009,25.082634,24.84413,0.23850399999999894,288.287,287.13205,1.1549499999999853
2024-07-16 17:00:00,25850.691,26154.129,-303.4380000000019,196.34207,199.67741,-3.335340000000002,24.549301,24.296642,0.2526590000000013,284.90805,283.48492,1.4231300000000147
2024-07-16 18:00:00,27501.629,27552.54,-50.91100000000006,202.06064,206.08087,-4.020229999999998,24.015968,23.827244,0.18872400000000056,280.39127,279.43613,0.9551400000000285
2024-07-16 19:00:00,23836.352,23959.254,-122.90200000000186,185.94499,188.51044,-2.5654499999999985,23.644594,23.454107,0.19048700000000096,275.52896,274.91464,0.6143199999999638
2024-07-16 20:00:00,18800.502,18794.023,6.47899999999936,160.5643,165.30692,-4.742619999999988,23.310812,23.132717,0.178094999999999,270.6663,271.09598,-0.42968000000001894
2024-07-16 21:00:00,14771.824,14569.764,202.0600000000013,140.383,144.56273,-4.179729999999978,22.817814,22.754848,0.06296599999999941,268.1535,268.3757,-0.22219999999998663
2024-07-16 22:00:00,10743.144,11207.164,-464.02000000000044,120.25981,126.698555,-6.438744999999997,22.472298,22.476011,-0.0037130000000011876,266.11136,266.3259,-0.2145399999999995
2024-07-16 23:00:00,9064.527,9034.673,29.85399999999936,112.08381,110.08278,2.00103,22.138964,22.25079,-0.1118259999999971,264.68423,264.4358,0.24843000000004167
2024-07-17 00:00:00,6932.334,6062.363,869.9709999999995,113.91998,98.49984,15.42013999999999,22.022297,21.896479,0.12581799999999888,263.95053,263.31247,0.6380599999999959
2024-07-17 01:00:00,5671.909,5535.166,136.74299999999948,107.850555,99.75362,8.096935000000002,21.913254,21.826702,0.08655199999999752,263.52567,263.5258,-0.00013000000001284207
2024-07-17 02:00:00,4726.5913,5115.663,-389.0716999999995,103.43798,100.35517,3.082809999999995,21.914625,21.762856,0.1517690000000016,263.39993,263.54547,-0.14554000000003953
2024-07-17 03:00:00,4726.5913,5064.364,-337.77269999999953,103.88858,101.61423,2.2743499999999983,22.115072,21.846266,0.26880600000000143,263.6071,263.72455,-0.11745000000001937
2024-07-17 04:00:00,6302.1216,6446.014,-143.89239999999972,112.44968,109.05759,3.392089999999996,22.37815,22.104542,0.27360800000000296,264.16498,264.2589,-0.0939199999999687
2024-07-17 05:00:00,10083.395,10484.944,-401.54899999999907,132.28673,128.4879,3.7988300000000095,22.74686,22.57439,0.17247000000000057,265.1257,265.32513,-0.19943000000000666
2024-07-17 06:00:00,16070.411,16147.111,-76.70000000000073,163.38757,154.90225,8.485320000000002,23.213528,23.12783,0.08569800000000072,266.35422,266.52133,-0.16710999999997966
2024-07-17 07:00:00,20166.791,20311.451,-144.65999999999985,184.51738,176.86235,7.655030000000011,24.009268,23.661366,0.3479019999999977,268.18015,267.7962,0.3839500000000271
2024-07-17 08:00:00,21742.32,21830.746,-88.42599999999948,192.5311,183.62036,8.910740000000004,24.659267,24.38115,0.27811699999999817,270.51498,270.2315,0.2834799999999973
2024-07-17 09:00:00,17645.941,17329.365,316.5759999999973,171.15935,166.5123,4.647049999999979,25.293049,25.256916,0.03613299999999953,275.3003,274.93945,0.3608499999999708
2024-07-17 10:00:00,14809.986,14568.531,241.45499999999993,156.31935,151.18599,5.133359999999982,25.846636,25.889223,-0.04258700000000104,280.09674,279.9557,0.14104000000003225
2024-07-17 11:00:00,13549.5625,13247.705,301.8575000000001,149.66261,144.3732,5.289410000000004,26.344595,26.265568,0.07902700000000351,284.46054,284.3779,0.0826399999999694
2024-07-17 12:00:00,12919.35,12780.936,138.41400000000067,146.27756,142.28667,3.9908900000000074,26.636473,26.443172,0.19330099999999817,288.18008,288.03043,0.14964999999995143
2024-07-17 13:00:00,13234.456,12972.575,261.8809999999994,147.82463,143.28108,4.54355000000001,26.586025,26.47324,0.1127849999999988,290.53125,290.79932,-0.2680700000000229
2024-07-17 14:00:00,14179.775,13962.026,217.7489999999998,152.68654,148.26569,4.4208500000000015,26.322073,26.258337,0.06373599999999868,291.35477,291.97202,-0.6172500000000127
2024-07-17 15:00:00,16070.411,15815.07,255.34100000000035,162.47798,158.31593,4.162049999999994,25.780844,25.799604,-0.018760000000000332,290.59903,290.95975,-0.36071999999995796
2024-07-17 16:00:00,19851.686,19769.72,81.96600000000035,182.09236,176.59808,5.494280000000003,25.09751,25.192675,-0.0951650000000015,288.3273,288.13635,0.19094999999998663
2024-07-17 17:00:00,24263.168,24354.516,-91.34799999999814,202.06064,196.43126,5.629379999999998,24.464176,24.637047,-0.17287100000000066,284.6959,284.5644,0.13150000000001683
2024-07-17 18:00:00,26153.807,26265.264,-111.45699999999852,202.06064,205.50752,-3.446879999999993,23.89706,24.10813,-0.21106999999999942,279.93317,280.4181,-0.484929999999963
2024-07-17 19:00:00,22372.533,22452.818,-80.28499999999985,195.16187,188.11702,7.044849999999997,23.425013,23.565998,-0.14098500000000058,274.90558,275.26245,-0.3568700000000149
2024-07-17 20:00:00,17645.941,17461.87,184.0709999999999,170.66258,166.59396,4.0686199999999815,22.958794,23.159266,-0.20047199999999776,269.95306,271.09756,-1.1444999999999936
2024-07-17 21:00:00,13864.668,13789.331,75.33699999999953,151.03107,147.4746,3.5564699999999903,22.508793,22.765312,-0.25651900000000083,267.40982,268.1324,-0.7225799999999936
2024-07-17 22:00:00,10083.395,10548.724,-465.3289999999997,131.86435,131.08134,0.7830099999999902,22.22546,22.486132,-0.26067199999999957,265.36346,265.9694,-0.6059400000000323
2024-07-17 23:00:00,8507.864,8464.264,43.600000000000364,124.13032,117.50988,6.620440000000002,21.942125,22.273312,-0.3311869999999999,263.93512,264.12622,-0.19110000000000582
2024-07-18 00:00:00,4623.694,5915.977,-1292.2829999999994,96.190216,107.15189,-10.961673999999988,21.941679,21.951311,-0.009631999999999863,263.22244,263.42612,-0.20368000000001985
2024-07-18 01:00:00,3783.0222,3828.7124,-45.690200000000004,92.321815,92.38595,-0.06413499999999317,21.744146,21.860693,-0.11654700000000062,262.78488,262.87674,-0.09185999999999694
2024-07-18 02:00:00,3152.5186,3016.4456,136.07299999999987,89.527435,87.68188,1.8455549999999903,21.674318,21.741785,-0.06746700000000061,262.61887,262.62436,-0.005490000000008877
2024-07-18 03:00:00,3152.5186,2889.5505,262.96810000000005,89.95832,86.95938,2.9989400000000046,21.840984,21.798016,0.04296799999999834,262.77176,263.04083,-0.2690700000000561
2024-07-18 04:00:00,4203.358,3972.7483,230.60969999999998,95.29044,91.921455,3.3689850000000092,22.124317,22.004189,0.12012800000000112,263.29706,263.52136,-0.22430000000002792
2024-07-18 05:00:00,6725.3726,6819.0293,-93.65670000000046,108.14551,107.0522,1.0933100000000024,22.570482,22.421492,0.14898999999999774,264.2283,264.72787,-0.4995700000000056
2024-07-18 06:00:00,10718.5625,10945.203,-226.64049999999952,128.52803,127.94596,0.5820700000000016,23.220036,23.034071,0.1859649999999995,265.44873,266.38937,-0.9406399999999735
2024-07-18 07:00:00,13450.745,13629.607,-178.86199999999917,142.39182,142.87361,-0.4817900000000179,24.018463,23.708916,0.309547000000002,267.30948,268.0853,-0.7758200000000102
2024-07-18 08:00:00,14501.586,14471.678,29.907999999999447,147.63535,145.57791,2.0574399999999855,24.69752,24.430107,0.26741300000000123,269.70917,270.35602,-0.646850000000029
2024-07-18 09:00:00,11769.401,11791.532,-22.130999999999403,133.40515,133.1421,0.2630499999999927,25.34752,25.248775,0.09874500000000097,274.57587,274.8744,-0.2985299999999711
2024-07-18 10:00:00,9877.891,9989.332,-111.44100000000071,123.47336,123.03936,0.4339999999999975,25.930855,25.868431,0.062424000000000035,279.3589,279.77075,-0.41185000000001537
2024-07-18 11:00:00,9037.219,9120.364,-83.14500000000044,119.00067,118.46775,0.5329200000000043,26.46374,26.264683,0.19905699999999982,283.70493,283.98605,-0.28111999999998716
2024-07-18 12:00:00,8616.884,8829.131,-212.2469999999994,116.79252,117.06744,-0.2749200000000087,26.573204,26.479715,0.09348900000000171,287.38263,287.51846,-0.13582999999999856
2024-07-18 13:00:00,8827.052,8961.5205,-134.46850000000086,117.92586,117.78422,0.14163999999999533,26.44032,26.465832,-0.02551199999999909,289.66306,290.1331,-0.47004000000004
2024-07-18 14:00:00,9457.556,9531.846,-74.28999999999905,121.26044,121.13403,0.12641000000000702,26.127928,26.232906,-0.10497799999999913,290.38864,291.24655,-0.857910000000004
2024-07-18 15:00:00,10718.5625,10749.66,-31.097499999999854,127.91219,127.982635,-0.07044500000000653,25.611261,25.787626,-0.17636500000000055,289.5154,290.40875,-0.8933499999999981
2024-07-18 16:00:00,13240.577,13182.571,58.0059999999994,141.13107,140.29083,0.8402399999999943,24.977928,25.187422,-0.20949400000000296,287.1995,287.74326,-0.5437600000000202
2024-07-18 17:00:00,16182.93,15856.015,326.9150000000009,156.44582,153.87442,2.5714000000000112,24.410812,24.61485,-0.2040380000000006,283.5362,283.93542,-0.3992200000000139
2024-07-18 18:00:00,17443.936,17141.715,302.22100000000137,163.03679,160.54866,2.488129999999984,23.885813,24.10112,-0.2153070000000028,278.8343,279.69186,-0.857560000000035
2024-07-18 19:00:00,14921.922,14867.143,54.77900000000045,150.1094,150.07253,0.0368699999999933,23.303604,23.555555,-0.25195099999999826,273.9313,275.02563,-1.0943299999999567
2024-07-18 20:00:00,11769.401,11816.039,-46.63800000000083,133.85341,132.32626,1.527150000000006,22.94189,23.084238,-0.14234799999999836,269.15747,270.65674,-1.499270000000024
2024-07-18 21:00:00,9247.388,9269.571,-22.182999999999083,120.755714,117.880295,2.8754189999999937,22.59189,22.690836,-0.09894600000000153,266.8615,267.14267,-0.28117000000003145
2024-07-18 22:00:00,6725.3726,6898.1133,-172.7407000000003,107.546104,106.99813,0.5479739999999964,22.392344,22.416307,-0.023962999999998402,265.08505,264.73727,0.3477800000000002
2024-07-18 23:00:00,5674.533,5608.0,66.53300000000036,101.82475,99.48618,2.33856999999999,22.275229,22.196878,0.07835099999999784,263.95294,262.879,1.0739399999999932
2024-07-19 00:00:00,6553.5645,5496.432,1057.1325000000006,103.21308,96.36168,6.851399999999998,22.150229,22.024363,0.12586599999999848,263.4567,262.586,0.8706999999999994
2024-07-19 01:00:00,5362.0073,5278.7725,83.23480000000018,96.79175,97.76778,-0.9760300000000086,22.0,21.990843,0.009156999999998305,263.16913,262.59006,0.5790700000000015
2024-07-19 02:00:00,4468.3394,4622.4404,-154.10100000000057,91.89874,94.853065,-2.954324999999997,21.917114,21.95224,-0.035125999999998214,263.13065,262.18018,0.9504699999999957
2024-07-19 03:00:00,4468.3394,4319.9185,148.42090000000007,91.56734,93.05694,-1.4895999999999958,22.07275,21.989588,0.08316199999999796,263.36386,262.02582,1.3380399999999781
2024-07-19 04:00:00,5957.786,5928.6006,29.1854000000003,98.85749,99.20481,-0.3473199999999963,22.422304,22.171831,0.2504729999999995,263.8926,262.1968,1.6958000000000197
2024-07-19 05:00:00,9532.458,10097.418,-564.9599999999991,116.859245,118.13291,-1.273664999999994,22.877485,22.64862,0.22886499999999899,264.83426,263.8612,0.9730599999999754
2024-07-19 06:00:00,15192.3545,15173.409,18.94549999999981,145.58913,143.64993,1.9391999999999996,23.322073,23.286324,0.03574899999999914,266.10062,266.00793,0.0926900000000046
2024-07-19 07:00:00,19064.916,18976.598,88.3179999999993,165.1422,164.34567,0.79652999999999,24.105635,23.89782,0.20781500000000008,268.03235,267.66162,0.37072999999998046
2024-07-19 08:00:00,20554.363,20249.113,305.25,172.49492,168.86382,3.6311000000000035,24.833567,24.65225,0.18131699999999995,270.4968,270.20898,0.2878200000000106
2024-07-19 09:00:00,16681.8,16367.996,313.8040000000001,152.47057,154.28189,-1.811319999999995,25.594599,25.46088,0.13371899999999926,275.31525,274.94327,0.37198000000000775
2024-07-19 10:00:00,14000.797,13767.91,232.88700000000063,138.54042,140.06305,-1.5226299999999924,26.277924,26.085535,0.1923889999999986,280.11197,279.97565,0.136320000000012
2024-07-19 11:00:00,12809.239,12516.724,292.5149999999994,132.32523,133.3477,-1.0224699999999984,26.577923,26.504112,0.07381099999999918,284.42453,284.215,0.2095300000000293
2024-07-19 12:00:00,12213.461,12059.0625,154.39849999999933,129.24649,131.04736,-1.8008700000000033,26.733334,26.665274,0.06805999999999912,288.04193,287.5199,0.5220299999999725
2024-07-19 13:00:00,12511.351,12230.851,280.5,130.87463,131.79878,-0.9241499999999974,26.517334,26.697363,-0.18002899999999755,290.27072,290.07687,0.19384999999999764
2024-07-19 14:00:00,13405.019,13172.6,232.41899999999987,135.68025,136.36208,-0.6818299999999908,26.184002,26.464031,-0.280028999999999,291.01053,291.15982,-0.1492900000000077
2024-07-19 15:00:00,15192.3545,14914.756,277.59850000000006,145.1475,145.31313,-0.16562999999999306,25.717335,25.99206,-0.2747250000000001,290.30292,290.31204,-0.009120000000052642
2024-07-19 16:00:00,18767.027,18501.418,265.60899999999674,163.81877,162.5391,1.27967000000001,25.28311,25.371141,-0.08803100000000086,288.09863,287.7997,0.2989300000000412
2024-07-19 17:00:00,22937.477,23062.855,-125.37800000000061,185.54765,183.76529,1.7823600000000113,24.816442,24.783617,0.032824999999998994,284.5769,284.1586,0.41830000000004475
2024-07-19 18:00:00,24724.812,25033.281,-308.4689999999973,195.09543,192.62201,2.4734200000000044,24.178595,24.234844,-0.05624899999999755,279.97693,279.7602,0.2167299999999841
2024-07-19 19:00:00,21150.14,21380.107,-229.96700000000055,177.25941,177.62177,-0.36235999999999535,23.66126,23.76657,-0.1053100000000029,275.13416,275.0416,0.09255999999999176
2024-07-19 20:00:00,16681.8,16694.592,-12.79200000000128,154.81403,156.27774,-1.4637099999999919,23.261261,23.370932,-0.10967099999999874,270.2769,270.96915,-0.6922500000000014
2024-07-19 21:00:00,13107.129,12985.308,121.82099999999991,136.86963,136.98274,-0.11311000000000604,22.948885,22.973307,-0.024421999999997723,267.76788,267.78876,-0.02088000000003376
2024-07-19 22:00:00,9532.458,9866.373,-333.91499999999905,118.94232,121.11596,-2.173640000000006,22.665102,22.72336,-0.05825799999999859,263.53415,265.29053,-1.7563799999999787
2024-07-19 23:00:00,8043.011,8001.099,41.91200000000026,111.62943,107.94627,3.683160000000001,22.372074,22.49434,-0.12226599999999976,259.91705,262.65692,-2.7398699999999963
2024-07-20 00:00:00,4700.8965,5852.525,-1151.6284999999998,102.7591,98.08384,4.675260000000009,22.189188,22.18889,0.0002980000000007976,244.14067,246.40303,-2.262360000000001
2024-07-20 01:00:00,3846.188,4127.307,-281.1189999999997,98.51301,93.82372,4.68929,21.924084,22.042402,-0.11831799999999859,241.58055,241.29202,0.2885299999999802
2024-07-20 02:00:00,3205.157,3389.6,-184.44299999999976,95.27841,91.616,3.662409999999994,21.850224,21.972849,-0.12262499999999932,239.24724,240.44234,-1.1950999999999965
2024-07-20 03:00:00,3205.157,3242.2568,-37.09979999999996,95.317986,91.40754,3.9104460000000074,22.029266,22.034916,-0.005649999999999267,237.16605,240.51065,-3.3445999999999856
2024-07-20 04:00:00,4273.5425,4290.1533,-16.61080000000038,100.77892,96.985275,3.793644999999998,22.21394,22.250477,-0.036536999999999153,237.4927,240.6982,-3.2055000000000007
2024-07-20 05:00:00,6837.668,7182.7,-345.03200000000015,113.9603,112.92683,1.0334700000000083,22.523636,22.65221,-0.1285740000000004,238.20432,241.09976,-2.895440000000008
2024-07-20 06:00:00,10897.533,11271.874,-374.34100000000035,134.8748,134.10892,0.7658799999999815,22.974085,23.195532,-0.22144700000000128,239.19142,241.6849,-2.4934800000000052
2024-07-20 07:00:00,13675.336,13839.081,-163.7450000000008,149.07457,149.02821,0.04635999999999285,23.764187,23.765295,-0.0011079999999985546,240.78761,242.2737,-1.4860899999999901
2024-07-20 08:00:00,14743.723,14681.508,62.215000000000146,154.40123,151.3239,3.0773299999999892,24.480408,24.462618,0.017790000000001527,242.89883,243.94322,-1.0443899999999928
2024-07-20 09:00:00,11965.919,11959.808,6.110999999998967,139.65018,138.02238,1.6278000000000077,25.250467,25.277287,-0.026820000000000732,247.42532,248.89563,-1.470310000000012
2024-07-20 10:00:00,10042.825,10212.792,-169.96699999999873,129.43327,127.30398,2.1292899999999975,25.833801,25.898138,-0.06433699999999831,251.97089,253.9411,-1.9702100000000087
2024-07-20 11:00:00,9188.116,9354.269,-166.15300000000025,124.89987,122.48128,2.418590000000009,26.192135,26.256931,-0.06479600000000119,256.11887,257.62045,-1.50157999999999
2024-07-20 12:00:00,8760.762,9024.922,-264.15999999999985,122.64528,120.99819,1.6470900000000057,26.41242,26.377327,0.03509299999999982,259.674,260.294,-0.6200000000000045
2024-07-20 13:00:00,8974.438,9142.233,-167.79500000000007,123.757164,121.68251,2.0746540000000095,26.354088,26.31994,0.034148000000001844,261.91714,262.17914,-0.26200000000000045
2024-07-20 14:00:00,9615.47,9695.506,-80.03600000000006,127.12764,124.73786,2.389780000000002,26.236973,26.063229,0.17374399999999923,262.71817,262.91733,-0.19916000000000622
2024-07-20 15:00:00,10897.533,10830.37,67.16299999999865,133.89005,130.99403,2.896019999999993,25.836525,25.65427,0.1822550000000014,262.08734,262.16452,-0.07717999999999847
2024-07-20 16:00:00,13461.659,13209.875,251.78399999999965,147.36638,143.20653,4.159850000000006,25.255875,25.08822,0.1676549999999999,260.05612,259.6424,0.4137200000000121
2024-07-20 17:00:00,16453.139,16120.238,332.90099999999984,163.03044,158.20218,4.82826,24.72252,24.530155,0.1923649999999988,256.79028,256.17154,0.6187400000000025
2024-07-20 18:00:00,17735.203,17667.209,67.99400000000242,169.7176,166.5461,3.171500000000009,24.197521,24.029358,0.16816299999999984,252.50584,252.49928,0.006560000000007449
2024-07-20 19:00:00,15171.076,14944.458,226.61799999999857,156.27135,153.74492,2.526430000000005,23.780855,23.549276,0.23157899999999998,247.9959,248.09041,-0.09450999999998544
2024-07-20 20:00:00,11965.919,12008.44,-42.52100000000064,139.39551,136.66093,2.734579999999994,23.497074,23.22116,0.2759140000000002,243.56035,244.60413,-1.0437799999999982
2024-07-20 21:00:00,9401.793,9450.0625,-48.269500000000335,125.80958,122.1537,3.6558799999999962,23.210793,22.947887,0.2629059999999974,241.50496,242.36487,-0.8599099999999851
2024-07-20 22:00:00,6837.668,7029.2666,-191.59860000000026,112.24515,111.13286,1.1122900000000016,22.96124,22.736652,0.22458800000000068,239.86179,241.31013,-1.4483399999999733
2024-07-20 23:00:00,5769.2817,5699.748,69.53369999999995,106.51298,102.76427,3.7487100000000027,22.68626,22.52071,0.16554999999999964,238.77246,240.92447,-2.1520100000000184
2024-07-21 00:00:00,4239.749,5560.6274,-1320.8784000000005,83.96847,99.70323,-15.734760000000009,22.475653,22.456617,0.01903599999999983,238.24109,240.00446,-1.7633699999999806
2024-07-21 01:00:00,3468.8855,3473.685,-4.79950000000008,79.89408,86.21501,-6.320930000000004,22.35563,22.312447,0.043183000000002636,237.83498,237.9545,-0.1195199999999943
2024-07-21 02:00:00,2890.738,2828.2305,62.50749999999971,76.80252,80.09528,-3.2927600000000012,22.255182,22.276546,-0.021363999999998384,237.58229,238.10124,-0.5189499999999896
2024-07-21 03:00:00,2890.738,2689.303,201.43499999999995,76.69433,77.08408,-0.3897500000000065,22.253132,22.349398,-0.09626599999999996,237.54295,238.89595,-1.3530000000000086
2024-07-21 04:00:00,3854.3176,3644.3584,209.95919999999978,81.522766,79.318634,2.2041320000000013,22.35,22.499874,-0.14987399999999695,237.7882,239.43948,-1.651280000000014
2024-07-21 05:00:00,6166.9077,6153.7725,13.135199999999713,93.25585,92.01544,1.2404099999999971,22.60921,22.802422,-0.19321199999999905,238.33994,240.08481,-1.7448699999999917
2024-07-21 06:00:00,9828.509,9994.764,-166.2549999999992,111.90164,112.038414,-0.13677400000000262,23.011486,23.331274,-0.3197879999999991,239.18675,241.40486,-2.2181100000000242
2024-07-21 07:00:00,12333.815,12468.164,-134.34900000000016,124.49165,127.246155,-2.7545049999999947,23.727703,23.935907,-0.2082039999999985,240.69391,242.68315,-1.9892400000000237
2024-07-21 08:00:00,13297.3955,13234.873,62.522500000000946,129.12216,130.10968,-0.9875199999999893,24.493921,24.613834,-0.11991300000000038,242.75047,244.36934,-1.618869999999987
2024-07-21 09:00:00,10792.089,10971.413,-179.32400000000052,115.9538,118.87515,-2.921350000000004,25.227703,25.368092,-0.140388999999999,247.28775,248.83899,-1.551240000000007
2024-07-21 10:00:00,9057.6455,9217.195,-159.54949999999917,106.85953,108.6402,-1.7806699999999864,25.815063,25.944818,-0.12975500000000295,251.8818,253.93184,-2.0500399999999956
2024-07-21 11:00:00,8286.782,8360.687,-73.90500000000065,102.872955,103.74451,-0.8715550000000007,26.315512,26.314903,0.0006089999999971951,256.10797,258.02274,-1.9147699999999759
2024-07-21 12:00:00,7901.35,8051.7417,-150.39169999999922,101.00977,102.09093,-1.081159999999997,26.598845,26.5011,0.09774499999999975,259.70016,261.2555,-1.555340000000001
2024-07-21 13:00:00,8094.067,8157.1523,-63.085299999999734,102.23082,102.792114,-0.5612940000000037,26.548397,26.486477,0.06192000000000064,261.94522,263.4549,-1.509680000000003
2024-07-21 14:00:00,8672.214,8683.5625,-11.348500000000058,105.531975,105.95875,-0.42677499999999213,26.341164,26.256271,0.08489299999999744,262.7256,264.00943,-1.2838300000000231
2024-07-21 15:00:00,9828.509,9766.6875,61.821500000000015,111.88284,112.11936,-0.23651999999999873,25.808277,25.869942,-0.06166500000000141,262.00394,263.11176,-1.1078200000000038
2024-07-21 16:00:00,12141.1,11937.856,203.2440000000006,124.25563,123.80142,0.45421000000000333,25.17092,25.281961,-0.11104100000000017,259.83994,260.81738,-0.9774400000000014
2024-07-21 17:00:00,14839.122,14576.878,262.2439999999988,138.61789,139.30853,-0.6906400000000019,24.571365,24.621704,-0.05033900000000102,256.42862,257.49493,-1.0663099999999872
2024-07-21 18:00:00,15995.418,15961.547,33.870999999999185,144.96893,147.42186,-2.452930000000009,23.988033,24.035997,-0.04796399999999679,251.99449,253.75653,-1.7620399999999847
2024-07-21 19:00:00,13682.827,13671.305,11.521999999999025,133.33737,136.36563,-3.0282600000000173,23.537584,23.509825,0.027758999999999645,247.34296,249.23596,-1.8930000000000007
2024-07-21 20:00:00,10792.089,11136.539,-344.4500000000007,118.67926,120.192696,-1.5134359999999987,23.137585,23.103876,0.033709000000001765,242.79118,245.62624,-2.8350599999999986
2024-07-21 21:00:00,8479.498,8548.38,-68.8819999999996,106.94918,106.11905,0.8301299999999969,22.738739,22.764381,-0.025642000000001275,240.64833,243.29193,-2.6436000000000206
2024-07-21 22:00:00,6166.9077,6352.8984,-185.9907000000003,95.36885,96.3168,-0.9479500000000058,22.505407,22.486048,0.01935900000000146,241.05757,242.38779,-1.330219999999997
2024-07-21 23:00:00,5203.328,5266.4243,-63.096299999999246,90.775,89.53837,1.2366300000000052,22.245302,22.219574,0.02572799999999731,242.02605,242.30037,-0.2743199999999888
2024-07-22 00:00:00,3294.825,5476.4165,-2181.5915000000005,78.69966,89.36344,-10.663780000000003,22.17912,22.259617,-0.0804969999999976,256.4093,254.06078,2.3485199999999793
2024-07-22 01:00:00,2695.7656,2782.0415,-86.27589999999964,75.90036,80.10366,-4.203299999999999,22.062004,22.113447,-0.05144299999999902,258.2502,259.19348,-0.9432800000000157
2024-07-22 02:00:00,2246.4714,2241.2134,5.257999999999811,74.0052,76.6422,-2.6370000000000005,21.97278,22.120754,-0.14797400000000138,260.29385,260.3337,-0.03985000000000127
2024-07-22 03:00:00,2246.4714,2176.346,70.1253999999999,74.63682,75.08006,-0.44324000000000296,22.055855,22.20043,-0.14457499999999968,262.5869,261.4725,1.1143999999999892
2024-07-22 04:00:00,2995.2954,3054.653,-59.35759999999982,79.19123,77.55352,1.6377099999999984,22.289188,22.39305,-0.10386199999999945,263.03506,262.30432,0.7307399999999689
2024-07-22 05:00:00,4792.472,5172.0923,-379.6203000000005,89.42543,88.16798,1.2574500000000057,22.639187,22.771116,-0.13192899999999952,263.85068,263.21387,0.6368100000000254
2024-07-22 06:00:00,7638.003,7957.581,-319.57800000000043,105.2869,104.07631,1.2105899999999963,23.28874,23.353146,-0.06440599999999819,264.92065,265.01193,-0.09127999999998337
2024-07-22 07:00:00,9584.944,10032.655,-447.71100000000115,116.27116,115.80053,0.4706299999999999,24.093885,24.007715,0.08616999999999919,266.66992,266.8623,-0.1923800000000142
2024-07-22 08:00:00,10333.769,10629.708,-295.9390000000003,120.77785,116.50381,4.274039999999999,24.677668,24.696531,-0.01886299999999963,269.01117,269.0493,-0.038130000000023756
2024-07-22 09:00:00,8386.827,8353.447,33.3799999999992,110.64296,107.39526,3.247700000000009,25.311262,25.406248,-0.09498600000000224,273.82953,273.57843,0.25109999999995125
2024-07-22 10:00:00,7038.9434,6989.8613,49.08210000000054,103.697014,100.33113,3.365883999999994,25.950413,25.951431,-0.001017999999998409,278.5902,278.41397,0.17622999999997546
2024-07-22 11:00:00,6439.8843,6391.657,48.22729999999956,100.77759,97.3778,3.39979000000001,26.388964,26.312181,0.07678300000000249,282.90356,282.38507,0.5184900000000425
2024-07-22 12:00:00,6140.355,6160.2363,-19.88130000000001,99.50127,96.7141,2.7871700000000033,26.521849,26.472786,0.0490630000000003,286.57098,285.73126,0.8397199999999998
2024-07-22 13:00:00,6290.1196,6218.748,71.3716000000004,100.679436,97.71478,2.964655999999991,26.355183,26.447134,-0.09195099999999812,288.8217,288.37582,0.44588000000004513
2024-07-22 14:00:00,6739.4146,6587.389,152.02559999999994,103.4804,100.74794,2.732460000000003,26.010624,26.22526,-0.21463599999999872,289.42996,289.8185,-0.3885399999999777
2024-07-22 15:00:00,7638.003,7428.519,209.48399999999947,108.660904,106.280525,2.380379000000005,25.49396,25.808695,-0.3147349999999989,288.45905,289.54623,-1.0871799999999894
2024-07-22 16:00:00,9435.18,9228.621,206.5590000000011,118.61769,115.87131,2.746380000000002,24.754807,25.2493,-0.49449300000000207,286.00928,287.43332,-1.4240399999999909
2024-07-22 17:00:00,11531.887,11504.902,26.985000000000582,130.0817,128.66684,1.4148600000000044,24.18769,24.599852,-0.4121619999999986,282.2254,283.71527,-1.4898699999999963
2024-07-22 18:00:00,12430.475,12641.69,-211.21500000000015,134.94865,135.9181,-0.9694500000000232,23.620577,23.997955,-0.3773780000000002,277.405,279.22974,-1.8247400000000198
2024-07-22 19:00:00,10633.298,10934.787,-301.4889999999996,125.157364,126.429245,-1.2718809999999934,23.00391,23.46746,-0.4635499999999979,272.36133,274.15457,-1.7932399999999689
2024-07-22 20:00:00,8386.827,8705.619,-318.7920000000013,112.80855,112.9615,-0.15295000000000414,22.582697,22.95026,-0.36756300000000053,267.48215,269.8122,-2.3300500000000284
2024-07-22 21:00:00,6589.6494,6547.405,42.244400000000496,102.80825,101.81974,0.9885100000000051,22.132696,22.527643,-0.39494700000000194,265.08337,266.5149,-1.4315300000000093
2024-07-22 22:00:00,4792.472,4929.924,-137.45200000000023,93.05764,94.52463,-1.4669899999999956,21.849365,22.180887,-0.33152199999999965,263.27975,264.38165,-1.1019000000000005
2024-07-22 23:00:00,4043.6484,4216.252,-172.60360000000037,88.942665,89.68592,-0.7432549999999907,21.68225,21.87215,-0.1899000000000015,262.18088,262.7717,-0.5908200000000079
2024-07-23 00:00:00,5667.07,5051.093,615.9769999999999,115.53144,89.08168,26.449759999999998,21.651085,21.648403,0.002682000000000073,261.7335,262.94766,-1.2141599999999926
2024-07-23 01:00:00,4636.694,4740.27,-103.57600000000002,110.184746,98.79642,11.388326000000006,21.634417,21.65804,-0.023623000000000616,261.53534,263.34402,-1.8086799999999812
2024-07-23 02:00:00,3863.9114,4182.54,-318.6286,106.10587,97.272125,8.833744999999993,21.538965,21.667122,-0.12815699999999808,261.58347,262.96234,-1.3788700000000063
2024-07-23 03:00:00,3863.9114,4070.7668,-206.85539999999992,105.817566,96.50618,9.311385999999999,21.705631,21.657633,0.04799799999999976,261.89316,262.55386,-0.660699999999963
2024-07-23 04:00:00,5151.882,5108.5547,43.32729999999992,111.65807,101.57211,10.08596,21.988962,21.781286,0.2076759999999993,262.44693,262.42474,0.022190000000023247
2024-07-23 05:00:00,8243.012,8981.125,-738.1129999999994,126.51982,120.29111,6.228709999999992,22.405184,22.19454,0.2106439999999985,263.31558,263.11063,0.20494999999999663
2024-07-23 06:00:00,13137.299,13432.32,-295.0209999999988,150.4325,144.49995,5.932549999999992,22.887209,22.78224,0.10496899999999698,264.49265,264.80487,-0.31221999999996797
2024-07-23 07:00:00,16486.023,16712.09,-226.0669999999991,166.3814,164.09506,2.286340000000024,23.587208,23.356413,0.23079500000000053,266.3135,266.19376,0.11973999999997886
2024-07-23 08:00:00,17773.992,17883.635,-109.64300000000003,171.77992,168.46483,3.315089999999998,24.287207,24.053898,0.23330899999999843,268.68607,268.42676,0.25930999999997084
2024-07-23 09:00:00,14425.2705,14570.677,-145.40649999999914,153.66531,154.94083,-1.2755200000000002,24.98721,24.843601,0.14360900000000143,273.5398,273.14667,0.39313000000004195
2024-07-23 10:00:00,12106.922,12336.819,-229.89699999999903,140.74489,141.525,-0.7801100000000076,25.646265,25.456139,0.19012599999999935,278.38562,278.29904,0.0865800000000263
2024-07-23 11:00:00,11076.546,11262.167,-185.62099999999919,134.42412,135.08449,-0.6603700000000003,26.22915,25.864174,0.3649760000000022,282.80078,282.6826,0.11817999999999529
2024-07-23 12:00:00,10561.357,10858.674,-297.3170000000009,130.83478,132.84238,-2.0075999999999965,26.414688,26.10399,0.31069800000000214,286.56635,286.17926,0.3870900000000006
2024-07-23 13:00:00,10818.952,10990.119,-171.16700000000128,131.30324,133.01813,-1.7148900000000253,26.239187,26.163443,0.07574400000000026,288.95837,288.8274,0.1309699999999907
2024-07-23 14:00:00,11591.734,11766.816,-175.08200000000033,134.50679,136.63664,-2.1298500000000047,26.005856,25.939919,0.06593700000000169,289.80515,289.80777,-0.0026199999999789725
2024-07-23 15:00:00,13137.299,13250.506,-113.20699999999852,141.7232,144.41394,-2.6907400000000052,25.570093,25.498627,0.07146600000000092,289.02933,288.73114,0.2981900000000337
2024-07-23 16:00:00,16228.429,16043.073,185.35599999999977,156.99457,158.40892,-1.4143499999999847,25.00298,24.945707,0.05727300000000213,286.7377,286.0368,0.7008999999999901
2024-07-23 17:00:00,19834.746,19775.63,59.11599999999817,175.0912,176.35828,-1.2670800000000213,24.382885,24.384197,-0.0013119999999986476,283.1084,282.29288,0.8155199999999923
2024-07-23 18:00:00,21380.31,21438.855,-58.544999999998254,182.89212,183.3644,-0.4722799999999836,23.733334,23.831259,-0.09792500000000004,278.3775,277.97495,0.4025500000000193
2024-07-23 19:00:00,18289.182,18291.523,-2.3410000000003492,167.2024,169.15709,-1.9546899999999994,23.175499,23.399178,-0.22367900000000063,273.38358,273.54892,-0.1653400000000147
2024-07-23 20:00:00,14425.2705,14514.917,-89.64649999999892,147.66469,149.42667,-1.761979999999994,22.7755,22.977596,-0.2020959999999974,268.4698,269.67383,-1.2040299999999888
2024-07-23 21:00:00,11334.14,11468.455,-134.3150000000005,132.1179,131.96625,0.1516499999999894,22.394594,22.552958,-0.15836399999999884,265.9645,266.61237,-0.6478700000000117
2024-07-23 22:00:00,8243.012,8691.214,-448.2019999999993,116.65022,117.99347,-1.3432499999999976,22.16932,22.253002,-0.08368199999999959,263.95923,264.46072,-0.5014899999999898
2024-07-23 23:00:00,6955.0405,7035.7812,-80.74070000000029,110.462234,106.66327,3.798963999999998,21.835985,22.024399,-0.18841399999999808,262.56302,262.66498,-0.10196000000001959
2024-07-24 00:00:00,6106.0146,5629.8306,476.1840000000002,99.85006,100.04894,-0.1988800000000026,21.6031,21.739622,-0.13652199999999937,261.80933,262.18085,-0.37152000000003227
2024-07-24 01:00:00,4995.83,4679.919,315.91100000000006,94.75039,94.63738,0.11301000000000272,21.319767,21.664417,-0.34465000000000146,261.2706,261.45734,-0.18673999999998614
2024-07-24 02:00:00,4163.192,4137.1104,26.081600000000435,91.07752,91.758484,-0.6809639999999888,21.153101,21.526789,-0.37368800000000135,260.9858,260.96686,0.018939999999986412
2024-07-24 03:00:00,4163.192,4107.5107,55.68130000000019,91.591354,91.16209,0.4292639999999892,21.233109,21.475164,-0.24205500000000058,261.02924,260.80487,0.22437000000002172
2024-07-24 04:00:00,5550.9224,5444.2524,106.67000000000007,99.070244,96.790955,2.2792890000000057,21.540821,21.60145,-0.06062899999999871,261.42307,260.93158,0.49148999999999887
2024-07-24 05:00:00,8881.477,8957.39,-75.91299999999865,116.28193,114.1764,2.1055300000000017,21.940823,22.031626,-0.09080299999999752,262.27505,262.1351,0.1399499999999989
2024-07-24 06:00:00,14154.853,14016.985,137.86799999999857,143.20616,139.45628,3.7498800000000188,22.391272,22.659103,-0.26783100000000104,263.46735,264.0569,-0.5895499999999743
2024-07-24 07:00:00,17762.953,17677.113,85.84000000000015,161.49622,159.63426,1.861959999999982,23.200447,23.27776,-0.07731300000000019,265.3541,265.66663,-0.3125299999999811
2024-07-24 08:00:00,19150.684,18899.062,251.6219999999994,168.43477,164.01276,4.42201,23.900448,23.983597,-0.08314899999999881,267.7435,267.8967,-0.15320000000002665
2024-07-24 09:00:00,15542.584,15248.904,293.6800000000003,149.93364,149.49536,0.4382799999999918,24.666668,24.74988,-0.08321199999999962,272.5334,272.37387,0.1595299999999611
2024-07-24 10:00:00,13044.668,12899.701,144.96700000000055,137.0615,136.06506,0.9964400000000069,25.22562,25.35248,-0.12686000000000064,277.32837,277.26596,0.062409999999999854
2024-07-24 11:00:00,11934.483,11777.482,157.0010000000002,131.27176,129.87305,1.3987099999999941,25.592287,25.723757,-0.1314700000000002,281.65228,281.52353,0.128750000000025
2024-07-24 12:00:00,11379.392,11374.657,4.735000000000582,128.30054,127.76895,0.5315900000000084,25.809402,25.88243,-0.07302800000000076,285.3228,285.07318,0.24961999999999307
2024-07-24 13:00:00,11656.9375,11541.782,115.15550000000076,129.57045,128.45866,1.111789999999985,25.650225,25.882772,-0.23254700000000028,287.5994,287.7672,-0.16779999999999973
2024-07-24 14:00:00,12489.575,12399.516,90.0590000000011,133.66043,132.5636,1.0968299999999829,25.416891,25.630144,-0.2132530000000017,288.37134,288.8723,-0.5009600000000205
2024-07-24 15:00:00,14154.853,14005.408,149.4449999999997,142.02753,140.8689,1.1586300000000165,24.966444,25.179491,-0.21304699999999954,287.62073,287.9794,-0.3586700000000178
2024-07-24 16:00:00,17485.406,17211.68,273.72599999999875,158.90762,156.54468,2.362940000000009,24.38311,24.60929,-0.22618000000000293,285.3569,285.4252,-0.06830000000002201
2024-07-24 17:00:00,21371.05,21192.908,178.14199999999983,178.61496,176.0097,2.605259999999987,23.799776,24.071747,-0.2719709999999971,281.7846,281.8657,-0.08109999999999218
2024-07-24 18:00:00,23036.328,23148.88,-112.55199999999968,187.02731,185.70135,1.3259600000000091,23.179115,23.523287,-0.34417200000000037,277.12726,277.5791,-0.45184000000000424
2024-07-24 19:00:00,19705.775,19587.629,118.14600000000064,170.04129,171.20068,-1.159390000000002,22.712448,22.980495,-0.2680470000000028,272.2429,272.66165,-0.41874999999998863
2024-07-24 20:00:00,15542.584,15455.539,87.04500000000007,148.79208,150.45757,-1.6654900000000055,22.36341,22.510996,-0.14758600000000044,267.4505,268.4484,-0.9979000000000156
2024-07-24 21:00:00,12212.029,12194.848,17.181000000000495,131.72798,131.69266,0.0353200000000129,22.079628,22.07277,0.006858000000001141,265.08304,265.2273,-0.14426000000003114
2024-07-24 22:00:00,8881.477,9197.281,-315.8040000000001,115.15964,116.63893,-1.479290000000006,21.896297,21.827963,0.06833400000000012,263.2472,263.0436,0.20359999999999445
2024-07-24 23:00:00,7493.745,7450.294,43.45100000000002,108.499214,104.826485,3.6727289999999897,21.662962,21.66059,0.002372000000001151,262.0054,261.31555,0.6898500000000354
2024-07-25 00:00:00,6454.524,5767.8354,686.6886000000004,105.203514,97.07249,8.131023999999996,21.551188,21.413671,0.137516999999999,261.4474,260.94208,0.5053200000000402
2024-07-25 01:00:00,5280.974,5190.962,90.01199999999972,99.60496,96.02663,3.5783300000000082,21.324,21.34601,-0.022009999999998087,261.1399,260.89343,0.24646999999998798
2024-07-25 02:00:00,4400.8115,4572.8193,-172.00780000000032,95.46758,94.67417,0.7934099999999944,21.323551,21.290522,0.03302899999999909,261.06973,260.7423,0.32742999999999256
2024-07-25 03:00:00,4400.8115,4526.37,-125.5585000000001,95.82006,95.091576,0.7284839999999946,21.606436,21.360128,0.24630799999999908,261.27426,260.8108,0.4634600000000546
2024-07-25 04:00:00,5867.749,5946.905,-79.15599999999995,103.20853,101.99372,1.21481,21.900515,21.625448,0.27506699999999995,261.85574,261.34637,0.5093700000000467
2024-07-25 05:00:00,9388.398,9822.071,-433.6730000000007,121.090126,120.41507,0.6750559999999979,22.250515,22.129028,0.12148699999999835,262.9007,262.76462,0.13607999999999265
2024-07-25 06:00:00,14962.761,15047.776,-85.01499999999942,149.47324,145.46782,4.005420000000015,22.86763,22.758398,0.10923199999999866,264.27533,264.625,-0.34967000000000326
2024-07-25 07:00:00,18776.799,18770.8,5.998999999999796,168.80391,165.767,3.036910000000006,23.728151,23.406265,0.32188599999999923,266.2417,266.1683,0.07339999999999236
2024-07-25 08:00:00,20243.734,20142.371,101.3630000000012,176.11786,171.41466,4.70320000000001,24.552704,24.154167,0.3985369999999975,268.684,268.51602,0.16798000000000002
2024-07-25 09:00:00,16429.7,16135.551,294.14900000000125,156.379,155.94685,0.4321499999999787,25.230047,25.014133,0.21591399999999794,273.54837,273.2958,0.2525699999999915
2024-07-25 10:00:00,13789.211,13557.047,232.16399999999885,142.67172,141.6932,0.9785200000000032,25.697163,25.655035,0.04212799999999817,278.28152,278.54636,-0.2648399999999924
2024-07-25 11:00:00,12615.661,12338.796,276.8649999999998,136.55307,135.40674,1.1463299999999776,26.06383,26.022186,0.041643999999998016,282.53613,282.90103,-0.36489999999997735
2024-07-25 12:00:00,12028.886,11893.411,135.47500000000036,133.53078,133.41862,0.11215999999998871,26.091824,26.173422,-0.08159799999999962,286.08063,286.32916,-0.24853000000001657
2024-07-25 13:00:00,12322.273,12066.607,255.66599999999926,135.08534,134.38483,0.7005100000000084,25.96374,26.136694,-0.17295399999999717,288.2424,288.83258,-0.5901800000000321
2024-07-25 14:00:00,13202.436,12988.9,213.53600000000006,139.6993,139.0026,0.6966999999999928,25.688293,25.89129,-0.20299699999999987,288.90137,289.85678,-0.955410000000029
2024-07-25 15:00:00,14962.761,14673.262,289.4989999999998,148.90573,147.92358,0.9821500000000185,25.166061,25.439262,-0.27320100000000025,288.03665,289.0057,-0.9690499999999815
2024-07-25 16:00:00,18483.41,18166.95,316.4599999999991,167.20932,164.84299,2.366330000000005,24.488203,24.835167,-0.34696399999999983,285.78247,286.46057,-0.678100000000029
2024-07-25 17:00:00,22590.836,22660.77,-69.9340000000011,188.44037,185.51788,2.9224900000000105,23.90487,24.238272,-0.33340199999999953,282.20523,282.78802,-0.5827900000000454
2024-07-25 18:00:00,24351.16,24772.53,-421.369999999999,197.5415,195.6908,1.8507000000000176,23.429869,23.695,-0.2651310000000002,277.52118,278.50552,-0.9843399999999747
2024-07-25 19:00:00,20830.51,21025.564,-195.0540000000001,179.50906,180.80592,-1.296859999999981,22.974619,23.169384,-0.1947650000000003,272.54062,273.55304,-1.01242000000002
2024-07-25 20:00:00,16429.7,16416.287,13.413000000000466,156.91321,159.33958,-2.42637000000002,22.540838,22.743504,-0.20266600000000068,267.62653,269.32425,-1.697720000000004
2024-07-25 21:00:00,12909.048,12891.767,17.28100000000086,138.78879,140.04538,-1.2565899999999885,21.990839,22.320585,-0.3297460000000001,265.11685,266.05826,-0.941410000000019
2024-07-25 22:00:00,9388.398,9763.35,-374.95200000000114,120.55159,123.928856,-3.3772659999999917,21.657505,22.014143,-0.35663800000000023,262.98453,263.58795,-0.6034199999999714
2024-07-25 23:00:00,7921.461,7873.135,48.32600000000002,112.78571,110.34728,2.4384299999999968,21.374172,21.761782,-0.3876099999999987,261.4701,261.43692,0.03318000000001575
2024-07-26 00:00:00,3489.882,5840.0522,-2350.1702,64.5787,100.70164,-36.12294,21.149172,21.4332,-0.2840279999999993,260.67477,260.19012,0.48465000000004466
2024-07-26 01:00:00,2855.358,2406.009,449.34900000000016,60.984783,65.34275,-4.357966999999995,20.965837,21.172684,-0.20684699999999978,260.16547,258.31577,1.8497000000000412
2024-07-26 02:00:00,2379.465,1680.3145,699.1505000000002,58.20268,53.071617,5.1310629999999975,20.951277,21.08318,-0.13190299999999766,259.91595,258.4919,1.4240500000000225
2024-07-26 03:00:00,2379.465,1664.8972,714.5678,57.898342,49.18215,8.716192,21.07485,21.159428,-0.08457799999999693,259.9327,259.22153,0.7111700000000383
2024-07-26 04:00:00,3172.6199,2633.529,539.0909000000001,61.72746,51.655544,10.071916000000002,21.308184,21.32762,-0.0194359999999989,260.3233,259.64325,0.6800499999999943
2024-07-26 05:00:00,5076.192,4912.9624,163.22959999999966,71.332535,63.397408,7.935126999999994,21.658184,21.612093,0.046090999999996995,261.15222,260.1576,0.9946199999999976
2024-07-26 06:00:00,8090.1807,7930.8926,159.28809999999976,86.70725,80.10576,6.601489999999998,22.12485,22.170422,-0.045571999999999946,262.27744,261.46542,0.8120200000000182
2024-07-26 07:00:00,10152.384,10107.757,44.62700000000041,97.055824,92.49425,4.561574000000007,23.078756,22.870096,0.2086599999999983,264.13486,263.66095,0.4739099999999894
2024-07-26 08:00:00,10945.539,10814.727,130.8119999999999,100.82597,94.556755,6.269215000000003,23.860813,23.66047,0.20034300000000016,266.5963,266.3951,0.20119999999997162
2024-07-26 09:00:00,8883.335,8416.594,466.741,89.80347,85.27586,4.52761000000001,24.694595,24.48472,0.20987500000000026,271.52322,270.9558,0.5674199999999701
2024-07-26 10:00:00,7455.6567,7089.6587,365.9979999999996,82.06822,78.502014,3.566205999999994,25.377928,25.148247,0.22968099999999936,276.53583,275.7317,0.8041299999999865
2024-07-26 11:00:00,6821.133,6568.053,253.07999999999993,78.53758,75.838066,2.6995140000000077,25.777927,25.61071,0.16721699999999728,281.0992,279.90524,1.1939600000000041
2024-07-26 12:00:00,6503.8706,6423.1694,80.70120000000043,76.74131,75.24219,1.499120000000005,26.103682,25.825249,0.2784329999999997,285.00552,283.43747,1.568049999999971
2024-07-26 13:00:00,6662.502,6536.594,125.90800000000036,77.571915,75.7634,1.8085149999999999,26.053234,25.842775,0.21045900000000017,287.44757,286.14093,1.306639999999959
2024-07-26 14:00:00,7138.395,6935.3013,203.09370000000035,80.17795,77.83993,2.33802,25.855406,25.638178,0.21722799999999864,288.33185,287.48438,0.8474699999999871
2024-07-26 15:00:00,8090.1807,7895.321,194.85969999999998,85.36473,82.7462,2.6185299999999927,25.372522,25.276075,0.09644700000000128,287.6939,287.16052,0.5333799999999655
2024-07-26 16:00:00,9993.753,9948.891,44.86200000000099,95.585846,92.69492,2.8909260000000074,24.869287,24.734877,0.13440999999999903,285.5235,285.09976,0.42374000000000933
2024-07-26 17:00:00,12214.586,12141.485,73.10099999999875,107.444534,106.17402,1.2705140000000057,24.40262,24.213488,0.1891319999999972,282.0349,281.79807,0.23682999999999765
2024-07-26 18:00:00,13166.372,13290.821,-124.44900000000052,112.691345,115.09558,-2.404235,23.885506,23.751255,0.134250999999999,277.4518,277.75732,-0.30552000000000135
2024-07-26 19:00:00,11262.801,11376.27,-113.46900000000096,103.118935,105.12331,-2.0043750000000102,23.465382,23.170456,0.29492600000000024,272.61694,272.3314,0.2855400000000259
2024-07-26 20:00:00,8883.335,8944.617,-61.28200000000106,91.0656,90.6035,0.4621000000000066,23.049164,22.745543,0.3036209999999997,267.81613,267.71652,0.09960999999998421
2024-07-26 21:00:00,6979.764,6762.6025,217.16150000000016,81.445145,79.3224,2.1227449999999948,22.582945,22.421188,0.16175699999999793,265.44272,264.3631,1.079620000000034
2024-07-26 22:00:00,5076.192,4987.027,89.16499999999996,71.83467,72.83078,-0.9961100000000016,22.219511,22.184072,0.03543900000000022,261.47308,262.17932,-0.7062400000000366
2024-07-26 23:00:00,4283.037,4181.1357,101.90130000000045,67.89366,70.36514,-2.4714799999999997,22.036179,21.946686,0.08949300000000093,258.0814,259.9265,-1.8451000000000022
2024-07-27 00:00:00,6342.9814,5238.547,1104.4344,106.52074,75.46308,31.05766,22.03573,21.718206,0.31752400000000236,242.56325,244.55931,-1.99606
2024-07-27 01:00:00,5189.7124,5485.0635,-295.35109999999986,100.76985,87.269875,13.499975000000006,21.852396,21.543646,0.30874999999999986,240.18715,239.5,0.6871500000000026
2024-07-27 02:00:00,4324.7603,4844.169,-519.4087,96.4857,86.0316,10.454099999999997,21.716444,21.515087,0.201356999999998,238.05415,238.49667,-0.4425200000000018
2024-07-27 03:00:00,4324.7603,4663.169,-338.40869999999995,96.54736,84.99223,11.555129999999991,21.874859,21.524746,0.35011300000000034,236.15982,237.85628,-1.6964600000000019
2024-07-27 04:00:00,5766.3467,5811.3926,-45.045900000000074,103.81209,90.97273,12.83936,22.108192,21.713608,0.39458399999999827,236.57242,237.90735,-1.3349300000000142
2024-07-27 05:00:00,9226.155,10377.102,-1150.9470000000001,121.337234,113.29489,8.042344,22.488234,22.184889,0.3033450000000002,237.35612,238.93184,-1.5757199999999898
2024-07-27 06:00:00,14704.186,15261.485,-557.2990000000009,149.16328,142.3658,6.797479999999979,23.021118,22.89803,0.12308800000000275,238.4154,240.88823,-2.4728299999999876
2024-07-27 07:00:00,18452.31,19189.469,-737.1589999999997,168.18057,165.41785,2.7627200000000016,23.777338,23.601143,0.17619499999999988,240.05629,241.84045,-1.7841600000000142
2024-07-27 08:00:00,19893.896,20322.566,-428.66999999999825,175.46765,169.46457,6.003079999999983,24.414188,24.416168,-0.0019799999999996487,242.1878,243.60593,-1.4181299999999908
2024-07-27 09:00:00,16145.772,16374.396,-228.6239999999998,156.31483,155.42497,0.8898599999999988,25.114187,25.210354,-0.09616699999999767,246.73396,247.79857,-1.064610000000016
2024-07-27 10:00:00,13550.916,13851.883,-300.96700000000055,143.10666,141.57079,1.535870000000017,25.697521,25.813885,-0.1163640000000008,251.27007,252.3646,-1.0945299999999918
2024-07-27 11:00:00,12397.6455,12643.002,-245.35649999999987,137.31635,134.88179,2.4345600000000047,26.172073,26.166601,0.005472000000001032,255.38654,256.03036,-0.6438199999999767
2024-07-27 12:00:00,11821.011,12203.438,-382.4269999999997,134.52797,132.93527,1.5927000000000078,26.464329,26.297909,0.16641999999999868,258.89572,258.66263,0.23309000000000424
2024-07-27 13:00:00,12109.329,12356.109,-246.78000000000065,136.22462,134.07259,2.1520299999999963,26.339777,26.29155,0.048227000000000686,261.11987,260.57123,0.5486399999999776
2024-07-27 14:00:00,12974.28,13235.394,-261.1139999999996,140.89346,138.99701,1.8964500000000157,26.090225,26.0394,0.050824999999999676,261.94373,261.37268,0.5710500000000138
2024-07-27 15:00:00,14704.186,14909.328,-205.14199999999983,150.02069,148.28,1.7406900000000007,25.623558,25.573362,0.050195999999999685,261.34576,260.8537,0.49205999999998085
2024-07-27 16:00:00,18163.992,18453.596,-289.604000000003,167.96158,165.57138,2.390199999999993,25.090223,24.984922,0.10530100000000076,259.33524,258.7262,0.6090399999999931
2024-07-27 17:00:00,22200.438,23056.906,-856.4680000000008,188.77974,185.84406,2.9356799999999907,24.631445,24.41243,0.21901499999999885,256.05368,255.35036,0.7033199999999908
2024-07-27 18:00:00,23930.34,24970.81,-1040.4700000000012,197.79665,193.17053,4.626119999999986,24.106443,23.894928,0.21151499999999857,251.73102,250.78694,0.9440800000000138
2024-07-27 19:00:00,20470.533,21245.275,-774.742000000002,180.29395,178.19261,2.1013399999999933,23.573557,23.528011,0.04554600000000164,247.14136,245.89243,1.2489300000000014
2024-07-27 20:00:00,16145.772,16541.955,-396.1830000000009,158.32022,157.51237,0.807850000000002,23.15734,23.218016,-0.06067599999999729,242.56656,242.164,0.40256000000002246
2024-07-27 21:00:00,12685.963,12892.819,-206.85599999999977,140.75826,139.24774,1.5105200000000139,22.75734,22.888943,-0.1316030000000019,240.29668,240.01927,0.27741000000000327
2024-07-27 22:00:00,9226.155,9944.035,-717.8799999999992,123.22211,124.41395,-1.1918399999999991,22.474007,22.629807,-0.15579999999999927,238.39207,239.11935,-0.7272800000000075
2024-07-27 23:00:00,7784.5684,8094.642,-310.0735999999997,116.066216,111.426216,4.640000000000001,22.106892,22.357752,-0.25086000000000297,237.05566,239.06644,-2.010780000000011
2024-07-28 00:00:00,6088.378,5928.892,159.48599999999988,102.64568,102.847824,-0.2021440000000041,21.771626,22.093088,-0.32146200000000036,236.32678,237.54224,-1.215459999999979
2024-07-28 01:00:00,4981.4,4888.6436,92.7563999999993,97.32807,95.42161,1.9064599999999956,21.53951,21.844414,-0.3049040000000005,235.82742,236.46046,-0.6330400000000225
2024-07-28 02:00:00,4151.167,4374.4297,-223.2626999999993,93.399124,93.06936,0.3297639999999973,21.418432,21.717686,-0.29925400000000124,235.59978,236.5328,-0.9330199999999991
2024-07-28 03:00:00,4151.167,4313.1377,-161.97069999999985,93.58313,92.60843,0.9746999999999986,21.585098,21.698345,-0.11324700000000121,235.73055,236.9363,-1.2057499999999948
2024-07-28 04:00:00,5534.889,5547.745,-12.855999999999767,100.73242,98.14964,2.5827799999999996,21.952312,21.85438,0.09793200000000013,236.22954,237.13872,-0.9091800000000205
2024-07-28 05:00:00,8855.822,9104.931,-249.10900000000038,117.65764,116.29871,1.3589300000000009,22.518532,22.285452,0.23308000000000106,237.08258,237.69514,-0.612560000000002
2024-07-28 06:00:00,14113.968,14128.803,-14.834999999999127,144.41357,140.95396,3.459609999999998,22.995464,22.941074,0.05438999999999794,238.22461,239.0852,-0.8605899999999735
2024-07-28 07:00:00,17711.646,17609.582,102.06400000000212,162.66644,160.19405,2.47238999999999,23.695463,23.592436,0.10302700000000087,239.94684,240.50586,-0.5590200000000038
2024-07-28 08:00:00,19095.37,18903.61,191.7599999999984,169.69055,165.65549,4.035060000000016,24.395462,24.314455,0.08100699999999961,242.13577,242.47365,-0.3378799999999842
2024-07-28 09:00:00,15497.69,15249.42,248.27000000000044,151.50755,151.07089,0.4366600000000176,25.095465,25.111996,-0.016531000000000518,246.67435,246.88693,-0.21258000000000266
2024-07-28 10:00:00,13006.989,12865.499,141.48999999999978,139.02692,137.334,1.6929199999999867,25.744917,25.683542,0.061375000000001734,251.19942,251.8925,-0.693080000000009
2024-07-28 11:00:00,11900.012,11779.487,120.52500000000146,133.71843,130.96194,2.7564900000000137,26.205532,26.050245,0.15528700000000129,255.31882,255.76276,-0.4439399999999978
2024-07-28 12:00:00,11346.523,11375.503,-28.980000000001382,131.37811,128.95827,2.4198399999999936,26.416693,26.201801,0.21489199999999897,258.8007,258.56345,0.23725000000001728
2024-07-28 13:00:00,11623.268,11533.531,89.73699999999917,133.37126,130.11809,3.2531700000000114,26.266819,26.168938,0.097881000000001,260.97607,260.39154,0.5845299999999725
2024-07-28 14:00:00,12453.501,12329.115,124.38600000000042,138.26149,134.4919,3.769590000000022,25.983486,25.907467,0.07601899999999873,261.71414,261.17038,0.5437599999999634
2024-07-28 15:00:00,14113.968,13840.528,273.4400000000005,147.39676,142.91258,4.484180000000009,25.4721,25.455599,0.016501000000001653,260.97656,260.65137,0.3251900000000205
2024-07-28 16:00:00,17434.902,17157.906,276.9959999999992,165.00856,159.25261,5.755949999999984,24.905085,24.850582,0.05450300000000041,258.80472,258.56097,0.24374999999997726
2024-07-28 17:00:00,21309.324,21179.338,129.9860000000008,185.42648,178.14937,7.277109999999993,24.282887,24.287273,-0.004386000000000223,255.37088,255.41174,-0.04086000000000922
2024-07-28 18:00:00,22969.791,23180.979,-211.18799999999828,194.44339,188.30792,6.135469999999998,23.633333,23.751823,-0.11849000000000132,250.91338,251.64679,-0.7334100000000205
2024-07-28 19:00:00,19648.857,19612.873,35.98400000000038,177.99345,175.23909,2.7543599999999913,23.100447,23.199238,-0.09879100000000207,246.23021,246.74794,-0.5177300000000002
2024-07-28 20:00:00,15497.69,15463.162,34.52800000000025,157.18336,155.07147,2.1118899999999883,22.700447,22.80207,-0.10162300000000002,241.59929,242.92198,-1.3226899999999944
2024-07-28 21:00:00,12176.756,12225.362,-48.60599999999977,140.43428,136.90056,3.533719999999988,22.366667,22.458515,-0.09184799999999882,239.34319,240.52625,-1.1830600000000118
2024-07-28 22:00:00,8855.822,9278.0,-422.1779999999999,123.74504,122.18085,1.5641899999999964,22.149553,22.22235,-0.07279699999999778,239.59723,239.38794,0.20929000000000997
2024-07-28 23:00:00,7472.101,7497.7285,-25.62750000000051,116.8763,110.65312,6.223179999999999,21.822647,21.99326,-0.17061299999999946,240.38747,239.32794,1.0595299999999952
2024-07-29 00:00:00,5968.4536,5950.904,17.549599999999373,105.27547,103.70453,1.5709399999999931,21.59437,21.887432,-0.29306199999999905,254.48026,252.62044,1.859819999999985
2024-07-29 01:00:00,4883.2803,4924.4434,-41.16309999999976,99.96348,98.77388,1.1895999999999987,21.294817,21.619675,-0.32485800000000253,256.14148,257.22418,-1.0826999999999884
2024-07-29 02:00:00,4069.4004,4238.272,-168.87159999999994,96.07581,96.02179,0.054020000000008395,21.12815,21.475353,-0.3472029999999968,258.01306,258.2949,-0.2818399999999883
2024-07-29 03:00:00,4069.4004,4130.4165,-61.01610000000028,96.4294,95.55193,0.8774700000000024,21.311037,21.443485,-0.13244800000000012,260.1669,259.1701,0.9968000000000075
2024-07-29 04:00:00,5425.8667,5339.729,86.13769999999931,103.68059,101.07924,2.6013499999999965,21.511833,21.624876,-0.11304300000000111,260.5358,259.99738,0.5384199999999737
2024-07-29 05:00:00,8681.387,8947.08,-265.6929999999993,120.7451,119.02215,1.7229499999999973,21.805407,22.0654,-0.2599930000000015,261.35736,261.21265,0.14471000000003187
2024-07-29 06:00:00,13835.962,13984.092,-148.13000000000102,147.55736,143.68382,3.8735399999999913,22.33874,22.652317,-0.31357699999999866,262.51993,263.0124,-0.4924700000000257
2024-07-29 07:00:00,17362.775,17454.428,-91.65299999999843,165.9299,162.70294,3.226959999999991,23.121052,23.254515,-0.13346300000000255,264.33652,264.63776,-0.30124000000000706
2024-07-29 08:00:00,18719.242,18683.697,35.544999999998254,173.1104,167.43156,5.678840000000008,23.82105,23.91206,-0.0910100000000007,266.75784,266.88834,-0.13050000000004047
2024-07-29 09:00:00,15192.428,15080.789,111.63899999999921,155.12453,153.119,2.005529999999993,24.537271,24.650757,-0.1134859999999982,271.64972,271.44693,0.20278999999999314
2024-07-29 10:00:00,12750.787,12720.449,30.337999999999738,142.69958,140.60991,2.089669999999984,25.23727,25.223635,0.013634999999997177,276.47784,276.4648,0.013039999999989504
2024-07-29 11:00:00,11665.614,11607.791,57.82300000000032,137.24854,135.01797,2.23057,25.677927,25.617384,0.060542999999999125,280.8659,280.6785,0.1874000000000251
2024-07-29 12:00:00,11123.027,11186.999,-63.97199999999975,134.5916,133.35815,1.2334500000000048,25.794594,25.795755,-0.0011609999999997456,284.64682,284.0274,0.619419999999991
2024-07-29 13:00:00,11394.32,11332.839,61.48099999999977,136.13914,134.41936,1.7197799999999859,25.679844,25.782051,-0.10220699999999994,287.07886,286.52582,0.55304000000001
2024-07-29 14:00:00,12208.2,12124.532,83.66800000000148,140.4586,138.64345,1.8151499999999885,25.55563,25.552485,0.0031449999999999534,287.90594,287.78748,0.11845999999997048
2024-07-29 15:00:00,13835.962,13619.49,216.47199999999975,148.9124,146.73439,2.1780100000000004,25.205183,25.154783,0.05040000000000333,287.17242,287.34973,-0.17731000000003405
2024-07-29 16:00:00,17091.482,16869.215,222.26699999999983,165.73578,162.20993,3.5258499999999913,24.52399,24.630486,-0.10649599999999992,284.99432,285.18735,-0.19302999999996473
2024-07-29 17:00:00,20889.59,20813.37,76.22000000000116,185.30536,180.75143,4.553930000000008,23.924438,24.078636,-0.15419800000000095,281.50543,281.85593,-0.3505000000000109
2024-07-29 18:00:00,22517.35,22761.088,-243.7380000000012,193.64346,190.97527,2.66819000000001,23.391104,23.57616,-0.185056000000003,276.90906,277.92426,-1.015199999999993
2024-07-29 19:00:00,19261.83,19346.008,-84.17799999999988,176.77522,177.99004,-1.2148200000000031,22.97252,23.05947,-0.08695000000000164,272.04083,273.05957,-1.0187399999999798
2024-07-29 20:00:00,15192.428,15258.881,-66.45299999999952,155.65176,157.3655,-1.7137400000000014,22.68874,22.689564,-0.0008240000000014902,267.2628,268.87735,-1.6145499999999515
2024-07-29 21:00:00,11936.907,12065.266,-128.35900000000038,138.71815,139.15628,-0.438130000000001,22.368584,22.352339,0.016244999999997844,264.89478,265.63794,-0.7431599999999889
2024-07-29 22:00:00,8681.387,9145.43,-464.04299999999967,122.05813,124.17475,-2.1166199999999975,22.06903,22.125284,-0.05625399999999914,263.0095,263.27945,-0.26994999999999436
2024-07-29 23:00:00,7324.921,7360.6797,-35.75869999999941,115.152626,111.99609,3.1565360000000027,21.777927,21.92007,-0.1421430000000008,261.7417,261.5235,0.21819999999996753
2024-07-30 00:00:00,6569.577,5860.0737,709.5033000000003,114.05424,103.341446,10.712793999999988,21.611261,21.656927,-0.04566600000000065,261.11472,260.96262,0.1520999999999617
2024-07-30 01:00:00,5375.109,5367.372,7.73700000000008,107.97095,103.24353,4.727419999999995,21.494593,21.57245,-0.07785700000000162,260.68826,261.0068,-0.3185399999999845
2024-07-30 02:00:00,4479.2573,4715.1543,-235.89699999999993,103.30966,101.096535,2.213124999999991,21.444147,21.490757,-0.0466099999999976,260.50012,260.89206,-0.3919400000000337
2024-07-30 03:00:00,4479.2573,4599.5103,-120.2529999999997,103.09906,100.49569,2.603369999999998,21.560812,21.511076,0.049735999999999336,260.61276,260.88956,-0.276800000000037
2024-07-30 04:00:00,5972.3433,5989.5146,-17.171299999999974,110.11473,107.0031,3.111629999999991,21.741558,21.681751,0.05980700000000283,261.06293,261.0268,0.036130000000014206
2024-07-30 05:00:00,9555.749,10016.21,-460.46099999999933,127.661255,126.288506,1.3727489999999989,22.091558,22.121769,-0.03021100000000132,261.89548,262.00537,-0.10989000000000715
2024-07-30 06:00:00,15229.476,15320.837,-91.36099999999897,155.72928,151.46754,4.261739999999975,22.558224,22.712582,-0.154358000000002,263.0643,263.50635,-0.4420499999999947
2024-07-30 07:00:00,19111.5,19090.225,21.275000000001455,174.5447,171.5539,2.9908000000000072,23.308224,23.301542,0.006681999999997856,264.88174,264.92194,-0.0402000000000271
2024-07-30 08:00:00,20604.584,20450.627,153.95699999999852,181.15941,177.15547,4.00394,24.074444,23.98574,0.0887039999999999,267.2482,267.1941,0.054100000000005366
2024-07-30 09:00:00,16722.562,16461.338,261.224000000002,160.4533,161.64359,-1.190289999999976,24.724442,24.793224,-0.06878199999999879,272.06854,271.72467,0.34386999999998125
2024-07-30 10:00:00,14035.007,13771.082,263.9249999999993,145.78659,146.88057,-1.0939800000000162,25.277927,25.389994,-0.11206700000000325,276.90717,276.8261,0.08107000000001108
2024-07-30 11:00:00,12840.537,12537.017,303.52000000000044,138.77571,140.20407,-1.4283599999999979,25.744595,25.747458,-0.002863000000001392,281.3512,281.1769,0.17430000000001655
2024-07-30 12:00:00,12243.303,12071.967,171.33599999999933,134.8596,137.9489,-3.0893000000000086,26.027927,25.919495,0.10843199999999698,285.14362,284.65112,0.4925000000000068
2024-07-30 13:00:00,12541.921,12235.678,306.2430000000004,135.56456,138.46579,-2.901229999999998,26.02422,25.950356,0.07386400000000037,287.57837,287.2813,0.29707000000001926
2024-07-30 14:00:00,13437.771,13138.765,299.0060000000012,139.36058,142.44409,-3.0835099999999898,25.88311,25.75319,0.12991999999999848,288.5044,288.5266,-0.022199999999998
2024-07-30 15:00:00,15229.476,14831.299,398.1769999999997,147.76552,150.74077,-2.9752499999999884,25.431414,25.343987,0.0874270000000017,287.87125,287.8099,0.06134999999994761
2024-07-30 16:00:00,18812.883,18407.432,405.45100000000093,165.4615,166.89111,-1.4296099999999967,24.831861,24.785046,0.04681499999999872,285.71466,285.36713,0.3475300000000061
2024-07-30 17:00:00,22993.521,22827.102,166.4190000000017,186.31155,186.31265,-0.0010999999999796728,24.248528,24.25142,-0.0028919999999992285,282.19724,281.93344,0.26380000000000337
2024-07-30 18:00:00,24785.227,24887.775,-102.5480000000025,195.09613,195.80812,-0.7119900000000143,23.665194,23.769264,-0.1040700000000001,277.52475,277.99643,-0.4716799999999921
2024-07-30 19:00:00,21201.82,21227.826,-26.006000000001222,176.57506,180.60474,-4.029679999999985,23.235569,23.261488,-0.02591899999999825,272.56104,273.07803,-0.5169900000000212
2024-07-30 20:00:00,16722.562,16605.55,117.01200000000244,153.61261,158.21194,-4.599330000000009,22.795357,22.881441,-0.0860839999999996,267.6504,268.9449,-1.2945000000000277
2024-07-30 21:00:00,13139.155,13089.517,49.63800000000083,135.3081,138.79869,-3.4905899999999974,22.329138,22.462564,-0.13342600000000004,265.15802,265.77863,-0.6206099999999992
2024-07-30 22:00:00,9555.749,9970.472,-414.72299999999996,117.038376,122.512085,-5.4737089999999995,22.04187,22.16411,-0.12224000000000146,263.1373,263.36142,-0.22412000000002763
2024-07-30 23:00:00,8062.6636,7975.499,87.16460000000006,109.49592,108.425385,1.0705349999999925,21.808537,21.925924,-0.11738699999999724,261.7239,261.3677,0.3562000000000012
2024-07-31 00:00:00,4619.026,5874.03,-1255.004,87.47927,98.61952,-11.140249999999995,21.691872,21.644808,0.047063999999998885,260.98834,260.66623,0.3221100000000092
2024-07-31 01:00:00,3779.2031,3822.976,-43.772899999999936,83.33308,84.798874,-1.4657940000000025,21.503933,21.540867,-0.03693399999999869,260.486,259.7734,0.712600000000009
2024-07-31 02:00:00,3149.336,3014.3406,134.9953999999998,80.31354,79.81109,0.5024500000000103,21.371046,21.49886,-0.12781400000000076,260.2158,259.5166,0.6992000000000189
2024-07-31 03:00:00,3149.336,2824.2378,325.0981999999999,80.542885,78.48697,2.055914999999999,21.421495,21.551033,-0.12953800000000015,260.17242,259.7675,0.40492000000000417
2024-07-31 04:00:00,4199.1143,3851.1104,348.00390000000016,86.20984,82.68718,3.522660000000002,21.60483,21.72262,-0.1177899999999994,260.46597,260.02063,0.44534000000004426
2024-07-31 05:00:00,6718.583,6664.9805,53.602499999999964,99.42139,97.21267,2.2087199999999996,21.854828,22.105644,-0.25081600000000037,261.16904,260.95316,0.2158799999999701
2024-07-31 06:00:00,10707.742,10759.363,-51.620999999999185,120.15007,118.301674,1.848395999999994,22.322073,22.701187,-0.3791140000000013,262.16046,262.77448,-0.6140199999999822
2024-07-31 07:00:00,13437.166,13513.249,-76.08300000000054,134.11258,134.31966,-0.2070799999999906,23.143343,23.347898,-0.20455499999999915,263.82623,264.64658,-0.8203499999999622
2024-07-31 08:00:00,14486.944,14480.418,6.52599999999984,139.27415,137.71077,1.563379999999995,23.749777,24.035166,-0.28538899999999856,266.04413,266.79178,-0.7476500000000215
2024-07-31 09:00:00,11757.5205,11710.818,46.70250000000124,124.65804,125.55063,-0.8925899999999984,24.383556,24.746689,-0.36313300000000126,270.77072,271.0852,-0.3144800000000032
2024-07-31 10:00:00,9867.919,9899.371,-31.451999999999316,114.48221,115.12386,-0.6416499999999985,24.916891,25.287746,-0.3708549999999988,275.55887,275.81638,-0.25750999999996793
2024-07-31 11:00:00,9028.096,9033.07,-4.97400000000016,109.90162,110.33129,-0.42967000000000155,25.383558,25.622066,-0.2385079999999995,279.90234,279.90424,-0.0019000000000346517
2024-07-31 12:00:00,8608.185,8734.522,-126.33700000000135,107.59418,108.784805,-1.1906250000000114,25.716312,25.7793,-0.06298800000000071,283.61572,283.37347,0.24225000000001273
2024-07-31 13:00:00,8818.14,8859.855,-41.715000000000146,108.72263,109.303696,-0.581066000000007,25.599648,25.774662,-0.1750140000000009,285.95456,286.0672,-0.11263999999999896
2024-07-31 14:00:00,9448.007,9423.794,24.212999999999738,112.13994,112.294785,-0.15484500000000878,25.327444,25.526064,-0.1986200000000018,286.7783,287.32684,-0.5485400000000027
2024-07-31 15:00:00,10707.742,10628.495,79.24699999999939,118.930725,118.702034,0.22869099999999776,24.844465,25.074749,-0.23028400000000104,286.03558,286.62363,-0.5880500000000097
2024-07-31 16:00:00,13227.211,13109.477,117.73399999999856,132.36848,131.12062,1.2478600000000029,24.250187,24.481947,-0.2317600000000013,283.75787,284.13394,-0.37606999999997015
2024-07-31 17:00:00,16166.591,15913.572,253.01900000000023,147.98529,145.96225,2.0230399999999804,23.688835,23.92899,-0.2401549999999979,280.1675,280.6105,-0.44299999999998363
2024-07-31 18:00:00,17426.324,17272.639,153.6850000000013,154.7781,153.8174,0.9607000000000028,23.138515,23.4213,-0.28278499999999696,275.51535,276.57318,-1.0578299999999672
2024-07-31 19:00:00,14906.856,14643.401,263.4549999999999,141.77469,141.25694,0.5177500000000066,22.67185,22.857283,-0.18543299999999974,270.62115,271.65677,-1.0356199999999944
2024-07-31 20:00:00,11757.5205,11746.201,11.319500000001426,125.450935,123.99313,1.4578050000000076,22.30563,22.378344,-0.07271399999999772,265.82947,267.224,-1.3945299999999747
2024-07-31 21:00:00,9238.052,9165.974,72.07799999999952,112.39817,109.49557,2.9025999999999925,21.90563,21.980461,-0.07483099999999965,263.49432,263.75073,-0.25640999999995984
2024-07-31 22:00:00,6718.583,6805.0356,-86.45260000000053,98.17763,99.15409,-0.976460000000003,21.683239,21.72339,-0.04015099999999805,261.6881,261.50867,0.17943000000002485
2024-07-31 23:00:00,5668.804,5574.036,94.76800000000003,91.63962,92.1218,-0.4821799999999996,21.516125,21.522783,-0.006658000000001607,260.44873,259.79053,0.6582000000000221
2024-08-01 00:00:00,6601.441,5482.0117,1119.4292999999998,100.601,89.60642,10.99458,21.34901,21.333828,0.015181999999999363,259.82666,259.65823,0.16843000000000075
2024-08-01 01:00:00,5401.1787,5324.5786,76.60010000000057,93.53653,92.348526,1.1880039999999923,21.055407,21.208078,-0.15267100000000156,259.4191,259.48993,-0.07083000000000084
2024-08-01 02:00:00,4500.9824,4667.7715,-166.78909999999996,87.95737,89.98055,-2.0231799999999964,20.87252,21.127075,-0.25455499999999986,259.17538,259.06348,0.11189999999999145
2024-08-01 03:00:00,4500.9824,4361.897,139.08539999999994,86.89449,88.191185,-1.2966949999999997,20.956844,21.088593,-0.13174899999999923,259.15506,258.73856,0.416499999999985
2024-08-01 04:00:00,6001.31,5965.768,35.54200000000037,94.56834,94.758705,-0.1903649999999999,21.040178,21.217142,-0.17696399999999812,259.46515,259.04883,0.4163199999999847
2024-08-01 05:00:00,9602.096,10208.909,-606.8130000000001,112.94811,114.59698,-1.6488700000000023,21.310812,21.624346,-0.31353400000000065,260.19507,260.7243,-0.529230000000041
2024-08-01 06:00:00,15303.341,15496.243,-192.90200000000004,142.00325,141.80057,0.20268000000001507,21.844912,22.2588,-0.41388800000000003,261.22202,262.861,-1.6389800000000037
2024-08-01 07:00:00,19204.191,19531.791,-327.6000000000022,161.88737,164.02524,-2.1378699999999924,22.545359,22.893347,-0.3479879999999973,262.88785,264.35785,-1.4699999999999704
2024-08-01 08:00:00,20704.52,20975.752,-271.23199999999997,169.59392,169.20927,0.3846499999999935,23.12914,23.5694,-0.4402600000000021,265.23077,266.349,-1.1182299999999827
2024-08-01 09:00:00,16803.668,16806.953,-3.2849999999998545,149.85501,153.64674,-3.791730000000001,23.761484,24.261383,-0.4998989999999992,270.11707,270.59058,-0.4735099999999761
2024-08-01 10:00:00,14103.079,14082.923,20.15599999999904,136.29951,138.31422,-2.014710000000008,24.571083,24.77796,-0.20687699999999865,274.98288,275.38513,-0.4022499999999809
2024-08-01 11:00:00,12902.816,12791.466,111.35000000000036,130.4391,131.11023,-0.6711300000000051,25.199553,25.161135,0.03841800000000006,279.4778,279.63956,-0.16176000000001522
2024-08-01 12:00:00,12302.686,12297.755,4.931000000000495,127.71514,128.56912,-0.8539799999999929,25.432886,25.374233,0.05865299999999962,283.44812,283.1852,0.26292000000000826
2024-08-01 13:00:00,12602.751,12425.756,176.9950000000008,129.6384,129.19305,0.4453499999999906,25.416668,25.423082,-0.006413999999999476,286.17706,285.94632,0.23073999999996886
2024-08-01 14:00:00,13502.948,13320.5205,182.42749999999978,134.64186,133.67026,0.9715999999999951,25.387526,25.24885,0.13867600000000024,287.33063,287.19748,0.13315000000000055
2024-08-01 15:00:00,15303.341,15014.782,288.5590000000011,144.27948,142.34532,1.9341600000000199,25.187525,24.908253,0.2792720000000024,286.91623,286.65106,0.2651700000000119
2024-08-01 16:00:00,18904.127,18518.818,385.3090000000011,163.1286,159.81682,3.311779999999999,24.653746,24.472786,0.18096000000000245,284.99875,284.58804,0.4107099999999946
2024-08-01 17:00:00,23105.043,23334.4,-229.35699999999997,185.0527,182.76984,2.2828599999999994,24.199776,23.972569,0.22720699999999994,281.6758,281.20795,0.46784999999999854
2024-08-01 18:00:00,24905.438,25547.252,-641.8140000000021,194.79991,192.95558,1.8443300000000136,23.618553,23.463081,0.1554719999999996,277.08832,276.87402,0.21430000000003702
2024-08-01 19:00:00,21304.65,21841.184,-536.5339999999997,177.03235,177.9709,-0.9385499999999922,23.069,23.021544,0.04745600000000039,272.083,272.20428,-0.12127999999995609
2024-08-01 20:00:00,16803.668,17033.285,-229.61699999999837,154.65517,156.03716,-1.3819900000000018,22.485666,22.61191,-0.12624400000000335,267.1133,268.11227,-0.9989700000000425
2024-08-01 21:00:00,13202.882,13267.441,-64.5590000000011,136.85484,136.0409,0.8139400000000023,21.969002,22.13048,-0.1614779999999989,264.4933,264.95547,-0.4621700000000146
2024-08-01 22:00:00,9602.096,10130.835,-528.7389999999996,118.956154,119.93578,-0.9796259999999961,21.70985,21.823923,-0.1140730000000012,262.28766,262.61734,-0.3296799999999962
2024-08-01 23:00:00,8101.7686,8214.245,-112.47640000000047,111.70758,106.79913,4.908449999999988,21.426517,21.601976,-0.17545900000000003,260.68558,260.51562,0.16996000000000322
2024-08-02 00:00:00,5664.878,5870.5845,-205.70650000000023,103.15977,97.46086,5.698909999999998,21.126965,21.258232,-0.13126700000000113,259.85635,259.10977,0.7465799999999945
2024-08-02 01:00:00,4634.9004,4563.382,71.51840000000084,98.159744,92.97091,5.188834,20.827412,21.044054,-0.21664200000000022,259.32812,258.72195,0.6061700000000201
2024-08-02 02:00:00,3862.4167,4057.0706,-194.6538999999998,94.37176,92.00462,2.367139999999992,20.79123,20.91104,-0.11981000000000108,259.0813,258.48737,0.5939300000000003
2024-08-02 03:00:00,3862.4167,3834.7815,27.635200000000168,94.43854,91.96583,2.4727100000000064,20.955114,20.92421,0.0309039999999996,259.1248,258.5032,0.6216000000000008
2024-08-02 04:00:00,5149.889,5003.9463,145.9427000000005,101.13107,98.20402,2.927049999999994,21.288448,21.105736,0.18271199999999865,259.60254,258.9323,0.6702399999999784
2024-08-02 05:00:00,8239.822,8384.731,-144.90899999999965,117.131615,115.187744,1.9438710000000015,21.638449,21.5627,0.07574900000000184,260.54922,260.0615,0.4877199999999675
2024-08-02 06:00:00,13132.218,13161.459,-29.240999999999985,142.38687,138.82173,3.5651399999999853,22.18589,22.190203,-0.004312999999999789,261.81244,261.84198,-0.029539999999997235
2024-08-02 07:00:00,16479.646,16521.414,-41.76800000000003,159.4088,157.59117,1.8176300000000083,23.027704,22.837921,0.18978299999999848,263.7432,263.49976,0.24344000000002097
2024-08-02 08:00:00,17767.12,17862.145,-95.02500000000146,165.70192,163.21472,2.4872000000000014,23.813887,23.54627,0.2676170000000013,266.1511,265.64844,0.5026599999999917
2024-08-02 09:00:00,14419.691,14390.808,28.88299999999981,147.87042,148.5023,-0.6318799999999953,24.566668,24.373857,0.19281099999999896,270.97855,270.25763,0.7209199999999782
2024-08-02 10:00:00,12102.24,12063.642,38.597999999999956,135.3958,135.09839,0.2974100000000135,25.050001,25.028225,0.021776000000002682,275.7768,275.65158,0.12521999999995614
2024-08-02 11:00:00,11072.262,10997.085,75.1770000000015,129.69455,129.10324,0.5913099999999929,25.381157,25.416868,-0.03571099999999916,280.1051,280.17923,-0.07413000000002512
2024-08-02 12:00:00,10557.272,10583.084,-25.811999999999898,126.71435,127.15469,-0.44034000000000617,25.564491,25.580292,-0.015800999999999732,283.73917,283.77435,-0.0351800000000253
2024-08-02 13:00:00,10814.768,10701.273,113.4950000000008,127.79131,127.88868,-0.09736999999999796,25.397823,25.572006,-0.1741829999999993,285.96875,286.38373,-0.4149800000000141
2024-08-02 14:00:00,11587.25,11396.912,190.33799999999974,131.56104,131.67021,-0.10917000000000598,25.11449,25.321148,-0.2066580000000009,286.74524,287.48334,-0.7380999999999744
2024-08-02 15:00:00,13132.218,12787.132,345.08600000000115,139.36198,139.2055,0.15647999999998774,24.647823,24.865015,-0.21719200000000072,286.0126,286.6561,-0.6434999999999604
2024-08-02 16:00:00,16222.151,15671.405,550.7459999999992,155.33089,153.51622,1.8146700000000067,24.16449,24.270176,-0.10568599999999861,283.76312,284.06036,-0.29723999999998796
2024-08-02 17:00:00,19827.074,19471.29,355.78399999999965,174.01979,171.47385,2.5459400000000016,23.616667,23.734442,-0.11777500000000174,280.18365,280.37454,-0.19089000000002443
2024-08-02 18:00:00,21372.041,21475.545,-103.50399999999718,181.96011,181.581,0.37910999999999717,22.983334,23.222559,-0.23922500000000113,275.47418,276.12903,-0.6548500000000104
2024-08-02 19:00:00,18282.107,18224.705,57.401999999998225,165.72072,168.32664,-2.6059199999999976,22.466667,22.615574,-0.14890699999999768,270.54404,271.01773,-0.4736899999999764
2024-08-02 20:00:00,14419.691,14331.352,88.33899999999994,145.43425,148.24968,-2.8154300000000205,21.95,22.149889,-0.19988900000000243,265.65546,266.65466,-0.9991999999999734
2024-08-02 21:00:00,11329.756,11385.026,-55.27000000000044,129.1369,130.51044,-1.3735399999999913,21.645876,21.70654,-0.06066399999999916,263.17554,263.0597,0.1158399999999915
2024-08-02 22:00:00,8239.822,8566.622,-326.7999999999993,112.811195,116.32011,-3.508915000000002,21.412542,21.461275,-0.048733000000002136,259.02182,260.3729,-1.3510800000000245
2024-08-02 23:00:00,6952.3506,6902.006,50.344599999999446,105.96081,105.14156,0.8192499999999967,21.16126,21.26518,-0.10392000000000223,255.46141,257.85324,-2.391830000000027
2024-08-03 00:00:00,6427.1455,5721.1973,705.9481999999998,95.85478,97.036964,-1.1821839999999924,20.877928,21.02909,-0.15116199999999935,240.01538,243.45088,-3.435500000000019
2024-08-03 01:00:00,5258.5737,5123.9087,134.66499999999996,89.851524,91.17152,-1.3199960000000033,20.594593,20.876957,-0.28236400000000117,237.53021,237.2106,0.3196100000000115
2024-08-03 02:00:00,4382.1445,4432.7207,-50.57619999999952,85.32534,87.42695,-2.101610000000008,20.595652,20.745102,-0.14944999999999808,235.23424,235.63593,-0.4016900000000021
2024-08-03 03:00:00,4382.1445,4325.375,56.769500000000335,85.249466,86.03835,-0.7888839999999959,20.728537,20.764616,-0.03607900000000086,233.17973,234.81683,-1.6371000000000038
2024-08-03 04:00:00,5842.86,5815.359,27.500999999999294,92.59833,92.03452,0.5638100000000037,20.872072,20.929314,-0.057242000000002236,233.54355,234.33539,-0.7918399999999792
2024-08-03 05:00:00,9348.575,9624.582,-276.0069999999996,110.241135,110.61171,-0.3705750000000023,21.155853,21.343777,-0.18792399999999887,234.31839,235.19041,-0.8720200000000204
2024-08-03 06:00:00,14899.293,14881.306,17.98699999999917,138.17065,137.6656,0.5050499999999829,21.689186,22.051918,-0.36273200000000116,235.3502,237.15323,-1.8030300000000068
2024-08-03 07:00:00,18697.152,18778.412,-81.26000000000204,157.23293,159.04195,-1.8090200000000038,22.462093,22.78735,-0.3252570000000006,236.9806,238.82515,-1.8445499999999981
2024-08-03 08:00:00,20157.867,20088.664,69.2029999999977,164.47346,163.58931,0.8841499999999769,23.178312,23.503052,-0.324740000000002,239.12465,240.62914,-1.504490000000004
2024-08-03 09:00:00,16360.007,16083.01,276.9969999999994,145.10678,148.30714,-3.2003600000000176,23.91622,24.229046,-0.31282600000000116,243.6834,244.50177,-0.8183699999999874
2024-08-03 10:00:00,13730.722,13584.211,146.51100000000042,131.69751,134.0801,-2.3825899999999933,24.5,24.76737,-0.26736999999999966,248.20303,248.78903,-0.5859999999999843
2024-08-03 11:00:00,12562.148,12400.681,161.46699999999873,125.73841,127.325134,-1.5867240000000038,24.900835,25.085758,-0.18492299999999773,252.31648,252.34662,-0.03013999999998873
2024-08-03 12:00:00,11977.862,11968.082,9.779999999998836,122.76562,125.00754,-2.2419200000000075,25.134167,25.191397,-0.057229999999997005,255.8132,255.18073,0.6324699999999837
2024-08-03 13:00:00,12270.005,12141.285,128.71999999999935,124.33033,125.841446,-1.5111160000000012,25.08372,25.1222,-0.03847999999999985,257.98383,257.2971,0.6867300000000114
2024-08-03 14:00:00,13146.435,12992.679,153.7559999999994,128.86977,130.09813,-1.2283600000000092,24.88311,24.84701,0.03609999999999758,258.72073,258.3665,0.3542300000000296
2024-08-03 15:00:00,14899.293,14584.624,314.66899999999987,137.91283,138.47025,-0.5574199999999792,24.316442,24.434685,-0.1182430000000032,258.00244,258.01538,-0.012940000000014606
2024-08-03 16:00:00,18405.01,18110.67,294.34000000000015,155.90999,155.184,0.7259899999999959,23.672459,23.88827,-0.21581099999999864,255.85258,256.24957,-0.3969900000000166
2024-08-03 17:00:00,22495.012,22501.03,-6.018000000000029,176.89943,175.76582,1.1336100000000044,23.039124,23.341024,-0.30189999999999984,252.42404,253.32028,-0.8962400000000059
2024-08-03 18:00:00,24247.87,24663.902,-416.03199999999924,186.14006,186.47609,-0.33602999999999383,22.37815,22.797478,-0.41932800000000015,247.95241,249.2031,-1.25069000000002
2024-08-03 19:00:00,20742.152,20975.686,-233.5340000000033,168.72856,172.42384,-3.695280000000025,21.877703,22.225975,-0.3482719999999979,243.31093,243.84454,-0.5336099999999817
2024-08-03 20:00:00,16360.007,16338.362,21.645000000000437,146.86884,150.41594,-3.5471000000000004,21.510752,21.758093,-0.2473409999999987,238.75606,239.54648,-0.7904200000000117
2024-08-03 21:00:00,12854.292,12884.919,-30.627000000000407,129.42506,130.9687,-1.5436400000000106,21.3,21.333542,-0.03354200000000063,236.59282,236.83562,-0.24280000000001678
2024-08-03 22:00:00,9348.575,9841.62,-493.0450000000001,111.83135,115.59706,-3.7657099999999986,21.116667,21.107145,0.009522000000000475,234.90373,235.54419,-0.6404599999999903
2024-08-03 23:00:00,7887.861,7951.347,-63.485999999999876,104.50265,103.03087,1.4717800000000096,20.833843,20.900387,-0.06654399999999683,233.81906,235.29974,-1.4806800000000067
2024-08-04 00:00:00,5616.0884,5945.5825,-329.4941000000008,104.60598,95.02954,9.576440000000005,20.728151,20.739439,-0.011288000000000409,233.40129,233.78165,-0.38036000000002446
2024-08-04 01:00:00,4594.9814,4834.277,-239.29560000000038,99.22734,93.52397,5.7033699999999925,20.656141,20.631329,0.024812000000000722,233.10951,233.29286,-0.18334999999999013
2024-08-04 02:00:00,3829.1511,4289.8447,-460.6935999999996,95.085495,92.68088,2.4046149999999926,20.756428,20.662333,0.09409499999999937,232.9383,233.72754,-0.7892400000000066
2024-08-04 03:00:00,3829.1511,4064.238,-235.0868999999998,94.84256,92.63375,2.2088099999999997,20.806875,20.792955,0.013920000000002375,233.04112,234.4565,-1.415379999999999
2024-08-04 04:00:00,5105.535,5177.941,-72.40599999999995,101.18547,98.88019,2.305279999999996,20.835539,20.985298,-0.14975899999999953,233.45729,234.95294,-1.495650000000012
2024-08-04 05:00:00,8168.8564,8549.404,-380.5476000000008,116.65954,116.132385,0.5271550000000076,21.235025,21.350212,-0.11518699999999882,234.22447,235.46179,-1.237320000000011
2024-08-04 06:00:00,13019.114,13356.929,-337.8150000000005,141.2545,139.5782,1.6762999999999977,21.76836,21.958435,-0.19007500000000022,235.20474,236.73767,-1.5329300000000217
2024-08-04 07:00:00,16337.713,16481.055,-143.34200000000055,157.86513,157.62201,0.24312000000000467,22.635027,22.61017,0.024857000000000795,236.78159,238.0586,-1.2770100000000184
2024-08-04 08:00:00,17614.098,17614.178,-0.07999999999810825,164.04071,162.3751,1.6656099999999867,23.335026,23.341572,-0.006546000000000163,238.96033,239.91606,-0.9557299999999884
2024-08-04 09:00:00,14295.499,14164.359,131.13999999999942,146.59781,147.89139,-1.2935799999999915,23.953661,24.110704,-0.15704299999999805,243.49242,244.32057,-0.8281499999999937
2024-08-04 10:00:00,11998.008,11969.325,28.682999999999083,134.48698,134.63596,-0.14898000000002298,24.637444,24.657003,-0.019559000000000992,248.00864,249.37584,-1.3671999999999969
2024-08-04 11:00:00,10976.9,10915.2705,61.6294999999991,129.03255,128.33794,0.6946099999999831,24.937445,25.019985,-0.08253999999999806,252.09961,253.3548,-1.255189999999999
2024-08-04 12:00:00,10466.347,10489.092,-22.7450000000008,126.316826,126.182365,0.13446100000000172,25.17337,25.119034,0.054335999999999274,255.55579,256.20905,-0.6532599999999888
2024-08-04 13:00:00,10721.623,10609.285,112.33799999999974,127.66043,126.99285,0.667580000000001,25.094036,25.044533,0.049502999999997854,257.74634,257.92398,-0.1776399999999967
2024-08-04 14:00:00,11487.454,11302.566,184.887999999999,131.66962,130.76846,0.9011600000000044,24.810703,24.770515,0.04018800000000056,258.4738,258.47342,0.00038000000000693035
2024-08-04 15:00:00,13019.114,12672.338,346.77599999999984,139.6476,138.19803,1.4495700000000227,24.35237,24.329823,0.02254699999999943,257.8486,257.81244,0.03615999999999531
2024-08-04 16:00:00,16082.436,15613.309,469.1270000000004,155.546,153.05902,2.4869799999999884,23.77326,23.756481,0.016778999999999655,255.83379,255.73285,0.10093999999998005
2024-08-04 17:00:00,19656.31,19407.857,248.45300000000134,174.05363,171.5055,2.5481299999999862,23.356594,23.203377,0.1532170000000015,252.59508,252.57141,0.02367000000000985
2024-08-04 18:00:00,21187.97,21273.734,-85.76399999999921,181.94716,180.8875,1.059660000000008,22.863182,22.732052,0.13112999999999886,248.32635,248.8787,-0.5523500000000183
2024-08-04 19:00:00,18124.65,17905.719,218.9310000000005,166.06848,167.16826,-1.0997800000000097,22.509182,22.243538,0.2656439999999982,243.80446,244.1281,-0.3236399999999833
2024-08-04 20:00:00,14295.499,14164.298,131.2009999999991,146.18898,147.39604,-1.2070600000000127,22.077927,21.91206,0.16586699999999865,239.32196,240.55481,-1.2328500000000133
2024-08-04 21:00:00,11232.177,11186.203,45.97400000000016,130.19104,130.04031,0.1507299999999816,21.702303,21.583118,0.11918500000000165,237.13573,238.35161,-1.2158799999999985
2024-08-04 22:00:00,8168.8564,8425.577,-256.72059999999965,114.0459,116.45195,-2.4060499999999934,21.418968,21.372469,0.046499000000000734,237.41328,237.28773,0.12554999999997563
2024-08-04 23:00:00,6892.472,6857.3403,35.13169999999991,107.15079,105.47439,1.676400000000001,21.06897,21.176996,-0.10802599999999885,238.1879,237.15361,1.034290000000027
2024-08-05 00:00:00,4787.0293,5754.108,-967.0787,86.36816,99.85139,-13.483229999999992,20.951855,21.108702,-0.15684700000000262,252.20122,249.56949,2.6317300000000046
2024-08-05 01:00:00,3916.6604,3813.078,103.58240000000023,81.5272,86.45587,-4.928670000000011,20.718521,20.863829,-0.145308,253.86696,253.69868,0.16828000000000998
2024-08-05 02:00:00,3263.8838,3236.408,27.475800000000163,77.80393,81.51265,-3.7087199999999996,20.652302,20.817995,-0.16569300000000098,255.75703,254.9754,0.7816299999999785
2024-08-05 03:00:00,3263.8838,3043.529,220.35480000000007,77.473854,79.16094,-1.6870859999999936,20.694593,20.877522,-0.1829289999999979,257.9813,256.19516,1.786139999999989
2024-08-05 04:00:00,4351.8447,4070.2065,281.63819999999987,82.97082,82.348114,0.622706000000008,20.877928,21.040054,-0.16212600000000066,258.42654,257.17978,1.2467599999999948
2024-08-05 05:00:00,6962.952,6971.325,-8.372999999999593,96.43613,96.29487,0.1412600000000026,21.322428,21.420595,-0.09816700000000012,259.3003,258.4219,0.8783999999999992
2024-08-05 06:00:00,11097.204,11361.479,-264.27499999999964,117.8976,117.57031,0.32728999999999075,21.946932,22.099485,-0.15255300000000105,260.4606,260.79623,-0.33562999999998056
2024-08-05 07:00:00,13925.904,14044.607,-118.70299999999952,132.5508,133.93651,-1.385709999999989,22.763597,22.86556,-0.1019629999999978,262.3377,263.33783,-1.0001300000000128
2024-08-05 08:00:00,15013.866,14900.222,113.64400000000023,138.07506,136.4803,1.594760000000008,23.44738,23.585863,-0.1384830000000008,264.8402,265.86285,-1.0226499999999987
2024-08-05 09:00:00,12185.166,12070.339,114.82699999999932,123.02975,124.34004,-1.3102899999999948,24.19738,24.289843,-0.09246300000000218,269.84766,270.1296,-0.2819399999999632
2024-08-05 10:00:00,10226.835,10257.342,-30.507000000001426,112.451324,114.03558,-1.5842559999999963,24.930714,24.8623,0.06841399999999709,274.84473,274.76636,0.07837000000000671
2024-08-05 11:00:00,9356.467,9346.578,9.889000000001033,107.52889,109.29215,-1.7632600000000025,25.569548,25.274376,0.2951720000000009,279.36853,278.84967,0.5188600000000179
2024-08-05 12:00:00,8921.282,9012.144,-90.86200000000099,104.85324,107.79126,-2.9380199999999945,25.844147,25.53261,0.3115370000000013,283.21927,282.43893,0.780339999999967
2024-08-05 13:00:00,9138.874,9144.944,-6.069999999999709,105.61243,108.531166,-2.9187359999999956,25.62527,25.590965,0.03430499999999981,285.63824,285.33673,0.3015100000000075
2024-08-05 14:00:00,9791.65,9769.275,22.375,108.74623,111.84708,-3.1008500000000083,25.288963,25.371119,-0.08215600000000123,286.42993,286.82117,-0.39123999999998205
2024-08-05 15:00:00,11097.204,11018.593,78.61099999999897,115.39454,118.45965,-3.06510999999999,24.772297,24.948208,-0.17591100000000282,285.5728,286.34665,-0.7738500000000386
2024-08-05 16:00:00,13708.312,13529.899,178.41300000000047,129.09317,130.69649,-1.603320000000025,24.088963,24.394238,-0.30527500000000174,283.18106,284.0723,-0.891239999999982
2024-08-05 17:00:00,16754.605,16587.863,166.74199999999837,145.13344,146.4259,-1.2924600000000055,23.501984,23.81912,-0.3171360000000014,279.4766,280.5695,-1.092899999999986
2024-08-05 18:00:00,18060.158,18089.459,-29.300999999999476,152.16718,155.35391,-3.1867300000000114,22.92748,23.291311,-0.3638310000000011,274.6652,276.45078,-1.7855799999999817
2024-08-05 19:00:00,15449.05,15398.899,50.15099999999984,138.76962,143.6689,-4.8992800000000045,22.394594,22.735237,-0.34064300000000003,269.62378,271.59283,-1.9690499999999815
2024-08-05 20:00:00,12185.166,12387.285,-202.1190000000006,121.99935,125.32406,-3.324709999999996,21.877928,22.228777,-0.3508490000000002,264.71045,267.06046,-2.3500099999999975
2024-08-05 21:00:00,9574.059,9738.595,-164.53600000000006,108.698814,109.506676,-0.8078620000000001,21.477928,21.762121,-0.2841930000000019,262.24057,263.29465,-1.054079999999999
2024-08-05 22:00:00,6962.952,7269.3257,-306.3737000000001,95.37968,98.14977,-2.7700900000000104,21.24613,21.473404,-0.22727399999999776,260.29694,260.80814,-0.5111999999999739
2024-08-05 23:00:00,5874.9907,5935.723,-60.73229999999967,90.01365,90.42293,-0.4092799999999954,21.01235,21.246042,-0.2336919999999978,258.97495,259.16397,-0.18902000000002772
2024-08-06 00:00:00,6630.9707,5594.8477,1036.1229999999996,92.50178,87.78609,4.715689999999995,20.829016,21.04256,-0.2135440000000024,258.39688,259.1703,-0.7734199999999873
2024-08-06 01:00:00,5425.3394,5242.555,182.78439999999955,86.60505,87.023575,-0.41852499999998827,20.629463,20.961693,-0.33222999999999914,258.04257,258.52982,-0.48724999999996044
2024-08-06 02:00:00,4521.116,4577.6685,-56.55249999999978,82.11303,84.314,-2.200969999999998,20.633781,20.898556,-0.2647750000000002,257.94614,258.11572,-0.1695799999999963
2024-08-06 03:00:00,4521.116,4339.555,181.5609999999997,82.05732,82.68357,-0.6262499999999989,20.750448,20.913733,-0.1632850000000019,258.1916,257.94165,0.24995000000001255
2024-08-06 04:00:00,6028.155,6060.1084,-31.95340000000033,89.442924,89.72305,-0.28012599999999566,21.067755,21.065668,0.002086999999999506,258.8075,258.43393,0.37357000000002927
2024-08-06 05:00:00,9645.048,10388.3545,-743.3064999999988,107.40633,109.910934,-2.5046040000000005,21.60064,21.559593,0.041046999999998945,259.81564,260.34583,-0.5301900000000046
2024-08-06 06:00:00,15371.796,15535.582,-163.78600000000006,136.03545,136.53601,-0.5005600000000072,22.202478,22.31113,-0.1086519999999993,261.07864,262.9204,-1.8417599999999652
2024-08-06 07:00:00,19290.096,19404.785,-114.68899999999849,155.5238,157.84752,-2.3237200000000087,22.903791,23.01314,-0.1093490000000017,262.99597,264.57877,-1.5828000000000202
2024-08-06 08:00:00,20797.135,20714.174,82.96099999999933,162.88042,162.20203,0.678389999999979,23.549475,23.691113,-0.14163800000000037,265.43713,266.51105,-1.0739199999999869
2024-08-06 09:00:00,16878.834,16622.182,256.6519999999982,142.88046,146.97176,-4.09129999999999,24.249474,24.403059,-0.15358499999999964,270.2171,270.77478,-0.5576800000000048
2024-08-06 10:00:00,14166.164,13958.866,207.29800000000068,129.03362,131.83707,-2.803449999999998,24.881271,24.950409,-0.06913799999999881,274.88107,275.60837,-0.727299999999957
2024-08-06 11:00:00,12960.533,12702.165,258.3679999999986,122.9436,124.561676,-1.618076000000002,25.20248,25.295555,-0.09307499999999891,279.1373,279.72833,-0.5910300000000461
2024-08-06 12:00:00,12357.718,12224.783,132.9350000000013,119.96917,121.895325,-1.9261549999999943,25.252928,25.41719,-0.1642620000000008,282.78622,283.02603,-0.2398099999999772
2024-08-06 13:00:00,12659.125,12376.153,282.97199999999975,121.61011,122.31038,-0.7002699999999891,25.136261,25.362513,-0.2262519999999988,285.08755,285.5498,-0.4622499999999832
2024-08-06 14:00:00,13563.349,13297.943,265.40600000000086,126.249756,126.55756,-0.3078039999999902,24.952927,25.096087,-0.14316000000000173,285.88824,286.61755,-0.7293099999999981
2024-08-06 15:00:00,15371.796,15051.117,320.6790000000001,135.45497,135.31456,0.1404100000000028,24.53626,24.636864,-0.10060400000000058,285.2145,285.77286,-0.5583599999999933
2024-08-06 16:00:00,18988.69,18591.492,397.1980000000003,153.7772,152.79306,0.9841399999999965,24.019146,24.043802,-0.024656000000000233,283.09778,283.2872,-0.18941999999998416
2024-08-06 17:00:00,23208.398,23303.984,-95.58599999999933,175.1072,175.49371,-0.38650999999998703,23.51371,23.48012,0.03359000000000023,279.60632,279.59677,0.009549999999990177
2024-08-06 18:00:00,25016.844,25418.621,-401.7769999999982,184.21147,185.47581,-1.2643400000000042,22.92249,22.94984,-0.02734999999999843,274.9165,275.0016,-0.08510000000001128
2024-08-06 19:00:00,21399.951,21640.77,-240.8189999999995,165.85425,170.23572,-4.381469999999979,22.37252,22.506748,-0.13422800000000024,269.95663,270.4492,-0.4925700000000006
2024-08-06 20:00:00,16878.834,16892.87,-14.036000000000058,142.92908,147.2972,-4.368120000000005,21.805855,22.016993,-0.21113799999999827,265.05542,266.51035,-1.4549299999999903
2024-08-06 21:00:00,13261.941,13171.608,90.33300000000054,124.54554,126.38034,-1.8348000000000013,21.46123,21.491232,-0.03000199999999964,262.4978,263.35596,-0.858159999999998
2024-08-06 22:00:00,9645.048,10046.691,-401.64300000000003,106.14638,109.924446,-3.7780660000000097,21.294113,21.237812,0.056300999999997714,260.36478,261.09613,-0.7313500000000204
2024-08-06 23:00:00,8138.009,8115.643,22.365999999999985,98.44947,96.47426,1.9752100000000041,20.955437,21.087093,-0.13165599999999955,258.88174,259.30212,-0.42038000000002285
2024-08-07 00:00:00,4871.7007,5830.1006,-958.3998999999994,72.49167,87.84927,-15.357600000000005,20.69437,20.831673,-0.1373029999999993,258.19763,258.68546,-0.487829999999974
2024-08-07 01:00:00,3985.9375,3741.2507,244.68679999999995,68.00629,69.53798,-1.5316899999999976,20.494339,20.679255,-0.1849160000000012,257.75565,257.71832,0.0373299999999972
2024-08-07 02:00:00,3321.6145,3071.9617,249.6528000000003,64.657394,64.26079,0.3966039999999964,20.544338,20.650002,-0.10566400000000087,257.54153,257.4289,0.11263000000002421
2024-08-07 03:00:00,3321.6145,2944.6545,376.96000000000004,64.68552,62.877697,1.807822999999999,20.727224,20.758055,-0.030830999999999165,257.67648,257.55627,0.12021000000004278
2024-08-07 04:00:00,4428.819,4071.7979,357.0211000000004,70.347626,67.25793,3.0896960000000036,20.994146,20.973076,0.0210700000000017,258.21045,257.80283,0.40762000000000853
2024-08-07 05:00:00,7086.1113,7097.358,-11.246700000000601,83.833664,82.12995,1.703714000000005,21.444593,21.386642,0.05795100000000275,259.13968,258.5812,0.5584799999999746
2024-08-07 06:00:00,11293.488,11373.761,-80.27300000000105,105.11847,103.83609,1.2823800000000034,21.927929,22.11586,-0.1879310000000025,260.31726,260.6484,-0.3311400000000049
2024-08-07 07:00:00,14172.223,14148.278,23.94499999999971,119.5325,121.43971,-1.9072100000000063,22.694593,22.888657,-0.19406399999999735,262.14685,263.05682,-0.9099700000000439
2024-08-07 08:00:00,15279.427,15170.678,108.7489999999998,124.89104,125.50392,-0.6128799999999899,23.394594,23.608204,-0.2136099999999992,264.51385,265.3489,-0.8350500000000238
2024-08-07 09:00:00,12400.693,12142.77,257.92299999999886,109.94577,112.74202,-2.7962500000000006,24.110813,24.29214,-0.18132699999999957,269.2872,269.66525,-0.3780500000000302
2024-08-07 10:00:00,10407.725,10318.968,88.7569999999996,99.476234,101.484505,-2.0082709999999935,24.694145,24.821053,-0.12690800000000024,274.07153,274.4247,-0.35316999999997734
2024-08-07 11:00:00,9521.961,9440.468,81.49299999999857,94.72977,96.11593,-1.3861600000000038,25.094595,25.164078,-0.06948299999999819,278.46606,278.38266,0.08340000000004011
2024-08-07 12:00:00,9079.079,9154.555,-75.47600000000057,92.35101,94.30712,-1.9561099999999954,25.307007,25.307419,-0.0004120000000007451,282.2331,281.69418,0.5389199999999619
2024-08-07 13:00:00,9300.5205,9319.279,-18.758499999999913,93.46168,94.77398,-1.3122999999999934,25.275047,25.265306,0.009741000000001776,284.62692,284.3028,0.3241199999999935
2024-08-07 14:00:00,9964.843,9955.972,8.871000000001004,96.915825,97.85346,-0.9376350000000002,25.08471,25.020763,0.06394700000000242,285.5027,285.69318,-0.19047999999997955
2024-08-07 15:00:00,11293.488,11208.694,84.79399999999987,103.829445,104.460945,-0.6314999999999884,24.688292,24.601568,0.08672400000000025,284.82407,285.35373,-0.5296599999999785
2024-08-07 16:00:00,13950.78,13724.775,226.00500000000102,117.61889,117.534615,0.084274999999991,24.13989,24.072138,0.06775200000000225,282.63416,283.26953,-0.6353699999999662
2024-08-07 17:00:00,17050.955,16824.541,226.41400000000067,133.68655,134.41074,-0.724189999999993,23.540339,23.582619,-0.04228000000000165,279.0626,279.84848,-0.7858800000000201
2024-08-07 18:00:00,18379.6,18338.105,41.49499999999898,140.70122,143.45946,-2.7582400000000007,22.940786,23.079784,-0.13899800000000084,274.3858,275.51517,-1.1293699999999944
2024-08-07 19:00:00,15722.309,15400.936,321.3729999999996,127.41128,130.25677,-2.845489999999984,22.389412,22.492184,-0.10277200000000164,269.51266,270.516,-1.003340000000037
2024-08-07 20:00:00,12400.693,12370.286,30.406999999999243,110.672356,111.91684,-1.244484,21.998177,21.97354,0.024636999999998466,264.71912,266.0496,-1.3304800000000228
2024-08-07 21:00:00,9743.402,9728.466,14.935999999999694,97.24869,96.31619,0.9324999999999903,21.790115,21.589052,0.20106300000000132,262.3651,262.48227,-0.11717000000004418
2024-08-07 22:00:00,7086.1113,7223.0806,-136.96930000000066,83.782585,85.64952,-1.866934999999998,21.540562,21.434143,0.10641900000000248,260.5387,260.2094,0.32929999999998927
2024-08-07 23:00:00,5978.906,5947.766,31.140000000000327,78.17072,79.24849,-1.077770000000001,21.283335,21.280817,0.0025180000000020186,259.3637,258.63614,0.7275599999999827
2024-08-08 00:00:00,5747.7637,5654.235,93.52870000000075,90.08881,79.302986,10.785823999999991,21.13714,21.111324,0.02581599999999895,258.90298,258.72067,0.1823100000000295
2024-08-08 01:00:00,4702.716,4940.6685,-237.95249999999942,84.711945,80.285805,4.426140000000004,21.003807,20.906858,0.09694899999999862,258.57468,258.25165,0.323030000000017
2024-08-08 02:00:00,3918.93,4211.791,-292.86100000000033,80.63879,79.08777,1.551019999999994,21.060812,20.913107,0.14770499999999842,258.44693,257.9366,0.5103300000000104
2024-08-08 03:00:00,3918.93,4073.181,-154.2510000000002,80.531044,78.861206,1.6698379999999986,21.12748,21.012932,0.1145479999999992,258.5708,257.88916,0.6816400000000158
2024-08-08 04:00:00,5225.2397,5495.411,-270.1713,87.06402,85.46733,1.5966899999999953,21.292099,21.211742,0.08035699999999935,259.03085,258.28854,0.7423099999999749
2024-08-08 05:00:00,8360.383,9063.297,-702.9140000000007,102.877525,102.6007,0.2768250000000023,21.592098,21.640158,-0.04805999999999955,259.8876,259.45172,0.4358799999999974
2024-08-08 06:00:00,13324.361,13658.282,-333.92099999999846,127.99266,127.32551,0.6671500000000066,22.125431,22.304535,-0.17910400000000237,261.0506,261.64075,-0.590150000000051
2024-08-08 07:00:00,16720.768,17001.994,-281.22599999999875,145.05554,147.43924,-2.3837000000000046,22.922714,22.984991,-0.06227700000000169,262.96088,263.4768,-0.515920000000051
2024-08-08 08:00:00,18027.078,18104.662,-77.58399999999892,151.4168,151.49022,-0.07341999999999871,23.780582,23.674465,0.10611699999999757,265.4731,265.51804,-0.04493999999999687
2024-08-08 09:00:00,14630.673,14619.055,11.618000000000393,133.80083,137.66454,-3.8637099999999975,24.677896,24.43017,0.2477260000000001,270.46542,269.9065,0.5589200000000005
2024-08-08 10:00:00,12279.313,12312.046,-32.733000000000175,121.588875,124.23487,-2.645994999999999,25.364172,25.078104,0.2860680000000002,275.4409,274.96347,0.47743000000002667
2024-08-08 11:00:00,11234.266,11187.51,46.7559999999994,116.08519,117.693535,-1.608345,25.83084,25.51715,0.3136899999999976,280.0382,279.35034,0.6878600000000006
2024-08-08 12:00:00,10711.742,10747.118,-35.376000000000204,113.29664,115.33232,-2.0356799999999993,26.06417,25.744104,0.32006600000000063,284.005,283.03693,0.9680700000000115
2024-08-08 13:00:00,10973.003,10838.978,134.02500000000146,114.55284,115.720245,-1.1674050000000022,26.13039,25.817163,0.3132269999999977,286.53766,286.09882,0.43884000000002743
2024-08-08 14:00:00,11756.79,11575.225,181.5650000000005,118.5283,119.50171,-0.9734100000000012,26.088293,25.68975,0.3985430000000001,287.44867,287.6752,-0.2265300000000252
2024-08-08 15:00:00,13324.361,13060.575,263.78600000000006,126.616196,127.266815,-0.6506189999999918,25.64098,25.372206,0.2687740000000005,286.7815,287.18625,-0.4047499999999786
2024-08-08 16:00:00,16459.506,16027.4795,432.02650000000176,142.73792,142.56076,0.17716000000001486,24.874762,24.866192,0.008569999999998856,284.60855,284.76828,-0.15973000000002457
2024-08-08 17:00:00,20117.174,20054.91,62.263999999999214,161.52075,162.50856,-0.9878099999999961,24.250448,24.233284,0.017163999999997515,281.02322,280.85107,0.1721499999999878
2024-08-08 18:00:00,21684.746,21921.936,-237.19000000000233,169.65703,170.98466,-1.3276299999999992,23.667116,23.615211,0.05190500000000142,276.1721,276.19894,-0.02683999999999287
2024-08-08 19:00:00,18549.602,18532.553,17.04899999999907,153.79839,157.32722,-3.5288299999999992,23.150002,23.133812,0.016190000000001703,270.95697,271.624,-0.6670300000000111
2024-08-08 20:00:00,14630.673,14612.524,18.14900000000125,133.9534,136.68399,-2.7305900000000065,22.508799,22.684187,-0.17538800000000165,265.84396,267.56723,-1.7232700000000136
2024-08-08 21:00:00,11495.527,11434.868,60.65899999999965,118.12832,118.1324,-0.00408000000000186,21.857006,22.178164,-0.3211580000000005,263.15497,264.13287,-0.9779000000000337
2024-08-08 22:00:00,8360.383,8619.553,-259.1700000000001,102.18542,104.28155,-2.0961300000000023,21.507452,21.822506,-0.31505399999999995,260.92215,261.6739,-0.7517500000000155
2024-08-08 23:00:00,7054.074,7081.8384,-27.764400000000023,95.52386,93.936035,1.5878249999999952,21.2151,21.513885,-0.29878499999999875,259.31665,259.6287,-0.3120499999999993
2024-08-09 00:00:00,5747.6016,5740.885,6.716599999999744,89.66551,88.384315,1.2811949999999968,20.95,21.147818,-0.1978180000000016,258.50848,258.1821,0.32638000000002876
2024-08-09 01:00:00,4702.5825,4561.038,141.54450000000088,84.22924,82.927826,1.3014140000000083,20.762157,20.932716,-0.1705590000000008,258.0007,257.37183,0.6288700000000063
2024-08-09 02:00:00,3918.8193,3995.1633,-76.34400000000005,80.116714,81.136024,-1.0193100000000044,20.762157,20.859436,-0.09727900000000034,257.76108,257.0514,0.7096799999999917
2024-08-09 03:00:00,3918.8193,4009.3894,-90.57009999999991,80.01651,81.29926,-1.2827500000000072,20.813948,20.92696,-0.11301200000000122,257.81122,257.15692,0.6542999999999779
2024-08-09 04:00:00,5225.0923,5248.9014,-23.80909999999949,86.68869,86.43824,0.2504500000000007,21.031063,21.115631,-0.08456800000000086,258.28552,257.53076,0.754760000000033
2024-08-09 05:00:00,8360.147,8738.721,-378.5739999999987,102.76005,102.88267,-0.12261999999999773,21.381063,21.565027,-0.18396399999999957,259.19403,258.85657,0.3374600000000214
2024-08-09 06:00:00,13323.984,13489.598,-165.61399999999958,128.18204,127.47851,0.7035300000000007,21.996162,22.265577,-0.26941499999999863,260.35883,261.2096,-0.8507700000000114
2024-08-09 07:00:00,16720.295,16925.932,-205.63700000000244,145.51285,147.48175,-1.9689000000000192,22.849775,22.99513,-0.14535499999999857,262.2034,263.13217,-0.9287699999999859
2024-08-09 08:00:00,18026.568,18113.594,-87.02600000000166,152.17474,151.7695,0.4052400000000205,23.499777,23.712345,-0.21256799999999743,264.6021,265.17758,-0.5754799999999705
2024-08-09 09:00:00,14630.259,14503.095,127.16400000000067,134.68423,137.18883,-2.504599999999982,24.182213,24.425415,-0.24320200000000014,269.4814,269.62955,-0.1481499999999869
2024-08-09 10:00:00,12278.967,12245.114,33.853000000000975,122.525375,123.83777,-1.3123950000000093,24.777927,24.966465,-0.1885380000000012,274.36023,274.66476,-0.30452999999999975
2024-08-09 11:00:00,11233.948,11170.61,63.33799999999974,117.1101,117.57628,-0.46617999999999427,25.294594,25.31426,-0.01966600000000085,278.7846,278.8938,-0.10919999999998709
2024-08-09 12:00:00,10711.438,10771.02,-59.582000000000335,114.435616,115.41338,-0.9777640000000076,25.6286,25.492245,0.13635499999999823,282.55783,282.38507,0.17276000000003933
2024-08-09 13:00:00,10972.693,10901.718,70.97499999999854,115.84649,116.12213,-0.27563999999999567,25.516443,25.525331,-0.00888800000000245,284.95508,285.0766,-0.12151999999997543
2024-08-09 14:00:00,11756.457,11630.433,126.02399999999943,119.98307,120.06832,-0.08525000000000205,25.210365,25.31341,-0.10304500000000161,285.82797,286.24924,-0.4212699999999927
2024-08-09 15:00:00,13323.984,13067.543,256.4410000000007,128.1722,127.750374,0.42182600000001,24.727478,24.882097,-0.15461900000000028,285.12204,285.52707,-0.4050299999999538
2024-08-09 16:00:00,16459.041,16003.997,455.0440000000017,144.51958,142.65002,1.8695599999999786,24.144146,24.320786,-0.17663999999999902,282.90884,283.12723,-0.21838999999999942
2024-08-09 17:00:00,20116.605,19913.822,202.78299999999945,163.5769,162.3775,1.1993999999999971,23.566666,23.758945,-0.1922789999999992,279.38528,279.4201,-0.03481999999996788
2024-08-09 18:00:00,21684.135,21832.947,-148.81200000000172,171.84506,172.25557,-0.41051000000001636,23.099552,23.170378,-0.07082600000000028,274.76724,274.7376,0.029640000000028977
2024-08-09 19:00:00,18549.078,18398.914,150.16400000000067,155.95876,158.33684,-2.378079999999983,22.682886,22.64787,0.035015999999998826,269.90735,269.80695,0.10040000000003602
2024-08-09 20:00:00,14630.259,14542.999,87.26000000000022,136.03754,138.07626,-2.0387199999999837,22.238964,22.181425,0.05753899999999845,265.2082,265.56265,-0.35445000000004256
2024-08-09 21:00:00,11495.203,11452.064,43.138999999999214,120.10948,119.62708,0.4823999999999984,21.872746,21.729324,0.14342200000000105,263.01535,262.09103,0.9243200000000229
2024-08-09 22:00:00,8360.147,8555.564,-195.41699999999946,104.030815,105.703415,-1.6726000000000028,21.887293,21.48272,0.4045729999999992,261.63098,259.59763,2.0333500000000413
2024-08-09 23:00:00,7053.8745,6975.7075,78.16699999999946,97.341324,95.55145,1.7898739999999975,21.900335,21.374699,0.5256359999999987,260.56204,257.63632,2.9257200000000125
