,traffic_flow,aqi,electricity_demand,temperature,humidity,hour,day_of_week,month,is_weekend,hour_sin,hour_cos,dow_sin,dow_cos,season_sin,season_cos,traffic_flow_lag_1,traffic_flow_lag_2,traffic_flow_lag_3,traffic_flow_lag_6,traffic_flow_lag_12,traffic_flow_lag_24,aqi_lag_1,aqi_lag_2,aqi_lag_3,aqi_lag_6,aqi_lag_12,aqi_lag_24,electricity_demand_lag_1,electricity_demand_lag_2,electricity_demand_lag_3,electricity_demand_lag_6,electricity_demand_lag_12,electricity_demand_lag_24,temperature_lag_1,temperature_lag_2,temperature_lag_3,temperature_lag_6,temperature_lag_12,temperature_lag_24,humidity_lag_1,humidity_lag_2,humidity_lag_3,humidity_lag_6,humidity_lag_12,humidity_lag_24,traffic_flow_roll_mean_6,traffic_flow_roll_std_6,traffic_flow_roll_min_6,traffic_flow_roll_max_6,traffic_flow_roll_mean_12,traffic_flow_roll_std_12,traffic_flow_roll_min_12,traffic_flow_roll_max_12,traffic_flow_roll_mean_24,traffic_flow_roll_std_24,traffic_flow_roll_min_24,traffic_flow_roll_max_24,aqi_roll_mean_6,aqi_roll_std_6,aqi_roll_min_6,aqi_roll_max_6,aqi_roll_mean_12,aqi_roll_std_12,aqi_roll_min_12,aqi_roll_max_12,aqi_roll_mean_24,aqi_roll_std_24,aqi_roll_min_24,aqi_roll_max_24,electricity_demand_roll_mean_6,electricity_demand_roll_std_6,electricity_demand_roll_min_6,electricity_demand_roll_max_6,electricity_demand_roll_mean_12,electricity_demand_roll_std_12,electricity_demand_roll_min_12,electricity_demand_roll_max_12,electricity_demand_roll_mean_24,electricity_demand_roll_std_24,electricity_demand_roll_min_24,electricity_demand_roll_max_24,temperature_roll_mean_6,temperature_roll_std_6,temperature_roll_min_6,temperature_roll_max_6,temperature_roll_mean_12,temperature_roll_std_12,temperature_roll_min_12,temperature_roll_max_12,temperature_roll_mean_24,temperature_roll_std_24,temperature_roll_min_24,temperature_roll_max_24,humidity_roll_mean_6,humidity_roll_std_6,humidity_roll_min_6,humidity_roll_max_6,humidity_roll_mean_12,humidity_roll_std_12,humidity_roll_min_12,humidity_roll_max_12,humidity_roll_mean_24,humidity_roll_std_24,humidity_roll_min_24,humidity_roll_max_24
traffic_flow,1.0,0.9998001652844449,0.2420509698754545,0.18131065010717606,-0.36285314923562595,0.6401099849029949,0.0549852951912312,,0.0893693791289293,-0.6320950529784337,-0.5966893992695923,-0.028291973001202415,0.012391463396119106,-0.019530080102724032,0.019530080102724032,0.9471789640740464,0.8154254935436555,0.6400685689986623,0.02962274394958951,-0.7021848933054737,0.8469217986896209,0.9466871605878862,0.8145398422837096,0.6389799190789632,0.029054879244905733,-0.7024035851284498,0.8469339482353417,0.24353397380001088,0.23200633295070702,0.20453671630684184,0.0274297509469685,-0.3160441079132775,0.19454472741355155,0.16655520079275382,0.14066366838344274,0.10633534313619043,-0.008811024560274914,-0.12008002635194204,0.11763973335523865,-0.3487206937240117,-0.306367432579664,-0.24157996772397067,0.028063811579741606,0.39246901382654376,-0.36861210994215854,0.7585029734747574,-0.34371368583046574,0.7395554654108772,0.753293795175494,0.20744476069824452,-0.12250652721688078,0.24282491839950004,0.29456635254183705,0.1440532403218111,0.26014316214707783,0.016919108851402197,0.24460552384735473,0.7586575005093951,-0.4465064360952879,0.7396440583908124,0.7515507226696555,0.20954245570161728,-0.17089880061203336,0.24339766796304604,0.29530052602951334,0.14976036286643218,0.22924028637491725,0.016209626448324,0.24999150751588375,0.20187482677405516,0.011300216540340921,0.18155425549110335,0.18543393987856296,0.024093814742208154,-0.0971752306198926,0.014678872244065309,-0.02521522989026303,-0.048251667714986846,-0.034986135596523714,0.02984577358231565,0.003914231952885128,0.11530324603609995,0.19036958664967418,0.10372819311120283,0.13088491427004623,0.019506348770428006,0.20751284877738868,0.02164163530647762,0.041388477828244744,0.008634530274516454,-0.17180495423038322,0.1151373175947301,0.07272225189146862,-0.26759735986566413,-0.07608804877030145,-0.20731519258141337,-0.29605017686314844,-0.0285189070977393,0.010264847440938654,-0.02040918851938285,-0.002503163573925142,0.07194682548822823,0.22785068208309023,-0.15474167716864928,0.03026270033106056
aqi,0.9998001652844449,1.0,0.23947716454914428,0.17451006113199816,-0.35143744656493364,0.639939110491673,0.0554352516635404,,0.09030924914263087,-0.6315268289542728,-0.5965088196008971,-0.030713752376054296,0.012242501697095242,-0.020734551636858705,0.020734551636858705,0.9467237357828168,0.8144736525710843,0.6386001192174174,0.028586995176883463,-0.7018702706944098,0.8458935168252224,0.94648922423885,0.8138060603452749,0.63770358398943,0.02811683306903853,-0.7020839002066689,0.8458301113834915,0.24071173557526201,0.22922952896464355,0.20191861576175754,0.024846580345831756,-0.3191021232596725,0.19341127604400668,0.16140226917065756,0.13717522631566934,0.10461858516748683,-0.005602971528967632,-0.1116072285945185,0.1196330200920678,-0.3376819434366462,-0.29594824596279595,-0.23221051471244242,0.03266608582966293,0.39174067371081994,-0.3733757453819231,0.7573878729815618,-0.3431912553644674,0.7386423249105464,0.7522345994012074,0.20678299012975968,-0.12297453784267097,0.24255720255278485,0.2938565460190535,0.14152461611865044,0.2567664743410453,0.017210618811802518,0.24278042710571882,0.7577645088989095,-0.4458644085385995,0.7388602636411866,0.7511016180926384,0.20895219027201062,-0.17107737362257688,0.2431925457463042,0.2953836268734201,0.14739461851059224,0.22581538005930496,0.016512667556907945,0.24864507439386418,0.1991687685802623,0.010320279743290223,0.17883223764677472,0.18278280166482502,0.02125107415905527,-0.09834133389356238,0.011779502102200376,-0.02772102559836936,-0.05128513085440415,-0.03519027327618828,0.026802553172384353,0.0012456216511664568,0.11289668664781949,0.18577452721181847,0.10262009571347866,0.1265911096742538,0.022009408304467615,0.20217084539323396,0.025299593081450536,0.040892635010204396,0.016578687924996803,-0.17733312409115704,0.12257880202831929,0.07686808527733417,-0.2574702069558114,-0.07951156295046656,-0.19704284468368766,-0.28672083691499123,-0.021540005543230236,0.0055924612068801866,-0.012616179605099215,0.003172340526317317,0.0736749718092572,0.2279158593335721,-0.1525663541347249,0.034534428012867956
electricity_demand,0.2420509698754545,0.23947716454914428,1.0,0.13138551859924708,-0.2989053320506333,0.16899238611552528,-0.29288634265805374,,-0.4517097013677112,-0.1901540027294332,-0.255762207959778,0.5093660835301973,-0.01833303879326681,-0.23115816192601213,0.23115816192601213,0.2254767114723351,0.1961703619425605,0.15487924490573346,-0.02013002545076713,-0.26755223355476726,0.24200313103917848,0.2229784611334767,0.19362579146064116,0.1525734889318904,-0.021856653078580982,-0.26870150464530285,0.24288245441072806,0.9801992778613762,0.947157322695731,0.9078977109496515,0.7462330713165678,0.5631911794298067,0.49319967145603444,0.13162458648003447,0.12755866069599167,0.11862050872107889,0.08095016890106166,0.00635763570747702,-0.05386771979706338,-0.2879166353699846,-0.26436328110441387,-0.22876529522104902,-0.09235567815631336,0.09120109138381144,-0.028188154614267873,0.18910514799032593,-0.15167239762425758,0.18291577412816512,0.13738372892323458,0.027958509301363153,0.07402047451569506,-0.11345234304585246,-0.04003473344625942,-0.033827878904465335,0.14424851895772084,-0.44234149690934266,-0.11369535058064958,0.18048947482323044,-0.14085322715980322,0.18087446530906093,0.13076036980556915,0.0047303496917685565,0.10889954224055341,-0.1136794793378837,-0.05844982982335355,-0.10903521216777004,0.46855571009665214,-0.44279678718872467,-0.1329467013325528,0.9433284439848991,0.23198962732534079,0.9339063190396945,0.9336100763280859,0.8481349814529591,0.3501518060426272,0.8347917701267425,0.8474869682723961,0.7679541810257001,0.4927654517542805,0.7329802060757002,0.8060333422128995,0.11619819934862001,0.04806334975631302,0.10329269963332391,0.12303882071871095,0.0823200063785115,0.044902063271290496,0.04224836492803401,0.07612215648213942,0.0386377068744914,-0.04441291749825667,-0.05964282708588759,-0.01452529939430427,-0.25172372476354987,-0.08862815176301299,-0.18948783117317466,-0.29806224847092716,-0.13298601663222187,-0.05758517654175837,-0.08221700036584347,-0.1782409426598376,-0.05383982595775755,0.028326412732723915,-0.06661781915525368,-0.08567119971066318
temperature,0.18131065010717606,0.17451006113199816,0.13138551859924708,1.0,-0.4314493920158827,0.12429201448798832,-0.058273265070063564,,-0.06910095229865575,-0.13368086481221844,-0.07683071235751719,0.012783077490202105,-0.016528623621701738,0.009060920606267826,-0.009060920606267826,0.18588913540270058,0.17769590325114124,0.15817795344867736,0.05825612193806805,-0.1339632499893359,0.11252174660291875,0.17777069897244635,0.16872750393715583,0.1485630963607046,0.04819704660681115,-0.14106485693934326,0.11791089855296086,0.12804223844744148,0.1206507506181628,0.1103369775049659,0.05965268840947566,-0.01589447045104828,0.13987641494117803,0.979480670347565,0.930000969434588,0.8590127612268689,0.5441430647522822,-0.19644795910150847,-0.5540649867860812,-0.4868451892802283,-0.5225736314027706,-0.5424356326379838,-0.5144205961139923,-0.31442131749413227,0.19585472781999497,0.17558567675868536,-0.04864544126092961,0.15868706207654432,0.1688824552631162,0.09284983911015422,-0.025939750970761594,0.04504308144005245,0.053102509034114516,0.026385108235182378,0.05590891577024192,-0.06792699416071116,-0.07119724804934957,0.1660189749532111,-0.07410692991221232,0.1540380138918764,0.14716588104541703,0.07535510724109838,-0.026384602003566102,0.041455997747998075,0.0013005011252766431,-0.001749473186905585,0.08795293412799068,-0.06887406992154647,-0.11988755637527058,0.1158281984046401,0.010410526630858069,0.11070704960296143,0.11961382759717225,0.07744926087973741,0.07233581532371085,0.06983045975282164,0.0801346013337866,0.0716734745327628,0.13690065894279044,0.05989655516422954,0.11390161913479244,0.9014129684656473,-0.33104352117519564,0.8671276774126794,0.9197899493764019,0.624260087124088,-0.16765353356322152,0.5506602819742162,0.7431234052298875,-0.032866518176296836,0.20767487628818695,-0.03912185461331886,0.290709399839329,-0.5602817938384224,0.26271990780525006,-0.5946036926945456,-0.48538144195862,-0.6258496543992016,0.5221700023220068,-0.7339062695159438,-0.38195092543869946,-0.4630526538467455,0.5520571575996501,-0.5347566577015059,-0.11658198343541273
humidity,-0.36285314923562595,-0.35143744656493364,-0.2989053320506333,-0.4314493920158827,1.0,-0.3223257579658478,0.08343469201232498,,0.28520973938806,0.33261276457295735,0.3225388248762773,-0.2088788946557532,0.16094700359845232,-0.10439211516796433,0.10439211516796433,-0.3487248701311461,-0.30645570663955,-0.2408951002328264,0.04308027238021177,0.43432394124757784,-0.4427655358074154,-0.33754677971484226,-0.2960977107150904,-0.2317534512468104,0.048015203640663556,0.43457680371589646,-0.4460507229708864,-0.3002065992674763,-0.2910109101042971,-0.2724602587967681,-0.17465190437521358,-0.05756658347812176,-0.34804721643414305,-0.35371257682080115,-0.2604140722292429,-0.15922711706108364,0.14968850929953528,0.48679227350016174,0.0578339600692236,0.9622412541272086,0.8774167955130698,0.7595253107405695,0.32065942192754093,-0.1522982251499687,0.007670922584676439,-0.2901658204485425,0.23585012697227298,-0.32886615816892373,-0.18228039435088242,-0.00576553004902796,0.1366519781584056,-0.07416496168492968,0.16403340717721768,0.10914521158786121,0.04274426144258115,0.06232488571570716,0.1291444133604812,-0.27984288103245336,0.27511835210112057,-0.3226653444840256,-0.16376066469661466,-0.005449451963629667,0.1322617516345121,-0.07072752714776136,0.1893453087863428,0.11078919730530817,-0.05261886988068289,0.06307384026820834,0.15617309817686223,-0.27783345969074713,-0.15392819250098533,-0.2573441340957269,-0.2785332404344285,-0.20664887812529303,-0.061772035625766435,-0.20282712199716998,-0.17773682012726175,-0.22745725716233667,-0.07132341546322464,-0.2887286227725651,-0.23442168897900803,-0.19498814026856734,-0.3663143782877012,-0.13311418808628234,-0.28171458348488987,0.10456824904194358,-0.36278746574160325,0.15136164593910204,-0.02649750348393614,0.4112291058622466,-0.17047113099699943,0.2952462990471562,0.2182936153864929,0.8402553012450577,-0.18242780494938746,0.7936619167875455,0.8376360865766855,0.5210606403558595,-0.18456277162070936,0.49717534181627776,0.5385440679548027,0.22646257619649568,-0.0445075278789422,0.24790020074194621,0.39575034918093366
hour,0.6401099849029949,0.639939110491673,0.16899238611552528,0.12429201448798832,-0.3223257579658478,1.0,0.0,,0.0,-0.7455416103283029,-0.16615921537071862,0.0,0.0,0.0,0.0,0.7096558703110146,0.7350511771880408,0.7048810135213994,0.3248659494688567,-0.4408030342098519,0.6346997641050841,0.7094488956719487,0.7350102635965975,0.7049796874772332,0.3245290140099121,-0.4393806852367357,0.6348273182431131,0.2070179593392756,0.23537829825501444,0.248754635975116,0.18762251031331334,-0.2058844121881119,0.17956493948083765,0.12524265484122546,0.12510547382822668,0.11410211257506163,0.049032585409308445,-0.08671644211751948,0.11134042809077128,-0.35661135410397615,-0.371200662245864,-0.3611142566994021,-0.21912241423224296,0.267200708189985,-0.26517668830619556,0.7395877724745452,-0.540124387461178,0.7607872020138712,0.5806558036426339,0.48396687318250775,-0.5371040017399243,0.5752696937150085,0.16743675084258258,0.00790594987595062,0.1362205993694615,0.005398908723185146,0.050437427966963336,0.7415516248638224,-0.6379872915116437,0.7614707192743173,0.5815559313907003,0.49015445221784076,-0.5557509727106597,0.5759400155303167,0.17074896961037364,0.017708365049389545,0.1235734862497901,0.004851909267633694,0.052631206956900656,0.22802829188632245,0.02497895091704459,0.21175064528416124,0.21216779340941525,0.12780683962324432,-0.07693199200445586,0.10096933388586789,0.0642396478827218,0.0036581564113987645,-0.026288185843229412,0.06143445127414279,0.014130992959676044,0.1159443121233709,0.18376941267209662,0.09928832553129391,0.13604020094164979,0.04336600024802259,0.24464161669414197,0.032313016465964024,0.07718929721990975,0.008960076526077368,-0.003244207133266799,0.0400966814312822,0.10574586052858836,-0.36360752204720365,-0.07281656604163225,-0.3051480972664813,-0.396847653977069,-0.21895269463146408,-0.11840634031868935,-0.09570225422206405,-0.25619626683317714,0.007744702192027121,0.17426301936615904,-0.13716724545749992,0.01182138514114228
day_of_week,0.0549852951912312,0.0554352516635404,-0.29288634265805374,-0.058273265070063564,0.08343469201232498,0.0,1.0,,0.7140301101571916,0.0,0.0,-0.6475849731663685,-0.6583184257602862,-0.16298382113489315,0.16298382113489315,0.0545844807227237,0.054599837598911724,0.05485322605601417,0.04076329215349926,-0.0041294640069605,0.02491806730269285,0.05494229593790473,0.054982223815993596,0.05518186320643795,0.041294640069605,-0.003009947732853321,0.025587627104490834,-0.2826617344920653,-0.2701750584635804,-0.2562479074486586,-0.2189813760031731,-0.16443221609568187,-0.10673643225726388,-0.049665726707187205,-0.037834776564885785,-0.026430748039868866,0.0038269376628524325,0.02772302792982449,0.033825855442508955,0.07976593359454041,0.07335443656890184,0.06578349517096214,0.03991790496021101,-0.0035451356531689504,-0.11608034928289418,0.05371067446762495,0.003908324989852909,0.061338659441764316,0.08161211688129645,0.028474719827839938,-0.031048532276953287,0.12102998458647386,0.09798075602538889,0.23149569440879644,-0.02026646950533943,0.24286035108951304,0.15199649453140848,0.060917656462666094,-0.041664740785736454,0.06257031625737472,0.077966278081925,0.04874426070841697,-0.08748965933080946,0.1215936676061569,0.08426908721829933,0.27097668740059544,-0.29540947741574664,0.24301718696364252,0.13250233166635822,-0.27224362968610766,-0.1728186061819635,-0.255846619054886,-0.2841941085662945,-0.2530736411405934,-0.1988853678235208,-0.23734622862748178,-0.2653802280849188,-0.20600174424905257,-0.17639061558329863,-0.22354924287289543,-0.20126226008477208,-0.028444775719227003,-0.05760057120605223,-0.012108356978082204,-0.04606226410127094,0.006601921073232871,-0.03127427835691729,0.02640501635056508,0.00030333058184921907,0.04901300604170745,-0.08636860736908349,0.12129696746993851,0.16125673750831035,0.06709265850064611,-0.04341542467117155,0.05367224438743369,0.07848350843254762,0.027240026982322554,0.03462361305352601,-0.02024788279861232,0.07340700005725513,-0.08436299933892713,0.07760443812857638,-0.07794142624810202,-0.04544565400026774
month,,,,,,,,,,,,,,,,,,,,,,,,,,,,,,,,,,,,,,,,,,,,,,,,,,,,,,,,,,,,,,,,,,,,,,,,,,,,,,,,,,,,,,,,,,,,,,,,,,,,,,,,,
is_weekend,0.0893693791289293,0.09030924914263087,-0.4517097013677112,-0.06910095229865575,0.28520973938806,0.0,0.7140301101571916,,1.0,0.0,0.0,-0.7140301101571916,0.0,0.0,0.0,0.0890016039061765,0.08932851521529009,0.09051356871082687,0.07649724633258145,0.026112040815448476,0.03857553447540432,0.08994147391987808,0.09035011305627008,0.09157603046544606,0.07829525853270623,0.02893165085655324,0.04127255277559149,-0.45555090924979597,-0.45632732360894074,-0.4517914291949896,-0.43107342497991546,-0.40618730157364297,-0.3926204822454287,-0.06685343463075151,-0.06244012721013955,-0.05962051413585969,-0.057209540637562416,-0.05653527997094572,0.0273175521971804,0.2811642111697897,0.2753206704100658,0.26915021827916863,0.24790098699635205,0.2168035418295798,0.08657022021788047,0.0876530947560829,0.04417389064397465,0.08144411711616217,0.15091525099466607,0.0646467113772136,0.018960855928588566,0.15261217147153322,0.2504408532531748,0.3121185723762057,0.12328642744946487,0.3548555959916916,0.38535532968499564,0.09782820925224359,-0.01851135287855737,0.08340564126145861,0.15124217274066049,0.09141257481088927,-0.054553324708331324,0.15412438242495188,0.25146264376012367,0.38914704958609675,-0.19610592155451836,0.3548555959916916,0.3927216132602641,-0.4667476215869366,-0.23043160901144594,-0.45303010370529934,-0.476567430800396,-0.47700446391037565,-0.23182098207517873,-0.49486580944704767,-0.4773044275570365,-0.48738389797473236,-0.22716249592031,-0.5627167202037079,-0.480115740965621,-0.05947743006552038,-0.03833035099356912,-0.05449305470478525,-0.06889782928262422,-0.056106153426620904,-0.034856918334237166,-0.04526142442298343,-0.05294483393196715,-0.04478684934856264,-0.06771150490015355,-0.000961055666865054,0.07253066276495942,0.2864151797591658,-0.09133084698361087,0.2643560345511996,0.308653762891114,0.29307598862033873,-0.04944533550343139,0.22771468998238337,0.362676021461355,0.3573549247747996,0.03579678834793876,0.22778876681683638,0.3969190965755065
hour_sin,-0.6320950529784337,-0.6315268289542728,-0.1901540027294332,-0.13368086481221844,0.33261276457295735,-0.7455416103283029,0.0,,0.0,1.0,-0.006744995648389904,0.0,0.0,0.0,0.0,-0.7675502701956289,-0.8488677027379993,-0.871587032788773,-0.6155142277988394,0.6065165448399858,-0.6314774705114962,-0.7671012287528068,-0.8483259637319137,-0.8709586155417137,-0.615224096464469,0.6060530570236681,-0.6314124618307658,-0.24953702484762502,-0.2924319193494859,-0.3167355350269456,-0.25561292876698993,0.19239559835016978,-0.19683304274224014,-0.14991559642452335,-0.1561118934552996,-0.15127596472543206,-0.08605713948863615,0.11171511967884376,-0.10897993349953863,0.4059106679432032,0.4517044767531954,0.4660774172453876,0.3360696726533197,-0.30026492994676646,0.2748501417458335,-0.9046656165003621,0.5425154986610284,-0.9172951974848647,-0.7258198107843914,-0.7371225960204856,0.4840076860037794,-0.6903041675039086,-0.32300777914401796,0.008271752690698724,-0.1344403594791281,-0.006800088102820203,-0.058322637726538666,-0.902369846979017,0.6618931060420599,-0.9171085931388228,-0.7247350942785059,-0.7405716676925641,0.5597211294943083,-0.690121083016976,-0.32694636243431474,-0.0023980980002724288,-0.1312043718161099,-0.006563835817408032,-0.05957580818329661,-0.2863680540747007,-0.0498207267285513,-0.2596291084378618,-0.2737563099779205,-0.19166485262418315,-0.01041944688371379,-0.12594298329905848,-0.12667131690144157,-0.006856008088128254,0.04824968361090295,-0.06572399605118723,-0.018254801512270047,-0.1443445615087946,-0.16516298044647368,-0.11954538926308338,-0.17320257252419605,-0.0678979554294001,-0.2993589554406343,-0.033482301150500625,-0.10657019867202976,0.0006862027410418094,-0.09662095753206067,0.006769221137327241,-0.12768314239167217,0.4507208480015182,0.10844411037376525,0.3725751464877929,0.4931010080103836,0.32319667557286036,0.1070428121446904,0.15591855813232236,0.34417912609570944,-0.004933436548753219,-0.20496153556244065,0.17028416374852978,-0.011479468911986996
hour_cos,-0.5966893992695923,-0.5965088196008971,-0.255762207959778,-0.07683071235751719,0.3225388248762773,-0.16615921537071862,0.0,,0.0,-0.006744995648389904,1.0,0.0,0.0,0.0,0.0,-0.4231836381293998,-0.22404519495015077,-0.0060060797808027845,0.6153974529464163,0.6128910071449268,-0.5953940411128187,-0.4232787434215793,-0.22435819970922247,-0.006429840070007551,0.6149472076391364,0.6127790477503358,-0.595117152287486,-0.19478767702815236,-0.12127369390233114,-0.040437807143148034,0.19602524969094356,0.24920235052830988,-0.25463900242049375,-0.04247298569930093,-0.006587553400506645,0.029530826921496344,0.12008320113189634,0.08327740556035235,-0.0914022918643355,0.23061472707641445,0.12588813026790627,0.013066145374990156,-0.3074514004202385,-0.3313884446717306,0.32029723896403345,-0.10936025122627896,0.11142247104277829,-0.15173220741322108,-0.10319795396919272,0.5479942858092411,-0.3566243799772602,0.45825479035683053,0.22119401638462297,0.03702244367589257,0.03991051451055801,-0.003232799129976741,-0.07927066305904709,-0.11272505238629976,0.1368288265637368,-0.15145410674266827,-0.1054733304354784,0.5445524373239105,-0.3857892003359951,0.4570958275588487,0.2171789732841966,0.02220407606276339,0.017134602830259776,-0.0027434193959086734,-0.07658817251308647,-0.07731217549071052,0.018344486610517706,-0.07571557560326816,-0.06563460185728284,0.10555483567464184,0.08620271451280485,0.059802071560244634,0.08911144850212196,0.005091142792747039,-0.05757602156678172,-0.060398637486318275,-0.07429136802340588,0.01807783177702283,-0.15433662737596668,0.006897671265039968,0.02484460910187242,0.08415975652763301,-0.026379078002996714,0.04254652395966813,0.1150752022129297,-0.01117426989885978,0.4454021605656588,-0.19350924334798925,0.09051755323799125,0.07051094546634683,-0.020385036866773613,0.04788384121575794,0.08035297428542665,-0.2119198721294962,-0.12332869053208267,-0.08985471942656124,-0.2389819754853059,-0.038126387383849304,-0.10476630445467275,0.08130354760647968,0.02838414977461072
dow_sin,-0.028291973001202415,-0.030713752376054296,0.5093660835301973,0.012783077490202105,-0.2088788946557532,0.0,-0.6475849731663685,,-0.7140301101571916,0.0,0.0,1.0,0.22719141323792486,0.04428908183013401,-0.04428908183013401,-0.027301454487074665,-0.026453754921495563,-0.024805962106520252,-0.0038422904222443926,0.04256772510559245,0.03255964889385516,-0.029649520856224014,-0.028755750662080835,-0.02689756864332955,-0.005169124524889938,0.04245254853418225,0.03262107639860727,0.5041048177481792,0.49765953681206415,0.48876329843634003,0.45856400141258463,0.4127160475532296,0.2613832468459349,0.0010150906080037953,-0.009747019801815564,-0.017586713529288145,-0.027066523397983194,0.0310232238595402,0.014929201356745322,-0.19536330535691607,-0.18191221495031287,-0.16990467117942232,-0.12539429675374958,-0.052227979638921125,0.08358365638416854,-0.021338379463263724,-0.021599446358460183,-0.028928577849941524,-0.03688071557156927,0.021966475699354032,0.058165704249771626,-0.08652327586645912,-0.04565769139970211,-0.024988708933157775,0.09211207906340564,-0.24806361185475018,-0.17663194618829406,-0.029841481808574353,0.0151034877309247,-0.031115459776910614,-0.042366366873740645,0.0025937763881577853,0.08119334009371833,-0.08669990217096872,-0.05018882425294667,-0.0901095424084869,0.3019392211708958,-0.24766690934959912,-0.18062714901635332,0.5027964118969592,0.17617254794142864,0.497727301630594,0.5086453341440397,0.4973431851625908,0.18375884477831406,0.5138915169714012,0.49459468876648977,0.4675017033540165,0.28643491897146356,0.4778903120417316,0.4618323894138641,-0.017897672485881016,0.0833816949505122,-0.02631219916088166,-0.0025431456075116583,-0.028691251782091122,0.06919961979086914,-0.02429937276082393,-0.025781563606136284,0.010666886200203656,0.016519391715460803,0.009481860799454987,-0.1727683243988642,-0.18488450965253922,0.04076482784111807,-0.14586828775219932,-0.21764987279315878,-0.14372500424374607,-0.07813578604468213,-0.03731247433228066,-0.24652626958119073,-0.056868048211883335,-0.26991552725600276,0.10938728234232341,-0.23929699764035647
dow_cos,0.012391463396119106,0.012242501697095242,-0.01833303879326681,-0.016528623621701738,0.16094700359845232,0.0,-0.6583184257602862,,0.0,0.0,0.0,0.22719141323792486,1.0,0.2143591560578486,-0.2143591560578486,0.013354339533108408,0.01465660263385311,0.016967812500151197,0.030729109252242322,0.05564871224255397,0.02395058410284714,0.013386588973103264,0.014830135334777816,0.017385519532465536,0.03161366532067269,0.05748078757178562,0.02595312075776588,-0.03685343147602755,-0.05604184827296747,-0.07402014322629086,-0.11838155147064487,-0.19079690113528688,-0.30010714584166415,-0.030234650363659184,-0.04574818337735713,-0.06134464361167868,-0.09663939012264876,-0.10946622436669627,-0.0127408444227987,0.17040530543819074,0.18217328189506943,0.19539248342721238,0.2323288563972902,0.3023792626434681,0.3276920072703617,0.014397071426275452,0.04075254234016764,0.0029716408207058898,0.04830506048670164,0.03352406071846326,0.07744779799145851,0.010472124100999756,0.15812808870342407,0.04239726377990535,0.19350124703199847,0.1028720325760716,0.2497498068552334,0.015215592927097298,0.03603798135044331,0.003349430816516561,0.05332691932155617,0.03494150039061817,0.07100865980581873,0.011938957598719858,0.17867024828962502,0.07971907997966773,0.21384603660589685,0.10272749755481501,0.2873993803173676,-0.06637241888465334,-0.01620611144122505,-0.06538220581312106,-0.06982800747021611,-0.11826791058685347,-0.008853239122397652,-0.12392530602646212,-0.11980942405089692,-0.21588542976366684,-0.05118293264707568,-0.2264029845224219,-0.2346804686870311,-0.05805283488330835,0.028462434326889517,-0.07225008771251752,-0.047848301747126044,-0.10219847534370187,0.023743266274308773,-0.13116347266905823,-0.09654129305908424,-0.14245959764585264,0.05267254963731431,-0.2402232776283997,-0.20622262504595168,0.20692009199193293,-0.01677738723541966,0.1997509272147733,0.21580238897270373,0.3005924231292058,-0.09121677318164366,0.27874802914724545,0.31690046837434976,0.5617038532666125,-0.06744125746734002,0.37565109947054803,0.5622334598680442
season_sin,-0.019530080102724032,-0.020734551636858705,-0.23115816192601213,0.009060920606267826,-0.10439211516796433,0.0,-0.16298382113489315,,0.0,0.0,0.0,0.04428908183013401,0.2143591560578486,1.0,-1.0,-0.02024181328198543,-0.020682844525544843,-0.021114750984754748,-0.02854536704003505,-0.029476095043684567,-0.03276710059907273,-0.021376328136107226,-0.021789985026618126,-0.022276640191925063,-0.029689006678506352,-0.029676840299373678,-0.033487958562683634,-0.22841768502637744,-0.22597528441549325,-0.22383400168814271,-0.2101863658960663,-0.18340816542505206,-0.09493425637225082,0.0004957804829881355,-0.007771283030887645,-0.015814789087710494,-0.03430770526297346,-0.03962441490227052,0.05274738679666597,-0.0998905540343138,-0.09520953877438934,-0.08995822438435713,-0.07647939696373678,-0.02095050950650118,-0.04439512728758584,-0.021066085468224055,0.011025781088985302,-0.006646075326209542,-0.01506702076864113,-0.0372595360938124,-0.04723292538782145,0.02710224170017386,-0.013317092197091844,-0.05001902620920366,-0.12475405162643341,0.11371050175219193,0.02366139782981761,-0.02172306994138842,0.005566118453198097,-0.007844498062377303,-0.015197813519837572,-0.031970202765882624,-0.026991112105836018,0.02591885479405411,-0.013878372267991546,-0.02789446575643702,-0.05942363727876023,0.11312578580654813,-0.0049804409776312,-0.2283629363202804,0.044620195469079825,-0.24540125668528054,-0.21794053127318527,-0.23188814467397253,-0.01295719377629721,-0.25519437478457624,-0.22152231809898362,-0.23051334383198044,-0.024065097924428056,-0.2044754728761383,-0.2228994922280425,-0.018949136698219137,0.1846339281226689,-0.05606068882721251,0.037565909308961684,-0.059533134690954295,0.2813292678743742,-0.1072834839961329,0.06596856492112096,-0.06566194817903853,0.33102284344177885,-0.0027365398084886776,0.03375395373786948,-0.10655011022035688,0.10811044497293615,-0.11034453406258082,-0.090607077580533,-0.09758348542839046,0.06763898478809797,-0.0460429069584861,-0.11552080202688775,-0.014502323926146737,-0.11471678884197783,0.07370385771756603,-0.13255267394327838
season_cos,0.019530080102724032,0.020734551636858705,0.23115816192601213,-0.009060920606267826,0.10439211516796433,0.0,0.16298382113489315,,0.0,0.0,0.0,-0.04428908183013401,-0.2143591560578486,-1.0,1.0,0.02024181328198543,0.020682844525544843,0.021114750984754748,0.02854536704003505,0.029476095043684567,0.03276710059907273,0.021376328136107226,0.021789985026618126,0.022276640191925063,0.029689006678506352,0.029676840299373678,0.033487958562683634,0.22841768502637744,0.22597528441549325,0.22383400168814271,0.2101863658960663,0.18340816542505206,0.09493425637225082,-0.0004957804829881355,0.007771283030887645,0.015814789087710494,0.03430770526297346,0.03962441490227052,-0.05274738679666597,0.0998905540343138,0.09520953877438934,0.08995822438435713,0.07647939696373678,0.02095050950650118,0.04439512728758584,0.021066085468224055,-0.011025781088985302,0.006646075326209542,0.01506702076864113,0.0372595360938124,0.04723292538782145,-0.02710224170017386,0.013317092197091844,0.05001902620920366,0.12475405162643341,-0.11371050175219193,-0.02366139782981761,0.02172306994138842,-0.005566118453198097,0.007844498062377303,0.015197813519837572,0.031970202765882624,0.026991112105836018,-0.02591885479405411,0.013878372267991546,0.02789446575643702,0.05942363727876023,-0.11312578580654813,0.0049804409776312,0.2283629363202804,-0.044620195469079825,0.24540125668528054,0.21794053127318527,0.23188814467397253,0.01295719377629721,0.25519437478457624,0.22152231809898362,0.23051334383198044,0.024065097924428056,0.2044754728761383,0.2228994922280425,0.018949136698219137,-0.1846339281226689,0.05606068882721251,-0.037565909308961684,0.059533134690954295,-0.2813292678743742,0.1072834839961329,-0.06596856492112096,0.06566194817903853,-0.33102284344177885,0.0027365398084886776,-0.03375395373786948,0.10655011022035688,-0.10811044497293615,0.11034453406258082,0.090607077580533,0.09758348542839046,-0.06763898478809797,0.0460429069584861,0.11552080202688775,0.014502323926146737,0.11471678884197783,-0.07370385771756603,0.13255267394327838
traffic_flow_lag_1,0.9471789640740464,0.9467237357828168,0.2254767114723351,0.18588913540270058,-0.3487248701311461,0.7096558703110146,0.0545844807227237,,0.0890016039061765,-0.7675502701956289,-0.4231836381293998,-0.027301454487074665,0.013354339533108408,-0.02024181328198543,0.02024181328198543,1.0,0.9474233471239114,0.8167964938435974,0.23861454680296096,-0.6674325099063093,0.8140338643275417,0.9997992793800694,0.9469321764265908,0.8158661676915736,0.23773522343141137,-0.6677726971864942,0.8141726981989564,0.24105369466419796,0.24271172798179594,0.23126584345057222,0.09706588470840458,-0.2947326656989216,0.17688650172814632,0.18366215924374055,0.16895372619068016,0.14317381785275843,0.030623785558280138,-0.11378870697990283,0.11150768728436791,-0.36494907282813094,-0.3509567800711027,-0.3085789667151164,-0.06873493111918107,0.3720996631253039,-0.33768252363080087,0.8922940240687564,-0.36263267999994936,0.8523761574109059,0.8619596372840759,0.4248475928079752,-0.21615952859762602,0.41267030711504343,0.40967209724589787,0.17049508133234956,0.3066778206246132,0.022601240513776013,0.2616189443181068,0.8930126190750399,-0.4941658134563812,0.8524375396898608,0.860712813628874,0.42544709695464045,-0.2817374609727483,0.4131077902655125,0.4108870277863663,0.17478678180048673,0.2683956145202258,0.0220101107744726,0.26657862115831454,0.22288265690315673,0.052291265109415515,0.19546385210452155,0.2119544976942095,0.06800214641974403,-0.07323708193223338,0.04238595482413936,0.01160249296553182,-0.04592604217157943,-0.041695215989814634,0.027297862480661315,-0.0036604977270590904,0.145639398043126,0.16283061634898557,0.12907768501624078,0.16242634956252677,0.04961684635760416,0.24279943251496863,0.03512838088915747,0.0846353378328462,0.009703816855722878,-0.07878284332274889,0.07544007020942504,0.10558075532729279,-0.3209182373830841,-0.10289273090148364,-0.24832965988283853,-0.357422980387989,-0.10650835977336034,-0.03193318256084581,-0.05408170087357596,-0.09235243208598673,0.06554667260644458,0.23656253915380945,-0.16339768569968685,0.04323668201374444
traffic_flow_lag_2,0.8154254935436555,0.8144736525710843,0.1961703619425605,0.17769590325114124,-0.30645570663955,0.7350511771880408,0.054599837598911724,,0.08932851521529009,-0.8488677027379993,-0.22404519495015077,-0.026453754921495563,0.01465660263385311,-0.020682844525544843,0.020682844525544843,0.9474233471239114,1.0,0.9479741265299252,0.44622978081460174,-0.5957369015874141,0.714715124792287,0.9469825464182253,0.9997987731489977,0.9474561255858043,0.4451893494044824,-0.596198584324808,0.7148743344643379,0.22490150641711162,0.24058391222965678,0.24215829086265572,0.15494391592514362,-0.25374921059592254,0.14207514240912836,0.18838397136562385,0.1860312599289707,0.17135440307297567,0.0727956634681476,-0.10254321564435129,0.09381951389752215,-0.3504315652345049,-0.3665465485570358,-0.3523923883841019,-0.16286950565544475,0.3301611938171662,-0.2804429636760527,0.9679162136953223,-0.37857794629647673,0.9099456476323208,0.9065269859232821,0.6163279769867355,-0.28011612940784886,0.5404423467600431,0.495047233403236,0.1933681198451439,0.3398836680997225,0.026047089724011225,0.263111474068372,0.9683166424730401,-0.5259669962652803,0.9100199391740663,0.9055286663788237,0.6148780046396077,-0.35747583063027033,0.5407281121463545,0.49609165848027337,0.19565818265576412,0.2929045387412311,0.025543140533612584,0.26737600546643003,0.22924129883706068,0.08799384423016808,0.1974130231760317,0.22479481529983747,0.10628308694645214,-0.035118768137310116,0.06418784363597946,0.04985839180372276,-0.04327402414469096,-0.047252114463907625,0.01951064018406503,-0.01073567429805856,0.16765817301574368,0.12494466261597438,0.14677016125573022,0.1851789451005283,0.07741677877575609,0.2552524637633471,0.046998058651797736,0.11962760152241578,0.010402289176906245,0.0173899232174022,0.031032382049565523,0.1317491436914829,-0.3495592736330584,-0.11912616923557842,-0.2730733432021832,-0.3905740686208952,-0.17540893978761074,-0.06937947460808223,-0.08268047588605608,-0.1698778446783522,0.057036675175567264,0.22820858745078484,-0.16254964728514565,0.05344654126610298
traffic_flow_lag_3,0.6400685689986623,0.6386001192174174,0.15487924490573346,0.15817795344867736,-0.2408951002328264,0.7048810135213994,0.05485322605601417,,0.09051356871082687,-0.871587032788773,-0.0060060797808027845,-0.024805962106520252,0.016967812500151197,-0.021114750984754748,0.021114750984754748,0.8167964938435974,0.9479741265299252,1.0,0.6426726216315068,-0.4902437882283558,0.5664424484878245,0.8158794562572059,0.947530035322273,0.99980168397766,0.6415986524128872,-0.49080874210437725,0.5665406573157351,0.19642891946243324,0.22500237295814862,0.24038888670928288,0.19776334456744454,-0.19864089613024313,0.09191966619123132,0.18099020549407194,0.19136605525921493,0.1888810908128091,0.11392337539048913,-0.08608923426119913,0.06585041047471983,-0.3081602502604457,-0.3516940424881148,-0.36746054893050784,-0.2460805604283004,0.2677852857135646,-0.20345298392118505,0.9753909685845653,-0.39541152156607645,0.915737034011377,0.8920466697417245,0.7702062765059425,-0.3154061302051628,0.6295467246696271,0.5576719154479335,0.212773475516767,0.3583083276276873,0.02987739501764334,0.25544849978025186,0.9748665131942801,-0.5417163511370583,0.9156023726818757,0.8909110306351796,0.7663871427432408,-0.4017711759621238,0.6296114103509901,0.5577416619292628,0.21259743366158199,0.30275288456792543,0.02951080587813535,0.2588007990806245,0.2211775440958903,0.10488601574631748,0.18844311534392913,0.2218846065562739,0.13599707904671626,0.011525995598320831,0.07694308495970155,0.08419386240614861,-0.040800326012810174,-0.050098904895634136,0.006870311176185851,-0.017429521318789897,0.17984290256715524,0.08069234692521575,0.1560626504661466,0.19767504665599916,0.10228246934454466,0.24370115661144107,0.05719200305474686,0.14357399342375787,0.01060035208371037,0.11020068265260019,-0.013415139767373022,0.14894266152971494,-0.35124603561734374,-0.12611304392946682,-0.27773478571552124,-0.3932321724039103,-0.23140290551323606,-0.10063582622606002,-0.10419787912057246,-0.23175307354340563,0.04626648256730026,0.2039124068376631,-0.1504574048318266,0.059422171358097645
traffic_flow_lag_6,0.02962274394958951,0.028586995176883463,-0.02013002545076713,0.05825612193806805,0.04308027238021177,0.3248659494688567,0.04076329215349926,,0.07649724633258145,-0.6155142277988394,0.6153974529464163,-0.0038422904222443926,0.030729109252242322,-0.02854536704003505,0.02854536704003505,0.23861454680296096,0.44622978081460174,0.6426726216315068,1.0,0.01325781209461965,-0.010331416826867708,0.23726645345901362,0.44464350575141776,0.6412527700331455,0.9998044682485544,0.01241759507335921,-0.009615859207014337,0.045741141272639604,0.1049080367979366,0.15642489492541317,0.23626791267007782,0.007466402076559856,-0.10371712820175333,0.09921076592659446,0.13675366193721364,0.16819368269779042,0.19558391380709325,-0.007018331182959926,-0.04282598701707835,-0.06171331281030104,-0.15906745131654246,-0.2429805195285994,-0.3681313801542216,0.01128623440661649,0.07819215225864884,0.597097777265922,-0.3221731740561638,0.5786301774814981,0.5152765325930728,0.9353670744779808,-0.33007442862331726,0.7162006481694905,0.6073465366598363,0.2621331564899456,0.3453774142476204,0.05788680738749649,0.2081630596687776,0.5961161952178882,-0.3934460794301863,0.5784007216634663,0.5110654415430264,0.9321904745030393,-0.4394750130670895,0.715372623103026,0.6024951055951078,0.251946901422889,0.2590338833112068,0.057915571899998505,0.20677511472332857,0.12052893553526975,0.02563225096911611,0.1068912329174466,0.12182510066646524,0.15834869955565567,0.11020042953706434,0.07975903911311441,0.12835385211943928,-0.0328492076850939,-0.04187214374937512,-0.05040598571533116,-0.047083751205740494,0.15138644992719477,-0.0741469057258531,0.13309438779281216,0.16413712574738323,0.14834304242342938,0.09710182711449555,0.09035125960058359,0.16638396548035833,0.01623027438989664,0.31540575053185904,-0.11835624439229707,0.14932865771825904,-0.19795989504437425,-0.12362213394114811,-0.16166718953325457,-0.22739794682776499,-0.2888319097693738,-0.1453550135226975,-0.12090445329016995,-0.3063867151195223,0.009832019874631875,0.07339363389115779,-0.05909681409150464,0.05856426599588291
traffic_flow_lag_12,-0.7021848933054737,-0.7018702706944098,-0.26755223355476726,-0.1339632499893359,0.43432394124757784,-0.4408030342098519,-0.0041294640069605,,0.026112040815448476,0.6065165448399858,0.6128910071449268,0.04256772510559245,0.05564871224255397,-0.029476095043684567,0.029476095043684567,-0.6674325099063093,-0.5957369015874141,-0.4902437882283558,0.01325781209461965,1.0,-0.6993793607060911,-0.6670199315828707,-0.595332043287819,-0.4900591404449518,0.012278001855336878,0.9998030761131073,-0.6998559772601003,-0.2646897499598179,-0.2409983889196143,-0.20114357599097896,-0.0186906839561452,0.22719005053451674,-0.3448384047140237,-0.11661386987310395,-0.09254565718772303,-0.061762345391363216,0.05405623461256761,0.19177640106002725,-0.14576171870680857,0.4310442593480567,0.39840557431388834,0.33836959519921345,0.0574199048139847,-0.36929444629905256,0.3652988901229418,-0.5781848578692987,0.3725570870451672,-0.5903674184281975,-0.4753802638964503,-0.02875152027518721,-0.027675146458976934,0.04595573516630017,0.08034187057277391,0.30686866973864557,0.19816921532918308,0.1314694081916181,0.14313592107593007,-0.5741096977420829,0.42568768327146767,-0.5893129088441702,-0.47816025729830147,-0.025203346693615035,-0.029103730543325153,0.0457845319146685,0.06980059497855423,0.28561493786646386,0.06284061441265172,0.1316099361403614,0.13618240958650912,-0.20810007682056514,-0.062041022434895524,-0.18372256750867674,-0.20646959362895226,-0.052603609680656783,-0.0581606347125177,-0.025804970199999208,-0.051428018741735665,-0.019786421110848152,0.002344102977524606,-0.11007809284446757,-0.08460393206152325,-0.06473569452597766,-0.23851697076389003,-0.04451171117231231,-0.09513377356985071,0.05073878097026779,-0.27015438782109286,0.06489921205848515,0.028843433032160484,0.04365078661980654,0.17544424940486208,-0.07608785793321093,0.022062136211768404,0.3621829051520057,-0.012155620493752475,0.3139810560472327,0.37345102030421246,0.10531036394217322,-0.10048977856187347,0.09446584255194583,0.04603207052998162,0.0073521204121227155,-0.19705424139375538,0.1731543708256693,0.006867613502413141
traffic_flow_lag_24,0.8469217986896209,0.8458935168252224,0.24200313103917848,0.11252174660291875,-0.4427655358074154,0.6346997641050841,0.02491806730269285,,0.03857553447540432,-0.6314774705114962,-0.5953940411128187,0.03255964889385516,0.02395058410284714,-0.03276710059907273,0.03276710059907273,0.8140338643275417,0.714715124792287,0.5664424484878245,-0.010331416826867708,-0.6993793607060911,1.0,0.812942556694716,0.7134915642919789,0.5648049175286305,-0.011567000315128842,-0.6990091792349077,0.9998028229975714,0.252587789959666,0.24699773335037645,0.223904357763623,0.05650766370563676,-0.26999239387814766,0.21932549772006182,0.09876711719387861,0.07778913213111623,0.052298978114561745,-0.04285181024948118,-0.10492256729396653,0.18913873876846812,-0.4300303415978391,-0.3875734296218833,-0.3218273527710551,-0.036130035983862614,0.4146239051920216,-0.37375738041562684,0.6664553573801529,-0.4172926002938671,0.7017997951519435,0.5674225288795556,0.13763865985448387,-0.2067031321781984,0.25848414357919747,0.09085472858975509,0.13099792065587298,0.13007518796992482,0.22081711601738066,0.20981101112858835,0.6684635760416021,-0.5211641289724901,0.7012038175197801,0.5638210227795452,0.14845479293250802,-0.25115528258451214,0.2593974540280797,0.08916657260382495,0.16585673913786317,0.012044123100209705,0.22019671490191883,0.19934170693217798,0.21725551886786484,-0.008428494228332993,0.2071207202920359,0.19490672027969685,0.05148256097236864,-0.0961635278230925,0.05115159549228224,-0.0007410492245148646,-0.003673086098515098,-0.03388407055342446,0.07876659124391018,0.033411611408747356,0.05904932709546942,0.20535035619683784,0.05572886387149461,0.06622807897097624,-0.03035247603945059,0.2209835310376598,-0.014656322538775324,-0.02883501604494933,0.027809171135210524,-0.2185566592799116,0.136955522477867,0.047240550430048565,-0.3492254142307066,-0.0377070010491639,-0.28691889627697403,-0.3825457788757803,-0.0805468054921009,-0.06872580373674465,-0.012688267358413727,-0.12478463453915707,0.03372131726387168,0.11961961797272173,-0.12286708618505644,-0.08354879606537899
aqi_lag_1,0.9466871605878862,0.94648922423885,0.2229784611334767,0.17777069897244635,-0.33754677971484226,0.7094488956719487,0.05494229593790473,,0.08994147391987808,-0.7671012287528068,-0.4232787434215793,-0.029649520856224014,0.013386588973103264,-0.021376328136107226,0.021376328136107226,0.9997992793800694,0.9469825464182253,0.8158794562572059,0.23726645345901362,-0.6670199315828707,0.812942556694716,1.0,0.9467498066830095,0.8151646579839601,0.23650368979172387,-0.6673520191659084,0.8129993811325148,0.2384895077282501,0.23991037178875482,0.2285106808428241,0.09451701126237577,-0.2976148923056674,0.17564534969809645,0.17677753582026046,0.16372068341530785,0.13962526078055199,0.03228694625461028,-0.10553529732835988,0.1143896002321587,-0.3534924919906383,-0.33988626377795744,-0.2981392777359523,-0.06245247557015469,0.3718827430630362,-0.342828237056555,0.8913261102596586,-0.3620902534066187,0.8515769854511914,0.8609302468156614,0.424145323753754,-0.21665057273717875,0.41259524541428594,0.4089522274830677,0.16797139288213803,0.3034142754631065,0.022950152783266245,0.25991190220833427,0.8923023768814394,-0.4936532544962811,0.8517744212350468,0.8602961721557049,0.4248789791344208,-0.28198121123377373,0.41309247413578354,0.4110203182488703,0.17247343236056814,0.2651230837571964,0.02236814658977845,0.2654795735094879,0.22023633397582493,0.05196398672155899,0.19273177263431246,0.20941365746129373,0.06527469996317169,-0.07477324011931866,0.03971392173122727,0.009121316622728783,-0.04896545352608925,-0.042269408582894706,0.02435969424951185,-0.006437769853463932,0.1414142034146683,0.15893706661874346,0.12628779305856486,0.15645435800825858,0.05064209083557235,0.23761942307375913,0.03752651676785894,0.0824379346001727,0.01695709565109542,-0.08459652750796365,0.08240127093031582,0.10863243676082424,-0.30989366331247453,-0.10598314503646762,-0.23741773445660724,-0.34713772291224637,-0.09826185561530489,-0.03704890065594891,-0.04539344940386321,-0.08608034594155164,0.06856874554674854,0.23578889151847807,-0.16028907707377746,0.04786375885990688
aqi_lag_2,0.8145398422837096,0.8138060603452749,0.19362579146064116,0.16872750393715583,-0.2960977107150904,0.7350102635965975,0.054982223815993596,,0.09035011305627008,-0.8483259637319137,-0.22435819970922247,-0.028755750662080835,0.014830135334777816,-0.021789985026618126,0.021789985026618126,0.9469321764265908,0.9997987731489977,0.947530035322273,0.44464350575141776,-0.595332043287819,0.7134915642919789,0.9467498066830095,1.0,0.9472683138582021,0.4437534249695945,-0.5957776531886863,0.7135761048809535,0.22243578142461018,0.23803984797880917,0.23936693273328077,0.15249919952211788,-0.25652803950627284,0.14044166129850802,0.18026458575108908,0.17914208042094412,0.16611769011838537,0.07278661457800663,-0.09484912859675368,0.09769769054006336,-0.3392448688883484,-0.3550744011111332,-0.3413004838241169,-0.15486339620440262,0.3304417724507995,-0.2857534553521409,0.9671130781000642,-0.3781346144354321,0.909216590688155,0.9055349944692423,0.6154901645630656,-0.2805698390058634,0.5403150076859081,0.49398692233090485,0.1908879672670989,0.33668428772655423,0.026363182571748064,0.2613733349498844,0.9677963634890964,-0.525690467542362,0.9094363012783939,0.9051464497175326,0.6142372426605986,-0.3576733873060028,0.5406567845504681,0.49595033008389566,0.19338140841077614,0.2897388227343312,0.025868863790821463,0.2663656897807225,0.22661079563071962,0.08779249082139788,0.19458444069030245,0.22221062789717802,0.10362107085589753,-0.03672883606086416,0.061518595295337396,0.047339242146827235,-0.04634925134752384,-0.04815459790698763,0.016562277015734206,-0.0136247743862325,0.16180620473542529,0.12212508210435194,0.1423905472475931,0.17782466410731043,0.07690206833360122,0.25023887778696025,0.04814820699875294,0.11573648529175709,0.016783711509036858,0.011244784237989351,0.03745351690786504,0.13347608873912997,-0.33812224778372835,-0.12256714838771732,-0.2617496505870743,-0.38000290915987317,-0.16603657772608596,-0.07443811514985073,-0.07337470008878434,-0.1628689866713618,0.061231432393473166,0.226728114681587,-0.15863100047238168,0.05843093088162848
aqi_lag_3,0.6389799190789632,0.63770358398943,0.1525734889318904,0.1485630963607046,-0.2317534512468104,0.7049796874772332,0.05518186320643795,,0.09157603046544606,-0.8709586155417137,-0.006429840070007551,-0.02689756864332955,0.017385519532465536,-0.022276640191925063,0.022276640191925063,0.8158661676915736,0.9474561255858043,0.99980168397766,0.6412527700331455,-0.4900591404449518,0.5648049175286305,0.8151646579839601,0.9472683138582021,1.0,0.6403692702552544,-0.4905881519148823,0.564826432349178,0.19389789066168198,0.22254588668270575,0.2378548205221014,0.19525218533625766,-0.20119508500252484,0.09009482973550692,0.1720052270946534,0.18322692661164533,0.18196584037654417,0.11215213424408359,-0.07924833724290294,0.07055026420544283,-0.2978195927534834,-0.3405305062178854,-0.3560114350027404,-0.23668389719419733,0.2689654371608495,-0.20880935279830715,0.9746417465984436,-0.395084116620452,0.9151598507470999,0.8911189084054348,0.7692420328721147,-0.31571012196372095,0.629019077621385,0.5563710359767526,0.21053454204438887,0.35546723229551747,0.03002609614284646,0.25389073597911793,0.9744038179947427,-0.5415139852661447,0.9151455493089105,0.8905893105182916,0.7656496906295363,-0.40178155369909374,0.6291433823371654,0.5573997649309501,0.21052264561420383,0.30001923678072473,0.029665716083129654,0.25811665727790306,0.21858943774180445,0.10476262192258967,0.18562244294143923,0.21943318172605564,0.13344909150506296,0.010230044054759016,0.07419814198917431,0.08178356958298488,-0.04383277669008407,-0.05114085499896855,0.003962094530668578,-0.020234528806041208,0.17251115749172394,0.07924958837085982,0.15009312456732246,0.1891711569721844,0.10020249242868154,0.23915963110941804,0.05700480492498492,0.13818351432838802,0.01603613477389822,0.10369498059236629,-0.007596956020439755,0.149588500599571,-0.33986013910787355,-0.13012365959504046,-0.26627117958349084,-0.3829746951343513,-0.22114223447863895,-0.10558891758937826,-0.09438748905009915,-0.22420421574848273,0.05155659726660533,0.20181724298964884,-0.1458876874513641,0.06475595598085708
aqi_lag_6,0.029054879244905733,0.02811683306903853,-0.021856653078580982,0.04819704660681115,0.048015203640663556,0.3245290140099121,0.041294640069605,,0.07829525853270623,-0.615224096464469,0.6149472076391364,-0.005169124524889938,0.03161366532067269,-0.029689006678506352,0.029689006678506352,0.23773522343141137,0.4451893494044824,0.6415986524128872,0.9998044682485544,0.012278001855336878,-0.011567000315128842,0.23650368979172387,0.4437534249695945,0.6403692702552544,1.0,0.011534981199843575,-0.01090193924467793,0.0439557908405081,0.10285602914878511,0.15411989829817768,0.23376422034719857,0.0050988859119689475,-0.10638901579820617,0.08907505978442345,0.12675508128410198,0.15867671814861548,0.1887382702180666,-0.0037954711827856242,-0.03583961192290822,-0.05527177431556538,-0.15135261487698506,-0.23396795949037372,-0.3568359070285004,0.015834025525378975,0.07416508319134521,0.5962512323562652,-0.32168339549429037,0.5781080484261808,0.5143153589393723,0.9342846258889101,-0.3297557561636797,0.7155931293958216,0.6056274947547694,0.26024795197892053,0.343855177415007,0.05789732480836727,0.20715478191166048,0.5954675866572676,-0.39301477055709466,0.5779585794128903,0.5104901548430598,0.9314316341265553,-0.4391672245754936,0.7148153564821028,0.6017592232553481,0.25029076647180987,0.25758226571309606,0.05793141138926172,0.20678683164922226,0.11830215160861252,0.02514424421599361,0.10470032970214158,0.1196073075890843,0.15594587377381341,0.1090330606857153,0.07710479046083589,0.12595488800164648,-0.035851284498065565,-0.04329794356282897,-0.05318103495157888,-0.04995752719043305,0.141437869718768,-0.07144122720536403,0.12377139758612472,0.15394796173935552,0.141739004977517,0.09596293376092985,0.08608474969045489,0.1578466090235263,0.018226216947856935,0.30866503069658663,-0.11436800238615145,0.14700444769043816,-0.18897815324937564,-0.1287807551195781,-0.15191418592923078,-0.21972143422655624,-0.2776771081043798,-0.15065132955263094,-0.11037046419981533,-0.2982164018724535,0.0172446348998232,0.0695660207580051,-0.05277110618964033,0.06394587390190225
aqi_lag_12,-0.7024035851284498,-0.7020839002066689,-0.26870150464530285,-0.14106485693934326,0.43457680371589646,-0.4393806852367357,-0.003009947732853321,,0.02893165085655324,0.6060530570236681,0.6127790477503358,0.04245254853418225,0.05748078757178562,-0.029676840299373678,0.029676840299373678,-0.6677726971864942,-0.596198584324808,-0.49080874210437725,0.01241759507335921,0.9998030761131073,-0.6990091792349077,-0.6673520191659084,-0.5957776531886863,-0.4905881519148823,0.011534981199843575,1.0,-0.6994818724981111,-0.2659787408261438,-0.24218474143615223,-0.2022787991692748,-0.020246711712794865,0.2247464731514023,-0.3476898777831635,-0.12454778487922477,-0.10125619477216671,-0.0712321038423202,0.043801627319523244,0.18492196234728098,-0.13732366135773058,0.43192655699464494,0.39998444604737643,0.3408347511497362,0.06286745858309273,-0.3578059092556012,0.36452663445202144,-0.5787066555464575,0.3701543878210929,-0.5904270288475538,-0.4769367842967447,-0.030021907149627984,-0.02986700044168661,0.04577535924120838,0.07783333900518342,0.3046461887760978,0.19718231785489646,0.13039599768322813,0.14159126741899983,-0.574569228997422,0.4237127493029831,-0.5893483460361443,-0.4796483077602653,-0.02623782988864182,-0.030685069853560006,0.045631560486755804,0.06769851704353765,0.2839485517361827,0.06185498251604436,0.13054742320058452,0.13551682486101388,-0.2094329832323613,-0.061109430705192536,-0.18519384299119773,-0.20776551580293817,-0.05443249598495481,-0.059645410445825046,-0.02770663955130382,-0.05362648376112014,-0.022269357959787534,0.00014895849284885331,-0.11255216980479603,-0.08737753146891189,-0.07400257127433381,-0.23370790214047152,-0.05378850692406636,-0.10417351872743519,0.039673708762733295,-0.26382270269175717,0.05429252046070594,0.01841073559798442,0.037690421981565594,0.17417652024354777,-0.07930532817415975,0.015778282920201704,0.3644767014893542,-0.013952614240533163,0.3168626037209272,0.37516738142566747,0.11233444661983186,-0.10658151016322155,0.10306808238271703,0.05077827119770972,0.016645004195390008,-0.20353526468924374,0.18090825395142493,0.010857342168229695
aqi_lag_24,0.8469339482353417,0.8458301113834915,0.24288245441072806,0.11791089855296086,-0.4460507229708864,0.6348273182431131,0.025587627104490834,,0.04127255277559149,-0.6314124618307658,-0.595117152287486,0.03262107639860727,0.02595312075776588,-0.033487958562683634,0.033487958562683634,0.8141726981989564,0.7148743344643379,0.5665406573157351,-0.009615859207014337,-0.6998559772601003,0.9998028229975714,0.8129993811325148,0.7135761048809535,0.564826432349178,-0.01090193924467793,-0.6994818724981111,1.0,0.25327626421718324,0.247492447665199,0.22418721437493752,0.056038893733239004,-0.27131884584377963,0.21657666300071,0.10367914584557848,0.08197902138219516,0.055761602369904954,-0.042685133489821565,-0.11176593219115782,0.18213591114885117,-0.4339293340522738,-0.3918432364067352,-0.32644759808182006,-0.039804515031634256,0.41476811780051287,-0.36217696241231184,0.6666098844147905,-0.4169472241451972,0.7020489312676609,0.5678992872117026,0.13793240043384003,-0.20681513580281288,0.2584544606638052,0.09139561191955521,0.12909385903742693,0.13071101419598483,0.21958537397431555,0.20901806907336812,0.6685788701681826,-0.5210433928618887,0.7013990384791371,0.5641061665338131,0.14866981458021422,-0.2513103158502214,0.2593493537859557,0.08951479868392796,0.16457458239100528,0.01285599118145473,0.21896015765411767,0.19847921451693443,0.21756963524785705,-0.008704390162411584,0.20756071076214205,0.19514244029034666,0.05102910448988993,-0.09490060785695935,0.0502951575896013,-0.001073379011680938,-0.004748447452581969,-0.03228476004014413,0.07657176691072329,0.03267763751018245,0.06275031941600687,0.2047174407994401,0.05872536527486578,0.07061401932135167,-0.030348173075341104,0.22306097679816442,-0.01637838079061851,-0.02682265995968488,0.01961354319986129,-0.2143068494329579,0.1289262224560306,0.04156194169531795,-0.3538674267473335,-0.035475154811789616,-0.2917470200221399,-0.3862666179267861,-0.08473789253473694,-0.0668051630507003,-0.017192644358759425,-0.12745001323925087,0.03542934089980042,0.11815256032692402,-0.11960736332037965,-0.08107383030800921
electricity_demand_lag_1,0.24353397380001088,0.24071173557526201,0.9801992778613762,0.12804223844744148,-0.3002065992674763,0.2070179593392756,-0.2826617344920653,,-0.45555090924979597,-0.24953702484762502,-0.19478767702815236,0.5041048177481792,-0.03685343147602755,-0.22841768502637744,0.22841768502637744,0.24105369466419796,0.22490150641711162,0.19642891946243324,0.045741141272639604,-0.2646897499598179,0.252587789959666,0.2384895077282501,0.22243578142461018,0.19389789066168198,0.0439557908405081,-0.2659787408261438,0.25327626421718324,1.0,0.9801724476145759,0.9471223927517836,0.8035805723701612,0.5811299836867038,0.5128638377630661,0.13038368623063243,0.13056225943327457,0.12667205929903236,0.09411921488797192,0.014002997966632723,-0.04551724050651783,-0.29735398663689466,-0.2863111865001867,-0.2631802821441494,-0.14027691415265486,0.0850222866696726,-0.039629422320929836,0.22941822659662117,-0.19107881638113125,0.22355153888408855,0.16217927545364746,0.09878694379442969,0.013581546864974252,-0.04023427411218664,-0.01632029688613639,-0.0321827544791958,0.14483739225188033,-0.4382275380419848,-0.11811365917939359,0.2202805026368311,-0.18376580231929765,0.22142669954104555,0.15519072223791727,0.0762999064738095,0.041136969675493226,-0.04058856654901819,-0.03515210000830471,-0.10767395681595843,0.4652059790951879,-0.4386981609469736,-0.13927276462464935,0.9740660353121484,0.24055923346491123,0.959893600268961,0.9587271350521346,0.8849648106126282,0.3570202226657369,0.8613128013990837,0.8713914859379002,0.7926439562970716,0.4916704739461851,0.7551172773744934,0.8206068812374029,0.12231454682286537,0.05514311785185907,0.10725650026698527,0.13229428757092002,0.09133269126359073,0.06110588708769061,0.04908223580103708,0.0890593822537688,0.048520476414061584,-0.004808815507882651,-0.05906457410848131,0.015644593346121873,-0.278719130305116,-0.0939667380874337,-0.21219039713010238,-0.32737194801096003,-0.1721734904505836,-0.08918804332831742,-0.09268839526126564,-0.22923440364645617,-0.07313570916012468,0.033469214190163174,-0.08381817888164277,-0.10553445789294548
electricity_demand_lag_2,0.23200633295070702,0.22922952896464355,0.947157322695731,0.1206507506181628,-0.2910109101042971,0.23537829825501444,-0.2701750584635804,,-0.45632732360894074,-0.2924319193494859,-0.12127369390233114,0.49765953681206415,-0.05604184827296747,-0.22597528441549325,0.22597528441549325,0.24271172798179594,0.24058391222965678,0.22500237295814862,0.1049080367979366,-0.2409983889196143,0.24699773335037645,0.23991037178875482,0.23803984797880917,0.22254588668270575,0.10285602914878511,-0.24218474143615223,0.247492447665199,0.9801724476145759,1.0,0.9801833315826175,0.8606948274574671,0.6026523977001922,0.5243792025088811,0.12750987262397287,0.12974861866801138,0.1299657287524427,0.10643791831743882,0.02321135019269081,-0.03606203741116074,-0.29904036921464533,-0.2960708171843008,-0.28536504044755906,-0.1858046258329882,0.06668583384486576,-0.04567654364837699,0.25451450541857085,-0.2168648350382774,0.24886938756713642,0.1801003642385798,0.16391876003761296,-0.048363418224065466,0.027466886395399563,0.006924395223509622,-0.030040131468209323,0.14401982907107863,-0.4358525016639004,-0.12285655468173215,0.24527047293372295,-0.2103220515520412,0.24679137594205913,0.17284818277600542,0.14123264734804525,-0.025703756107994274,0.027022589445665535,-0.01191031927628224,-0.10627739184689547,0.45990725846766384,-0.4363752048095867,-0.14619677114573063,0.9896788343523343,0.24812321158054199,0.9703074463359094,0.9705746442692833,0.9165665383792759,0.3652864698355888,0.8816187086335022,0.890914326179129,0.8146175487532161,0.4899366325255995,0.7735979122902852,0.8308617459580476,0.12574824912062937,0.058763049687845265,0.10929335932917164,0.13735764086965452,0.099584637405667,0.07280109042172846,0.05565904149381939,0.10097441872137934,0.05648842692491201,0.03946121827038561,-0.061216731504623596,0.04346526071919065,-0.2958213249782425,-0.09491376986482365,-0.22813218501337013,-0.34672285495839694,-0.2087843746717408,-0.11734347651657337,-0.10412294329974332,-0.2767334356256524,-0.09165402143635473,0.030113914646910156,-0.09349740687685718,-0.12748813196151032
electricity_demand_lag_3,0.20453671630684184,0.20191861576175754,0.9078977109496515,0.1103369775049659,-0.2724602587967681,0.248754635975116,-0.2562479074486586,,-0.4517914291949896,-0.3167355350269456,-0.040437807143148034,0.48876329843634003,-0.07402014322629086,-0.22383400168814271,0.22383400168814271,0.23126584345057222,0.24215829086265572,0.24038888670928288,0.15642489492541317,-0.20114357599097896,0.223904357763623,0.2285106808428241,0.23936693273328077,0.2378548205221014,0.15411989829817768,-0.2022787991692748,0.22418721437493752,0.9471223927517836,0.9801833315826175,1.0,0.90642356606885,0.6319851978034634,0.530961851692014,0.12066195099267295,0.12734047486937575,0.12955213752194336,0.11742289127486863,0.034490822322259626,-0.029399523952517333,-0.2901010228590635,-0.2979190671779571,-0.29522287997822727,-0.22773524855777666,0.037908362853731156,-0.044715906698176856,0.26277594339324156,-0.22339420340111346,0.25710600347310086,0.18590309659074464,0.21846819540013138,-0.10595758036734658,0.08515389199088057,0.022694948065339445,-0.027244976605796598,0.14118518818507303,-0.4308515947557592,-0.1293434160333155,0.2534982465421254,-0.21495647045572186,0.25499723742784614,0.17882303918755965,0.19498831239013203,-0.08454134832114793,0.08464946426104936,0.004172700333535326,-0.10404149576094757,0.45283305891390657,-0.43139596632275756,-0.15437056198389232,0.9898909451713782,0.25453500777697485,0.9684659156771204,0.9714520289532188,0.9418143068494329,0.3723768687836406,0.8967242175833,0.9051182443154234,0.8344447214653364,0.4866309436273734,0.7898110285382056,0.8372470212586766,0.1256526979997989,0.06054194567381254,0.10823303838826215,0.13925844704833837,0.10662302111110127,0.08023876388496912,0.06049727145272069,0.11123453627491775,0.06297020956700791,0.08645502832995636,-0.06620132156613369,0.06741095700309661,-0.3019791832081631,-0.0890016237361625,-0.23595278741149944,-0.3528415877518094,-0.23979039502476102,-0.1372848043353629,-0.11697506947583157,-0.31828126741034524,-0.10889232844778163,0.019392320221526718,-0.09691901071147926,-0.14955493501537606
electricity_demand_lag_6,0.0274297509469685,0.024846580345831756,0.7462330713165678,0.05965268840947566,-0.17465190437521358,0.18762251031331334,-0.2189813760031731,,-0.43107342497991546,-0.25561292876698993,0.19602524969094356,0.45856400141258463,-0.11838155147064487,-0.2101863658960663,0.2101863658960663,0.09706588470840458,0.15494391592514362,0.19776334456744454,0.23626791267007782,-0.0186906839561452,0.05650766370563676,0.09451701126237577,0.15249919952211788,0.19525218533625766,0.23376422034719857,-0.020246711712794865,0.056038893733239004,0.8035805723701612,0.8606948274574671,0.90642356606885,1.0,0.7494333375941116,0.536276265482761,0.0752934735418165,0.08947517259813936,0.10186095171676311,0.12137016902384622,0.07713241584560407,-0.010245746943077928,-0.20493914563492738,-0.23455107451678917,-0.2603097615860067,-0.28665448358044604,-0.08856406986838491,-0.014021528050602453,0.1849321587085033,-0.12733951525843729,0.15829977168830295,0.13285015838544975,0.2882636653913862,-0.19198307163296222,0.1599175610882891,0.04109567742676956,-0.025312566047335137,0.10127823345605218,-0.402582161330161,-0.16474207206396255,0.17561231812066777,-0.1134438520134708,0.15648462809083305,0.12638095155038456,0.2657625801585263,-0.16769524383252357,0.15918142233007382,0.02238994961386427,-0.10166043791518858,0.3948590969090796,-0.40300323831273444,-0.19372682937446017,0.9000423968522552,0.25788929485808443,0.8855210359518535,0.8962234271866109,0.9692065966970954,0.3909728875293772,0.9100435611111749,0.9183756143091059,0.8772160581558255,0.46660494866184143,0.8177079227315108,0.835056560979222,0.09689256997648386,0.04441911882888504,0.07770786912842667,0.11262735389073132,0.10906090339465901,0.07901773454001947,0.0580951485955963,0.12489783794334061,0.07177382101947344,0.2165309756464887,-0.09490979919571224,0.11027363302433861,-0.25298873297287794,-0.05140460138732625,-0.20493925730039317,-0.28536821298065135,-0.2774680346717661,-0.13814843454368964,-0.14341836370285752,-0.3629052372274903,-0.1452751555711362,-0.03987936513561298,-0.0738534425090757,-0.19314259558878027
electricity_demand_lag_12,-0.3160441079132775,-0.3191021232596725,0.5631911794298067,-0.01589447045104828,-0.05756658347812176,-0.2058844121881119,-0.16443221609568187,,-0.40618730157364297,0.19239559835016978,0.24920235052830988,0.4127160475532296,-0.19079690113528688,-0.18340816542505206,0.18340816542505206,-0.2947326656989216,-0.25374921059592254,-0.19864089613024313,0.007466402076559856,0.22719005053451674,-0.26999239387814766,-0.2976148923056674,-0.25652803950627284,-0.20119508500252484,0.0050988859119689475,0.2247464731514023,-0.27131884584377963,0.5811299836867038,0.6026523977001922,0.6319851978034634,0.7494333375941116,1.0,0.5616009810758169,-0.012306553870676206,-0.0052211463323897644,0.005863617532398894,0.049385425326024336,0.11259438015256211,-0.0010546701600867116,-0.05547009037555302,-0.05999478455339477,-0.0744347754994506,-0.1556939317403605,-0.2860611173541087,0.07938451653324348,-0.234394224915934,0.13357109319334357,-0.2678325883608408,-0.20873604915869332,-0.025027684511733803,0.0494795311794045,-0.15025833536492594,-0.0998144299353935,-0.0590016110803857,-0.07448127134871348,-0.35514757947563586,-0.2370875844878652,-0.2431780933566031,0.20610198278055009,-0.2698869330041354,-0.21689523582098394,-0.047757206515700125,0.10179876555553165,-0.15070153951299356,-0.11979907530566729,-0.13563132709741024,0.20546109424377304,-0.3549007368749578,-0.2714548257068544,0.6419827552385424,0.2542792345279965,0.6356787154520245,0.6571018344019067,0.8092868090104068,0.3777329200800351,0.7956961266892848,0.8231822118763572,0.8955094772784511,0.4683248687279552,0.8141625541734542,0.8343503857642453,0.004579556401074004,0.015479533710559854,-0.007658914067806029,0.018565670948727384,0.050692840500510664,-0.0010425828921740473,0.01703072640305464,0.07539158730645878,0.06813351338285117,0.18880394050266214,-0.07009172096466867,0.06347810231814556,-0.07744196622179399,0.04959178791955482,-0.08340427624770447,-0.07631988334532631,-0.1673627765761821,0.01704581264641152,-0.1456753622726106,-0.1840638517654826,-0.20387469262282115,-0.1296002166668987,-0.03567423374998466,-0.23595057828980548
electricity_demand_lag_24,0.19454472741355155,0.19341127604400668,0.49319967145603444,0.13987641494117803,-0.34804721643414305,0.17956493948083765,-0.10673643225726388,,-0.3926204822454287,-0.19683304274224014,-0.25463900242049375,0.2613832468459349,-0.30010714584166415,-0.09493425637225082,0.09493425637225082,0.17688650172814632,0.14207514240912836,0.09191966619123132,-0.10371712820175333,-0.3448384047140237,0.21932549772006182,0.17564534969809645,0.14044166129850802,0.09009482973550692,-0.10638901579820617,-0.3476898777831635,0.21657666300071,0.5128638377630661,0.5243792025088811,0.530961851692014,0.536276265482761,0.5616009810758169,1.0,0.1357685984908882,0.12656543426485375,0.11431076913484607,0.05635338712933422,-0.0317605889169167,0.10326573138282749,-0.3464695469996785,-0.3351163638782101,-0.31361406846789763,-0.2110797996577486,-0.041303592124727014,-0.29481398108018625,0.1293131836492426,-0.16590698257172978,0.14903845140798935,0.0381044698945598,-0.06657330921985995,-0.058482218000817564,-0.09378048136554276,-0.22653315365322768,-0.2441436025681102,-0.23075859991672498,-0.3171304609994944,-0.2699202622942911,0.1223706041741283,-0.15385286140785392,0.1473079773870574,0.03415257742806443,-0.08126755198043924,-0.005971501721818433,-0.09449267249338301,-0.24254541412862954,-0.2950574129314196,0.05286178752722574,-0.317041379711878,-0.31375964166488174,0.5391598842249539,0.17848884962785688,0.527723481417885,0.5441035463865852,0.5812327485942596,0.20121368899440994,0.5755910160918658,0.5696407225665102,0.727107534869829,0.2934481043544731,0.7406737109373375,0.7095325234167821,0.12096873143357902,0.15521323085529004,0.09708701249366222,0.14707600129657136,0.07103168626835563,0.1343025970919556,0.03431288558824051,0.12216807609096635,0.05505414774100712,0.06136533051193883,0.042694397605621257,0.1947123733249913,-0.33393185667623426,0.08144941549294883,-0.31615038000634027,-0.3260567229418924,-0.26501171292142156,0.13991302950188128,-0.23921115255505973,-0.21964390108370327,-0.2889075913145935,0.12875076092857965,-0.23944709803306338,-0.2486267254322403
temperature_lag_1,0.16655520079275382,0.16140226917065756,0.13162458648003447,0.979480670347565,-0.35371257682080115,0.12524265484122546,-0.049665726707187205,,-0.06685343463075151,-0.14991559642452335,-0.04247298569930093,0.0010150906080037953,-0.030234650363659184,0.0004957804829881355,-0.0004957804829881355,0.18366215924374055,0.18838397136562385,0.18099020549407194,0.09921076592659446,-0.11661386987310395,0.09876711719387861,0.17677753582026046,0.18026458575108908,0.1720052270946534,0.08907505978442345,-0.12454778487922477,0.10367914584557848,0.13038368623063243,0.12750987262397287,0.12066195099267295,0.0752934735418165,-0.012306553870676206,0.1357685984908882,1.0,0.9795440759257119,0.9301677096525691,0.6630628526460691,-0.08107032022819714,-0.597559973949301,-0.4351275450801047,-0.49060383318671863,-0.5260392937057213,-0.5375614292429693,-0.35364193704648017,0.18284507863193372,0.19288323141320085,-0.04849825441849671,0.1750723829822591,0.1809700385391129,0.13373367395135372,-0.03899964076541186,0.0777136901949878,0.07689374294957423,0.04542093570209328,0.07055666430830095,-0.06572986456248751,-0.05732701723117785,0.18462697342541484,-0.08123530385893038,0.17075935567581663,0.16236018037360753,0.11597323376270383,-0.04579909071945313,0.07425368944041122,0.02743609274860924,0.014141327084924675,0.10033921947823071,-0.06664317049588603,-0.10811282486974143,0.12375736748935832,0.010203731015608406,0.1172465439340773,0.1294875641198892,0.0887027264306508,0.07603364744376734,0.07675260186464508,0.09403000124093935,0.07459341849545573,0.14239757494814778,0.057180424677228205,0.11772520869618765,0.9595830979888411,-0.38212570832108056,0.9276229881895693,0.9592853182742904,0.7289546070340165,-0.23905585778651528,0.6503179525588912,0.8133421649333451,0.08543652004242355,0.1735480312242134,0.04337760098689893,0.3873118104163926,-0.5310300215926506,0.24072091685140648,-0.5584678398643884,-0.45726312864417495,-0.6300474535192849,0.4882503325469952,-0.7135225334505866,-0.3908651087424926,-0.5056409705399538,0.5873433363438529,-0.5639745891978979,-0.11665729726980319
temperature_lag_2,0.14066366838344274,0.13717522631566934,0.12755866069599167,0.930000969434588,-0.2604140722292429,0.12510547382822668,-0.037834776564885785,,-0.06244012721013955,-0.1561118934552996,-0.006587553400506645,-0.009747019801815564,-0.04574818337735713,-0.007771283030887645,0.007771283030887645,0.16895372619068016,0.1860312599289707,0.19136605525921493,0.13675366193721364,-0.09254565718772303,0.07778913213111623,0.16372068341530785,0.17914208042094412,0.18322692661164533,0.12675508128410198,-0.10125619477216671,0.08197902138219516,0.13056225943327457,0.12974861866801138,0.12734047486937575,0.08947517259813936,-0.0052211463323897644,0.12656543426485375,0.9795440759257119,1.0,0.9795610979821207,0.7701515836270851,0.04163806587060631,-0.6311186058773091,-0.35766415828867215,-0.4389890173031722,-0.4940345022225511,-0.55070956444823,-0.3929588988246385,0.1624147367347235,0.1975842247598647,-0.050457560610349624,0.18176055899545743,0.1819555764011096,0.16798258411380237,-0.04692368425501526,0.10537484273755467,0.09742432535527314,0.06296622745382492,0.08228794922602896,-0.06027024017213832,-0.04387137141917392,0.19065644509109692,-0.0865768067580903,0.17799566970166816,0.16677573677508079,0.15032794633295465,-0.05999730558225708,0.10215996098566539,0.051872608892157224,0.029000870275444113,0.1089846430210306,-0.06111499272225989,-0.09554773836141527,0.12861326771060333,0.0036279721570100882,0.12183487175375568,0.1347782026194071,0.09835181743167434,0.08093175472601954,0.08360892248837012,0.10752405443081758,0.07789942734451284,0.14691531244971892,0.05542176446028419,0.12028848437457952,0.9904165603057956,-0.42380401040507676,0.9631008107039116,0.972167948241022,0.8179948001158688,-0.30587033142938336,0.7359300842612748,0.8623220584883396,0.20312309471042111,0.1318360647377347,0.12600130733316162,0.46983668103305976,-0.48198522531367943,0.22308026371895842,-0.5061852473965536,-0.4095109278263372,-0.6193454640353546,0.45029283284264415,-0.6797630237851046,-0.38837956907012516,-0.5400506725195229,0.6085712732671527,-0.5823310939316539,-0.11502940362486258
temperature_lag_3,0.10633534313619043,0.10461858516748683,0.11862050872107889,0.8590127612268689,-0.15922711706108364,0.11410211257506163,-0.026430748039868866,,-0.05962051413585969,-0.15127596472543206,0.029530826921496344,-0.017586713529288145,-0.06134464361167868,-0.015814789087710494,0.015814789087710494,0.14317381785275843,0.17135440307297567,0.1888810908128091,0.16819368269779042,-0.061762345391363216,0.052298978114561745,0.13962526078055199,0.16611769011838537,0.18196584037654417,0.15867671814861548,-0.0712321038423202,0.055761602369904954,0.12667205929903236,0.1299657287524427,0.12955213752194336,0.10186095171676311,0.005863617532398894,0.11431076913484607,0.9301677096525691,0.9795610979821207,1.0,0.8598631679780822,0.169274305192471,-0.6538378910674639,-0.26455897093227887,-0.36163662181467887,-0.4424431628346662,-0.5491003170626237,-0.4313075658643065,0.1342534769973064,0.18914952012734063,-0.05215368964068989,0.17637466954787867,0.17125685226381673,0.19356987132173026,-0.052791857871960654,0.12739012781655634,0.11332979968564397,0.07811837251855319,0.08912182292997715,-0.05197648459810668,-0.03147293003971747,0.1839295128160875,-0.08918858222437384,0.17335048164384995,0.15972712239878914,0.17670267682000332,-0.07140162815482137,0.12457878012389631,0.07313647950291041,0.04209986646245188,0.11212378527357202,-0.05272835428327076,-0.08311955002910847,0.12999009114897608,-0.00896384322943891,0.12421337306181818,0.13577496711388304,0.1058109504606782,0.08613151277262154,0.08905815057926124,0.11968052783732618,0.0816950887244151,0.15057024144029582,0.05435151653400042,0.12126071113449972,0.9924833459284635,-0.4572943324905325,0.974157148985606,0.9603667122329677,0.8892967006422834,-0.36624623498166453,0.8057375949947074,0.8919772564027614,0.3180331155210365,0.08362224920863436,0.2074176536012662,0.5390488802671997,-0.41499913703349056,0.2023376763577654,-0.437480201202844,-0.3479949805722892,-0.5925751768191365,0.4113731766726042,-0.633889878818934,-0.37293826105498323,-0.5648865221720377,0.6182449165015658,-0.5915735509189618,-0.11161807964839958
temperature_lag_6,-0.008811024560274914,-0.005602971528967632,0.08095016890106166,0.5441430647522822,0.14968850929953528,0.049032585409308445,0.0038269376628524325,,-0.057209540637562416,-0.08605713948863615,0.12008320113189634,-0.027066523397983194,-0.09663939012264876,-0.03430770526297346,0.03430770526297346,0.030623785558280138,0.0727956634681476,0.11392337539048913,0.19558391380709325,0.05405623461256761,-0.04285181024948118,0.03228694625461028,0.07278661457800663,0.11215213424408359,0.1887382702180666,0.043801627319523244,-0.042685133489821565,0.09411921488797192,0.10643791831743882,0.11742289127486863,0.12137016902384622,0.049385425326024336,0.05635338712933422,0.6630628526460691,0.7701515836270851,0.8598631679780822,1.0,0.5436682622997422,-0.6440783373920543,0.04600595834727276,-0.06259862026549247,-0.17119848459543616,-0.4495449751930692,-0.5204470950036543,0.009293813383181988,0.10242065404751076,-0.03241135267431066,0.10503275432378924,0.09106049643130025,0.20414036714333225,-0.06673898185309059,0.15781075017741195,0.12417906007078106,0.1093557740747146,0.07821094962538007,-0.008441379772770355,0.0004898259147115314,0.10302927100818128,-0.06293920734130606,0.10464129949277184,0.09066859737008633,0.1928556417901137,-0.09735194671057278,0.15680923644290531,0.10248345068126231,0.07205188266593078,0.08365015522648168,-0.008814241751129721,-0.04414511749415392,0.11354370167828046,-0.07166733647441542,0.11857626199737975,0.11570947737372234,0.11449237972718589,0.0779141080613849,0.09809629530871669,0.13493689278560034,0.09231114539148214,0.15293567194630797,0.05246722416099056,0.11654974737828629,0.8312021824663082,-0.5040168529570291,0.8542561482197273,0.775326879110163,0.976934758704949,-0.5054477798993916,0.9143514210299529,0.8680766892209192,0.6229714745448517,-0.0784760884344058,0.4363570943014829,0.669714177029193,-0.13032275272316218,0.050127560875488246,-0.13800626003141786,-0.11204161546684681,-0.4194849055339428,0.277589449070191,-0.42869560240612137,-0.2680238223072717,-0.574518717692868,0.5849093747327871,-0.5617985038185141,-0.09677590186052522
temperature_lag_12,-0.12008002635194204,-0.1116072285945185,0.00635763570747702,-0.19644795910150847,0.48679227350016174,-0.08671644211751948,0.02772302792982449,,-0.05653527997094572,0.11171511967884376,0.08327740556035235,0.0310232238595402,-0.10946622436669627,-0.03962441490227052,0.03962441490227052,-0.11378870697990283,-0.10254321564435129,-0.08608923426119913,-0.007018331182959926,0.19177640106002725,-0.10492256729396653,-0.10553529732835988,-0.09484912859675368,-0.07924833724290294,-0.0037954711827856242,0.18492196234728098,-0.11176593219115782,0.014002997966632723,0.02321135019269081,0.034490822322259626,0.07713241584560407,0.11259438015256211,-0.0317605889169167,-0.08107032022819714,0.04163806587060631,0.169274305192471,0.5436682622997422,1.0,-0.2124485688013176,0.4640843662912797,0.4253900111571626,0.373719989281927,0.14379510880220175,-0.4539566150592198,-0.3109584098403223,-0.10061137270104914,0.07866003288167656,-0.0868208574484402,-0.07894832100392186,0.00904591517160309,0.029300493332169174,0.04996224991571335,0.05657498976926175,0.13711092188603546,0.0038748862600513118,0.09374458856027021,0.07348695872271375,-0.08962108535483028,0.06946161545014494,-0.08293725380245749,-0.06506030046386467,0.013702929204565877,0.001016133315324634,0.051569554312678956,0.07292204305953105,0.10263332486349577,-0.026317523816388674,0.09395183264106,0.0569360505045948,0.0336934443233553,-0.06466766577797661,0.04341909065362471,0.035527153685867896,0.07272763169151064,-0.06288743918935862,0.09546535706506869,0.07709669397605931,0.09835225104888792,0.0891306735231099,0.07527220787789564,0.08761938363568715,0.11883176174265359,-0.30763078595408233,0.18042056235247989,0.041552316871633056,0.5534667702798791,-0.4957984520010539,0.6275613664528907,0.3816833100740676,0.9019374083270383,-0.38727980548323737,0.7151595200828001,0.6268654863318539,0.41270365380257995,-0.26348884862040367,0.455184077902576,0.34838671844128616,0.1783915118382003,-0.19086588030562407,0.20417344524721118,0.059842313674622685,-0.34057494427751495,0.25926757340979273,-0.2795909711248674,-0.06856617705288111
temperature_lag_24,0.11763973335523865,0.1196330200920678,-0.05386771979706338,-0.5540649867860812,0.0578339600692236,0.11134042809077128,0.033825855442508955,,0.0273175521971804,-0.10897993349953863,-0.0914022918643355,0.014929201356745322,-0.0127408444227987,0.05274738679666597,-0.05274738679666597,0.11150768728436791,0.09381951389752215,0.06585041047471983,-0.04282598701707835,-0.14576171870680857,0.18913873876846812,0.1143896002321587,0.09769769054006336,0.07055026420544283,-0.03583961192290822,-0.13732366135773058,0.18213591114885117,-0.04551724050651783,-0.03606203741116074,-0.029399523952517333,-0.010245746943077928,-0.0010546701600867116,0.10326573138282749,-0.597559973949301,-0.6311186058773091,-0.6538378910674639,-0.6440783373920543,-0.2124485688013176,1.0,0.12024792441863712,0.18317546077526306,0.2462471149542678,0.4068613310926066,0.4917021827729844,-0.4699324810354998,0.08475822222872892,-0.10860755000069754,0.08919812301309384,0.050573323978091736,-0.024325818220486822,-0.08717345296432559,0.0056373542630871395,-0.0710855293460321,-0.028850768949921068,-0.0866076126468422,0.04772309593097216,0.02385709672493707,0.08715674732310263,-0.09769016034572423,0.0911766592558384,0.059093030038303455,-0.015234215937504984,-0.06065875279102425,0.007814777807791553,-0.048298946193124345,-0.013373751704187087,-0.11014889851929069,0.048372578965199996,0.047100788437812964,-0.03796932806305812,-0.0020878254792044736,-0.037540404757421104,-0.04510280456939221,-0.026928038235681268,-0.08822325064572227,-0.018559473793605726,-0.052737357024656366,-0.019421953174222958,-0.17236513595963482,0.06450833627753831,-0.049583241866723665,-0.6565025067325049,0.3800659936108962,-0.650150329975321,-0.6465986767156807,-0.6620858828159202,0.35076195758491463,-0.5818452163287562,-0.672941582486699,-0.07453082617941863,-0.16191923771660163,0.10042147309295094,-0.2278750769289749,0.23577747945983246,-0.12889629815019304,0.26305151995901643,0.18612255892335838,0.446202424912615,-0.29344091597550276,0.497447773341525,0.28456702544056334,0.4432432483741681,-0.4734922921502388,0.409448440272799,-0.002093965031273877
humidity_lag_1,-0.3487206937240117,-0.3376819434366462,-0.2879166353699846,-0.4868451892802283,0.9622412541272086,-0.35661135410397615,0.07976593359454041,,0.2811642111697897,0.4059106679432032,0.23061472707641445,-0.19536330535691607,0.17040530543819074,-0.0998905540343138,0.0998905540343138,-0.36494907282813094,-0.3504315652345049,-0.3081602502604457,-0.06171331281030104,0.4310442593480567,-0.4300303415978391,-0.3534924919906383,-0.3392448688883484,-0.2978195927534834,-0.05527177431556538,0.43192655699464494,-0.4339293340522738,-0.29735398663689466,-0.29904036921464533,-0.2901010228590635,-0.20493914563492738,-0.05547009037555302,-0.3464695469996785,-0.4351275450801047,-0.35766415828867215,-0.26455897093227887,0.04600595834727276,0.4640843662912797,0.12024792441863712,1.0,0.9625439171441166,0.8783399082228031,0.4712179200051435,-0.12010210558358236,-0.0318397643847754,-0.34780435203138854,0.25383209084166897,-0.3787654991427338,-0.2268120926543285,-0.11337395036922492,0.19144340237461996,-0.15606944440110448,0.12116731920909748,0.11553524106127269,0.03830081736717212,0.06328615282259727,0.14928631706630185,-0.33555077349908286,0.3014983113710269,-0.3722110728393662,-0.20749242893837255,-0.10968865074649994,0.19511769146944516,-0.15249032786013111,0.14997534297206566,0.11829091042321961,-0.057918730534226165,0.06397390357696663,0.1807854557098713,-0.28992827147304995,-0.16467396149998365,-0.2676868546576145,-0.29428880057751494,-0.22434349252806365,-0.08936587395717331,-0.20577364361751022,-0.19408405014752497,-0.2261394741536441,-0.07952398070829098,-0.2801291283049981,-0.2311814320118467,-0.29413345747810027,-0.35191153205358305,-0.22227437559939794,-0.3822771400997323,0.013769930716569834,-0.40108885261883914,0.08804841656393377,-0.13686422502910245,0.36860330251293183,-0.2182663139163557,0.2870407541168101,0.1416594564833315,0.9331482805240989,-0.2098228209896389,0.8773935913728326,0.9095810757107756,0.6419886987688637,-0.20210994619585676,0.5777427567723027,0.6238760759590108,0.30087172374307614,-0.08880984229823542,0.30425717744900516,0.41919601912490984
humidity_lag_2,-0.306367432579664,-0.29594824596279595,-0.26436328110441387,-0.5225736314027706,0.8774167955130698,-0.371200662245864,0.07335443656890184,,0.2753206704100658,0.4517044767531954,0.12588813026790627,-0.18191221495031287,0.18217328189506943,-0.09520953877438934,0.09520953877438934,-0.3509567800711027,-0.3665465485570358,-0.3516940424881148,-0.15906745131654246,0.39840557431388834,-0.3875734296218833,-0.33988626377795744,-0.3550744011111332,-0.3405305062178854,-0.15135261487698506,0.39998444604737643,-0.3918432364067352,-0.2863111865001867,-0.2960708171843008,-0.2979190671779571,-0.23455107451678917,-0.05999478455339477,-0.3351163638782101,-0.49060383318671863,-0.4389890173031722,-0.36163662181467887,-0.06259862026549247,0.4253900111571626,0.18317546077526306,0.9625439171441166,1.0,0.9627725438386783,0.6224212934544583,-0.06716391866926227,-0.06980907202522604,-0.37811399402027773,0.26463468428925335,-0.40242919482123096,-0.24790574193458598,-0.21045276239907632,0.23229720679992905,-0.22617961781002133,0.07877872890729401,0.12057205134424526,0.03566816217900183,0.06519443149333434,0.1696217379374315,-0.36408550573475146,0.3153398737978411,-0.3956750545908967,-0.22787701555260548,-0.20305172600466212,0.24244372465403807,-0.22221923683101133,0.11090002761647201,0.1256179737882383,-0.05886253526770275,0.06595111571806336,0.20526648864583916,-0.2925197953788361,-0.16347039689852708,-0.26976923192618707,-0.2994020590033766,-0.23892529148000086,-0.12172271478866618,-0.20787594211099852,-0.21113650803322062,-0.22384763909919858,-0.08808080613770014,-0.2670790996547549,-0.22574903629642856,-0.38146238929989545,-0.30932325308958186,-0.3038617401494873,-0.46740135460662807,-0.07821973938333718,-0.41978162832672944,0.020529335509074962,-0.24138886019888844,0.31993183344210496,-0.27308520117342344,0.27487023966923796,0.0665477187673777,0.9831258275891246,-0.23584506466059493,0.9275828765079425,0.9389246676103902,0.7505947741630125,-0.22084322039717144,0.6459976570733094,0.6889001133997771,0.3741444455968302,-0.12521507705756144,0.35295447847402767,0.4389776964415014
humidity_lag_3,-0.24157996772397067,-0.23221051471244242,-0.22876529522104902,-0.5424356326379838,0.7595253107405695,-0.3611142566994021,0.06578349517096214,,0.26915021827916863,0.4660774172453876,0.013066145374990156,-0.16990467117942232,0.19539248342721238,-0.08995822438435713,0.08995822438435713,-0.3085789667151164,-0.3523923883841019,-0.36746054893050784,-0.2429805195285994,0.33836959519921345,-0.3218273527710551,-0.2981392777359523,-0.3413004838241169,-0.3560114350027404,-0.23396795949037372,0.3408347511497362,-0.32644759808182006,-0.2631802821441494,-0.28536504044755906,-0.29522287997822727,-0.2603097615860067,-0.0744347754994506,-0.31361406846789763,-0.5260392937057213,-0.4940345022225511,-0.4424431628346662,-0.17119848459543616,0.373719989281927,0.2462471149542678,0.8783399082228031,0.9627725438386783,1.0,0.7623626345376864,0.005289800480647619,-0.10255904025130338,-0.37950359857590266,0.2701040058262194,-0.39764770422503243,-0.24546338333337672,-0.2897162238926356,0.26079821138404263,-0.2789601867483989,0.04003584863584491,0.12448040907528432,0.037105985253360195,0.06611578307970371,0.18981760224703,-0.3647444921574417,0.3185049576167504,-0.39093058321119867,-0.22501213027392675,-0.2785965398973173,0.274789997909903,-0.2749129038565373,0.07427188384507466,0.13306279917866765,-0.053989300930827204,0.06678477987522524,0.22962278379841053,-0.2848879175719028,-0.14908685072768152,-0.26314811131391563,-0.29189160671480574,-0.24887570803548142,-0.15668803827006664,-0.20753762629087805,-0.2281433662889204,-0.2207095753688709,-0.09661782527266892,-0.25171117877532895,-0.21821347030167343,-0.4536574444841591,-0.23910114353191717,-0.37599417374109784,-0.5346415791215761,-0.1691329721838027,-0.4122832057114087,-0.050810505665013106,-0.3370802769702208,0.26662278064301587,-0.33252806719611877,0.25859562285671933,-0.00564643818008851,0.9841517683620377,-0.25455498894929457,0.9387459333124463,0.927834699619492,0.8395609786132037,-0.24052276720890575,0.7003070554319973,0.7322215919524421,0.44247445288592746,-0.15445903915932493,0.3917218114497444,0.4506514571144971
humidity_lag_6,0.028063811579741606,0.03266608582966293,-0.09235567815631336,-0.5144205961139923,0.32065942192754093,-0.21912241423224296,0.03991790496021101,,0.24790098699635205,0.3360696726533197,-0.3074514004202385,-0.12539429675374958,0.2323288563972902,-0.07647939696373678,0.07647939696373678,-0.06873493111918107,-0.16286950565544475,-0.2460805604283004,-0.3681313801542216,0.0574199048139847,-0.036130035983862614,-0.06245247557015469,-0.15486339620440262,-0.23668389719419733,-0.3568359070285004,0.06286745858309273,-0.039804515031634256,-0.14027691415265486,-0.1858046258329882,-0.22773524855777666,-0.28665448358044604,-0.1556939317403605,-0.2110797996577486,-0.5375614292429693,-0.55070956444823,-0.5491003170626237,-0.4495449751930692,0.14379510880220175,0.4068613310926066,0.4712179200051435,0.6224212934544583,0.7623626345376864,1.0,0.33440905374423535,-0.15821347938274966,-0.2230557740523225,0.18502521964659632,-0.22638779835515108,-0.12514032549893445,-0.37710920036261,0.29005863517605673,-0.3195882361648602,-0.011801366746982903,0.13068307387245312,0.07894333605654265,0.07582510912950223,0.24867865372511705,-0.2096308394518542,0.20315759802542493,-0.22116384885559895,-0.10773348512668057,-0.3577131423911658,0.30439915215136504,-0.3158341709597904,0.025601964292671694,0.15253346718086208,0.006296566743275419,0.07606472897614631,0.2943621777052602,-0.2061783427781885,-0.044335347405738704,-0.19890449760324266,-0.20882104981493685,-0.24524926554556678,-0.21795125518915182,-0.19110341369592343,-0.2517276864250335,-0.20681999080368282,-0.12290179434592591,-0.19572393543680308,-0.19156612180478433,-0.5587501100657472,0.0948726596022761,-0.5150861948479172,-0.6012031756200746,-0.4092277971669695,-0.21556722270784032,-0.27967416273354373,-0.5382068363007756,0.08735879669860282,-0.49158832027210625,0.17900840986782876,-0.18653448849861884,0.7225027868027681,-0.25679911984115855,0.734907522394044,0.67576521380176,0.9371133995502935,-0.2947214673313428,0.7713428021418526,0.7528269280467442,0.5935280937583327,-0.20346981610804712,0.4371192492399448,0.44422370396865074
humidity_lag_12,0.39246901382654376,0.39174067371081994,0.09120109138381144,-0.31442131749413227,-0.1522982251499687,0.267200708189985,-0.0035451356531689504,,0.2168035418295798,-0.30026492994676646,-0.3313884446717306,-0.052227979638921125,0.3023792626434681,-0.02095050950650118,0.02095050950650118,0.3720996631253039,0.3301611938171662,0.2677852857135646,0.01128623440661649,-0.36929444629905256,0.4146239051920216,0.3718827430630362,0.3304417724507995,0.2689654371608495,0.015834025525378975,-0.3578059092556012,0.41476811780051287,0.0850222866696726,0.06668583384486576,0.037908362853731156,-0.08856406986838491,-0.2860611173541087,-0.041303592124727014,-0.35364193704648017,-0.3929588988246385,-0.4313075658643065,-0.5204470950036543,-0.4539566150592198,0.4917021827729844,-0.12010210558358236,-0.06716391866926227,0.005289800480647619,0.33440905374423535,1.0,-0.13735845852064155,0.3156163492802878,-0.26500392503185083,0.34259748233851606,0.24303473274001122,0.038496603489332266,-0.04672165792737741,0.08259045193814746,0.07375660388691559,0.06719617815705627,0.1740512666015,0.06837224763278357,0.2560883568684607,0.31856407018478505,-0.3000572072877241,0.3433596985382702,0.24770090944596718,0.056655495726413554,-0.059946504652440065,0.08551804066544831,0.09797262554219138,0.12134937314183791,0.1209126854668935,0.06864120222004008,0.2955011898238584,0.04012578199666726,0.026840060971750016,0.03212019736092976,0.027636611176180572,-0.09007763782911457,-0.04454049759298255,-0.10170031464229526,-0.1174329428616031,-0.16903964116056064,-0.17020726338604597,-0.11621319115280945,-0.16186455159025542,-0.43238809102455444,0.4097707933905165,-0.45233750013127894,-0.40627554741630406,-0.5676529094229474,0.45337596559249,-0.5815173226866147,-0.5566901645963697,-0.3284829108850005,-0.21170537484315657,-0.1950312011659252,-0.36074556305757766,-0.0034670509298961533,-0.11272945838041164,0.04771343074752151,-0.03140103711889485,0.41985700677588306,-0.26875883155895214,0.4798212555614719,0.3755697458134214,0.6797404033833748,-0.21262582969314084,0.4001904297940326,0.37053228373580055
humidity_lag_24,-0.36861210994215854,-0.3733757453819231,-0.028188154614267873,0.19585472781999497,0.007670922584676439,-0.26517668830619556,-0.11608034928289418,,0.08657022021788047,0.2748501417458335,0.32029723896403345,0.08358365638416854,0.3276920072703617,-0.04439512728758584,0.04439512728758584,-0.33768252363080087,-0.2804429636760527,-0.20345298392118505,0.07819215225864884,0.3652988901229418,-0.37375738041562684,-0.342828237056555,-0.2857534553521409,-0.20880935279830715,0.07416508319134521,0.36452663445202144,-0.36217696241231184,-0.039629422320929836,-0.04567654364837699,-0.044715906698176856,-0.014021528050602453,0.07938451653324348,-0.29481398108018625,0.18284507863193372,0.1624147367347235,0.1342534769973064,0.009293813383181988,-0.3109584098403223,-0.4699324810354998,-0.0318397643847754,-0.06980907202522604,-0.10255904025130338,-0.15821347938274966,-0.13735845852064155,1.0,-0.25700376379721857,0.22851927410372092,-0.28525034779571745,-0.18565672186836948,0.01587117023849191,0.12770567516480433,-0.040631711399425965,0.08485541075416458,0.03284345658069455,0.10490312427852426,0.06910118109011835,0.05681896589177757,-0.2620546221549041,0.2470699892770804,-0.2877139292712367,-0.19398771803064524,0.009441591251667275,0.11542349418291611,-0.04179794880182619,0.0720069921293043,0.06661262015990552,0.1070999777796176,0.06909281783793511,0.06061689618877282,-0.042641371306874495,0.013559022585283123,-0.027605089207581406,-0.040228871854788247,-0.011510178426559726,0.06016431061927946,0.004947493242394667,0.006721562882891376,-0.045737101553741694,0.022314670582871652,-0.12671293395229702,-0.07868358975668784,0.14015770557788826,-0.08502234994857058,0.09081698963126437,0.1841202473417276,-0.015789477181202643,-0.01167780422730277,-0.11761658566454292,0.08587135661616846,-0.44752026293142555,0.3551533211312721,-0.5680831082724479,-0.34202290719733625,-0.08697033029561022,0.1397152506542044,-0.1255309920538303,-0.02753870167482788,-0.15327085617899672,0.11711690077169852,-0.1845868091207401,-0.0439849924679399,0.16573034463301856,-0.15065623539345432,0.26835500734166917,0.2584494950279242
traffic_flow_roll_mean_6,0.7585029734747574,0.7573878729815618,0.18910514799032593,0.17558567675868536,-0.2901658204485425,0.7395877724745452,0.05371067446762495,,0.0876530947560829,-0.9046656165003621,-0.10936025122627896,-0.021338379463263724,0.014397071426275452,-0.021066085468224055,0.021066085468224055,0.8922940240687564,0.9679162136953223,0.9753909685845653,0.597097777265922,-0.5781848578692987,0.6664553573801529,0.8913261102596586,0.9671130781000642,0.9746417465984436,0.5962512323562652,-0.5787066555464575,0.6666098844147905,0.22941822659662117,0.25451450541857085,0.26277594339324156,0.1849321587085033,-0.234394224915934,0.1293131836492426,0.19288323141320085,0.1975842247598647,0.18914952012734063,0.10242065404751076,-0.10061137270104914,0.08475822222872892,-0.34780435203138854,-0.37811399402027773,-0.37950359857590266,-0.2230557740523225,0.3156163492802878,-0.25700376379721857,1.0,-0.4499427326100135,0.9576332237489767,0.9098142390530986,0.7271890380723733,-0.31748927106522407,0.6142204038288711,0.5334727978043083,0.2075899224580556,0.3522434262731395,0.031352431615791536,0.2605969864105162,0.9991611751141868,-0.5922539052563238,0.9575284309098536,0.9079974442938819,0.7254810144364446,-0.4060473098248061,0.6143551527655255,0.5332924822641023,0.20855593790063442,0.29868392577133795,0.030907278609537972,0.26316772902856417,0.24350689043767473,0.08138803497550474,0.21222696378603947,0.23870090375630143,0.13170145528777338,0.00014921160838470525,0.07472496648680334,0.07691836529259875,-0.03989341304785276,-0.046104235508819175,0.01765237542304537,-0.008632092820159637,0.18298602821137389,0.11471626381219839,0.15905845578869,0.20252976562584626,0.09637728389311943,0.2514711707732553,0.058509477924721186,0.13387718115718528,0.015677470059596053,0.05744507709266433,0.01794737400612405,0.14685574891263645,-0.37115749643289025,-0.1208284977719505,-0.2966655718160081,-0.4128909397228355,-0.22082811809864672,-0.08664334628863017,-0.10201936063344447,-0.21607175058781616,0.04596692033061951,0.22478849033035375,-0.16729042902391106,0.04970251659467737
traffic_flow_roll_std_6,-0.34371368583046574,-0.3431912553644674,-0.15167239762425758,-0.04864544126092961,0.23585012697227298,-0.540124387461178,0.003908324989852909,,0.04417389064397465,0.5425154986610284,0.11142247104277829,-0.021599446358460183,0.04075254234016764,0.011025781088985302,-0.011025781088985302,-0.36263267999994936,-0.37857794629647673,-0.39541152156607645,-0.3221731740561638,0.3725570870451672,-0.4172926002938671,-0.3620902534066187,-0.3781346144354321,-0.395084116620452,-0.32168339549429037,0.3701543878210929,-0.4169472241451972,-0.19107881638113125,-0.2168648350382774,-0.22339420340111346,-0.12733951525843729,0.13357109319334357,-0.16590698257172978,-0.04849825441849671,-0.050457560610349624,-0.05215368964068989,-0.03241135267431066,0.07866003288167656,-0.10860755000069754,0.25383209084166897,0.26463468428925335,0.2701040058262194,0.18502521964659632,-0.26500392503185083,0.22851927410372092,-0.4499427326100135,1.0,-0.61948653875746,-0.13132983466235046,-0.37114976466583055,0.2853042385462056,-0.3755918522143839,-0.09706925399966322,0.022789890059267,-0.05609293390014339,-0.009326608067969819,-0.003028063306879815,-0.45891896885793004,0.965843324014463,-0.6197671253810544,-0.1278538145953434,-0.37777835431872053,0.310366853001887,-0.3766277438713891,-0.10021322537900111,0.019513056332128083,-0.022136219187929428,-0.009030599692618744,0.000831711734247188,-0.19842245742280293,0.09007723820576521,-0.1957574743943666,-0.16622772653297532,-0.10728124806208418,-0.0268851728715831,-0.06454644378056933,-0.08975663647641371,-0.023711104052000057,0.006070469896336532,-0.07712469977698184,-0.048924733273981176,-0.053324612658853056,-0.1735306959538216,-0.034205601716521865,-0.08173605784453207,0.01003261393679452,-0.1416311777592441,0.010967987785342052,0.000761262700473178,-0.02162695072979537,0.04137249368160344,-0.06815760376140886,-0.07745268426280595,0.272007518544115,0.07985175023065154,0.23102069355855334,0.3102041602733847,0.15919043527013121,0.12355531143968321,0.01835914952235886,0.18551549676501602,0.029165364176305095,-0.13835434403210517,0.1388209751096094,0.04583807859679206
traffic_flow_roll_min_6,0.7395554654108772,0.7386423249105464,0.18291577412816512,0.15868706207654432,-0.32886615816892373,0.7607872020138712,0.061338659441764316,,0.08144411711616217,-0.9172951974848647,-0.15173220741322108,-0.028928577849941524,0.0029716408207058898,-0.006646075326209542,0.006646075326209542,0.8523761574109059,0.9099456476323208,0.915737034011377,0.5786301774814981,-0.5903674184281975,0.7017997951519435,0.8515769854511914,0.909216590688155,0.9151598507470999,0.5781080484261808,-0.5904270288475538,0.7020489312676609,0.22355153888408855,0.24886938756713642,0.25710600347310086,0.15829977168830295,-0.2678325883608408,0.14903845140798935,0.1750723829822591,0.18176055899545743,0.17637466954787867,0.10503275432378924,-0.0868208574484402,0.08919812301309384,-0.3787654991427338,-0.40242919482123096,-0.39764770422503243,-0.22638779835515108,0.34259748233851606,-0.28525034779571745,0.9576332237489767,-0.61948653875746,1.0,0.7915438085430118,0.6993522242391369,-0.35426200116450807,0.65945431981106,0.45609862132173534,0.1917875384195642,0.29046480413785664,0.10517595982372659,0.23316503249540393,0.9628304676361684,-0.7602972968381783,0.9999002667547897,0.789691017059945,0.7054469150130709,-0.454636265413457,0.65970267675882,0.45737501223006094,0.2008704704067085,0.20960921866680501,0.10464829961492166,0.22864837344926492,0.23446549792439114,0.0274336388859975,0.21009144856546874,0.2219487826791659,0.11107268922520946,-0.028363485491116138,0.05388542686882136,0.0541577023883247,-0.04901912860508034,-0.0456730983143322,0.014395664418012549,-0.018805652570274802,0.17033197475590375,0.1353104629214488,0.15182161038091996,0.18893209635150837,0.09156983062230054,0.23855089991339748,0.06521811171778236,0.11906435893351429,0.029553542334444103,0.0022824715666274775,0.0549389658713644,0.14395012094187576,-0.39553811583786774,-0.1460356556337897,-0.3133647094128681,-0.4499512566791987,-0.22878605510355285,-0.11337427156322294,-0.09384718232462247,-0.2524797096483053,0.023157761990130726,0.22541869921692034,-0.17949184804730633,0.01940011909365158
traffic_flow_roll_max_6,0.753293795175494,0.7522345994012074,0.13738372892323458,0.1688824552631162,-0.18228039435088242,0.5806558036426339,0.08161211688129645,,0.15091525099466607,-0.7258198107843914,-0.10319795396919272,-0.03688071557156927,0.04830506048670164,-0.01506702076864113,0.01506702076864113,0.8619596372840759,0.9065269859232821,0.8920466697417245,0.5152765325930728,-0.4753802638964503,0.5674225288795556,0.8609302468156614,0.9055349944692423,0.8911189084054348,0.5143153589393723,-0.4769367842967447,0.5678992872117026,0.16217927545364746,0.1801003642385798,0.18590309659074464,0.13285015838544975,-0.20873604915869332,0.0381044698945598,0.1809700385391129,0.1819555764011096,0.17125685226381673,0.09106049643130025,-0.07894832100392186,0.050573323978091736,-0.2268120926543285,-0.24790574193458598,-0.24546338333337672,-0.12514032549893445,0.24303473274001122,-0.18565672186836948,0.9098142390530986,-0.13132983466235046,0.7915438085430118,1.0,0.6340035322201979,-0.16840959687540571,0.47797171460667376,0.6549622361364071,0.2900358111278709,0.44708218260017585,0.012002280973825908,0.3648142658650146,0.9058952526567805,-0.27494761858069033,0.7913208002369004,0.9985493338807728,0.6259231302836205,-0.25253915431802987,0.4777790722362787,0.6523533686259284,0.2853624530727364,0.3903976165844774,0.011551157917638184,0.37285116691530124,0.17237876502874422,0.08909419749973273,0.14411347142624673,0.1740256479182125,0.08299239959437883,-0.02097780958079452,0.047489073767743015,0.030759619562169153,-0.06671800649820778,-0.06035466861584788,-0.02616490679240137,-0.03959776604045863,0.1671093747115648,0.05230166731078353,0.14784988323823425,0.18178803368055113,0.10029985345140717,0.20819493414698792,0.057762719319652774,0.1382662443901009,0.00668372910026008,0.09535786795799767,-0.015438346474826508,0.13578439971752979,-0.23755158592450684,-0.11566863352775411,-0.17858328390309947,-0.2678742224004738,-0.12804485964508477,-0.04275548979051621,-0.07036093777867618,-0.10016838002847597,0.09341318249141849,0.18022806510322972,-0.105352851250057,0.10018018154879407
traffic_flow_roll_mean_12,0.20744476069824452,0.20678299012975968,0.027958509301363153,0.09284983911015422,-0.00576553004902796,0.48396687318250775,0.028474719827839938,,0.0646467113772136,-0.7371225960204856,0.5479942858092411,0.021966475699354032,0.03352406071846326,-0.0372595360938124,0.0372595360938124,0.4248475928079752,0.6163279769867355,0.7702062765059425,0.9353670744779808,-0.02875152027518721,0.13763865985448387,0.424145323753754,0.6154901645630656,0.7692420328721147,0.9342846258889101,-0.030021907149627984,0.13793240043384003,0.09878694379442969,0.16391876003761296,0.21846819540013138,0.2882636653913862,-0.025027684511733803,-0.06657330921985995,0.13373367395135372,0.16798258411380237,0.19356987132173026,0.20414036714333225,0.00904591517160309,-0.024325818220486822,-0.11337395036922492,-0.21045276239907632,-0.2897162238926356,-0.37710920036261,0.038496603489332266,0.01587117023849191,0.7271890380723733,-0.37114976466583055,0.6993522242391369,0.6340035322201979,1.0,-0.42118032836678465,0.8314997875290898,0.661207845476031,0.30045029253828054,0.39125473167854835,0.07474712005475362,0.23620299809127884,0.7271682825984335,-0.46967650568940444,0.6996340764767304,0.6302603401757122,0.9974174621877029,-0.5378989891831075,0.8310076304424184,0.6572219163461278,0.28616445169479837,0.29711131894709,0.07468160792716093,0.2343306643663988,0.17951978920538175,0.03052687264365256,0.16307294716866455,0.17622858303850455,0.1954186088010803,0.06123029337356183,0.11878968390099677,0.14333014746437484,-0.017633420362891745,-0.049170477110129306,-0.024061824780560837,-0.03862668244352525,0.17758859218332385,-0.041389072749201734,0.15673474814538982,0.1946912024006067,0.1697814220790151,0.12859117158322503,0.11872993916122189,0.20351408063594206,0.03814906733252927,0.29902474584036254,-0.08527246066743621,0.18813637886562248,-0.2436807252418433,-0.16314941536639108,-0.18707266188921853,-0.2839292109564694,-0.3126832398282358,-0.1797974569482113,-0.12851550233546394,-0.3468250536690468,0.007665350887739463,0.111840238536081,-0.08367504469068958,0.045981928499153966
traffic_flow_roll_std_12,-0.12250652721688078,-0.12297453784267097,0.07402047451569506,-0.025939750970761594,0.1366519781584056,-0.5371040017399243,-0.031048532276953287,,0.018960855928588566,0.4840076860037794,-0.3566243799772602,0.058165704249771626,0.07744779799145851,-0.04723292538782145,0.04723292538782145,-0.21615952859762602,-0.28011612940784886,-0.3154061302051628,-0.33007442862331726,-0.027675146458976934,-0.2067031321781984,-0.21665057273717875,-0.2805698390058634,-0.31571012196372095,-0.3297557561636797,-0.02986700044168661,-0.20681513580281288,0.013581546864974252,-0.048363418224065466,-0.10595758036734658,-0.19198307163296222,0.0494795311794045,-0.058482218000817564,-0.03899964076541186,-0.04692368425501526,-0.052791857871960654,-0.06673898185309059,0.029300493332169174,-0.08717345296432559,0.19144340237461996,0.23229720679992905,0.26079821138404263,0.29005863517605673,-0.04672165792737741,0.12770567516480433,-0.31748927106522407,0.2853042385462056,-0.35426200116450807,-0.16840959687540571,-0.42118032836678465,1.0,-0.7014788081920859,0.177074733875282,0.11114290523480895,0.0580909013823905,-0.0048530927943368244,0.14239921963932287,-0.3171784451871979,0.33723886386560575,-0.35536840092249733,-0.16564782837396042,-0.44440494435887734,0.9693904851338918,-0.701146280307145,0.1798729475164151,0.09537937589302325,0.07321012512766514,-0.004484983063859567,0.1551202552368838,-0.06832018609054195,0.01839175450830409,-0.06969586998333407,-0.05623671960922725,-0.08725449374994464,0.10522670925757417,-0.06485618418078515,-0.013287242334101782,-0.006944730957169055,0.023572776411656983,-0.02743064995438374,0.03361215453158017,-0.05623733987198313,-0.13762094176697423,-0.041241080482952844,-0.0768626079795225,-0.045941735334802246,-0.1859877770507737,-0.021409631133486658,-0.08200702282633264,-0.017512431136754526,-0.1413079492199612,0.009771278408597395,-0.12576927427276471,0.24441001440259094,-0.061332425492278075,0.24037749701357408,0.23166299948510174,0.2606485073144062,0.1144632748341144,0.11977066925779405,0.33466391920443445,0.08040809817845404,-0.08496936669227352,0.07407859385811932,0.03004188978080358
traffic_flow_roll_min_12,0.24282491839950004,0.24255720255278485,-0.11345234304585246,0.04504308144005245,-0.07416496168492968,0.5752696937150085,0.12102998458647386,,0.15261217147153322,-0.6903041675039086,0.45825479035683053,-0.08652327586645912,0.010472124100999756,0.02710224170017386,-0.02710224170017386,0.41267030711504343,0.5404423467600431,0.6295467246696271,0.7162006481694905,0.04595573516630017,0.25848414357919747,0.41259524541428594,0.5403150076859081,0.629019077621385,0.7155931293958216,0.04577535924120838,0.2584544606638052,-0.04023427411218664,0.027466886395399563,0.08515389199088057,0.1599175610882891,-0.15025833536492594,-0.09378048136554276,0.0777136901949878,0.10537484273755467,0.12739012781655634,0.15781075017741195,0.04996224991571335,0.0056373542630871395,-0.15606944440110448,-0.22617961781002133,-0.2789601867483989,-0.3195882361648602,0.08259045193814746,-0.040631711399425965,0.6142204038288711,-0.3755918522143839,0.65945431981106,0.47797171460667376,0.8314997875290898,-0.7014788081920859,1.0,0.40706829069172396,0.3001442735567852,0.27289016746319567,0.32679105869722264,0.24015221695002423,0.6220334028466719,-0.508802384225397,0.6605348975468133,0.4740095201629905,0.8572565202852243,-0.8280067602723384,0.9999024219579061,0.40282153559346046,0.3242133838418415,0.0715967741711828,0.3264615404951903,0.22423659975140303,0.041739875123417786,-0.06556880062400977,0.04292580562659714,0.024180152039899705,0.047698166602686935,-0.1348763195016854,0.009934449867665895,-0.038268162528932746,-0.1156026772321398,-0.1425112210271324,-0.09550152265199191,-0.17309571580780425,0.11705385642388964,0.052226361800070384,0.10381396369212058,0.13487959860849233,0.13577414858005463,0.14724453846073426,0.11082167152724137,0.17135251468772789,0.06562626776084604,0.2021269199353318,-0.013299103802452228,0.22147591062396926,-0.24613083715508552,-0.15323846209643383,-0.19001102357825944,-0.28927777568466284,-0.2792521845656791,-0.23491590875771182,-0.09152283159798749,-0.37248041704341467,-0.011240774492527698,0.10088855861012513,-0.0754578730749912,0.009875817550075747
traffic_flow_roll_max_12,0.29456635254183705,0.2938565460190535,-0.04003473344625942,0.053102509034114516,0.16403340717721768,0.16743675084258258,0.09798075602538889,,0.2504408532531748,-0.32300777914401796,0.22119401638462297,-0.04565769139970211,0.15812808870342407,-0.013317092197091844,0.013317092197091844,0.40967209724589787,0.495047233403236,0.5576719154479335,0.6073465366598363,0.08034187057277391,0.09085472858975509,0.4089522274830677,0.49398692233090485,0.5563710359767526,0.6056274947547694,0.07783333900518342,0.09139561191955521,-0.01632029688613639,0.006924395223509622,0.022694948065339445,0.04109567742676956,-0.0998144299353935,-0.22653315365322768,0.07689374294957423,0.09742432535527314,0.11332979968564397,0.12417906007078106,0.05657498976926175,-0.0710855293460321,0.12116731920909748,0.07877872890729401,0.04003584863584491,-0.011801366746982903,0.07375660388691559,0.08485541075416458,0.5334727978043083,-0.09706925399966322,0.45609862132173534,0.6549622361364071,0.661207845476031,0.177074733875282,0.40706829069172396,1.0,0.5766785910999682,0.6697360933160238,0.1545701318126396,0.6337098646791163,0.5376168273973335,-0.17315494365008757,0.45626349863392085,0.6511315953177811,0.6509491000929308,0.04249725258923433,0.4072487252674447,0.9945266223213993,0.5586962140448778,0.476263531302674,0.15436354591938717,0.6408021457277385,0.005790097185049762,-0.060872412460231576,4.085537342335059e-05,-0.0017983923569231666,-0.0039129548168608886,-0.05276656753892427,-0.028177291016033862,-0.03538311746138356,-0.13845600589796928,-0.08540057906613513,-0.16678148677778734,-0.13368821240849924,0.10238720816210412,-0.13799917277434448,0.09657984049431692,0.09909933117837064,0.11750661859039808,-0.03633120794583999,0.08860736811558488,0.12897743669325815,0.03824600835068122,0.17515518665909804,-0.06581001102088982,0.11753228900312772,0.06408651209346763,-0.21674162108788844,0.10364736620329944,0.02530975582159432,0.02318627468472143,-0.13060129894210157,0.06721010447063526,0.026984159741239726,0.17261007299875955,0.03948897672348075,0.04488195001800992,0.15772384941393858
traffic_flow_roll_mean_24,0.1440532403218111,0.14152461611865044,-0.033827878904465335,0.026385108235182378,0.10914521158786121,0.00790594987595062,0.23149569440879644,,0.3121185723762057,0.008271752690698724,0.03702244367589257,-0.024988708933157775,0.04239726377990535,-0.05001902620920366,0.05001902620920366,0.17049508133234956,0.1933681198451439,0.212773475516767,0.2621331564899456,0.30686866973864557,0.13099792065587298,0.16797139288213803,0.1908879672670989,0.21053454204438887,0.26024795197892053,0.3046461887760978,0.12909385903742693,-0.0321827544791958,-0.030040131468209323,-0.027244976605796598,-0.025312566047335137,-0.0590016110803857,-0.2441436025681102,0.04542093570209328,0.06296622745382492,0.07811837251855319,0.1093557740747146,0.13711092188603546,-0.028850768949921068,0.11553524106127269,0.12057205134424526,0.12448040907528432,0.13068307387245312,0.06719617815705627,0.03284345658069455,0.2075899224580556,0.022789890059267,0.1917875384195642,0.2900358111278709,0.30045029253828054,0.11114290523480895,0.3001442735567852,0.5766785910999682,1.0,0.7558993005152167,0.4329872647720978,0.7941641486625429,0.2153651254883548,-0.060303510839040037,0.1924348999800898,0.2795778823400733,0.3146334950319748,-0.02059942821200451,0.3010899844236354,0.5539585798707392,0.9850616273050915,0.3763193963700701,0.43234570209898027,0.7721781604508985,-0.0315392082292923,-0.02151102381437519,-0.02962965307866115,-0.03435513160316904,-0.04014602235263297,-0.06449042147533453,-0.043772761454611175,-0.059982393785063634,-0.09681530032791118,-0.004553675047743918,-0.16361785027512968,-0.08251580133258903,0.06956216514789967,-0.15924839872784133,0.08630680871408962,0.040711284235382755,0.11822963400759093,-0.17014540221957014,0.14773754874673314,0.07115480502957976,0.14919566210594656,-0.07168156040665542,0.13266653319434735,0.13061313062665864,0.1267526076200625,-0.1771203804832735,0.1625869104988527,0.08480316097759466,0.12877176951805536,-0.149136812743861,0.14663718631749265,0.06061459644873379,0.09774891698190097,-0.056747237560320594,0.08006407305476217,-0.07034481922836834
traffic_flow_roll_std_24,0.26014316214707783,0.2567664743410453,0.14424851895772084,0.05590891577024192,0.04274426144258115,0.1362205993694615,-0.02026646950533943,,0.12328642744946487,-0.1344403594791281,0.03991051451055801,0.09211207906340564,0.19350124703199847,-0.12475405162643341,0.12475405162643341,0.3066778206246132,0.3398836680997225,0.3583083276276873,0.3453774142476204,0.19816921532918308,0.13007518796992482,0.3034142754631065,0.33668428772655423,0.35546723229551747,0.343855177415007,0.19718231785489646,0.13071101419598483,0.14483739225188033,0.14401982907107863,0.14118518818507303,0.10127823345605218,-0.07448127134871348,-0.23075859991672498,0.07055666430830095,0.08228794922602896,0.08912182292997715,0.07821094962538007,0.0038748862600513118,-0.0866076126468422,0.03830081736717212,0.03566816217900183,0.037105985253360195,0.07894333605654265,0.1740512666015,0.10490312427852426,0.3522434262731395,-0.05609293390014339,0.29046480413785664,0.44708218260017585,0.39125473167854835,0.0580909013823905,0.27289016746319567,0.6697360933160238,0.7558993005152167,1.0,0.02432229605916056,0.7854997366925424,0.3530268188566012,-0.10800237422372629,0.28997007562561916,0.43850224120594405,0.3897685638097938,-0.029962678114238635,0.27259052767538694,0.6578745712603448,0.7103144580859656,0.7916037780024882,0.023609519042315612,0.798393927119078,0.14189087429902816,-0.0023785266904004666,0.13691012537215017,0.13357851172097343,0.08584881662159101,-0.015829086265571352,0.06958089614582633,0.06221522465370181,-0.054737500205656375,0.017756561071083702,-0.10278845946943103,-0.013274409656635427,0.08065451125633351,-0.07708608332816556,0.0798776163486406,0.068431490354616,0.07006782230783153,-0.07390960991099192,0.059753541763416324,0.036579909991570625,0.02661231432393473,-0.026443359703753576,-0.040319070404158656,0.009387591963323456,0.04113165555062299,-0.13224286941896063,0.07231111504016911,0.012821229600592694,0.10000746690830763,-0.14032877176951805,0.12489434271659672,0.0516536506007681,0.1921579744682359,-0.02796205291886508,0.10989450512366251,0.04726530272713925
traffic_flow_roll_min_24,0.016919108851402197,0.017210618811802518,-0.44234149690934266,-0.06792699416071116,0.06232488571570716,0.005398908723185146,0.24286035108951304,,0.3548555959916916,-0.006800088102820203,-0.003232799129976741,-0.24806361185475018,0.1028720325760716,0.11371050175219193,-0.11371050175219193,0.022601240513776013,0.026047089724011225,0.02987739501764334,0.05788680738749649,0.1314694081916181,0.22081711601738066,0.022950152783266245,0.026363182571748064,0.03002609614284646,0.05789732480836727,0.13039599768322813,0.21958537397431555,-0.4382275380419848,-0.4358525016639004,-0.4308515947557592,-0.402582161330161,-0.35514757947563586,-0.3171304609994944,-0.06572986456248751,-0.06027024017213832,-0.05197648459810668,-0.008441379772770355,0.09374458856027021,0.04772309593097216,0.06328615282259727,0.06519443149333434,0.06611578307970371,0.07582510912950223,0.06837224763278357,0.06910118109011835,0.031352431615791536,-0.009326608067969819,0.10517595982372659,0.012002280973825908,0.07474712005475362,-0.0048530927943368244,0.32679105869722264,0.1545701318126396,0.4329872647720978,0.02432229605916056,1.0,0.40136520632468153,0.04488284013422022,-0.09764709333603397,0.10674740897103442,0.010644096446797811,0.1113817045500441,-0.1347923429651707,0.3284774636446075,0.1498098795358663,0.5414677451107333,-0.46506419462678905,0.9999616839741128,0.36935980469732743,-0.44366415762077865,-0.17100021161971002,-0.4098935224275677,-0.4601409983645113,-0.44064090598408623,-0.27242229875286894,-0.3845912126465278,-0.4793213895338968,-0.4192622839675597,-0.3828082696498699,-0.33946662453790377,-0.4961712383736281,-0.054183158078662974,-0.040078279534985904,-0.034451411001631196,-0.0618596687025422,0.001027602705440729,-0.052195108673607694,0.04295875464210862,-0.012142609073184535,0.09127404315199845,-0.08513142585776429,0.1129214124574972,0.13546630411478613,0.07102040726794906,-0.039058850006005,0.07649492486268113,0.05797754013162427,0.07578447988558049,-0.04441443475772825,0.08236146726549745,0.044912839077169815,0.04538615574504833,-0.045837771262921295,0.018070887948351898,-0.001214326656780736
traffic_flow_roll_max_24,0.24460552384735473,0.24278042710571882,-0.11369535058064958,-0.07119724804934957,0.1291444133604812,0.050437427966963336,0.15199649453140848,,0.38535532968499564,-0.058322637726538666,-0.07927066305904709,-0.17663194618829406,0.2497498068552334,0.02366139782981761,-0.02366139782981761,0.2616189443181068,0.263111474068372,0.25544849978025186,0.2081630596687776,0.14313592107593007,0.20981101112858835,0.25991190220833427,0.2613733349498844,0.25389073597911793,0.20715478191166048,0.14159126741899983,0.20901806907336812,-0.11811365917939359,-0.12285655468173215,-0.1293434160333155,-0.16474207206396255,-0.2370875844878652,-0.2699202622942911,-0.05732701723117785,-0.04387137141917392,-0.03147293003971747,0.0004898259147115314,0.07348695872271375,0.02385709672493707,0.14928631706630185,0.1696217379374315,0.18981760224703,0.24867865372511705,0.2560883568684607,0.05681896589177757,0.2605969864105162,-0.003028063306879815,0.23316503249540393,0.3648142658650146,0.23620299809127884,0.14239921963932287,0.24015221695002423,0.6337098646791163,0.7941641486625429,0.7854997366925424,0.40136520632468153,1.0,0.2674028612710568,-0.07349819176935062,0.2336598754722567,0.3572883911595422,0.2515784738789553,0.03270797310141566,0.2412444510819118,0.6197935459478979,0.8157364792785715,0.42817920971443857,0.40063779382901543,0.9868532456872505,-0.1336356265783899,-0.14185049360366567,-0.11756181522161166,-0.1508860327206179,-0.18767513431388957,-0.2156733356106408,-0.15601184413652722,-0.2195657681902789,-0.25307049695698075,-0.221824336601295,-0.25230400803207337,-0.2544078674168706,-0.04346079579280172,-0.042701829694509454,-0.041131508407249925,-0.052839225859565346,-0.005641288717458302,-0.0626852361666591,-0.009409108077908339,-0.03450216080673439,0.08567726239848787,-0.06825090405233362,0.01499671915544918,0.04907057551909697,0.18734456827194057,-0.17855497066422735,0.21244755037187169,0.15835498421882457,0.2659450385692149,-0.1770679509745695,0.2557464584461425,0.22037743278335803,0.29809180883106934,-0.032042585782554325,0.1597821348655788,0.1512624030854867
aqi_roll_mean_6,0.7586575005093951,0.7577645088989095,0.18048947482323044,0.1660189749532111,-0.27984288103245336,0.7415516248638224,0.060917656462666094,,0.09782820925224359,-0.902369846979017,-0.11272505238629976,-0.029841481808574353,0.015215592927097298,-0.02172306994138842,0.02172306994138842,0.8930126190750399,0.9683166424730401,0.9748665131942801,0.5961161952178882,-0.5741096977420829,0.6684635760416021,0.8923023768814394,0.9677963634890964,0.9744038179947427,0.5954675866572676,-0.574569228997422,0.6685788701681826,0.2202805026368311,0.24527047293372295,0.2534982465421254,0.17561231812066777,-0.2431780933566031,0.1223706041741283,0.18462697342541484,0.19065644509109692,0.1839295128160875,0.10302927100818128,-0.08962108535483028,0.08715674732310263,-0.33555077349908286,-0.36408550573475146,-0.3647444921574417,-0.2096308394518542,0.31856407018478505,-0.2620546221549041,0.9991611751141868,-0.45891896885793004,0.9628304676361684,0.9058952526567805,0.7271682825984335,-0.3171784451871979,0.6220334028466719,0.5376168273973335,0.2153651254883548,0.3530268188566012,0.04488284013422022,0.2674028612710568,1.0,-0.604339918977717,0.962870587599939,0.9045788832878768,0.7266995126260357,-0.40903571839884173,0.6222480860491088,0.5383797982071558,0.21738903731302672,0.29167022083064925,0.04444782440109512,0.2700654516348029,0.2339022948720058,0.07238585438516337,0.20349309283779943,0.22838123989140208,0.1220210516191168,-0.009620794959963451,0.06592166837319083,0.06658126973034222,-0.048750811551686826,-0.04985338282585778,0.008598954593042515,-0.01791938604826088,0.1771685469249976,0.11078360773166716,0.15521665914011298,0.1946618404568385,0.09673582204965367,0.24238090597643747,0.061908535243691366,0.13053240966783383,0.024449568627848025,0.04536146796886173,0.028176201178466972,0.15110126367680687,-0.3568460904674821,-0.12984789021872978,-0.28159749986586363,-0.4011878792412971,-0.2067426182017913,-0.09614049430932997,-0.0883531301808992,-0.20751852609871838,0.050721442556061924,0.22449095301795982,-0.16359313353742205,0.05623764742976438
aqi_roll_std_6,-0.4465064360952879,-0.4458644085385995,-0.14085322715980322,-0.07410692991221232,0.27511835210112057,-0.6379872915116437,-0.041664740785736454,,-0.01851135287855737,0.6618931060420599,0.1368288265637368,0.0151034877309247,0.03603798135044331,0.005566118453198097,-0.005566118453198097,-0.4941658134563812,-0.5259669962652803,-0.5417163511370583,-0.3934460794301863,0.42568768327146767,-0.5211641289724901,-0.4936532544962811,-0.525690467542362,-0.5415139852661447,-0.39301477055709466,0.4237127493029831,-0.5210433928618887,-0.18376580231929765,-0.2103220515520412,-0.21495647045572186,-0.1134438520134708,0.20610198278055009,-0.15385286140785392,-0.08123530385893038,-0.0865768067580903,-0.08918858222437384,-0.06293920734130606,0.06946161545014494,-0.09769016034572423,0.3014983113710269,0.3153398737978411,0.3185049576167504,0.20315759802542493,-0.3000572072877241,0.2470699892770804,-0.5922539052563238,0.965843324014463,-0.7602972968381783,-0.27494761858069033,-0.46967650568940444,0.33723886386560575,-0.508802384225397,-0.17315494365008757,-0.060303510839040037,-0.10800237422372629,-0.09764709333603397,-0.07349819176935062,-0.604339918977717,1.0,-0.7606364813899298,-0.2716578342147064,-0.4821580124355663,0.39717143388685483,-0.5097647837850976,-0.17636834505666518,-0.07024411727855238,-0.027600477375900618,-0.0972564281728459,-0.06659146994623155,-0.18948735244946233,0.09579448537182039,-0.1856614871123087,-0.1587853022504184,-0.08401221029344949,0.02041756469949491,-0.03823831947723629,-0.05271082058063666,0.01863651723147289,0.023118813698106568,-0.03661584509665,-0.007274896498190715,-0.08744541167630918,-0.16468924372874622,-0.07099265082284213,-0.11210548330828222,-0.024349081760114813,-0.16197875601307596,-0.021150161109137786,-0.03507048471357696,-0.0354692065966971,0.05468624430964636,-0.08410227574612272,-0.10114480733277745,0.3206153213559692,0.11467386695994321,0.26320402976364937,0.3707474177324821,0.18693265734610892,0.14000010124621434,0.03586470156539128,0.22476377249076018,0.024886066369424656,-0.1703967459466711,0.1581917811740364,0.03729272297026627
aqi_roll_min_6,0.7396440583908124,0.7388602636411866,0.18087446530906093,0.1540380138918764,-0.3226653444840256,0.7614707192743173,0.06257031625737472,,0.08340564126145861,-0.9171085931388228,-0.15145410674266827,-0.031115459776910614,0.003349430816516561,-0.007844498062377303,0.007844498062377303,0.8524375396898608,0.9100199391740663,0.9156023726818757,0.5784007216634663,-0.5893129088441702,0.7012038175197801,0.8517744212350468,0.9094363012783939,0.9151455493089105,0.5779585794128903,-0.5893483460361443,0.7013990384791371,0.22142669954104555,0.24679137594205913,0.25499723742784614,0.15648462809083305,-0.2698869330041354,0.1473079773870574,0.17075935567581663,0.17799566970166816,0.17335048164384995,0.10464129949277184,-0.08293725380245749,0.0911766592558384,-0.3722110728393662,-0.3956750545908967,-0.39093058321119867,-0.22116384885559895,0.3433596985382702,-0.2877139292712367,0.9575284309098536,-0.6197671253810544,0.9999002667547897,0.7913208002369004,0.6996340764767304,-0.35536840092249733,0.6605348975468133,0.45626349863392085,0.1924348999800898,0.28997007562561916,0.10674740897103442,0.2336598754722567,0.962870587599939,-0.7606364813899298,1.0,0.7897164567134798,0.7059450606831059,-0.45579733969620617,0.6608809766356066,0.45799603955718715,0.2017942420646316,0.20816970930425985,0.10624319187909523,0.22952982824559023,0.23242710001748482,0.027007253529709944,0.20822353954555367,0.21981319301764815,0.10899619633693106,-0.029354714375189796,0.05204383000160403,0.052066895002543384,-0.051229396893060726,-0.047122352904670234,0.012365483883633394,-0.021130423776901438,0.1670686521334956,0.13352657998975598,0.14934387120989703,0.18487598178833406,0.09105902881227483,0.23583096886799057,0.06567827286150674,0.11680385835472747,0.03271517266552736,-0.0007548754697468512,0.057931768978902475,0.14529427487335797,-0.3886872204827293,-0.14656835256599937,-0.3069712818791524,-0.4429917039849931,-0.2229520808134278,-0.11569616700592153,-0.0886115877905928,-0.2474548205849897,0.025830359071972335,0.22585141264320327,-0.1778664683312854,0.023289625496433104
aqi_roll_max_6,0.7515507226696555,0.7511016180926384,0.13076036980556915,0.14716588104541703,-0.16376066469661466,0.5815559313907003,0.077966278081925,,0.15124217274066049,-0.7247350942785059,-0.1054733304354784,-0.042366366873740645,0.05332691932155617,-0.015197813519837572,0.015197813519837572,0.860712813628874,0.9055286663788237,0.8909110306351796,0.5110654415430264,-0.47816025729830147,0.5638210227795452,0.8602961721557049,0.9051464497175326,0.8905893105182916,0.5104901548430598,-0.4796483077602653,0.5641061665338131,0.15519072223791727,0.17284818277600542,0.17882303918755965,0.12638095155038456,-0.21689523582098394,0.03415257742806443,0.16236018037360753,0.16677573677508079,0.15972712239878914,0.09066859737008633,-0.06506030046386467,0.059093030038303455,-0.20749242893837255,-0.22787701555260548,-0.22501213027392675,-0.10773348512668057,0.24770090944596718,-0.19398771803064524,0.9079974442938819,-0.1278538145953434,0.789691017059945,0.9985493338807728,0.6302603401757122,-0.16564782837396042,0.4740095201629905,0.6511315953177811,0.2795778823400733,0.43850224120594405,0.010644096446797811,0.3572883911595422,0.9045788832878768,-0.2716578342147064,0.7897164567134798,1.0,0.6223252944760529,-0.24877792721585076,0.47391073992725313,0.6524538776534798,0.275449625993608,0.38594384326687275,0.010209066825479706,0.3690232516902367,0.16542583896207147,0.09520137428194253,0.13543855423711734,0.16857708278056044,0.07599973311987647,-0.02302576948300733,0.039192398988191435,0.02487477049403381,-0.07458034243895588,-0.06293336546147937,-0.03412987659142274,-0.04704279513488851,0.15349853729226176,0.048868931382240556,0.13731600890114384,0.16453360735121192,0.09787391670848376,0.19817946544126777,0.058175416404344385,0.12690826504681263,0.018322985807425734,0.0801358995793652,-0.0032046535246546843,0.13428507805924758,-0.21637557988180076,-0.12544553322468824,-0.15517157529897646,-0.2505503061192613,-0.10776636733646384,-0.05580331614398643,-0.048351793423969586,-0.08687558746240207,0.10578985157507848,0.1716652095531285,-0.09201510553296559,0.11213321685606271
aqi_roll_mean_12,0.20954245570161728,0.20895219027201062,0.0047303496917685565,0.07535510724109838,-0.005449451963629667,0.49015445221784076,0.04874426070841697,,0.09141257481088927,-0.7405716676925641,0.5445524373239105,0.0025937763881577853,0.03494150039061817,-0.031970202765882624,0.031970202765882624,0.42544709695464045,0.6148780046396077,0.7663871427432408,0.9321904745030393,-0.025203346693615035,0.14845479293250802,0.4248789791344208,0.6142372426605986,0.7656496906295363,0.9314316341265553,-0.02623782988864182,0.14866981458021422,0.0762999064738095,0.14123264734804525,0.19498831239013203,0.2657625801585263,-0.047757206515700125,-0.08126755198043924,0.11597323376270383,0.15032794633295465,0.17670267682000332,0.1928556417901137,0.013702929204565877,-0.015234215937504984,-0.10968865074649994,-0.20305172600466212,-0.2785965398973173,-0.3577131423911658,0.056655495726413554,0.009441591251667275,0.7254810144364446,-0.37777835431872053,0.7054469150130709,0.6259231302836205,0.9974174621877029,-0.44440494435887734,0.8572565202852243,0.6509491000929308,0.3146334950319748,0.3897685638097938,0.1113817045500441,0.2515784738789553,0.7266995126260357,-0.4821580124355663,0.7059450606831059,0.6223252944760529,1.0,-0.5677461200552298,0.8569023957898613,0.6476452561075696,0.30586443385015305,0.273528291356231,0.11132658312740809,0.24915092891879811,0.15572161340904864,0.015546482769792687,0.1411251872480745,0.15118784064542068,0.17032827819422314,0.03861998878698176,0.09642622447797666,0.11491794426066541,-0.04056859873973775,-0.06564070502801356,-0.04543813846881459,-0.06451289258808045,0.16030029375958194,-0.027971038520387823,0.1406662284770725,0.17784143332088492,0.1582708665283812,0.12884669171666754,0.11064656190754954,0.18926304543195563,0.04181936916015,0.281802891338766,-0.07611413928088628,0.18798774341779428,-0.23370999773809634,-0.16944262693427728,-0.17625477150873367,-0.27537569180059324,-0.29387726174551004,-0.1952645879975144,-0.10798827724019736,-0.33704644991434185,0.019740607198858954,0.107141401728526,-0.07387890266162579,0.05252193667571251
aqi_roll_std_12,-0.17089880061203336,-0.17107737362257688,0.10889954224055341,-0.026384602003566102,0.1322617516345121,-0.5557509727106597,-0.08748965933080946,,-0.054553324708331324,0.5597211294943083,-0.3857892003359951,0.08119334009371833,0.07100865980581873,-0.026991112105836018,0.026991112105836018,-0.2817374609727483,-0.35747583063027033,-0.4017711759621238,-0.4394750130670895,-0.029103730543325153,-0.25115528258451214,-0.28198121123377373,-0.3576733873060028,-0.40178155369909374,-0.4391672245754936,-0.030685069853560006,-0.2513103158502214,0.041136969675493226,-0.025703756107994274,-0.08454134832114793,-0.16769524383252357,0.10179876555553165,-0.005971501721818433,-0.04579909071945313,-0.05999730558225708,-0.07140162815482137,-0.09735194671057278,0.001016133315324634,-0.06065875279102425,0.19511769146944516,0.24244372465403807,0.274789997909903,0.30439915215136504,-0.059946504652440065,0.11542349418291611,-0.4060473098248061,0.310366853001887,-0.454636265413457,-0.25253915431802987,-0.5378989891831075,0.9693904851338918,-0.8280067602723384,0.04249725258923433,-0.02059942821200451,-0.029962678114238635,-0.1347923429651707,0.03270797310141566,-0.40903571839884173,0.39717143388685483,-0.45579733969620617,-0.24877792721585076,-0.5677461200552298,1.0,-0.8277068146164528,0.04639716949760717,-0.04405172162859598,0.07246988874306622,-0.13439927019961462,0.04696466905330883,-0.04243937566521927,0.061447846176626554,-0.048221639285785066,-0.025345564753164452,-0.05622113691905239,0.1465571857602262,-0.033412913401704034,0.029604312110786204,0.04382758782159911,0.06430425499871543,0.023911813562035124,0.09020305552446059,-0.07144806584598604,-0.12087304610626043,-0.059351205219100374,-0.09027209379436892,-0.07557840063886362,-0.17438217661642746,-0.05438972679177908,-0.10651222673575339,-0.03900358538156534,-0.13784621459388244,-0.004165815256462913,-0.1552470337326989,0.2550771260463837,-1.392135447185545e-06,0.23434299095877817,0.25910838773953987,0.274271818242796,0.15491354206084137,0.11360498283097548,0.3629561232834558,0.07493067798261856,-0.09287163372157038,0.08202437813369272,0.03664511337020104
aqi_roll_min_12,0.24339766796304604,0.2431925457463042,-0.1136794793378837,0.041455997747998075,-0.07072752714776136,0.5759400155303167,0.1215936676061569,,0.15412438242495188,-0.690121083016976,0.4570958275588487,-0.08669990217096872,0.011938957598719858,0.02591885479405411,-0.02591885479405411,0.4131077902655125,0.5407281121463545,0.6296114103509901,0.715372623103026,0.0457845319146685,0.2593974540280797,0.41309247413578354,0.5406567845504681,0.6291433823371654,0.7148153564821028,0.045631560486755804,0.2593493537859557,-0.04058856654901819,0.027022589445665535,0.08464946426104936,0.15918142233007382,-0.15070153951299356,-0.09449267249338301,0.07425368944041122,0.10215996098566539,0.12457878012389631,0.15680923644290531,0.051569554312678956,0.007814777807791553,-0.15249032786013111,-0.22221923683101133,-0.2749129038565373,-0.3158341709597904,0.08551804066544831,-0.04179794880182619,0.6143551527655255,-0.3766277438713891,0.65970267675882,0.4777790722362787,0.8310076304424184,-0.701146280307145,0.9999024219579061,0.4072487252674447,0.3010899844236354,0.27259052767538694,0.3284774636446075,0.2412444510819118,0.6222480860491088,-0.5097647837850976,0.6608809766356066,0.47391073992725313,0.8569023957898613,-0.8277068146164528,1.0,0.40322637519911725,0.3255187050229732,0.07026363118865196,0.3281892619829643,0.22540980328973448,0.04124874237216977,-0.06606599900624324,0.042516494938277305,0.023577267052590653,0.04704399878080947,-0.13441688609295993,0.00938215001577891,-0.03872974079516679,-0.11633562533980349,-0.14320593954527128,-0.09590057801180742,-0.173952350423858,0.11411061662360865,0.05225084999072994,0.1011988969677968,0.1317163352796459,0.1344425817486209,0.14657789309774658,0.10972391359947349,0.16902768025558007,0.06709173666953705,0.1994720838268847,-0.011968910425098027,0.22140596125134987,-0.24205245108678602,-0.15386083936344705,-0.1860818655844284,-0.285143005506712,-0.2747330770130488,-0.23569928750089586,-0.08753506259368647,-0.36736304599127745,-0.008295393072617917,0.10070285678013428,-0.07371227792561828,0.013017999511597555
aqi_roll_max_12,0.29530052602951334,0.2953836268734201,-0.05844982982335355,0.0013005011252766431,0.1893453087863428,0.17074896961037364,0.08426908721829933,,0.25146264376012367,-0.32694636243431474,0.2171789732841966,-0.05018882425294667,0.17867024828962502,-0.013878372267991546,0.013878372267991546,0.4108870277863663,0.49609165848027337,0.5577416619292628,0.6024951055951078,0.06980059497855423,0.08916657260382495,0.4110203182488703,0.49595033008389566,0.5573997649309501,0.6017592232553481,0.06769851704353765,0.08951479868392796,-0.03515210000830471,-0.01191031927628224,0.004172700333535326,0.02238994961386427,-0.11979907530566729,-0.24254541412862954,0.02743609274860924,0.051872608892157224,0.07313647950291041,0.10248345068126231,0.07292204305953105,-0.048298946193124345,0.14997534297206566,0.11090002761647201,0.07427188384507466,0.025601964292671694,0.09797262554219138,0.0720069921293043,0.5332924822641023,-0.10021322537900111,0.45737501223006094,0.6523533686259284,0.6572219163461278,0.1798729475164151,0.40282153559346046,0.9945266223213993,0.5539585798707392,0.6578745712603448,0.1498098795358663,0.6197935459478979,0.5383797982071558,-0.17636834505666518,0.45799603955718715,0.6524538776534798,0.6476452561075696,0.04639716949760717,0.40322637519911725,1.0,0.5373267655788835,0.4735394945001234,0.1497411865578646,0.6382253611913504,-0.013493602376946889,-0.055936741316874046,-0.021415082920956445,-0.019623926509909313,-0.02391437225387901,-0.05297935126871458,-0.053746802713836764,-0.05268781339784518,-0.15959646818478998,-0.09546888237816473,-0.1884268235719258,-0.15512864960027484,0.05882831263700434,-0.1282585893174173,0.05718999514223496,0.051805755877217786,0.09170244580474958,-0.03862638616627902,0.06995064513353785,0.0898404328685755,0.04558211034465069,0.14432996341674068,-0.05200146707946885,0.09410496425951693,0.09989747064918268,-0.2369801892195896,0.14438025813457311,0.053210456950746526,0.06649289025330096,-0.15911583771363363,0.11465687481240663,0.05347224512620431,0.2084043849363273,0.015245682088959182,0.07849008340645335,0.18336478274745865
aqi_roll_mean_24,0.14976036286643218,0.14739461851059224,-0.10903521216777004,-0.001749473186905585,0.11078919730530817,0.017708365049389545,0.27097668740059544,,0.38914704958609675,-0.0023980980002724288,0.02220407606276339,-0.0901095424084869,0.07971907997966773,-0.02789446575643702,0.02789446575643702,0.17478678180048673,0.19565818265576412,0.21259743366158199,0.251946901422889,0.28561493786646386,0.16585673913786317,0.17247343236056814,0.19338140841077614,0.21052264561420383,0.25029076647180987,0.2839485517361827,0.16457458239100528,-0.10767395681595843,-0.10627739184689547,-0.10404149576094757,-0.10166043791518858,-0.13563132709741024,-0.2950574129314196,0.014141327084924675,0.029000870275444113,0.04209986646245188,0.07205188266593078,0.10263332486349577,-0.013373751704187087,0.11829091042321961,0.1256179737882383,0.13306279917866765,0.15253346718086208,0.12134937314183791,0.06661262015990552,0.20855593790063442,0.019513056332128083,0.2008704704067085,0.2853624530727364,0.28616445169479837,0.09537937589302325,0.3242133838418415,0.5586962140448778,0.9850616273050915,0.7103144580859656,0.5414677451107333,0.8157364792785715,0.21738903731302672,-0.07024411727855238,0.2017942420646316,0.275449625993608,0.30586443385015305,-0.04405172162859598,0.3255187050229732,0.5373267655788835,1.0,0.277692168478763,0.5408421486427931,0.7931061734653646,-0.11019663280402656,-0.05363746008684394,-0.10163925404984103,-0.11727409080715967,-0.12418531600841862,-0.11108063881298938,-0.11822134127861465,-0.15125751980317903,-0.17806412175869737,-0.07108344839543734,-0.23031692867105244,-0.1763929689735653,0.034059671611679804,-0.13627677171383265,0.05131292710016326,0.007426356971562668,0.0771340487222095,-0.14307823927770952,0.10469064899742253,0.03111133644342965,0.11028674193478985,-0.07605995294582188,0.10125227999663157,0.10051429411651083,0.13523007997280534,-0.17517354233926846,0.16921055940418656,0.09531641864212914,0.15673939097870918,-0.15248894834291588,0.16928501919375658,0.09294565970111696,0.15509122916700943,-0.06384687522543102,0.11159577531719547,-0.01385253656853137
aqi_roll_std_24,0.22924028637491725,0.22581538005930496,0.46855571009665214,0.08795293412799068,-0.05261886988068289,0.1235734862497901,-0.29540947741574664,,-0.19610592155451836,-0.1312043718161099,0.017134602830259776,0.3019392211708958,0.21384603660589685,-0.05942363727876023,0.05942363727876023,0.2683956145202258,0.2929045387412311,0.30275288456792543,0.2590338833112068,0.06284061441265172,0.012044123100209705,0.2651230837571964,0.2897388227343312,0.30001923678072473,0.25758226571309606,0.06185498251604436,0.01285599118145473,0.4652059790951879,0.45990725846766384,0.45283305891390657,0.3948590969090796,0.20546109424377304,0.05286178752722574,0.10033921947823071,0.1089846430210306,0.11212378527357202,0.08365015522648168,-0.026317523816388674,-0.11014889851929069,-0.057918730534226165,-0.05886253526770275,-0.053989300930827204,0.006296566743275419,0.1209126854668935,0.1070999777796176,0.29868392577133795,-0.022136219187929428,0.20960921866680501,0.3903976165844774,0.29711131894709,0.07321012512766514,0.0715967741711828,0.476263531302674,0.3763193963700701,0.7916037780024882,-0.46506419462678905,0.42817920971443857,0.29167022083064925,-0.027600477375900618,0.20816970930425985,0.38594384326687275,0.273528291356231,0.07246988874306622,0.07026363118865196,0.4735394945001234,0.277692168478763,1.0,-0.4655967816137756,0.4532786517375019,0.4653791101217106,0.18447870222602458,0.43304294907603985,0.4766225709458534,0.4136479896931354,0.22304604298154915,0.354725984573852,0.42327416561844333,0.2744841821773758,0.26491666803770914,0.193593815104929,0.3348010128612531,0.1030453660901983,0.02841930613438157,0.0810496266223685,0.11320801164076803,0.0684042204484448,0.03211124934031764,0.015437453882809003,0.07098045315163448,-0.017468262475748366,0.07420309737481222,-0.1220216374576019,-0.03366184414979984,-0.055413067324083694,-0.08891860184040307,-0.021859414577704534,-0.07835359693605451,0.01597791820065228,-0.10644900418020307,0.04894992624495392,-0.025412141918933796,0.14108330918189263,-0.012467332276154111,0.07912274408125013,0.0451959797591687
aqi_roll_min_24,0.016209626448324,0.016512667556907945,-0.44279678718872467,-0.06887406992154647,0.06307384026820834,0.004851909267633694,0.24301718696364252,,0.3548555959916916,-0.006563835817408032,-0.0027434193959086734,-0.24766690934959912,0.10272749755481501,0.11312578580654813,-0.11312578580654813,0.0220101107744726,0.025543140533612584,0.02951080587813535,0.057915571899998505,0.1316099361403614,0.22019671490191883,0.02236814658977845,0.025868863790821463,0.029665716083129654,0.05793141138926172,0.13054742320058452,0.21896015765411767,-0.4386981609469736,-0.4363752048095867,-0.43139596632275756,-0.40300323831273444,-0.3549007368749578,-0.317041379711878,-0.06664317049588603,-0.06111499272225989,-0.05272835428327076,-0.008814241751129721,0.09395183264106,0.048372578965199996,0.06397390357696663,0.06595111571806336,0.06678477987522524,0.07606472897614631,0.06864120222004008,0.06909281783793511,0.030907278609537972,-0.009030599692618744,0.10464829961492166,0.011551157917638184,0.07468160792716093,-0.004484983063859567,0.3264615404951903,0.15436354591938717,0.43234570209898027,0.023609519042315612,0.9999616839741128,0.40063779382901543,0.04444782440109512,-0.0972564281728459,0.10624319187909523,0.010209066825479706,0.11132658312740809,-0.13439927019961462,0.3281892619829643,0.1497411865578646,0.5408421486427931,-0.4655967816137756,1.0,0.3688004308844201,-0.44420181324432945,-0.17158449869965173,-0.4103751198206684,-0.46067264889339526,-0.44098620685002443,-0.27249465353982333,-0.38494113577350964,-0.4794727121802829,-0.41937784888122415,-0.38315851243645827,-0.3396303277760903,-0.4963302502624669,-0.05499680101462253,-0.040060792738839314,-0.03524859582478921,-0.06265723337777383,0.0005505172888325108,-0.05192621750387525,0.04242376856551842,-0.012701168900456925,0.09137909064479215,-0.08517286196167687,0.11283987017617414,0.13511939287156152,0.07169580311150195,-0.03905175391481508,0.07715012778090478,0.05857413532292114,0.07632466982741337,-0.04468548009800049,0.08299814039770768,0.04532867434766755,0.04589479342426889,-0.04649542685713023,0.01870140195980026,-0.0008898635463148539
aqi_roll_max_24,0.24999150751588375,0.24864507439386418,-0.1329467013325528,-0.11988755637527058,0.15617309817686223,0.052631206956900656,0.13250233166635822,,0.3927216132602641,-0.05957580818329661,-0.07658817251308647,-0.18062714901635332,0.2873993803173676,-0.0049804409776312,0.0049804409776312,0.26657862115831454,0.26737600546643003,0.2588007990806245,0.20677511472332857,0.13618240958650912,0.19934170693217798,0.2654795735094879,0.2663656897807225,0.25811665727790306,0.20678683164922226,0.13551682486101388,0.19847921451693443,-0.13927276462464935,-0.14619677114573063,-0.15437056198389232,-0.19372682937446017,-0.2714548257068544,-0.31375964166488174,-0.10811282486974143,-0.09554773836141527,-0.08311955002910847,-0.04414511749415392,0.0569360505045948,0.047100788437812964,0.1807854557098713,0.20526648864583916,0.22962278379841053,0.2943621777052602,0.2955011898238584,0.06061689618877282,0.26316772902856417,0.000831711734247188,0.22864837344926492,0.37285116691530124,0.2343306643663988,0.1551202552368838,0.22423659975140303,0.6408021457277385,0.7721781604508985,0.798393927119078,0.36935980469732743,0.9868532456872505,0.2700654516348029,-0.06659146994623155,0.22952982824559023,0.3690232516902367,0.24915092891879811,0.04696466905330883,0.22540980328973448,0.6382253611913504,0.7931061734653646,0.4532786517375019,0.3688004308844201,1.0,-0.15835343010145772,-0.13575965023331846,-0.14503508446948285,-0.17393895946545393,-0.21661131567423167,-0.2147414209710704,-0.1925710394637422,-0.2440947782210355,-0.2899709886945259,-0.2198230833985242,-0.3022690850381609,-0.2840517742794088,-0.09609358706934355,-0.03396933154253292,-0.08990300480537991,-0.11070520461084019,-0.05336622734900138,-0.06020194525010548,-0.047898668371974214,-0.09880741147209558,0.06161734989806132,-0.0934265869836772,0.001508201130087922,-0.015131981782303577,0.22861829021818048,-0.18724255591543174,0.2560959524569995,0.1958308652628996,0.31945729772067,-0.1962570520201482,0.30761629457550577,0.2633256499742689,0.3662233490463974,-0.06409171130786707,0.21233462960457133,0.20033429902322833
electricity_demand_roll_mean_6,0.20187482677405516,0.1991687685802623,0.9433284439848991,0.1158281984046401,-0.27783345969074713,0.22802829188632245,-0.27224362968610766,,-0.4667476215869366,-0.2863680540747007,-0.07731217549071052,0.5027964118969592,-0.06637241888465334,-0.2283629363202804,0.2283629363202804,0.22288265690315673,0.22924129883706068,0.2211775440958903,0.12052893553526975,-0.20810007682056514,0.21725551886786484,0.22023633397582493,0.22661079563071962,0.21858943774180445,0.11830215160861252,-0.2094329832323613,0.21756963524785705,0.9740660353121484,0.9896788343523343,0.9898909451713782,0.9000423968522552,0.6419827552385424,0.5391598842249539,0.12375736748935832,0.12861326771060333,0.12999009114897608,0.11354370167828046,0.0336934443233553,-0.03796932806305812,-0.28992827147304995,-0.2925197953788361,-0.2848879175719028,-0.2061783427781885,0.04012578199666726,-0.042641371306874495,0.24350689043767473,-0.19842245742280293,0.23446549792439114,0.17237876502874422,0.17951978920538175,-0.06832018609054195,0.041739875123417786,0.005790097185049762,-0.0315392082292923,0.14189087429902816,-0.44366415762077865,-0.1336356265783899,0.2339022948720058,-0.18948735244946233,0.23242710001748482,0.16542583896207147,0.15572161340904864,-0.04243937566521927,0.04124874237216977,-0.013493602376946889,-0.11019663280402656,0.4653791101217106,-0.44420181324432945,-0.15835343010145772,1.0,0.2605871267969621,0.9816335464826866,0.9855145469039985,0.9477510051850717,0.37890269352897477,0.908972064385459,0.917580896134007,0.8455725663257623,0.4988361747661529,0.8021103020699433,0.8530989197917839,0.12559479781730892,0.05683671390224425,0.10878838432866687,0.13815129927211317,0.10589455459891944,0.07439432616214835,0.05876730252940345,0.10969429090089529,0.05967654365673483,0.0667275831389617,-0.06935103026006414,0.0548538265255394,-0.29378684551557893,-0.08506099451625192,-0.228745880756068,-0.3422338520739898,-0.22376501766113652,-0.117188569808632,-0.11729462265097201,-0.2955258965999489,-0.1053131482130676,0.020885828440820955,-0.09386220906264937,-0.14295665210954717
electricity_demand_roll_std_6,0.011300216540340921,0.010320279743290223,0.23198962732534079,0.010410526630858069,-0.15392819250098533,0.02497895091704459,-0.1728186061819635,,-0.23043160901144594,-0.0498207267285513,0.018344486610517706,0.17617254794142864,-0.01620611144122505,0.044620195469079825,-0.044620195469079825,0.052291265109415515,0.08799384423016808,0.10488601574631748,0.02563225096911611,-0.062041022434895524,-0.008428494228332993,0.05196398672155899,0.08779249082139788,0.10476262192258967,0.02514424421599361,-0.061109430705192536,-0.008704390162411584,0.24055923346491123,0.24812321158054199,0.25453500777697485,0.25788929485808443,0.2542792345279965,0.17848884962785688,0.010203731015608406,0.0036279721570100882,-0.00896384322943891,-0.07166733647441542,-0.06466766577797661,-0.0020878254792044736,-0.16467396149998365,-0.16347039689852708,-0.14908685072768152,-0.044335347405738704,0.026840060971750016,0.013559022585283123,0.08138803497550474,0.09007723820576521,0.0274336388859975,0.08909419749973273,0.03052687264365256,0.01839175450830409,-0.06556880062400977,-0.060872412460231576,-0.02151102381437519,-0.0023785266904004666,-0.17100021161971002,-0.14185049360366567,0.07238585438516337,0.09579448537182039,0.027007253529709944,0.09520137428194253,0.015546482769792687,0.061447846176626554,-0.06606599900624324,-0.055936741316874046,-0.05363746008684394,0.18447870222602458,-0.17158449869965173,-0.13575965023331846,0.2605871267969621,1.0,0.11300332259616722,0.3838474145502518,0.2848078789804,0.524302635059286,0.1679482828254825,0.353310739379597,0.2501216852938608,0.20985555961946611,0.19980747101048943,0.2869738526684405,-0.013920026496135997,0.04744676031097775,-0.010681803262556955,-0.024895384632568136,-0.06527583898308302,0.08638820582849144,-0.06505508392920985,-0.06660482222858054,-0.07256695855106543,0.07811271994158094,-0.05770326362744686,-0.03994500081165794,-0.14403388154047012,-0.023207783808958517,-0.0893323442493742,-0.16902426651902283,-0.05238150079794673,-0.06825488228229216,0.011337397291034513,-0.09235983714636978,0.0017668729980143086,-0.06183511294647998,0.02494360278839243,-0.12130144600220176
electricity_demand_roll_min_6,0.18155425549110335,0.17883223764677472,0.9339063190396945,0.11070704960296143,-0.2573441340957269,0.21175064528416124,-0.255846619054886,,-0.45303010370529934,-0.2596291084378618,-0.07571557560326816,0.497727301630594,-0.06538220581312106,-0.24540125668528054,0.24540125668528054,0.19546385210452155,0.1974130231760317,0.18844311534392913,0.1068912329174466,-0.18372256750867674,0.2071207202920359,0.19273177263431246,0.19458444069030245,0.18562244294143923,0.10470032970214158,-0.18519384299119773,0.20756071076214205,0.959893600268961,0.9703074463359094,0.9684659156771204,0.8855210359518535,0.6356787154520245,0.527723481417885,0.1172465439340773,0.12183487175375568,0.12421337306181818,0.11857626199737975,0.04341909065362471,-0.037540404757421104,-0.2676868546576145,-0.26976923192618707,-0.26314811131391563,-0.19890449760324266,0.03212019736092976,-0.027605089207581406,0.21222696378603947,-0.1957574743943666,0.21009144856546874,0.14411347142624673,0.16307294716866455,-0.06969586998333407,0.04292580562659714,4.085537342335059e-05,-0.02962965307866115,0.13691012537215017,-0.4098935224275677,-0.11756181522161166,0.20349309283779943,-0.1856614871123087,0.20822353954555367,0.13543855423711734,0.1411251872480745,-0.048221639285785066,0.042516494938277305,-0.021415082920956445,-0.10163925404984103,0.43304294907603985,-0.4103751198206684,-0.14503508446948285,0.9816335464826866,0.11300332259616722,1.0,0.9456949083980287,0.9311991721518559,0.3047265279771283,0.9216837676359884,0.8851387325822171,0.8394861233574231,0.4736610999488224,0.8075644429560598,0.8348490368876031,0.12101640277708699,0.052228381209517595,0.10319755314820372,0.1357507647594486,0.11037192266542871,0.06555339103121413,0.06176380048840795,0.11506563872109196,0.06837684778300429,0.06149665738140884,-0.07468761371852049,0.054535640850643566,-0.273666677226786,-0.06672718410326926,-0.21937218891527907,-0.3140018365195219,-0.2176542933788952,-0.09746962769204359,-0.12597309883321198,-0.2831117851569968,-0.11031541303076672,0.022634861391093844,-0.09858831856127628,-0.1299604864735722
electricity_demand_roll_max_6,0.18543393987856296,0.18278280166482502,0.9336100763280859,0.11961382759717225,-0.2785332404344285,0.21216779340941525,-0.2841941085662945,,-0.476567430800396,-0.2737563099779205,-0.06563460185728284,0.5086453341440397,-0.06982800747021611,-0.21794053127318527,0.21794053127318527,0.2119544976942095,0.22479481529983747,0.2218846065562739,0.12182510066646524,-0.20646959362895226,0.19490672027969685,0.20941365746129373,0.22221062789717802,0.21943318172605564,0.1196073075890843,-0.20776551580293817,0.19514244029034666,0.9587271350521346,0.9705746442692833,0.9714520289532188,0.8962234271866109,0.6571018344019067,0.5441035463865852,0.1294875641198892,0.1347782026194071,0.13577496711388304,0.11570947737372234,0.035527153685867896,-0.04510280456939221,-0.29428880057751494,-0.2994020590033766,-0.29189160671480574,-0.20882104981493685,0.027636611176180572,-0.040228871854788247,0.23870090375630143,-0.16622772653297532,0.2219487826791659,0.1740256479182125,0.17622858303850455,-0.05623671960922725,0.024180152039899705,-0.0017983923569231666,-0.03435513160316904,0.13357851172097343,-0.4601409983645113,-0.1508860327206179,0.22838123989140208,-0.1587853022504184,0.21981319301764815,0.16857708278056044,0.15118784064542068,-0.025345564753164452,0.023577267052590653,-0.019623926509909313,-0.11727409080715967,0.4766225709458534,-0.46067264889339526,-0.17393895946545393,0.9855145469039985,0.3838474145502518,0.9456949083980287,1.0,0.9464530517163843,0.43914277284983433,0.8890850457851764,0.9337751893415307,0.8447069928805786,0.5117489024872209,0.7914597301589759,0.860561384603721,0.13009350242656498,0.0475322915220021,0.11572042232767224,0.1403106688886611,0.10854846373911098,0.07425047446335584,0.06220456644796109,0.11282893201399045,0.061684604558718,0.06495032337471932,-0.05887084095271994,0.05363745795126607,-0.2990575123693822,-0.09074733149861551,-0.22719059690784532,-0.3485111096842906,-0.22524296808250108,-0.11378726978519582,-0.11616156802166355,-0.2965903023841653,-0.10828490029096159,0.015562962829308018,-0.08826071993045757,-0.15607935946843152
electricity_demand_roll_mean_12,0.024093814742208154,0.02125107415905527,0.8481349814529591,0.07744926087973741,-0.20664887812529303,0.12780683962324432,-0.2530736411405934,,-0.47700446391037565,-0.19166485262418315,0.10555483567464184,0.4973431851625908,-0.11826791058685347,-0.23188814467397253,0.23188814467397253,0.06800214641974403,0.10628308694645214,0.13599707904671626,0.15834869955565567,-0.052603609680656783,0.05148256097236864,0.06527469996317169,0.10362107085589753,0.13344909150506296,0.15594587377381341,-0.05443249598495481,0.05102910448988993,0.8849648106126282,0.9165665383792759,0.9418143068494329,0.9692065966970954,0.8092868090104068,0.5812327485942596,0.0887027264306508,0.09835181743167434,0.1058109504606782,0.11449237972718589,0.07272763169151064,-0.026928038235681268,-0.22434349252806365,-0.23892529148000086,-0.24887570803548142,-0.24524926554556678,-0.09007763782911457,-0.011510178426559726,0.13170145528777338,-0.10728124806208418,0.11107268922520946,0.08299239959437883,0.1954186088010803,-0.08725449374994464,0.047698166602686935,-0.0039129548168608886,-0.04014602235263297,0.08584881662159101,-0.44064090598408623,-0.18767513431388957,0.1220210516191168,-0.08401221029344949,0.10899619633693106,0.07599973311987647,0.17032827819422314,-0.05622113691905239,0.04704399878080947,-0.02391437225387901,-0.12418531600841862,0.4136479896931354,-0.44098620685002443,-0.21661131567423167,0.9477510051850717,0.2848078789804,0.9311991721518559,0.9464530517163843,1.0,0.42493719570766675,0.9492868597087681,0.9710765618280784,0.9275393499739923,0.5202076053625058,0.8623493996805821,0.9025530945087727,0.10180952940819896,0.039786471733955324,0.08473151452078567,0.11524183248712594,0.10786227477463226,0.05690657379013938,0.06221635529208963,0.11792629425025512,0.07138047947675956,0.16538784260769748,-0.08515998916509543,0.08801846705331141,-0.25123704685159237,-0.046590090779886933,-0.20465841777615176,-0.2844852580447054,-0.2548283686830272,-0.10981240342060335,-0.14556814835328244,-0.32627594781499575,-0.15559290415906793,-0.031591729702981575,-0.08495248567809036,-0.19816657401495139
electricity_demand_roll_std_12,-0.0971752306198926,-0.09834133389356238,0.3501518060426272,0.07233581532371085,-0.061772035625766435,-0.07693199200445586,-0.1988853678235208,,-0.23182098207517873,-0.01041944688371379,0.08620271451280485,0.18375884477831406,-0.008853239122397652,-0.01295719377629721,0.01295719377629721,-0.07323708193223338,-0.035118768137310116,0.011525995598320831,0.11020042953706434,-0.0581606347125177,-0.0961635278230925,-0.07477324011931866,-0.03672883606086416,0.010230044054759016,0.1090330606857153,-0.059645410445825046,-0.09490060785695935,0.3570202226657369,0.3652864698355888,0.3723768687836406,0.3909728875293772,0.3777329200800351,0.20121368899440994,0.07603364744376734,0.08093175472601954,0.08613151277262154,0.0779141080613849,-0.06288743918935862,-0.08822325064572227,-0.08936587395717331,-0.12172271478866618,-0.15668803827006664,-0.21795125518915182,-0.04454049759298255,0.06016431061927946,0.00014921160838470525,-0.0268851728715831,-0.028363485491116138,-0.02097780958079452,0.06123029337356183,0.10522670925757417,-0.1348763195016854,-0.05276656753892427,-0.06449042147533453,-0.015829086265571352,-0.27242229875286894,-0.2156733356106408,-0.009620794959963451,0.02041756469949491,-0.029354714375189796,-0.02302576948300733,0.03861998878698176,0.1465571857602262,-0.13441688609295993,-0.05297935126871458,-0.11108063881298938,0.22304604298154915,-0.27249465353982333,-0.2147414209710704,0.37890269352897477,0.524302635059286,0.3047265279771283,0.43914277284983433,0.42493719570766675,1.0,0.19047566289348808,0.5740796131173513,0.39487909303641194,0.5216539075343636,0.2503922797233371,0.47011974878070467,0.08812066068980713,-0.04720313660772028,0.09127416806116012,0.08330344143331361,0.05634174647188583,-0.013329443791265742,0.048980536208566676,0.014250971918368325,-0.044080956472986876,0.1533520723201709,-0.0753132231265486,-0.003941847541189492,-0.13983096121355496,-0.0013974508734384352,-0.11472996980475099,-0.15584221064130238,-0.15984347335262916,0.012958882646778535,-0.06622149371906295,-0.12894444303210853,-0.06076582636527356,0.039149000256912266,-0.006825094227380185,-0.0884471671131337
electricity_demand_roll_min_12,0.014678872244065309,0.011779502102200376,0.8347917701267425,0.06983045975282164,-0.20282712199716998,0.10096933388586789,-0.23734622862748178,,-0.49486580944704767,-0.12594298329905848,0.059802071560244634,0.5138915169714012,-0.12392530602646212,-0.25519437478457624,0.25519437478457624,0.04238595482413936,0.06418784363597946,0.07694308495970155,0.07975903911311441,-0.025804970199999208,0.05115159549228224,0.03971392173122727,0.061518595295337396,0.07419814198917431,0.07710479046083589,-0.02770663955130382,0.0502951575896013,0.8613128013990837,0.8816187086335022,0.8967242175833,0.9100435611111749,0.7956961266892848,0.5755910160918658,0.07675260186464508,0.08360892248837012,0.08905815057926124,0.09809629530871669,0.09546535706506869,-0.018559473793605726,-0.20577364361751022,-0.20787594211099852,-0.20753762629087805,-0.19110341369592343,-0.10170031464229526,0.004947493242394667,0.07472496648680334,-0.06454644378056933,0.05388542686882136,0.047489073767743015,0.11878968390099677,-0.06485618418078515,0.009934449867665895,-0.028177291016033862,-0.043772761454611175,0.06958089614582633,-0.3845912126465278,-0.15601184413652722,0.06592166837319083,-0.03823831947723629,0.05204383000160403,0.039192398988191435,0.09642622447797666,-0.033412913401704034,0.00938215001577891,-0.053746802713836764,-0.11822134127861465,0.354725984573852,-0.38494113577350964,-0.1925710394637422,0.908972064385459,0.1679482828254825,0.9216837676359884,0.8890850457851764,0.9492868597087681,0.19047566289348808,1.0,0.885521490907416,0.9027516240022935,0.3892493812330523,0.8987245799121163,0.8486480704677208,0.08433698731231107,0.0315368764292485,0.06470651938158413,0.09984138130882718,0.09813308775002826,0.04988415347047553,0.046389171736017365,0.12018788724082659,0.08641231860479566,0.125868903910343,-0.08595005135874843,0.07736333616582997,-0.2174558370765309,-0.01304523529875048,-0.1886007436010328,-0.23673318292002674,-0.2215067903366057,-0.05499911049226593,-0.16118924465441953,-0.2686599113379784,-0.17581805603039385,-0.029043004191793616,-0.11764126869720792,-0.18444600151911145
electricity_demand_roll_max_12,-0.02521522989026303,-0.02772102559836936,0.8474869682723961,0.0801346013337866,-0.17773682012726175,0.0642396478827218,-0.2653802280849188,,-0.4773044275570365,-0.12667131690144157,0.08911144850212196,0.49459468876648977,-0.11980942405089692,-0.22152231809898362,0.22152231809898362,0.01160249296553182,0.04985839180372276,0.08419386240614861,0.12835385211943928,-0.051428018741735665,-0.0007410492245148646,0.009121316622728783,0.047339242146827235,0.08178356958298488,0.12595488800164648,-0.05362648376112014,-0.001073379011680938,0.8713914859379002,0.890914326179129,0.9051182443154234,0.9183756143091059,0.8231822118763572,0.5696407225665102,0.09403000124093935,0.10752405443081758,0.11968052783732618,0.13493689278560034,0.07709669397605931,-0.052737357024656366,-0.19408405014752497,-0.21113650803322062,-0.2281433662889204,-0.2517276864250335,-0.1174329428616031,0.006721562882891376,0.07691836529259875,-0.08975663647641371,0.0541577023883247,0.030759619562169153,0.14333014746437484,-0.013287242334101782,-0.038268162528932746,-0.03538311746138356,-0.059982393785063634,0.06221522465370181,-0.4793213895338968,-0.2195657681902789,0.06658126973034222,-0.05271082058063666,0.052066895002543384,0.02487477049403381,0.11491794426066541,0.029604312110786204,-0.03872974079516679,-0.05268781339784518,-0.15125751980317903,0.42327416561844333,-0.4794727121802829,-0.2440947782210355,0.917580896134007,0.353310739379597,0.8851387325822171,0.9337751893415307,0.9710765618280784,0.5740796131173513,0.885521490907416,1.0,0.9170762307897178,0.5908000227785548,0.8231762689229041,0.92232556872198,0.11429623340822449,0.01917101748616203,0.09915474654524861,0.12458296346202676,0.1236168710529721,0.028532262165098504,0.08119102864081854,0.1216307718429819,0.08068183716344822,0.14211411536941979,-0.05860948468720798,0.07639264051684919,-0.22795371677623685,-0.031588797505259524,-0.1881588767407363,-0.259226533152813,-0.24788852861861232,-0.07486748988732041,-0.14296361863252605,-0.29265448166749486,-0.16258812383980867,-0.022433431477561144,-0.07157153345142002,-0.1966549605213798
electricity_demand_roll_mean_24,-0.048251667714986846,-0.05128513085440415,0.7679541810257001,0.0716734745327628,-0.22745725716233667,0.0036581564113987645,-0.20600174424905257,,-0.48738389797473236,-0.006856008088128254,0.005091142792747039,0.4675017033540165,-0.21588542976366684,-0.23051334383198044,0.23051334383198044,-0.04592604217157943,-0.04327402414469096,-0.040800326012810174,-0.0328492076850939,-0.019786421110848152,-0.003673086098515098,-0.04896545352608925,-0.04634925134752384,-0.04383277669008407,-0.035851284498065565,-0.022269357959787534,-0.004748447452581969,0.7926439562970716,0.8146175487532161,0.8344447214653364,0.8772160581558255,0.8955094772784511,0.727107534869829,0.07459341849545573,0.07789942734451284,0.0816950887244151,0.09231114539148214,0.09835225104888792,-0.019421953174222958,-0.2261394741536441,-0.22384763909919858,-0.2207095753688709,-0.20681999080368282,-0.16903964116056064,-0.045737101553741694,-0.03989341304785276,-0.023711104052000057,-0.04901912860508034,-0.06671800649820778,-0.017633420362891745,-0.006944730957169055,-0.1156026772321398,-0.13845600589796928,-0.09681530032791118,-0.054737500205656375,-0.4192622839675597,-0.25307049695698075,-0.048750811551686826,0.01863651723147289,-0.051229396893060726,-0.07458034243895588,-0.04056859873973775,0.04382758782159911,-0.11633562533980349,-0.15959646818478998,-0.17806412175869737,0.2744841821773758,-0.41937784888122415,-0.2899709886945259,0.8455725663257623,0.2501216852938608,0.8394861233574231,0.8447069928805786,0.9275393499739923,0.39487909303641194,0.9027516240022935,0.9170762307897178,1.0,0.5568612661092219,0.9259431382046175,0.962339894273163,0.08224913923310687,0.03711154675107226,0.06940495373478894,0.09441624106901524,0.09738544307241762,0.03431259515562176,0.05987435353816803,0.11847922069584779,0.09171654097371015,0.11978502897540097,-0.031960841900814406,0.09862275446771102,-0.23182770399617883,0.002362327296105944,-0.19898682624851324,-0.2543127268160305,-0.23565613241992373,-0.02055525955099835,-0.17109828884473177,-0.28661096339214104,-0.2546089175134436,-0.032711892506894234,-0.12953751948575182,-0.27494479667057176
electricity_demand_roll_std_24,-0.034986135596523714,-0.03519027327618828,0.4927654517542805,0.13690065894279044,-0.07132341546322464,-0.026288185843229412,-0.17639061558329863,,-0.22716249592031,0.04824968361090295,-0.05757602156678172,0.28643491897146356,-0.05118293264707568,-0.024065097924428056,0.024065097924428056,-0.041695215989814634,-0.047252114463907625,-0.050098904895634136,-0.04187214374937512,0.002344102977524606,-0.03388407055342446,-0.042269408582894706,-0.04815459790698763,-0.05114085499896855,-0.04329794356282897,0.00014895849284885331,-0.03228476004014413,0.4916704739461851,0.4899366325255995,0.4866309436273734,0.46660494866184143,0.4683248687279552,0.2934481043544731,0.14239757494814778,0.14691531244971892,0.15057024144029582,0.15293567194630797,0.0891306735231099,-0.17236513595963482,-0.07952398070829098,-0.08808080613770014,-0.09661782527266892,-0.12290179434592591,-0.17020726338604597,0.022314670582871652,-0.046104235508819175,0.006070469896336532,-0.0456730983143322,-0.06035466861584788,-0.049170477110129306,0.023572776411656983,-0.1425112210271324,-0.08540057906613513,-0.004553675047743918,0.017756561071083702,-0.3828082696498699,-0.221824336601295,-0.04985338282585778,0.023118813698106568,-0.047122352904670234,-0.06293336546147937,-0.06564070502801356,0.06430425499871543,-0.14320593954527128,-0.09546888237816473,-0.07108344839543734,0.26491666803770914,-0.38315851243645827,-0.2198230833985242,0.4988361747661529,0.20985555961946611,0.4736610999488224,0.5117489024872209,0.5202076053625058,0.5216539075343636,0.3892493812330523,0.5908000227785548,0.5568612661092219,1.0,0.2928937063805996,0.7003645302339657,0.1558727965262931,-0.10932376387864122,0.16812117504586915,0.13881472732915165,0.1639622959097795,-0.10865288115086572,0.18529906232519328,0.13909856108091456,0.06940136910193342,0.014199908119060486,0.10255653145536363,-0.02206447942078828,-0.09788693132491216,-0.032723156148239646,-0.06781622719735907,-0.1312640054437534,-0.132775551064161,-0.002439654092308705,-0.07971658695917412,-0.16979569281188053,-0.12896249207431978,-0.012261802461042356,0.04319745549368209,-0.12423310827917936
electricity_demand_roll_min_24,0.02984577358231565,0.026802553172384353,0.7329802060757002,0.05989655516422954,-0.2887286227725651,0.06143445127414279,-0.22354924287289543,,-0.5627167202037079,-0.06572399605118723,-0.060398637486318275,0.4778903120417316,-0.2264029845224219,-0.2044754728761383,0.2044754728761383,0.027297862480661315,0.01951064018406503,0.006870311176185851,-0.05040598571533116,-0.11007809284446757,0.07876659124391018,0.02435969424951185,0.016562277015734206,0.003962094530668578,-0.05318103495157888,-0.11255216980479603,0.07657176691072329,0.7551172773744934,0.7735979122902852,0.7898110285382056,0.8177079227315108,0.8141625541734542,0.7406737109373375,0.057180424677228205,0.05542176446028419,0.05435151653400042,0.05246722416099056,0.07527220787789564,0.06450833627753831,-0.2801291283049981,-0.2670790996547549,-0.25171117877532895,-0.19572393543680308,-0.11621319115280945,-0.12671293395229702,0.01765237542304537,-0.07712469977698184,0.014395664418012549,-0.02616490679240137,-0.024061824780560837,-0.02743064995438374,-0.09550152265199191,-0.16678148677778734,-0.16361785027512968,-0.10278845946943103,-0.33946662453790377,-0.25230400803207337,0.008598954593042515,-0.03661584509665,0.012365483883633394,-0.03412987659142274,-0.04543813846881459,0.023911813562035124,-0.09590057801180742,-0.1884268235719258,-0.23031692867105244,0.193593815104929,-0.3396303277760903,-0.3022690850381609,0.8021103020699433,0.19980747101048943,0.8075644429560598,0.7914597301589759,0.8623493996805821,0.2503922797233371,0.8987245799121163,0.8231762689229041,0.9259431382046175,0.2928937063805996,1.0,0.8434028635779317,0.054603168821014986,0.09699501227899794,0.03757706123351551,0.07527751193874965,0.058981194336677964,0.10607559850062068,0.011378653077716747,0.09815260867219579,0.09334813760726604,0.1069560991310977,-0.03549539006063133,0.11998707257732831,-0.27049885737151075,0.05855383016874633,-0.2525299421448812,-0.2771535326691018,-0.240462980812014,0.05098944007054261,-0.21158442257369475,-0.25528164113359075,-0.28045069056686395,0.03551618497806936,-0.2351700114365619,-0.2802864830844976
electricity_demand_roll_max_24,0.003914231952885128,0.0012456216511664568,0.8060333422128995,0.11390161913479244,-0.23442168897900803,0.014130992959676044,-0.20126226008477208,,-0.480115740965621,-0.018254801512270047,-0.07429136802340588,0.4618323894138641,-0.2346804686870311,-0.2228994922280425,0.2228994922280425,-0.0036604977270590904,-0.01073567429805856,-0.017429521318789897,-0.047083751205740494,-0.08460393206152325,0.033411611408747356,-0.006437769853463932,-0.0136247743862325,-0.020234528806041208,-0.04995752719043305,-0.08737753146891189,0.03267763751018245,0.8206068812374029,0.8308617459580476,0.8372470212586766,0.835056560979222,0.8343503857642453,0.7095325234167821,0.11772520869618765,0.12028848437457952,0.12126071113449972,0.11654974737828629,0.08761938363568715,-0.049583241866723665,-0.2311814320118467,-0.22574903629642856,-0.21821347030167343,-0.19156612180478433,-0.16186455159025542,-0.07868358975668784,-0.008632092820159637,-0.048924733273981176,-0.018805652570274802,-0.03959776604045863,-0.03862668244352525,0.03361215453158017,-0.17309571580780425,-0.13368821240849924,-0.08251580133258903,-0.013274409656635427,-0.4961712383736281,-0.2544078674168706,-0.01791938604826088,-0.007274896498190715,-0.021130423776901438,-0.04704279513488851,-0.06451289258808045,0.09020305552446059,-0.173952350423858,-0.15512864960027484,-0.1763929689735653,0.3348010128612531,-0.4963302502624669,-0.2840517742794088,0.8530989197917839,0.2869738526684405,0.8348490368876031,0.860561384603721,0.9025530945087727,0.47011974878070467,0.8486480704677208,0.92232556872198,0.962339894273163,0.7003645302339657,0.8434028635779317,1.0,0.12315216542106533,0.005885848837167513,0.1136204879457467,0.12691377987929653,0.12440107206186618,0.006425991823515431,0.09708146751067272,0.13315944717370615,0.10059343091225477,0.0656540317155102,0.020555706679630522,0.08049872116499102,-0.2311138300720965,-0.011841226044676178,-0.19280524017169995,-0.2602930903805568,-0.2245420619849702,-0.00302233113662365,-0.1621526344150623,-0.27274443023744555,-0.25750895777904914,-0.010211868579058562,-0.11284307141695696,-0.2860440873525343
temperature_roll_mean_6,0.11530324603609995,0.11289668664781949,0.11619819934862001,0.9014129684656473,-0.19498814026856734,0.1159443121233709,-0.028444775719227003,,-0.05947743006552038,-0.1443445615087946,0.01807783177702283,-0.017897672485881016,-0.05805283488330835,-0.018949136698219137,0.018949136698219137,0.145639398043126,0.16765817301574368,0.17984290256715524,0.15138644992719477,-0.06473569452597766,0.05904932709546942,0.1414142034146683,0.16180620473542529,0.17251115749172394,0.141437869718768,-0.07400257127433381,0.06275031941600687,0.12231454682286537,0.12574824912062937,0.1256526979997989,0.09689256997648386,0.004579556401074004,0.12096873143357902,0.9595830979888411,0.9904165603057956,0.9924833459284635,0.8312021824663082,0.11883176174265359,-0.6565025067325049,-0.29413345747810027,-0.38146238929989545,-0.4536574444841591,-0.5587501100657472,-0.43238809102455444,0.14015770557788826,0.18298602821137389,-0.053324612658853056,0.17033197475590375,0.1671093747115648,0.17758859218332385,-0.05623733987198313,0.11705385642388964,0.10238720816210412,0.06956216514789967,0.08065451125633351,-0.054183158078662974,-0.04346079579280172,0.1771685469249976,-0.08744541167630918,0.1670686521334956,0.15349853729226176,0.16030029375958194,-0.07144806584598604,0.11411061662360865,0.05882831263700434,0.034059671611679804,0.1030453660901983,-0.05499680101462253,-0.09609358706934355,0.12559479781730892,-0.013920026496135997,0.12101640277708699,0.13009350242656498,0.10180952940819896,0.08812066068980713,0.08433698731231107,0.11429623340822449,0.08224913923310687,0.1558727965262931,0.054603168821014986,0.12315216542106533,1.0,-0.4558089671120012,0.9823565965184295,0.9732600319911503,0.8702779632728086,-0.3489194085777957,0.7886338431208542,0.8914627588425598,0.27182534723182444,0.10701567335792414,0.17626578025648618,0.5215092555517263,-0.4364459575973855,0.21405672154992314,-0.46499358542036195,-0.3672865588409613,-0.6103215206625514,0.4400119622409822,-0.6645761221494706,-0.38156864011923713,-0.566687183791443,0.6245628140728969,-0.5972435363081315,-0.1153914456245754
temperature_roll_std_6,0.19036958664967418,0.18577452721181847,0.04806334975631302,-0.33104352117519564,-0.3663143782877012,0.18376941267209662,-0.05760057120605223,,-0.03833035099356912,-0.16516298044647368,-0.15433662737596668,0.0833816949505122,0.028462434326889517,0.1846339281226689,-0.1846339281226689,0.16283061634898557,0.12494466261597438,0.08069234692521575,-0.0741469057258531,-0.23851697076389003,0.20535035619683784,0.15893706661874346,0.12212508210435194,0.07924958837085982,-0.07144122720536403,-0.23370790214047152,0.2047174407994401,0.05514311785185907,0.058763049687845265,0.06054194567381254,0.04441911882888504,0.015479533710559854,0.15521323085529004,-0.38212570832108056,-0.42380401040507676,-0.4572943324905325,-0.5040168529570291,-0.30763078595408233,0.3800659936108962,-0.35191153205358305,-0.30932325308958186,-0.23910114353191717,0.0948726596022761,0.4097707933905165,-0.08502234994857058,0.11471626381219839,-0.1735306959538216,0.1353104629214488,0.05230166731078353,-0.041389072749201734,-0.13762094176697423,0.052226361800070384,-0.13799917277434448,-0.15924839872784133,-0.07708608332816556,-0.040078279534985904,-0.042701829694509454,0.11078360773166716,-0.16468924372874622,0.13352657998975598,0.048868931382240556,-0.027971038520387823,-0.12087304610626043,0.05225084999072994,-0.1282585893174173,-0.13627677171383265,0.02841930613438157,-0.040060792738839314,-0.03396933154253292,0.05683671390224425,0.04744676031097775,0.052228381209517595,0.0475322915220021,0.039786471733955324,-0.04720313660772028,0.0315368764292485,0.01917101748616203,0.03711154675107226,-0.10932376387864122,0.09699501227899794,0.005885848837167513,-0.4558089671120012,1.0,-0.5652211125480632,-0.29760285362657257,-0.5330403099146621,0.6268693531505923,-0.5800233426932555,-0.4126627962819955,-0.294675588145587,-0.040855884872929675,-0.195237229068366,-0.28221691764326823,-0.2508071933792315,0.13360969331256098,-0.24894038143499125,-0.2111500699268446,0.06474708062868836,-0.08311187833242423,0.11849131733022643,0.040647958720367514,0.21443074948775742,-0.3278735890390848,0.22512588889106894,-0.10063076610904001
temperature_roll_min_6,0.10372819311120283,0.10262009571347866,0.10329269963332391,0.8671276774126794,-0.13311418808628234,0.09928832553129391,-0.012108356978082204,,-0.05449305470478525,-0.11954538926308338,0.006897671265039968,-0.02631219916088166,-0.07225008771251752,-0.05606068882721251,0.05606068882721251,0.12907768501624078,0.14677016125573022,0.1560626504661466,0.13309438779281216,-0.04451171117231231,0.05572886387149461,0.12628779305856486,0.1423905472475931,0.15009312456732246,0.12377139758612472,-0.05378850692406636,0.05872536527486578,0.10725650026698527,0.10929335932917164,0.10823303838826215,0.07770786912842667,-0.007658914067806029,0.09708701249366222,0.9276229881895693,0.9631008107039116,0.974157148985606,0.8542561482197273,0.18042056235247989,-0.650150329975321,-0.22227437559939794,-0.3038617401494873,-0.37599417374109784,-0.5150861948479172,-0.45233750013127894,0.09081698963126437,0.15905845578869,-0.034205601716521865,0.15182161038091996,0.14784988323823425,0.15673474814538982,-0.041241080482952844,0.10381396369212058,0.09657984049431692,0.08630680871408962,0.0798776163486406,-0.034451411001631196,-0.041131508407249925,0.15521665914011298,-0.07099265082284213,0.14934387120989703,0.13731600890114384,0.1406662284770725,-0.059351205219100374,0.1011988969677968,0.05718999514223496,0.05131292710016326,0.0810496266223685,-0.03524859582478921,-0.08990300480537991,0.10878838432866687,-0.010681803262556955,0.10319755314820372,0.11572042232767224,0.08473151452078567,0.09127416806116012,0.06470651938158413,0.09915474654524861,0.06940495373478894,0.16812117504586915,0.03757706123351551,0.1136204879457467,0.9823565965184295,-0.5652211125480632,1.0,0.9250885193841555,0.8939700259687774,-0.42507789389294204,0.8369227760789387,0.873071250816207,0.3249139510202643,0.04647775983029256,0.23900007728565187,0.5306425282230219,-0.3624228790518707,0.17033515503868368,-0.38376595491048865,-0.3130037037094338,-0.559453829769742,0.412762072527248,-0.6207216082040359,-0.36145565003019425,-0.5590472552862529,0.6368005595087098,-0.5954896617499734,-0.10465198233316088
temperature_roll_max_6,0.13088491427004623,0.1265911096742538,0.12303882071871095,0.9197899493764019,-0.28171458348488987,0.13604020094164979,-0.04606226410127094,,-0.06889782928262422,-0.17320257252419605,0.02484460910187242,-0.0025431456075116583,-0.047848301747126044,0.037565909308961684,-0.037565909308961684,0.16242634956252677,0.1851789451005283,0.19767504665599916,0.16413712574738323,-0.09513377356985071,0.06622807897097624,0.15645435800825858,0.17782466410731043,0.1891711569721844,0.15394796173935552,-0.10417351872743519,0.07061401932135167,0.13229428757092002,0.13735764086965452,0.13925844704833837,0.11262735389073132,0.018565670948727384,0.14707600129657136,0.9592853182742904,0.972167948241022,0.9603667122329677,0.775326879110163,0.041552316871633056,-0.6465986767156807,-0.3822771400997323,-0.46740135460662807,-0.5346415791215761,-0.6012031756200746,-0.40627554741630406,0.1841202473417276,0.20252976562584626,-0.08173605784453207,0.18893209635150837,0.18178803368055113,0.1946912024006067,-0.0768626079795225,0.13487959860849233,0.09909933117837064,0.040711284235382755,0.068431490354616,-0.0618596687025422,-0.052839225859565346,0.1946618404568385,-0.11210548330828222,0.18487598178833406,0.16453360735121192,0.17784143332088492,-0.09027209379436892,0.1317163352796459,0.051805755877217786,0.007426356971562668,0.11320801164076803,-0.06265723337777383,-0.11070520461084019,0.13815129927211317,-0.024895384632568136,0.1357507647594486,0.1403106688886611,0.11524183248712594,0.08330344143331361,0.09984138130882718,0.12458296346202676,0.09441624106901524,0.13881472732915165,0.07527751193874965,0.12691377987929653,0.9732600319911503,-0.29760285362657257,0.9250885193841555,1.0,0.8114266814818897,-0.23010430106716054,0.7066782227549016,0.888285252420176,0.19712210556839882,0.16511923214238866,0.10604114602488615,0.4835250339388555,-0.5208149611128522,0.2557924581814702,-0.5561257353002766,-0.4389750636290791,-0.6622658556176734,0.4849211074188502,-0.7168811206811685,-0.4006118526007949,-0.568474251934296,0.5981062116810749,-0.5971831687074545,-0.13892229613722581
temperature_roll_mean_12,0.019506348770428006,0.022009408304467615,0.0823200063785115,0.624260087124088,0.10456824904194358,0.04336600024802259,0.006601921073232871,,-0.056106153426620904,-0.0678979554294001,0.08415975652763301,-0.028691251782091122,-0.10219847534370187,-0.059533134690954295,0.059533134690954295,0.04961684635760416,0.07741677877575609,0.10228246934454466,0.14834304242342938,0.05073878097026779,-0.03035247603945059,0.05064209083557235,0.07690206833360122,0.10020249242868154,0.141739004977517,0.039673708762733295,-0.030348173075341104,0.09133269126359073,0.099584637405667,0.10662302111110127,0.10906090339465901,0.050692840500510664,0.07103168626835563,0.7289546070340165,0.8179948001158688,0.8892967006422834,0.976934758704949,0.5534667702798791,-0.6620858828159202,0.013769930716569834,-0.07821973938333718,-0.1691329721838027,-0.4092277971669695,-0.5676529094229474,-0.015789477181202643,0.09637728389311943,0.01003261393679452,0.09156983062230054,0.10029985345140717,0.1697814220790151,-0.045941735334802246,0.13577414858005463,0.11750661859039808,0.11822963400759093,0.07006782230783153,0.001027602705440729,-0.005641288717458302,0.09673582204965367,-0.024349081760114813,0.09105902881227483,0.09787391670848376,0.1582708665283812,-0.07557840063886362,0.1344425817486209,0.09170244580474958,0.0771340487222095,0.0684042204484448,0.0005505172888325108,-0.05336622734900138,0.10589455459891944,-0.06527583898308302,0.11037192266542871,0.10854846373911098,0.10786227477463226,0.05634174647188583,0.09813308775002826,0.1236168710529721,0.09738544307241762,0.1639622959097795,0.058981194336677964,0.12440107206186618,0.8702779632728086,-0.5330403099146621,0.8939700259687774,0.8114266814818897,1.0,-0.5422625744634267,0.9576584842600988,0.9056289665502922,0.6306767170408769,-0.09225099442766148,0.4536969314330993,0.702087549058234,-0.13726373680995133,0.06087137554372381,-0.14728969931543237,-0.11334412715835918,-0.4194864792008636,0.3114361395830934,-0.4655172681686485,-0.26391850394944333,-0.601193060078238,0.635255703642206,-0.603246964486307,-0.09607526583252485
temperature_roll_std_12,0.20751284877738868,0.20217084539323396,0.044902063271290496,-0.16765353356322152,-0.36278746574160325,0.24464161669414197,-0.03127427835691729,,-0.034856918334237166,-0.2993589554406343,-0.026379078002996714,0.06919961979086914,0.023743266274308773,0.2813292678743742,-0.2813292678743742,0.24279943251496863,0.2552524637633471,0.24370115661144107,0.09710182711449555,-0.27015438782109286,0.2209835310376598,0.23761942307375913,0.25023887778696025,0.23915963110941804,0.09596293376092985,-0.26382270269175717,0.22306097679816442,0.06110588708769061,0.07280109042172846,0.08023876388496912,0.07901773454001947,-0.0010425828921740473,0.1343025970919556,-0.23905585778651528,-0.30587033142938336,-0.36624623498166453,-0.5054477798993916,-0.4957984520010539,0.35076195758491463,-0.40108885261883914,-0.41978162832672944,-0.4122832057114087,-0.21556722270784032,0.45337596559249,-0.01167780422730277,0.2514711707732553,-0.1416311777592441,0.23855089991339748,0.20819493414698792,0.12859117158322503,-0.1859877770507737,0.14724453846073426,-0.03633120794583999,-0.17014540221957014,-0.07390960991099192,-0.052195108673607694,-0.0626852361666591,0.24238090597643747,-0.16197875601307596,0.23583096886799057,0.19817946544126777,0.12884669171666754,-0.17438217661642746,0.14657789309774658,-0.03862638616627902,-0.14307823927770952,0.03211124934031764,-0.05192621750387525,-0.06020194525010548,0.07439432616214835,0.08638820582849144,0.06555339103121413,0.07425047446335584,0.05690657379013938,-0.013329443791265742,0.04988415347047553,0.028532262165098504,0.03431259515562176,-0.10865288115086572,0.10607559850062068,0.006425991823515431,-0.3489194085777957,0.6268693531505923,-0.42507789389294204,-0.23010430106716054,-0.5422625744634267,1.0,-0.6739616804524046,-0.25251366661408353,-0.47574596312359757,0.28550875589917396,-0.4025066290594441,-0.3244163388519389,-0.41075014619795636,0.08947014059302438,-0.3906911254649685,-0.38615834473138705,-0.17297510735262664,0.022025607698762138,-0.0989930040924085,-0.12798362062463045,0.16175462220607909,-0.25678900162373614,0.1457808434778517,-0.12888545862205794
temperature_roll_min_12,0.02164163530647762,0.025299593081450536,0.04224836492803401,0.5506602819742162,0.15136164593910204,0.032313016465964024,0.02640501635056508,,-0.04526142442298343,-0.033482301150500625,0.04254652395966813,-0.02429937276082393,-0.13116347266905823,-0.1072834839961329,0.1072834839961329,0.03512838088915747,0.046998058651797736,0.05719200305474686,0.09035125960058359,0.06489921205848515,-0.014656322538775324,0.03752651676785894,0.04814820699875294,0.05700480492498492,0.08608474969045489,0.05429252046070594,-0.01637838079061851,0.04908223580103708,0.05565904149381939,0.06049727145272069,0.0580951485955963,0.01703072640305464,0.03431288558824051,0.6503179525588912,0.7359300842612748,0.8057375949947074,0.9143514210299529,0.6275613664528907,-0.5818452163287562,0.08804841656393377,0.020529335509074962,-0.050810505665013106,-0.27967416273354373,-0.5815173226866147,-0.11761658566454292,0.058509477924721186,0.010967987785342052,0.06521811171778236,0.057762719319652774,0.11872993916122189,-0.021409631133486658,0.11082167152724137,0.08860736811558488,0.14773754874673314,0.059753541763416324,0.04295875464210862,-0.009409108077908339,0.061908535243691366,-0.021150161109137786,0.06567827286150674,0.058175416404344385,0.11064656190754954,-0.05438972679177908,0.10972391359947349,0.06995064513353785,0.10469064899742253,0.015437453882809003,0.04242376856551842,-0.047898668371974214,0.05876730252940345,-0.06505508392920985,0.06176380048840795,0.06220456644796109,0.06221635529208963,0.048980536208566676,0.046389171736017365,0.08119102864081854,0.05987435353816803,0.18529906232519328,0.011378653077716747,0.09708146751067272,0.7886338431208542,-0.5800233426932555,0.8369227760789387,0.7066782227549016,0.9576584842600988,-0.6739616804524046,1.0,0.806772806058812,0.698917127682048,-0.20726016218847898,0.5843664292247748,0.6961071946384836,-0.025663263282426945,-0.01700471611524796,-0.024167965649706625,-0.02792545048512493,-0.30700138882876093,0.23122278850544312,-0.3501693439854878,-0.21719113620401712,-0.5638399441331294,0.6079714918695901,-0.5634028688039298,-0.095336082450842
temperature_roll_max_12,0.041388477828244744,0.040892635010204396,0.07612215648213942,0.7431234052298875,-0.02649750348393614,0.07718929721990975,0.00030333058184921907,,-0.05294483393196715,-0.10657019867202976,0.1150752022129297,-0.025781563606136284,-0.09654129305908424,0.06596856492112096,-0.06596856492112096,0.0846353378328462,0.11962760152241578,0.14357399342375787,0.16638396548035833,0.028843433032160484,-0.02883501604494933,0.0824379346001727,0.11573648529175709,0.13818351432838802,0.1578466090235263,0.01841073559798442,-0.02682265995968488,0.0890593822537688,0.10097441872137934,0.11123453627491775,0.12489783794334061,0.07539158730645878,0.12216807609096635,0.8133421649333451,0.8623220584883396,0.8919772564027614,0.8680766892209192,0.3816833100740676,-0.672941582486699,-0.13686422502910245,-0.24138886019888844,-0.3370802769702208,-0.5382068363007756,-0.5566901645963697,0.08587135661616846,0.13387718115718528,0.000761262700473178,0.11906435893351429,0.1382662443901009,0.20351408063594206,-0.08200702282633264,0.17135251468772789,0.12897743669325815,0.07115480502957976,0.036579909991570625,-0.012142609073184535,-0.03450216080673439,0.13053240966783383,-0.03507048471357696,0.11680385835472747,0.12690826504681263,0.18926304543195563,-0.10651222673575339,0.16902768025558007,0.0898404328685755,0.03111133644342965,0.07098045315163448,-0.012701168900456925,-0.09880741147209558,0.10969429090089529,-0.06660482222858054,0.11506563872109196,0.11282893201399045,0.11792629425025512,0.014250971918368325,0.12018788724082659,0.1216307718429819,0.11847922069584779,0.13909856108091456,0.09815260867219579,0.13315944717370615,0.8914627588425598,-0.4126627962819955,0.873071250816207,0.888285252420176,0.9056289665502922,-0.25251366661408353,0.806772806058812,1.0,0.45377326038979976,0.0940552122344865,0.288540118621166,0.680150952613246,-0.305596292128756,0.09263527282052718,-0.31922400272417256,-0.2611545449935383,-0.5574281414670309,0.4044912939835669,-0.6163748349160891,-0.3503729047777923,-0.648338311622981,0.6223635523749877,-0.6298978423014742,-0.1479170659528105
temperature_roll_mean_24,0.008634530274516454,0.016578687924996803,0.0386377068744914,-0.032866518176296836,0.4112291058622466,0.008960076526077368,0.04901300604170745,,-0.04478684934856264,0.0006862027410418094,-0.01117426989885978,0.010666886200203656,-0.14245959764585264,-0.06566194817903853,0.06566194817903853,0.009703816855722878,0.010402289176906245,0.01060035208371037,0.01623027438989664,0.04365078661980654,0.027809171135210524,0.01695709565109542,0.016783711509036858,0.01603613477389822,0.018226216947856935,0.037690421981565594,0.01961354319986129,0.048520476414061584,0.05648842692491201,0.06297020956700791,0.07177382101947344,0.06813351338285117,0.05505414774100712,0.08543652004242355,0.20312309471042111,0.3180331155210365,0.6229714745448517,0.9019374083270383,-0.07453082617941863,0.36860330251293183,0.31993183344210496,0.26662278064301587,0.08735879669860282,-0.3284829108850005,-0.44752026293142555,0.015677470059596053,-0.02162695072979537,0.029553542334444103,0.00668372910026008,0.03814906733252927,-0.017512431136754526,0.06562626776084604,0.03824600835068122,0.14919566210594656,0.02661231432393473,0.09127404315199845,0.08567726239848787,0.024449568627848025,-0.0354692065966971,0.03271517266552736,0.018322985807425734,0.04181936916015,-0.03900358538156534,0.06709173666953705,0.04558211034465069,0.11028674193478985,-0.017468262475748366,0.09137909064479215,0.06161734989806132,0.05967654365673483,-0.07256695855106543,0.06837684778300429,0.061684604558718,0.07138047947675956,-0.044080956472986876,0.08641231860479566,0.08068183716344822,0.09171654097371015,0.06940136910193342,0.09334813760726604,0.10059343091225477,0.27182534723182444,-0.294675588145587,0.3249139510202643,0.19712210556839882,0.6306767170408769,-0.47574596312359757,0.698917127682048,0.45377326038979976,1.0,-0.5028670396745947,0.8701035436281152,0.7467292906953219,0.31048285301969547,-0.2008365468459906,0.3499831263509929,0.26151564701842756,0.1367236471923792,-0.10185596966663418,0.15544075287635292,0.07565332471997276,-0.38695075510692234,0.36165084483637977,-0.3826230259029927,-0.09968139475870964
temperature_roll_std_24,-0.17180495423038322,-0.17733312409115704,-0.04441291749825667,0.20767487628818695,-0.17047113099699943,-0.003244207133266799,-0.08636860736908349,,-0.06771150490015355,-0.09662095753206067,0.4454021605656588,0.016519391715460803,0.05267254963731431,0.33102284344177885,-0.33102284344177885,-0.07878284332274889,0.0173899232174022,0.11020068265260019,0.31540575053185904,0.17544424940486208,-0.2185566592799116,-0.08459652750796365,0.011244784237989351,0.10369498059236629,0.30866503069658663,0.17417652024354777,-0.2143068494329579,-0.004808815507882651,0.03946121827038561,0.08645502832995636,0.2165309756464887,0.18880394050266214,0.06136533051193883,0.1735480312242134,0.1318360647377347,0.08362224920863436,-0.0784760884344058,-0.38727980548323737,-0.16191923771660163,-0.2182663139163557,-0.27308520117342344,-0.33252806719611877,-0.49158832027210625,-0.21170537484315657,0.3551533211312721,0.05744507709266433,0.04137249368160344,0.0022824715666274775,0.09535786795799767,0.29902474584036254,-0.1413079492199612,0.2021269199353318,0.17515518665909804,-0.07168156040665542,-0.026443359703753576,-0.08513142585776429,-0.06825090405233362,0.04536146796886173,0.05468624430964636,-0.0007548754697468512,0.0801358995793652,0.281802891338766,-0.13784621459388244,0.1994720838268847,0.14432996341674068,-0.07605995294582188,0.07420309737481222,-0.08517286196167687,-0.0934265869836772,0.0667275831389617,0.07811271994158094,0.06149665738140884,0.06495032337471932,0.16538784260769748,0.1533520723201709,0.125868903910343,0.14211411536941979,0.11978502897540097,0.014199908119060486,0.1069560991310977,0.0656540317155102,0.10701567335792414,-0.040855884872929675,0.04647775983029256,0.16511923214238866,-0.09225099442766148,0.28550875589917396,-0.20726016218847898,0.0940552122344865,-0.5028670396745947,1.0,-0.6829805381652787,-0.09102239768681623,-0.33479668921071915,0.2155538231203324,-0.3811584650838849,-0.2708225223351606,-0.5022469066117574,0.09641246695260285,-0.39871154086675303,-0.4057409798988027,-0.046571613345769744,-0.07345716589065662,0.013494134186393711,-0.0815047465941246
temperature_roll_min_24,0.1151373175947301,0.12257880202831929,-0.05964282708588759,-0.03912185461331886,0.2952462990471562,0.0400966814312822,0.12129696746993851,,-0.000961055666865054,0.006769221137327241,-0.19350924334798925,0.009481860799454987,-0.2402232776283997,-0.0027365398084886776,0.0027365398084886776,0.07544007020942504,0.031032382049565523,-0.013415139767373022,-0.11835624439229707,-0.07608785793321093,0.136955522477867,0.08240127093031582,0.03745351690786504,-0.007596956020439755,-0.11436800238615145,-0.07930532817415975,0.1289262224560306,-0.05906457410848131,-0.061216731504623596,-0.06620132156613369,-0.09490979919571224,-0.07009172096466867,0.042694397605621257,0.04337760098689893,0.12600130733316162,0.2074176536012662,0.4363570943014829,0.7151595200828001,0.10042147309295094,0.2870407541168101,0.27487023966923796,0.25859562285671933,0.17900840986782876,-0.1950312011659252,-0.5680831082724479,0.01794737400612405,-0.06815760376140886,0.0549389658713644,-0.015438346474826508,-0.08527246066743621,0.009771278408597395,-0.013299103802452228,-0.06581001102088982,0.13266653319434735,-0.040319070404158656,0.1129214124574972,0.01499671915544918,0.028176201178466972,-0.08410227574612272,0.057931768978902475,-0.0032046535246546843,-0.07611413928088628,-0.004165815256462913,-0.011968910425098027,-0.05200146707946885,0.10125227999663157,-0.1220216374576019,0.11283987017617414,0.001508201130087922,-0.06935103026006414,-0.05770326362744686,-0.07468761371852049,-0.05887084095271994,-0.08515998916509543,-0.0753132231265486,-0.08595005135874843,-0.05860948468720798,-0.031960841900814406,0.10255653145536363,-0.03549539006063133,0.020555706679630522,0.17626578025648618,-0.195237229068366,0.23900007728565187,0.10604114602488615,0.4536969314330993,-0.4025066290594441,0.5843664292247748,0.288540118621166,0.8701035436281152,-0.6829805381652787,1.0,0.5754959714798017,0.2847602475999679,-0.21401958998798276,0.3328872244544304,0.2151274853050716,0.20543521523753328,-0.07914707013117013,0.2068945198341874,0.11750666403875665,-0.32895786595441495,0.23516657558434612,-0.28122859219440854,-0.19242600167551932
temperature_roll_max_24,0.07272225189146862,0.07686808527733417,-0.01452529939430427,0.290709399839329,0.2182936153864929,0.10574586052858836,0.16125673750831035,,0.07253066276495942,-0.12768314239167217,0.09051755323799125,-0.1727683243988642,-0.20622262504595168,0.03375395373786948,-0.03375395373786948,0.10558075532729279,0.1317491436914829,0.14894266152971494,0.14932865771825904,0.022062136211768404,0.047240550430048565,0.10863243676082424,0.13347608873912997,0.149588500599571,0.14700444769043816,0.015778282920201704,0.04156194169531795,0.015644593346121873,0.04346526071919065,0.06741095700309661,0.11027363302433861,0.06347810231814556,0.1947123733249913,0.3873118104163926,0.46983668103305976,0.5390488802671997,0.669714177029193,0.6268654863318539,-0.2278750769289749,0.1416594564833315,0.0665477187673777,-0.00564643818008851,-0.18653448849861884,-0.36074556305757766,-0.34202290719733625,0.14685574891263645,-0.07745268426280595,0.14395012094187576,0.13578439971752979,0.18813637886562248,-0.12576927427276471,0.22147591062396926,0.11753228900312772,0.13061313062665864,0.009387591963323456,0.13546630411478613,0.04907057551909697,0.15110126367680687,-0.10114480733277745,0.14529427487335797,0.13428507805924758,0.18798774341779428,-0.1552470337326989,0.22140596125134987,0.09410496425951693,0.10051429411651083,-0.03366184414979984,0.13511939287156152,-0.015131981782303577,0.0548538265255394,-0.03994500081165794,0.054535640850643566,0.05363745795126607,0.08801846705331141,-0.003941847541189492,0.07736333616582997,0.07639264051684919,0.09862275446771102,-0.02206447942078828,0.11998707257732831,0.08049872116499102,0.5215092555517263,-0.28221691764326823,0.5306425282230219,0.4835250339388555,0.702087549058234,-0.3244163388519389,0.6961071946384836,0.680150952613246,0.7467292906953219,-0.09102239768681623,0.5754959714798017,1.0,0.036225062643788636,-0.08491023195343543,0.04287470192431692,0.04053921859898019,-0.15808814300430926,0.035992070525104176,-0.13508823321036076,-0.10679886802403565,-0.47673486794958353,0.527766477253894,-0.5043151936911477,-0.10105658643234215
humidity_roll_mean_6,-0.26759735986566413,-0.2574702069558114,-0.25172372476354987,-0.5602817938384224,0.8402553012450577,-0.36360752204720365,0.06709265850064611,,0.2864151797591658,0.4507208480015182,0.07051094546634683,-0.18488450965253922,0.20692009199193293,-0.10655011022035688,0.10655011022035688,-0.3209182373830841,-0.3495592736330584,-0.35124603561734374,-0.19795989504437425,0.3621829051520057,-0.3492254142307066,-0.30989366331247453,-0.33812224778372835,-0.33986013910787355,-0.18897815324937564,0.3644767014893542,-0.3538674267473335,-0.278719130305116,-0.2958213249782425,-0.3019791832081631,-0.25298873297287794,-0.07744196622179399,-0.33393185667623426,-0.5310300215926506,-0.48198522531367943,-0.41499913703349056,-0.13032275272316218,0.41270365380257995,0.23577747945983246,0.9331482805240989,0.9831258275891246,0.9841517683620377,0.7225027868027681,-0.0034670509298961533,-0.08697033029561022,-0.37115749643289025,0.272007518544115,-0.39553811583786774,-0.23755158592450684,-0.2436807252418433,0.24441001440259094,-0.24613083715508552,0.06408651209346763,0.1267526076200625,0.04113165555062299,0.07102040726794906,0.18734456827194057,-0.3568460904674821,0.3206153213559692,-0.3886872204827293,-0.21637557988180076,-0.23370999773809634,0.2550771260463837,-0.24205245108678602,0.09989747064918268,0.13523007997280534,-0.055413067324083694,0.07169580311150195,0.22861829021818048,-0.29378684551557893,-0.14403388154047012,-0.273666677226786,-0.2990575123693822,-0.25123704685159237,-0.13983096121355496,-0.2174558370765309,-0.22795371677623685,-0.23182770399617883,-0.09788693132491216,-0.27049885737151075,-0.2311138300720965,-0.4364459575973855,-0.2508071933792315,-0.3624228790518707,-0.5208149611128522,-0.13726373680995133,-0.41075014619795636,-0.025663263282426945,-0.305596292128756,0.31048285301969547,-0.33479668921071915,0.2847602475999679,0.036225062643788636,1.0,-0.2654930837917811,0.9590812437754083,0.9504451101613991,0.8300183265145592,-0.2569770745974855,0.7133589422835426,0.7386375181041165,0.4327941687494123,-0.14562192846264999,0.3917870782072696,0.46978801574432455
humidity_roll_std_6,-0.07608804877030145,-0.07951156295046656,-0.08862815176301299,0.26271990780525006,-0.18242780494938746,-0.07281656604163225,-0.04341542467117155,,-0.09133084698361087,0.10844411037376525,-0.020385036866773613,0.04076482784111807,-0.01677738723541966,0.10811044497293615,-0.10811044497293615,-0.10289273090148364,-0.11912616923557842,-0.12611304392946682,-0.12362213394114811,-0.012155620493752475,-0.0377070010491639,-0.10598314503646762,-0.12256714838771732,-0.13012365959504046,-0.1287807551195781,-0.013952614240533163,-0.035475154811789616,-0.0939667380874337,-0.09491376986482365,-0.0890016237361625,-0.05140460138732625,0.04959178791955482,0.08144941549294883,0.24072091685140648,0.22308026371895842,0.2023376763577654,0.050127560875488246,-0.26348884862040367,-0.12889629815019304,-0.2098228209896389,-0.23584506466059493,-0.25455498894929457,-0.25679911984115855,-0.11272945838041164,0.1397152506542044,-0.1208284977719505,0.07985175023065154,-0.1460356556337897,-0.11566863352775411,-0.16314941536639108,-0.061332425492278075,-0.15323846209643383,-0.21674162108788844,-0.1771203804832735,-0.13224286941896063,-0.039058850006005,-0.17855497066422735,-0.12984789021872978,0.11467386695994321,-0.14656835256599937,-0.12544553322468824,-0.16944262693427728,-1.392135447185545e-06,-0.15386083936344705,-0.2369801892195896,-0.17517354233926846,-0.08891860184040307,-0.03905175391481508,-0.18724255591543174,-0.08506099451625192,-0.023207783808958517,-0.06672718410326926,-0.09074733149861551,-0.046590090779886933,-0.0013974508734384352,-0.01304523529875048,-0.031588797505259524,0.002362327296105944,-0.032723156148239646,0.05855383016874633,-0.011841226044676178,0.21405672154992314,0.13360969331256098,0.17033515503868368,0.2557924581814702,0.06087137554372381,0.08947014059302438,-0.01700471611524796,0.09263527282052718,-0.2008365468459906,0.2155538231203324,-0.21401958998798276,-0.08491023195343543,-0.2654930837917811,1.0,-0.4809082597611979,-0.010993304689839861,-0.2966916533886475,0.45617127315848954,-0.40347110471640873,-0.034391758645643054,-0.19477620157108813,0.07180457455707945,-0.16886123176905307,-0.08741171385293552
humidity_roll_min_6,-0.20731519258141337,-0.19704284468368766,-0.18948783117317466,-0.5946036926945456,0.7936619167875455,-0.3051480972664813,0.05367224438743369,,0.2643560345511996,0.3725751464877929,0.04788384121575794,-0.14586828775219932,0.1997509272147733,-0.11034453406258082,0.11034453406258082,-0.24832965988283853,-0.2730733432021832,-0.27773478571552124,-0.16166718953325457,0.3139810560472327,-0.28691889627697403,-0.23741773445660724,-0.2617496505870743,-0.26627117958349084,-0.15191418592923078,0.3168626037209272,-0.2917470200221399,-0.21219039713010238,-0.22813218501337013,-0.23595278741149944,-0.20493925730039317,-0.08340427624770447,-0.31615038000634027,-0.5584678398643884,-0.5061852473965536,-0.437480201202844,-0.13800626003141786,0.455184077902576,0.26305151995901643,0.8773935913728326,0.9275828765079425,0.9387459333124463,0.734907522394044,0.04771343074752151,-0.1255309920538303,-0.2966655718160081,0.23102069355855334,-0.3133647094128681,-0.17858328390309947,-0.18707266188921853,0.24037749701357408,-0.19001102357825944,0.10364736620329944,0.1625869104988527,0.07231111504016911,0.07649492486268113,0.21244755037187169,-0.28159749986586363,0.26320402976364937,-0.3069712818791524,-0.15517157529897646,-0.17625477150873367,0.23434299095877817,-0.1860818655844284,0.14438025813457311,0.16921055940418656,-0.021859414577704534,0.07715012778090478,0.2560959524569995,-0.228745880756068,-0.0893323442493742,-0.21937218891527907,-0.22719059690784532,-0.20465841777615176,-0.11472996980475099,-0.1886007436010328,-0.1881588767407363,-0.19898682624851324,-0.06781622719735907,-0.2525299421448812,-0.19280524017169995,-0.46499358542036195,-0.24894038143499125,-0.38376595491048865,-0.5561257353002766,-0.14728969931543237,-0.3906911254649685,-0.024167965649706625,-0.31922400272417256,0.3499831263509929,-0.3811584650838849,0.3328872244544304,0.04287470192431692,0.9590812437754083,-0.4809082597611979,1.0,0.8457268626428229,0.8399312167918791,-0.3822944793108299,0.7794891295148704,0.6632903698057613,0.44998148742109995,-0.18124052735279217,0.4170426668827191,0.42595965068585895
humidity_roll_max_6,-0.29605017686314844,-0.28672083691499123,-0.29806224847092716,-0.48538144195862,0.8376360865766855,-0.396847653977069,0.07848350843254762,,0.308653762891114,0.4931010080103836,0.08035297428542665,-0.21764987279315878,0.21580238897270373,-0.090607077580533,0.090607077580533,-0.357422980387989,-0.3905740686208952,-0.3932321724039103,-0.22739794682776499,0.37345102030421246,-0.3825457788757803,-0.34713772291224637,-0.38000290915987317,-0.3829746951343513,-0.21972143422655624,0.37516738142566747,-0.3862666179267861,-0.32737194801096003,-0.34672285495839694,-0.3528415877518094,-0.28536821298065135,-0.07631988334532631,-0.3260567229418924,-0.45726312864417495,-0.4095109278263372,-0.3479949805722892,-0.11204161546684681,0.34838671844128616,0.18612255892335838,0.9095810757107756,0.9389246676103902,0.927834699619492,0.67576521380176,-0.03140103711889485,-0.02753870167482788,-0.4128909397228355,0.3102041602733847,-0.4499512566791987,-0.2678742224004738,-0.2839292109564694,0.23166299948510174,-0.28927777568466284,0.02530975582159432,0.08480316097759466,0.012821229600592694,0.05797754013162427,0.15835498421882457,-0.4011878792412971,0.3707474177324821,-0.4429917039849931,-0.2505503061192613,-0.27537569180059324,0.25910838773953987,-0.285143005506712,0.053210456950746526,0.09531641864212914,-0.07835359693605451,0.05857413532292114,0.1958308652628996,-0.3422338520739898,-0.16902426651902283,-0.3140018365195219,-0.3485111096842906,-0.2844852580447054,-0.15584221064130238,-0.23673318292002674,-0.259226533152813,-0.2543127268160305,-0.1312640054437534,-0.2771535326691018,-0.2602930903805568,-0.3672865588409613,-0.2111500699268446,-0.3130037037094338,-0.4389750636290791,-0.11334412715835918,-0.38615834473138705,-0.02792545048512493,-0.2611545449935383,0.26151564701842756,-0.2708225223351606,0.2151274853050716,0.04053921859898019,0.9504451101613991,-0.010993304689839861,0.8457268626428229,1.0,0.7731332629948781,-0.1162247889941028,0.6140398785422376,0.782121986831116,0.3966976740245039,-0.09647217646841141,0.3464574068172098,0.49399227558644226
humidity_roll_mean_12,-0.0285189070977393,-0.021540005543230236,-0.13298601663222187,-0.6258496543992016,0.5210606403558595,-0.21895269463146408,0.027240026982322554,,0.29307598862033873,0.32319667557286036,-0.2119198721294962,-0.14372500424374607,0.3005924231292058,-0.09758348542839046,0.09758348542839046,-0.10650835977336034,-0.17540893978761074,-0.23140290551323606,-0.2888319097693738,0.10531036394217322,-0.0805468054921009,-0.09826185561530489,-0.16603657772608596,-0.22114223447863895,-0.2776771081043798,0.11233444661983186,-0.08473789253473694,-0.1721734904505836,-0.2087843746717408,-0.23979039502476102,-0.2774680346717661,-0.1673627765761821,-0.26501171292142156,-0.6300474535192849,-0.6193454640353546,-0.5925751768191365,-0.4194849055339428,0.1783915118382003,0.446202424912615,0.6419886987688637,0.7505947741630125,0.8395609786132037,0.9371133995502935,0.41985700677588306,-0.15327085617899672,-0.22082811809864672,0.15919043527013121,-0.22878605510355285,-0.12804485964508477,-0.3126832398282358,0.2606485073144062,-0.2792521845656791,0.02318627468472143,0.12877176951805536,0.10000746690830763,0.07578447988558049,0.2659450385692149,-0.2067426182017913,0.18693265734610892,-0.2229520808134278,-0.10776636733646384,-0.29387726174551004,0.274271818242796,-0.2747330770130488,0.06649289025330096,0.15673939097870918,0.01597791820065228,0.07632466982741337,0.31945729772067,-0.22376501766113652,-0.05238150079794673,-0.2176542933788952,-0.22524296808250108,-0.2548283686830272,-0.15984347335262916,-0.2215067903366057,-0.24788852861861232,-0.23565613241992373,-0.132775551064161,-0.240462980812014,-0.2245420619849702,-0.6103215206625514,0.06474708062868836,-0.559453829769742,-0.6622658556176734,-0.4194864792008636,-0.17297510735262664,-0.30700138882876093,-0.5574281414670309,0.1367236471923792,-0.5022469066117574,0.20543521523753328,-0.15808814300430926,0.8300183265145592,-0.2966916533886475,0.8399312167918791,0.7731332629948781,1.0,-0.3727374318644617,0.8874201797742335,0.8295575223192635,0.6688993144365711,-0.23777432978170052,0.5147764177289832,0.5293542121672442
humidity_roll_std_12,0.010264847440938654,0.0055924612068801866,-0.05758517654175837,0.5221700023220068,-0.18456277162070936,-0.11840634031868935,0.03462361305352601,,-0.04944533550343139,0.1070428121446904,-0.12332869053208267,-0.07813578604468213,-0.09121677318164366,0.06763898478809797,-0.06763898478809797,-0.03193318256084581,-0.06937947460808223,-0.10063582622606002,-0.1453550135226975,-0.10048977856187347,-0.06872580373674465,-0.03704890065594891,-0.07443811514985073,-0.10558891758937826,-0.15065132955263094,-0.10658151016322155,-0.0668051630507003,-0.08918804332831742,-0.11734347651657337,-0.1372848043353629,-0.13814843454368964,0.01704581264641152,0.13991302950188128,0.4882503325469952,0.45029283284264415,0.4113731766726042,0.277589449070191,-0.19086588030562407,-0.29344091597550276,-0.20210994619585676,-0.22084322039717144,-0.24052276720890575,-0.2947214673313428,-0.26875883155895214,0.11711690077169852,-0.08664334628863017,0.12355531143968321,-0.11337427156322294,-0.04275548979051621,-0.1797974569482113,0.1144632748341144,-0.23491590875771182,-0.13060129894210157,-0.149136812743861,-0.14032877176951805,-0.04441443475772825,-0.1770679509745695,-0.09614049430932997,0.14000010124621434,-0.11569616700592153,-0.05580331614398643,-0.1952645879975144,0.15491354206084137,-0.23569928750089586,-0.15911583771363363,-0.15248894834291588,-0.10644900418020307,-0.04468548009800049,-0.1962570520201482,-0.117188569808632,-0.06825488228229216,-0.09746962769204359,-0.11378726978519582,-0.10981240342060335,0.012958882646778535,-0.05499911049226593,-0.07486748988732041,-0.02055525955099835,-0.002439654092308705,0.05098944007054261,-0.00302233113662365,0.4400119622409822,-0.08311187833242423,0.412762072527248,0.4849211074188502,0.3114361395830934,0.022025607698762138,0.23122278850544312,0.4044912939835669,-0.10185596966663418,0.09641246695260285,-0.07914707013117013,0.035992070525104176,-0.2569770745974855,0.45617127315848954,-0.3822944793108299,-0.1162247889941028,-0.3727374318644617,1.0,-0.6867580640622897,0.08267262576083667,-0.32776981166938557,0.43441637252532106,-0.44189882106690165,-0.011937641633127235
humidity_roll_min_12,-0.02040918851938285,-0.012616179605099215,-0.08221700036584347,-0.7339062695159438,0.49717534181627776,-0.09570225422206405,-0.02024788279861232,,0.22771468998238337,0.15591855813232236,-0.08985471942656124,-0.03731247433228066,0.27874802914724545,-0.0460429069584861,0.0460429069584861,-0.05408170087357596,-0.08268047588605608,-0.10419787912057246,-0.12090445329016995,0.09446584255194583,-0.012688267358413727,-0.04539344940386321,-0.07337470008878434,-0.09438748905009915,-0.11037046419981533,0.10306808238271703,-0.017192644358759425,-0.09268839526126564,-0.10412294329974332,-0.11697506947583157,-0.14341836370285752,-0.1456753622726106,-0.23921115255505973,-0.7135225334505866,-0.6797630237851046,-0.633889878818934,-0.42869560240612137,0.20417344524721118,0.497447773341525,0.5777427567723027,0.6459976570733094,0.7003070554319973,0.7713428021418526,0.4798212555614719,-0.1845868091207401,-0.10201936063344447,0.01835914952235886,-0.09384718232462247,-0.07036093777867618,-0.12851550233546394,0.11977066925779405,-0.09152283159798749,0.06721010447063526,0.14663718631749265,0.12489434271659672,0.08236146726549745,0.2557464584461425,-0.0883531301808992,0.03586470156539128,-0.0886115877905928,-0.048351793423969586,-0.10798827724019736,0.11360498283097548,-0.08753506259368647,0.11465687481240663,0.16928501919375658,0.04894992624495392,0.08299814039770768,0.30761629457550577,-0.11729462265097201,0.011337397291034513,-0.12597309883321198,-0.11616156802166355,-0.14556814835328244,-0.06622149371906295,-0.16118924465441953,-0.14296361863252605,-0.17109828884473177,-0.07971658695917412,-0.21158442257369475,-0.1621526344150623,-0.6645761221494706,0.11849131733022643,-0.6207216082040359,-0.7168811206811685,-0.4655172681686485,-0.0989930040924085,-0.3501693439854878,-0.6163748349160891,0.15544075287635292,-0.39871154086675303,0.2068945198341874,-0.13508823321036076,0.7133589422835426,-0.40347110471640873,0.7794891295148704,0.6140398785422376,0.8874201797742335,-0.6867580640622897,1.0,0.591218856573164,0.6610732418596019,-0.4107130442118079,0.6157321812368928,0.3780512232106486
humidity_roll_max_12,-0.002503163573925142,0.003172340526317317,-0.1782409426598376,-0.38195092543869946,0.5385440679548027,-0.25619626683317714,0.07340700005725513,,0.362676021461355,0.34417912609570944,-0.2389819754853059,-0.24652626958119073,0.31690046837434976,-0.11552080202688775,0.11552080202688775,-0.09235243208598673,-0.1698778446783522,-0.23175307354340563,-0.3063867151195223,0.04603207052998162,-0.12478463453915707,-0.08608034594155164,-0.1628689866713618,-0.22420421574848273,-0.2982164018724535,0.05077827119770972,-0.12745001323925087,-0.22923440364645617,-0.2767334356256524,-0.31828126741034524,-0.3629052372274903,-0.1840638517654826,-0.21964390108370327,-0.3908651087424926,-0.38837956907012516,-0.37293826105498323,-0.2680238223072717,0.059842313674622685,0.28456702544056334,0.6238760759590108,0.6889001133997771,0.7322215919524421,0.7528269280467442,0.3755697458134214,-0.0439849924679399,-0.21607175058781616,0.18551549676501602,-0.2524797096483053,-0.10016838002847597,-0.3468250536690468,0.33466391920443445,-0.37248041704341467,0.026984159741239726,0.06061459644873379,0.0516536506007681,0.044912839077169815,0.22037743278335803,-0.20751852609871838,0.22476377249076018,-0.2474548205849897,-0.08687558746240207,-0.33704644991434185,0.3629561232834558,-0.36736304599127745,0.05347224512620431,0.09294565970111696,-0.025412141918933796,0.04532867434766755,0.2633256499742689,-0.2955258965999489,-0.09235983714636978,-0.2831117851569968,-0.2965903023841653,-0.32627594781499575,-0.12894444303210853,-0.2686599113379784,-0.29265448166749486,-0.28661096339214104,-0.16979569281188053,-0.25528164113359075,-0.27274443023744555,-0.38156864011923713,0.040647958720367514,-0.36145565003019425,-0.4006118526007949,-0.26391850394944333,-0.12798362062463045,-0.21719113620401712,-0.3503729047777923,0.07565332471997276,-0.4057409798988027,0.11750666403875665,-0.10679886802403565,0.7386375181041165,-0.034391758645643054,0.6632903698057613,0.782121986831116,0.8295575223192635,0.08267262576083667,0.591218856573164,1.0,0.5749228754833778,0.02834144456601287,0.31314711204091644,0.6609590685820753
humidity_roll_mean_24,0.07194682548822823,0.0736749718092572,-0.05383982595775755,-0.4630526538467455,0.22646257619649568,0.007744702192027121,-0.08436299933892713,,0.3573549247747996,-0.004933436548753219,-0.038126387383849304,-0.056868048211883335,0.5617038532666125,-0.014502323926146737,0.014502323926146737,0.06554667260644458,0.057036675175567264,0.04626648256730026,0.009832019874631875,0.0073521204121227155,0.03372131726387168,0.06856874554674854,0.061231432393473166,0.05155659726660533,0.0172446348998232,0.016645004195390008,0.03542934089980042,-0.07313570916012468,-0.09165402143635473,-0.10889232844778163,-0.1452751555711362,-0.20387469262282115,-0.2889075913145935,-0.5056409705399538,-0.5400506725195229,-0.5648865221720377,-0.574518717692868,-0.34057494427751495,0.4432432483741681,0.30087172374307614,0.3741444455968302,0.44247445288592746,0.5935280937583327,0.6797404033833748,0.16573034463301856,0.04596692033061951,0.029165364176305095,0.023157761990130726,0.09341318249141849,0.007665350887739463,0.08040809817845404,-0.011240774492527698,0.17261007299875955,0.09774891698190097,0.1921579744682359,0.04538615574504833,0.29809180883106934,0.050721442556061924,0.024886066369424656,0.025830359071972335,0.10578985157507848,0.019740607198858954,0.07493067798261856,-0.008295393072617917,0.2084043849363273,0.15509122916700943,0.14108330918189263,0.04589479342426889,0.3662233490463974,-0.1053131482130676,0.0017668729980143086,-0.11031541303076672,-0.10828490029096159,-0.15559290415906793,-0.06076582636527356,-0.17581805603039385,-0.16258812383980867,-0.2546089175134436,-0.12896249207431978,-0.28045069056686395,-0.25750895777904914,-0.566687183791443,0.21443074948775742,-0.5590472552862529,-0.568474251934296,-0.601193060078238,0.16175462220607909,-0.5638399441331294,-0.648338311622981,-0.38695075510692234,-0.046571613345769744,-0.32895786595441495,-0.47673486794958353,0.4327941687494123,-0.19477620157108813,0.44998148742109995,0.3966976740245039,0.6688993144365711,-0.32776981166938557,0.6610732418596019,0.5749228754833778,1.0,-0.39984990248723984,0.7725792724112494,0.6720830860958609
humidity_roll_std_24,0.22785068208309023,0.2279158593335721,0.028326412732723915,0.5520571575996501,-0.0445075278789422,0.17426301936615904,0.07760443812857638,,0.03579678834793876,-0.20496153556244065,-0.10476630445467275,-0.26991552725600276,-0.06744125746734002,-0.11471678884197783,0.11471678884197783,0.23656253915380945,0.22820858745078484,0.2039124068376631,0.07339363389115779,-0.19705424139375538,0.11961961797272173,0.23578889151847807,0.226728114681587,0.20181724298964884,0.0695660207580051,-0.20353526468924374,0.11815256032692402,0.033469214190163174,0.030113914646910156,0.019392320221526718,-0.03987936513561298,-0.1296002166668987,0.12875076092857965,0.5873433363438529,0.6085712732671527,0.6182449165015658,0.5849093747327871,0.25926757340979273,-0.4734922921502388,-0.08880984229823542,-0.12521507705756144,-0.15445903915932493,-0.20346981610804712,-0.21262582969314084,-0.15065623539345432,0.22478849033035375,-0.13835434403210517,0.22541869921692034,0.18022806510322972,0.111840238536081,-0.08496936669227352,0.10088855861012513,0.03948897672348075,-0.056747237560320594,-0.02796205291886508,-0.045837771262921295,-0.032042585782554325,0.22449095301795982,-0.1703967459466711,0.22585141264320327,0.1716652095531285,0.107141401728526,-0.09287163372157038,0.10070285678013428,0.015245682088959182,-0.06384687522543102,-0.012467332276154111,-0.04649542685713023,-0.06409171130786707,0.020885828440820955,-0.06183511294647998,0.022634861391093844,0.015562962829308018,-0.031591729702981575,0.039149000256912266,-0.029043004191793616,-0.022433431477561144,-0.032711892506894234,-0.012261802461042356,0.03551618497806936,-0.010211868579058562,0.6245628140728969,-0.3278735890390848,0.6368005595087098,0.5981062116810749,0.635255703642206,-0.25678900162373614,0.6079714918695901,0.6223635523749877,0.36165084483637977,-0.07345716589065662,0.23516657558434612,0.527766477253894,-0.14562192846264999,0.07180457455707945,-0.18124052735279217,-0.09647217646841141,-0.23777432978170052,0.43441637252532106,-0.4107130442118079,0.02834144456601287,-0.39984990248723984,1.0,-0.7861432636828738,0.24760900795921134
humidity_roll_min_24,-0.15474167716864928,-0.1525663541347249,-0.06661781915525368,-0.5347566577015059,0.24790020074194621,-0.13716724545749992,-0.07794142624810202,,0.22778876681683638,0.17028416374852978,0.08130354760647968,0.10938728234232341,0.37565109947054803,0.07370385771756603,-0.07370385771756603,-0.16339768569968685,-0.16254964728514565,-0.1504574048318266,-0.05909681409150464,0.1731543708256693,-0.12286708618505644,-0.16028907707377746,-0.15863100047238168,-0.1458876874513641,-0.05277110618964033,0.18090825395142493,-0.11960736332037965,-0.08381817888164277,-0.09349740687685718,-0.09691901071147926,-0.0738534425090757,-0.03567423374998466,-0.23944709803306338,-0.5639745891978979,-0.5823310939316539,-0.5915735509189618,-0.5617985038185141,-0.2795909711248674,0.409448440272799,0.30425717744900516,0.35295447847402767,0.3917218114497444,0.4371192492399448,0.4001904297940326,0.26835500734166917,-0.16729042902391106,0.1388209751096094,-0.17949184804730633,-0.105352851250057,-0.08367504469068958,0.07407859385811932,-0.0754578730749912,0.04488195001800992,0.08006407305476217,0.10989450512366251,0.018070887948351898,0.1597821348655788,-0.16359313353742205,0.1581917811740364,-0.1778664683312854,-0.09201510553296559,-0.07387890266162579,0.08202437813369272,-0.07371227792561828,0.07849008340645335,0.11159577531719547,0.07912274408125013,0.01870140195980026,0.21233462960457133,-0.09386220906264937,0.02494360278839243,-0.09858831856127628,-0.08826071993045757,-0.08495248567809036,-0.006825094227380185,-0.11764126869720792,-0.07157153345142002,-0.12953751948575182,0.04319745549368209,-0.2351700114365619,-0.11284307141695696,-0.5972435363081315,0.22512588889106894,-0.5954896617499734,-0.5971831687074545,-0.603246964486307,0.1457808434778517,-0.5634028688039298,-0.6298978423014742,-0.3826230259029927,0.013494134186393711,-0.28122859219440854,-0.5043151936911477,0.3917870782072696,-0.16886123176905307,0.4170426668827191,0.3464574068172098,0.5147764177289832,-0.44189882106690165,0.6157321812368928,0.31314711204091644,0.7725792724112494,-0.7861432636828738,1.0,0.2813241016475628
humidity_roll_max_24,0.03026270033106056,0.034534428012867956,-0.08567119971066318,-0.11658198343541273,0.39575034918093366,0.01182138514114228,-0.04544565400026774,,0.3969190965755065,-0.011479468911986996,0.02838414977461072,-0.23929699764035647,0.5622334598680442,-0.13255267394327838,0.13255267394327838,0.04323668201374444,0.05344654126610298,0.059422171358097645,0.05856426599588291,0.006867613502413141,-0.08354879606537899,0.04786375885990688,0.05843093088162848,0.06475595598085708,0.06394587390190225,0.010857342168229695,-0.08107383030800921,-0.10553445789294548,-0.12748813196151032,-0.14955493501537606,-0.19314259558878027,-0.23595057828980548,-0.2486267254322403,-0.11665729726980319,-0.11502940362486258,-0.11161807964839958,-0.09677590186052522,-0.06856617705288111,-0.002093965031273877,0.41919601912490984,0.4389776964415014,0.4506514571144971,0.44422370396865074,0.37053228373580055,0.2584494950279242,0.04970251659467737,0.04583807859679206,0.01940011909365158,0.10018018154879407,0.045981928499153966,0.03004188978080358,0.009875817550075747,0.15772384941393858,-0.07034481922836834,0.04726530272713925,-0.001214326656780736,0.1512624030854867,0.05623764742976438,0.03729272297026627,0.023289625496433104,0.11213321685606271,0.05252193667571251,0.03664511337020104,0.013017999511597555,0.18336478274745865,-0.01385253656853137,0.0451959797591687,-0.0008898635463148539,0.20033429902322833,-0.14295665210954717,-0.12130144600220176,-0.1299604864735722,-0.15607935946843152,-0.19816657401495139,-0.0884471671131337,-0.18444600151911145,-0.1966549605213798,-0.27494479667057176,-0.12423310827917936,-0.2802864830844976,-0.2860440873525343,-0.1153914456245754,-0.10063076610904001,-0.10465198233316088,-0.13892229613722581,-0.09607526583252485,-0.12888545862205794,-0.095336082450842,-0.1479170659528105,-0.09968139475870964,-0.0815047465941246,-0.19242600167551932,-0.10105658643234215,0.46978801574432455,-0.08741171385293552,0.42595965068585895,0.49399227558644226,0.5293542121672442,-0.011937641633127235,0.3780512232106486,0.6609590685820753,0.6720830860958609,0.24760900795921134,0.2813241016475628,1.0
