timestamp,traffic_flow,aqi,temperature,humidity,electricity_demand,time_segment,step_ahead
2025-02-01 00:00:00,5858.169741697416,90.0,24.277500000000003,70.02000000000001,5067.009999999999,past,0
2025-02-01 01:00:00,4793.047970479704,90.0,24.277500000000003,70.02000000000001,5380.28,past,0
2025-02-01 02:00:00,3994.20664206642,90.0,24.277500000000003,70.02000000000001,5121.68,past,0
2025-02-01 03:00:00,3994.20664206642,90.0,24.277500000000003,70.02000000000001,4976.78,past,0
2025-02-01 04:00:00,5325.608856088561,90.0,24.277500000000003,70.02000000000001,5257.24,past,0
2025-02-01 05:00:00,8520.974169741698,90.0,24.277500000000003,70.02000000000001,5287.76,past,0
2025-02-01 06:00:00,13580.302583025828,90.0,24.277500000000003,70.02000000000001,5192.71,past,0
2025-02-01 07:00:00,17041.948339483395,90.0,24.277500000000003,70.02000000000001,5653.7,past,0
2025-02-01 08:00:00,18373.350553505537,90.0,24.277500000000003,70.02000000000001,6197.08,past,0
2025-02-01 09:00:00,14911.704797047969,90.0,24.277500000000003,70.02000000000001,6859.96,past,0
2025-02-01 10:00:00,12515.180811808115,90.0,24.277500000000003,70.02000000000001,7584.56,past,0
2025-02-01 11:00:00,11450.059040590406,90.0,24.277500000000003,70.02000000000001,7696.99,past,0
2025-02-01 12:00:00,10917.49815498155,90.0,24.277500000000003,70.02000000000001,7506.29,past,0
2025-02-01 13:00:00,11183.778597785978,90.0,24.277500000000003,70.02000000000001,7380.719999999999,past,0
2025-02-01 14:00:00,11982.61992619926,90.0,24.277500000000003,70.02000000000001,7030.11,past,0
2025-02-01 15:00:00,13580.302583025828,90.0,24.277500000000003,70.02000000000001,7064.620000000001,past,0
2025-02-01 16:00:00,16775.667896678966,90.0,24.277500000000003,70.02000000000001,6763.19,past,0
2025-02-01 17:00:00,20503.594095940956,90.0,24.277500000000003,70.02000000000001,6479.62,past,0
2025-02-01 18:00:00,22101.276752767528,90.0,24.277500000000003,70.02000000000001,5428.87,past,0
2025-02-01 19:00:00,18905.91143911439,90.0,24.277500000000003,70.02000000000001,5437.82,past,0
2025-02-01 20:00:00,14911.704797047969,90.0,24.277500000000003,70.02000000000001,5195.38,past,0
2025-02-01 21:00:00,11716.339483394831,90.0,24.277500000000003,70.02000000000001,4894.49,past,0
2025-02-01 22:00:00,8520.974169741698,90.0,24.277500000000003,70.02000000000001,5055.0199999999995,past,0
2025-02-01 23:00:00,7189.571955719557,90.0,24.277500000000003,70.02000000000001,5083.51,past,0
2025-02-02 00:00:00,4440.935424354243,97.0,24.679,71.6,5077.15,past,0
2025-02-02 01:00:00,3633.4926199261986,97.0,24.679,71.6,5333.57,past,0
2025-02-02 02:00:00,3027.910516605166,97.0,24.679,71.6,5020.030000000001,past,0
2025-02-02 03:00:00,3027.910516605166,97.0,24.679,71.6,5010.27,past,0
2025-02-02 04:00:00,4037.2140221402215,97.0,24.679,71.6,5200.0,past,0
2025-02-02 05:00:00,6459.542435424354,97.0,24.679,71.6,5156.43,past,0
2025-02-02 06:00:00,10294.895756457565,97.0,24.679,71.6,5078.67,past,0
2025-02-02 07:00:00,12919.084870848708,97.0,24.679,71.6,5594.879999999999,past,0
2025-02-02 08:00:00,13928.388376383764,97.0,24.679,71.6,6112.12,past,0
2025-02-02 09:00:00,11304.19926199262,97.0,24.679,71.6,7193.94,past,0
2025-02-02 10:00:00,9487.45295202952,97.0,24.679,71.6,7841.740000000001,past,0
2025-02-02 11:00:00,8680.010147601475,97.0,24.679,71.6,7735.410000000001,past,0
2025-02-02 12:00:00,8276.288745387454,97.0,24.679,71.6,7748.58,past,0
2025-02-02 13:00:00,8478.149446494466,97.0,24.679,71.6,7437.11,past,0
2025-02-02 14:00:00,9083.731549815497,97.0,24.679,71.6,7218.02,past,0
2025-02-02 15:00:00,10294.895756457565,97.0,24.679,71.6,7189.33,past,0
2025-02-02 16:00:00,12717.224169741698,97.0,24.679,71.6,7233.74,past,0
2025-02-02 17:00:00,15543.273985239852,97.0,24.679,71.6,6764.400000000001,past,0
2025-02-02 18:00:00,16754.43819188192,97.0,24.679,71.6,5798.13,past,0
2025-02-02 19:00:00,14332.109778597784,97.0,24.679,71.6,5614.74,past,0
2025-02-02 20:00:00,11304.19926199262,97.0,24.679,71.6,5386.09,past,0
2025-02-02 21:00:00,8881.870848708486,97.0,24.679,71.6,5157.4,past,0
2025-02-02 22:00:00,6459.542435424354,97.0,24.679,71.6,5186.58,past,0
2025-02-02 23:00:00,5450.238929889299,97.0,24.679,71.6,5127.629999999999,past,0
2025-02-03 00:00:00,6279.701107011068,88.0,24.668,72.9,5468.6,past,0
2025-02-03 01:00:00,5137.937269372693,88.0,24.668,72.9,5565.6,past,0
2025-02-03 02:00:00,4281.614391143911,88.0,24.668,72.9,5257.0,past,0
2025-02-03 03:00:00,4281.614391143911,88.0,24.668,72.9,5244.8,past,0
2025-02-03 04:00:00,5708.819188191882,88.0,24.668,72.9,5449.9,past,0
2025-02-03 05:00:00,9134.110701107013,88.0,24.668,72.9,5407.9,past,0
2025-02-03 06:00:00,14557.4889298893,88.0,24.668,72.9,4673.1,past,0
2025-02-03 07:00:00,18268.221402214025,88.0,24.668,72.9,5309.83,past,0
2025-02-03 08:00:00,19695.426199262,88.0,24.668,72.9,5775.459999999999,past,0
2025-02-03 09:00:00,15984.693726937268,88.0,24.668,72.9,6727.66,past,0
2025-02-03 10:00:00,13415.725092250925,88.0,24.668,72.9,7553.74,past,0
2025-02-03 11:00:00,12273.961254612548,88.0,24.668,72.9,7555.799999999999,past,0
2025-02-03 12:00:00,11703.07933579336,88.0,24.668,72.9,7546.0,past,0
2025-02-03 13:00:00,11988.520295202956,88.0,24.668,72.9,7285.52,past,0
2025-02-03 14:00:00,12844.843173431733,88.0,24.668,72.9,7030.4400000000005,past,0
2025-02-03 15:00:00,14557.4889298893,88.0,24.668,72.9,6971.6,past,0
2025-02-03 16:00:00,17982.78044280443,88.0,24.668,72.9,6949.59,past,0
2025-02-03 17:00:00,21978.953874538744,88.0,24.668,72.9,6452.49,past,0
2025-02-03 18:00:00,23691.599630996316,88.0,24.668,72.9,5581.5599999999995,past,0
2025-02-03 19:00:00,20266.308118081175,88.0,24.668,72.9,5384.8,past,0
2025-02-03 20:00:00,15984.693726937268,88.0,24.668,72.9,5097.0,past,0
2025-02-03 21:00:00,12559.402214022137,88.0,24.668,72.9,4775.3,past,0
2025-02-03 22:00:00,9134.110701107013,88.0,24.668,72.9,5030.7,past,0
2025-02-03 23:00:00,7706.905904059042,88.0,24.668,72.9,4877.1,past,0
2025-02-04 00:00:00,5926.321033210331,95.0,24.067,65.32000000000001,5199.8099999999995,past,0
2025-02-04 01:00:00,4848.80811808118,95.0,24.067,65.32000000000001,4721.59,past,0
2025-02-04 02:00:00,4040.6734317343175,95.0,24.067,65.32000000000001,5040.24,past,0
2025-02-04 03:00:00,4040.6734317343175,95.0,24.067,65.32000000000001,4711.27,past,0
2025-02-04 04:00:00,5387.564575645756,95.0,24.067,65.32000000000001,5098.740000000001,past,0
2025-02-04 05:00:00,8620.103321033212,95.0,24.067,65.32000000000001,4717.639999999999,past,0
2025-02-04 06:00:00,13738.28966789668,95.0,24.067,65.32000000000001,4709.11,past,0
2025-02-04 07:00:00,17240.206642066423,95.0,24.067,65.32000000000001,4724.200000000001,past,0
2025-02-04 08:00:00,18587.097785977865,95.0,24.067,65.32000000000001,5220.11,past,0
2025-02-04 09:00:00,15085.180811808115,95.0,24.067,65.32000000000001,6456.39,past,0
2025-02-04 10:00:00,12660.776752767528,95.0,24.067,65.32000000000001,6743.51,past,0
2025-02-04 11:00:00,11583.263837638378,95.0,24.067,65.32000000000001,6704.6,past,0
2025-02-04 12:00:00,11044.507380073805,95.0,24.067,65.32000000000001,6601.6,past,0
2025-02-04 13:00:00,11313.885608856091,95.0,24.067,65.32000000000001,6310.33,past,0
2025-02-04 14:00:00,12122.02029520295,95.0,24.067,65.32000000000001,6072.09,past,0
2025-02-04 15:00:00,13738.28966789668,95.0,24.067,65.32000000000001,5801.0,past,0
2025-02-04 16:00:00,16970.828413284133,95.0,24.067,65.32000000000001,5570.27,past,0
2025-02-04 17:00:00,20742.12361623616,95.0,24.067,65.32000000000001,5157.48,past,0
2025-02-04 18:00:00,22358.392988929896,95.0,24.067,65.32000000000001,4523.860000000001,past,0
2025-02-04 19:00:00,19125.85424354243,95.0,24.067,65.32000000000001,4578.13,past,0
2025-02-04 20:00:00,15085.180811808115,95.0,24.067,65.32000000000001,4373.91,past,0
2025-02-04 21:00:00,11852.642066420662,95.0,24.067,65.32000000000001,4241.57,past,0
2025-02-04 22:00:00,8620.103321033212,95.0,24.067,65.32000000000001,4439.68,past,0
2025-02-04 23:00:00,7273.212177121772,95.0,24.067,65.32000000000001,4495.5199999999995,past,0
2025-02-05 00:00:00,6224.660516605165,91.0,24.2745,63.91,4627.8,past,0
2025-02-05 01:00:00,5092.904059040589,91.0,24.2745,63.91,4901.9,past,0
2025-02-05 02:00:00,4244.086715867158,91.0,24.2745,63.91,4599.7,past,0
2025-02-05 03:00:00,4244.086715867158,91.0,24.2745,63.91,4644.1,past,0
2025-02-05 04:00:00,5658.782287822878,91.0,24.2745,63.91,4766.8,past,0
2025-02-05 05:00:00,9054.051660516605,91.0,24.2745,63.91,4477.4,past,0
2025-02-05 06:00:00,14429.894833948338,91.0,24.2745,63.91,4451.700000000001,past,0
2025-02-05 07:00:00,18108.10332103321,91.0,24.2745,63.91,5595.4,past,0
2025-02-05 08:00:00,19522.79889298893,91.0,24.2745,63.91,6025.4400000000005,past,0
2025-02-05 09:00:00,15844.590405904057,91.0,24.2745,63.91,6552.51,past,0
2025-02-05 10:00:00,13298.138376383762,91.0,24.2745,63.91,7456.53,past,0
2025-02-05 11:00:00,12166.381918819186,91.0,24.2745,63.91,7557.99,past,0
2025-02-05 12:00:00,11600.5036900369,91.0,24.2745,63.91,7429.81,past,0
2025-02-05 13:00:00,11883.442804428045,91.0,24.2745,63.91,7327.3,past,0
2025-02-05 14:00:00,12732.260147601472,91.0,24.2745,63.91,7154.06,past,0
2025-02-05 15:00:00,14429.894833948338,91.0,24.2745,63.91,7003.8099999999995,past,0
2025-02-05 16:00:00,17825.164206642065,91.0,24.2745,63.91,6753.9,past,0
2025-02-05 17:00:00,21786.31180811808,91.0,24.2745,63.91,6475.07,past,0
2025-02-05 18:00:00,23483.946494464944,91.0,24.2745,63.91,5397.75,past,0
2025-02-05 19:00:00,20088.677121771212,91.0,24.2745,63.91,5433.5,past,0
2025-02-05 20:00:00,15844.590405904057,91.0,24.2745,63.91,5138.799999999999,past,0
2025-02-05 21:00:00,12449.32103321033,91.0,24.2745,63.91,4867.4,past,0
2025-02-05 22:00:00,9054.051660516605,91.0,24.2745,63.91,5028.6,past,0
2025-02-05 23:00:00,7639.356088560885,91.0,24.2745,63.91,5043.7,past,0
2025-02-06 00:00:00,7278.204797047969,104.0,24.666,67.21000000000001,5222.34,past,0
2025-02-06 01:00:00,5954.894833948339,104.0,24.666,67.21000000000001,5377.16,past,0
2025-02-06 02:00:00,4962.412361623616,104.0,24.666,67.21000000000001,5042.42,past,0
2025-02-06 03:00:00,4962.412361623616,104.0,24.666,67.21000000000001,5156.65,past,0
2025-02-06 04:00:00,6616.549815498155,104.0,24.666,67.21000000000001,5263.64,past,0
2025-02-06 05:00:00,10586.479704797048,104.0,24.666,67.21000000000001,5154.82,past,0
2025-02-06 06:00:00,16872.202029520293,104.0,24.666,67.21000000000001,4901.83,past,0
2025-02-06 07:00:00,21172.959409594096,104.0,24.666,67.21000000000001,5632.2,past,0
2025-02-06 08:00:00,22827.096863468632,104.0,24.666,67.21000000000001,5859.55,past,0
2025-02-06 09:00:00,18526.339483394833,104.0,24.666,67.21000000000001,6688.700000000001,past,0
2025-02-06 10:00:00,15548.892066420663,104.0,24.666,67.21000000000001,7510.28,past,0
2025-02-06 11:00:00,14225.582103321032,104.0,24.666,67.21000000000001,7624.530000000001,past,0
2025-02-06 12:00:00,13563.927121771218,104.0,24.666,67.21000000000001,7479.27,past,0
2025-02-06 13:00:00,13894.754612546129,104.0,24.666,67.21000000000001,7335.26,past,0
2025-02-06 14:00:00,14887.237084870849,104.0,24.666,67.21000000000001,7324.48,past,0
2025-02-06 15:00:00,16872.202029520293,104.0,24.666,67.21000000000001,7056.08,past,0
2025-02-06 16:00:00,20842.13191881919,104.0,24.666,67.21000000000001,7109.45,past,0
2025-02-06 17:00:00,25473.716789667895,104.0,24.666,67.21000000000001,6688.51,past,0
2025-02-06 18:00:00,27458.681734317342,104.0,24.666,67.21000000000001,5519.52,past,0
2025-02-06 19:00:00,23488.751845018447,104.0,24.666,67.21000000000001,5585.7,past,0
2025-02-06 20:00:00,18526.339483394833,104.0,24.666,67.21000000000001,5243.6,past,0
2025-02-06 21:00:00,14556.409594095938,104.0,24.666,67.21000000000001,5019.6,past,0
2025-02-06 22:00:00,10586.479704797048,104.0,24.666,67.21000000000001,5132.5,past,0
2025-02-06 23:00:00,8932.34225092251,104.0,24.666,67.21000000000001,5105.5,past,0
2025-02-07 00:00:00,5810.232472324722,104.0,25.1435,60.39,5221.516,past,0
2025-02-07 01:00:00,4753.826568265682,104.0,25.1435,60.39,5404.576,past,0
2025-02-07 02:00:00,3961.5221402214015,104.0,25.1435,60.39,5257.096,past,0
2025-02-07 03:00:00,3961.5221402214015,104.0,25.1435,60.39,5039.0960000000005,past,0
2025-02-07 04:00:00,5282.029520295203,104.0,25.1435,60.39,5295.996,past,0
2025-02-07 05:00:00,8451.247232472324,104.0,25.1435,60.39,5271.875999999999,past,0
2025-02-07 06:00:00,13469.175276752763,104.0,25.1435,60.39,5117.326,past,0
2025-02-07 07:00:00,16902.494464944648,104.0,25.1435,60.39,5603.58,past,0
2025-02-07 08:00:00,18223.00184501845,104.0,25.1435,60.39,6118.969999999999,past,0
2025-02-07 09:00:00,14789.682656826566,104.0,25.1435,60.39,6755.549999999999,past,0
2025-02-07 10:00:00,12412.769372693723,104.0,25.1435,60.39,7379.66,past,0
2025-02-07 11:00:00,11356.363468634683,104.0,25.1435,60.39,7465.870000000001,past,0
2025-02-07 12:00:00,10828.160516605169,104.0,25.1435,60.39,7229.6,past,0
2025-02-07 13:00:00,11092.261992619928,104.0,25.1435,60.39,7065.460000000001,past,0
2025-02-07 14:00:00,11884.566420664203,104.0,25.1435,60.39,6908.5,past,0
2025-02-07 15:00:00,13469.175276752763,104.0,25.1435,60.39,6928.36,past,0
2025-02-07 16:00:00,16638.39298892989,104.0,25.1435,60.39,6968.05,past,0
2025-02-07 17:00:00,20335.81365313653,104.0,25.1435,60.39,6437.96,past,0
2025-02-07 18:00:00,21920.422509225093,104.0,25.1435,60.39,5460.3099999999995,past,0
2025-02-07 19:00:00,18751.204797047965,104.0,25.1435,60.39,5576.2,past,0
2025-02-07 20:00:00,14789.682656826566,104.0,25.1435,60.39,5330.6,past,0
2025-02-07 21:00:00,11620.464944649444,104.0,25.1435,60.39,5035.8,past,0
2025-02-07 22:00:00,8451.247232472324,104.0,25.1435,60.39,5119.9,past,0
2025-02-07 23:00:00,7130.739852398524,104.0,25.1435,60.39,5114.59,past,0
2025-02-08 00:00:00,4251.2361623616225,108.0,25.5005,58.17999999999999,5336.97,past,0
2025-02-08 01:00:00,3478.284132841328,108.0,25.5005,58.17999999999999,5571.4,past,0
2025-02-08 02:00:00,2898.570110701107,108.0,25.5005,58.17999999999999,5190.3,past,0
2025-02-08 03:00:00,2898.570110701107,108.0,25.5005,58.17999999999999,5239.299999999999,past,0
2025-02-08 04:00:00,3864.760147601476,108.0,25.5005,58.17999999999999,5375.700000000001,past,0
2025-02-08 05:00:00,6183.616236162361,108.0,25.5005,58.17999999999999,5413.6,past,0
2025-02-08 06:00:00,9855.138376383762,108.0,25.5005,58.17999999999999,5050.5,past,0
2025-02-08 07:00:00,12367.232472324722,108.0,25.5005,58.17999999999999,5595.7,past,0
2025-02-08 08:00:00,13333.422509225093,108.0,25.5005,58.17999999999999,6110.38,past,0
2025-02-08 09:00:00,10821.32841328413,108.0,25.5005,58.17999999999999,6730.52,past,0
2025-02-08 10:00:00,9082.186346863467,108.0,25.5005,58.17999999999999,7585.110000000001,past,0
2025-02-08 11:00:00,8309.234317343173,108.0,25.5005,58.17999999999999,7670.610000000001,past,0
2025-02-08 12:00:00,7922.758302583026,108.0,25.5005,58.17999999999999,7502.46,past,0
2025-02-08 13:00:00,8115.9963099631,108.0,25.5005,58.17999999999999,7448.4,past,0
2025-02-08 14:00:00,8695.71033210332,108.0,25.5005,58.17999999999999,7201.98,past,0
2025-02-08 15:00:00,9855.138376383762,108.0,25.5005,58.17999999999999,7142.32,past,0
2025-02-08 16:00:00,12173.994464944648,108.0,25.5005,58.17999999999999,7116.15,past,0
2025-02-08 17:00:00,14879.326568265682,108.0,25.5005,58.17999999999999,6383.48,past,0
2025-02-08 18:00:00,16038.754612546129,108.0,25.5005,58.17999999999999,5740.96,past,0
2025-02-08 19:00:00,13719.898523985235,108.0,25.5005,58.17999999999999,5711.8,past,0
2025-02-08 20:00:00,10821.32841328413,108.0,25.5005,58.17999999999999,5438.2,past,0
2025-02-08 21:00:00,8502.472324723245,108.0,25.5005,58.17999999999999,5205.5,past,0
2025-02-08 22:00:00,6183.616236162361,108.0,25.5005,58.17999999999999,5290.9,past,0
2025-02-08 23:00:00,5217.426199261992,108.0,25.5005,58.17999999999999,5355.7,past,0
2025-02-09 00:00:00,5745.145756457563,87.0,25.244999999999997,61.79,5596.1,past,0
2025-02-09 01:00:00,4700.573800738007,87.0,25.244999999999997,61.79,5707.3,past,0
2025-02-09 02:00:00,3917.144833948339,87.0,25.244999999999997,61.79,5400.1,past,0
2025-02-09 03:00:00,3917.144833948339,87.0,25.244999999999997,61.79,5384.3,past,0
2025-02-09 04:00:00,5222.859778597786,87.0,25.244999999999997,61.79,5450.9,past,0
2025-02-09 05:00:00,8356.575645756457,87.0,25.244999999999997,61.79,5515.0,past,0
2025-02-09 06:00:00,13318.292435424351,87.0,25.244999999999997,61.79,5036.2,past,0
2025-02-09 07:00:00,16713.151291512913,87.0,25.244999999999997,61.79,5818.4,past,0
2025-02-09 08:00:00,18018.86623616236,87.0,25.244999999999997,61.79,6275.23,past,0
2025-02-09 09:00:00,14624.0073800738,87.0,25.244999999999997,61.79,7376.389999999999,past,0
2025-02-09 10:00:00,12273.720479704796,87.0,25.244999999999997,61.79,7800.06,past,0
2025-02-09 11:00:00,11229.14852398524,87.0,25.244999999999997,61.79,7825.63,past,0
2025-02-09 12:00:00,10706.86254612546,87.0,25.244999999999997,61.79,7729.65,past,0
2025-02-09 13:00:00,10968.005535055352,87.0,25.244999999999997,61.79,7638.19,past,0
2025-02-09 14:00:00,11751.434501845017,87.0,25.244999999999997,61.79,7453.13,past,0
2025-02-09 15:00:00,13318.292435424351,87.0,25.244999999999997,61.79,7391.79,past,0
2025-02-09 16:00:00,16452.008302583024,87.0,25.244999999999997,61.79,7311.56,past,0
2025-02-09 17:00:00,20108.010147601475,87.0,25.244999999999997,61.79,6884.41,past,0
2025-02-09 18:00:00,21674.86808118081,87.0,25.244999999999997,61.79,5940.62,past,0
2025-02-09 19:00:00,18541.152214022135,87.0,25.244999999999997,61.79,5698.5,past,0
2025-02-09 20:00:00,14624.0073800738,87.0,25.244999999999997,61.79,5354.6,past,0
2025-02-09 21:00:00,11490.291512915126,87.0,25.244999999999997,61.79,5095.7,past,0
2025-02-09 22:00:00,8356.575645756457,87.0,25.244999999999997,61.79,5199.9,past,0
2025-02-09 23:00:00,7050.860701107011,87.0,25.244999999999997,61.79,5161.9,past,0
2025-02-10 00:00:00,6013.874538745386,93.0,24.228,66.72999999999999,5410.700000000001,past,0
2025-02-10 01:00:00,4920.442804428043,93.0,24.228,66.72999999999999,5717.6,past,0
2025-02-10 02:00:00,4100.369003690037,93.0,24.228,66.72999999999999,5029.2,past,0
2025-02-10 03:00:00,4100.369003690037,93.0,24.228,66.72999999999999,5463.2,past,0
2025-02-10 04:00:00,5467.158671586716,93.0,24.228,66.72999999999999,5447.7,past,0
2025-02-10 05:00:00,8747.453874538745,93.0,24.228,66.72999999999999,5461.2,past,0
2025-02-10 06:00:00,13941.254612546123,93.0,24.228,66.72999999999999,4871.9,past,0
2025-02-10 07:00:00,17494.90774907749,93.0,24.228,66.72999999999999,5333.400000000001,past,0
2025-02-10 08:00:00,18861.697416974173,93.0,24.228,66.72999999999999,5936.860000000001,past,0
2025-02-10 09:00:00,15308.044280442802,93.0,24.228,66.72999999999999,6549.54,past,0
2025-02-10 10:00:00,12847.822878228782,93.0,24.228,66.72999999999999,7310.360000000001,past,0
2025-02-10 11:00:00,11754.39114391144,93.0,24.228,66.72999999999999,7451.400000000001,past,0
2025-02-10 12:00:00,11207.67527675277,93.0,24.228,66.72999999999999,7480.63,past,0
2025-02-10 13:00:00,11481.033210332103,93.0,24.228,66.72999999999999,7301.09,past,0
2025-02-10 14:00:00,12301.10701107011,93.0,24.228,66.72999999999999,7244.6,past,0
2025-02-10 15:00:00,13941.254612546123,93.0,24.228,66.72999999999999,7002.07,past,0
2025-02-10 16:00:00,17221.549815498158,93.0,24.228,66.72999999999999,6742.009999999999,past,0
2025-02-10 17:00:00,21048.560885608855,93.0,24.228,66.72999999999999,6152.61,past,0
2025-02-10 18:00:00,22688.70848708488,93.0,24.228,66.72999999999999,5508.66,past,0
2025-02-10 19:00:00,19408.41328413284,93.0,24.228,66.72999999999999,5473.200000000001,past,0
2025-02-10 20:00:00,15308.044280442802,93.0,24.228,66.72999999999999,5196.5,past,0
2025-02-10 21:00:00,12027.749077490773,93.0,24.228,66.72999999999999,4972.1,past,0
2025-02-10 22:00:00,8747.453874538745,93.0,24.228,66.72999999999999,5060.799999999999,past,0
2025-02-10 23:00:00,7380.664206642067,93.0,24.228,66.72999999999999,5282.5,past,0
2025-02-11 00:00:00,6685.422509225091,91.0,23.672,66.74,5310.89,past,0
2025-02-11 01:00:00,5469.891143911438,91.0,23.672,66.74,5521.5,past,0
2025-02-11 02:00:00,4558.242619926199,91.0,23.672,66.74,5259.95,past,0
2025-02-11 03:00:00,4558.242619926199,91.0,23.672,66.74,5178.35,past,0
2025-02-11 04:00:00,6077.656826568265,91.0,23.672,66.74,5333.0599999999995,past,0
2025-02-11 05:00:00,9724.250922509224,91.0,23.672,66.74,5231.41,past,0
2025-02-11 06:00:00,15498.024907749075,91.0,23.672,66.74,4944.57,past,0
2025-02-11 07:00:00,19448.50184501845,91.0,23.672,66.74,4677.700000000001,past,0
2025-02-11 08:00:00,20967.91605166052,91.0,23.672,66.74,5209.37,past,0
2025-02-11 09:00:00,17017.43911439114,91.0,23.672,66.74,5960.55,past,0
2025-02-11 10:00:00,14282.493542435424,91.0,23.672,66.74,6863.89,past,0
2025-02-11 11:00:00,13066.962177121772,91.0,23.672,66.74,6910.67,past,0
2025-02-11 12:00:00,12459.196494464948,91.0,23.672,66.74,6661.27,past,0
2025-02-11 13:00:00,12763.079335793362,91.0,23.672,66.74,6613.43,past,0
2025-02-11 14:00:00,13674.727859778595,91.0,23.672,66.74,6427.370000000001,past,0
2025-02-11 15:00:00,15498.024907749075,91.0,23.672,66.74,6072.68,past,0
2025-02-11 16:00:00,19144.619003690037,91.0,23.672,66.74,6012.02,past,0
2025-02-11 17:00:00,23398.97878228782,91.0,23.672,66.74,5603.14,past,0
2025-02-11 18:00:00,25222.27583025831,91.0,23.672,66.74,4466.360000000001,past,0
2025-02-11 19:00:00,21575.68173431734,91.0,23.672,66.74,4779.8,past,0
2025-02-11 20:00:00,17017.43911439114,91.0,23.672,66.74,4567.3,past,0
2025-02-11 21:00:00,13370.845018450182,91.0,23.672,66.74,4420.8,past,0
2025-02-11 22:00:00,9724.250922509224,91.0,23.672,66.74,4582.4,past,0
2025-02-11 23:00:00,8204.836715867159,91.0,23.672,66.74,4688.3,past,0
2025-02-12 00:00:00,6175.464944649445,92.0,23.884500000000003,61.14,4864.6,past,0
2025-02-12 01:00:00,5052.653136531364,92.0,23.884500000000003,61.14,5169.0,past,0
2025-02-12 02:00:00,4210.544280442804,92.0,23.884500000000003,61.14,4923.799999999999,past,0
2025-02-12 03:00:00,4210.544280442804,92.0,23.884500000000003,61.14,4929.3,past,0
2025-02-12 04:00:00,5614.059040590406,92.0,23.884500000000003,61.14,5099.9,past,0
2025-02-12 05:00:00,8982.49446494465,92.0,23.884500000000003,61.14,4978.88,past,0
2025-02-12 06:00:00,14315.850553505534,92.0,23.884500000000003,61.14,4897.4,past,0
2025-02-12 07:00:00,17964.9889298893,92.0,23.884500000000003,61.14,5530.9,past,0
2025-02-12 08:00:00,19368.5036900369,92.0,23.884500000000003,61.14,6076.530000000001,past,0
2025-02-12 09:00:00,15719.365313653134,92.0,23.884500000000003,61.14,6882.06,past,0
2025-02-12 10:00:00,13193.038745387452,92.0,23.884500000000003,61.14,7622.030000000001,past,0
2025-02-12 11:00:00,12070.226937269372,92.0,23.884500000000003,61.14,7462.0,past,0
2025-02-12 12:00:00,11508.821033210332,92.0,23.884500000000003,61.14,7369.63,past,0
2025-02-12 13:00:00,11789.523985239854,92.0,23.884500000000003,61.14,7302.33,past,0
2025-02-12 14:00:00,12631.632841328412,92.0,23.884500000000003,61.14,7151.9,past,0
2025-02-12 15:00:00,14315.850553505534,92.0,23.884500000000003,61.14,7013.93,past,0
2025-02-12 16:00:00,17684.285977859778,92.0,23.884500000000003,61.14,6986.2,past,0
2025-02-12 17:00:00,21614.12730627306,92.0,23.884500000000003,61.14,6468.360000000001,past,0
2025-02-12 18:00:00,23298.345018450185,92.0,23.884500000000003,61.14,5283.5,past,0
2025-02-12 19:00:00,19929.909594095938,92.0,23.884500000000003,61.14,5505.1,past,0
2025-02-12 20:00:00,15719.365313653134,92.0,23.884500000000003,61.14,5240.6,past,0
2025-02-12 21:00:00,12350.92988929889,92.0,23.884500000000003,61.14,5016.8,past,0
2025-02-12 22:00:00,8982.49446494465,92.0,23.884500000000003,61.14,5169.1,past,0
2025-02-12 23:00:00,7578.979704797048,92.0,23.884500000000003,61.14,5119.9,past,0
2025-02-13 00:00:00,5204.948339483393,74.0,23.7645,68.05,5246.4,past,0
2025-02-13 01:00:00,4258.594095940959,74.0,23.7645,68.05,5534.0,past,0
2025-02-13 02:00:00,3548.828413284132,74.0,23.7645,68.05,5215.7,past,0
2025-02-13 03:00:00,3548.828413284132,74.0,23.7645,68.05,5121.1,past,0
2025-02-13 04:00:00,4731.7712177121775,74.0,23.7645,68.05,5415.3,past,0
2025-02-13 05:00:00,7570.833948339483,74.0,23.7645,68.05,5284.1,past,0
2025-02-13 06:00:00,12066.01660516605,74.0,23.7645,68.05,5278.0,past,0
2025-02-13 07:00:00,15141.667896678966,74.0,23.7645,68.05,5605.5,past,0
2025-02-13 08:00:00,16324.61070110701,74.0,23.7645,68.05,6029.4,past,0
2025-02-13 09:00:00,13248.959409594094,74.0,23.7645,68.05,6966.299999999999,past,0
2025-02-13 10:00:00,11119.662361623616,74.0,23.7645,68.05,7623.9,past,0
2025-02-13 11:00:00,10173.30811808118,74.0,23.7645,68.05,7731.7,past,0
2025-02-13 12:00:00,9700.130996309965,74.0,23.7645,68.05,7496.9,past,0
2025-02-13 13:00:00,9936.719557195573,74.0,23.7645,68.05,7176.0,past,0
2025-02-13 14:00:00,10646.485239852396,74.0,23.7645,68.05,7208.4,past,0
2025-02-13 15:00:00,12066.01660516605,74.0,23.7645,68.05,7180.8,past,0
2025-02-13 16:00:00,14905.079335793358,74.0,23.7645,68.05,7150.0,past,0
2025-02-13 17:00:00,18217.31918819188,74.0,23.7645,68.05,6466.400000000001,past,0
2025-02-13 18:00:00,19636.850553505537,74.0,23.7645,68.05,5623.88,past,0
2025-02-13 19:00:00,16797.787822878225,74.0,23.7645,68.05,5635.5,past,0
2025-02-13 20:00:00,13248.959409594094,74.0,23.7645,68.05,5298.5,past,0
2025-02-13 21:00:00,10409.896678966788,74.0,23.7645,68.05,5079.6,past,0
2025-02-13 22:00:00,7570.833948339483,74.0,23.7645,68.05,5175.0,past,0
2025-02-13 23:00:00,6387.891143911439,74.0,23.7645,68.05,5129.0,past,0
2025-02-14 00:00:00,5331.976014760146,78.0,24.2215,67.42999999999999,5395.63,past,0
2025-02-14 01:00:00,4362.5258302583015,78.0,24.2215,67.42999999999999,5568.8,past,0
2025-02-14 02:00:00,3635.4381918819186,78.0,24.2215,67.42999999999999,5214.83,past,0
2025-02-14 03:00:00,3635.4381918819186,78.0,24.2215,67.42999999999999,5315.07,past,0
2025-02-14 04:00:00,4847.250922509225,78.0,24.2215,67.42999999999999,5461.91,past,0
2025-02-14 05:00:00,7755.60147601476,78.0,24.2215,67.42999999999999,5388.43,past,0
2025-02-14 06:00:00,12360.489852398525,78.0,24.2215,67.42999999999999,5355.639999999999,past,0
2025-02-14 07:00:00,15511.20295202952,78.0,24.2215,67.42999999999999,5912.02,past,0
2025-02-14 08:00:00,16723.015682656827,78.0,24.2215,67.42999999999999,6288.91,past,0
2025-02-14 09:00:00,13572.302583025828,78.0,24.2215,67.42999999999999,7347.82,past,0
2025-02-14 10:00:00,11391.039667896675,78.0,24.2215,67.42999999999999,7796.87,past,0
2025-02-14 11:00:00,10421.589483394831,78.0,24.2215,67.42999999999999,7860.29,past,0
2025-02-14 12:00:00,9936.864391143912,78.0,24.2215,67.42999999999999,7624.25,past,0
2025-02-14 13:00:00,10179.226937269374,78.0,24.2215,67.42999999999999,7431.41,past,0
2025-02-14 14:00:00,10906.314575645754,78.0,24.2215,67.42999999999999,7226.35,past,0
2025-02-14 15:00:00,12360.489852398525,78.0,24.2215,67.42999999999999,7293.97,past,0
2025-02-14 16:00:00,15268.84040590406,78.0,24.2215,67.42999999999999,7181.15,past,0
2025-02-14 17:00:00,18661.916051660515,78.0,24.2215,67.42999999999999,6952.4,past,0
2025-02-14 18:00:00,20116.091328413284,78.0,24.2215,67.42999999999999,5877.85,past,0
2025-02-14 19:00:00,17207.740774907747,78.0,24.2215,67.42999999999999,5645.3099999999995,past,0
2025-02-14 20:00:00,13572.302583025828,78.0,24.2215,67.42999999999999,5384.08,past,0
2025-02-14 21:00:00,10663.952029520293,78.0,24.2215,67.42999999999999,5064.6900000000005,past,0
2025-02-14 22:00:00,7755.60147601476,78.0,24.2215,67.42999999999999,5143.48,past,0
2025-02-14 23:00:00,6543.788745387454,78.0,24.2215,67.42999999999999,5437.3099999999995,past,0
2025-02-15 00:00:00,4637.21033210332,75.0,23.948,63.44,5467.1900000000005,past,0
2025-02-15 01:00:00,3794.0811808118074,75.0,23.948,63.44,5555.05,past,0
2025-02-15 02:00:00,3161.734317343173,75.0,23.948,63.44,5329.3,past,0
2025-02-15 03:00:00,3161.734317343173,75.0,23.948,63.44,5228.030000000001,past,0
2025-02-15 04:00:00,4215.645756457565,75.0,23.948,63.44,5466.08,past,0
2025-02-15 05:00:00,6745.033210332103,75.0,23.948,63.44,5121.82,past,0
2025-02-15 06:00:00,10749.896678966788,75.0,23.948,63.44,5054.360000000001,past,0
2025-02-15 07:00:00,13490.066420664209,75.0,23.948,63.44,5754.29,past,0
2025-02-15 08:00:00,14543.977859778595,75.0,23.948,63.44,6270.25,past,0
2025-02-15 09:00:00,11803.80811808118,75.0,23.948,63.44,6686.83,past,0
2025-02-15 10:00:00,9906.767527675276,75.0,23.948,63.44,7571.84,past,0
2025-02-15 11:00:00,9063.638376383764,75.0,23.948,63.44,7667.0,past,0
2025-02-15 12:00:00,8642.073800738008,75.0,23.948,63.44,7517.24,past,0
2025-02-15 13:00:00,8852.856088560886,75.0,23.948,63.44,7316.0,past,0
2025-02-15 14:00:00,9485.202952029518,75.0,23.948,63.44,7222.12,past,0
2025-02-15 15:00:00,10749.896678966788,75.0,23.948,63.44,7229.93,past,0
2025-02-15 16:00:00,13279.284132841329,75.0,23.948,63.44,7085.98,past,0
2025-02-15 17:00:00,16230.236162361623,75.0,23.948,63.44,6602.02,past,0
2025-02-15 18:00:00,17494.929889298895,75.0,23.948,63.44,5742.200000000001,past,0
2025-02-15 19:00:00,14965.542435424351,75.0,23.948,63.44,5548.6,past,0
2025-02-15 20:00:00,11803.80811808118,75.0,23.948,63.44,5291.0199999999995,past,0
2025-02-15 21:00:00,9274.42066420664,75.0,23.948,63.44,4994.87,past,0
2025-02-15 22:00:00,6745.033210332103,75.0,23.948,63.44,5161.71,past,0
2025-02-15 23:00:00,5691.121771217712,75.0,23.948,63.44,5026.01,past,0
2025-02-16 00:00:00,5450.41881918819,83.0,23.797,64.45,5302.0,past,0
2025-02-16 01:00:00,4459.433579335792,83.0,23.797,64.45,5338.82,past,0
2025-02-16 02:00:00,3716.194649446494,83.0,23.797,64.45,5164.130000000001,past,0
2025-02-16 03:00:00,3716.194649446494,83.0,23.797,64.45,5298.33,past,0
2025-02-16 04:00:00,4954.926199261992,83.0,23.797,64.45,5274.82,past,0
2025-02-16 05:00:00,7927.881918819188,83.0,23.797,64.45,5472.4800000000005,past,0
2025-02-16 06:00:00,12635.06180811808,83.0,23.797,64.45,5262.96,past,0
2025-02-16 07:00:00,15855.763837638377,83.0,23.797,64.45,5973.119999999999,past,0
2025-02-16 08:00:00,17094.495387453873,83.0,23.797,64.45,6434.470000000001,past,0
2025-02-16 09:00:00,13873.79335793358,83.0,23.797,64.45,6979.62,past,0
2025-02-16 10:00:00,11644.076568265682,83.0,23.797,64.45,7825.93,past,0
2025-02-16 11:00:00,10653.091328413284,83.0,23.797,64.45,7632.859999999999,past,0
2025-02-16 12:00:00,10157.598708487085,83.0,23.797,64.45,7689.94,past,0
2025-02-16 13:00:00,10405.345018450183,83.0,23.797,64.45,7434.610000000001,past,0
2025-02-16 14:00:00,11148.58394833948,83.0,23.797,64.45,7218.099999999999,past,0
2025-02-16 15:00:00,12635.06180811808,83.0,23.797,64.45,7130.41,past,0
2025-02-16 16:00:00,15608.017527675276,83.0,23.797,64.45,7013.84,past,0
2025-02-16 17:00:00,19076.46586715867,83.0,23.797,64.45,6718.0,past,0
2025-02-16 18:00:00,20562.943726937272,83.0,23.797,64.45,5541.36,past,0
2025-02-16 19:00:00,17589.98800738007,83.0,23.797,64.45,5585.43,past,0
2025-02-16 20:00:00,13873.79335793358,83.0,23.797,64.45,5381.96,past,0
2025-02-16 21:00:00,10900.83763837638,83.0,23.797,64.45,5109.280000000001,past,0
2025-02-16 22:00:00,7927.881918819188,83.0,23.797,64.45,5213.87,past,0
2025-02-16 23:00:00,6689.15036900369,83.0,23.797,64.45,5099.76,past,0
2025-02-17 00:00:00,7176.769372693725,81.0,24.757,57.14,5408.18,past,0
2025-02-17 01:00:00,5871.90221402214,81.0,24.757,57.14,5511.5599999999995,past,0
2025-02-17 02:00:00,4893.25184501845,81.0,24.757,57.14,5337.34,past,0
2025-02-17 03:00:00,4893.25184501845,81.0,24.757,57.14,5291.11,past,0
2025-02-17 04:00:00,6524.335793357934,81.0,24.757,57.14,5368.46,past,0
2025-02-17 05:00:00,10438.937269372696,81.0,24.757,57.14,4997.18,past,0
2025-02-17 06:00:00,16637.05627306273,81.0,24.757,57.14,4836.799999999999,past,0
2025-02-17 07:00:00,20877.87453874539,81.0,24.757,57.14,5276.9,past,0
2025-02-17 08:00:00,22508.95848708487,81.0,24.757,57.14,5867.43,past,0
2025-02-17 09:00:00,18268.140221402213,81.0,24.757,57.14,6563.65,past,0
2025-02-17 10:00:00,15332.189114391143,81.0,24.757,57.14,7352.289999999999,past,0
2025-02-17 11:00:00,14027.32195571956,81.0,24.757,57.14,7410.66,past,0
2025-02-17 12:00:00,13374.888376383768,81.0,24.757,57.14,7242.79,past,0
2025-02-17 13:00:00,13701.105166051664,81.0,24.757,57.14,7115.92,past,0
2025-02-17 14:00:00,14679.755535055348,81.0,24.757,57.14,6812.039999999999,past,0
2025-02-17 15:00:00,16637.05627306273,81.0,24.757,57.14,6732.860000000001,past,0
2025-02-17 16:00:00,20551.65774907749,81.0,24.757,57.14,6769.289999999999,past,0
2025-02-17 17:00:00,25118.692804428043,81.0,24.757,57.14,6183.73,past,0
2025-02-17 18:00:00,27075.99354243543,81.0,24.757,57.14,5188.97,past,0
2025-02-17 19:00:00,23161.39206642066,81.0,24.757,57.14,5439.93,past,0
2025-02-17 20:00:00,18268.140221402213,81.0,24.757,57.14,5202.61,past,0
2025-02-17 21:00:00,14353.53874538745,81.0,24.757,57.14,5059.34,past,0
2025-02-17 22:00:00,10438.937269372696,81.0,24.757,57.14,5087.709999999999,past,0
2025-02-17 23:00:00,8807.853321033212,81.0,24.757,57.14,5117.099999999999,past,0
2025-02-18 00:00:00,5893.889298892987,79.0,25.170500000000004,58.61,5329.2,past,0
2025-02-18 01:00:00,4822.273062730626,79.0,25.170500000000004,58.61,5472.9,past,0
2025-02-18 02:00:00,4018.560885608856,79.0,25.170500000000004,58.61,5272.8,past,0
2025-02-18 03:00:00,4018.560885608856,79.0,25.170500000000004,58.61,5214.71,past,0
2025-02-18 04:00:00,5358.081180811808,79.0,25.170500000000004,58.61,5320.799999999999,past,0
2025-02-18 05:00:00,8572.929889298894,79.0,25.170500000000004,58.61,5271.3,past,0
2025-02-18 06:00:00,13663.107011070111,79.0,25.170500000000004,58.61,4803.8,past,0
2025-02-18 07:00:00,17145.859778597787,79.0,25.170500000000004,58.61,4766.400000000001,past,0
2025-02-18 08:00:00,18485.38007380074,79.0,25.170500000000004,58.61,5204.0599999999995,past,0
2025-02-18 09:00:00,15002.627306273062,79.0,25.170500000000004,58.61,6199.66,past,0
2025-02-18 10:00:00,12591.49077490775,79.0,25.170500000000004,58.61,6708.12,past,0
2025-02-18 11:00:00,11519.87453874539,79.0,25.170500000000004,58.61,6954.11,past,0
2025-02-18 12:00:00,10984.066420664209,79.0,25.170500000000004,58.61,6778.4,past,0
2025-02-18 13:00:00,11251.9704797048,79.0,25.170500000000004,58.61,6680.48,past,0
2025-02-18 14:00:00,12055.682656826566,79.0,25.170500000000004,58.61,6459.21,past,0
2025-02-18 15:00:00,13663.107011070111,79.0,25.170500000000004,58.61,6112.65,past,0
2025-02-18 16:00:00,16877.955719557198,79.0,25.170500000000004,58.61,5882.34,past,0
2025-02-18 17:00:00,20628.61254612546,79.0,25.170500000000004,58.61,5294.84,past,0
2025-02-18 18:00:00,22236.03690036901,79.0,25.170500000000004,58.61,4405.4,past,0
2025-02-18 19:00:00,19021.188191881916,79.0,25.170500000000004,58.61,4707.5,past,0
2025-02-18 20:00:00,15002.627306273062,79.0,25.170500000000004,58.61,4567.4800000000005,past,0
2025-02-18 21:00:00,11787.778597785977,79.0,25.170500000000004,58.61,4401.1,past,0
2025-02-18 22:00:00,8572.929889298894,79.0,25.170500000000004,58.61,4666.1,past,0
2025-02-18 23:00:00,7233.409594095941,79.0,25.170500000000004,58.61,4691.2,past,0
2025-02-19 00:00:00,6767.577490774906,77.0,25.019999999999996,59.81,4901.2,past,0
2025-02-19 01:00:00,5537.10885608856,77.0,25.019999999999996,59.81,5253.1,past,0
2025-02-19 02:00:00,4614.2573800738,77.0,25.019999999999996,59.81,4968.6,past,0
2025-02-19 03:00:00,4614.2573800738,77.0,25.019999999999996,59.81,4908.1,past,0
2025-02-19 04:00:00,6152.343173431735,77.0,25.019999999999996,59.81,5074.5,past,0
2025-02-19 05:00:00,9843.749077490776,77.0,25.019999999999996,59.81,4973.8,past,0
2025-02-19 06:00:00,15688.47509225092,77.0,25.019999999999996,59.81,4874.5,past,0
2025-02-19 07:00:00,19687.49815498155,77.0,25.019999999999996,59.81,5473.530000000001,past,0
2025-02-19 08:00:00,21225.58394833948,77.0,25.019999999999996,59.81,6216.85,past,0
2025-02-19 09:00:00,17226.560885608855,77.0,25.019999999999996,59.81,7208.15,past,0
2025-02-19 10:00:00,14458.006457564574,77.0,25.019999999999996,59.81,7680.36,past,0
2025-02-19 11:00:00,13227.537822878228,77.0,25.019999999999996,59.81,7713.799999999999,past,0
2025-02-19 12:00:00,12612.303505535056,77.0,25.019999999999996,59.81,7591.63,past,0
2025-02-19 13:00:00,12919.920664206644,77.0,25.019999999999996,59.81,7450.35,past,0
2025-02-19 14:00:00,13842.7721402214,77.0,25.019999999999996,59.81,7351.07,past,0
2025-02-19 15:00:00,15688.47509225092,77.0,25.019999999999996,59.81,7191.389999999999,past,0
2025-02-19 16:00:00,19379.880996309963,77.0,25.019999999999996,59.81,7192.540000000001,past,0
2025-02-19 17:00:00,23686.521217712176,77.0,25.019999999999996,59.81,6572.51,past,0
2025-02-19 18:00:00,25532.224169741698,77.0,25.019999999999996,59.81,5515.38,past,0
2025-02-19 19:00:00,21840.818265682658,77.0,25.019999999999996,59.81,5674.599999999999,past,0
2025-02-19 20:00:00,17226.560885608855,77.0,25.019999999999996,59.81,5454.400000000001,past,0
2025-02-19 21:00:00,13535.154981549813,77.0,25.019999999999996,59.81,5147.599999999999,past,0
2025-02-19 22:00:00,9843.749077490776,77.0,25.019999999999996,59.81,5249.1,past,0
2025-02-19 23:00:00,8305.663284132841,77.0,25.019999999999996,59.81,5348.2,past,0
2025-02-20 00:00:00,7199.845018450183,114.0,25.630000000000003,59.67,5488.1,past,0
2025-02-20 01:00:00,5890.782287822877,114.0,25.630000000000003,59.67,5748.700000000001,past,0
2025-02-20 02:00:00,4908.985239852398,114.0,25.630000000000003,59.67,5426.0,past,0
2025-02-20 03:00:00,4908.985239852398,114.0,25.630000000000003,59.67,5348.1,past,0
2025-02-20 04:00:00,6545.313653136532,114.0,25.630000000000003,59.67,5516.7,past,0
2025-02-20 05:00:00,10472.50184501845,114.0,25.630000000000003,59.67,5483.3,past,0
2025-02-20 06:00:00,16690.549815498154,114.0,25.630000000000003,59.67,5225.2,past,0
2025-02-20 07:00:00,20945.0036900369,114.0,25.630000000000003,59.67,5668.73,past,0
2025-02-20 08:00:00,22581.33210332103,114.0,25.630000000000003,59.67,6318.299999999999,past,0
2025-02-20 09:00:00,18326.878228782287,114.0,25.630000000000003,59.67,7254.81,past,0
2025-02-20 10:00:00,15381.487084870849,114.0,25.630000000000003,59.67,7850.98,past,0
2025-02-20 11:00:00,14072.424354243542,114.0,25.630000000000003,59.67,7729.41,past,0
2025-02-20 12:00:00,13417.892988929889,114.0,25.630000000000003,59.67,7545.31,past,0
2025-02-20 13:00:00,13745.158671586716,114.0,25.630000000000003,59.67,7411.53,past,0
2025-02-20 14:00:00,14726.955719557192,114.0,25.630000000000003,59.67,7347.27,past,0
2025-02-20 15:00:00,16690.549815498154,114.0,25.630000000000003,59.67,7263.38,past,0
2025-02-20 16:00:00,20617.73800738007,114.0,25.630000000000003,59.67,7301.39,past,0
2025-02-20 17:00:00,25199.457564575645,114.0,25.630000000000003,59.67,6671.53,past,0
2025-02-20 18:00:00,27163.051660516605,114.0,25.630000000000003,59.67,5817.16,past,0
2025-02-20 19:00:00,23235.86346863468,114.0,25.630000000000003,59.67,5772.9,past,0
2025-02-20 20:00:00,18326.878228782287,114.0,25.630000000000003,59.67,5555.0,past,0
2025-02-20 21:00:00,14399.690036900363,114.0,25.630000000000003,59.67,5318.0,past,0
2025-02-20 22:00:00,10472.50184501845,114.0,25.630000000000003,59.67,5586.5,past,0
2025-02-20 23:00:00,8836.173431734316,114.0,25.630000000000003,59.67,5393.2,past,0
2025-02-21 00:00:00,6822.638376383762,103.0,25.9165,63.46,5613.4,past,0
2025-02-21 01:00:00,5582.158671586715,103.0,25.9165,63.46,5802.9,past,0
2025-02-21 02:00:00,4651.798892988929,103.0,25.9165,63.46,5376.0,past,0
2025-02-21 03:00:00,4651.798892988929,103.0,25.9165,63.46,5339.0,past,0
2025-02-21 04:00:00,6202.39852398524,103.0,25.9165,63.46,5553.4,past,0
2025-02-21 05:00:00,9923.837638376384,103.0,25.9165,63.46,5471.2,past,0
2025-02-21 06:00:00,15816.11623616236,103.0,25.9165,63.46,5213.3,past,0
2025-02-21 07:00:00,19847.67527675277,103.0,25.9165,63.46,5969.73,past,0
2025-02-21 08:00:00,21398.274907749077,103.0,25.9165,63.46,6449.86,past,0
2025-02-21 09:00:00,17366.71586715867,103.0,25.9165,63.46,6914.82,past,0
2025-02-21 10:00:00,14575.636531365311,103.0,25.9165,63.46,7851.13,past,0
2025-02-21 11:00:00,13335.156826568264,103.0,25.9165,63.46,7794.42,past,0
2025-02-21 12:00:00,12714.916974169742,103.0,25.9165,63.46,7767.23,past,0
2025-02-21 13:00:00,13025.036900369005,103.0,25.9165,63.46,7587.58,past,0
2025-02-21 14:00:00,13955.396678966788,103.0,25.9165,63.46,7333.36,past,0
2025-02-21 15:00:00,15816.11623616236,103.0,25.9165,63.46,7345.55,past,0
2025-02-21 16:00:00,19537.555350553503,103.0,25.9165,63.46,7118.84,past,0
2025-02-21 17:00:00,23879.234317343173,103.0,25.9165,63.46,6649.77,past,0
2025-02-21 18:00:00,25739.953874538747,103.0,25.9165,63.46,6010.63,past,0
2025-02-21 19:00:00,22018.5147601476,103.0,25.9165,63.46,5822.7,past,0
2025-02-21 20:00:00,17366.71586715867,103.0,25.9165,63.46,5534.8,past,0
2025-02-21 21:00:00,13645.276752767524,103.0,25.9165,63.46,5369.7,past,0
2025-02-21 22:00:00,9923.837638376384,103.0,25.9165,63.46,5580.0,past,0
2025-02-21 23:00:00,8373.238007380074,103.0,25.9165,63.46,5575.0,past,0
2025-02-22 00:00:00,6434.71586715867,110.0,26.3305,60.379999999999995,5641.3,past,0
2025-02-22 01:00:00,5264.767527675276,110.0,26.3305,60.379999999999995,5760.0,past,0
2025-02-22 02:00:00,4387.30627306273,110.0,26.3305,60.379999999999995,5491.1,past,0
2025-02-22 03:00:00,4387.30627306273,110.0,26.3305,60.379999999999995,5311.16,past,0
2025-02-22 04:00:00,5849.741697416974,110.0,26.3305,60.379999999999995,5535.56,past,0
2025-02-22 05:00:00,9359.58671586716,110.0,26.3305,60.379999999999995,5434.97,past,0
2025-02-22 06:00:00,14916.841328413282,110.0,26.3305,60.379999999999995,4997.49,past,0
2025-02-22 07:00:00,18719.17343173432,110.0,26.3305,60.379999999999995,5780.45,past,0
2025-02-22 08:00:00,20181.60885608856,110.0,26.3305,60.379999999999995,6421.889999999999,past,0
2025-02-22 09:00:00,16379.276752767526,110.0,26.3305,60.379999999999995,7055.07,past,0
2025-02-22 10:00:00,13746.892988929889,110.0,26.3305,60.379999999999995,7718.87,past,0
2025-02-22 11:00:00,12576.944649446494,110.0,26.3305,60.379999999999995,7836.46,past,0
2025-02-22 12:00:00,11991.970479704798,110.0,26.3305,60.379999999999995,7575.679999999999,past,0
2025-02-22 13:00:00,12284.457564575649,110.0,26.3305,60.379999999999995,7442.19,past,0
2025-02-22 14:00:00,13161.91881918819,110.0,26.3305,60.379999999999995,7296.56,past,0
2025-02-22 15:00:00,14916.841328413282,110.0,26.3305,60.379999999999995,7303.82,past,0
2025-02-22 16:00:00,18426.68634686347,110.0,26.3305,60.379999999999995,7190.05,past,0
2025-02-22 17:00:00,22521.50553505535,110.0,26.3305,60.379999999999995,6955.86,past,0
2025-02-22 18:00:00,24276.428044280445,110.0,26.3305,60.379999999999995,6160.08,past,0
2025-02-22 19:00:00,20766.583025830256,110.0,26.3305,60.379999999999995,5772.8,past,0
2025-02-22 20:00:00,16379.276752767526,110.0,26.3305,60.379999999999995,5625.2,past,0
2025-02-22 21:00:00,12869.43173431734,110.0,26.3305,60.379999999999995,5326.8,past,0
2025-02-22 22:00:00,9359.58671586716,110.0,26.3305,60.379999999999995,5698.700000000001,past,0
2025-02-22 23:00:00,7897.151291512915,110.0,26.3305,60.379999999999995,5490.3,past,0
2025-02-23 00:00:00,6231.7435424354235,103.0,26.5605,60.010000000000005,5472.2,past,0
2025-02-23 01:00:00,5098.699261992619,103.0,26.5605,60.010000000000005,5696.0,past,0
2025-02-23 02:00:00,4248.916051660516,103.0,26.5605,60.010000000000005,5365.4,past,0
2025-02-23 03:00:00,4248.916051660516,103.0,26.5605,60.010000000000005,5268.5,past,0
2025-02-23 04:00:00,5665.221402214022,103.0,26.5605,60.010000000000005,5545.7,past,0
2025-02-23 05:00:00,9064.354243542435,103.0,26.5605,60.010000000000005,5671.9,past,0
2025-02-23 06:00:00,14446.314575645754,103.0,26.5605,60.010000000000005,5352.8,past,0
2025-02-23 07:00:00,18128.70848708487,103.0,26.5605,60.010000000000005,6031.7,past,0
2025-02-23 08:00:00,19545.013837638377,103.0,26.5605,60.010000000000005,6524.92,past,0
2025-02-23 09:00:00,15862.61992619926,103.0,26.5605,60.010000000000005,7507.35,past,0
2025-02-23 10:00:00,13313.27029520295,103.0,26.5605,60.010000000000005,7981.139999999999,past,0
2025-02-23 11:00:00,12180.226014760146,103.0,26.5605,60.010000000000005,8000.58,past,0
2025-02-23 12:00:00,11613.703874538744,103.0,26.5605,60.010000000000005,7632.59,past,0
2025-02-23 13:00:00,11896.964944649448,103.0,26.5605,60.010000000000005,7595.889999999999,past,0
2025-02-23 14:00:00,12746.748154981547,103.0,26.5605,60.010000000000005,7543.73,past,0
2025-02-23 15:00:00,14446.314575645754,103.0,26.5605,60.010000000000005,7211.42,past,0
2025-02-23 16:00:00,17845.44741697417,103.0,26.5605,60.010000000000005,7418.47,past,0
2025-02-23 17:00:00,21811.102398523984,103.0,26.5605,60.010000000000005,6999.13,past,0
2025-02-23 18:00:00,23510.66881918819,103.0,26.5605,60.010000000000005,6162.6900000000005,past,0
2025-02-23 19:00:00,20111.535977859778,103.0,26.5605,60.010000000000005,6019.7,past,0
2025-02-23 20:00:00,15862.61992619926,103.0,26.5605,60.010000000000005,5627.6,past,0
2025-02-23 21:00:00,12463.487084870849,103.0,26.5605,60.010000000000005,5378.0,past,0
2025-02-23 22:00:00,9064.354243542435,103.0,26.5605,60.010000000000005,5505.5,past,0
2025-02-23 23:00:00,7648.04889298893,103.0,26.5605,60.010000000000005,5581.5,past,0
2025-02-24 00:00:00,4658.6420664206635,88.0,26.0365,64.13,5708.86,past,0
2025-02-24 01:00:00,3811.616236162361,88.0,26.0365,64.13,5872.99,past,0
2025-02-24 02:00:00,3176.346863468634,88.0,26.0365,64.13,5480.6,past,0
2025-02-24 03:00:00,3176.346863468634,88.0,26.0365,64.13,5470.85,past,0
2025-02-24 04:00:00,4235.129151291513,88.0,26.0365,64.13,5662.7,past,0
2025-02-24 05:00:00,6776.206642066421,88.0,26.0365,64.13,5637.04,past,0
2025-02-24 06:00:00,10799.579335793358,88.0,26.0365,64.13,5421.78,past,0
2025-02-24 07:00:00,13552.413284132845,88.0,26.0365,64.13,5649.0599999999995,past,0
2025-02-24 08:00:00,14611.195571955725,88.0,26.0365,64.13,6088.7699999999995,past,0
2025-02-24 09:00:00,11858.361623616234,88.0,26.0365,64.13,7162.65,past,0
2025-02-24 10:00:00,9952.553505535056,88.0,26.0365,64.13,7558.06,past,0
2025-02-24 11:00:00,9105.527675276751,88.0,26.0365,64.13,7617.969999999999,past,0
2025-02-24 12:00:00,8682.014760147604,88.0,26.0365,64.13,7337.31,past,0
2025-02-24 13:00:00,8893.77121771218,88.0,26.0365,64.13,7478.87,past,0
2025-02-24 14:00:00,9529.040590405904,88.0,26.0365,64.13,7412.07,past,0
2025-02-24 15:00:00,10799.579335793358,88.0,26.0365,64.13,7238.72,past,0
2025-02-24 16:00:00,13340.656826568267,88.0,26.0365,64.13,7122.12,past,0
2025-02-24 17:00:00,16305.247232472324,88.0,26.0365,64.13,6521.18,past,0
2025-02-24 18:00:00,17575.78597785978,88.0,26.0365,64.13,5500.139999999999,past,0
2025-02-24 19:00:00,15034.708487084868,88.0,26.0365,64.13,5621.66,past,0
2025-02-24 20:00:00,11858.361623616234,88.0,26.0365,64.13,5321.42,past,0
2025-02-24 21:00:00,9317.284132841329,88.0,26.0365,64.13,5186.66,past,0
2025-02-24 22:00:00,6776.206642066421,88.0,26.0365,64.13,5394.29,past,0
2025-02-24 23:00:00,5717.424354243543,88.0,26.0365,64.13,5462.59,past,0
2025-02-25 00:00:00,6843.339483394832,79.0,25.761000000000003,64.89,5621.3,past,0
2025-02-25 01:00:00,5599.095940959409,79.0,25.761000000000003,64.89,5865.1,past,0
2025-02-25 02:00:00,4665.913284132841,79.0,25.761000000000003,64.89,5607.2,past,0
2025-02-25 03:00:00,4665.913284132841,79.0,25.761000000000003,64.89,5494.5,past,0
2025-02-25 04:00:00,6221.217712177122,79.0,25.761000000000003,64.89,5559.0,past,0
2025-02-25 05:00:00,9953.948339483395,79.0,25.761000000000003,64.89,5301.9,past,0
2025-02-25 06:00:00,15864.10516605166,79.0,25.761000000000003,64.89,5177.2,past,0
2025-02-25 07:00:00,19907.89667896679,79.0,25.761000000000003,64.89,5004.36,past,0
2025-02-25 08:00:00,21463.201107011075,79.0,25.761000000000003,64.89,5483.66,past,0
2025-02-25 09:00:00,17419.409594095938,79.0,25.761000000000003,64.89,6416.0,past,0
2025-02-25 10:00:00,14619.861623616238,79.0,25.761000000000003,64.89,6689.24,past,0
2025-02-25 11:00:00,13375.618081180814,79.0,25.761000000000003,64.89,6593.5199999999995,past,0
2025-02-25 12:00:00,12753.496309963102,79.0,25.761000000000003,64.89,6625.75,past,0
2025-02-25 13:00:00,13064.55719557196,79.0,25.761000000000003,64.89,6645.19,past,0
2025-02-25 14:00:00,13997.73985239852,79.0,25.761000000000003,64.89,6324.29,past,0
2025-02-25 15:00:00,15864.10516605166,79.0,25.761000000000003,64.89,6315.52,past,0
2025-02-25 16:00:00,19596.835793357935,79.0,25.761000000000003,64.89,6177.8099999999995,past,0
2025-02-25 17:00:00,23951.688191881916,79.0,25.761000000000003,64.89,5743.69,past,0
2025-02-25 18:00:00,25818.053505535063,79.0,25.761000000000003,64.89,4794.63,past,0
2025-02-25 19:00:00,22085.322878228777,79.0,25.761000000000003,64.89,5116.6,past,0
2025-02-25 20:00:00,17419.409594095938,79.0,25.761000000000003,64.89,4899.7,past,0
2025-02-25 21:00:00,13686.678966789665,79.0,25.761000000000003,64.89,4697.8,past,0
2025-02-25 22:00:00,9953.948339483395,79.0,25.761000000000003,64.89,4924.7,past,0
2025-02-25 23:00:00,8398.643911439116,79.0,25.761000000000003,64.89,4941.3,past,0
2025-02-26 00:00:00,5779.891143911438,65.0,24.4895,68.22999999999999,5098.1,past,0
2025-02-26 01:00:00,4729.00184501845,65.0,24.4895,68.22999999999999,5429.99,past,0
2025-02-26 02:00:00,3940.834870848708,65.0,24.4895,68.22999999999999,5142.63,past,0
2025-02-26 03:00:00,3940.834870848708,65.0,24.4895,68.22999999999999,5166.23,past,0
2025-02-26 04:00:00,5254.446494464944,65.0,24.4895,68.22999999999999,5392.89,past,0
2025-02-26 05:00:00,8407.11439114391,65.0,24.4895,68.22999999999999,5395.57,past,0
2025-02-26 06:00:00,13398.838560885608,65.0,24.4895,68.22999999999999,5356.86,past,0
2025-02-26 07:00:00,16814.22878228782,65.0,24.4895,68.22999999999999,5405.76,past,0
2025-02-26 08:00:00,18127.84040590406,65.0,24.4895,68.22999999999999,6259.94,past,0
2025-02-26 09:00:00,14712.450184501844,65.0,24.4895,68.22999999999999,7185.459999999999,past,0
2025-02-26 10:00:00,12347.94926199262,65.0,24.4895,68.22999999999999,7447.53,past,0
2025-02-26 11:00:00,11297.05996309963,65.0,24.4895,68.22999999999999,7563.37,past,0
2025-02-26 12:00:00,10771.615313653136,65.0,24.4895,68.22999999999999,7498.45,past,0
2025-02-26 13:00:00,11034.337638376384,65.0,24.4895,68.22999999999999,7306.25,past,0
2025-02-26 14:00:00,11822.504612546123,65.0,24.4895,68.22999999999999,7315.98,past,0
2025-02-26 15:00:00,13398.838560885608,65.0,24.4895,68.22999999999999,7151.030000000001,past,0
2025-02-26 16:00:00,16551.506457564574,65.0,24.4895,68.22999999999999,7120.25,past,0
2025-02-26 17:00:00,20229.619003690037,65.0,24.4895,68.22999999999999,6578.8099999999995,past,0
2025-02-26 18:00:00,21805.95295202952,65.0,24.4895,68.22999999999999,5601.2,past,0
2025-02-26 19:00:00,18653.28505535055,65.0,24.4895,68.22999999999999,5736.07,past,0
2025-02-26 20:00:00,14712.450184501844,65.0,24.4895,68.22999999999999,5486.79,past,0
2025-02-26 21:00:00,11559.782287822876,65.0,24.4895,68.22999999999999,5238.31,past,0
2025-02-26 22:00:00,8407.11439114391,65.0,24.4895,68.22999999999999,5369.01,past,0
2025-02-26 23:00:00,7093.502767527675,65.0,24.4895,68.22999999999999,5415.8,past,0
2025-02-27 00:00:00,3073.8099630996303,79.0,24.6835,68.03,5344.01,past,0
2025-02-27 01:00:00,2514.935424354243,79.0,24.6835,68.03,5716.71,past,0
2025-02-27 02:00:00,2095.7795202952025,79.0,24.6835,68.03,5492.32,past,0
2025-02-27 03:00:00,2095.7795202952025,79.0,24.6835,68.03,5351.129999999999,past,0
2025-02-27 04:00:00,2794.372693726937,79.0,24.6835,68.03,5511.51,past,0
2025-02-27 05:00:00,4470.9963099630995,79.0,24.6835,68.03,5721.7699999999995,past,0
2025-02-27 06:00:00,7125.650369003689,79.0,24.6835,68.03,4998.6,past,0
2025-02-27 07:00:00,8941.992619926199,79.0,24.6835,68.03,5818.160000000001,past,0
2025-02-27 08:00:00,9640.585793357934,79.0,24.6835,68.03,6258.950000000001,past,0
2025-02-27 09:00:00,7824.243542435424,79.0,24.6835,68.03,6702.27,past,0
2025-02-27 10:00:00,6566.7758302583015,79.0,24.6835,68.03,7607.59,past,0
2025-02-27 11:00:00,6007.901291512915,79.0,24.6835,68.03,7682.07,past,0
2025-02-27 12:00:00,5728.4640221402215,79.0,24.6835,68.03,7491.44,past,0
2025-02-27 13:00:00,5868.182656826569,79.0,24.6835,68.03,7265.41,past,0
2025-02-27 14:00:00,6287.338560885608,79.0,24.6835,68.03,7066.04,past,0
2025-02-27 15:00:00,7125.650369003689,79.0,24.6835,68.03,7191.26,past,0
2025-02-27 16:00:00,8802.273985239852,79.0,24.6835,68.03,7031.6,past,0
2025-02-27 17:00:00,10758.334870848708,79.0,24.6835,68.03,6693.85,past,0
2025-02-27 18:00:00,11596.64667896679,79.0,24.6835,68.03,5760.63,past,0
2025-02-27 19:00:00,9920.023062730625,79.0,24.6835,68.03,5736.639999999999,past,0
2025-02-27 20:00:00,7824.243542435424,79.0,24.6835,68.03,5485.46,past,0
2025-02-27 21:00:00,6147.619926199261,79.0,24.6835,68.03,5180.28,past,0
2025-02-27 22:00:00,4470.9963099630995,79.0,24.6835,68.03,5332.48,past,0
2025-02-27 23:00:00,3772.403136531366,79.0,24.6835,68.03,5404.73,past,0
2025-02-28 00:00:00,5681.9464944649435,73.0,25.3895,60.629999999999995,5844.4,past,0
2025-02-28 01:00:00,4648.865313653136,73.0,25.3895,60.629999999999995,5844.9,past,0
2025-02-28 02:00:00,3874.05442804428,73.0,25.3895,60.629999999999995,5523.3,past,0
2025-02-28 03:00:00,3874.05442804428,73.0,25.3895,60.629999999999995,5367.4,past,0
2025-02-28 04:00:00,5165.405904059041,73.0,25.3895,60.629999999999995,5670.6,past,0
2025-02-28 05:00:00,8264.649446494464,73.0,25.3895,60.629999999999995,5747.1,past,0
2025-02-28 06:00:00,13171.785055350552,73.0,25.3895,60.629999999999995,5171.200000000001,past,0
2025-02-28 07:00:00,16529.29889298893,73.0,25.3895,60.629999999999995,6129.4,past,0
2025-02-28 08:00:00,17820.650369003688,73.0,25.3895,60.629999999999995,6487.91,past,0
2025-02-28 09:00:00,14463.136531365311,73.0,25.3895,60.629999999999995,7311.76,past,0
2025-02-28 10:00:00,12138.703874538744,73.0,25.3895,60.629999999999995,7597.530000000001,past,0
2025-02-28 11:00:00,11105.622693726937,73.0,25.3895,60.629999999999995,7693.11,past,0
2025-02-28 12:00:00,10589.082103321034,73.0,25.3895,60.629999999999995,7501.139999999999,past,0
2025-02-28 13:00:00,10847.352398523986,73.0,25.3895,60.629999999999995,7091.799999999999,past,0
2025-02-28 14:00:00,11622.16328413284,73.0,25.3895,60.629999999999995,6881.48,past,0
2025-02-28 15:00:00,13171.785055350552,73.0,25.3895,60.629999999999995,6888.469999999999,past,0
2025-02-28 16:00:00,16271.028597785977,73.0,25.3895,60.629999999999995,7006.38,past,0
2025-02-28 17:00:00,19886.812730627305,73.0,25.3895,60.629999999999995,6593.62,past,0
2025-02-28 18:00:00,21436.43450184502,73.0,25.3895,60.629999999999995,5717.16,past,0
2025-02-28 19:00:00,18337.19095940959,73.0,25.3895,60.629999999999995,5748.7,past,0
2025-02-28 20:00:00,14463.136531365311,73.0,25.3895,60.629999999999995,5476.2,past,0
2025-02-28 21:00:00,11363.892988929889,73.0,25.3895,60.629999999999995,5202.2,past,0
2025-02-28 22:00:00,8264.649446494464,73.0,25.3895,60.629999999999995,5313.4,past,0
2025-02-28 23:00:00,6973.297970479704,73.0,25.3895,60.629999999999995,5384.0,past,0
2025-02-28 00:00:00,5330.5553505535045,73.0,25.208,58.91,5517.6,past,0
2025-02-28 01:00:00,4361.363468634686,73.0,25.208,58.91,5696.42,past,0
2025-02-28 02:00:00,3634.4695571955713,73.0,25.208,58.91,5360.8099999999995,past,0
2025-02-28 03:00:00,3634.4695571955713,73.0,25.208,58.91,5535.58,past,0
2025-02-28 04:00:00,4845.959409594096,73.0,25.208,58.91,5559.75,past,0
2025-02-28 05:00:00,7753.535055350553,73.0,25.208,58.91,5630.17,past,0
2025-02-28 06:00:00,12357.196494464944,73.0,25.208,58.91,5438.76,past,0
2025-02-28 07:00:00,15507.070110701106,73.0,25.208,58.91,5727.799999999999,past,0
2025-02-28 08:00:00,16718.55996309963,73.0,25.208,58.91,6295.59,past,0
2025-02-28 09:00:00,13568.686346863467,73.0,25.208,58.91,7438.400000000001,past,0
2025-02-28 10:00:00,11388.004612546123,73.0,25.208,58.91,7763.31,past,0
2025-02-28 11:00:00,10418.812730627304,73.0,25.208,58.91,7822.4,past,0
2025-02-28 12:00:00,9934.216789667897,73.0,25.208,58.91,7495.43,past,0
2025-02-28 13:00:00,10176.514760147602,73.0,25.208,58.91,7218.08,past,0
2025-02-28 14:00:00,10903.408671586714,73.0,25.208,58.91,7196.33,past,0
2025-02-28 15:00:00,12357.196494464944,73.0,25.208,58.91,7245.719999999999,past,0
2025-02-28 16:00:00,15264.7721402214,73.0,25.208,58.91,7147.44,past,0
2025-02-28 17:00:00,18656.94372693727,73.0,25.208,58.91,6879.219999999999,past,0
2025-02-28 18:00:00,20110.7315498155,73.0,25.208,58.91,5982.54,past,0
2025-02-28 19:00:00,17203.155904059036,73.0,25.208,58.91,5738.68,past,0
2025-02-28 20:00:00,13568.686346863467,73.0,25.208,58.91,5440.16,past,0
2025-02-28 21:00:00,10661.110701107007,73.0,25.208,58.91,5177.72,past,0
2025-02-28 22:00:00,7753.535055350553,73.0,25.208,58.91,5383.49,past,0
2025-02-28 23:00:00,6542.045202952029,73.0,25.208,58.91,5339.83,past,0
2025-03-01 00:00:00,8057.21586715867,78.5,25.505000000000003,65.63,5749.200000000001,past,0
2025-03-01 01:00:00,6592.267527675275,78.5,25.505000000000003,65.63,5761.9,past,0
2025-03-01 02:00:00,5493.55627306273,78.5,25.505000000000003,65.63,5497.8,past,0
2025-03-01 03:00:00,5493.55627306273,78.5,25.505000000000003,65.63,5423.5,past,0
2025-03-01 04:00:00,7324.741697416974,78.5,25.505000000000003,65.63,5621.3,past,0
2025-03-01 05:00:00,11719.58671586716,78.5,25.505000000000003,65.63,5676.4,past,0
2025-03-01 06:00:00,18678.09132841328,78.5,25.505000000000003,65.63,5143.799999999999,past,0
2025-03-01 07:00:00,23439.17343173432,78.5,25.505000000000003,65.63,5933.1,past,0
2025-03-01 08:00:00,25270.35885608856,78.5,25.505000000000003,65.63,6377.1,past,0
2025-03-01 09:00:00,20509.276752767524,78.5,25.505000000000003,65.63,7516.0,past,0
2025-03-01 10:00:00,17213.14298892989,78.5,25.505000000000003,65.63,7723.700000000001,past,0
2025-03-01 11:00:00,15748.194649446494,78.5,25.505000000000003,65.63,7845.700000000001,past,0
2025-03-01 12:00:00,15015.720479704798,78.5,25.505000000000003,65.63,7726.2,past,0
2025-03-01 13:00:00,15381.957564575649,78.5,25.505000000000003,65.63,7503.9,past,0
2025-03-01 14:00:00,16480.668819188188,78.5,25.505000000000003,65.63,7342.4,past,0
2025-03-01 15:00:00,18678.09132841328,78.5,25.505000000000003,65.63,7222.6,past,0
2025-03-01 16:00:00,23072.936346863466,78.5,25.505000000000003,65.63,7086.5,past,0
2025-03-01 17:00:00,27550.059040590397,78.5,25.505000000000003,65.63,6795.3,past,0
2025-03-01 18:00:00,27550.059040590397,78.5,25.505000000000003,65.63,5869.400000000001,past,0
2025-03-01 19:00:00,26002.833025830252,78.5,25.505000000000003,65.63,5766.5,past,0
2025-03-01 20:00:00,20509.276752767524,78.5,25.505000000000003,65.63,5571.200000000001,past,0
2025-03-01 21:00:00,16114.43173431734,78.5,25.505000000000003,65.63,5252.099999999999,past,0
2025-03-01 22:00:00,11719.58671586716,78.5,25.505000000000003,65.63,5312.9,past,0
2025-03-01 23:00:00,9888.401291512915,78.5,25.505000000000003,65.63,5365.5,past,0
2025-03-02 00:00:00,7095.243542435423,90.5,25.835,64.4,5640.1,past,0
2025-03-02 01:00:00,5805.199261992619,90.5,25.835,64.4,5766.6,past,0
2025-03-02 02:00:00,4837.666051660516,90.5,25.835,64.4,5429.1,past,0
2025-03-02 03:00:00,4837.666051660516,90.5,25.835,64.4,5462.8,past,0
2025-03-02 04:00:00,6450.221402214022,90.5,25.835,64.4,5487.700000000001,past,0
2025-03-02 05:00:00,10320.354243542435,90.5,25.835,64.4,5551.4,past,0
2025-03-02 06:00:00,16448.064575645756,90.5,25.835,64.4,5014.7,past,0
2025-03-02 07:00:00,20640.70848708487,90.5,25.835,64.4,5569.42,past,0
2025-03-02 08:00:00,22253.26383763838,90.5,25.835,64.4,5994.15,past,0
2025-03-02 09:00:00,18060.61992619926,90.5,25.835,64.4,6733.549999999999,past,0
2025-03-02 10:00:00,15158.020295202952,90.5,25.835,64.4,7313.07,past,0
2025-03-02 11:00:00,13867.976014760148,90.5,25.835,64.4,7350.72,past,0
2025-03-02 12:00:00,13222.953874538747,90.5,25.835,64.4,7393.13,past,0
2025-03-02 13:00:00,13545.46494464945,90.5,25.835,64.4,7340.35,past,0
2025-03-02 14:00:00,14512.998154981547,90.5,25.835,64.4,7206.87,past,0
2025-03-02 15:00:00,16448.064575645756,90.5,25.835,64.4,7212.15,past,0
2025-03-02 16:00:00,20318.19741697417,90.5,25.835,64.4,6973.759999999999,past,0
2025-03-02 17:00:00,24833.352398523984,90.5,25.835,64.4,6543.34,past,0
2025-03-02 18:00:00,26768.4188191882,90.5,25.835,64.4,5427.110000000001,past,0
2025-03-02 19:00:00,22898.285977859778,90.5,25.835,64.4,5634.5,past,0
2025-03-02 20:00:00,18060.61992619926,90.5,25.835,64.4,5372.5,past,0
2025-03-02 21:00:00,14190.487084870843,90.5,25.835,64.4,5185.7,past,0
2025-03-02 22:00:00,10320.354243542435,90.5,25.835,64.4,5312.5,past,0
2025-03-02 23:00:00,8707.79889298893,90.5,25.835,64.4,5451.93,past,0
2025-03-03 00:00:00,6272.151291512914,125.5,26.105,69.58,5506.799999999999,past,0
2025-03-03 01:00:00,5131.760147601475,125.5,26.105,69.58,5670.6,past,0
2025-03-03 02:00:00,4276.466789667897,125.5,26.105,69.58,5360.099999999999,past,0
2025-03-03 03:00:00,4276.466789667897,125.5,26.105,69.58,5371.1,past,0
2025-03-03 04:00:00,5701.955719557195,125.5,26.105,69.58,5495.400000000001,past,0
2025-03-03 05:00:00,9123.129151291514,125.5,26.105,69.58,5356.6,past,0
2025-03-03 06:00:00,14539.987084870849,125.5,26.105,69.58,4714.9,past,0
2025-03-03 07:00:00,18246.258302583028,125.5,26.105,69.58,5039.3,past,0
2025-03-03 08:00:00,19671.747232472328,125.5,26.105,69.58,5353.74,past,0
2025-03-03 09:00:00,15965.476014760146,125.5,26.105,69.58,5912.16,past,0
2025-03-03 10:00:00,13399.59594095941,125.5,26.105,69.58,6760.200000000001,past,0
2025-03-03 11:00:00,12259.204797047973,125.5,26.105,69.58,6895.6,past,0
2025-03-03 12:00:00,11689.009225092252,125.5,26.105,69.58,6755.53,past,0
2025-03-03 13:00:00,11974.107011070111,125.5,26.105,69.58,6700.839999999999,past,0
2025-03-03 14:00:00,12829.400369003688,125.5,26.105,69.58,6527.96,past,0
2025-03-03 15:00:00,14539.987084870849,125.5,26.105,69.58,6212.900000000001,past,0
2025-03-03 16:00:00,17961.160516605167,125.5,26.105,69.58,6146.330000000001,past,0
2025-03-03 17:00:00,21952.5295202952,125.5,26.105,69.58,5423.12,past,0
2025-03-03 18:00:00,23663.11623616237,125.5,26.105,69.58,4631.0,past,0
2025-03-03 19:00:00,20251.94280442804,125.5,26.105,69.58,4969.6,past,0
2025-03-03 20:00:00,15965.476014760146,125.5,26.105,69.58,4877.16,past,0
2025-03-03 21:00:00,12544.302583025828,125.5,26.105,69.58,4697.8,past,0
2025-03-03 22:00:00,9123.129151291514,125.5,26.105,69.58,5000.889999999999,past,0
2025-03-03 23:00:00,7697.640221402215,125.5,26.105,69.58,5084.1,past,0
2025-03-04 00:00:00,6169.254612546124,115.5,27.07,70.41,5379.08,past,0
2025-03-04 01:00:00,5047.571955719556,115.5,27.07,70.41,5358.6,past,0
2025-03-04 02:00:00,4206.30996309963,115.5,27.07,70.41,5060.0,past,0
2025-03-04 03:00:00,4206.30996309963,115.5,27.07,70.41,5095.5,past,0
2025-03-04 04:00:00,5608.413284132841,115.5,27.07,70.41,5303.7,past,0
2025-03-04 05:00:00,8973.461254612546,115.5,27.07,70.41,4987.2,past,0
2025-03-04 06:00:00,14301.453874538744,115.5,27.07,70.41,5050.5,past,0
2025-03-04 07:00:00,17946.922509225093,115.5,27.07,70.41,5972.099999999999,past,0
2025-03-04 08:00:00,19349.025830258302,115.5,27.07,70.41,6446.1,past,0
2025-03-04 09:00:00,15703.557195571952,115.5,27.07,70.41,6937.9,past,0
2025-03-04 10:00:00,13179.771217712176,115.5,27.07,70.41,7688.2,past,0
2025-03-04 11:00:00,12058.088560885608,115.5,27.07,70.41,7679.9,past,0
2025-03-04 12:00:00,11497.247232472326,115.5,27.07,70.41,7566.8,past,0
2025-03-04 13:00:00,11777.667896678968,115.5,27.07,70.41,7566.700000000001,past,0
2025-03-04 14:00:00,12618.92988929889,115.5,27.07,70.41,7428.6,past,0
2025-03-04 15:00:00,14301.453874538744,115.5,27.07,70.41,7452.2,past,0
2025-03-04 16:00:00,17666.50184501845,115.5,27.07,70.41,7496.7,past,0
2025-03-04 17:00:00,21592.39114391144,115.5,27.07,70.41,7068.0,past,0
2025-03-04 18:00:00,23274.915129151297,115.5,27.07,70.41,6190.3,past,0
2025-03-04 19:00:00,19909.867158671583,115.5,27.07,70.41,5831.7,past,0
2025-03-04 20:00:00,15703.557195571952,115.5,27.07,70.41,5706.8,past,0
2025-03-04 21:00:00,12338.509225092248,115.5,27.07,70.41,5394.37,past,0
2025-03-04 22:00:00,8973.461254612546,115.5,27.07,70.41,5860.79,past,0
2025-03-04 23:00:00,7571.357933579336,115.5,27.07,70.41,5609.33,past,0
2025-03-05 00:00:00,5554.898523985239,108.5,27.405,65.9,5663.75,past,0
2025-03-05 01:00:00,4544.916974169741,108.5,27.405,65.9,5779.969999999999,past,0
2025-03-05 02:00:00,3787.4308118081176,108.5,27.405,65.9,5393.52,past,0
2025-03-05 03:00:00,3787.4308118081176,108.5,27.405,65.9,5498.07,past,0
2025-03-05 04:00:00,5049.907749077491,108.5,27.405,65.9,5625.52,past,0
2025-03-05 05:00:00,8079.852398523985,108.5,27.405,65.9,5776.58,past,0
2025-03-05 06:00:00,12877.2647601476,108.5,27.405,65.9,5592.54,past,0
2025-03-05 07:00:00,16159.70479704797,108.5,27.405,65.9,6029.05,past,0
2025-03-05 08:00:00,17422.181734317342,108.5,27.405,65.9,6546.67,past,0
2025-03-05 09:00:00,14139.741697416972,108.5,27.405,65.9,7322.94,past,0
2025-03-05 10:00:00,11867.283210332102,108.5,27.405,65.9,7794.36,past,0
2025-03-05 11:00:00,10857.301660516605,108.5,27.405,65.9,7823.5,past,0
2025-03-05 12:00:00,10352.310885608857,108.5,27.405,65.9,7775.790000000001,past,0
2025-03-05 13:00:00,10604.806273062732,108.5,27.405,65.9,7531.54,past,0
2025-03-05 14:00:00,11362.292435424351,108.5,27.405,65.9,7459.73,past,0
2025-03-05 15:00:00,12877.2647601476,108.5,27.405,65.9,7295.34,past,0
2025-03-05 16:00:00,15907.209409594096,108.5,27.405,65.9,7428.84,past,0
2025-03-05 17:00:00,19442.14483394834,108.5,27.405,65.9,6840.39,past,0
2025-03-05 18:00:00,20957.117158671583,108.5,27.405,65.9,5718.64,past,0
2025-03-05 19:00:00,17927.17250922509,108.5,27.405,65.9,5835.54,past,0
2025-03-05 20:00:00,14139.741697416972,108.5,27.405,65.9,5715.94,past,0
2025-03-05 21:00:00,11109.797047970478,108.5,27.405,65.9,5456.95,past,0
2025-03-05 22:00:00,8079.852398523985,108.5,27.405,65.9,5731.2,past,0
2025-03-05 23:00:00,6817.375461254613,108.5,27.405,65.9,5802.17,past,0
2025-03-06 00:00:00,6572.52029520295,122.0,27.345,65.62,5952.6,past,0
2025-03-06 01:00:00,5377.516605166051,122.0,27.345,65.62,5992.0,past,0
2025-03-06 02:00:00,4481.263837638376,122.0,27.345,65.62,5679.6,past,0
2025-03-06 03:00:00,4481.263837638376,122.0,27.345,65.62,5763.5,past,0
2025-03-06 04:00:00,5975.0184501845015,122.0,27.345,65.62,5735.8,past,0
2025-03-06 05:00:00,9560.029520295202,122.0,27.345,65.62,5780.9,past,0
2025-03-06 06:00:00,15236.297047970478,122.0,27.345,65.62,5400.0,past,0
2025-03-06 07:00:00,19120.059040590404,122.0,27.345,65.62,6060.33,past,0
2025-03-06 08:00:00,20613.81365313653,122.0,27.345,65.62,6494.9,past,0
2025-03-06 09:00:00,16730.051660516605,122.0,27.345,65.62,7372.88,past,0
2025-03-06 10:00:00,14041.29335793358,122.0,27.345,65.62,7859.27,past,0
2025-03-06 11:00:00,12846.289667896675,122.0,27.345,65.62,7985.56,past,0
2025-03-06 12:00:00,12248.787822878228,122.0,27.345,65.62,7878.6,past,0
2025-03-06 13:00:00,12547.538745387455,122.0,27.345,65.62,7718.67,past,0
2025-03-06 14:00:00,13443.791512915126,122.0,27.345,65.62,7513.66,past,0
2025-03-06 15:00:00,15236.297047970478,122.0,27.345,65.62,7381.02,past,0
2025-03-06 16:00:00,18821.30811808118,122.0,27.345,65.62,7242.69,past,0
2025-03-06 17:00:00,23003.82103321033,122.0,27.345,65.62,6897.57,past,0
2025-03-06 18:00:00,24796.32656826569,122.0,27.345,65.62,6162.02,past,0
2025-03-06 19:00:00,21211.315498154974,122.0,27.345,65.62,5854.3,past,0
2025-03-06 20:00:00,16730.051660516605,122.0,27.345,65.62,5652.7,past,0
2025-03-06 21:00:00,13145.0405904059,122.0,27.345,65.62,5378.05,past,0
2025-03-06 22:00:00,9560.029520295202,122.0,27.345,65.62,5593.5,past,0
2025-03-06 23:00:00,8066.274907749077,122.0,27.345,65.62,5567.7,past,0
2025-03-07 00:00:00,3777.525830258302,126.5,27.57,63.1,5714.03,past,0
2025-03-07 01:00:00,3090.7029520295196,126.5,27.57,63.1,5917.39,past,0
2025-03-07 02:00:00,2575.585793357933,126.5,27.57,63.1,5681.969999999999,past,0
2025-03-07 03:00:00,2575.585793357933,126.5,27.57,63.1,5665.84,past,0
2025-03-07 04:00:00,3434.1143911439112,126.5,27.57,63.1,5789.65,past,0
2025-03-07 05:00:00,5494.5830258302585,126.5,27.57,63.1,5684.79,past,0
2025-03-07 06:00:00,8756.991697416974,126.5,27.57,63.1,5489.86,past,0
2025-03-07 07:00:00,10989.166051660515,126.5,27.57,63.1,6022.4400000000005,past,0
2025-03-07 08:00:00,11847.694649446494,126.5,27.57,63.1,6423.139999999999,past,0
2025-03-07 09:00:00,9615.52029520295,126.5,27.57,63.1,7363.55,past,0
2025-03-07 10:00:00,8070.168819188191,126.5,27.57,63.1,7724.469999999999,past,0
2025-03-07 11:00:00,7383.345940959409,126.5,27.57,63.1,7859.8,past,0
2025-03-07 12:00:00,7039.9345018450185,126.5,27.57,63.1,7723.23,past,0
2025-03-07 13:00:00,7211.640221402215,126.5,27.57,63.1,7630.139999999999,past,0
2025-03-07 14:00:00,7726.757380073799,126.5,27.57,63.1,7454.45,past,0
2025-03-07 15:00:00,8756.991697416974,126.5,27.57,63.1,7512.38,past,0
2025-03-07 16:00:00,10817.46033210332,126.5,27.57,63.1,7512.24,past,0
2025-03-07 17:00:00,13221.34040590406,126.5,27.57,63.1,6928.08,past,0
2025-03-07 18:00:00,14251.574723247231,126.5,27.57,63.1,5781.03,past,0
2025-03-07 19:00:00,12191.106088560884,126.5,27.57,63.1,5932.88,past,0
2025-03-07 20:00:00,9615.52029520295,126.5,27.57,63.1,5715.42,past,0
2025-03-07 21:00:00,7555.051660516604,126.5,27.57,63.1,5504.05,past,0
2025-03-07 22:00:00,5494.5830258302585,126.5,27.57,63.1,5720.76,past,0
2025-03-07 23:00:00,4636.05442804428,126.5,27.57,63.1,5762.03,past,0
2025-03-08 00:00:00,6103.559040590405,105.5,27.64,63.9,5814.17,past,0
2025-03-08 01:00:00,4993.821033210331,105.5,27.64,63.9,6083.67,past,0
2025-03-08 02:00:00,4161.517527675276,105.5,27.64,63.9,5671.54,past,0
2025-03-08 03:00:00,4161.517527675276,105.5,27.64,63.9,5714.42,past,0
2025-03-08 04:00:00,5548.690036900369,105.5,27.64,63.9,5880.52,past,0
2025-03-08 05:00:00,8877.90405904059,105.5,27.64,63.9,5807.46,past,0
2025-03-08 06:00:00,14149.15959409594,105.5,27.64,63.9,5677.299999999999,past,0
2025-03-08 07:00:00,17755.80811808118,105.5,27.64,63.9,5968.7699999999995,past,0
2025-03-08 08:00:00,19142.98062730627,105.5,27.64,63.9,6430.32,past,0
2025-03-08 09:00:00,15536.332103321032,105.5,27.64,63.9,7269.33,past,0
2025-03-08 10:00:00,13039.421586715864,105.5,27.64,63.9,7934.700000000001,past,0
2025-03-08 11:00:00,11929.683579335791,105.5,27.64,63.9,7964.4,past,0
2025-03-08 12:00:00,11374.814575645756,105.5,27.64,63.9,8021.6,past,0
2025-03-08 13:00:00,11652.249077490776,105.5,27.64,63.9,7760.6,past,0
2025-03-08 14:00:00,12484.552583025828,105.5,27.64,63.9,7444.5,past,0
2025-03-08 15:00:00,14149.15959409594,105.5,27.64,63.9,7447.6,past,0
2025-03-08 16:00:00,17478.37361623616,105.5,27.64,63.9,7462.9,past,0
2025-03-08 17:00:00,21362.45664206642,105.5,27.64,63.9,6526.3,past,0
2025-03-08 18:00:00,23027.06365313653,105.5,27.64,63.9,5573.1,past,0
2025-03-08 19:00:00,19697.849630996305,105.5,27.64,63.9,5723.2,past,0
2025-03-08 20:00:00,15536.332103321032,105.5,27.64,63.9,5496.0,past,0
2025-03-08 21:00:00,12207.11808118081,105.5,27.64,63.9,5310.0,past,0
2025-03-08 22:00:00,8877.90405904059,105.5,27.64,63.9,5494.3,past,0
2025-03-08 23:00:00,7490.731549815498,105.5,27.64,63.9,5508.9,past,0
2025-03-09 00:00:00,5599.872693726936,106.0,28.305,64.58,5785.2,past,0
2025-03-09 01:00:00,4581.714022140221,106.0,28.305,64.58,5869.9,past,0
2025-03-09 02:00:00,3818.095018450184,106.0,28.305,64.58,5581.3,past,0
2025-03-09 03:00:00,3818.095018450184,106.0,28.305,64.58,5672.9,past,0
2025-03-09 04:00:00,5090.7933579335795,106.0,28.305,64.58,5747.8,past,0
2025-03-09 05:00:00,8145.269372693728,106.0,28.305,64.58,5641.3,past,0
2025-03-09 06:00:00,12981.523062730628,106.0,28.305,64.58,5466.9,past,0
2025-03-09 07:00:00,16290.538745387455,106.0,28.305,64.58,5627.0,past,0
2025-03-09 08:00:00,17563.237084870852,106.0,28.305,64.58,5975.7,past,0
2025-03-09 09:00:00,14254.22140221402,106.0,28.305,64.58,6749.4,past,0
2025-03-09 10:00:00,11963.364391143912,106.0,28.305,64.58,7420.6,past,0
2025-03-09 11:00:00,10945.205719557196,106.0,28.305,64.58,7517.5,past,0
2025-03-09 12:00:00,10436.12638376384,106.0,28.305,64.58,7438.2,past,0
2025-03-09 13:00:00,10690.66605166052,106.0,28.305,64.58,7332.5,past,0
2025-03-09 14:00:00,11454.285055350552,106.0,28.305,64.58,7071.6,past,0
2025-03-09 15:00:00,12981.523062730628,106.0,28.305,64.58,7080.900000000001,past,0
2025-03-09 16:00:00,16035.999077490776,106.0,28.305,64.58,7054.2,past,0
2025-03-09 17:00:00,19599.55442804428,106.0,28.305,64.58,6647.6,past,0
2025-03-09 18:00:00,21126.79243542436,106.0,28.305,64.58,5514.2,past,0
2025-03-09 19:00:00,18072.316420664203,106.0,28.305,64.58,5743.4,past,0
2025-03-09 20:00:00,14254.22140221402,106.0,28.305,64.58,5517.5,past,0
2025-03-09 21:00:00,11199.745387453871,106.0,28.305,64.58,5289.1,past,0
2025-03-09 22:00:00,8145.269372693728,106.0,28.305,64.58,5647.8,past,0
2025-03-09 23:00:00,6872.571033210333,106.0,28.305,64.58,5489.0,past,0
2025-03-10 00:00:00,5799.536900369002,111.0,27.565,67.7,5692.7,past,0
2025-03-10 01:00:00,4745.075645756457,111.0,27.565,67.7,5991.1,past,0
2025-03-10 02:00:00,3954.229704797048,111.0,27.565,67.7,5780.8,past,0
2025-03-10 03:00:00,3954.229704797048,111.0,27.565,67.7,5721.4,past,0
2025-03-10 04:00:00,5272.306273062731,111.0,27.565,67.7,5753.08,past,0
2025-03-10 05:00:00,8435.69003690037,111.0,27.565,67.7,5703.0,past,0
2025-03-10 06:00:00,13444.380996309965,111.0,27.565,67.7,4958.3,past,0
2025-03-10 07:00:00,16871.38007380074,111.0,27.565,67.7,5214.599999999999,past,0
2025-03-10 08:00:00,18189.456642066423,111.0,27.565,67.7,5589.6,past,0
2025-03-10 09:00:00,14762.457564575643,111.0,27.565,67.7,6380.4,past,0
2025-03-10 10:00:00,12389.919741697418,111.0,27.565,67.7,6947.4,past,0
2025-03-10 11:00:00,11335.458487084872,111.0,27.565,67.7,7052.5,past,0
2025-03-10 12:00:00,10808.2278597786,111.0,27.565,67.7,6824.68,past,0
2025-03-10 13:00:00,11071.843173431736,111.0,27.565,67.7,6739.35,past,0
2025-03-10 14:00:00,11862.689114391142,111.0,27.565,67.7,6555.41,past,0
2025-03-10 15:00:00,13444.380996309965,111.0,27.565,67.7,6331.59,past,0
2025-03-10 16:00:00,16607.764760147602,111.0,27.565,67.7,6349.76,past,0
2025-03-10 17:00:00,20298.379151291512,111.0,27.565,67.7,6013.99,past,0
2025-03-10 18:00:00,21880.071033210337,111.0,27.565,67.7,5230.0599999999995,past,0
2025-03-10 19:00:00,18716.68726937269,111.0,27.565,67.7,5040.29,past,0
2025-03-10 20:00:00,14762.457564575643,111.0,27.565,67.7,4942.09,past,0
2025-03-10 21:00:00,11599.073800738004,111.0,27.565,67.7,4736.16,past,0
2025-03-10 22:00:00,8435.69003690037,111.0,27.565,67.7,5040.71,past,0
2025-03-10 23:00:00,7117.613468634687,111.0,27.565,67.7,5077.83,past,0
2025-03-11 00:00:00,5918.669741697416,103.0,27.619999999999997,65.38,5452.07,past,0
2025-03-11 01:00:00,4842.5479704797035,103.0,27.619999999999997,65.38,5738.349999999999,past,0
2025-03-11 02:00:00,4035.45664206642,103.0,27.619999999999997,65.38,5434.31,past,0
2025-03-11 03:00:00,4035.45664206642,103.0,27.619999999999997,65.38,5258.95,past,0
2025-03-11 04:00:00,5380.608856088561,103.0,27.619999999999997,65.38,5503.790000000001,past,0
2025-03-11 05:00:00,8608.974169741698,103.0,27.619999999999997,65.38,5260.56,past,0
2025-03-11 06:00:00,13720.552583025828,103.0,27.619999999999997,65.38,5115.37,past,0
2025-03-11 07:00:00,17217.948339483395,103.0,27.619999999999997,65.38,6048.98,past,0
2025-03-11 08:00:00,18563.100553505537,103.0,27.619999999999997,65.38,6424.599999999999,past,0
2025-03-11 09:00:00,15065.704797047969,103.0,27.619999999999997,65.38,6763.76,past,0
2025-03-11 10:00:00,12644.430811808115,103.0,27.619999999999997,65.38,7827.02,past,0
2025-03-11 11:00:00,11568.309040590406,103.0,27.619999999999997,65.38,7808.839999999999,past,0
2025-03-11 12:00:00,11030.24815498155,103.0,27.619999999999997,65.38,7713.44,past,0
2025-03-11 13:00:00,11299.278597785978,103.0,27.619999999999997,65.38,7374.150000000001,past,0
2025-03-11 14:00:00,12106.36992619926,103.0,27.619999999999997,65.38,7487.16,past,0
2025-03-11 15:00:00,13720.552583025828,103.0,27.619999999999997,65.38,7440.56,past,0
2025-03-11 16:00:00,16948.917896678966,103.0,27.619999999999997,65.38,7430.76,past,0
2025-03-11 17:00:00,20715.344095940956,103.0,27.619999999999997,65.38,6801.789999999999,past,0
2025-03-11 18:00:00,22329.526752767528,103.0,27.619999999999997,65.38,5836.13,past,0
2025-03-11 19:00:00,19101.16143911439,103.0,27.619999999999997,65.38,5929.079999999999,past,0
2025-03-11 20:00:00,15065.704797047969,103.0,27.619999999999997,65.38,5736.21,past,0
2025-03-11 21:00:00,11837.339483394831,103.0,27.619999999999997,65.38,5524.5199999999995,past,0
2025-03-11 22:00:00,8608.974169741698,103.0,27.619999999999997,65.38,5815.5599999999995,past,0
2025-03-11 23:00:00,7263.821955719557,103.0,27.619999999999997,65.38,5905.6900000000005,past,0
2025-03-12 00:00:00,5991.732472324722,103.0,27.615,65.22999999999999,6061.3,past,0
2025-03-12 01:00:00,4902.326568265682,103.0,27.615,65.22999999999999,6252.799999999999,past,0
2025-03-12 02:00:00,4085.2721402214015,103.0,27.615,65.22999999999999,5926.3,past,0
2025-03-12 03:00:00,4085.2721402214015,103.0,27.615,65.22999999999999,5890.3,past,0
2025-03-12 04:00:00,5447.029520295203,103.0,27.615,65.22999999999999,6034.9,past,0
2025-03-12 05:00:00,8715.247232472324,103.0,27.615,65.22999999999999,5792.3,past,0
2025-03-12 06:00:00,13889.925276752763,103.0,27.615,65.22999999999999,5337.0,past,0
2025-03-12 07:00:00,17430.494464944648,103.0,27.615,65.22999999999999,6161.53,past,0
2025-03-12 08:00:00,18792.25184501845,103.0,27.615,65.22999999999999,6407.219999999999,past,0
2025-03-12 09:00:00,15251.682656826566,103.0,27.615,65.22999999999999,7291.219999999999,past,0
2025-03-12 10:00:00,12800.519372693723,103.0,27.615,65.22999999999999,7723.17,past,0
2025-03-12 11:00:00,11711.113468634683,103.0,27.615,65.22999999999999,7788.179999999999,past,0
2025-03-12 12:00:00,11166.410516605169,103.0,27.615,65.22999999999999,7699.0,past,0
2025-03-12 13:00:00,11438.761992619928,103.0,27.615,65.22999999999999,7561.61,past,0
2025-03-12 14:00:00,12255.816420664203,103.0,27.615,65.22999999999999,7473.73,past,0
2025-03-12 15:00:00,13889.925276752763,103.0,27.615,65.22999999999999,7561.889999999999,past,0
2025-03-12 16:00:00,17158.14298892989,103.0,27.615,65.22999999999999,7523.33,past,0
2025-03-12 17:00:00,20971.06365313653,103.0,27.615,65.22999999999999,7087.16,past,0
2025-03-12 18:00:00,22605.172509225093,103.0,27.615,65.22999999999999,6357.07,past,0
2025-03-12 19:00:00,19336.954797047965,103.0,27.615,65.22999999999999,5953.0,past,0
2025-03-12 20:00:00,15251.682656826566,103.0,27.615,65.22999999999999,5725.7,past,0
2025-03-12 21:00:00,11983.464944649444,103.0,27.615,65.22999999999999,5504.1,past,0
2025-03-12 22:00:00,8715.247232472324,103.0,27.615,65.22999999999999,5718.7,past,0
2025-03-12 23:00:00,7353.489852398524,103.0,27.615,65.22999999999999,5845.4,past,0
2025-03-13 00:00:00,6781.073800738006,116.0,27.97,65.95,6062.8,past,0
2025-03-13 01:00:00,5548.151291512914,116.0,27.97,65.95,6145.4,past,0
2025-03-13 02:00:00,4623.459409594096,116.0,27.97,65.95,5883.2,past,0
2025-03-13 03:00:00,4623.459409594096,116.0,27.97,65.95,5770.6,past,0
2025-03-13 04:00:00,6164.612546125461,116.0,27.97,65.95,5953.5,past,0
2025-03-13 05:00:00,9863.380073800738,116.0,27.97,65.95,5869.3,past,0
2025-03-13 06:00:00,15719.761992619924,116.0,27.97,65.95,5677.2,past,0
2025-03-13 07:00:00,19726.760147601475,116.0,27.97,65.95,6230.219999999999,past,0
2025-03-13 08:00:00,21267.91328413284,116.0,27.97,65.95,6406.8,past,0
2025-03-13 09:00:00,17260.91512915129,116.0,27.97,65.95,7266.31,past,0
2025-03-13 10:00:00,14486.839483394831,116.0,27.97,65.95,7808.86,past,0
2025-03-13 11:00:00,13253.91697416974,116.0,27.97,65.95,7742.01,past,0
2025-03-13 12:00:00,12637.455719557196,116.0,27.97,65.95,7671.83,past,0
2025-03-13 13:00:00,12945.68634686347,116.0,27.97,65.95,7420.69,past,0
2025-03-13 14:00:00,13870.378228782283,116.0,27.97,65.95,7384.6,past,0
2025-03-13 15:00:00,15719.761992619924,116.0,27.97,65.95,7374.98,past,0
2025-03-13 16:00:00,19418.5295202952,116.0,27.97,65.95,7172.1900000000005,past,0
2025-03-13 17:00:00,23733.758302583024,116.0,27.97,65.95,7075.5,past,0
2025-03-13 18:00:00,25583.142066420667,116.0,27.97,65.95,6063.049999999999,past,0
2025-03-13 19:00:00,21884.374538745386,116.0,27.97,65.95,5872.0,past,0
2025-03-13 20:00:00,17260.91512915129,116.0,27.97,65.95,5769.9,past,0
2025-03-13 21:00:00,13562.147601476012,116.0,27.97,65.95,5446.5,past,0
2025-03-13 22:00:00,9863.380073800738,116.0,27.97,65.95,5752.6,past,0
2025-03-13 23:00:00,8322.226937269372,116.0,27.97,65.95,5902.45,past,0
2025-03-14 00:00:00,3168.7306273062723,103.0,28.244999999999997,68.37,5888.1,past,0
2025-03-14 01:00:00,2592.5977859778595,103.0,28.244999999999997,68.37,6171.7,past,0
2025-03-14 02:00:00,2160.4981549815493,103.0,28.244999999999997,68.37,5795.6,past,0
2025-03-14 03:00:00,2160.4981549815493,103.0,28.244999999999997,68.37,6009.3,past,0
2025-03-14 04:00:00,2880.6642066420663,103.0,28.244999999999997,68.37,6076.6,past,0
2025-03-14 05:00:00,4609.062730627306,103.0,28.244999999999997,68.37,6078.4,past,0
2025-03-14 06:00:00,7345.693726937268,103.0,28.244999999999997,68.37,5778.700000000001,past,0
2025-03-14 07:00:00,9218.125461254613,103.0,28.244999999999997,68.37,6231.910000000001,past,0
2025-03-14 08:00:00,9938.29151291513,103.0,28.244999999999997,68.37,6637.27,past,0
2025-03-14 09:00:00,8065.859778597785,103.0,28.244999999999997,68.37,7359.860000000001,past,0
2025-03-14 10:00:00,6769.560885608856,103.0,28.244999999999997,68.37,7853.06,past,0
2025-03-14 11:00:00,6193.428044280442,103.0,28.244999999999997,68.37,7813.17,past,0
2025-03-14 12:00:00,5905.361623616236,103.0,28.244999999999997,68.37,7687.82,past,0
2025-03-14 13:00:00,6049.3948339483395,103.0,28.244999999999997,68.37,7644.62,past,0
2025-03-14 14:00:00,6481.494464944648,103.0,28.244999999999997,68.37,7575.23,past,0
2025-03-14 15:00:00,7345.693726937268,103.0,28.244999999999997,68.37,7393.21,past,0
2025-03-14 16:00:00,9074.09225092251,103.0,28.244999999999997,68.37,7458.96,past,0
2025-03-14 17:00:00,11090.557195571955,103.0,28.244999999999997,68.37,7257.66,past,0
2025-03-14 18:00:00,11954.756457564576,103.0,28.244999999999997,68.37,6206.71,past,0
2025-03-14 19:00:00,10226.357933579333,103.0,28.244999999999997,68.37,6127.27,past,0
2025-03-14 20:00:00,8065.859778597785,103.0,28.244999999999997,68.37,5896.82,past,0
2025-03-14 21:00:00,6337.4612546125445,103.0,28.244999999999997,68.37,5652.85,past,0
2025-03-14 22:00:00,4609.062730627306,103.0,28.244999999999997,68.37,5955.9,past,0
2025-03-14 23:00:00,3888.8966789667898,103.0,28.244999999999997,68.37,5991.4,past,0
2025-03-15 00:00:00,8558.182656826566,99.5,28.435,67.81,6008.0,past,0
2025-03-15 01:00:00,7002.1494464944635,99.5,28.435,67.81,6156.700000000001,past,0
2025-03-15 02:00:00,5835.124538745386,99.5,28.435,67.81,5765.2,past,0
2025-03-15 03:00:00,5835.124538745386,99.5,28.435,67.81,6041.6,past,0
2025-03-15 04:00:00,7780.166051660516,99.5,28.435,67.81,6112.7,past,0
2025-03-15 05:00:00,12448.265682656824,99.5,28.435,67.81,5948.6,past,0
2025-03-15 06:00:00,19839.42343173431,99.5,28.435,67.81,5706.4,past,0
2025-03-15 07:00:00,24896.53136531365,99.5,28.435,67.81,6269.51,past,0
2025-03-15 08:00:00,26841.57287822878,99.5,28.435,67.81,6699.93,past,0
2025-03-15 09:00:00,21784.464944649444,99.5,28.435,67.81,7330.2,past,0
2025-03-15 10:00:00,18283.390221402213,99.5,28.435,67.81,7933.16,past,0
2025-03-15 11:00:00,16727.35701107011,99.5,28.435,67.81,8108.81,past,0
2025-03-15 12:00:00,15949.34040590406,99.5,28.435,67.81,7957.11,past,0
2025-03-15 13:00:00,16338.348708487089,99.5,28.435,67.81,7896.96,past,0
2025-03-15 14:00:00,17505.37361623616,99.5,28.435,67.81,7675.87,past,0
2025-03-15 15:00:00,19839.42343173431,99.5,28.435,67.81,7724.7,past,0
2025-03-15 16:00:00,24507.523062730623,99.5,28.435,67.81,7585.82,past,0
2025-03-15 17:00:00,27550.059040590397,99.5,28.435,67.81,6965.75,past,0
2025-03-15 18:00:00,27550.059040590397,99.5,28.435,67.81,5936.45,past,0
2025-03-15 19:00:00,27550.059040590397,99.5,28.435,67.81,6039.9,past,0
2025-03-15 20:00:00,21784.464944649444,99.5,28.435,67.81,5793.7,past,0
2025-03-15 21:00:00,17116.365313653132,99.5,28.435,67.81,5556.9,past,0
2025-03-15 22:00:00,12448.265682656824,99.5,28.435,67.81,5978.4,past,0
2025-03-15 23:00:00,10503.224169741698,99.5,28.435,67.81,5981.4,past,0
2025-03-16 00:00:00,6603.145756457563,92.0,28.072222222222223,66.22222222222223,6108.59,past,0
2025-03-16 01:00:00,5402.573800738007,92.0,28.072222222222223,66.22222222222223,6349.77,past,0
2025-03-16 02:00:00,4502.1448339483395,92.0,28.072222222222223,66.22222222222223,6149.59,past,0
2025-03-16 03:00:00,4502.1448339483395,92.0,28.072222222222223,66.22222222222223,6090.0,past,0
2025-03-16 04:00:00,6002.859778597786,92.0,28.072222222222223,66.22222222222223,6163.4,past,0
2025-03-16 05:00:00,9604.575645756458,92.0,28.072222222222223,66.22222222222223,6091.35,past,0
2025-03-16 06:00:00,15307.292435424357,92.0,28.072222222222223,66.22222222222223,5670.13,past,0
2025-03-16 07:00:00,19209.151291512917,92.0,28.072222222222223,66.22222222222223,6044.37,past,0
2025-03-16 08:00:00,20709.866236162365,92.0,28.072222222222223,66.22222222222223,6226.120000000001,past,0
2025-03-16 09:00:00,16808.0073800738,92.0,28.072222222222223,66.22222222222223,6983.79,past,0
2025-03-16 10:00:00,14106.720479704798,92.0,28.072222222222223,66.22222222222223,7791.21,past,0
2025-03-16 11:00:00,12906.14852398524,92.0,28.072222222222223,66.22222222222223,7641.03,past,0
2025-03-16 12:00:00,12305.862546125463,92.0,28.072222222222223,66.22222222222223,7582.98,past,0
2025-03-16 13:00:00,12606.005535055354,92.0,28.072222222222223,66.22222222222223,7484.259999999999,past,0
2025-03-16 14:00:00,13506.434501845017,92.0,28.072222222222223,66.22222222222223,7308.45,past,0
2025-03-16 15:00:00,15307.292435424357,92.0,28.072222222222223,66.22222222222223,7363.419999999999,past,0
2025-03-16 16:00:00,18909.008302583028,92.0,28.072222222222223,66.22222222222223,7205.26,past,0
2025-03-16 17:00:00,23111.010147601475,92.0,28.072222222222223,66.22222222222223,6451.79,past,0
2025-03-16 18:00:00,24911.86808118082,92.0,28.072222222222223,66.22222222222223,5601.469999999999,past,0
2025-03-16 19:00:00,21310.152214022135,92.0,28.072222222222223,66.22222222222223,5772.2,past,0
2025-03-16 20:00:00,16808.0073800738,92.0,28.072222222222223,66.22222222222223,5603.1,past,0
2025-03-16 21:00:00,13206.291512915126,92.0,28.072222222222223,66.22222222222223,5441.9,past,0
2025-03-16 22:00:00,9604.575645756458,92.0,28.072222222222223,66.22222222222223,5977.3,past,0
2025-03-16 23:00:00,8103.860701107012,92.0,28.072222222222223,66.22222222222223,5854.4,past,0
2025-03-17 00:00:00,3213.5830258302576,118.5,27.535,66.57777777777778,6043.799999999999,past,0
2025-03-17 01:00:00,2629.2952029520293,118.5,27.535,66.57777777777778,6087.7,past,0
2025-03-17 02:00:00,2191.079335793358,118.5,27.535,66.57777777777778,5863.1,past,0
2025-03-17 03:00:00,2191.079335793358,118.5,27.535,66.57777777777778,5879.4,past,0
2025-03-17 04:00:00,2921.439114391144,118.5,27.535,66.57777777777778,5494.1,past,0
2025-03-17 05:00:00,4674.30258302583,118.5,27.535,66.57777777777778,5532.8,past,0
2025-03-17 06:00:00,7449.6697416974175,118.5,27.535,66.57777777777778,5511.5,past,0
2025-03-17 07:00:00,9348.60516605166,118.5,27.535,66.57777777777778,5317.299999999999,past,0
2025-03-17 08:00:00,10078.964944649448,118.5,27.535,66.57777777777778,5641.2,past,0
2025-03-17 09:00:00,8180.029520295202,118.5,27.535,66.57777777777778,6444.4,past,0
2025-03-17 10:00:00,6865.381918819188,118.5,27.535,66.57777777777778,6876.0,past,0
2025-03-17 11:00:00,6281.09409594096,118.5,27.535,66.57777777777778,6692.1,past,0
2025-03-17 12:00:00,5988.950184501847,118.5,27.535,66.57777777777778,6772.0,past,0
2025-03-17 13:00:00,6135.022140221404,118.5,27.535,66.57777777777778,6666.5,past,0
2025-03-17 14:00:00,6573.238007380072,118.5,27.535,66.57777777777778,6519.7,past,0
2025-03-17 15:00:00,7449.6697416974175,118.5,27.535,66.57777777777778,6278.2,past,0
2025-03-17 16:00:00,9202.533210332103,118.5,27.535,66.57777777777778,6401.3,past,0
2025-03-17 17:00:00,11247.540590405904,118.5,27.535,66.57777777777778,5827.299999999999,past,0
2025-03-17 18:00:00,12123.97232472325,118.5,27.535,66.57777777777778,5189.1,past,0
2025-03-17 19:00:00,10371.108856088558,118.5,27.535,66.57777777777778,5260.400000000001,past,0
2025-03-17 20:00:00,8180.029520295202,118.5,27.535,66.57777777777778,5068.2,past,0
2025-03-17 21:00:00,6427.166051660515,118.5,27.535,66.57777777777778,4958.6,past,0
2025-03-17 22:00:00,4674.30258302583,118.5,27.535,66.57777777777778,5294.5,past,0
2025-03-17 23:00:00,3943.942804428045,118.5,27.535,66.57777777777778,5406.3,past,0
2025-03-18 00:00:00,6975.3597785977845,107.5,27.5,63.779999999999994,5506.8099999999995,past,0
2025-03-18 01:00:00,5707.1125461254605,107.5,27.5,63.779999999999994,5676.700000000001,past,0
2025-03-18 02:00:00,4755.927121771217,107.5,27.5,63.779999999999994,5509.199999999999,past,0
2025-03-18 03:00:00,4755.927121771217,107.5,27.5,63.779999999999994,5426.4,past,0
2025-03-18 04:00:00,6341.236162361623,107.5,27.5,63.779999999999994,5478.4,past,0
2025-03-18 05:00:00,10145.977859778595,107.5,27.5,63.779999999999994,5582.3099999999995,past,0
2025-03-18 06:00:00,16170.15221402214,107.5,27.5,63.779999999999994,5396.09,past,0
2025-03-18 07:00:00,20291.95571955719,107.5,27.5,63.779999999999994,6046.5599999999995,past,0
2025-03-18 08:00:00,21877.2647601476,107.5,27.5,63.779999999999994,6334.62,past,0
2025-03-18 09:00:00,17755.461254612543,107.5,27.5,63.779999999999994,7623.959999999999,past,0
2025-03-18 10:00:00,14901.904981549817,107.5,27.5,63.779999999999994,7861.82,past,0
2025-03-18 11:00:00,13633.657749077487,107.5,27.5,63.779999999999994,7895.780000000001,past,0
2025-03-18 12:00:00,12999.534132841329,107.5,27.5,63.779999999999994,7830.24,past,0
2025-03-18 13:00:00,13316.59594095941,107.5,27.5,63.779999999999994,7827.450000000001,past,0
2025-03-18 14:00:00,14267.78136531365,107.5,27.5,63.779999999999994,7722.08,past,0
2025-03-18 15:00:00,16170.15221402214,107.5,27.5,63.779999999999994,7647.98,past,0
2025-03-18 16:00:00,19974.89391143911,107.5,27.5,63.779999999999994,7559.08,past,0
2025-03-18 17:00:00,24413.75922509225,107.5,27.5,63.779999999999994,7125.820000000001,past,0
2025-03-18 18:00:00,26316.130073800738,107.5,27.5,63.779999999999994,6015.68,past,0
2025-03-18 19:00:00,22511.38837638376,107.5,27.5,63.779999999999994,6033.79,past,0
2025-03-18 20:00:00,17755.461254612543,107.5,27.5,63.779999999999994,5806.889999999999,past,0
2025-03-18 21:00:00,13950.719557195567,107.5,27.5,63.779999999999994,5484.950000000001,past,0
2025-03-18 22:00:00,10145.977859778595,107.5,27.5,63.779999999999994,5824.77,past,0
2025-03-18 23:00:00,8560.668819188191,107.5,27.5,63.779999999999994,5710.66,past,0
2025-03-19 00:00:00,5104.487084870848,106.0,27.295,62.98,5988.6,past,0
2025-03-19 01:00:00,4176.398523985239,106.0,27.295,62.98,6182.5,past,0
2025-03-19 02:00:00,3480.3321033210327,106.0,27.295,62.98,5684.9,past,0
2025-03-19 03:00:00,3480.3321033210327,106.0,27.295,62.98,5873.7,past,0
2025-03-19 04:00:00,4640.442804428044,106.0,27.295,62.98,5982.8,past,0
2025-03-19 05:00:00,7424.70848708487,106.0,27.295,62.98,5807.6,past,0
2025-03-19 06:00:00,11833.129151291512,106.0,27.295,62.98,5758.299999999999,past,0
2025-03-19 07:00:00,14849.41697416974,106.0,27.295,62.98,6132.300000000001,past,0
2025-03-19 08:00:00,16009.527675276751,106.0,27.295,62.98,6565.6,past,0
2025-03-19 09:00:00,12993.239852398525,106.0,27.295,62.98,7604.1,past,0
2025-03-19 10:00:00,10905.040590405904,106.0,27.295,62.98,7803.8,past,0
2025-03-19 11:00:00,9976.952029520296,106.0,27.295,62.98,7903.9,past,0
2025-03-19 12:00:00,9512.90774907749,106.0,27.295,62.98,7804.299999999999,past,0
2025-03-19 13:00:00,9744.929889298894,106.0,27.295,62.98,7619.4,past,0
2025-03-19 14:00:00,10440.9963099631,106.0,27.295,62.98,7602.0,past,0
2025-03-19 15:00:00,11833.129151291512,106.0,27.295,62.98,7615.000000000001,past,0
2025-03-19 16:00:00,14617.39483394834,106.0,27.295,62.98,7444.300000000001,past,0
2025-03-19 17:00:00,17865.70479704797,106.0,27.295,62.98,7112.0,past,0
2025-03-19 18:00:00,19257.837638376383,106.0,27.295,62.98,6180.7,past,0
2025-03-19 19:00:00,16473.571955719555,106.0,27.295,62.98,6045.9,past,0
2025-03-19 20:00:00,12993.239852398525,106.0,27.295,62.98,5887.2,past,0
2025-03-19 21:00:00,10208.974169741696,106.0,27.295,62.98,5805.8,past,0
2025-03-19 22:00:00,7424.70848708487,106.0,27.295,62.98,5780.4,past,0
2025-03-19 23:00:00,6264.5977859778595,106.0,27.295,62.98,6016.7,past,0
2025-03-20 00:00:00,5605.1494464944635,106.0,27.725,64.91,5964.34,past,0
2025-03-20 01:00:00,4586.031365313653,106.0,27.725,64.91,6282.51,past,0
2025-03-20 02:00:00,3821.692804428044,106.0,27.725,64.91,5893.41,past,0
2025-03-20 03:00:00,3821.692804428044,106.0,27.725,64.91,5846.58,past,0
2025-03-20 04:00:00,5095.590405904059,106.0,27.725,64.91,5994.389999999999,past,0
2025-03-20 05:00:00,8152.944649446495,106.0,27.725,64.91,5977.08,past,0
2025-03-20 06:00:00,12993.755535055348,106.0,27.725,64.91,5825.3099999999995,past,0
2025-03-20 07:00:00,16305.88929889299,106.0,27.725,64.91,6143.78,past,0
2025-03-20 08:00:00,17579.786900369003,106.0,27.725,64.91,6457.68,past,0
2025-03-20 09:00:00,14267.653136531364,106.0,27.725,64.91,7605.12,past,0
2025-03-20 10:00:00,11974.637453874537,106.0,27.725,64.91,8001.42,past,0
2025-03-20 11:00:00,10955.519372693729,106.0,27.725,64.91,7761.32,past,0
2025-03-20 12:00:00,10445.96033210332,106.0,27.725,64.91,7805.12,past,0
2025-03-20 13:00:00,10700.739852398525,106.0,27.725,64.91,7750.46,past,0
2025-03-20 14:00:00,11465.07841328413,106.0,27.725,64.91,7441.32,past,0
2025-03-20 15:00:00,12993.755535055348,106.0,27.725,64.91,7506.44,past,0
2025-03-20 16:00:00,16051.109778597784,106.0,27.725,64.91,7445.02,past,0
2025-03-20 17:00:00,19618.023062730623,106.0,27.725,64.91,7041.87,past,0
2025-03-20 18:00:00,21146.70018450185,106.0,27.725,64.91,6205.48,past,0
2025-03-20 19:00:00,18089.345940959407,106.0,27.725,64.91,6150.0599999999995,past,0
2025-03-20 20:00:00,14267.653136531364,106.0,27.725,64.91,5825.52,past,0
2025-03-20 21:00:00,11210.298892988929,106.0,27.725,64.91,5529.02,past,0
2025-03-20 22:00:00,8152.944649446495,106.0,27.725,64.91,5843.21,past,0
2025-03-20 23:00:00,6879.047047970479,106.0,27.725,64.91,5930.4,past,0
2025-03-21 00:00:00,6240.247232472323,75.0,26.315,71.01,5992.6,past,0
2025-03-21 01:00:00,5105.6568265682645,75.0,26.315,71.01,6230.35,past,0
2025-03-21 02:00:00,4254.714022140221,75.0,26.315,71.01,5835.5,past,0
2025-03-21 03:00:00,4254.714022140221,75.0,26.315,71.01,5785.3,past,0
2025-03-21 04:00:00,5672.952029520296,75.0,26.315,71.01,5956.7,past,0
2025-03-21 05:00:00,9076.723247232472,75.0,26.315,71.01,5923.1,past,0
2025-03-21 06:00:00,14466.027675276751,75.0,26.315,71.01,5559.9,past,0
2025-03-21 07:00:00,18153.446494464944,75.0,26.315,71.01,6153.4,past,0
2025-03-21 08:00:00,19571.68450184502,75.0,26.315,71.01,6598.1,past,0
2025-03-21 09:00:00,15884.265682656824,75.0,26.315,71.01,7357.2,past,0
2025-03-21 10:00:00,13331.437269372693,75.0,26.315,71.01,7665.4,past,0
2025-03-21 11:00:00,12196.846863468634,75.0,26.315,71.01,7765.4,past,0
2025-03-21 12:00:00,11629.551660516605,75.0,26.315,71.01,7672.6,past,0
2025-03-21 13:00:00,11913.19926199262,75.0,26.315,71.01,7664.099999999999,past,0
2025-03-21 14:00:00,12764.142066420662,75.0,26.315,71.01,7487.8,past,0
2025-03-21 15:00:00,14466.027675276751,75.0,26.315,71.01,7439.8,past,0
2025-03-21 16:00:00,17869.79889298893,75.0,26.315,71.01,7451.3,past,0
2025-03-21 17:00:00,21840.865313653136,75.0,26.315,71.01,7153.5,past,0
2025-03-21 18:00:00,23542.750922509225,75.0,26.315,71.01,5983.2,past,0
2025-03-21 19:00:00,20138.97970479704,75.0,26.315,71.01,6028.1,past,0
2025-03-21 20:00:00,15884.265682656824,75.0,26.315,71.01,5869.4,past,0
2025-03-21 21:00:00,12480.494464944646,75.0,26.315,71.01,5642.2,past,0
2025-03-21 22:00:00,9076.723247232472,75.0,26.315,71.01,5852.2,past,0
2025-03-21 23:00:00,7658.485239852398,75.0,26.315,71.01,6143.9,past,0
2025-03-22 00:00:00,4871.559040590405,87.0,27.095,70.17999999999999,6066.05,past,0
2025-03-22 01:00:00,3985.8210332103313,87.0,27.095,70.17999999999999,6209.59,past,0
2025-03-22 02:00:00,3321.517527675276,87.0,27.095,70.17999999999999,5791.37,past,0
2025-03-22 03:00:00,3321.517527675276,87.0,27.095,70.17999999999999,5929.48,past,0
2025-03-22 04:00:00,4428.690036900369,87.0,27.095,70.17999999999999,6057.960000000001,past,0
2025-03-22 05:00:00,7085.90405904059,87.0,27.095,70.17999999999999,5850.639999999999,past,0
2025-03-22 06:00:00,11293.15959409594,87.0,27.095,70.17999999999999,5714.93,past,0
2025-03-22 07:00:00,14171.80811808118,87.0,27.095,70.17999999999999,6295.200000000001,past,0
2025-03-22 08:00:00,15278.980627306271,87.0,27.095,70.17999999999999,6698.349999999999,past,0
2025-03-22 09:00:00,12400.332103321032,87.0,27.095,70.17999999999999,7287.289999999999,past,0
2025-03-22 10:00:00,10407.421586715864,87.0,27.095,70.17999999999999,8099.32,past,0
2025-03-22 11:00:00,9521.683579335791,87.0,27.095,70.17999999999999,8010.150000000001,past,0
2025-03-22 12:00:00,9078.814575645756,87.0,27.095,70.17999999999999,7800.74,past,0
2025-03-22 13:00:00,9300.249077490776,87.0,27.095,70.17999999999999,7670.81,past,0
2025-03-22 14:00:00,9964.552583025828,87.0,27.095,70.17999999999999,7564.4,past,0
2025-03-22 15:00:00,11293.15959409594,87.0,27.095,70.17999999999999,7514.42,past,0
2025-03-22 16:00:00,13950.373616236162,87.0,27.095,70.17999999999999,7300.129999999999,past,0
2025-03-22 17:00:00,17050.45664206642,87.0,27.095,70.17999999999999,6903.83,past,0
2025-03-22 18:00:00,18379.06365313653,87.0,27.095,70.17999999999999,5733.48,past,0
2025-03-22 19:00:00,15721.849630996308,87.0,27.095,70.17999999999999,5967.030000000001,past,0
2025-03-22 20:00:00,12400.332103321032,87.0,27.095,70.17999999999999,5751.959999999999,past,0
2025-03-22 21:00:00,9743.11808118081,87.0,27.095,70.17999999999999,5632.66,past,0
2025-03-22 22:00:00,7085.90405904059,87.0,27.095,70.17999999999999,5759.58,past,0
2025-03-22 23:00:00,5978.731549815498,87.0,27.095,70.17999999999999,5943.280000000001,past,0
2025-03-23 00:00:00,5132.372693726937,90.5,27.71,66.78,6330.1,past,0
2025-03-23 01:00:00,4199.214022140221,90.5,27.71,66.78,6230.799999999999,past,0
2025-03-23 02:00:00,3499.3450184501844,90.5,27.71,66.78,5895.4,past,0
2025-03-23 03:00:00,3499.3450184501844,90.5,27.71,66.78,5755.1,past,0
2025-03-23 04:00:00,4665.7933579335795,90.5,27.71,66.78,5938.2,past,0
2025-03-23 05:00:00,7465.269372693728,90.5,27.71,66.78,5883.9,past,0
2025-03-23 06:00:00,11897.773062730628,90.5,27.71,66.78,5539.8,past,0
2025-03-23 07:00:00,14930.538745387455,90.5,27.71,66.78,5870.5,past,0
2025-03-23 08:00:00,16096.987084870852,90.5,27.71,66.78,6230.1,past,0
2025-03-23 09:00:00,13064.221402214022,90.5,27.71,66.78,6794.5,past,0
2025-03-23 10:00:00,10964.614391143912,90.5,27.71,66.78,7371.5,past,0
2025-03-23 11:00:00,10031.455719557196,90.5,27.71,66.78,7426.93,past,0
2025-03-23 12:00:00,9564.87638376384,90.5,27.71,66.78,7269.09,past,0
2025-03-23 13:00:00,9798.16605166052,90.5,27.71,66.78,7036.07,past,0
2025-03-23 14:00:00,10498.035055350552,90.5,27.71,66.78,7023.29,past,0
2025-03-23 15:00:00,11897.773062730628,90.5,27.71,66.78,7099.32,past,0
2025-03-23 16:00:00,14697.249077490776,90.5,27.71,66.78,7083.3099999999995,past,0
2025-03-23 17:00:00,17963.30442804428,90.5,27.71,66.78,6803.51,past,0
2025-03-23 18:00:00,19363.04243542436,90.5,27.71,66.78,5964.27,past,0
2025-03-23 19:00:00,16563.566420664203,90.5,27.71,66.78,5728.37,past,0
2025-03-23 20:00:00,13064.221402214022,90.5,27.71,66.78,5564.9,past,0
2025-03-23 21:00:00,10264.745387453871,90.5,27.71,66.78,5315.6900000000005,past,0
2025-03-23 22:00:00,7465.269372693728,90.5,27.71,66.78,5657.1900000000005,past,0
2025-03-23 23:00:00,6298.821033210333,90.5,27.71,66.78,5896.4400000000005,past,0
2025-03-24 00:00:00,3681.7730627306264,94.5,27.835,62.9,5872.7,past,0
2025-03-24 01:00:00,3012.3597785977854,94.5,27.835,62.9,6125.4,past,0
2025-03-24 02:00:00,2510.299815498155,94.5,27.835,62.9,5733.9,past,0
2025-03-24 03:00:00,2510.299815498155,94.5,27.835,62.9,5791.0,past,0
2025-03-24 04:00:00,3347.066420664207,94.5,27.835,62.9,5852.2,past,0
2025-03-24 05:00:00,5355.306273062731,94.5,27.835,62.9,5895.6,past,0
2025-03-24 06:00:00,8535.019372693727,94.5,27.835,62.9,5142.400000000001,past,0
2025-03-24 07:00:00,10710.61254612546,94.5,27.835,62.9,5371.929999999999,past,0
2025-03-24 08:00:00,11547.379151291516,94.5,27.835,62.9,5646.91,past,0
2025-03-24 09:00:00,9371.785977859778,94.5,27.835,62.9,6681.33,past,0
2025-03-24 10:00:00,7865.606088560886,94.5,27.835,62.9,6914.639999999999,past,0
2025-03-24 11:00:00,7196.192804428045,94.5,27.835,62.9,6866.73,past,0
2025-03-24 12:00:00,6861.486162361625,94.5,27.835,62.9,6758.86,past,0
2025-03-24 13:00:00,7028.839483394836,94.5,27.835,62.9,6711.6900000000005,past,0
2025-03-24 14:00:00,7530.899446494464,94.5,27.835,62.9,6511.64,past,0
2025-03-24 15:00:00,8535.019372693727,94.5,27.835,62.9,6348.3,past,0
2025-03-24 16:00:00,10543.259225092252,94.5,27.835,62.9,6101.71,past,0
2025-03-24 17:00:00,12886.205719557194,94.5,27.835,62.9,5889.799999999999,past,0
2025-03-24 18:00:00,13890.32564575646,94.5,27.835,62.9,4723.0,past,0
2025-03-24 19:00:00,11882.085793357932,94.5,27.835,62.9,5081.6,past,0
2025-03-24 20:00:00,9371.785977859778,94.5,27.835,62.9,4947.6,past,0
2025-03-24 21:00:00,7363.546125461253,94.5,27.835,62.9,4917.2,past,0
2025-03-24 22:00:00,5355.306273062731,94.5,27.835,62.9,5184.1,past,0
2025-03-24 23:00:00,4518.539667896679,94.5,27.835,62.9,5302.2,past,0
2025-03-25 00:00:00,5976.348708487084,87.0,27.82,63.42,5515.9,past,0
2025-03-25 01:00:00,4889.739852398523,87.0,27.82,63.42,5846.6,past,0
2025-03-25 02:00:00,4074.783210332103,87.0,27.82,63.42,5560.2,past,0
2025-03-25 03:00:00,4074.783210332103,87.0,27.82,63.42,5473.6,past,0
2025-03-25 04:00:00,5433.044280442805,87.0,27.82,63.42,5568.7,past,0
2025-03-25 05:00:00,8692.870848708486,87.0,27.82,63.42,5571.1,past,0
2025-03-25 06:00:00,13854.26291512915,87.0,27.82,63.42,5303.2,past,0
2025-03-25 07:00:00,17385.741697416972,87.0,27.82,63.42,5835.1,past,0
2025-03-25 08:00:00,18744.002767527676,87.0,27.82,63.42,6210.1,past,0
2025-03-25 09:00:00,15212.52398523985,87.0,27.82,63.42,7144.0,past,0
2025-03-25 10:00:00,12767.65405904059,87.0,27.82,63.42,7509.700000000001,past,0
2025-03-25 11:00:00,11681.04520295203,87.0,27.82,63.42,7607.1,past,0
2025-03-25 12:00:00,11137.74077490775,87.0,27.82,63.42,7385.0,past,0
2025-03-25 13:00:00,11409.39298892989,87.0,27.82,63.42,7277.5,past,0
2025-03-25 14:00:00,12224.349630996308,87.0,27.82,63.42,7175.799999999999,past,0
2025-03-25 15:00:00,13854.26291512915,87.0,27.82,63.42,7164.3,past,0
2025-03-25 16:00:00,17114.089483394833,87.0,27.82,63.42,7004.7,past,0
2025-03-25 17:00:00,20917.220479704796,87.0,27.82,63.42,6470.1,past,0
2025-03-25 18:00:00,22547.13376383764,87.0,27.82,63.42,5793.0,past,0
2025-03-25 19:00:00,19287.307195571953,87.0,27.82,63.42,5582.8,past,0
2025-03-25 20:00:00,15212.52398523985,87.0,27.82,63.42,5420.5,past,0
2025-03-25 21:00:00,11952.697416974168,87.0,27.82,63.42,5190.5,past,0
2025-03-25 22:00:00,8692.870848708486,87.0,27.82,63.42,5397.3,past,0
2025-03-25 23:00:00,7334.609778597785,87.0,27.82,63.42,5521.4,past,0
2025-03-26 00:00:00,6159.269372693726,93.0,27.885,62.489999999999995,5765.9,past,0
2025-03-26 01:00:00,5039.40221402214,93.0,27.885,62.489999999999995,5932.7,past,0
2025-03-26 02:00:00,4199.50184501845,93.0,27.885,62.489999999999995,5630.4,past,0
2025-03-26 03:00:00,4199.50184501845,93.0,27.885,62.489999999999995,5570.1,past,0
2025-03-26 04:00:00,5599.335793357934,93.0,27.885,62.489999999999995,5651.299999999999,past,0
2025-03-26 05:00:00,8958.937269372693,93.0,27.885,62.489999999999995,5588.0,past,0
2025-03-26 06:00:00,14278.306273062728,93.0,27.885,62.489999999999995,5482.9,past,0
2025-03-26 07:00:00,17917.874538745386,93.0,27.885,62.489999999999995,5853.95,past,0
2025-03-26 08:00:00,19317.70848708487,93.0,27.885,62.489999999999995,6349.98,past,0
2025-03-26 09:00:00,15678.140221402213,93.0,27.885,62.489999999999995,7408.31,past,0
2025-03-26 10:00:00,13158.439114391143,93.0,27.885,62.489999999999995,7774.16,past,0
2025-03-26 11:00:00,12038.571955719555,93.0,27.885,62.489999999999995,7895.91,past,0
2025-03-26 12:00:00,11478.638376383764,93.0,27.885,62.489999999999995,7739.14,past,0
2025-03-26 13:00:00,11758.60516605166,93.0,27.885,62.489999999999995,7614.549999999999,past,0
2025-03-26 14:00:00,12598.505535055348,93.0,27.885,62.489999999999995,7332.31,past,0
2025-03-26 15:00:00,14278.306273062728,93.0,27.885,62.489999999999995,7308.76,past,0
2025-03-26 16:00:00,17637.90774907749,93.0,27.885,62.489999999999995,7270.61,past,0
2025-03-26 17:00:00,21557.442804428043,93.0,27.885,62.489999999999995,6758.960000000001,past,0
2025-03-26 18:00:00,23237.243542435423,93.0,27.885,62.489999999999995,5805.2,past,0
2025-03-26 19:00:00,19877.64206642066,93.0,27.885,62.489999999999995,5925.0,past,0
2025-03-26 20:00:00,15678.140221402213,93.0,27.885,62.489999999999995,5750.2,past,0
2025-03-26 21:00:00,12318.538745387452,93.0,27.885,62.489999999999995,5800.6,past,0
2025-03-26 22:00:00,8958.937269372693,93.0,27.885,62.489999999999995,5761.219999999999,past,0
2025-03-26 23:00:00,7559.10332103321,93.0,27.885,62.489999999999995,5952.7,past,0
2025-03-27 00:00:00,4462.387453874538,84.0,27.409999999999997,66.41,6013.4,past,0
2025-03-27 01:00:00,3651.044280442804,84.0,27.409999999999997,66.41,6271.8,past,0
2025-03-27 02:00:00,3042.536900369003,84.0,27.409999999999997,66.41,5950.3,past,0
2025-03-27 03:00:00,3042.536900369003,84.0,27.409999999999997,66.41,5891.6,past,0
2025-03-27 04:00:00,4056.715867158672,84.0,27.409999999999997,66.41,6009.6,past,0
2025-03-27 05:00:00,6490.745387453874,84.0,27.409999999999997,66.41,5873.4,past,0
2025-03-27 06:00:00,10344.62546125461,84.0,27.409999999999997,66.41,5674.2,past,0
2025-03-27 07:00:00,12981.490774907748,84.0,27.409999999999997,66.41,6095.55,past,0
2025-03-27 08:00:00,13995.669741697417,84.0,27.409999999999997,66.41,6531.33,past,0
2025-03-27 09:00:00,11358.80442804428,84.0,27.409999999999997,66.41,7515.33,past,0
2025-03-27 10:00:00,9533.282287822878,84.0,27.409999999999997,66.41,7903.49,past,0
2025-03-27 11:00:00,8721.939114391143,84.0,27.409999999999997,66.41,7908.3,past,0
2025-03-27 12:00:00,8316.267527675276,84.0,27.409999999999997,66.41,7737.19,past,0
2025-03-27 13:00:00,8519.103321033212,84.0,27.409999999999997,66.41,7519.9,past,0
2025-03-27 14:00:00,9127.610701107007,84.0,27.409999999999997,66.41,7306.139999999999,past,0
2025-03-27 15:00:00,10344.62546125461,84.0,27.409999999999997,66.41,7392.75,past,0
2025-03-27 16:00:00,12778.654981549817,84.0,27.409999999999997,66.41,7056.7,past,0
2025-03-27 17:00:00,15618.356088560884,84.0,27.409999999999997,66.41,6876.01,past,0
2025-03-27 18:00:00,16835.370848708488,84.0,27.409999999999997,66.41,5924.04,past,0
2025-03-27 19:00:00,14401.341328413282,84.0,27.409999999999997,66.41,5990.4,past,0
2025-03-27 20:00:00,11358.80442804428,84.0,27.409999999999997,66.41,5806.9,past,0
2025-03-27 21:00:00,8924.774907749075,84.0,27.409999999999997,66.41,5563.0,past,0
2025-03-27 22:00:00,6490.745387453874,84.0,27.409999999999997,66.41,5870.6,past,0
2025-03-27 23:00:00,5476.566420664207,84.0,27.409999999999997,66.41,5940.3,past,0
2025-03-28 00:00:00,6090.874538745386,97.0,28.32,63.489999999999995,6065.6,past,0
2025-03-28 01:00:00,4983.442804428043,97.0,28.32,63.489999999999995,6264.8,past,0
2025-03-28 02:00:00,4152.869003690036,97.0,28.32,63.489999999999995,5860.6,past,0
2025-03-28 03:00:00,4152.869003690036,97.0,28.32,63.489999999999995,5930.200000000001,past,0
2025-03-28 04:00:00,5537.158671586716,97.0,28.32,63.489999999999995,6017.2,past,0
2025-03-28 05:00:00,8859.453874538745,97.0,28.32,63.489999999999995,5932.2,past,0
2025-03-28 06:00:00,14119.754612546123,97.0,28.32,63.489999999999995,5651.3,past,0
2025-03-28 07:00:00,17718.90774907749,97.0,28.32,63.489999999999995,6186.7,past,0
2025-03-28 08:00:00,19103.19741697417,97.0,28.32,63.489999999999995,6638.700000000001,past,0
2025-03-28 09:00:00,15504.044280442802,97.0,28.32,63.489999999999995,7230.6,past,0
2025-03-28 10:00:00,13012.32287822878,97.0,28.32,63.489999999999995,7830.59,past,0
2025-03-28 11:00:00,11904.891143911438,97.0,28.32,63.489999999999995,7826.5,past,0
2025-03-28 12:00:00,11351.175276752769,97.0,28.32,63.489999999999995,7829.74,past,0
2025-03-28 13:00:00,11628.033210332103,97.0,28.32,63.489999999999995,7640.68,past,0
2025-03-28 14:00:00,12458.60701107011,97.0,28.32,63.489999999999995,7464.34,past,0
2025-03-28 15:00:00,14119.754612546123,97.0,28.32,63.489999999999995,7378.95,past,0
2025-03-28 16:00:00,17442.049815498154,97.0,28.32,63.489999999999995,7274.49,past,0
2025-03-28 17:00:00,21318.060885608855,97.0,28.32,63.489999999999995,6995.77,past,0
2025-03-28 18:00:00,22979.20848708487,97.0,28.32,63.489999999999995,5945.22,past,0
2025-03-28 19:00:00,19656.91328413284,97.0,28.32,63.489999999999995,6062.4400000000005,past,0
2025-03-28 20:00:00,15504.044280442802,97.0,28.32,63.489999999999995,5858.96,past,0
2025-03-28 21:00:00,12181.749077490773,97.0,28.32,63.489999999999995,5640.7,past,0
2025-03-28 22:00:00,8859.453874538745,97.0,28.32,63.489999999999995,5898.79,past,0
2025-03-28 23:00:00,7475.164206642066,97.0,28.32,63.489999999999995,6052.05,past,0
2025-03-29 00:00:00,4103.121771217711,102.5,28.595,63.510000000000005,6427.0,past,0
2025-03-29 01:00:00,3357.0996309963093,102.5,28.595,63.510000000000005,6336.8,past,0
2025-03-29 02:00:00,2797.583025830258,102.5,28.595,63.510000000000005,5898.1,past,0
2025-03-29 03:00:00,2797.583025830258,102.5,28.595,63.510000000000005,6011.5,past,0
2025-03-29 04:00:00,3730.110701107011,102.5,28.595,63.510000000000005,6042.3,past,0
2025-03-29 05:00:00,5968.177121771218,102.5,28.595,63.510000000000005,5934.2,past,0
2025-03-29 06:00:00,9511.782287822876,102.5,28.595,63.510000000000005,5585.1,past,0
2025-03-29 07:00:00,11936.354243542435,102.5,28.595,63.510000000000005,5938.4,past,0
2025-03-29 08:00:00,12868.881918819188,102.5,28.595,63.510000000000005,6286.4,past,0
2025-03-29 09:00:00,10444.30996309963,102.5,28.595,63.510000000000005,7440.5,past,0
2025-03-29 10:00:00,8765.760147601475,102.5,28.595,63.510000000000005,7730.0,past,0
2025-03-29 11:00:00,8019.738007380073,102.5,28.595,63.510000000000005,7611.6,past,0
2025-03-29 12:00:00,7646.726937269373,102.5,28.595,63.510000000000005,7661.4,past,0
2025-03-29 13:00:00,7833.232472324724,102.5,28.595,63.510000000000005,7464.2,past,0
2025-03-29 14:00:00,8392.749077490773,102.5,28.595,63.510000000000005,7466.4,past,0
2025-03-29 15:00:00,9511.782287822876,102.5,28.595,63.510000000000005,7501.6,past,0
2025-03-29 16:00:00,11749.848708487085,102.5,28.595,63.510000000000005,7531.1,past,0
2025-03-29 17:00:00,14360.926199261992,102.5,28.595,63.510000000000005,6902.6,past,0
2025-03-29 18:00:00,15479.959409594096,102.5,28.595,63.510000000000005,6211.1,past,0
2025-03-29 19:00:00,13241.892988929889,102.5,28.595,63.510000000000005,5941.1,past,0
2025-03-29 20:00:00,10444.30996309963,102.5,28.595,63.510000000000005,5736.4,past,0
2025-03-29 21:00:00,8206.243542435423,102.5,28.595,63.510000000000005,5534.7,past,0
2025-03-29 22:00:00,5968.177121771218,102.5,28.595,63.510000000000005,5986.5,past,0
2025-03-29 23:00:00,5035.649446494464,102.5,28.595,63.510000000000005,5960.200000000001,past,0
2025-03-30 00:00:00,5373.094095940958,94.5,28.685,62.48,6455.6,past,0
2025-03-30 01:00:00,4396.167896678966,94.5,28.685,62.48,6235.3,past,0
2025-03-30 02:00:00,3663.473247232472,94.5,28.685,62.48,6187.5,past,0
2025-03-30 03:00:00,3663.473247232472,94.5,28.685,62.48,6118.0,past,0
2025-03-30 04:00:00,4884.630996309963,94.5,28.685,62.48,6096.3,past,0
2025-03-30 05:00:00,7815.409594095941,94.5,28.685,62.48,5827.9,past,0
2025-03-30 06:00:00,12455.809040590406,94.5,28.685,62.48,5304.9,past,0
2025-03-30 07:00:00,15630.819188191885,94.5,28.685,62.48,5842.2,past,0
2025-03-30 08:00:00,16851.976937269377,94.5,28.685,62.48,6097.4,past,0
2025-03-30 09:00:00,13676.966789667897,94.5,28.685,62.48,6797.3,past,0
2025-03-30 10:00:00,11478.882841328414,94.5,28.685,62.48,7616.4,past,0
2025-03-30 11:00:00,10501.95664206642,94.5,28.685,62.48,7660.6,past,0
2025-03-30 12:00:00,10013.493542435426,94.5,28.685,62.48,7572.9,past,0
2025-03-30 13:00:00,10257.725092250925,94.5,28.685,62.48,7408.9,past,0
2025-03-30 14:00:00,10990.419741697417,94.5,28.685,62.48,7170.1,past,0
2025-03-30 15:00:00,12455.809040590406,94.5,28.685,62.48,7158.9,past,0
2025-03-30 16:00:00,15386.587638376384,94.5,28.685,62.48,7146.4,past,0
2025-03-30 17:00:00,18805.82933579336,94.5,28.685,62.48,6700.6,past,0
2025-03-30 18:00:00,20271.218634686353,94.5,28.685,62.48,5817.3,past,0
2025-03-30 19:00:00,17340.440036900367,94.5,28.685,62.48,5905.2,past,0
2025-03-30 20:00:00,13676.966789667897,94.5,28.685,62.48,5721.799999999999,past,0
2025-03-30 21:00:00,10746.188191881916,94.5,28.685,62.48,5505.999999999999,past,0
2025-03-30 22:00:00,7815.409594095941,94.5,28.685,62.48,5706.0,past,0
2025-03-30 23:00:00,6594.251845018451,94.5,28.685,62.48,5900.400000000001,past,0
2025-03-31 00:00:00,3924.767527675276,95.5,27.78,63.3,5909.200000000001,past,0
2025-03-31 01:00:00,3211.1734317343166,95.5,27.78,63.3,6175.5,past,0
2025-03-31 02:00:00,2675.9778597785976,95.5,27.78,63.3,5743.200000000001,past,0
2025-03-31 03:00:00,2675.9778597785976,95.5,27.78,63.3,5829.8,past,0
2025-03-31 04:00:00,3567.970479704797,95.5,27.78,63.3,5806.9,past,0
2025-03-31 05:00:00,5708.752767527676,95.5,27.78,63.3,5814.3,past,0
2025-03-31 06:00:00,9098.324723247231,95.5,27.78,63.3,5412.200000000001,past,0
2025-03-31 07:00:00,11417.505535055352,95.5,27.78,63.3,5384.700000000001,past,0
2025-03-31 08:00:00,12309.498154981551,95.5,27.78,63.3,5772.3,past,0
2025-03-31 09:00:00,9990.31734317343,95.5,27.78,63.3,6488.500000000001,past,0
2025-03-31 10:00:00,8384.730627306273,95.5,27.78,63.3,6805.7,past,0
2025-03-31 11:00:00,7671.136531365314,95.5,27.78,63.3,6754.4,past,0
2025-03-31 12:00:00,7314.339483394836,95.5,27.78,63.3,6727.499999999999,past,0
2025-03-31 13:00:00,7492.738007380076,95.5,27.78,63.3,6650.0,past,0
2025-03-31 14:00:00,8027.933579335792,95.5,27.78,63.3,6512.5,past,0
2025-03-31 15:00:00,9098.324723247231,95.5,27.78,63.3,6355.0,past,0
2025-03-31 16:00:00,11239.107011070111,95.5,27.78,63.3,6316.700000000001,past,0
2025-03-31 17:00:00,13736.686346863467,95.5,27.78,63.3,5818.7,past,0
2025-03-31 18:00:00,14807.077490774913,95.5,27.78,63.3,4668.2,past,0
2025-03-31 19:00:00,12666.295202952027,95.5,27.78,63.3,5108.9,past,0
2025-03-31 20:00:00,9990.31734317343,95.5,27.78,63.3,5061.5,past,0
2025-03-31 21:00:00,7849.535055350552,95.5,27.78,63.3,4834.4,past,0
2025-03-31 22:00:00,5708.752767527676,95.5,27.78,63.3,5288.7,past,0
2025-03-31 23:00:00,4816.760147601476,95.5,27.78,63.3,5420.6,past,0
2025-04-01 00:00:00,6547.029520295202,73.0,28.21666666666667,61.44444444444444,5521.8,past,0
2025-04-01 01:00:00,5356.660516605165,73.0,28.21666666666667,61.44444444444444,5920.0,past,0
2025-04-01 02:00:00,4463.883763837638,73.0,28.21666666666667,61.44444444444444,5686.0,past,0
2025-04-01 03:00:00,4463.883763837638,73.0,28.21666666666667,61.44444444444444,5653.8,past,0
2025-04-01 04:00:00,5951.845018450184,73.0,28.21666666666667,61.44444444444444,5669.7,past,0
2025-04-01 05:00:00,9522.952029520296,73.0,28.21666666666667,61.44444444444444,5632.6,past,0
2025-04-01 06:00:00,15177.204797047969,73.0,28.21666666666667,61.44444444444444,5301.6,past,0
2025-04-01 07:00:00,19045.90405904059,73.0,28.21666666666667,61.44444444444444,5918.58,past,0
2025-04-01 08:00:00,20533.865313653136,73.0,28.21666666666667,61.44444444444444,6437.3,past,0
2025-04-01 09:00:00,16665.166051660515,73.0,28.21666666666667,61.44444444444444,7475.200000000001,past,0
2025-04-01 10:00:00,13986.835793357932,73.0,28.21666666666667,61.44444444444444,7885.3,past,0
2025-04-01 11:00:00,12796.466789667897,73.0,28.21666666666667,61.44444444444444,8056.2,past,0
2025-04-01 12:00:00,12201.282287822878,73.0,28.21666666666667,61.44444444444444,8000.0,past,0
2025-04-01 13:00:00,12498.87453874539,73.0,28.21666666666667,61.44444444444444,7758.599999999999,past,0
2025-04-01 14:00:00,13391.651291512911,73.0,28.21666666666667,61.44444444444444,7558.1,past,0
2025-04-01 15:00:00,15177.204797047969,73.0,28.21666666666667,61.44444444444444,7568.1,past,0
2025-04-01 16:00:00,18748.31180811808,73.0,28.21666666666667,61.44444444444444,7681.0,past,0
2025-04-01 17:00:00,22914.60332103321,73.0,28.21666666666667,61.44444444444444,7201.9,past,0
2025-04-01 18:00:00,24700.156826568265,73.0,28.21666666666667,61.44444444444444,6351.5,past,0
2025-04-01 19:00:00,21129.04981549815,73.0,28.21666666666667,61.44444444444444,6067.5,past,0
2025-04-01 20:00:00,16665.166051660515,73.0,28.21666666666667,61.44444444444444,5892.4,past,0
2025-04-01 21:00:00,13094.059040590404,73.0,28.21666666666667,61.44444444444444,5689.7,past,0
2025-04-01 22:00:00,9522.952029520296,73.0,28.21666666666667,61.44444444444444,6052.2,past,0
2025-04-01 23:00:00,8034.990774907749,73.0,28.21666666666667,61.44444444444444,6190.7,past,0
2025-04-02 00:00:00,6695.4686346863455,75.0,29.305555555555557,60.07777777777778,6115.370000000001,past,0
2025-04-02 01:00:00,5478.11070110701,75.0,29.305555555555557,60.07777777777778,6346.37,past,0
2025-04-02 02:00:00,4565.092250922508,75.0,29.305555555555557,60.07777777777778,6147.52,past,0
2025-04-02 03:00:00,4565.092250922508,75.0,29.305555555555557,60.07777777777778,6141.76,past,0
2025-04-02 04:00:00,6086.789667896679,75.0,29.305555555555557,60.07777777777778,6084.000000000001,past,0
2025-04-02 05:00:00,9738.863468634689,75.0,29.305555555555557,60.07777777777778,6074.700000000001,past,0
2025-04-02 06:00:00,15521.313653136527,75.0,29.305555555555557,60.07777777777778,5699.54,past,0
2025-04-02 07:00:00,19477.726937269377,75.0,29.305555555555557,60.07777777777778,6138.909999999999,past,0
2025-04-02 08:00:00,20999.424354243543,75.0,29.305555555555557,60.07777777777778,6558.66,past,0
2025-04-02 09:00:00,17043.0110701107,75.0,29.305555555555557,60.07777777777778,7510.85,past,0
2025-04-02 10:00:00,14303.955719557194,75.0,29.305555555555557,60.07777777777778,8047.800000000001,past,0
2025-04-02 11:00:00,13086.59778597786,75.0,29.305555555555557,60.07777777777778,8020.3,past,0
2025-04-02 12:00:00,12477.918819188191,75.0,29.305555555555557,60.07777777777778,7970.03,past,0
2025-04-02 13:00:00,12782.258302583026,75.0,29.305555555555557,60.07777777777778,7892.43,past,0
2025-04-02 14:00:00,13695.276752767526,75.0,29.305555555555557,60.07777777777778,7678.44,past,0
2025-04-02 15:00:00,15521.313653136527,75.0,29.305555555555557,60.07777777777778,7670.0,past,0
2025-04-02 16:00:00,19173.387453874537,75.0,29.305555555555557,60.07777777777778,7676.0,past,0
2025-04-02 17:00:00,23434.140221402213,75.0,29.305555555555557,60.07777777777778,7167.98,past,0
2025-04-02 18:00:00,25260.17712177122,75.0,29.305555555555557,60.07777777777778,6095.9,past,0
2025-04-02 19:00:00,21608.10332103321,75.0,29.305555555555557,60.07777777777778,6213.93,past,0
2025-04-02 20:00:00,17043.0110701107,75.0,29.305555555555557,60.07777777777778,5917.9,past,0
2025-04-02 21:00:00,13390.937269372693,75.0,29.305555555555557,60.07777777777778,5725.34,past,0
2025-04-02 22:00:00,9738.863468634689,75.0,29.305555555555557,60.07777777777778,6164.0599999999995,past,0
2025-04-02 23:00:00,8217.166051660517,75.0,29.305555555555557,60.07777777777778,5986.25,past,0
2025-04-03 00:00:00,3798.348708487084,82.0,29.011111111111113,58.1888888888889,6349.1,past,0
2025-04-03 01:00:00,3107.7398523985235,82.0,29.011111111111113,58.1888888888889,6352.1,past,0
2025-04-03 02:00:00,2589.783210332103,82.0,29.011111111111113,58.1888888888889,6187.9,past,0
2025-04-03 03:00:00,2589.783210332103,82.0,29.011111111111113,58.1888888888889,5941.6,past,0
2025-04-03 04:00:00,3453.0442804428044,82.0,29.011111111111113,58.1888888888889,6029.0,past,0
2025-04-03 05:00:00,5524.870848708487,82.0,29.011111111111113,58.1888888888889,5833.3,past,0
2025-04-03 06:00:00,8805.26291512915,82.0,29.011111111111113,58.1888888888889,5428.3,past,0
2025-04-03 07:00:00,11049.741697416974,82.0,29.011111111111113,58.1888888888889,6249.299999999999,past,0
2025-04-03 08:00:00,11913.002767527674,82.0,29.011111111111113,58.1888888888889,6765.8,past,0
2025-04-03 09:00:00,9668.523985239852,82.0,29.011111111111113,58.1888888888889,6931.9,past,0
2025-04-03 10:00:00,8114.654059040589,82.0,29.011111111111113,58.1888888888889,7876.6,past,0
2025-04-03 11:00:00,7424.045202952029,82.0,29.011111111111113,58.1888888888889,7916.0,past,0
2025-04-03 12:00:00,7078.740774907749,82.0,29.011111111111113,58.1888888888889,7806.0,past,0
2025-04-03 13:00:00,7251.39298892989,82.0,29.011111111111113,58.1888888888889,7898.1,past,0
2025-04-03 14:00:00,7769.349630996308,82.0,29.011111111111113,58.1888888888889,7749.3,past,0
2025-04-03 15:00:00,8805.26291512915,82.0,29.011111111111113,58.1888888888889,7780.8,past,0
2025-04-03 16:00:00,10877.089483394831,82.0,29.011111111111113,58.1888888888889,7811.5,past,0
2025-04-03 17:00:00,13294.220479704796,82.0,29.011111111111113,58.1888888888889,7088.8,past,0
2025-04-03 18:00:00,14330.13376383764,82.0,29.011111111111113,58.1888888888889,6082.7,past,0
2025-04-03 19:00:00,12258.307195571952,82.0,29.011111111111113,58.1888888888889,6164.4,past,0
2025-04-03 20:00:00,9668.523985239852,82.0,29.011111111111113,58.1888888888889,5985.0,past,0
2025-04-03 21:00:00,7596.697416974168,82.0,29.011111111111113,58.1888888888889,5785.799999999999,past,0
2025-04-03 22:00:00,5524.870848708487,82.0,29.011111111111113,58.1888888888889,6318.08,past,0
2025-04-03 23:00:00,4661.609778597785,82.0,29.011111111111113,58.1888888888889,6548.9,past,0
2025-04-04 00:00:00,4956.5147601476,70.0,29.14444444444445,55.62222222222223,6156.08,past,0
2025-04-04 01:00:00,4055.3302583025825,70.0,29.14444444444445,55.62222222222223,6216.16,past,0
2025-04-04 02:00:00,3379.4418819188186,70.0,29.14444444444445,55.62222222222223,5969.04,past,0
2025-04-04 03:00:00,3379.4418819188186,70.0,29.14444444444445,55.62222222222223,5929.620000000001,past,0
2025-04-04 04:00:00,4505.922509225093,70.0,29.14444444444445,55.62222222222223,6097.11,past,0
2025-04-04 05:00:00,7209.476014760147,70.0,29.14444444444445,55.62222222222223,5875.46,past,0
2025-04-04 06:00:00,11490.102398523984,70.0,29.14444444444445,55.62222222222223,5604.0,past,0
2025-04-04 07:00:00,14418.952029520296,70.0,29.14444444444445,55.62222222222223,6359.099999999999,past,0
2025-04-04 08:00:00,15545.432656826568,70.0,29.14444444444445,55.62222222222223,6832.21,past,0
2025-04-04 09:00:00,12616.583025830258,70.0,29.14444444444445,55.62222222222223,7453.65,past,0
2025-04-04 10:00:00,10588.917896678966,70.0,29.14444444444445,55.62222222222223,7945.76,past,0
2025-04-04 11:00:00,9687.733394833947,70.0,29.14444444444445,55.62222222222223,8186.13,past,0
2025-04-04 12:00:00,9237.14114391144,70.0,29.14444444444445,55.62222222222223,7866.57,past,0
2025-04-04 13:00:00,9462.437269372696,70.0,29.14444444444445,55.62222222222223,7754.0,past,0
2025-04-04 14:00:00,10138.325645756457,70.0,29.14444444444445,55.62222222222223,7756.88,past,0
2025-04-04 15:00:00,11490.102398523984,70.0,29.14444444444445,55.62222222222223,7709.08,past,0
2025-04-04 16:00:00,14193.65590405904,70.0,29.14444444444445,55.62222222222223,7700.98,past,0
2025-04-04 17:00:00,17347.801660516605,70.0,29.14444444444445,55.62222222222223,7235.18,past,0
2025-04-04 18:00:00,18699.578413284133,70.0,29.14444444444445,55.62222222222223,5841.280000000001,past,0
2025-04-04 19:00:00,15996.024907749072,70.0,29.14444444444445,55.62222222222223,6220.96,past,0
2025-04-04 20:00:00,12616.583025830258,70.0,29.14444444444445,55.62222222222223,6008.67,past,0
2025-04-04 21:00:00,9913.0295202952,70.0,29.14444444444445,55.62222222222223,5811.0599999999995,past,0
2025-04-04 22:00:00,7209.476014760147,70.0,29.14444444444445,55.62222222222223,6237.24,past,0
2025-04-04 23:00:00,6082.995387453874,70.0,29.14444444444445,55.62222222222223,6347.68,past,0
2025-04-05 00:00:00,3946.016605166051,74.0,29.466666666666665,51.5,6235.35,past,0
2025-04-05 01:00:00,3228.5590405904054,74.0,29.466666666666665,51.5,6475.16,past,0
2025-04-05 02:00:00,2690.4658671586712,74.0,29.466666666666665,51.5,6205.71,past,0
2025-04-05 03:00:00,2690.4658671586712,74.0,29.466666666666665,51.5,6142.299999999999,past,0
2025-04-05 04:00:00,3587.287822878229,74.0,29.466666666666665,51.5,6259.46,past,0
2025-04-05 05:00:00,5739.660516605166,74.0,29.466666666666665,51.5,6179.79,past,0
2025-04-05 06:00:00,9147.583948339485,74.0,29.466666666666665,51.5,5736.49,past,0
2025-04-05 07:00:00,11479.321033210332,74.0,29.466666666666665,51.5,6140.84,past,0
2025-04-05 08:00:00,12376.142988929889,74.0,29.466666666666665,51.5,6637.92,past,0
2025-04-05 09:00:00,10044.40590405904,74.0,29.466666666666665,51.5,7263.2,past,0
2025-04-05 10:00:00,8430.126383763836,74.0,29.466666666666665,51.5,7995.04,past,0
2025-04-05 11:00:00,7712.668819188191,74.0,29.466666666666665,51.5,7996.780000000001,past,0
2025-04-05 12:00:00,7353.940036900369,74.0,29.466666666666665,51.5,7925.68,past,0
2025-04-05 13:00:00,7533.304428044281,74.0,29.466666666666665,51.5,7750.58,past,0
2025-04-05 14:00:00,8071.397601476014,74.0,29.466666666666665,51.5,7701.39,past,0
2025-04-05 15:00:00,9147.583948339485,74.0,29.466666666666665,51.5,7704.01,past,0
2025-04-05 16:00:00,11299.95664206642,74.0,29.466666666666665,51.5,7693.35,past,0
2025-04-05 17:00:00,13811.05811808118,74.0,29.466666666666665,51.5,7387.28,past,0
2025-04-05 18:00:00,14887.24446494465,74.0,29.466666666666665,51.5,6060.8,past,0
2025-04-05 19:00:00,12734.87177121771,74.0,29.466666666666665,51.5,6194.98,past,0
2025-04-05 20:00:00,10044.40590405904,74.0,29.466666666666665,51.5,6017.09,past,0
2025-04-05 21:00:00,7892.033210332102,74.0,29.466666666666665,51.5,6224.49,past,0
2025-04-05 22:00:00,5739.660516605166,74.0,29.466666666666665,51.5,6070.33,past,0
2025-04-05 23:00:00,4842.838560885609,74.0,29.466666666666665,51.5,6275.17,past,0
2025-04-06 00:00:00,5029.374538745386,89.0,29.772222222222226,50.5,6245.4,past,0
2025-04-06 01:00:00,4114.942804428044,89.0,29.772222222222226,50.5,6478.76,past,0
2025-04-06 02:00:00,3429.119003690037,89.0,29.772222222222226,50.5,6192.37,past,0
2025-04-06 03:00:00,3429.119003690037,89.0,29.772222222222226,50.5,6086.72,past,0
2025-04-06 04:00:00,4572.158671586716,89.0,29.772222222222226,50.5,6229.99,past,0
2025-04-06 05:00:00,7315.453874538746,89.0,29.772222222222226,50.5,6121.84,past,0
2025-04-06 06:00:00,11659.004612546123,89.0,29.772222222222226,50.5,5862.4400000000005,past,0
2025-04-06 07:00:00,14630.907749077493,89.0,29.772222222222226,50.5,5987.9,past,0
2025-04-06 08:00:00,15773.947416974172,89.0,29.772222222222226,50.5,6249.9,past,0
2025-04-06 09:00:00,12802.044280442802,89.0,29.772222222222226,50.5,7086.200000000001,past,0
2025-04-06 10:00:00,10744.572878228782,89.0,29.772222222222226,50.5,7744.200000000001,past,0
2025-04-06 11:00:00,9830.14114391144,89.0,29.772222222222226,50.5,7819.099999999999,past,0
2025-04-06 12:00:00,9372.925276752769,89.0,29.772222222222226,50.5,7736.2,past,0
2025-04-06 13:00:00,9601.533210332103,89.0,29.772222222222226,50.5,7575.200000000001,past,0
2025-04-06 14:00:00,10287.35701107011,89.0,29.772222222222226,50.5,7282.4,past,0
2025-04-06 15:00:00,11659.004612546123,89.0,29.772222222222226,50.5,7390.0,past,0
2025-04-06 16:00:00,14402.299815498156,89.0,29.772222222222226,50.5,7456.5,past,0
2025-04-06 17:00:00,17602.810885608855,89.0,29.772222222222226,50.5,6694.3,past,0
2025-04-06 18:00:00,18974.45848708487,89.0,29.772222222222226,50.5,5810.5,past,0
2025-04-06 19:00:00,16231.163284132836,89.0,29.772222222222226,50.5,5812.3,past,0
2025-04-06 20:00:00,12802.044280442802,89.0,29.772222222222226,50.5,5700.9,past,0
2025-04-06 21:00:00,10058.749077490773,89.0,29.772222222222226,50.5,5708.9,past,0
2025-04-06 22:00:00,7315.453874538746,89.0,29.772222222222226,50.5,5836.4,past,0
2025-04-06 23:00:00,6172.414206642067,89.0,29.772222222222226,50.5,5993.4,past,0
2025-04-07 00:00:00,5230.094095940958,76.0,29.427777777777777,51.733333333333334,6070.66,past,0
2025-04-07 01:00:00,4279.167896678966,76.0,29.427777777777777,51.733333333333334,6290.55,past,0
2025-04-07 02:00:00,3565.973247232472,76.0,29.427777777777777,51.733333333333334,5997.5199999999995,past,0
2025-04-07 03:00:00,3565.973247232472,76.0,29.427777777777777,51.733333333333334,5989.39,past,0
2025-04-07 04:00:00,4754.630996309963,76.0,29.427777777777777,51.733333333333334,6086.719999999999,past,0
2025-04-07 05:00:00,7607.409594095941,76.0,29.427777777777777,51.733333333333334,6080.69,past,0
2025-04-07 06:00:00,12124.309040590406,76.0,29.427777777777777,51.733333333333334,5506.25,past,0
2025-04-07 07:00:00,15214.819188191885,76.0,29.427777777777777,51.733333333333334,5646.950000000001,past,0
2025-04-07 08:00:00,16403.476937269377,76.0,29.427777777777777,51.733333333333334,5916.320000000001,past,0
2025-04-07 09:00:00,13312.966789667897,76.0,29.427777777777777,51.733333333333334,6430.86,past,0
2025-04-07 10:00:00,11173.382841328414,76.0,29.427777777777777,51.733333333333334,6984.26,past,0
2025-04-07 11:00:00,10222.45664206642,76.0,29.427777777777777,51.733333333333334,7029.51,past,0
2025-04-07 12:00:00,9746.993542435426,76.0,29.427777777777777,51.733333333333334,6977.62,past,0
2025-04-07 13:00:00,9984.725092250925,76.0,29.427777777777777,51.733333333333334,6944.099999999999,past,0
2025-04-07 14:00:00,10697.919741697417,76.0,29.427777777777777,51.733333333333334,6690.599999999999,past,0
2025-04-07 15:00:00,12124.309040590406,76.0,29.427777777777777,51.733333333333334,6635.5,past,0
2025-04-07 16:00:00,14977.087638376384,76.0,29.427777777777777,51.733333333333334,6576.7,past,0
2025-04-07 17:00:00,18305.32933579336,76.0,29.427777777777777,51.733333333333334,5958.5,past,0
2025-04-07 18:00:00,19731.718634686353,76.0,29.427777777777777,51.733333333333334,4913.1,past,0
2025-04-07 19:00:00,16878.940036900367,76.0,29.427777777777777,51.733333333333334,5232.9,past,0
2025-04-07 20:00:00,13312.966789667897,76.0,29.427777777777777,51.733333333333334,5154.1,past,0
2025-04-07 21:00:00,10460.188191881916,76.0,29.427777777777777,51.733333333333334,5154.3,past,0
2025-04-07 22:00:00,7607.409594095941,76.0,29.427777777777777,51.733333333333334,5436.0,past,0
2025-04-07 23:00:00,6418.751845018451,76.0,29.427777777777777,51.733333333333334,5595.0,past,0
2025-04-08 00:00:00,7556.81734317343,69.0,29.28333333333333,54.422222222222224,5676.15,past,0
2025-04-08 01:00:00,6182.850553505534,69.0,29.28333333333333,54.422222222222224,6066.57,past,0
2025-04-08 02:00:00,5152.375461254612,69.0,29.28333333333333,54.422222222222224,5919.49,past,0
2025-04-08 03:00:00,5152.375461254612,69.0,29.28333333333333,54.422222222222224,5806.54,past,0
2025-04-08 04:00:00,6869.833948339483,69.0,29.28333333333333,54.422222222222224,5922.219999999999,past,0
2025-04-08 05:00:00,10991.734317343173,69.0,29.28333333333333,54.422222222222224,5997.93,past,0
2025-04-08 06:00:00,17518.076568265682,69.0,29.28333333333333,54.422222222222224,5684.96,past,0
2025-04-08 07:00:00,21983.468634686345,69.0,29.28333333333333,54.422222222222224,5934.4,past,0
2025-04-08 08:00:00,23700.927121771216,69.0,29.28333333333333,54.422222222222224,6380.68,past,0
2025-04-08 09:00:00,19235.535055350552,69.0,29.28333333333333,54.422222222222224,7074.32,past,0
2025-04-08 10:00:00,16144.109778597784,69.0,29.28333333333333,54.422222222222224,8011.27,past,0
2025-04-08 11:00:00,14770.142988929889,69.0,29.28333333333333,54.422222222222224,8022.66,past,0
2025-04-08 12:00:00,14083.15959409594,69.0,29.28333333333333,54.422222222222224,7873.91,past,0
2025-04-08 13:00:00,14426.651291512915,69.0,29.28333333333333,54.422222222222224,7745.36,past,0
2025-04-08 14:00:00,15457.126383763834,69.0,29.28333333333333,54.422222222222224,7655.369999999999,past,0
2025-04-08 15:00:00,17518.076568265682,69.0,29.28333333333333,54.422222222222224,7719.860000000001,past,0
2025-04-08 16:00:00,21639.97693726937,69.0,29.28333333333333,54.422222222222224,7716.28,past,0
2025-04-08 17:00:00,26448.86070110701,69.0,29.28333333333333,54.422222222222224,7231.21,past,0
2025-04-08 18:00:00,27550.059040590397,69.0,29.28333333333333,54.422222222222224,6166.719999999999,past,0
2025-04-08 19:00:00,24387.91051660516,69.0,29.28333333333333,54.422222222222224,6056.26,past,0
2025-04-08 20:00:00,19235.535055350552,69.0,29.28333333333333,54.422222222222224,5905.34,past,0
2025-04-08 21:00:00,15113.63468634686,69.0,29.28333333333333,54.422222222222224,5633.82,past,0
2025-04-08 22:00:00,10991.734317343173,69.0,29.28333333333333,54.422222222222224,5903.5599999999995,past,0
2025-04-08 23:00:00,9274.275830258302,69.0,29.28333333333333,54.422222222222224,6243.889999999999,past,0
2025-04-09 00:00:00,5320.245387453873,70.0,28.37777777777778,57.666666666666664,6143.5599999999995,past,0
2025-04-09 01:00:00,4352.928044280442,70.0,28.37777777777778,57.666666666666664,6241.49,past,0
2025-04-09 02:00:00,3627.440036900368,70.0,28.37777777777778,57.666666666666664,6052.5,past,0
2025-04-09 03:00:00,3627.440036900368,70.0,28.37777777777778,57.666666666666664,6010.61,past,0
2025-04-09 04:00:00,4836.586715867159,70.0,28.37777777777778,57.666666666666664,6020.3099999999995,past,0
2025-04-09 05:00:00,7738.538745387454,70.0,28.37777777777778,57.666666666666664,6005.43,past,0
2025-04-09 06:00:00,12333.296125461253,70.0,28.37777777777778,57.666666666666664,5568.889999999999,past,0
2025-04-09 07:00:00,15477.077490774907,70.0,28.37777777777778,57.666666666666664,5691.13,past,0
2025-04-09 08:00:00,16686.224169741698,70.0,28.37777777777778,57.666666666666664,5895.37,past,0
2025-04-09 09:00:00,13542.442804428045,70.0,28.37777777777778,57.666666666666664,6267.93,past,0
2025-04-09 10:00:00,11365.978782287822,70.0,28.37777777777778,57.666666666666664,7139.22,past,0
2025-04-09 11:00:00,10398.66143911439,70.0,28.37777777777778,57.666666666666664,7107.38,past,0
2025-04-09 12:00:00,9915.002767527676,70.0,28.37777777777778,57.666666666666664,6823.41,past,0
2025-04-09 13:00:00,10156.832103321034,70.0,28.37777777777778,57.666666666666664,6799.08,past,0
2025-04-09 14:00:00,10882.320110701105,70.0,28.37777777777778,57.666666666666664,6586.92,past,0
2025-04-09 15:00:00,12333.296125461253,70.0,28.37777777777778,57.666666666666664,6399.8,past,0
2025-04-09 16:00:00,15235.24815498155,70.0,28.37777777777778,57.666666666666664,6396.41,past,0
2025-04-09 17:00:00,18620.85885608856,70.0,28.37777777777778,57.666666666666664,5874.71,past,0
2025-04-09 18:00:00,20071.83487084871,70.0,28.37777777777778,57.666666666666664,4936.86,past,0
2025-04-09 19:00:00,17169.88284132841,70.0,28.37777777777778,57.666666666666664,5118.01,past,0
2025-04-09 20:00:00,13542.442804428045,70.0,28.37777777777778,57.666666666666664,5011.42,past,0
2025-04-09 21:00:00,10640.490774907748,70.0,28.37777777777778,57.666666666666664,4934.14,past,0
2025-04-09 22:00:00,7738.538745387454,70.0,28.37777777777778,57.666666666666664,5353.18,past,0
2025-04-09 23:00:00,6529.392066420664,70.0,28.37777777777778,57.666666666666664,5697.99,past,0
2025-04-10 00:00:00,6402.568265682656,81.0,28.183333333333337,59.67777777777778,5652.79,past,0
2025-04-10 01:00:00,5238.464944649446,81.0,28.183333333333337,59.67777777777778,5911.27,past,0
2025-04-10 02:00:00,4365.387453874539,81.0,28.183333333333337,59.67777777777778,5677.570000000001,past,0
2025-04-10 03:00:00,4365.387453874539,81.0,28.183333333333337,59.67777777777778,5707.2,past,0
2025-04-10 04:00:00,5820.516605166052,81.0,28.183333333333337,59.67777777777778,5804.68,past,0
2025-04-10 05:00:00,9312.826568265682,81.0,28.183333333333337,59.67777777777778,5660.66,past,0
2025-04-10 06:00:00,14842.31734317343,81.0,28.183333333333337,59.67777777777778,5255.08,past,0
2025-04-10 07:00:00,18625.653136531364,81.0,28.183333333333337,59.67777777777778,5582.4800000000005,past,0
2025-04-10 08:00:00,20080.782287822876,81.0,28.183333333333337,59.67777777777778,6143.12,past,0
2025-04-10 09:00:00,16297.446494464944,81.0,28.183333333333337,59.67777777777778,6989.43,past,0
2025-04-10 10:00:00,13678.21402214022,81.0,28.183333333333337,59.67777777777778,7538.490000000001,past,0
2025-04-10 11:00:00,12514.11070110701,81.0,28.183333333333337,59.67777777777778,7589.0,past,0
2025-04-10 12:00:00,11932.059040590406,81.0,28.183333333333337,59.67777777777778,7521.12,past,0
2025-04-10 13:00:00,12223.08487084871,81.0,28.183333333333337,59.67777777777778,7428.07,past,0
2025-04-10 14:00:00,13096.162361623614,81.0,28.183333333333337,59.67777777777778,7118.01,past,0
2025-04-10 15:00:00,14842.31734317343,81.0,28.183333333333337,59.67777777777778,7258.459999999999,past,0
2025-04-10 16:00:00,18334.62730627306,81.0,28.183333333333337,59.67777777777778,7014.0,past,0
2025-04-10 17:00:00,22408.988929889296,81.0,28.183333333333337,59.67777777777778,6439.710000000001,past,0
2025-04-10 18:00:00,24155.14391143911,81.0,28.183333333333337,59.67777777777778,5723.280000000001,past,0
2025-04-10 19:00:00,20662.83394833948,81.0,28.183333333333337,59.67777777777778,5603.07,past,0
2025-04-10 20:00:00,16297.446494464944,81.0,28.183333333333337,59.67777777777778,5349.91,past,0
2025-04-10 21:00:00,12805.136531365311,81.0,28.183333333333337,59.67777777777778,5237.889999999999,past,0
2025-04-10 22:00:00,9312.826568265682,81.0,28.183333333333337,59.67777777777778,5617.0599999999995,past,0
2025-04-10 23:00:00,7857.69741697417,81.0,28.183333333333337,59.67777777777778,5843.82,past,0
2025-04-11 00:00:00,7119.00922509225,66.0,28.35,57.111111111111114,5849.469999999999,past,0
2025-04-11 01:00:00,5824.643911439113,66.0,28.35,57.111111111111114,6086.78,past,0
2025-04-11 02:00:00,4853.8699261992615,66.0,28.35,57.111111111111114,5808.68,past,0
2025-04-11 03:00:00,4853.8699261992615,66.0,28.35,57.111111111111114,5805.75,past,0
2025-04-11 04:00:00,6471.826568265683,66.0,28.35,57.111111111111114,5826.56,past,0
2025-04-11 05:00:00,10354.922509225093,66.0,28.35,57.111111111111114,5800.71,past,0
2025-04-11 06:00:00,16503.157749077487,66.0,28.35,57.111111111111114,5128.780000000001,past,0
2025-04-11 07:00:00,20709.845018450185,66.0,28.35,57.111111111111114,5718.33,past,0
2025-04-11 08:00:00,22327.801660516605,66.0,28.35,57.111111111111114,6104.62,past,0
2025-04-11 09:00:00,18121.11439114391,66.0,28.35,57.111111111111114,7115.75,past,0
2025-04-11 10:00:00,15208.792435424351,66.0,28.35,57.111111111111114,7341.99,past,0
2025-04-11 11:00:00,13914.427121771216,66.0,28.35,57.111111111111114,7470.51,past,0
2025-04-11 12:00:00,13267.24446494465,66.0,28.35,57.111111111111114,7284.94,past,0
2025-04-11 13:00:00,13590.835793357934,66.0,28.35,57.111111111111114,7261.73,past,0
2025-04-11 14:00:00,14561.609778597784,66.0,28.35,57.111111111111114,7101.41,past,0
2025-04-11 15:00:00,16503.157749077487,66.0,28.35,57.111111111111114,7172.75,past,0
2025-04-11 16:00:00,20386.253690036898,66.0,28.35,57.111111111111114,7100.99,past,0
2025-04-11 17:00:00,24916.532287822876,66.0,28.35,57.111111111111114,6568.1900000000005,past,0
2025-04-11 18:00:00,26858.080258302583,66.0,28.35,57.111111111111114,5439.85,past,0
2025-04-11 19:00:00,22974.98431734317,66.0,28.35,57.111111111111114,5693.82,past,0
2025-04-11 20:00:00,18121.11439114391,66.0,28.35,57.111111111111114,5495.2699999999995,past,0
2025-04-11 21:00:00,14238.0184501845,66.0,28.35,57.111111111111114,5291.530000000001,past,0
2025-04-11 22:00:00,10354.922509225093,66.0,28.35,57.111111111111114,5682.780000000001,past,0
2025-04-11 23:00:00,8736.965867158671,66.0,28.35,57.111111111111114,5784.28,past,0
2025-04-12 00:00:00,4964.084870848707,54.0,27.827777777777776,59.45555555555555,5997.21,past,0
2025-04-12 01:00:00,4061.523985239852,54.0,27.827777777777776,59.45555555555555,6115.39,past,0
2025-04-12 02:00:00,3384.60332103321,54.0,27.827777777777776,59.45555555555555,5919.21,past,0
2025-04-12 03:00:00,3384.60332103321,54.0,27.827777777777776,59.45555555555555,5893.31,past,0
2025-04-12 04:00:00,4512.80442804428,54.0,27.827777777777776,59.45555555555555,6013.08,past,0
2025-04-12 05:00:00,7220.487084870849,54.0,27.827777777777776,59.45555555555555,6055.71,past,0
2025-04-12 06:00:00,11507.651291512911,54.0,27.827777777777776,59.45555555555555,5667.47,past,0
2025-04-12 07:00:00,14440.974169741698,54.0,27.827777777777776,59.45555555555555,5883.59,past,0
2025-04-12 08:00:00,15569.175276752769,54.0,27.827777777777776,59.45555555555555,6303.39,past,0
2025-04-12 09:00:00,12635.852398523984,54.0,27.827777777777776,59.45555555555555,7488.12,past,0
2025-04-12 10:00:00,10605.09040590406,54.0,27.827777777777776,59.45555555555555,7925.07,past,0
2025-04-12 11:00:00,9702.529520295202,54.0,27.827777777777776,59.45555555555555,7940.08,past,0
2025-04-12 12:00:00,9251.249077490776,54.0,27.827777777777776,59.45555555555555,7986.77,past,0
2025-04-12 13:00:00,9476.88929889299,54.0,27.827777777777776,59.45555555555555,7727.93,past,0
2025-04-12 14:00:00,10153.80996309963,54.0,27.827777777777776,59.45555555555555,7572.950000000001,past,0
2025-04-12 15:00:00,11507.651291512911,54.0,27.827777777777776,59.45555555555555,7665.049999999999,past,0
2025-04-12 16:00:00,14215.333948339485,54.0,27.827777777777776,59.45555555555555,7498.570000000001,past,0
2025-04-12 17:00:00,17374.297047970478,54.0,27.827777777777776,59.45555555555555,6760.869999999999,past,0
2025-04-12 18:00:00,18728.13837638377,54.0,27.827777777777776,59.45555555555555,5836.16,past,0
2025-04-12 19:00:00,16020.455719557192,54.0,27.827777777777776,59.45555555555555,5849.05,past,0
2025-04-12 20:00:00,12635.852398523984,54.0,27.827777777777776,59.45555555555555,5586.48,past,0
2025-04-12 21:00:00,9928.169741697417,54.0,27.827777777777776,59.45555555555555,5329.929999999999,past,0
2025-04-12 22:00:00,7220.487084870849,54.0,27.827777777777776,59.45555555555555,5536.879999999999,past,0
2025-04-12 23:00:00,6092.2859778597785,54.0,27.827777777777776,59.45555555555555,5712.93,past,0
2025-04-13 00:00:00,4381.10516605166,62.0,27.944444444444443,57.46666666666667,5751.86,past,0
2025-04-13 01:00:00,3584.5405904059035,62.0,27.944444444444443,57.46666666666667,6034.79,past,0
2025-04-13 02:00:00,2987.117158671587,62.0,27.944444444444443,57.46666666666667,5805.58,past,0
2025-04-13 03:00:00,2987.117158671587,62.0,27.944444444444443,57.46666666666667,5820.71,past,0
2025-04-13 04:00:00,3982.8228782287824,62.0,27.944444444444443,57.46666666666667,5984.620000000001,past,0
2025-04-13 05:00:00,6372.516605166053,62.0,27.944444444444443,57.46666666666667,5861.5599999999995,past,0
2025-04-13 06:00:00,10156.198339483395,62.0,27.944444444444443,57.46666666666667,5713.32,past,0
2025-04-13 07:00:00,12745.033210332103,62.0,27.944444444444443,57.46666666666667,5709.11,past,0
2025-04-13 08:00:00,13740.7389298893,62.0,27.944444444444443,57.46666666666667,6057.52,past,0
2025-04-13 09:00:00,11151.90405904059,62.0,27.944444444444443,57.46666666666667,7029.0599999999995,past,0
2025-04-13 10:00:00,9359.63376383764,62.0,27.944444444444443,57.46666666666667,7476.52,past,0
2025-04-13 11:00:00,8563.069188191883,62.0,27.944444444444443,57.46666666666667,7416.08,past,0
2025-04-13 12:00:00,8164.786900369006,62.0,27.944444444444443,57.46666666666667,7396.24,past,0
2025-04-13 13:00:00,8363.928044280445,62.0,27.944444444444443,57.46666666666667,7065.9800000000005,past,0
2025-04-13 14:00:00,8961.35147601476,62.0,27.944444444444443,57.46666666666667,6981.07,past,0
2025-04-13 15:00:00,10156.198339483395,62.0,27.944444444444443,57.46666666666667,7204.259999999999,past,0
2025-04-13 16:00:00,12545.892066420663,62.0,27.944444444444443,57.46666666666667,7093.819999999999,past,0
2025-04-13 17:00:00,15333.868081180812,62.0,27.944444444444443,57.46666666666667,6272.92,past,0
2025-04-13 18:00:00,16528.71494464945,62.0,27.944444444444443,57.46666666666667,5619.81,past,0
2025-04-13 19:00:00,14139.021217712174,62.0,27.944444444444443,57.46666666666667,5572.92,past,0
2025-04-13 20:00:00,11151.90405904059,62.0,27.944444444444443,57.46666666666667,5360.369999999999,past,0
2025-04-13 21:00:00,8762.21033210332,62.0,27.944444444444443,57.46666666666667,5246.92,past,0
2025-04-13 22:00:00,6372.516605166053,62.0,27.944444444444443,57.46666666666667,5520.64,past,0
2025-04-13 23:00:00,5376.810885608857,62.0,27.944444444444443,57.46666666666667,5637.32,past,0
2025-04-14 00:00:00,5067.529520295202,74.0,28.36111111111111,55.111111111111114,5606.639999999999,past,0
2025-04-14 01:00:00,4146.160516605165,74.0,28.36111111111111,55.111111111111114,5878.28,past,0
2025-04-14 02:00:00,3455.1337638376385,74.0,28.36111111111111,55.111111111111114,5641.93,past,0
2025-04-14 03:00:00,3455.1337638376385,74.0,28.36111111111111,55.111111111111114,5656.76,past,0
2025-04-14 04:00:00,4606.845018450184,74.0,28.36111111111111,55.111111111111114,5688.74,past,0
2025-04-14 05:00:00,7370.952029520296,74.0,28.36111111111111,55.111111111111114,5575.83,past,0
2025-04-14 06:00:00,11747.45479704797,74.0,28.36111111111111,55.111111111111114,5271.379999999999,past,0
2025-04-14 07:00:00,14741.904059040591,74.0,28.36111111111111,55.111111111111114,5132.57,past,0
2025-04-14 08:00:00,15893.61531365314,74.0,28.36111111111111,55.111111111111114,5383.99,past,0
2025-04-14 09:00:00,12899.166051660515,74.0,28.36111111111111,55.111111111111114,6419.92,past,0
2025-04-14 10:00:00,10826.085793357934,74.0,28.36111111111111,55.111111111111114,6611.36,past,0
2025-04-14 11:00:00,9904.716789667898,74.0,28.36111111111111,55.111111111111114,6674.67,past,0
2025-04-14 12:00:00,9444.03228782288,74.0,28.36111111111111,55.111111111111114,6669.67,past,0
2025-04-14 13:00:00,9674.37453874539,74.0,28.36111111111111,55.111111111111114,6485.75,past,0
2025-04-14 14:00:00,10365.401291512911,74.0,28.36111111111111,55.111111111111114,6212.969999999999,past,0
2025-04-14 15:00:00,11747.45479704797,74.0,28.36111111111111,55.111111111111114,6216.76,past,0
2025-04-14 16:00:00,14511.561808118082,74.0,28.36111111111111,55.111111111111114,6091.55,past,0
2025-04-14 17:00:00,17736.35332103321,74.0,28.36111111111111,55.111111111111114,5416.95,past,0
2025-04-14 18:00:00,19118.40682656827,74.0,28.36111111111111,55.111111111111114,4780.46,past,0
2025-04-14 19:00:00,16354.299815498152,74.0,28.36111111111111,55.111111111111114,5011.7699999999995,past,0
2025-04-14 20:00:00,12899.166051660515,74.0,28.36111111111111,55.111111111111114,4928.42,past,0
2025-04-14 21:00:00,10135.059040590404,74.0,28.36111111111111,55.111111111111114,4803.320000000001,past,0
2025-04-14 22:00:00,7370.952029520296,74.0,28.36111111111111,55.111111111111114,5198.17,past,0
2025-04-14 23:00:00,6219.24077490775,74.0,28.36111111111111,55.111111111111114,5221.01,past,0
2025-04-15 00:00:00,4863.116236162361,67.0,28.52222222222222,54.45555555555555,5438.55,past,0
2025-04-15 01:00:00,3978.913284132841,67.0,28.52222222222222,54.45555555555555,5750.23,past,0
2025-04-15 02:00:00,3315.7610701107005,67.0,28.52222222222222,54.45555555555555,5563.38,past,0
2025-04-15 03:00:00,3315.7610701107005,67.0,28.52222222222222,54.45555555555555,5462.83,past,0
2025-04-15 04:00:00,4421.014760147601,67.0,28.52222222222222,54.45555555555555,5554.32,past,0
2025-04-15 05:00:00,7073.623616236162,67.0,28.52222222222222,54.45555555555555,5540.55,past,0
2025-04-15 06:00:00,11273.587638376384,67.0,28.52222222222222,54.45555555555555,5095.5,past,0
2025-04-15 07:00:00,14147.247232472324,67.0,28.52222222222222,54.45555555555555,5706.3,past,0
2025-04-15 08:00:00,15252.500922509224,67.0,28.52222222222222,54.45555555555555,6150.7,past,0
2025-04-15 09:00:00,12378.841328413282,67.0,28.52222222222222,54.45555555555555,6595.5,past,0
2025-04-15 10:00:00,10389.384686346864,67.0,28.52222222222222,54.45555555555555,7670.7,past,0
2025-04-15 11:00:00,9505.181734317342,67.0,28.52222222222222,54.45555555555555,7761.9,past,0
2025-04-15 12:00:00,9063.080258302583,67.0,28.52222222222222,54.45555555555555,7612.4,past,0
2025-04-15 13:00:00,9284.130996309965,67.0,28.52222222222222,54.45555555555555,7457.8,past,0
2025-04-15 14:00:00,9947.283210332102,67.0,28.52222222222222,54.45555555555555,7380.8,past,0
2025-04-15 15:00:00,11273.587638376384,67.0,28.52222222222222,54.45555555555555,7347.8,past,0
2025-04-15 16:00:00,13926.196494464944,67.0,28.52222222222222,54.45555555555555,7328.900000000001,past,0
2025-04-15 17:00:00,17020.906826568265,67.0,28.52222222222222,54.45555555555555,6840.0,past,0
2025-04-15 18:00:00,18347.211254612543,67.0,28.52222222222222,54.45555555555555,6233.4,past,0
2025-04-15 19:00:00,15694.602398523984,67.0,28.52222222222222,54.45555555555555,5955.799999999999,past,0
2025-04-15 20:00:00,12378.841328413282,67.0,28.52222222222222,54.45555555555555,5797.599999999999,past,0
2025-04-15 21:00:00,9726.232472324722,67.0,28.52222222222222,54.45555555555555,5609.5,past,0
2025-04-15 22:00:00,7073.623616236162,67.0,28.52222222222222,54.45555555555555,5872.900000000001,past,0
2025-04-15 23:00:00,5968.3699261992615,67.0,28.52222222222222,54.45555555555555,6078.3,past,0
2025-04-16 00:00:00,7700.568265682655,74.0,28.766666666666666,50.099999999999994,5874.13,past,0
2025-04-16 01:00:00,6300.464944649445,74.0,28.766666666666666,50.099999999999994,6225.51,past,0
2025-04-16 02:00:00,5250.387453874538,74.0,28.766666666666666,50.099999999999994,5968.42,past,0
2025-04-16 03:00:00,5250.387453874538,74.0,28.766666666666666,50.099999999999994,5739.84,past,0
2025-04-16 04:00:00,7000.516605166052,74.0,28.766666666666666,50.099999999999994,5979.06,past,0
2025-04-16 05:00:00,11200.826568265682,74.0,28.766666666666666,50.099999999999994,5750.6,past,0
2025-04-16 06:00:00,17851.31734317343,74.0,28.766666666666666,50.099999999999994,5670.88,past,0
2025-04-16 07:00:00,22401.653136531364,74.0,28.766666666666666,50.099999999999994,6019.51,past,0
2025-04-16 08:00:00,24151.782287822876,74.0,28.766666666666666,50.099999999999994,6458.79,past,0
2025-04-16 09:00:00,19601.44649446494,74.0,28.766666666666666,50.099999999999994,7063.009999999999,past,0
2025-04-16 10:00:00,16451.21402214022,74.0,28.766666666666666,50.099999999999994,7863.849999999999,past,0
2025-04-16 11:00:00,15051.11070110701,74.0,28.766666666666666,50.099999999999994,7757.12,past,0
2025-04-16 12:00:00,14351.059040590406,74.0,28.766666666666666,50.099999999999994,7738.150000000001,past,0
2025-04-16 13:00:00,14701.08487084871,74.0,28.766666666666666,50.099999999999994,7603.96,past,0
2025-04-16 14:00:00,15751.162361623614,74.0,28.766666666666666,50.099999999999994,7437.77,past,0
2025-04-16 15:00:00,17851.31734317343,74.0,28.766666666666666,50.099999999999994,7562.799999999999,past,0
2025-04-16 16:00:00,22051.62730627306,74.0,28.766666666666666,50.099999999999994,7544.92,past,0
2025-04-16 17:00:00,26951.988929889296,74.0,28.766666666666666,50.099999999999994,7078.58,past,0
2025-04-16 18:00:00,27550.059040590397,74.0,28.766666666666666,50.099999999999994,6075.1900000000005,past,0
2025-04-16 19:00:00,24851.83394833948,74.0,28.766666666666666,50.099999999999994,6137.83,past,0
2025-04-16 20:00:00,19601.44649446494,74.0,28.766666666666666,50.099999999999994,5956.219999999999,past,0
2025-04-16 21:00:00,15401.13653136531,74.0,28.766666666666666,50.099999999999994,5663.120000000001,past,0
2025-04-16 22:00:00,11200.826568265682,74.0,28.766666666666666,50.099999999999994,5907.4400000000005,past,0
2025-04-16 23:00:00,9450.69741697417,74.0,28.766666666666666,50.099999999999994,6104.68,past,0
2025-04-17 00:00:00,5169.61439114391,89.0,29.455555555555556,55.87777777777777,6289.65,past,0
2025-04-17 01:00:00,4229.684501845018,89.0,29.455555555555556,55.87777777777777,6154.280000000001,past,0
2025-04-17 02:00:00,3524.7370848708483,89.0,29.455555555555556,55.87777777777777,5971.69,past,0
2025-04-17 03:00:00,3524.7370848708483,89.0,29.455555555555556,55.87777777777777,5982.95,past,0
2025-04-17 04:00:00,4699.649446494465,89.0,29.455555555555556,55.87777777777777,6020.179999999999,past,0
2025-04-17 05:00:00,7519.439114391143,89.0,29.455555555555556,55.87777777777777,6035.13,past,0
2025-04-17 06:00:00,11984.106088560884,89.0,29.455555555555556,55.87777777777777,5665.9400000000005,past,0
2025-04-17 07:00:00,15038.878228782289,89.0,29.455555555555556,55.87777777777777,6164.58,past,0
2025-04-17 08:00:00,16213.790590405904,89.0,29.455555555555556,55.87777777777777,6551.67,past,0
2025-04-17 09:00:00,13159.0184501845,89.0,29.455555555555556,55.87777777777777,7640.67,past,0
2025-04-17 10:00:00,11044.176199261992,89.0,29.455555555555556,55.87777777777777,8108.83,past,0
2025-04-17 11:00:00,10104.2463099631,89.0,29.455555555555556,55.87777777777777,8155.67,past,0
2025-04-17 12:00:00,9634.281365313653,89.0,29.455555555555556,55.87777777777777,8202.630000000001,past,0
2025-04-17 13:00:00,9869.263837638377,89.0,29.455555555555556,55.87777777777777,7877.91,past,0
2025-04-17 14:00:00,10574.211254612545,89.0,29.455555555555556,55.87777777777777,7814.82,past,0
2025-04-17 15:00:00,11984.106088560884,89.0,29.455555555555556,55.87777777777777,7840.23,past,0
2025-04-17 16:00:00,14803.895756457565,89.0,29.455555555555556,55.87777777777777,7616.79,past,0
2025-04-17 17:00:00,18093.650369003688,89.0,29.455555555555556,55.87777777777777,7144.74,past,0
2025-04-17 18:00:00,19503.54520295203,89.0,29.455555555555556,55.87777777777777,6228.65,past,0
2025-04-17 19:00:00,16683.75553505535,89.0,29.455555555555556,55.87777777777777,6106.09,past,0
2025-04-17 20:00:00,13159.0184501845,89.0,29.455555555555556,55.87777777777777,5817.650000000001,past,0
2025-04-17 21:00:00,10339.22878228782,89.0,29.455555555555556,55.87777777777777,5631.43,past,0
2025-04-17 22:00:00,7519.439114391143,89.0,29.455555555555556,55.87777777777777,5985.58,past,0
2025-04-17 23:00:00,6344.526752767528,89.0,29.455555555555556,55.87777777777777,5993.36,past,0
2025-04-18 00:00:00,6978.5258302583015,84.0,30.21666666666667,57.05555555555556,6043.24,past,0
2025-04-18 01:00:00,5709.702952029519,84.0,30.21666666666667,57.05555555555556,6227.5,past,0
2025-04-18 02:00:00,4758.085793357933,84.0,30.21666666666667,57.05555555555556,6034.420000000001,past,0
2025-04-18 03:00:00,4758.085793357933,84.0,30.21666666666667,57.05555555555556,5985.33,past,0
2025-04-18 04:00:00,6344.114391143911,84.0,30.21666666666667,57.05555555555556,6063.3,past,0
2025-04-18 05:00:00,10150.583025830258,84.0,30.21666666666667,57.05555555555556,5953.99,past,0
2025-04-18 06:00:00,16177.491697416972,84.0,30.21666666666667,57.05555555555556,5826.070000000001,past,0
2025-04-18 07:00:00,20301.166051660515,84.0,30.21666666666667,57.05555555555556,6096.8099999999995,past,0
2025-04-18 08:00:00,21887.194649446497,84.0,30.21666666666667,57.05555555555556,6467.379999999999,past,0
2025-04-18 09:00:00,17763.52029520295,84.0,30.21666666666667,57.05555555555556,7517.41,past,0
2025-04-18 10:00:00,14908.668819188191,84.0,30.21666666666667,57.05555555555556,8040.610000000001,past,0
2025-04-18 11:00:00,13639.845940959409,84.0,30.21666666666667,57.05555555555556,8088.4,past,0
2025-04-18 12:00:00,13005.43450184502,84.0,30.21666666666667,57.05555555555556,7989.84,past,0
2025-04-18 13:00:00,13322.640221402216,84.0,30.21666666666667,57.05555555555556,7858.570000000001,past,0
2025-04-18 14:00:00,14274.2573800738,84.0,30.21666666666667,57.05555555555556,7805.84,past,0
2025-04-18 15:00:00,16177.491697416972,84.0,30.21666666666667,57.05555555555556,7626.29,past,0
2025-04-18 16:00:00,19983.96033210332,84.0,30.21666666666667,57.05555555555556,7390.99,past,0
2025-04-18 17:00:00,24424.84040590406,84.0,30.21666666666667,57.05555555555556,6813.66,past,0
2025-04-18 18:00:00,26328.074723247235,84.0,30.21666666666667,57.05555555555556,6379.06,past,0
2025-04-18 19:00:00,22521.60608856088,84.0,30.21666666666667,57.05555555555556,6020.08,past,0
2025-04-18 20:00:00,17763.52029520295,84.0,30.21666666666667,57.05555555555556,5859.7,past,0
2025-04-18 21:00:00,13957.051660516605,84.0,30.21666666666667,57.05555555555556,5691.61,past,0
2025-04-18 22:00:00,10150.583025830258,84.0,30.21666666666667,57.05555555555556,6026.93,past,0
2025-04-18 23:00:00,8564.554428044281,84.0,30.21666666666667,57.05555555555556,6050.51,past,0
2025-04-19 00:00:00,6529.392988929888,83.0,30.038888888888888,63.98888888888889,6058.56,past,0
2025-04-19 01:00:00,5342.230627306272,83.0,30.038888888888888,63.98888888888889,6251.9800000000005,past,0
2025-04-19 02:00:00,4451.85885608856,83.0,30.038888888888888,63.98888888888889,5850.07,past,0
2025-04-19 03:00:00,4451.85885608856,83.0,30.038888888888888,63.98888888888889,5871.23,past,0
2025-04-19 04:00:00,5935.811808118081,83.0,30.038888888888888,63.98888888888889,5928.18,past,0
2025-04-19 05:00:00,9497.298892988929,83.0,30.038888888888888,63.98888888888889,5850.38,past,0
2025-04-19 06:00:00,15136.320110701105,83.0,30.038888888888888,63.98888888888889,5685.01,past,0
2025-04-19 07:00:00,18994.597785977858,83.0,30.038888888888888,63.98888888888889,5987.76,past,0
2025-04-19 08:00:00,20478.55073800738,83.0,30.038888888888888,63.98888888888889,6366.17,past,0
2025-04-19 09:00:00,16620.273062730626,83.0,30.038888888888888,63.98888888888889,7580.83,past,0
2025-04-19 10:00:00,13949.157749077487,83.0,30.038888888888888,63.98888888888889,7962.67,past,0
2025-04-19 11:00:00,12761.995387453871,83.0,30.038888888888888,63.98888888888889,8159.46,past,0
2025-04-19 12:00:00,12168.414206642066,83.0,30.038888888888888,63.98888888888889,8127.56,past,0
2025-04-19 13:00:00,12465.20479704797,83.0,30.038888888888888,63.98888888888889,7873.33,past,0
2025-04-19 14:00:00,13355.57656826568,83.0,30.038888888888888,63.98888888888889,7756.13,past,0
2025-04-19 15:00:00,15136.320110701105,83.0,30.038888888888888,63.98888888888889,7577.31,past,0
2025-04-19 16:00:00,18697.807195571953,83.0,30.038888888888888,63.98888888888889,7346.01,past,0
2025-04-19 17:00:00,22852.87546125461,83.0,30.038888888888888,63.98888888888889,6748.57,past,0
2025-04-19 18:00:00,24633.619003690037,83.0,30.038888888888888,63.98888888888889,6007.46,past,0
2025-04-19 19:00:00,21072.131918819185,83.0,30.038888888888888,63.98888888888889,5908.86,past,0
2025-04-19 20:00:00,16620.273062730626,83.0,30.038888888888888,63.98888888888889,5687.6900000000005,past,0
2025-04-19 21:00:00,13058.785977859776,83.0,30.038888888888888,63.98888888888889,5501.389999999999,past,0
2025-04-19 22:00:00,9497.298892988929,83.0,30.038888888888888,63.98888888888889,5618.96,past,0
2025-04-19 23:00:00,8013.34594095941,83.0,30.038888888888888,63.98888888888889,5650.74,past,0
2025-04-20 00:00:00,3362.8948339483386,84.0,28.755555555555553,66.04444444444444,5737.82,past,0
2025-04-20 01:00:00,2751.4594095940956,84.0,28.755555555555553,66.04444444444444,5713.31,past,0
2025-04-20 02:00:00,2292.882841328413,84.0,28.755555555555553,66.04444444444444,5485.16,past,0
2025-04-20 03:00:00,2292.882841328413,84.0,28.755555555555553,66.04444444444444,5422.2699999999995,past,0
2025-04-20 04:00:00,3057.1771217712176,84.0,28.755555555555553,66.04444444444444,5444.84,past,0
2025-04-20 05:00:00,4891.483394833949,84.0,28.755555555555553,66.04444444444444,5426.01,past,0
2025-04-20 06:00:00,7795.801660516606,84.0,28.755555555555553,66.04444444444444,5151.5,past,0
2025-04-20 07:00:00,9782.966789667898,84.0,28.755555555555553,66.04444444444444,5526.67,past,0
2025-04-20 08:00:00,10547.261070110702,84.0,28.755555555555553,66.04444444444444,5785.290000000001,past,0
2025-04-20 09:00:00,8560.095940959409,84.0,28.755555555555553,66.04444444444444,6955.290000000001,past,0
2025-04-20 10:00:00,7184.366236162362,84.0,28.755555555555553,66.04444444444444,7320.52,past,0
2025-04-20 11:00:00,6572.930811808119,84.0,28.755555555555553,66.04444444444444,7300.22,past,0
2025-04-20 12:00:00,6267.213099630998,84.0,28.755555555555553,66.04444444444444,7177.8099999999995,past,0
2025-04-20 13:00:00,6420.071955719559,84.0,28.755555555555553,66.04444444444444,7250.219999999999,past,0
2025-04-20 14:00:00,6878.648523985239,84.0,28.755555555555553,66.04444444444444,7138.21,past,0
2025-04-20 15:00:00,7795.801660516606,84.0,28.755555555555553,66.04444444444444,6936.01,past,0
2025-04-20 16:00:00,9630.107933579337,84.0,28.755555555555553,66.04444444444444,6929.110000000001,past,0
2025-04-20 17:00:00,11770.131918819188,84.0,28.755555555555553,66.04444444444444,6299.77,past,0
2025-04-20 18:00:00,12687.285055350556,84.0,28.755555555555553,66.04444444444444,5562.700000000001,past,0
2025-04-20 19:00:00,10852.97878228782,84.0,28.755555555555553,66.04444444444444,5597.03,past,0
2025-04-20 20:00:00,8560.095940959409,84.0,28.755555555555553,66.04444444444444,5364.1,past,0
2025-04-20 21:00:00,6725.789667896677,84.0,28.755555555555553,66.04444444444444,5312.32,past,0
2025-04-20 22:00:00,4891.483394833949,84.0,28.755555555555553,66.04444444444444,5466.22,past,0
2025-04-20 23:00:00,4127.189114391144,84.0,28.755555555555553,66.04444444444444,5643.8200000000015,past,0
2025-04-21 00:00:00,4972.6494464944635,85.0,29.916666666666668,57.06666666666667,5751.37,past,0
2025-04-21 01:00:00,4068.531365313652,85.0,29.916666666666668,57.06666666666667,5664.59,past,0
2025-04-21 02:00:00,3390.4428044280444,85.0,29.916666666666668,57.06666666666667,5454.06,past,0
2025-04-21 03:00:00,3390.4428044280444,85.0,29.916666666666668,57.06666666666667,5417.36,past,0
2025-04-21 04:00:00,4520.590405904059,85.0,29.916666666666668,57.06666666666667,5311.950000000001,past,0
2025-04-21 05:00:00,7232.944649446496,85.0,29.916666666666668,57.06666666666667,5195.26,past,0
2025-04-21 06:00:00,11527.50553505535,85.0,29.916666666666668,57.06666666666667,4778.32,past,0
2025-04-21 07:00:00,14465.889298892993,85.0,29.916666666666668,57.06666666666667,5055.82,past,0
2025-04-21 08:00:00,15596.036900369008,85.0,29.916666666666668,57.06666666666667,5200.77,past,0
2025-04-21 09:00:00,12657.653136531364,85.0,29.916666666666668,57.06666666666667,6043.69,past,0
2025-04-21 10:00:00,10623.38745387454,85.0,29.916666666666668,57.06666666666667,6433.379999999999,past,0
2025-04-21 11:00:00,9719.269372693729,85.0,29.916666666666668,57.06666666666667,6596.9400000000005,past,0
2025-04-21 12:00:00,9267.210332103325,85.0,29.916666666666668,57.06666666666667,6516.38,past,0
2025-04-21 13:00:00,9493.239852398528,85.0,29.916666666666668,57.06666666666667,6472.639999999999,past,0
2025-04-21 14:00:00,10171.32841328413,85.0,29.916666666666668,57.06666666666667,6177.54,past,0
2025-04-21 15:00:00,11527.50553505535,85.0,29.916666666666668,57.06666666666667,6173.43,past,0
2025-04-21 16:00:00,14239.859778597787,85.0,29.916666666666668,57.06666666666667,6067.23,past,0
2025-04-21 17:00:00,17404.273062730626,85.0,29.916666666666668,57.06666666666667,5519.63,past,0
2025-04-21 18:00:00,18760.45018450185,85.0,29.916666666666668,57.06666666666667,4892.86,past,0
2025-04-21 19:00:00,16048.095940959409,85.0,29.916666666666668,57.06666666666667,5111.139999999999,past,0
2025-04-21 20:00:00,12657.653136531364,85.0,29.916666666666668,57.06666666666667,4979.76,past,0
2025-04-21 21:00:00,9945.298892988929,85.0,29.916666666666668,57.06666666666667,4885.61,past,0
2025-04-21 22:00:00,7232.944649446496,85.0,29.916666666666668,57.06666666666667,5244.14,past,0
2025-04-21 23:00:00,6102.79704797048,85.0,29.916666666666668,57.06666666666667,5328.88,past,0
2025-04-22 00:00:00,5207.708487084869,77.0,29.916666666666668,57.85555555555556,5262.5,past,0
2025-04-22 01:00:00,4260.852398523984,77.0,29.916666666666668,57.85555555555556,5447.7,past,0
2025-04-22 02:00:00,3550.7103321033205,77.0,29.916666666666668,57.85555555555556,5331.2,past,0
2025-04-22 03:00:00,3550.7103321033205,77.0,29.916666666666668,57.85555555555556,5351.3099999999995,past,0
2025-04-22 04:00:00,4734.280442804428,77.0,29.916666666666668,57.85555555555556,5251.3,past,0
2025-04-22 05:00:00,7574.848708487085,77.0,29.916666666666668,57.85555555555556,5234.7,past,0
2025-04-22 06:00:00,12072.41512915129,77.0,29.916666666666668,57.85555555555556,5193.0,past,0
2025-04-22 07:00:00,15149.69741697417,77.0,29.916666666666668,57.85555555555556,5651.3,past,0
2025-04-22 08:00:00,16333.267527675276,77.0,29.916666666666668,57.85555555555556,6071.7,past,0
2025-04-22 09:00:00,13255.985239852396,77.0,29.916666666666668,57.85555555555556,6641.799999999999,past,0
2025-04-22 10:00:00,11125.559040590404,77.0,29.916666666666668,57.85555555555556,7738.9,past,0
2025-04-22 11:00:00,10178.70295202952,77.0,29.916666666666668,57.85555555555556,7751.8,past,0
2025-04-22 12:00:00,9705.274907749075,77.0,29.916666666666668,57.85555555555556,7612.6,past,0
2025-04-22 13:00:00,9941.9889298893,77.0,29.916666666666668,57.85555555555556,7601.200000000001,past,0
2025-04-22 14:00:00,10652.13099630996,77.0,29.916666666666668,57.85555555555556,7473.4,past,0
2025-04-22 15:00:00,12072.41512915129,77.0,29.916666666666668,57.85555555555556,7455.56,past,0
2025-04-22 16:00:00,14912.983394833947,77.0,29.916666666666668,57.85555555555556,7416.639999999999,past,0
2025-04-22 17:00:00,18226.97970479705,77.0,29.916666666666668,57.85555555555556,6787.92,past,0
2025-04-22 18:00:00,19647.263837638377,77.0,29.916666666666668,57.85555555555556,5890.71,past,0
2025-04-22 19:00:00,16806.695571955715,77.0,29.916666666666668,57.85555555555556,6037.280000000001,past,0
2025-04-22 20:00:00,13255.985239852396,77.0,29.916666666666668,57.85555555555556,5761.62,past,0
2025-04-22 21:00:00,10415.41697416974,77.0,29.916666666666668,57.85555555555556,5620.2,past,0
2025-04-22 22:00:00,7574.848708487085,77.0,29.916666666666668,57.85555555555556,5901.1,past,0
2025-04-22 23:00:00,6391.278597785978,77.0,29.916666666666668,57.85555555555556,5964.9,past,0
2025-04-23 00:00:00,5531.477859778596,82.0,29.772222222222226,53.733333333333334,5805.0,past,0
2025-04-23 01:00:00,4525.754612546125,82.0,29.772222222222226,53.733333333333334,6013.6,past,0
2025-04-23 02:00:00,3771.462177121771,82.0,29.772222222222226,53.733333333333334,5807.4,past,0
2025-04-23 03:00:00,3771.462177121771,82.0,29.772222222222226,53.733333333333334,5754.5,past,0
2025-04-23 04:00:00,5028.616236162362,82.0,29.772222222222226,53.733333333333334,5715.1,past,0
2025-04-23 05:00:00,8045.785977859779,82.0,29.772222222222226,53.733333333333334,5603.6,past,0
2025-04-23 06:00:00,12822.97140221402,82.0,29.772222222222226,53.733333333333334,5356.0,past,0
2025-04-23 07:00:00,16091.571955719555,82.0,29.772222222222226,53.733333333333334,5901.2,past,0
2025-04-23 08:00:00,17348.72601476015,82.0,29.772222222222226,53.733333333333334,6380.8,past,0
2025-04-23 09:00:00,14080.12546125461,82.0,29.772222222222226,53.733333333333334,7066.6,past,0
2025-04-23 10:00:00,11817.24815498155,82.0,29.772222222222226,53.733333333333334,7794.3,past,0
2025-04-23 11:00:00,10811.524907749075,82.0,29.772222222222226,53.733333333333334,7808.7,past,0
2025-04-23 12:00:00,10308.66328413284,82.0,29.772222222222226,53.733333333333334,7755.7,past,0
2025-04-23 13:00:00,10560.09409594096,82.0,29.772222222222226,53.733333333333334,7535.5,past,0
2025-04-23 14:00:00,11314.386531365311,82.0,29.772222222222226,53.733333333333334,7515.4,past,0
2025-04-23 15:00:00,12822.97140221402,82.0,29.772222222222226,53.733333333333334,7512.2,past,0
2025-04-23 16:00:00,15840.141143911438,82.0,29.772222222222226,53.733333333333334,7440.6,past,0
2025-04-23 17:00:00,19360.172509225093,82.0,29.772222222222226,53.733333333333334,6949.9,past,0
2025-04-23 18:00:00,20868.757380073803,82.0,29.772222222222226,53.733333333333334,5988.1,past,0
2025-04-23 19:00:00,17851.58763837638,82.0,29.772222222222226,53.733333333333334,6142.6,past,0
2025-04-23 20:00:00,14080.12546125461,82.0,29.772222222222226,53.733333333333334,5936.6,past,0
2025-04-23 21:00:00,11062.955719557192,82.0,29.772222222222226,53.733333333333334,5702.3,past,0
2025-04-23 22:00:00,8045.785977859779,82.0,29.772222222222226,53.733333333333334,5946.2,past,0
2025-04-23 23:00:00,6788.631918819188,82.0,29.772222222222226,53.733333333333334,6000.25,past,0
2025-04-24 00:00:00,5667.678966789666,85.0,29.444444444444443,51.3,5973.18,past,0
2025-04-24 01:00:00,4637.191881918819,85.0,29.444444444444443,51.3,6203.389999999999,past,0
2025-04-24 02:00:00,3864.326568265682,85.0,29.444444444444443,51.3,5900.37,past,0
2025-04-24 03:00:00,3864.326568265682,85.0,29.444444444444443,51.3,5920.52,past,0
2025-04-24 04:00:00,5152.435424354244,85.0,29.444444444444443,51.3,5886.389999999999,past,0
2025-04-24 05:00:00,8243.89667896679,85.0,29.444444444444443,51.3,5731.0599999999995,past,0
2025-04-24 06:00:00,13138.71033210332,85.0,29.444444444444443,51.3,5648.98,past,0
2025-04-24 07:00:00,16487.79335793358,85.0,29.444444444444443,51.3,5928.2300000000005,past,0
2025-04-24 08:00:00,17775.90221402214,85.0,29.444444444444443,51.3,6505.150000000001,past,0
2025-04-24 09:00:00,14426.81918819188,85.0,29.444444444444443,51.3,7440.94,past,0
2025-04-24 10:00:00,12108.22324723247,85.0,29.444444444444443,51.3,7788.72,past,0
2025-04-24 11:00:00,11077.736162361623,85.0,29.444444444444443,51.3,7793.94,past,0
2025-04-24 12:00:00,10562.4926199262,85.0,29.444444444444443,51.3,7767.94,past,0
2025-04-24 13:00:00,10820.114391143912,85.0,29.444444444444443,51.3,7549.02,past,0
2025-04-24 14:00:00,11592.979704797046,85.0,29.444444444444443,51.3,7575.0,past,0
2025-04-24 15:00:00,13138.71033210332,85.0,29.444444444444443,51.3,7638.06,past,0
2025-04-24 16:00:00,16230.171586715864,85.0,29.444444444444443,51.3,7624.58,past,0
2025-04-24 17:00:00,19836.876383763836,85.0,29.444444444444443,51.3,6899.34,past,0
2025-04-24 18:00:00,21382.60701107011,85.0,29.444444444444443,51.3,6390.13,past,0
2025-04-24 19:00:00,18291.14575645756,85.0,29.444444444444443,51.3,6211.91,past,0
2025-04-24 20:00:00,14426.81918819188,85.0,29.444444444444443,51.3,6016.379999999999,past,0
2025-04-24 21:00:00,11335.357933579333,85.0,29.444444444444443,51.3,5815.83,past,0
2025-04-24 22:00:00,8243.89667896679,85.0,29.444444444444443,51.3,6113.139999999999,past,0
2025-04-24 23:00:00,6955.787822878228,85.0,29.444444444444443,51.3,6219.799999999999,past,0
2025-04-25 00:00:00,4367.91328413284,93.0,29.927777777777777,55.95555555555555,6111.2,past,0
2025-04-25 01:00:00,3573.747232472324,93.0,29.927777777777777,55.95555555555555,6319.5,past,0
2025-04-25 02:00:00,2978.122693726937,93.0,29.927777777777777,55.95555555555555,6098.299999999999,past,0
2025-04-25 03:00:00,2978.122693726937,93.0,29.927777777777777,55.95555555555555,5970.1,past,0
2025-04-25 04:00:00,3970.830258302583,93.0,29.927777777777777,55.95555555555555,6063.500000000001,past,0
2025-04-25 05:00:00,6353.328413284133,93.0,29.927777777777777,55.95555555555555,5906.299999999999,past,0
2025-04-25 06:00:00,10125.617158671586,93.0,29.927777777777777,55.95555555555555,5766.7,past,0
2025-04-25 07:00:00,12706.656826568264,93.0,29.927777777777777,55.95555555555555,6083.3,past,0
2025-04-25 08:00:00,13699.36439114391,93.0,29.927777777777777,55.95555555555555,6442.599999999999,past,0
2025-04-25 09:00:00,11118.324723247231,93.0,29.927777777777777,55.95555555555555,7501.2,past,0
2025-04-25 10:00:00,9331.45110701107,93.0,29.927777777777777,55.95555555555555,8096.199999999999,past,0
2025-04-25 11:00:00,8537.285055350552,93.0,29.927777777777777,55.95555555555555,8081.599999999999,past,0
2025-04-25 12:00:00,8140.202029520296,93.0,29.927777777777777,55.95555555555555,8034.700000000001,past,0
2025-04-25 13:00:00,8338.743542435424,93.0,29.927777777777777,55.95555555555555,7876.4,past,0
2025-04-25 14:00:00,8934.36808118081,93.0,29.927777777777777,55.95555555555555,7720.0,past,0
2025-04-25 15:00:00,10125.617158671586,93.0,29.927777777777777,55.95555555555555,7727.7,past,0
2025-04-25 16:00:00,12508.115313653136,93.0,29.927777777777777,55.95555555555555,7803.9,past,0
2025-04-25 17:00:00,15287.696494464944,93.0,29.927777777777777,55.95555555555555,7115.9,past,0
2025-04-25 18:00:00,16478.94557195572,93.0,29.927777777777777,55.95555555555555,6428.7,past,0
2025-04-25 19:00:00,14096.447416974166,93.0,29.927777777777777,55.95555555555555,6302.5,past,0
2025-04-25 20:00:00,11118.324723247231,93.0,29.927777777777777,55.95555555555555,6059.8,past,0
2025-04-25 21:00:00,8735.82656826568,93.0,29.927777777777777,55.95555555555555,5778.3,past,0
2025-04-25 22:00:00,6353.328413284133,93.0,29.927777777777777,55.95555555555555,6116.299999999999,past,0
2025-04-25 23:00:00,5360.620848708487,93.0,29.927777777777777,55.95555555555555,6217.1,past,0
2025-04-26 00:00:00,5474.5701107011055,100.0,29.96111111111111,56.28888888888889,6227.6,past,0
2025-04-26 01:00:00,4479.193726937268,100.0,29.96111111111111,56.28888888888889,6357.61,past,0
2025-04-26 02:00:00,3732.6614391143903,100.0,29.96111111111111,56.28888888888889,5977.39,past,0
2025-04-26 03:00:00,3732.6614391143903,100.0,29.96111111111111,56.28888888888889,6029.379999999999,past,0
2025-04-26 04:00:00,4976.881918819188,100.0,29.96111111111111,56.28888888888889,5972.66,past,0
2025-04-26 05:00:00,7963.0110701107005,100.0,29.96111111111111,56.28888888888889,5839.46,past,0
2025-04-26 06:00:00,12691.048892988929,100.0,29.96111111111111,56.28888888888889,5552.7,past,0
2025-04-26 07:00:00,15926.0221402214,100.0,29.96111111111111,56.28888888888889,5598.9,past,0
2025-04-26 08:00:00,17170.242619926197,100.0,29.96111111111111,56.28888888888889,5752.9,past,0
2025-04-26 09:00:00,13935.269372693723,100.0,29.96111111111111,56.28888888888889,6592.400000000001,past,0
2025-04-26 10:00:00,11695.67250922509,100.0,29.96111111111111,56.28888888888889,6970.5,past,0
2025-04-26 11:00:00,10700.296125461256,100.0,29.96111111111111,56.28888888888889,6983.5,past,0
2025-04-26 12:00:00,10202.607933579337,100.0,29.96111111111111,56.28888888888889,6924.4,past,0
2025-04-26 13:00:00,10451.452029520296,100.0,29.96111111111111,56.28888888888889,6588.8,past,0
2025-04-26 14:00:00,11197.984317343173,100.0,29.96111111111111,56.28888888888889,6508.2,past,0
2025-04-26 15:00:00,12691.048892988929,100.0,29.96111111111111,56.28888888888889,6509.5,past,0
2025-04-26 16:00:00,15677.17804428044,100.0,29.96111111111111,56.28888888888889,6549.8,past,0
2025-04-26 17:00:00,19160.995387453873,100.0,29.96111111111111,56.28888888888889,5980.2,past,0
2025-04-26 18:00:00,20654.059963099633,100.0,29.96111111111111,56.28888888888889,5255.2,past,0
2025-04-26 19:00:00,17667.930811808114,100.0,29.96111111111111,56.28888888888889,5496.0,past,0
2025-04-26 20:00:00,13935.269372693723,100.0,29.96111111111111,56.28888888888889,5393.8,past,0
2025-04-26 21:00:00,10949.140221402213,100.0,29.96111111111111,56.28888888888889,5250.3,past,0
2025-04-26 22:00:00,7963.0110701107005,100.0,29.96111111111111,56.28888888888889,5589.9,past,0
2025-04-26 23:00:00,6718.7905904059035,100.0,29.96111111111111,56.28888888888889,5754.3,past,0
2025-04-27 00:00:00,4830.197416974169,104.0,29.83888888888889,53.17777777777778,5917.110000000001,past,0
2025-04-27 01:00:00,3951.9797047970474,104.0,29.83888888888889,53.17777777777778,6000.25,past,0
2025-04-27 02:00:00,3293.316420664207,104.0,29.83888888888889,53.17777777777778,5859.62,past,0
2025-04-27 03:00:00,3293.316420664207,104.0,29.83888888888889,53.17777777777778,5710.35,past,0
2025-04-27 04:00:00,4391.088560885609,104.0,29.83888888888889,53.17777777777778,5787.1,past,0
2025-04-27 05:00:00,7025.741697416975,104.0,29.83888888888889,53.17777777777778,5774.1,past,0
2025-04-27 06:00:00,11197.275830258302,104.0,29.83888888888889,53.17777777777778,5222.3,past,0
2025-04-27 07:00:00,14051.48339483395,104.0,29.83888888888889,53.17777777777778,5605.6,past,0
2025-04-27 08:00:00,15149.255535055354,104.0,29.83888888888889,53.17777777777778,5933.7,past,0
2025-04-27 09:00:00,12295.047970479704,104.0,29.83888888888889,53.17777777777778,6456.799999999999,past,0
2025-04-27 10:00:00,10319.05811808118,104.0,29.83888888888889,53.17777777777778,7440.5,past,0
2025-04-27 11:00:00,9440.84040590406,104.0,29.83888888888889,53.17777777777778,7554.0,past,0
2025-04-27 12:00:00,9001.7315498155,104.0,29.83888888888889,53.17777777777778,7451.9,past,0
2025-04-27 13:00:00,9221.28597785978,104.0,29.83888888888889,53.17777777777778,7350.3,past,0
2025-04-27 14:00:00,9879.94926199262,104.0,29.83888888888889,53.17777777777778,7188.0,past,0
2025-04-27 15:00:00,11197.275830258302,104.0,29.83888888888889,53.17777777777778,7072.799999999999,past,0
2025-04-27 16:00:00,13831.928966789668,104.0,29.83888888888889,53.17777777777778,7167.7,past,0
2025-04-27 17:00:00,16905.690959409592,104.0,29.83888888888889,53.17777777777778,6803.9,past,0
2025-04-27 18:00:00,18223.01752767528,104.0,29.83888888888889,53.17777777777778,5971.5,past,0
2025-04-27 19:00:00,15588.364391143909,104.0,29.83888888888889,53.17777777777778,5931.2,past,0
2025-04-27 20:00:00,12295.047970479704,104.0,29.83888888888889,53.17777777777778,5780.6,past,0
2025-04-27 21:00:00,9660.394833948338,104.0,29.83888888888889,53.17777777777778,5536.1,past,0
2025-04-27 22:00:00,7025.741697416975,104.0,29.83888888888889,53.17777777777778,5806.0,past,0
2025-04-27 23:00:00,5927.969557195573,104.0,29.83888888888889,53.17777777777778,6020.2,past,0
2025-04-28 00:00:00,4294.8302583025825,81.0,29.93888888888889,54.599999999999994,5997.13,past,0
2025-04-28 01:00:00,3513.9520295202947,81.0,29.93888888888889,54.599999999999994,6192.99,past,0
2025-04-28 02:00:00,2928.2933579335795,81.0,29.93888888888889,54.599999999999994,6107.780000000001,past,0
2025-04-28 03:00:00,2928.2933579335795,81.0,29.93888888888889,54.599999999999994,5995.389999999999,past,0
2025-04-28 04:00:00,3904.391143911439,81.0,29.93888888888889,54.599999999999994,5880.2300000000005,past,0
2025-04-28 05:00:00,6247.025830258303,81.0,29.93888888888889,54.599999999999994,5871.0,past,0
2025-04-28 06:00:00,9956.19741697417,81.0,29.93888888888889,54.599999999999994,5363.33,past,0
2025-04-28 07:00:00,12494.051660516609,81.0,29.93888888888889,54.599999999999994,5527.0,past,0
2025-04-28 08:00:00,13470.149446494468,81.0,29.93888888888889,54.599999999999994,5847.2,past,0
2025-04-28 09:00:00,10932.295202952027,81.0,29.93888888888889,54.599999999999994,6168.5,past,0
2025-04-28 10:00:00,9175.319188191885,81.0,29.93888888888889,54.599999999999994,6878.7,past,0
2025-04-28 11:00:00,8394.440959409594,81.0,29.93888888888889,54.599999999999994,6960.5,past,0
2025-04-28 12:00:00,8004.001845018452,81.0,29.93888888888889,54.599999999999994,6812.5,past,0
2025-04-28 13:00:00,8199.221402214023,81.0,29.93888888888889,54.599999999999994,6777.1,past,0
2025-04-28 14:00:00,8784.880073800736,81.0,29.93888888888889,54.599999999999994,6725.2,past,0
2025-04-28 15:00:00,9956.19741697417,81.0,29.93888888888889,54.599999999999994,6494.7,past,0
2025-04-28 16:00:00,12298.832103321034,81.0,29.93888888888889,54.599999999999994,6483.22,past,0
2025-04-28 17:00:00,15031.90590405904,81.0,29.93888888888889,54.599999999999994,5758.0,past,0
2025-04-28 18:00:00,16203.223247232476,81.0,29.93888888888889,54.599999999999994,5005.1,past,0
2025-04-28 19:00:00,13860.588560885606,81.0,29.93888888888889,54.599999999999994,5352.1,past,0
2025-04-28 20:00:00,10932.295202952027,81.0,29.93888888888889,54.599999999999994,5324.5,past,0
2025-04-28 21:00:00,8589.660516605165,81.0,29.93888888888889,54.599999999999994,5132.0,past,0
2025-04-28 22:00:00,6247.025830258303,81.0,29.93888888888889,54.599999999999994,5720.6,past,0
2025-04-28 23:00:00,5270.928044280443,81.0,29.93888888888889,54.599999999999994,5822.3,past,0
2025-04-29 00:00:00,6349.719557195571,70.0,30.10555555555555,57.166666666666664,5796.93,past,0
2025-04-29 01:00:00,5195.225092250922,70.0,30.10555555555555,57.166666666666664,6069.110000000001,past,0
2025-04-29 02:00:00,4329.354243542435,70.0,30.10555555555555,57.166666666666664,5744.120000000001,past,0
2025-04-29 03:00:00,4329.354243542435,70.0,30.10555555555555,57.166666666666664,5873.4800000000005,past,0
2025-04-29 04:00:00,5772.472324723247,70.0,30.10555555555555,57.166666666666664,5885.82,past,0
2025-04-29 05:00:00,9235.955719557196,70.0,30.10555555555555,57.166666666666664,5853.070000000001,past,0
2025-04-29 06:00:00,14719.80442804428,70.0,30.10555555555555,57.166666666666664,5448.599999999999,past,0
2025-04-29 07:00:00,18471.911439114392,70.0,30.10555555555555,57.166666666666664,5945.0,past,0
2025-04-29 08:00:00,19915.029520295204,70.0,30.10555555555555,57.166666666666664,6418.2,past,0
2025-04-29 09:00:00,16162.92250922509,70.0,30.10555555555555,57.166666666666664,7580.5,past,0
2025-04-29 10:00:00,13565.30996309963,70.0,30.10555555555555,57.166666666666664,8090.299999999999,past,0
2025-04-29 11:00:00,12410.81549815498,70.0,30.10555555555555,57.166666666666664,8216.0375,past,0
2025-04-29 12:00:00,11833.568265682658,70.0,30.10555555555555,57.166666666666664,8071.9,past,0
2025-04-29 13:00:00,12122.19188191882,70.0,30.10555555555555,57.166666666666664,7917.2,past,0
2025-04-29 14:00:00,12988.062730627304,70.0,30.10555555555555,57.166666666666664,7991.700000000001,past,0
2025-04-29 15:00:00,14719.80442804428,70.0,30.10555555555555,57.166666666666664,7985.6,past,0
2025-04-29 16:00:00,18183.28782287823,70.0,30.10555555555555,57.166666666666664,7685.3,past,0
2025-04-29 17:00:00,22224.0184501845,70.0,30.10555555555555,57.166666666666664,7395.5,past,0
2025-04-29 18:00:00,23955.76014760148,70.0,30.10555555555555,57.166666666666664,6504.3,past,0
2025-04-29 19:00:00,20492.276752767524,70.0,30.10555555555555,57.166666666666664,6428.1,past,0
2025-04-29 20:00:00,16162.92250922509,70.0,30.10555555555555,57.166666666666664,6206.4,past,0
2025-04-29 21:00:00,12699.439114391142,70.0,30.10555555555555,57.166666666666664,5973.2,past,0
2025-04-29 22:00:00,9235.955719557196,70.0,30.10555555555555,57.166666666666664,5890.7,past,0
2025-04-29 23:00:00,7792.837638376383,70.0,30.10555555555555,57.166666666666664,6024.9,past,0
2025-04-30 00:00:00,7229.719557195571,70.0,30.566666666666663,57.7,5963.0,past,0
2025-04-30 01:00:00,5915.225092250921,70.0,30.566666666666663,57.7,6314.299999999999,past,0
2025-04-30 02:00:00,4929.354243542435,70.0,30.566666666666663,57.7,6199.860000000001,past,0
2025-04-30 03:00:00,4929.354243542435,70.0,30.566666666666663,57.7,6106.48,past,0
2025-04-30 04:00:00,6572.472324723247,70.0,30.566666666666663,57.7,6131.52,past,0
2025-04-30 05:00:00,10515.955719557196,70.0,30.566666666666663,57.7,6078.060000000001,past,0
2025-04-30 06:00:00,16759.804428044277,70.0,30.566666666666663,57.7,6056.799999999999,past,0
2025-04-30 07:00:00,21031.911439114392,70.0,30.566666666666663,57.7,6173.1,past,0
2025-04-30 08:00:00,22675.029520295204,70.0,30.566666666666663,57.7,6481.799999999999,past,0
2025-04-30 09:00:00,18402.92250922509,70.0,30.566666666666663,57.7,7709.200000000001,past,0
2025-04-30 10:00:00,15445.30996309963,70.0,30.566666666666663,57.7,8144.4,past,0
2025-04-30 11:00:00,14130.81549815498,70.0,30.566666666666663,57.7,8216.0375,past,0
2025-04-30 12:00:00,13473.568265682658,70.0,30.566666666666663,57.7,8163.799999999999,past,0
2025-04-30 13:00:00,13802.19188191882,70.0,30.566666666666663,57.7,7946.3,past,0
2025-04-30 14:00:00,14788.062730627304,70.0,30.566666666666663,57.7,7428.200000000001,past,0
2025-04-30 15:00:00,16759.804428044277,70.0,30.566666666666663,57.7,7839.4,past,0
2025-04-30 16:00:00,20703.28782287823,70.0,30.566666666666663,57.7,7865.299999999999,past,0
2025-04-30 17:00:00,25304.0184501845,70.0,30.566666666666663,57.7,7278.8,past,0
2025-04-30 18:00:00,27275.76014760148,70.0,30.566666666666663,57.7,6408.799999999999,past,0
2025-04-30 19:00:00,23332.276752767524,70.0,30.566666666666663,57.7,6321.4,past,0
2025-04-30 20:00:00,18402.92250922509,70.0,30.566666666666663,57.7,6206.799999999999,past,0
2025-04-30 21:00:00,14459.439114391142,70.0,30.566666666666663,57.7,5868.5,past,0
2025-04-30 22:00:00,10515.955719557196,70.0,30.566666666666663,57.7,6219.9,past,0
2025-04-30 23:00:00,8872.837638376384,70.0,30.566666666666663,57.7,6370.299999999999,past,0
2025-05-01 00:00:00,5890.621771217711,85.0,30.7,60.233333333333334,6107.1,past,0
2025-05-01 01:00:00,4819.599630996309,85.0,30.7,60.233333333333334,6352.6,past,0
2025-05-01 02:00:00,4016.3330258302576,85.0,30.7,60.233333333333334,6039.1,past,0
2025-05-01 03:00:00,4016.3330258302576,85.0,30.7,60.233333333333334,6036.0,past,0
2025-05-01 04:00:00,5355.110701107011,85.0,30.7,60.233333333333334,5962.7,past,0
2025-05-01 05:00:00,8568.177121771218,85.0,30.7,60.233333333333334,5930.6,past,0
2025-05-01 06:00:00,13655.532287822876,85.0,30.7,60.233333333333334,5320.1,past,0
2025-05-01 07:00:00,17136.354243542435,85.0,30.7,60.233333333333334,5497.200000000001,past,0
2025-05-01 08:00:00,18475.13191881919,85.0,30.7,60.233333333333334,5670.7,past,0
2025-05-01 09:00:00,14994.30996309963,85.0,30.7,60.233333333333334,6034.039999999999,past,0
2025-05-01 10:00:00,12584.510147601475,85.0,30.7,60.233333333333334,6741.870000000001,past,0
2025-05-01 11:00:00,11513.488007380072,85.0,30.7,60.233333333333334,6767.67,past,0
2025-05-01 12:00:00,10977.976937269374,85.0,30.7,60.233333333333334,6836.9,past,0
2025-05-01 13:00:00,11245.732472324724,85.0,30.7,60.233333333333334,6829.870000000001,past,0
2025-05-01 14:00:00,12048.999077490773,85.0,30.7,60.233333333333334,6847.6,past,0
2025-05-01 15:00:00,13655.532287822876,85.0,30.7,60.233333333333334,6791.79,past,0
2025-05-01 16:00:00,16868.598708487083,85.0,30.7,60.233333333333334,6737.800000000001,past,0
2025-05-01 17:00:00,20617.17619926199,85.0,30.7,60.233333333333334,6310.880000000001,past,0
2025-05-01 18:00:00,22223.709409594096,85.0,30.7,60.233333333333334,5593.58,past,0
2025-05-01 19:00:00,19010.642988929885,85.0,30.7,60.233333333333334,5510.469999999999,past,0
2025-05-01 20:00:00,14994.30996309963,85.0,30.7,60.233333333333334,5468.63,past,0
2025-05-01 21:00:00,11781.243542435424,85.0,30.7,60.233333333333334,5317.1,past,0
2025-05-01 22:00:00,8568.177121771218,85.0,30.7,60.233333333333334,5637.299999999999,past,0
2025-05-01 23:00:00,7229.399446494464,85.0,30.7,60.233333333333334,5773.0,past,0
2025-05-02 00:00:00,6615.749077490774,100.0,30.65,60.36666666666666,5741.67,past,0
2025-05-02 01:00:00,5412.885608856088,100.0,30.65,60.36666666666666,6017.200000000001,past,0
2025-05-02 02:00:00,4510.738007380073,100.0,30.65,60.36666666666666,5833.900000000001,past,0
2025-05-02 03:00:00,4510.738007380073,100.0,30.65,60.36666666666666,5807.6,past,0
2025-05-02 04:00:00,6014.317343173431,100.0,30.65,60.36666666666666,5918.1,past,0
2025-05-02 05:00:00,9622.90774907749,100.0,30.65,60.36666666666666,5769.8,past,0
2025-05-02 06:00:00,15336.50922509225,100.0,30.65,60.36666666666666,5716.48,past,0
2025-05-02 07:00:00,19245.81549815498,100.0,30.65,60.36666666666666,6092.900000000001,past,0
2025-05-02 08:00:00,20749.39483394834,100.0,30.65,60.36666666666666,6517.5,past,0
2025-05-02 09:00:00,16840.088560885608,100.0,30.65,60.36666666666666,7322.700000000001,past,0
2025-05-02 10:00:00,14133.645756457565,100.0,30.65,60.36666666666666,7901.2,past,0
2025-05-02 11:00:00,12930.782287822878,100.0,30.65,60.36666666666666,8216.0375,past,0
2025-05-02 12:00:00,12329.350553505536,100.0,30.65,60.36666666666666,8168.1,past,0
2025-05-02 13:00:00,12630.066420664209,100.0,30.65,60.36666666666666,8125.0,past,0
2025-05-02 14:00:00,13532.21402214022,100.0,30.65,60.36666666666666,8061.8,past,0
2025-05-02 15:00:00,15336.50922509225,100.0,30.65,60.36666666666666,8057.0,past,0
2025-05-02 16:00:00,18945.09963099631,100.0,30.65,60.36666666666666,7833.1,past,0
2025-05-02 17:00:00,23155.12177121771,100.0,30.65,60.36666666666666,7370.3,past,0
2025-05-02 18:00:00,24959.416974169744,100.0,30.65,60.36666666666666,6707.5,past,0
2025-05-02 19:00:00,21350.82656826568,100.0,30.65,60.36666666666666,5791.9,past,0
2025-05-02 20:00:00,16840.088560885608,100.0,30.65,60.36666666666666,5534.1,past,0
2025-05-02 21:00:00,13231.498154981547,100.0,30.65,60.36666666666666,5640.7,past,0
2025-05-02 22:00:00,9622.90774907749,100.0,30.65,60.36666666666666,6246.099999999999,past,0
2025-05-02 23:00:00,8119.328413284133,100.0,30.65,60.36666666666666,6430.9,past,0
2025-05-03 00:00:00,6929.167896678965,82.0,27.727777777777774,67.33333333333333,6227.9,past,0
2025-05-03 01:00:00,5669.319188191881,82.0,27.727777777777774,67.33333333333333,6421.3,past,0
2025-05-03 02:00:00,4724.432656826568,82.0,27.727777777777774,67.33333333333333,6105.7,past,0
2025-05-03 03:00:00,4724.432656826568,82.0,27.727777777777774,67.33333333333333,6110.0199999999995,past,0
2025-05-03 04:00:00,6299.243542435424,82.0,27.727777777777774,67.33333333333333,6133.2,past,0
2025-05-03 05:00:00,10078.78966789668,82.0,27.727777777777774,67.33333333333333,6038.4,past,0
2025-05-03 06:00:00,16063.07103321033,82.0,27.727777777777774,67.33333333333333,5654.1,past,0
2025-05-03 07:00:00,20157.57933579336,82.0,27.727777777777774,67.33333333333333,6188.77,past,0
2025-05-03 08:00:00,21732.390221402213,82.0,27.727777777777774,67.33333333333333,6598.63,past,0
2025-05-03 09:00:00,17637.881918819185,82.0,27.727777777777774,67.33333333333333,7571.84,past,0
2025-05-03 10:00:00,14803.222324723243,82.0,27.727777777777774,67.33333333333333,8187.63,past,0
2025-05-03 11:00:00,13543.373616236162,82.0,27.727777777777774,67.33333333333333,8216.0375,past,0
2025-05-03 12:00:00,12913.44926199262,82.0,27.727777777777774,67.33333333333333,8207.32,past,0
2025-05-03 13:00:00,13228.411439114392,82.0,27.727777777777774,67.33333333333333,7896.3,past,0
2025-05-03 14:00:00,14173.297970479702,82.0,27.727777777777774,67.33333333333333,7530.73,past,0
2025-05-03 15:00:00,16063.07103321033,82.0,27.727777777777774,67.33333333333333,5933.15,past,0
2025-05-03 16:00:00,19842.617158671583,82.0,27.727777777777774,67.33333333333333,6311.8,past,0
2025-05-03 17:00:00,24252.087638376383,82.0,27.727777777777774,67.33333333333333,6351.700000000001,past,0
2025-05-03 18:00:00,26141.860701107013,82.0,27.727777777777774,67.33333333333333,5846.4,past,0
2025-05-03 19:00:00,22362.314575645752,82.0,27.727777777777774,67.33333333333333,5846.700000000001,past,0
2025-05-03 20:00:00,17637.881918819185,82.0,27.727777777777774,67.33333333333333,5722.2,past,0
2025-05-03 21:00:00,13858.33579335793,82.0,27.727777777777774,67.33333333333333,5862.599999999999,past,0
2025-05-03 22:00:00,10078.78966789668,82.0,27.727777777777774,67.33333333333333,5817.200000000001,past,0
2025-05-03 23:00:00,8503.978782287822,82.0,27.727777777777774,67.33333333333333,5857.400000000001,past,0
2025-05-04 00:00:00,7146.488929889298,79.0,29.572222222222223,57.03333333333333,5725.3,past,0
2025-05-04 01:00:00,5847.127306273062,79.0,29.572222222222223,57.03333333333333,5867.2,past,0
2025-05-04 02:00:00,4872.606088560886,79.0,29.572222222222223,57.03333333333333,5567.400000000001,past,0
2025-05-04 03:00:00,4872.606088560886,79.0,29.572222222222223,57.03333333333333,5741.099999999999,past,0
2025-05-04 04:00:00,6496.8081180811805,79.0,29.572222222222223,57.03333333333333,5544.0,past,0
2025-05-04 05:00:00,10394.89298892989,79.0,29.572222222222223,57.03333333333333,5389.5,past,0
2025-05-04 06:00:00,16566.860701107013,79.0,29.572222222222223,57.03333333333333,5171.7,past,0
2025-05-04 07:00:00,20789.78597785978,79.0,29.572222222222223,57.03333333333333,5677.8,past,0
2025-05-04 08:00:00,22413.98800738008,79.0,29.572222222222223,57.03333333333333,5907.099999999999,past,0
2025-05-04 09:00:00,18191.062730627305,79.0,29.572222222222223,57.03333333333333,6764.2,past,0
2025-05-04 10:00:00,15267.499077490776,79.0,29.572222222222223,57.03333333333333,7276.6,past,0
2025-05-04 11:00:00,13968.13745387454,79.0,29.572222222222223,57.03333333333333,7481.400000000001,past,0
2025-05-04 12:00:00,13318.456642066423,79.0,29.572222222222223,57.03333333333333,7384.7,past,0
2025-05-04 13:00:00,13643.297047970484,79.0,29.572222222222223,57.03333333333333,7227.8,past,0
2025-05-04 14:00:00,14617.818265682654,79.0,29.572222222222223,57.03333333333333,7173.200000000001,past,0
2025-05-04 15:00:00,16566.860701107013,79.0,29.572222222222223,57.03333333333333,7200.6,past,0
2025-05-04 16:00:00,20464.945571955723,79.0,29.572222222222223,57.03333333333333,7174.6,past,0
2025-05-04 17:00:00,25012.711254612543,79.0,29.572222222222223,57.03333333333333,6895.799999999999,past,0
2025-05-04 18:00:00,26961.753690036905,79.0,29.572222222222223,57.03333333333333,5794.0,past,0
2025-05-04 19:00:00,23063.668819188188,79.0,29.572222222222223,57.03333333333333,5956.1,past,0
2025-05-04 20:00:00,18191.062730627305,79.0,29.572222222222223,57.03333333333333,5799.500000000001,past,0
2025-05-04 21:00:00,14292.977859778595,79.0,29.572222222222223,57.03333333333333,5622.9,past,0
2025-05-04 22:00:00,10394.89298892989,79.0,29.572222222222223,57.03333333333333,6063.400000000001,past,0
2025-05-04 23:00:00,8770.690959409594,79.0,29.572222222222223,57.03333333333333,6035.1,past,0
2025-05-05 00:00:00,3906.298892988929,80.0,29.294814814814817,57.56296296296296,5892.4,past,0
2025-05-05 01:00:00,3196.062730627306,80.0,29.294814814814817,57.56296296296296,6094.02,past,0
2025-05-05 02:00:00,2663.3856088560888,80.0,29.294814814814817,57.56296296296296,5845.88,past,0
2025-05-05 03:00:00,2663.3856088560888,80.0,29.294814814814817,57.56296296296296,5842.32,past,0
2025-05-05 04:00:00,3551.180811808118,80.0,29.294814814814817,57.56296296296296,5839.0,past,0
2025-05-05 05:00:00,5681.889298892989,80.0,29.294814814814817,57.56296296296296,5649.01,past,0
2025-05-05 06:00:00,9055.5110701107,80.0,29.294814814814817,57.56296296296296,5549.58,past,0
2025-05-05 07:00:00,11363.778597785978,80.0,29.294814814814817,57.56296296296296,5389.47,past,0
2025-05-05 08:00:00,12251.57380073801,80.0,29.294814814814817,57.56296296296296,5506.76,past,0
2025-05-05 09:00:00,9943.30627306273,80.0,29.294814814814817,57.56296296296296,6177.42,past,0
2025-05-05 10:00:00,8345.274907749077,80.0,29.294814814814817,57.56296296296296,6634.400000000001,past,0
2025-05-05 11:00:00,7635.038745387455,80.0,29.294814814814817,57.56296296296296,6757.01,past,0
2025-05-05 12:00:00,7279.920664206644,80.0,29.294814814814817,57.56296296296296,6629.610000000001,past,0
2025-05-05 13:00:00,7457.47970479705,80.0,29.294814814814817,57.56296296296296,6612.13,past,0
2025-05-05 14:00:00,7990.156826568264,80.0,29.294814814814817,57.56296296296296,6501.49,past,0
2025-05-05 15:00:00,9055.5110701107,80.0,29.294814814814817,57.56296296296296,6372.72,past,0
2025-05-05 16:00:00,11186.219557195573,80.0,29.294814814814817,57.56296296296296,6197.4400000000005,past,0
2025-05-05 17:00:00,13672.046125461256,80.0,29.294814814814817,57.56296296296296,5728.48,past,0
2025-05-05 18:00:00,14737.400369003692,80.0,29.294814814814817,57.56296296296296,4992.88,past,0
2025-05-05 19:00:00,12606.691881918816,80.0,29.294814814814817,57.56296296296296,5190.76,past,0
2025-05-05 20:00:00,9943.30627306273,80.0,29.294814814814817,57.56296296296296,5213.950000000001,past,0
2025-05-05 21:00:00,7812.597785977858,80.0,29.294814814814817,57.56296296296296,5096.1,past,0
2025-05-05 22:00:00,5681.889298892989,80.0,29.294814814814817,57.56296296296296,5569.37,past,0
2025-05-05 23:00:00,4794.09409594096,80.0,29.294814814814817,57.56296296296296,5603.7,past,0
2025-05-06 00:00:00,5837.123616236161,78.0,28.694444444444443,64.77777777777777,5669.9,past,0
2025-05-06 01:00:00,4775.828413284132,78.0,28.694444444444443,64.77777777777777,5961.0,past,0
2025-05-06 02:00:00,3979.8570110701103,78.0,28.694444444444443,64.77777777777777,5766.2,past,0
2025-05-06 03:00:00,3979.8570110701103,78.0,28.694444444444443,64.77777777777777,5813.5,past,0
2025-05-06 04:00:00,5306.476014760147,78.0,28.694444444444443,64.77777777777777,5853.2,past,0
2025-05-06 05:00:00,8490.361623616236,78.0,28.694444444444443,64.77777777777777,5775.4,past,0
2025-05-06 06:00:00,13531.513837638377,78.0,28.694444444444443,64.77777777777777,5337.4,past,0
2025-05-06 07:00:00,16980.723247232472,78.0,28.694444444444443,64.77777777777777,5960.5,past,0
2025-05-06 08:00:00,18307.34225092251,78.0,28.694444444444443,64.77777777777777,6313.0,past,0
2025-05-06 09:00:00,14858.132841328412,78.0,28.694444444444443,64.77777777777777,7161.5,past,0
2025-05-06 10:00:00,12470.218634686344,78.0,28.694444444444443,64.77777777777777,7935.8,past,0
2025-05-06 11:00:00,11408.923431734316,78.0,28.694444444444443,64.77777777777777,7985.3,past,0
2025-05-06 12:00:00,10878.275830258302,78.0,28.694444444444443,64.77777777777777,7953.0,past,0
2025-05-06 13:00:00,11143.59963099631,78.0,28.694444444444443,64.77777777777777,7853.8,past,0
2025-05-06 14:00:00,11939.57103321033,78.0,28.694444444444443,64.77777777777777,7787.0,past,0
2025-05-06 15:00:00,13531.513837638377,78.0,28.694444444444443,64.77777777777777,7782.5,past,0
2025-05-06 16:00:00,16715.399446494463,78.0,28.694444444444443,64.77777777777777,7575.799999999999,past,0
2025-05-06 17:00:00,20429.932656826568,78.0,28.694444444444443,64.77777777777777,6743.3,past,0
2025-05-06 18:00:00,22021.875461254614,78.0,28.694444444444443,64.77777777777777,5113.5,past,0
2025-05-06 19:00:00,18837.98985239852,78.0,28.694444444444443,64.77777777777777,5223.4,past,0
2025-05-06 20:00:00,14858.132841328412,78.0,28.694444444444443,64.77777777777777,5280.5,past,0
2025-05-06 21:00:00,11674.247232472322,78.0,28.694444444444443,64.77777777777777,5031.7,past,0
2025-05-06 22:00:00,8490.361623616236,78.0,28.694444444444443,64.77777777777777,5243.1,past,0
2025-05-06 23:00:00,7163.742619926199,78.0,28.694444444444443,64.77777777777777,4970.4,past,0
2025-05-07 00:00:00,3537.697416974169,52.0,28.077777777777776,58.7,4837.59,past,0
2025-05-07 01:00:00,2894.4797047970474,52.0,28.077777777777776,58.7,4948.5,past,0
2025-05-07 02:00:00,2412.0664206642064,52.0,28.077777777777776,58.7,4785.16,past,0
2025-05-07 03:00:00,2412.0664206642064,52.0,28.077777777777776,58.7,4774.26,past,0
2025-05-07 04:00:00,3216.088560885609,52.0,28.077777777777776,58.7,4818.84,past,0
2025-05-07 05:00:00,5145.741697416974,52.0,28.077777777777776,58.7,4742.26,past,0
2025-05-07 06:00:00,8201.025830258302,52.0,28.077777777777776,58.7,4811.52,past,0
2025-05-07 07:00:00,10291.483394833947,52.0,28.077777777777776,58.7,5346.96,past,0
2025-05-07 08:00:00,11095.50553505535,52.0,28.077777777777776,58.7,5722.2,past,0
2025-05-07 09:00:00,9005.047970479704,52.0,28.077777777777776,58.7,6220.410000000001,past,0
2025-05-07 10:00:00,7557.80811808118,52.0,28.077777777777776,58.7,6988.610000000001,past,0
2025-05-07 11:00:00,6914.590405904059,52.0,28.077777777777776,58.7,7116.670000000001,past,0
2025-05-07 12:00:00,6592.9815498154985,52.0,28.077777777777776,58.7,7070.759999999999,past,0
2025-05-07 13:00:00,6753.785977859779,52.0,28.077777777777776,58.7,7053.13,past,0
2025-05-07 14:00:00,7236.199261992619,52.0,28.077777777777776,58.7,7219.120000000001,past,0
2025-05-07 15:00:00,8201.025830258302,52.0,28.077777777777776,58.7,7452.35,past,0
2025-05-07 16:00:00,10130.678966789668,52.0,28.077777777777776,58.7,7334.960000000001,past,0
2025-05-07 17:00:00,12381.940959409594,52.0,28.077777777777776,58.7,6826.6900000000005,past,0
2025-05-07 18:00:00,13346.767527675278,52.0,28.077777777777776,58.7,5654.35,past,0
2025-05-07 19:00:00,11417.114391143909,52.0,28.077777777777776,58.7,5507.62,past,0
2025-05-07 20:00:00,9005.047970479704,52.0,28.077777777777776,58.7,5517.889999999999,past,0
2025-05-07 21:00:00,7075.394833948338,52.0,28.077777777777776,58.7,5605.13,past,0
2025-05-07 22:00:00,5145.741697416974,52.0,28.077777777777776,58.7,5546.700000000001,past,0
2025-05-07 23:00:00,4341.719557195572,52.0,28.077777777777776,58.7,5590.780000000001,past,0
2025-05-08 00:00:00,8357.381918819186,53.0,26.15555555555556,63.833333333333336,5464.9,past,0
2025-05-08 01:00:00,6837.857933579335,53.0,26.15555555555556,63.833333333333336,5459.599999999999,past,0
2025-05-08 02:00:00,5698.214944649446,53.0,26.15555555555556,63.833333333333336,5330.7,past,0
2025-05-08 03:00:00,5698.214944649446,53.0,26.15555555555556,63.833333333333336,5114.9,past,0
2025-05-08 04:00:00,7597.619926199261,53.0,26.15555555555556,63.833333333333336,5134.0,past,0
2025-05-08 05:00:00,12156.19188191882,53.0,26.15555555555556,63.833333333333336,4738.299999999999,past,0
2025-05-08 06:00:00,19373.930811808117,53.0,26.15555555555556,63.833333333333336,4586.3,past,0
2025-05-08 07:00:00,24312.38376383764,53.0,26.15555555555556,63.833333333333336,5173.4,past,0
2025-05-08 08:00:00,26211.788745387457,53.0,26.15555555555556,63.833333333333336,5671.999999999999,past,0
2025-05-08 09:00:00,21273.335793357932,53.0,26.15555555555556,63.833333333333336,6283.299999999999,past,0
2025-05-08 10:00:00,17854.406826568265,53.0,26.15555555555556,63.833333333333336,6584.400000000001,past,0
2025-05-08 11:00:00,16334.882841328412,53.0,26.15555555555556,63.833333333333336,6828.9,past,0
2025-05-08 12:00:00,15575.120848708488,53.0,26.15555555555556,63.833333333333336,6891.6,past,0
2025-05-08 13:00:00,15955.00184501845,53.0,26.15555555555556,63.833333333333336,6956.4,past,0
2025-05-08 14:00:00,17094.644833948336,53.0,26.15555555555556,63.833333333333336,6966.3,past,0
2025-05-08 15:00:00,19373.930811808117,53.0,26.15555555555556,63.833333333333336,7090.6,past,0
2025-05-08 16:00:00,23932.502767527672,53.0,26.15555555555556,63.833333333333336,7211.0,past,0
2025-05-08 17:00:00,27550.059040590397,53.0,26.15555555555556,63.833333333333336,6847.5,past,0
2025-05-08 18:00:00,27550.059040590397,53.0,26.15555555555556,63.833333333333336,5240.2,past,0
2025-05-08 19:00:00,26971.550738007376,53.0,26.15555555555556,63.833333333333336,5247.6,past,0
2025-05-08 20:00:00,21273.335793357932,53.0,26.15555555555556,63.833333333333336,5427.5,past,0
2025-05-08 21:00:00,16714.763837638373,53.0,26.15555555555556,63.833333333333336,5322.6,past,0
2025-05-08 22:00:00,12156.19188191882,53.0,26.15555555555556,63.833333333333336,5449.3,past,0
2025-05-08 23:00:00,10256.786900369005,53.0,26.15555555555556,63.833333333333336,5526.0,past,0
2025-05-09 00:00:00,4193.719557195571,72.0,27.66111111111111,61.35555555555556,5191.65,past,0
2025-05-09 01:00:00,3431.225092250922,72.0,27.66111111111111,61.35555555555556,5342.2,past,0
2025-05-09 02:00:00,2859.354243542435,72.0,27.66111111111111,61.35555555555556,5123.18,past,0
2025-05-09 03:00:00,2859.354243542435,72.0,27.66111111111111,61.35555555555556,4995.8,past,0
2025-05-09 04:00:00,3812.4723247232473,72.0,27.66111111111111,61.35555555555556,5043.38,past,0
2025-05-09 05:00:00,6099.955719557195,72.0,27.66111111111111,61.35555555555556,5058.93,past,0
2025-05-09 06:00:00,9721.80442804428,72.0,27.66111111111111,61.35555555555556,4840.3,past,0
2025-05-09 07:00:00,12199.91143911439,72.0,27.66111111111111,61.35555555555556,5515.64,past,0
2025-05-09 08:00:00,13153.029520295202,72.0,27.66111111111111,61.35555555555556,6093.46,past,0
2025-05-09 09:00:00,10674.92250922509,72.0,27.66111111111111,61.35555555555556,6895.540000000001,past,0
2025-05-09 10:00:00,8959.30996309963,72.0,27.66111111111111,61.35555555555556,7238.64,past,0
2025-05-09 11:00:00,8196.815498154981,72.0,27.66111111111111,61.35555555555556,6960.969999999999,past,0
2025-05-09 12:00:00,7815.5682656826575,72.0,27.66111111111111,61.35555555555556,7157.41,past,0
2025-05-09 13:00:00,8006.1918819188195,72.0,27.66111111111111,61.35555555555556,6990.99,past,0
2025-05-09 14:00:00,8578.062730627305,72.0,27.66111111111111,61.35555555555556,7046.5599999999995,past,0
2025-05-09 15:00:00,9721.80442804428,72.0,27.66111111111111,61.35555555555556,7014.73,past,0
2025-05-09 16:00:00,12009.287822878228,72.0,27.66111111111111,61.35555555555556,6909.4400000000005,past,0
2025-05-09 17:00:00,14678.0184501845,72.0,27.66111111111111,61.35555555555556,6459.62,past,0
2025-05-09 18:00:00,15821.760147601475,72.0,27.66111111111111,61.35555555555556,5700.3,past,0
2025-05-09 19:00:00,13534.276752767524,72.0,27.66111111111111,61.35555555555556,5872.9,past,0
2025-05-09 20:00:00,10674.92250922509,72.0,27.66111111111111,61.35555555555556,5506.7,past,0
2025-05-09 21:00:00,8387.439114391142,72.0,27.66111111111111,61.35555555555556,5096.1,past,0
2025-05-09 22:00:00,6099.955719557195,72.0,27.66111111111111,61.35555555555556,5189.2,past,0
2025-05-09 23:00:00,5146.837638376383,72.0,27.66111111111111,61.35555555555556,5070.3,past,0
2025-05-10 00:00:00,4257.750922509224,69.0,27.03333333333333,65.64444444444445,4922.43,past,0
2025-05-10 01:00:00,3483.614391143911,69.0,27.03333333333333,65.64444444444445,4826.8099999999995,past,0
2025-05-10 02:00:00,2903.011992619926,69.0,27.03333333333333,65.64444444444445,4725.47,past,0
2025-05-10 03:00:00,2903.011992619926,69.0,27.03333333333333,65.64444444444445,4618.42,past,0
2025-05-10 04:00:00,3870.682656826568,69.0,27.03333333333333,65.64444444444445,4627.39,past,0
2025-05-10 05:00:00,6193.092250922509,69.0,27.03333333333333,65.64444444444445,4537.66,past,0
2025-05-10 06:00:00,9870.240774907748,69.0,27.03333333333333,65.64444444444445,4871.969999999999,past,0
2025-05-10 07:00:00,12386.18450184502,69.0,27.03333333333333,65.64444444444445,5254.92,past,0
2025-05-10 08:00:00,13353.85516605166,69.0,27.03333333333333,65.64444444444445,5778.88,past,0
2025-05-10 09:00:00,10837.91143911439,69.0,27.03333333333333,65.64444444444445,6353.75,past,0
2025-05-10 10:00:00,9096.104243542435,69.0,27.03333333333333,65.64444444444445,6829.67,past,0
2025-05-10 11:00:00,8321.967712177122,69.0,27.03333333333333,65.64444444444445,6747.219999999999,past,0
2025-05-10 12:00:00,7934.899446494465,69.0,27.03333333333333,65.64444444444445,7038.56,past,0
2025-05-10 13:00:00,8128.433579335794,69.0,27.03333333333333,65.64444444444445,6583.22,past,0
2025-05-10 14:00:00,8709.035977859778,69.0,27.03333333333333,65.64444444444445,6806.69,past,0
2025-05-10 15:00:00,9870.240774907748,69.0,27.03333333333333,65.64444444444445,6724.0599999999995,past,0
2025-05-10 16:00:00,12192.65036900369,69.0,27.03333333333333,65.64444444444445,6593.33,past,0
2025-05-10 17:00:00,14902.128228782289,69.0,27.03333333333333,65.64444444444445,6038.5,past,0
2025-05-10 18:00:00,16063.33302583026,69.0,27.03333333333333,65.64444444444445,5633.92,past,0
2025-05-10 19:00:00,13740.923431734314,69.0,27.03333333333333,65.64444444444445,5684.94,past,0
2025-05-10 20:00:00,10837.91143911439,69.0,27.03333333333333,65.64444444444445,5495.67,past,0
2025-05-10 21:00:00,8515.501845018449,69.0,27.03333333333333,65.64444444444445,5343.5199999999995,past,0
2025-05-10 22:00:00,6193.092250922509,69.0,27.03333333333333,65.64444444444445,5331.969999999999,past,0
2025-05-10 23:00:00,5225.421586715867,69.0,27.03333333333333,65.64444444444445,5089.860000000001,past,0
2025-05-11 00:00:00,5750.767527675275,54.0,27.427777777777777,62.93333333333333,4426.4,past,0
2025-05-11 01:00:00,4705.173431734316,54.0,27.427777777777777,62.93333333333333,4163.7,past,0
2025-05-11 02:00:00,3920.9778597785976,54.0,27.427777777777777,62.93333333333333,4092.6,past,0
2025-05-11 03:00:00,3920.9778597785976,54.0,27.427777777777777,62.93333333333333,4038.2,past,0
2025-05-11 04:00:00,5227.970479704797,54.0,27.427777777777777,62.93333333333333,4026.2,past,0
2025-05-11 05:00:00,8364.752767527676,54.0,27.427777777777777,62.93333333333333,4032.4,past,0
2025-05-11 06:00:00,13331.324723247231,54.0,27.427777777777777,62.93333333333333,4137.6,past,0
2025-05-11 07:00:00,16729.505535055352,54.0,27.427777777777777,62.93333333333333,4579.1,past,0
2025-05-11 08:00:00,18036.498154981553,54.0,27.427777777777777,62.93333333333333,4846.3,past,0
2025-05-11 09:00:00,14638.31734317343,54.0,27.427777777777777,62.93333333333333,5422.2,past,0
2025-05-11 10:00:00,12285.730627306271,54.0,27.427777777777777,62.93333333333333,6096.3,past,0
2025-05-11 11:00:00,11240.136531365317,54.0,27.427777777777777,62.93333333333333,6432.5,past,0
2025-05-11 12:00:00,10717.339483394837,54.0,27.427777777777777,62.93333333333333,6337.8,past,0
2025-05-11 13:00:00,10978.738007380076,54.0,27.427777777777777,62.93333333333333,6300.2,past,0
2025-05-11 14:00:00,11762.933579335791,54.0,27.427777777777777,62.93333333333333,6274.799999999999,past,0
2025-05-11 15:00:00,13331.324723247231,54.0,27.427777777777777,62.93333333333333,6316.0,past,0
2025-05-11 16:00:00,16468.10701107011,54.0,27.427777777777777,62.93333333333333,6246.7,past,0
2025-05-11 17:00:00,20127.686346863466,54.0,27.427777777777777,62.93333333333333,5980.4,past,0
2025-05-11 18:00:00,21696.07749077491,54.0,27.427777777777777,62.93333333333333,5417.0,past,0
2025-05-11 19:00:00,18559.295202952027,54.0,27.427777777777777,62.93333333333333,5496.7,past,0
2025-05-11 20:00:00,14638.31734317343,54.0,27.427777777777777,62.93333333333333,5299.9400000000005,past,0
2025-05-11 21:00:00,11501.53505535055,54.0,27.427777777777777,62.93333333333333,5129.4,past,0
2025-05-11 22:00:00,8364.752767527676,54.0,27.427777777777777,62.93333333333333,5253.4,past,0
2025-05-11 23:00:00,7057.760147601477,54.0,27.427777777777777,62.93333333333333,5149.1,past,0
2025-05-12 00:00:00,4285.250922509224,58.0,26.827777777777776,61.888888888888886,4872.6,past,0
2025-05-12 01:00:00,3506.114391143911,58.0,26.827777777777776,61.888888888888886,4953.0,past,0
2025-05-12 02:00:00,2921.7619926199263,58.0,26.827777777777776,61.888888888888886,4847.3,past,0
2025-05-12 03:00:00,2921.7619926199263,58.0,26.827777777777776,61.888888888888886,4780.8,past,0
2025-05-12 04:00:00,3895.682656826568,58.0,26.827777777777776,61.888888888888886,4681.6,past,0
2025-05-12 05:00:00,6233.09225092251,58.0,26.827777777777776,61.888888888888886,4611.7,past,0
2025-05-12 06:00:00,9933.99077490775,58.0,26.827777777777776,61.888888888888886,4655.7,past,0
2025-05-12 07:00:00,12466.18450184502,58.0,26.827777777777776,61.888888888888886,4824.7,past,0
2025-05-12 08:00:00,13440.105166051662,58.0,26.827777777777776,61.888888888888886,5019.0,past,0
2025-05-12 09:00:00,10907.91143911439,58.0,26.827777777777776,61.888888888888886,5355.0,past,0
2025-05-12 10:00:00,9154.854243542435,58.0,26.827777777777776,61.888888888888886,5721.6,past,0
2025-05-12 11:00:00,8375.717712177122,58.0,26.827777777777776,61.888888888888886,5595.1,past,0
2025-05-12 12:00:00,7986.149446494466,58.0,26.827777777777776,61.888888888888886,5623.2,past,0
2025-05-12 13:00:00,8180.933579335795,58.0,26.827777777777776,61.888888888888886,5441.4,past,0
2025-05-12 14:00:00,8765.285977859778,58.0,26.827777777777776,61.888888888888886,5244.7,past,0
2025-05-12 15:00:00,9933.99077490775,58.0,26.827777777777776,61.888888888888886,4990.6,past,0
2025-05-12 16:00:00,12271.400369003692,58.0,26.827777777777776,61.888888888888886,4819.9,past,0
2025-05-12 17:00:00,14998.378228782289,58.0,26.827777777777776,61.888888888888886,4369.4,past,0
2025-05-12 18:00:00,16167.08302583026,58.0,26.827777777777776,61.888888888888886,4163.700000000001,past,0
2025-05-12 19:00:00,13829.673431734314,58.0,26.827777777777776,61.888888888888886,4546.9,past,0
2025-05-12 20:00:00,10907.91143911439,58.0,26.827777777777776,61.888888888888886,4515.6,past,0
2025-05-12 21:00:00,8570.501845018449,58.0,26.827777777777776,61.888888888888886,4437.6,past,0
2025-05-12 22:00:00,6233.09225092251,58.0,26.827777777777776,61.888888888888886,4430.1,past,0
2025-05-12 23:00:00,5259.171586715867,58.0,26.827777777777776,61.888888888888886,4109.5,past,0
2025-05-13 00:00:00,4947.300738007379,55.0,25.950000000000003,67.14444444444445,4003.94,past,0
2025-05-13 01:00:00,4047.791512915128,55.0,25.950000000000003,67.14444444444445,3800.5,past,0
2025-05-13 02:00:00,3373.1595940959405,55.0,25.950000000000003,67.14444444444445,3544.95,past,0
2025-05-13 03:00:00,3373.1595940959405,55.0,25.950000000000003,67.14444444444445,3438.5,past,0
2025-05-13 04:00:00,4497.546125461255,55.0,25.950000000000003,67.14444444444445,3434.67,past,0
2025-05-13 05:00:00,7196.073800738007,55.0,25.950000000000003,67.14444444444445,3588.84,past,0
2025-05-13 06:00:00,11468.742619926195,55.0,25.950000000000003,67.14444444444445,3866.82,past,0
2025-05-13 07:00:00,14392.147601476014,55.0,25.950000000000003,67.14444444444445,4395.03,past,0
2025-05-13 08:00:00,15516.534132841329,55.0,25.950000000000003,67.14444444444445,4690.82,past,0
2025-05-13 09:00:00,12593.129151291512,55.0,25.950000000000003,67.14444444444445,5480.16,past,0
2025-05-13 10:00:00,10569.233394833947,55.0,25.950000000000003,67.14444444444445,5960.2,past,0
2025-05-13 11:00:00,9669.724169741698,55.0,25.950000000000003,67.14444444444445,6278.71,past,0
2025-05-13 12:00:00,9219.969557195573,55.0,25.950000000000003,67.14444444444445,6302.14,past,0
2025-05-13 13:00:00,9444.846863468636,55.0,25.950000000000003,67.14444444444445,6262.22,past,0
2025-05-13 14:00:00,10119.47878228782,55.0,25.950000000000003,67.14444444444445,6169.16,past,0
2025-05-13 15:00:00,11468.742619926195,55.0,25.950000000000003,67.14444444444445,6295.44,past,0
2025-05-13 16:00:00,14167.27029520295,55.0,25.950000000000003,67.14444444444445,6348.7,past,0
2025-05-13 17:00:00,17315.55258302583,55.0,25.950000000000003,67.14444444444445,6018.96,past,0
2025-05-13 18:00:00,18664.816420664207,55.0,25.950000000000003,67.14444444444445,5760.68,past,0
2025-05-13 19:00:00,15966.28874538745,55.0,25.950000000000003,67.14444444444445,5607.22,past,0
2025-05-13 20:00:00,12593.129151291512,55.0,25.950000000000003,67.14444444444445,5302.57,past,0
2025-05-13 21:00:00,9894.601476014755,55.0,25.950000000000003,67.14444444444445,5016.16,past,0
2025-05-13 22:00:00,7196.073800738007,55.0,25.950000000000003,67.14444444444445,4950.21,past,0
2025-05-13 23:00:00,6071.687269372694,55.0,25.950000000000003,67.14444444444445,4581.04,past,0
2025-05-14 00:00:00,6836.378228782286,49.0,26.28888888888889,64.6,4037.87,past,0
2025-05-14 01:00:00,5593.400369003689,49.0,26.28888888888889,64.6,3929.3,past,0
2025-05-14 02:00:00,4661.1669741697415,49.0,26.28888888888889,64.6,3723.88,past,0
2025-05-14 03:00:00,4661.1669741697415,49.0,26.28888888888889,64.6,3645.41,past,0
2025-05-14 04:00:00,6214.889298892989,49.0,26.28888888888889,64.6,3612.66,past,0
2025-05-14 05:00:00,9943.822878228782,49.0,26.28888888888889,64.6,3638.36,past,0
2025-05-14 06:00:00,15847.96771217712,49.0,26.28888888888889,64.6,3874.75,past,0
2025-05-14 07:00:00,19887.645756457565,49.0,26.28888888888889,64.6,4467.36,past,0
2025-05-14 08:00:00,21441.36808118081,49.0,26.28888888888889,64.6,4918.07,past,0
2025-05-14 09:00:00,17401.690036900367,49.0,26.28888888888889,64.6,5441.64,past,0
2025-05-14 10:00:00,14604.989852398525,49.0,26.28888888888889,64.6,5889.8,past,0
2025-05-14 11:00:00,13362.011992619926,49.0,26.28888888888889,64.6,5986.5,past,0
2025-05-14 12:00:00,12740.523062730628,49.0,26.28888888888889,64.6,6003.07,past,0
2025-05-14 13:00:00,13051.267527675278,49.0,26.28888888888889,64.6,5977.6,past,0
2025-05-14 14:00:00,13983.500922509224,49.0,26.28888888888889,64.6,6005.8099999999995,past,0
2025-05-14 15:00:00,15847.96771217712,49.0,26.28888888888889,64.6,5927.710000000001,past,0
2025-05-14 16:00:00,19576.901291512913,49.0,26.28888888888889,64.6,6035.99,past,0
2025-05-14 17:00:00,23927.32380073801,49.0,26.28888888888889,64.6,5721.69,past,0
2025-05-14 18:00:00,25791.790590405904,49.0,26.28888888888889,64.6,5401.34,past,0
2025-05-14 19:00:00,22062.857011070108,49.0,26.28888888888889,64.6,5603.11,past,0
2025-05-14 20:00:00,17401.690036900367,49.0,26.28888888888889,64.6,5350.54,past,0
2025-05-14 21:00:00,13672.756457564572,49.0,26.28888888888889,64.6,5135.96,past,0
2025-05-14 22:00:00,9943.822878228782,49.0,26.28888888888889,64.6,5108.67,past,0
2025-05-14 23:00:00,8390.100553505536,49.0,26.28888888888889,64.6,4934.26,past,0
2025-05-15 00:00:00,5285.601476014759,65.0,27.34444444444444,56.98888888888889,4624.08,past,0
2025-05-15 01:00:00,4324.583025830258,65.0,27.34444444444444,56.98888888888889,4570.93,past,0
2025-05-15 02:00:00,3603.8191881918815,65.0,27.34444444444444,56.98888888888889,4409.990000000001,past,0
2025-05-15 03:00:00,3603.8191881918815,65.0,27.34444444444444,56.98888888888889,4327.22,past,0
2025-05-15 04:00:00,4805.092250922509,65.0,27.34444444444444,56.98888888888889,4215.36,past,0
2025-05-15 05:00:00,7688.147601476015,65.0,27.34444444444444,56.98888888888889,4302.26,past,0
2025-05-15 06:00:00,12252.985239852396,65.0,27.34444444444444,56.98888888888889,4392.63,past,0
2025-05-15 07:00:00,15376.29520295203,65.0,27.34444444444444,56.98888888888889,4944.33,past,0
2025-05-15 08:00:00,16577.568265682658,65.0,27.34444444444444,56.98888888888889,5398.35,past,0
2025-05-15 09:00:00,13454.258302583024,65.0,27.34444444444444,56.98888888888889,5988.9400000000005,past,0
2025-05-15 10:00:00,11291.966789667897,65.0,27.34444444444444,56.98888888888889,6275.5,past,0
2025-05-15 11:00:00,10330.948339483391,65.0,27.34444444444444,56.98888888888889,6379.17,past,0
2025-05-15 12:00:00,9850.439114391143,65.0,27.34444444444444,56.98888888888889,6329.16,past,0
2025-05-15 13:00:00,10090.69372693727,65.0,27.34444444444444,56.98888888888889,6173.76,past,0
2025-05-15 14:00:00,10811.457564575643,65.0,27.34444444444444,56.98888888888889,5991.51,past,0
2025-05-15 15:00:00,12252.985239852396,65.0,27.34444444444444,56.98888888888889,6126.11,past,0
2025-05-15 16:00:00,15136.040590405904,65.0,27.34444444444444,56.98888888888889,6003.66,past,0
2025-05-15 17:00:00,18499.60516605166,65.0,27.34444444444444,56.98888888888889,5754.18,past,0
2025-05-15 18:00:00,19941.132841328417,65.0,27.34444444444444,56.98888888888889,5297.6900000000005,past,0
2025-05-15 19:00:00,17058.077490774904,65.0,27.34444444444444,56.98888888888889,5539.51,past,0
2025-05-15 20:00:00,13454.258302583024,65.0,27.34444444444444,56.98888888888889,5450.84,past,0
2025-05-15 21:00:00,10571.202952029518,65.0,27.34444444444444,56.98888888888889,5181.96,past,0
2025-05-15 22:00:00,7688.147601476015,65.0,27.34444444444444,56.98888888888889,5093.790000000001,past,0
2025-05-15 23:00:00,6486.874538745387,65.0,27.34444444444444,56.98888888888889,5017.58,past,0
2025-05-16 00:00:00,4565.629151291512,53.0,26.02777777777778,58.54444444444445,4762.0,past,0
2025-05-16 01:00:00,3735.514760147601,53.0,26.02777777777778,58.54444444444445,4784.6,past,0
2025-05-16 02:00:00,3112.9289667896674,53.0,26.02777777777778,58.54444444444445,4518.9,past,0
2025-05-16 03:00:00,3112.9289667896674,53.0,26.02777777777778,58.54444444444445,4434.1,past,0
2025-05-16 04:00:00,4150.571955719557,53.0,26.02777777777778,58.54444444444445,4530.3,past,0
2025-05-16 05:00:00,6640.915129151292,53.0,26.02777777777778,58.54444444444445,4528.5,past,0
2025-05-16 06:00:00,10583.95848708487,53.0,26.02777777777778,58.54444444444445,4537.5,past,0
2025-05-16 07:00:00,13281.830258302583,53.0,26.02777777777778,58.54444444444445,5237.1,past,0
2025-05-16 08:00:00,14319.473247232472,53.0,26.02777777777778,58.54444444444445,5665.0,past,0
2025-05-16 09:00:00,11621.60147601476,53.0,26.02777777777778,58.54444444444445,6304.0,past,0
2025-05-16 10:00:00,9753.844095940958,53.0,26.02777777777778,58.54444444444445,6530.8,past,0
2025-05-16 11:00:00,8923.729704797048,53.0,26.02777777777778,58.54444444444445,6593.7,past,0
2025-05-16 12:00:00,8508.672509225093,53.0,26.02777777777778,58.54444444444445,6410.1,past,0
2025-05-16 13:00:00,8716.201107011071,53.0,26.02777777777778,58.54444444444445,6207.1,past,0
2025-05-16 14:00:00,9338.786900369005,53.0,26.02777777777778,58.54444444444445,6040.4,past,0
2025-05-16 15:00:00,10583.95848708487,53.0,26.02777777777778,58.54444444444445,5954.0,past,0
2025-05-16 16:00:00,13074.301660516605,53.0,26.02777777777778,58.54444444444445,5728.0,past,0
2025-05-16 17:00:00,15979.702029520296,53.0,26.02777777777778,58.54444444444445,5457.5,past,0
2025-05-16 18:00:00,17224.873616236164,53.0,26.02777777777778,58.54444444444445,5201.1,past,0
2025-05-16 19:00:00,14734.530442804426,53.0,26.02777777777778,58.54444444444445,5328.6,past,0
2025-05-16 20:00:00,11621.60147601476,53.0,26.02777777777778,58.54444444444445,5149.6,past,0
2025-05-16 21:00:00,9131.258302583024,53.0,26.02777777777778,58.54444444444445,4848.400000000001,past,0
2025-05-16 22:00:00,6640.915129151292,53.0,26.02777777777778,58.54444444444445,4664.8,past,0
2025-05-16 23:00:00,5603.272140221402,53.0,26.02777777777778,58.54444444444445,4563.2,past,0
2025-05-17 00:00:00,3870.7619926199254,48.0,25.35,61.977777777777774,4433.5,past,0
2025-05-17 01:00:00,3166.9870848708483,48.0,25.35,61.977777777777774,4475.4,past,0
2025-05-17 02:00:00,2639.15590405904,48.0,25.35,61.977777777777774,4238.7,past,0
2025-05-17 03:00:00,2639.15590405904,48.0,25.35,61.977777777777774,4145.7,past,0
2025-05-17 04:00:00,3518.8745387453873,48.0,25.35,61.977777777777774,4146.5,past,0
2025-05-17 05:00:00,5630.1992619926195,48.0,25.35,61.977777777777774,4112.1,past,0
2025-05-17 06:00:00,8973.130073800738,48.0,25.35,61.977777777777774,4189.5,past,0
2025-05-17 07:00:00,11260.39852398524,48.0,25.35,61.977777777777774,4705.3,past,0
2025-05-17 08:00:00,12140.117158671586,48.0,25.35,61.977777777777774,5404.2,past,0
2025-05-17 09:00:00,9852.848708487085,48.0,25.35,61.977777777777774,6059.4,past,0
2025-05-17 10:00:00,8269.35516605166,48.0,25.35,61.977777777777774,6414.0,past,0
2025-05-17 11:00:00,7565.5802583025825,48.0,25.35,61.977777777777774,6470.1,past,0
2025-05-17 12:00:00,7213.692804428045,48.0,25.35,61.977777777777774,6478.1,past,0
2025-05-17 13:00:00,7389.636531365314,48.0,25.35,61.977777777777774,6356.4,past,0
2025-05-17 14:00:00,7917.46771217712,48.0,25.35,61.977777777777774,6132.0,past,0
2025-05-17 15:00:00,8973.130073800738,48.0,25.35,61.977777777777774,5952.3,past,0
2025-05-17 16:00:00,11084.45479704797,48.0,25.35,61.977777777777774,5661.9,past,0
2025-05-17 17:00:00,13547.66697416974,48.0,25.35,61.977777777777774,5385.5,past,0
2025-05-17 18:00:00,14603.329335793358,48.0,25.35,61.977777777777774,5101.3,past,0
2025-05-17 19:00:00,12492.004612546123,48.0,25.35,61.977777777777774,5130.2,past,0
2025-05-17 20:00:00,9852.848708487085,48.0,25.35,61.977777777777774,4927.7,past,0
2025-05-17 21:00:00,7741.523985239851,48.0,25.35,61.977777777777774,4710.2,past,0
2025-05-17 22:00:00,5630.1992619926195,48.0,25.35,61.977777777777774,4455.2,past,0
2025-05-17 23:00:00,4750.480627306273,48.0,25.35,61.977777777777774,4303.4,past,0
2025-05-18 00:00:00,5560.905904059039,47.0,25.733333333333334,60.5,4111.1,past,0
2025-05-18 01:00:00,4549.832103321032,47.0,25.733333333333334,60.5,4021.400000000001,past,0
2025-05-18 02:00:00,3791.526752767528,47.0,25.733333333333334,60.5,3997.2,past,0
2025-05-18 03:00:00,3791.526752767528,47.0,25.733333333333334,60.5,3785.4,past,0
2025-05-18 04:00:00,5055.369003690037,47.0,25.733333333333334,60.5,3809.2,past,0
2025-05-18 05:00:00,8088.5904059040595,47.0,25.733333333333334,60.5,3926.1,past,0
2025-05-18 06:00:00,12891.190959409594,47.0,25.733333333333334,60.5,3987.7,past,0
2025-05-18 07:00:00,16177.18081180812,47.0,25.733333333333334,60.5,4462.9,past,0
2025-05-18 08:00:00,17441.02306273063,47.0,25.733333333333334,60.5,4763.2,past,0
2025-05-18 09:00:00,14155.033210332102,47.0,25.733333333333334,60.5,5348.1,past,0
2025-05-18 10:00:00,11880.117158671588,47.0,25.733333333333334,60.5,5698.1,past,0
2025-05-18 11:00:00,10869.04335793358,47.0,25.733333333333334,60.5,5701.3,past,0
2025-05-18 12:00:00,10363.506457564576,47.0,25.733333333333334,60.5,5857.9,past,0
2025-05-18 13:00:00,10616.27490774908,47.0,25.733333333333334,60.5,5762.0,past,0
2025-05-18 14:00:00,11374.580258302582,47.0,25.733333333333334,60.5,5548.099999999999,past,0
2025-05-18 15:00:00,12891.190959409594,47.0,25.733333333333334,60.5,5502.5,past,0
2025-05-18 16:00:00,15924.412361623616,47.0,25.733333333333334,60.5,5296.7,past,0
2025-05-18 17:00:00,19463.17066420664,47.0,25.733333333333334,60.5,5021.4,past,0
2025-05-18 18:00:00,20979.781365313655,47.0,25.733333333333334,60.5,4880.9,past,0
2025-05-18 19:00:00,17946.559963099626,47.0,25.733333333333334,60.5,5020.8,past,0
2025-05-18 20:00:00,14155.033210332102,47.0,25.733333333333334,60.5,4793.5,past,0
2025-05-18 21:00:00,11121.811808118078,47.0,25.733333333333334,60.5,4630.8,past,0
2025-05-18 22:00:00,8088.5904059040595,47.0,25.733333333333334,60.5,4317.9,past,0
2025-05-18 23:00:00,6824.74815498155,47.0,25.733333333333334,60.5,4128.3,past,0
2025-05-19 00:00:00,4612.023985239852,44.0,24.6,67.69999999999999,3882.7,past,0
2025-05-19 01:00:00,3773.4741697416966,44.0,24.6,67.69999999999999,3673.1,past,0
2025-05-19 02:00:00,3144.561808118081,44.0,24.6,67.69999999999999,3535.3,past,0
2025-05-19 03:00:00,3144.561808118081,44.0,24.6,67.69999999999999,3453.0,past,0
2025-05-19 04:00:00,4192.749077490775,44.0,24.6,67.69999999999999,3470.8,past,0
2025-05-19 05:00:00,6708.398523985241,44.0,24.6,67.69999999999999,3487.0,past,0
2025-05-19 06:00:00,10691.510147601475,44.0,24.6,67.69999999999999,3471.8,past,0
2025-05-19 07:00:00,13416.797047970482,44.0,24.6,67.69999999999999,3738.2,past,0
2025-05-19 08:00:00,14464.984317343176,44.0,24.6,67.69999999999999,3948.3,past,0
2025-05-19 09:00:00,11739.697416974168,44.0,24.6,67.69999999999999,4156.5,past,0
2025-05-19 10:00:00,9852.96033210332,44.0,24.6,67.69999999999999,4603.099999999999,past,0
2025-05-19 11:00:00,9014.410516605169,44.0,24.6,67.69999999999999,4715.4,past,0
2025-05-19 12:00:00,8595.13560885609,44.0,24.6,67.69999999999999,4713.0,past,0
2025-05-19 13:00:00,8804.77306273063,44.0,24.6,67.69999999999999,4582.8,past,0
2025-05-19 14:00:00,9433.685424354242,44.0,24.6,67.69999999999999,4414.8,past,0
2025-05-19 15:00:00,10691.510147601475,44.0,24.6,67.69999999999999,4151.200000000001,past,0
2025-05-19 16:00:00,13207.15959409594,44.0,24.6,67.69999999999999,3943.400000000001,past,0
2025-05-19 17:00:00,16142.083948339485,44.0,24.6,67.69999999999999,3820.8,past,0
2025-05-19 18:00:00,17399.90867158672,44.0,24.6,67.69999999999999,3687.1,past,0
2025-05-19 19:00:00,14884.259225092248,44.0,24.6,67.69999999999999,3944.000000000001,past,0
2025-05-19 20:00:00,11739.697416974168,44.0,24.6,67.69999999999999,3878.7,past,0
2025-05-19 21:00:00,9224.047970479704,44.0,24.6,67.69999999999999,3710.3,past,0
2025-05-19 22:00:00,6708.398523985241,44.0,24.6,67.69999999999999,3656.9,past,0
2025-05-19 23:00:00,5660.211254612546,44.0,24.6,67.69999999999999,3430.3,past,0
2025-05-20 00:00:00,4382.302583025829,47.0,25.299999999999997,66.34444444444445,3255.27,past,0
2025-05-20 01:00:00,3585.5202952029513,47.0,25.299999999999997,66.34444444444445,3122.4,past,0
2025-05-20 02:00:00,2987.933579335793,47.0,25.299999999999997,66.34444444444445,3075.4400000000005,past,0
2025-05-20 03:00:00,2987.933579335793,47.0,25.299999999999997,66.34444444444445,3059.09,past,0
2025-05-20 04:00:00,3983.911439114391,47.0,25.299999999999997,66.34444444444445,3080.8,past,0
2025-05-20 05:00:00,6374.258302583025,47.0,25.299999999999997,66.34444444444445,3176.11,past,0
2025-05-20 06:00:00,10158.974169741696,47.0,25.299999999999997,66.34444444444445,3552.6799999999994,past,0
2025-05-20 07:00:00,12748.51660516605,47.0,25.299999999999997,66.34444444444445,4278.52,past,0
2025-05-20 08:00:00,13744.49446494465,47.0,25.299999999999997,66.34444444444445,4643.6900000000005,past,0
2025-05-20 09:00:00,11154.952029520296,47.0,25.299999999999997,66.34444444444445,5098.610000000001,past,0
2025-05-20 10:00:00,9362.191881918818,47.0,25.299999999999997,66.34444444444445,5432.54,past,0
2025-05-20 11:00:00,8565.40959409594,47.0,25.299999999999997,66.34444444444445,5516.490000000001,past,0
2025-05-20 12:00:00,8167.018450184502,47.0,25.299999999999997,66.34444444444445,5387.38,past,0
2025-05-20 13:00:00,8366.214022140222,47.0,25.299999999999997,66.34444444444445,5381.16,past,0
2025-05-20 14:00:00,8963.800738007378,47.0,25.299999999999997,66.34444444444445,4910.959999999999,past,0
2025-05-20 15:00:00,10158.974169741696,47.0,25.299999999999997,66.34444444444445,4834.92,past,0
2025-05-20 16:00:00,12549.321033210332,47.0,25.299999999999997,66.34444444444445,4671.57,past,0
2025-05-20 17:00:00,15338.059040590404,47.0,25.299999999999997,66.34444444444445,4875.080000000001,past,0
2025-05-20 18:00:00,16533.232472324726,47.0,25.299999999999997,66.34444444444445,4865.25,past,0
2025-05-20 19:00:00,14142.885608856086,47.0,25.299999999999997,66.34444444444445,5009.45,past,0
2025-05-20 20:00:00,11154.952029520296,47.0,25.299999999999997,66.34444444444445,4803.9400000000005,past,0
2025-05-20 21:00:00,8764.605166051659,47.0,25.299999999999997,66.34444444444445,4437.790000000001,past,0
2025-05-20 22:00:00,6374.258302583025,47.0,25.299999999999997,66.34444444444445,4076.19,past,0
2025-05-20 23:00:00,5378.280442804428,47.0,25.299999999999997,66.34444444444445,3711.29,past,0
2025-05-21 00:00:00,4948.315498154981,45.0,25.866666666666667,67.80000000000001,3540.19,past,0
2025-05-21 01:00:00,4048.6217712177113,45.0,25.866666666666667,67.80000000000001,3336.9399999999996,past,0
2025-05-21 02:00:00,3373.8514760147596,45.0,25.866666666666667,67.80000000000001,3273.68,past,0
2025-05-21 03:00:00,3373.8514760147596,45.0,25.866666666666667,67.80000000000001,3241.9700000000003,past,0
2025-05-21 04:00:00,4498.468634686347,45.0,25.866666666666667,67.80000000000001,3218.07,past,0
2025-05-21 05:00:00,7197.549815498155,45.0,25.866666666666667,67.80000000000001,3343.5199999999995,past,0
2025-05-21 06:00:00,11471.095018450183,45.0,25.866666666666667,67.80000000000001,3673.72,past,0
2025-05-21 07:00:00,14395.09963099631,45.0,25.866666666666667,67.80000000000001,4289.31,past,0
2025-05-21 08:00:00,15519.716789667897,45.0,25.866666666666667,67.80000000000001,4700.839999999999,past,0
2025-05-21 09:00:00,12595.71217712177,45.0,25.866666666666667,67.80000000000001,4980.9400000000005,past,0
2025-05-21 10:00:00,10571.401291512911,45.0,25.866666666666667,67.80000000000001,5167.99,past,0
2025-05-21 11:00:00,9671.707564575643,45.0,25.866666666666667,67.80000000000001,5208.63,past,0
2025-05-21 12:00:00,9221.86070110701,45.0,25.866666666666667,67.80000000000001,5300.879999999999,past,0
2025-05-21 13:00:00,9446.784132841329,45.0,25.866666666666667,67.80000000000001,5200.85,past,0
2025-05-21 14:00:00,10121.55442804428,45.0,25.866666666666667,67.80000000000001,5277.95,past,0
2025-05-21 15:00:00,11471.095018450183,45.0,25.866666666666667,67.80000000000001,5226.18,past,0
2025-05-21 16:00:00,14170.176199261992,45.0,25.866666666666667,67.80000000000001,5089.49,past,0
2025-05-21 17:00:00,17319.104243542435,45.0,25.866666666666667,67.80000000000001,5023.6900000000005,past,0
2025-05-21 18:00:00,18668.64483394834,45.0,25.866666666666667,67.80000000000001,4874.28,past,0
2025-05-21 19:00:00,15969.563653136527,45.0,25.866666666666667,67.80000000000001,5221.549999999999,past,0
2025-05-21 20:00:00,12595.71217712177,45.0,25.866666666666667,67.80000000000001,4996.150000000001,past,0
2025-05-21 21:00:00,9896.63099630996,45.0,25.866666666666667,67.80000000000001,4728.46,past,0
2025-05-21 22:00:00,7197.549815498155,45.0,25.866666666666667,67.80000000000001,4414.55,past,0
2025-05-21 23:00:00,6072.932656826568,45.0,25.866666666666667,67.80000000000001,4092.68,past,0
2025-05-22 00:00:00,5933.688191881917,55.0,26.755555555555556,62.94444444444444,3803.0,past,0
2025-05-22 01:00:00,4854.835793357933,55.0,26.755555555555556,62.94444444444444,3648.4,past,0
2025-05-22 02:00:00,4045.696494464944,55.0,26.755555555555556,62.94444444444444,3549.1,past,0
2025-05-22 03:00:00,4045.696494464944,55.0,26.755555555555556,62.94444444444444,3496.2000000000003,past,0
2025-05-22 04:00:00,5394.261992619926,55.0,26.755555555555556,62.94444444444444,3485.0499999999997,past,0
2025-05-22 05:00:00,8630.819188191881,55.0,26.755555555555556,62.94444444444444,3582.7999999999997,past,0
2025-05-22 06:00:00,13755.36808118081,55.0,26.755555555555556,62.94444444444444,4097.0,past,0
2025-05-22 07:00:00,17261.638376383762,55.0,26.755555555555556,62.94444444444444,4542.099999999999,past,0
2025-05-22 08:00:00,18610.203874538744,55.0,26.755555555555556,62.94444444444444,4855.8,past,0
2025-05-22 09:00:00,15103.933579335791,55.0,26.755555555555556,62.94444444444444,5121.799999999999,past,0
2025-05-22 10:00:00,12676.515682656824,55.0,26.755555555555556,62.94444444444444,5347.5,past,0
2025-05-22 11:00:00,11597.66328413284,55.0,26.755555555555556,62.94444444444444,5497.0,past,0
2025-05-22 12:00:00,11058.237084870849,55.0,26.755555555555556,62.94444444444444,5454.2,past,0
2025-05-22 13:00:00,11327.950184501846,55.0,26.755555555555556,62.94444444444444,5300.0,past,0
2025-05-22 14:00:00,12137.089483394831,55.0,26.755555555555556,62.94444444444444,5247.7,past,0
2025-05-22 15:00:00,13755.36808118081,55.0,26.755555555555556,62.94444444444444,5335.5,past,0
2025-05-22 16:00:00,16991.925276752765,55.0,26.755555555555556,62.94444444444444,5266.7,past,0
2025-05-22 17:00:00,20767.908671586716,55.0,26.755555555555556,62.94444444444444,5216.7,past,0
2025-05-22 18:00:00,22386.187269372695,55.0,26.755555555555556,62.94444444444444,5103.9,past,0
2025-05-22 19:00:00,19149.630073800738,55.0,26.755555555555556,62.94444444444444,5121.4,past,0
2025-05-22 20:00:00,15103.933579335791,55.0,26.755555555555556,62.94444444444444,5150.400000000001,past,0
2025-05-22 21:00:00,11867.376383763834,55.0,26.755555555555556,62.94444444444444,4920.0,past,0
2025-05-22 22:00:00,8630.819188191881,55.0,26.755555555555556,62.94444444444444,4632.5,past,0
2025-05-22 23:00:00,7282.2536900369005,55.0,26.755555555555556,62.94444444444444,4410.5,past,0
2025-05-23 00:00:00,3270.470479704796,54.0,27.744444444444447,60.43333333333333,4157.53,past,0
2025-05-23 01:00:00,2675.8394833948337,54.0,27.744444444444447,60.43333333333333,3955.17,past,0
2025-05-23 02:00:00,2229.8662361623615,54.0,27.744444444444447,60.43333333333333,3823.44,past,0
2025-05-23 03:00:00,2229.8662361623615,54.0,27.744444444444447,60.43333333333333,3792.82,past,0
2025-05-23 04:00:00,2973.1549815498156,54.0,27.744444444444447,60.43333333333333,3744.63,past,0
2025-05-23 05:00:00,4757.047970479704,54.0,27.744444444444447,60.43333333333333,3788.12,past,0
2025-05-23 06:00:00,7581.545202952028,54.0,27.744444444444447,60.43333333333333,4269.54,past,0
2025-05-23 07:00:00,9514.095940959409,54.0,27.744444444444447,60.43333333333333,4668.83,past,0
2025-05-23 08:00:00,10257.384686346864,54.0,27.744444444444447,60.43333333333333,5061.4400000000005,past,0
2025-05-23 09:00:00,8324.833948339483,54.0,27.744444444444447,60.43333333333333,5528.360000000001,past,0
2025-05-23 10:00:00,6986.914206642065,54.0,27.744444444444447,60.43333333333333,5714.39,past,0
2025-05-23 11:00:00,6392.2832103321025,54.0,27.744444444444447,60.43333333333333,5664.990000000001,past,0
2025-05-23 12:00:00,6094.967712177122,54.0,27.744444444444447,60.43333333333333,5613.2,past,0
2025-05-23 13:00:00,6243.625461254613,54.0,27.744444444444447,60.43333333333333,5525.71,past,0
2025-05-23 14:00:00,6689.598708487084,54.0,27.744444444444447,60.43333333333333,5444.8,past,0
2025-05-23 15:00:00,7581.545202952028,54.0,27.744444444444447,60.43333333333333,5559.61,past,0
2025-05-23 16:00:00,9365.438191881918,54.0,27.744444444444447,60.43333333333333,5541.21,past,0
2025-05-23 17:00:00,11446.646678966788,54.0,27.744444444444447,60.43333333333333,5373.09,past,0
2025-05-23 18:00:00,12338.593173431736,54.0,27.744444444444447,60.43333333333333,5125.67,past,0
2025-05-23 19:00:00,10554.700184501842,54.0,27.744444444444447,60.43333333333333,5465.41,past,0
2025-05-23 20:00:00,8324.833948339483,54.0,27.744444444444447,60.43333333333333,5204.78,past,0
2025-05-23 21:00:00,6540.940959409592,54.0,27.744444444444447,60.43333333333333,5080.88,past,0
2025-05-23 22:00:00,4757.047970479704,54.0,27.744444444444447,60.43333333333333,4768.43,past,0
2025-05-23 23:00:00,4013.7592250922503,54.0,27.744444444444447,60.43333333333333,4584.219999999999,past,0
2025-05-24 00:00:00,5019.084870848707,55.0,26.594444444444445,62.733333333333334,4381.04,past,0
2025-05-24 01:00:00,4106.523985239852,55.0,26.594444444444445,62.733333333333334,4262.12,past,0
2025-05-24 02:00:00,3422.10332103321,55.0,26.594444444444445,62.733333333333334,4227.88,past,0
2025-05-24 03:00:00,3422.10332103321,55.0,26.594444444444445,62.733333333333334,4115.22,past,0
2025-05-24 04:00:00,4562.80442804428,55.0,26.594444444444445,62.733333333333334,4099.5,past,0
2025-05-24 05:00:00,7300.487084870849,55.0,26.594444444444445,62.733333333333334,4025.33,past,0
2025-05-24 06:00:00,11635.151291512911,55.0,26.594444444444445,62.733333333333334,4318.75,past,0
2025-05-24 07:00:00,14600.974169741698,55.0,26.594444444444445,62.733333333333334,4908.04,past,0
2025-05-24 08:00:00,15741.675276752769,55.0,26.594444444444445,62.733333333333334,5307.25,past,0
2025-05-24 09:00:00,12775.852398523984,55.0,26.594444444444445,62.733333333333334,5682.869999999999,past,0
2025-05-24 10:00:00,10722.59040590406,55.0,26.594444444444445,62.733333333333334,6133.51,past,0
2025-05-24 11:00:00,9810.029520295202,55.0,26.594444444444445,62.733333333333334,6173.05,past,0
2025-05-24 12:00:00,9353.749077490776,55.0,26.594444444444445,62.733333333333334,6172.66,past,0
2025-05-24 13:00:00,9581.88929889299,55.0,26.594444444444445,62.733333333333334,5979.44,past,0
2025-05-24 14:00:00,10266.30996309963,55.0,26.594444444444445,62.733333333333334,5769.29,past,0
2025-05-24 15:00:00,11635.151291512911,55.0,26.594444444444445,62.733333333333334,5691.4400000000005,past,0
2025-05-24 16:00:00,14372.833948339485,55.0,26.594444444444445,62.733333333333334,5516.13,past,0
2025-05-24 17:00:00,17566.797047970478,55.0,26.594444444444445,62.733333333333334,4811.13,past,0
2025-05-24 18:00:00,18935.63837638377,55.0,26.594444444444445,62.733333333333334,4800.0,past,0
2025-05-24 19:00:00,16197.955719557192,55.0,26.594444444444445,62.733333333333334,4934.95,past,0
2025-05-24 20:00:00,12775.852398523984,55.0,26.594444444444445,62.733333333333334,4901.49,past,0
2025-05-24 21:00:00,10038.169741697417,55.0,26.594444444444445,62.733333333333334,4604.740000000001,past,0
2025-05-24 22:00:00,7300.487084870849,55.0,26.594444444444445,62.733333333333334,4369.66,past,0
2025-05-24 23:00:00,6159.7859778597785,55.0,26.594444444444445,62.733333333333334,4091.29,past,0
2025-05-25 00:00:00,8170.280442804427,47.0,25.37777777777778,62.54444444444445,3849.51,past,0
2025-05-25 01:00:00,6684.774907749076,47.0,25.37777777777778,62.54444444444445,3730.37,past,0
2025-05-25 02:00:00,5570.645756457565,47.0,25.37777777777778,62.54444444444445,3616.24,past,0
2025-05-25 03:00:00,5570.645756457565,47.0,25.37777777777778,62.54444444444445,3494.55,past,0
2025-05-25 04:00:00,7427.527675276753,47.0,25.37777777777778,62.54444444444445,3498.6800000000003,past,0
2025-05-25 05:00:00,11884.044280442806,47.0,25.37777777777778,62.54444444444445,3495.35,past,0
2025-05-25 06:00:00,18940.19557195572,47.0,25.37777777777778,62.54444444444445,3704.23,past,0
2025-05-25 07:00:00,23768.08856088561,47.0,25.37777777777778,62.54444444444445,4156.5,past,0
2025-05-25 08:00:00,25624.970479704803,47.0,25.37777777777778,62.54444444444445,4356.16,past,0
2025-05-25 09:00:00,20797.077490774904,47.0,25.37777777777778,62.54444444444445,4728.71,past,0
2025-05-25 10:00:00,17454.69003690037,47.0,25.37777777777778,62.54444444444445,5172.23,past,0
2025-05-25 11:00:00,15969.18450184502,47.0,25.37777777777778,62.54444444444445,5166.06,past,0
2025-05-25 12:00:00,15226.431734317346,47.0,25.37777777777778,62.54444444444445,5106.13,past,0
2025-05-25 13:00:00,15597.808118081184,47.0,25.37777777777778,62.54444444444445,4883.12,past,0
2025-05-25 14:00:00,16711.93726937269,47.0,25.37777777777778,62.54444444444445,4783.96,past,0
2025-05-25 15:00:00,18940.19557195572,47.0,25.37777777777778,62.54444444444445,4912.72,past,0
2025-05-25 16:00:00,23396.71217712177,47.0,25.37777777777778,62.54444444444445,4891.56,past,0
2025-05-25 17:00:00,27550.059040590397,47.0,25.37777777777778,62.54444444444445,4786.56,past,0
2025-05-25 18:00:00,27550.059040590397,47.0,25.37777777777778,62.54444444444445,4716.7300000000005,past,0
2025-05-25 19:00:00,26367.72324723247,47.0,25.37777777777778,62.54444444444445,4951.02,past,0
2025-05-25 20:00:00,20797.077490774904,47.0,25.37777777777778,62.54444444444445,4713.33,past,0
2025-05-25 21:00:00,16340.560885608851,47.0,25.37777777777778,62.54444444444445,4625.61,past,0
2025-05-25 22:00:00,11884.044280442806,47.0,25.37777777777778,62.54444444444445,4312.72,past,0
2025-05-25 23:00:00,10027.162361623616,47.0,25.37777777777778,62.54444444444445,4113.42,past,0
2025-05-26 00:00:00,3435.896678966789,55.0,25.37777777777778,63.2,3971.4,past,0
2025-05-26 01:00:00,2811.1881918819186,55.0,25.37777777777778,63.2,3825.7,past,0
2025-05-26 02:00:00,2342.656826568266,55.0,25.37777777777778,63.2,3749.5,past,0
2025-05-26 03:00:00,2342.656826568266,55.0,25.37777777777778,63.2,3657.9,past,0
2025-05-26 04:00:00,3123.542435424354,55.0,25.37777777777778,63.2,3598.5,past,0
2025-05-26 05:00:00,4997.667896678967,55.0,25.37777777777778,63.2,3507.4,past,0
2025-05-26 06:00:00,7965.033210332103,55.0,25.37777777777778,63.2,3706.3,past,0
2025-05-26 07:00:00,9995.335793357934,55.0,25.37777777777778,63.2,3973.6,past,0
2025-05-26 08:00:00,10776.221402214023,55.0,25.37777777777778,63.2,4076.3,past,0
2025-05-26 09:00:00,8745.918819188191,55.0,25.37777777777778,63.2,4284.2,past,0
2025-05-26 10:00:00,7340.324723247233,55.0,25.37777777777778,63.2,4235.299999999999,past,0
2025-05-26 11:00:00,6715.616236162362,55.0,25.37777777777778,63.2,4069.0,past,0
2025-05-26 12:00:00,6403.261992619928,55.0,25.37777777777778,63.2,3987.4,past,0
2025-05-26 13:00:00,6559.439114391145,55.0,25.37777777777778,63.2,3980.3,past,0
2025-05-26 14:00:00,7027.970479704796,55.0,25.37777777777778,63.2,3979.8,past,0
2025-05-26 15:00:00,7965.033210332103,55.0,25.37777777777778,63.2,4091.1,past,0
2025-05-26 16:00:00,9839.158671586716,55.0,25.37777777777778,63.2,3964.5,past,0
2025-05-26 17:00:00,12025.638376383764,55.0,25.37777777777778,63.2,4096.3,past,0
2025-05-26 18:00:00,12962.701107011071,55.0,25.37777777777778,63.2,4191.9,past,0
2025-05-26 19:00:00,11088.575645756457,55.0,25.37777777777778,63.2,4284.1,past,0
2025-05-26 20:00:00,8745.918819188191,55.0,25.37777777777778,63.2,4249.1,past,0
2025-05-26 21:00:00,6871.793357933578,55.0,25.37777777777778,63.2,4156.6,past,0
2025-05-26 22:00:00,4997.667896678967,55.0,25.37777777777778,63.2,3973.6,past,0
2025-05-26 23:00:00,4216.782287822879,55.0,25.37777777777778,63.2,3783.0,past,0
2025-05-27 00:00:00,5253.738007380072,66.0,26.238888888888887,60.15555555555555,3635.78,past,0
2025-05-27 01:00:00,4298.51291512915,66.0,26.238888888888887,60.15555555555555,3469.7200000000003,past,0
2025-05-27 02:00:00,3582.094095940959,66.0,26.238888888888887,60.15555555555555,3361.81,past,0
2025-05-27 03:00:00,3582.094095940959,66.0,26.238888888888887,60.15555555555555,3257.54,past,0
2025-05-27 04:00:00,4776.125461254613,66.0,26.238888888888887,60.15555555555555,3387.14,past,0
2025-05-27 05:00:00,7641.80073800738,66.0,26.238888888888887,60.15555555555555,3449.26,past,0
2025-05-27 06:00:00,12179.11992619926,66.0,26.238888888888887,60.15555555555555,3716.43,past,0
2025-05-27 07:00:00,15283.60147601476,66.0,26.238888888888887,60.15555555555555,4460.29,past,0
2025-05-27 08:00:00,16477.632841328414,66.0,26.238888888888887,60.15555555555555,4821.089999999999,past,0
2025-05-27 09:00:00,13373.151291512911,66.0,26.238888888888887,60.15555555555555,5346.53,past,0
2025-05-27 10:00:00,11223.894833948338,66.0,26.238888888888887,60.15555555555555,5477.09,past,0
2025-05-27 11:00:00,10268.669741697417,66.0,26.238888888888887,60.15555555555555,5411.58,past,0
2025-05-27 12:00:00,9791.057195571955,66.0,26.238888888888887,60.15555555555555,5444.12,past,0
2025-05-27 13:00:00,10029.863468634689,66.0,26.238888888888887,60.15555555555555,5492.38,past,0
2025-05-27 14:00:00,10746.282287822876,66.0,26.238888888888887,60.15555555555555,5324.08,past,0
2025-05-27 15:00:00,12179.11992619926,66.0,26.238888888888887,60.15555555555555,5580.280000000001,past,0
2025-05-27 16:00:00,15044.79520295203,66.0,26.238888888888887,60.15555555555555,5487.78,past,0
2025-05-27 17:00:00,18388.083025830256,66.0,26.238888888888887,60.15555555555555,5273.45,past,0
2025-05-27 18:00:00,19820.92066420664,66.0,26.238888888888887,60.15555555555555,5184.34,past,0
2025-05-27 19:00:00,16955.24538745387,66.0,26.238888888888887,60.15555555555555,5403.88,past,0
2025-05-27 20:00:00,13373.151291512911,66.0,26.238888888888887,60.15555555555555,5141.799999999999,past,0
2025-05-27 21:00:00,10507.476014760145,66.0,26.238888888888887,60.15555555555555,4865.68,past,0
2025-05-27 22:00:00,7641.80073800738,66.0,26.238888888888887,60.15555555555555,4634.68,past,0
2025-05-27 23:00:00,6447.769372693727,66.0,26.238888888888887,60.15555555555555,4331.58,past,0
2025-05-28 00:00:00,4261.282287822877,65.0,26.422222222222224,60.333333333333336,4229.29,past,0
2025-05-28 01:00:00,3486.5036900368996,65.0,26.422222222222224,60.333333333333336,4057.62,past,0
2025-05-28 02:00:00,2905.4197416974166,65.0,26.422222222222224,60.333333333333336,3961.47,past,0
2025-05-28 03:00:00,2905.4197416974166,65.0,26.422222222222224,60.333333333333336,3891.58,past,0
2025-05-28 04:00:00,3873.8929889298897,65.0,26.422222222222224,60.333333333333336,3922.21,past,0
2025-05-28 05:00:00,6198.2287822878225,65.0,26.422222222222224,60.333333333333336,3910.0,past,0
2025-05-28 06:00:00,9878.427121771216,65.0,26.422222222222224,60.333333333333336,4204.32,past,0
2025-05-28 07:00:00,12396.457564575643,65.0,26.422222222222224,60.333333333333336,4879.68,past,0
2025-05-28 08:00:00,13364.930811808115,65.0,26.422222222222224,60.333333333333336,5176.91,past,0
2025-05-28 09:00:00,10846.900369003688,65.0,26.422222222222224,60.333333333333336,5651.32,past,0
2025-05-28 10:00:00,9103.64852398524,65.0,26.422222222222224,60.333333333333336,5871.72,past,0
2025-05-28 11:00:00,8328.86992619926,65.0,26.422222222222224,60.333333333333336,6011.74,past,0
2025-05-28 12:00:00,7941.480627306273,65.0,26.422222222222224,60.333333333333336,5870.8099999999995,past,0
2025-05-28 13:00:00,8135.175276752768,65.0,26.422222222222224,60.333333333333336,5723.57,past,0
2025-05-28 14:00:00,8716.25922509225,65.0,26.422222222222224,60.333333333333336,5615.9,past,0
2025-05-28 15:00:00,9878.427121771216,65.0,26.422222222222224,60.333333333333336,5745.71,past,0
2025-05-28 16:00:00,12202.762915129151,65.0,26.422222222222224,60.333333333333336,5678.53,past,0
2025-05-28 17:00:00,14914.488007380072,65.0,26.422222222222224,60.333333333333336,5494.360000000001,past,0
2025-05-28 18:00:00,16076.655904059042,65.0,26.422222222222224,60.333333333333336,5128.67,past,0
2025-05-28 19:00:00,13752.320110701105,65.0,26.422222222222224,60.333333333333336,5345.780000000001,past,0
2025-05-28 20:00:00,10846.900369003688,65.0,26.422222222222224,60.333333333333336,5223.78,past,0
2025-05-28 21:00:00,8522.564575645754,65.0,26.422222222222224,60.333333333333336,4923.700000000001,past,0
2025-05-28 22:00:00,6198.2287822878225,65.0,26.422222222222224,60.333333333333336,4700.84,past,0
2025-05-28 23:00:00,5229.75553505535,65.0,26.422222222222224,60.333333333333336,4455.849999999999,past,0
2025-05-29 00:00:00,8618.560885608855,49.0,26.53333333333333,62.3,4200.5,past,0
2025-05-29 01:00:00,7051.549815498154,49.0,26.53333333333333,62.3,4210.9,past,0
2025-05-29 02:00:00,5876.291512915129,49.0,26.53333333333333,62.3,4129.9,past,0
2025-05-29 03:00:00,5876.291512915129,49.0,26.53333333333333,62.3,4001.0,past,0
2025-05-29 04:00:00,7835.055350553505,49.0,26.53333333333333,62.3,4065.4,past,0
2025-05-29 05:00:00,12536.088560885608,49.0,26.53333333333333,62.3,4196.6,past,0
2025-05-29 06:00:00,19979.39114391144,49.0,26.53333333333333,62.3,4165.9,past,0
2025-05-29 07:00:00,25072.177121771216,49.0,26.53333333333333,62.3,4915.8,past,0
2025-05-29 08:00:00,27030.940959409592,49.0,26.53333333333333,62.3,5845.299999999999,past,0
2025-05-29 09:00:00,21938.154981549815,49.0,26.53333333333333,62.3,5883.799999999999,past,0
2025-05-29 10:00:00,18412.380073800738,49.0,26.53333333333333,62.3,6231.6,past,0
2025-05-29 11:00:00,16845.369003690037,49.0,26.53333333333333,62.3,6193.13,past,0
2025-05-29 12:00:00,16061.863468634689,49.0,26.53333333333333,62.3,6048.200000000001,past,0
2025-05-29 13:00:00,16453.61623616236,49.0,26.53333333333333,62.3,6066.5,past,0
2025-05-29 14:00:00,17628.874538745386,49.0,26.53333333333333,62.3,5923.64,past,0
2025-05-29 15:00:00,19979.39114391144,49.0,26.53333333333333,62.3,6063.2,past,0
2025-05-29 16:00:00,24680.42435424354,49.0,26.53333333333333,62.3,5896.8,past,0
2025-05-29 17:00:00,27550.059040590397,49.0,26.53333333333333,62.3,5751.0,past,0
2025-05-29 18:00:00,27550.059040590397,49.0,26.53333333333333,62.3,5371.5,past,0
2025-05-29 19:00:00,27550.059040590397,49.0,26.53333333333333,62.3,5348.9,past,0
2025-05-29 20:00:00,21938.154981549815,49.0,26.53333333333333,62.3,5427.1,past,0
2025-05-29 21:00:00,17237.12177121771,49.0,26.53333333333333,62.3,5117.6,past,0
2025-05-29 22:00:00,12536.088560885608,49.0,26.53333333333333,62.3,4867.7,past,0
2025-05-29 23:00:00,10577.324723247231,49.0,26.53333333333333,62.3,4895.0,past,0
2025-05-30 00:00:00,5684.199261992619,55.0,27.03888888888889,61.82222222222222,4434.21,past,0
2025-05-30 01:00:00,4650.70848708487,55.0,27.03888888888889,61.82222222222222,4446.83,past,0
2025-05-30 02:00:00,3875.5904059040586,55.0,27.03888888888889,61.82222222222222,4389.24,past,0
2025-05-30 03:00:00,3875.5904059040586,55.0,27.03888888888889,61.82222222222222,4218.38,past,0
2025-05-30 04:00:00,5167.453874538745,55.0,27.03888888888889,61.82222222222222,4266.59,past,0
2025-05-30 05:00:00,8267.926199261992,55.0,27.03888888888889,61.82222222222222,4345.74,past,0
2025-05-30 06:00:00,13177.0073800738,55.0,27.03888888888889,61.82222222222222,4570.17,past,0
2025-05-30 07:00:00,16535.852398523984,55.0,27.03888888888889,61.82222222222222,5048.79,past,0
2025-05-30 08:00:00,17827.71586715867,55.0,27.03888888888889,61.82222222222222,5399.4400000000005,past,0
2025-05-30 09:00:00,14468.870848708486,55.0,27.03888888888889,61.82222222222222,5958.46,past,0
2025-05-30 10:00:00,12143.51660516605,55.0,27.03888888888889,61.82222222222222,6494.36,past,0
2025-05-30 11:00:00,11110.025830258302,55.0,27.03888888888889,61.82222222222222,6485.8,past,0
2025-05-30 12:00:00,10593.28044280443,55.0,27.03888888888889,61.82222222222222,6572.9,past,0
2025-05-30 13:00:00,10851.653136531366,55.0,27.03888888888889,61.82222222222222,6348.7,past,0
2025-05-30 14:00:00,11626.771217712176,55.0,27.03888888888889,61.82222222222222,6195.3,past,0
2025-05-30 15:00:00,13177.0073800738,55.0,27.03888888888889,61.82222222222222,6399.299999999999,past,0
2025-05-30 16:00:00,16277.479704797048,55.0,27.03888888888889,61.82222222222222,6132.5,past,0
2025-05-30 17:00:00,19894.69741697417,55.0,27.03888888888889,61.82222222222222,5779.4,past,0
2025-05-30 18:00:00,21444.933579335793,55.0,27.03888888888889,61.82222222222222,5321.6,past,0
2025-05-30 19:00:00,18344.461254612543,55.0,27.03888888888889,61.82222222222222,5579.1,past,0
2025-05-30 20:00:00,14468.870848708486,55.0,27.03888888888889,61.82222222222222,5452.8,past,0
2025-05-30 21:00:00,11368.398523985235,55.0,27.03888888888889,61.82222222222222,5248.2,past,0
2025-05-30 22:00:00,8267.926199261992,55.0,27.03888888888889,61.82222222222222,4893.200000000001,past,0
2025-05-30 23:00:00,6976.062730627306,55.0,27.03888888888889,61.82222222222222,4746.2,past,0
2025-05-31 00:00:00,5487.0110701107,67.0,28.08888888888889,56.92222222222222,4777.709999999999,past,0
2025-05-31 01:00:00,4489.372693726937,67.0,28.08888888888889,56.92222222222222,4737.1,past,0
2025-05-31 02:00:00,3741.1439114391137,67.0,28.08888888888889,56.92222222222222,4601.5,past,0
2025-05-31 03:00:00,3741.1439114391137,67.0,28.08888888888889,56.92222222222222,4550.4,past,0
2025-05-31 04:00:00,4988.1918819188195,67.0,28.08888888888889,56.92222222222222,4507.1,past,0
2025-05-31 05:00:00,7981.10701107011,67.0,28.08888888888889,56.92222222222222,4636.1,past,0
2025-05-31 06:00:00,12719.889298892987,67.0,28.08888888888889,56.92222222222222,4642.3,past,0
2025-05-31 07:00:00,15962.21402214022,67.0,28.08888888888889,56.92222222222222,5304.5,past,0
2025-05-31 08:00:00,17209.261992619926,67.0,28.08888888888889,56.92222222222222,5564.8,past,0
2025-05-31 09:00:00,13966.937269372693,67.0,28.08888888888889,56.92222222222222,6321.8,past,0
2025-05-31 10:00:00,11722.250922509224,67.0,28.08888888888889,56.92222222222222,6937.48,past,0
2025-05-31 11:00:00,10724.61254612546,67.0,28.08888888888889,56.92222222222222,6985.61,past,0
2025-05-31 12:00:00,10225.79335793358,67.0,28.08888888888889,56.92222222222222,6976.07,past,0
2025-05-31 13:00:00,10475.202952029522,67.0,28.08888888888889,56.92222222222222,6817.0,past,0
2025-05-31 14:00:00,11223.43173431734,67.0,28.08888888888889,56.92222222222222,6563.08,past,0
2025-05-31 15:00:00,12719.889298892987,67.0,28.08888888888889,56.92222222222222,6548.35,past,0
2025-05-31 16:00:00,15712.80442804428,67.0,28.08888888888889,56.92222222222222,6583.8,past,0
2025-05-31 17:00:00,19204.538745387457,67.0,28.08888888888889,56.92222222222222,6053.73,past,0
2025-05-31 18:00:00,20700.996309963102,67.0,28.08888888888889,56.92222222222222,5471.65,past,0
2025-05-31 19:00:00,17708.081180811805,67.0,28.08888888888889,56.92222222222222,5675.12,past,0
2025-05-31 20:00:00,13966.937269372693,67.0,28.08888888888889,56.92222222222222,5470.6,past,0
2025-05-31 21:00:00,10974.0221402214,67.0,28.08888888888889,56.92222222222222,5276.62,past,0
2025-05-31 22:00:00,7981.10701107011,67.0,28.08888888888889,56.92222222222222,5103.360000000001,past,0
2025-05-31 23:00:00,6734.059040590406,67.0,28.08888888888889,56.92222222222222,4943.83,past,0
2025-06-01 00:00:00,5998.287822878227,51.5,25.56,67.3,5030.799999999999,past,0
2025-06-01 01:00:00,4907.690036900368,51.5,25.56,67.3,4994.0,past,0
2025-06-01 02:00:00,4089.741697416974,51.5,25.56,67.3,4827.9,past,0
2025-06-01 03:00:00,4089.741697416974,51.5,25.56,67.3,4668.1,past,0
2025-06-01 04:00:00,5452.988929889299,51.5,25.56,67.3,4581.6,past,0
2025-06-01 05:00:00,8724.78228782288,51.5,25.56,67.3,4585.5,past,0
2025-06-01 06:00:00,13905.121771217711,51.5,25.56,67.3,4584.3,past,0
2025-06-01 07:00:00,17449.56457564576,51.5,25.56,67.3,5027.799999999999,past,0
2025-06-01 08:00:00,18812.811808118084,51.5,25.56,67.3,5269.0,past,0
2025-06-01 09:00:00,15268.369003690035,51.5,25.56,67.3,5998.3,past,0
2025-06-01 10:00:00,12814.523985239854,51.5,25.56,67.3,6822.8,past,0
2025-06-01 11:00:00,11723.926199261994,51.5,25.56,67.3,6899.9,past,0
2025-06-01 12:00:00,11178.627306273063,51.5,25.56,67.3,6950.4,past,0
2025-06-01 13:00:00,11451.27675276753,51.5,25.56,67.3,6788.1,past,0
2025-06-01 14:00:00,12269.22509225092,51.5,25.56,67.3,6546.3,past,0
2025-06-01 15:00:00,13905.121771217711,51.5,25.56,67.3,5946.7,past,0
2025-06-01 16:00:00,17176.915129151294,51.5,25.56,67.3,5253.4,past,0
2025-06-01 17:00:00,20994.0073800738,51.5,25.56,67.3,4874.2,past,0
2025-06-01 18:00:00,22629.904059040597,51.5,25.56,67.3,4630.4,past,0
2025-06-01 19:00:00,19358.11070110701,51.5,25.56,67.3,4813.1,past,0
2025-06-01 20:00:00,15268.369003690035,51.5,25.56,67.3,4440.5,past,0
2025-06-01 21:00:00,11996.575645756457,51.5,25.56,67.3,4162.5,past,0
2025-06-01 22:00:00,8724.78228782288,51.5,25.56,67.3,3913.1,past,0
2025-06-01 23:00:00,7361.535055350554,51.5,25.56,67.3,3746.8,past,0
2025-06-02 00:00:00,5781.5553505535045,40.0,24.285000000000004,70.3,3517.4999999999995,past,0
2025-06-02 01:00:00,4730.363468634686,40.0,24.285000000000004,70.3,3450.0,past,0
2025-06-02 02:00:00,3941.969557195572,40.0,24.285000000000004,70.3,3342.3,past,0
2025-06-02 03:00:00,3941.969557195572,40.0,24.285000000000004,70.3,3385.6,past,0
2025-06-02 04:00:00,5255.959409594096,40.0,24.285000000000004,70.3,3365.7,past,0
2025-06-02 05:00:00,8409.535055350554,40.0,24.285000000000004,70.3,3362.3999999999996,past,0
2025-06-02 06:00:00,13402.696494464944,40.0,24.285000000000004,70.3,3436.2,past,0
2025-06-02 07:00:00,16819.07011070111,40.0,24.285000000000004,70.3,3706.8,past,0
2025-06-02 08:00:00,18133.059963099633,40.0,24.285000000000004,70.3,3847.1,past,0
2025-06-02 09:00:00,14716.686346863467,40.0,24.285000000000004,70.3,4166.0,past,0
2025-06-02 10:00:00,12351.504612546129,40.0,24.285000000000004,70.3,4600.4,past,0
2025-06-02 11:00:00,11300.312730627307,40.0,24.285000000000004,70.3,4711.1,past,0
2025-06-02 12:00:00,10774.716789667898,40.0,24.285000000000004,70.3,4767.6,past,0
2025-06-02 13:00:00,11037.514760147604,40.0,24.285000000000004,70.3,4661.5,past,0
2025-06-02 14:00:00,11825.908671586714,40.0,24.285000000000004,70.3,4753.6,past,0
2025-06-02 15:00:00,13402.696494464944,40.0,24.285000000000004,70.3,4733.6,past,0
2025-06-02 16:00:00,16556.272140221405,40.0,24.285000000000004,70.3,4518.5,past,0
2025-06-02 17:00:00,20235.44372693727,40.0,24.285000000000004,70.3,4254.8,past,0
2025-06-02 18:00:00,21812.231549815504,40.0,24.285000000000004,70.3,4047.6,past,0
2025-06-02 19:00:00,18658.655904059036,40.0,24.285000000000004,70.3,3409.3,past,0
2025-06-02 20:00:00,14716.686346863467,40.0,24.285000000000004,70.3,3592.2,past,0
2025-06-02 21:00:00,11563.110701107007,40.0,24.285000000000004,70.3,3616.9,past,0
2025-06-02 22:00:00,8409.535055350554,40.0,24.285000000000004,70.3,3431.5,past,0
2025-06-02 23:00:00,7095.54520295203,40.0,24.285000000000004,70.3,3253.6000000000004,past,0
2025-06-03 00:00:00,5159.994464944648,43.0,24.92,69.0,3184.23,past,0
2025-06-03 01:00:00,4221.813653136531,43.0,24.92,69.0,3103.02,past,0
2025-06-03 02:00:00,3518.1780442804425,43.0,24.92,69.0,3008.0299999999997,past,0
2025-06-03 03:00:00,3518.1780442804425,43.0,24.92,69.0,2952.27,past,0
2025-06-03 04:00:00,4690.90405904059,43.0,24.92,69.0,3053.8,past,0
2025-06-03 05:00:00,7505.446494464944,43.0,24.92,69.0,3168.6,past,0
2025-06-03 06:00:00,11961.805350553504,43.0,24.92,69.0,3699.79,past,0
2025-06-03 07:00:00,15010.892988929889,43.0,24.92,69.0,4446.78,past,0
2025-06-03 08:00:00,16183.619003690035,43.0,24.92,69.0,4712.56,past,0
2025-06-03 09:00:00,13134.53136531365,43.0,24.92,69.0,4940.66,past,0
2025-06-03 10:00:00,11023.624538745386,43.0,24.92,69.0,5280.59,past,0
2025-06-03 11:00:00,10085.443726937268,43.0,24.92,69.0,5229.589999999999,past,0
2025-06-03 12:00:00,9616.35332103321,43.0,24.92,69.0,5358.16,past,0
2025-06-03 13:00:00,9850.89852398524,43.0,24.92,69.0,5202.5,past,0
2025-06-03 14:00:00,10554.534132841329,43.0,24.92,69.0,5146.1,past,0
2025-06-03 15:00:00,11961.805350553504,43.0,24.92,69.0,5250.86,past,0
2025-06-03 16:00:00,14776.34778597786,43.0,24.92,69.0,5289.5,past,0
2025-06-03 17:00:00,18059.98062730627,43.0,24.92,69.0,5147.35,past,0
2025-06-03 18:00:00,19467.25184501845,43.0,24.92,69.0,5006.95,past,0
2025-06-03 19:00:00,16652.709409594092,43.0,24.92,69.0,5308.33,past,0
2025-06-03 20:00:00,13134.53136531365,43.0,24.92,69.0,5004.54,past,0
2025-06-03 21:00:00,10319.988929889296,43.0,24.92,69.0,4876.3099999999995,past,0
2025-06-03 22:00:00,7505.446494464944,43.0,24.92,69.0,4572.69,past,0
2025-06-03 23:00:00,6332.720479704797,43.0,24.92,69.0,4280.4400000000005,past,0
2025-06-04 00:00:00,2590.4188191881913,44.5,25.93,62.3,3981.07,past,0
2025-06-04 01:00:00,2119.433579335793,44.5,25.93,62.3,3919.05,past,0
2025-06-04 02:00:00,1766.1946494464942,44.5,25.93,62.3,3778.0,past,0
2025-06-04 03:00:00,1766.1946494464942,44.5,25.93,62.3,3695.09,past,0
2025-06-04 04:00:00,2354.9261992619927,44.5,25.93,62.3,3713.19,past,0
2025-06-04 05:00:00,3767.881918819188,44.5,25.93,62.3,3936.21,past,0
2025-06-04 06:00:00,6005.06180811808,44.5,25.93,62.3,4316.8,past,0
2025-06-04 07:00:00,7535.763837638377,44.5,25.93,62.3,4840.03,past,0
2025-06-04 08:00:00,8124.495387453874,44.5,25.93,62.3,5079.72,past,0
2025-06-04 09:00:00,6593.793357933579,44.5,25.93,62.3,5471.639999999999,past,0
2025-06-04 10:00:00,5534.076568265682,44.5,25.93,62.3,5641.04,past,0
2025-06-04 11:00:00,5063.091328413284,44.5,25.93,62.3,5665.8,past,0
2025-06-04 12:00:00,4827.598708487085,44.5,25.93,62.3,5675.43,past,0
2025-06-04 13:00:00,4945.345018450184,44.5,25.93,62.3,5337.26,past,0
2025-06-04 14:00:00,5298.583948339482,44.5,25.93,62.3,5320.91,past,0
2025-06-04 15:00:00,6005.06180811808,44.5,25.93,62.3,5363.110000000001,past,0
2025-06-04 16:00:00,7418.017527675276,44.5,25.93,62.3,5302.8,past,0
2025-06-04 17:00:00,9066.465867158671,44.5,25.93,62.3,5240.24,past,0
2025-06-04 18:00:00,9772.94372693727,44.5,25.93,62.3,5020.389999999999,past,0
2025-06-04 19:00:00,8359.988007380072,44.5,25.93,62.3,5292.780000000001,past,0
2025-06-04 20:00:00,6593.793357933579,44.5,25.93,62.3,5081.59,past,0
2025-06-04 21:00:00,5180.8376383763825,44.5,25.93,62.3,4768.15,past,0
2025-06-04 22:00:00,3767.881918819188,44.5,25.93,62.3,4567.88,past,0
2025-06-04 23:00:00,3179.15036900369,44.5,25.93,62.3,4187.5,past,0
2025-06-05 00:00:00,6040.3597785977845,44.3,25.1,62.559999999999995,3896.93,past,0
2025-06-05 01:00:00,4942.1125461254605,44.1,25.1,62.82,3763.15,past,0
2025-06-05 02:00:00,4118.427121771218,43.9,25.1,63.08,3717.09,past,0
2025-06-05 03:00:00,4118.427121771218,43.7,25.1,63.34,3674.0,past,0
2025-06-05 04:00:00,5491.236162361623,43.5,25.1,63.599999999999994,3631.33,past,0
2025-06-05 05:00:00,8785.977859778597,43.3,25.1,63.86,3798.15,past,0
2025-06-05 06:00:00,14002.65221402214,43.1,25.1,64.11999999999999,4147.1,past,0
2025-06-05 07:00:00,17571.955719557194,42.9,25.1,64.38,4868.18,past,0
2025-06-05 08:00:00,18944.7647601476,42.7,25.1,64.64,5002.19,past,0
2025-06-05 09:00:00,15375.461254612545,42.5,25.1,64.89999999999999,5364.200000000001,past,0
2025-06-05 10:00:00,12904.404981549817,42.3,25.1,65.16,5520.09,past,0
2025-06-05 11:00:00,11806.15774907749,42.1,25.1,65.42,5541.7,past,0
2025-06-05 12:00:00,11257.034132841329,41.9,25.1,65.67999999999999,5503.47,past,0
2025-06-05 13:00:00,11531.59594095941,41.7,25.1,65.94,5445.8,past,0
2025-06-05 14:00:00,12355.28136531365,41.5,25.1,66.2,5339.91,past,0
2025-06-05 15:00:00,14002.65221402214,41.3,25.1,66.46,5194.490000000001,past,0
2025-06-05 16:00:00,17297.393911439114,41.1,25.1,66.72,5233.650000000001,past,0
2025-06-05 17:00:00,21141.25922509225,40.9,25.1,66.98,5013.95,past,0
2025-06-05 18:00:00,22788.630073800738,40.7,25.1,67.24,4846.18,past,0
2025-06-05 19:00:00,19493.88837638376,40.5,25.1,67.5,4876.4400000000005,past,0
2025-06-05 20:00:00,15375.461254612545,40.3,25.1,67.75999999999999,4764.48,past,0
2025-06-05 21:00:00,12080.719557195567,40.1,25.1,68.02,4563.14,past,0
2025-06-05 22:00:00,8785.977859778597,39.9,25.1,68.28,4285.349999999999,past,0
2025-06-05 23:00:00,7413.168819188191,39.7,25.1,68.53999999999999,4019.27,past,0
2025-06-06 00:00:00,5662.239852398523,39.5,24.675,68.8,3842.43,past,0
2025-06-06 01:00:00,4632.741697416974,39.5,24.675,68.8,3713.23,past,0
2025-06-06 02:00:00,3860.6180811808113,39.5,24.675,68.8,3637.33,past,0
2025-06-06 03:00:00,3860.6180811808113,39.5,24.675,68.8,3601.7,past,0
2025-06-06 04:00:00,5147.490774907749,39.5,24.675,68.8,3618.85,past,0
2025-06-06 05:00:00,8235.985239852398,39.5,24.675,68.8,3598.5699999999997,past,0
2025-06-06 06:00:00,13126.10147601476,39.5,24.675,68.8,4079.26,past,0
2025-06-06 07:00:00,16471.970479704796,39.5,24.675,68.8,4755.570000000001,past,0
2025-06-06 08:00:00,17758.843173431735,39.5,24.675,68.8,4979.16,past,0
2025-06-06 09:00:00,14412.974169741696,39.5,24.675,68.8,5149.59,past,0
2025-06-06 10:00:00,12096.60332103321,39.5,24.675,68.8,5344.93,past,0
2025-06-06 11:00:00,11067.10516605166,39.5,24.675,68.8,5326.05,past,0
2025-06-06 12:00:00,10552.356088560886,39.5,24.675,68.8,5256.15,past,0
2025-06-06 13:00:00,10809.730627306271,39.5,24.675,68.8,5157.2,past,0
2025-06-06 14:00:00,11581.854243542432,39.5,24.675,68.8,5079.8099999999995,past,0
2025-06-06 15:00:00,13126.10147601476,39.5,24.675,68.8,5174.22,past,0
2025-06-06 16:00:00,16214.595940959409,39.5,24.675,68.8,5096.929999999999,past,0
2025-06-06 17:00:00,19817.839483394833,39.5,24.675,68.8,4968.790000000001,past,0
2025-06-06 18:00:00,21362.08671586716,39.5,24.675,68.8,4838.9800000000005,past,0
2025-06-06 19:00:00,18273.592250922506,39.5,24.675,68.8,4808.27,past,0
2025-06-06 20:00:00,14412.974169741696,39.5,24.675,68.8,4587.41,past,0
2025-06-06 21:00:00,11324.479704797046,39.5,24.675,68.8,4413.86,past,0
2025-06-06 22:00:00,8235.985239852398,39.5,24.675,68.8,4076.47,past,0
2025-06-06 23:00:00,6949.112546125461,39.5,24.675,68.8,3830.54,past,0
2025-06-07 00:00:00,4430.787822878227,39.5,24.28,67.8,3570.4,past,0
2025-06-07 01:00:00,3625.190036900368,39.5,24.28,67.8,3458.78,past,0
2025-06-07 02:00:00,3020.9916974169737,39.5,24.28,67.8,3357.84,past,0
2025-06-07 03:00:00,3020.9916974169737,39.5,24.28,67.8,3305.21,past,0
2025-06-07 04:00:00,4027.988929889299,39.5,24.28,67.8,3329.61,past,0
2025-06-07 05:00:00,6444.782287822878,39.5,24.28,67.8,3407.58,past,0
2025-06-07 06:00:00,10271.371771217711,39.5,24.28,67.8,3905.36,past,0
2025-06-07 07:00:00,12889.564575645756,39.5,24.28,67.8,4566.02,past,0
2025-06-07 08:00:00,13896.56180811808,39.5,24.28,67.8,4821.57,past,0
2025-06-07 09:00:00,11278.369003690035,39.5,24.28,67.8,4978.14,past,0
2025-06-07 10:00:00,9465.773985239852,39.5,24.28,67.8,5198.42,past,0
2025-06-07 11:00:00,8660.176199261992,39.5,24.28,67.8,5226.259999999999,past,0
2025-06-07 12:00:00,8257.377306273063,39.5,24.28,67.8,5166.36,past,0
2025-06-07 13:00:00,8458.776752767528,39.5,24.28,67.8,4980.96,past,0
2025-06-07 14:00:00,9062.97509225092,39.5,24.28,67.8,4831.1900000000005,past,0
2025-06-07 15:00:00,10271.371771217711,39.5,24.28,67.8,4852.12,past,0
2025-06-07 16:00:00,12688.165129151292,39.5,24.28,67.8,4881.43,past,0
2025-06-07 17:00:00,15507.7573800738,39.5,24.28,67.8,4632.32,past,0
2025-06-07 18:00:00,16716.154059040593,39.5,24.28,67.8,4671.59,past,0
2025-06-07 19:00:00,14299.360701107007,39.5,24.28,67.8,4998.9800000000005,past,0
2025-06-07 20:00:00,11278.369003690035,39.5,24.28,67.8,4838.46,past,0
2025-06-07 21:00:00,8861.575645756455,39.5,24.28,67.8,4705.179999999999,past,0
2025-06-07 22:00:00,6444.782287822878,39.5,24.28,67.8,4302.83,past,0
2025-06-07 23:00:00,5437.785055350553,39.5,24.28,67.8,3982.91,past,0
2025-06-08 00:00:00,4248.760147601475,39.0,24.64,64.7,3774.0,past,0
2025-06-08 01:00:00,3476.2583025830254,39.0,24.64,64.7,3613.2,past,0
2025-06-08 02:00:00,2896.8819188191883,39.0,24.64,64.7,3551.7000000000003,past,0
2025-06-08 03:00:00,2896.8819188191883,39.0,24.64,64.7,3404.0,past,0
2025-06-08 04:00:00,3862.5092250922503,39.0,24.64,64.7,3463.0,past,0
2025-06-08 05:00:00,6180.014760147602,39.0,24.64,64.7,3522.0,past,0
2025-06-08 06:00:00,9849.39852398524,39.0,24.64,64.7,3785.7,past,0
2025-06-08 07:00:00,12360.029520295204,39.0,24.64,64.7,4332.6,past,0
2025-06-08 08:00:00,13325.656826568267,39.0,24.64,64.7,4553.1,past,0
2025-06-08 09:00:00,10815.0258302583,39.0,24.64,64.7,4811.3,past,0
2025-06-08 10:00:00,9076.89667896679,39.0,24.64,64.7,4767.3,past,0
2025-06-08 11:00:00,8304.39483394834,39.0,24.64,64.7,4700.1,past,0
2025-06-08 12:00:00,7918.143911439116,39.0,24.64,64.7,4729.1,past,0
2025-06-08 13:00:00,8111.269372693729,39.0,24.64,64.7,4519.0,past,0
2025-06-08 14:00:00,8690.645756457563,39.0,24.64,64.7,4509.799999999999,past,0
2025-06-08 15:00:00,9849.39852398524,39.0,24.64,64.7,4441.0,past,0
2025-06-08 16:00:00,12166.904059040591,39.0,24.64,64.7,4466.3,past,0
2025-06-08 17:00:00,14870.660516605163,39.0,24.64,64.7,4312.7,past,0
2025-06-08 18:00:00,16029.413284132845,39.0,24.64,64.7,4400.06,past,0
2025-06-08 19:00:00,13711.907749077487,39.0,24.64,64.7,4782.8,past,0
2025-06-08 20:00:00,10815.0258302583,39.0,24.64,64.7,4736.8,past,0
2025-06-08 21:00:00,8497.52029520295,39.0,24.64,64.7,4588.8,past,0
2025-06-08 22:00:00,6180.014760147602,39.0,24.64,64.7,4269.360000000001,past,0
2025-06-08 23:00:00,5214.3874538745395,39.0,24.64,64.7,3976.2,past,0
2025-06-09 00:00:00,5369.785977859778,39.5,23.195,70.4,3649.3,past,0
2025-06-09 01:00:00,4393.461254612545,39.5,23.195,70.4,3518.8,past,0
2025-06-09 02:00:00,3661.217712177122,39.5,23.195,70.4,3372.9,past,0
2025-06-09 03:00:00,3661.217712177122,39.5,23.195,70.4,3319.1,past,0
2025-06-09 04:00:00,4881.623616236162,39.5,23.195,70.4,3291.6,past,0
2025-06-09 05:00:00,7810.59778597786,39.5,23.195,70.4,3367.6,past,0
2025-06-09 06:00:00,12448.140221402216,39.5,23.195,70.4,3444.4,past,0
2025-06-09 07:00:00,15621.19557195572,39.5,23.195,70.4,3717.8,past,0
2025-06-09 08:00:00,16841.601476014763,39.5,23.195,70.4,3911.6,past,0
2025-06-09 09:00:00,13668.546125461253,39.5,23.195,70.4,4088.8,past,0
2025-06-09 10:00:00,11471.81549815498,39.5,23.195,70.4,4242.3,past,0
2025-06-09 11:00:00,10495.49077490775,39.5,23.195,70.4,4077.3,past,0
2025-06-09 12:00:00,10007.328413284136,39.5,23.195,70.4,3973.3,past,0
2025-06-09 13:00:00,10251.409594095943,39.5,23.195,70.4,3782.400000000001,past,0
2025-06-09 14:00:00,10983.653136531364,39.5,23.195,70.4,3446.1,past,0
2025-06-09 15:00:00,12448.140221402216,39.5,23.195,70.4,3375.6,past,0
2025-06-09 16:00:00,15377.114391143912,39.5,23.195,70.4,3283.6,past,0
2025-06-09 17:00:00,18794.250922509225,39.5,23.195,70.4,3341.9,past,0
2025-06-09 18:00:00,20258.73800738008,39.5,23.195,70.4,3501.8,past,0
2025-06-09 19:00:00,17329.763837638373,39.5,23.195,70.4,3919.2,past,0
2025-06-09 20:00:00,13668.546125461253,39.5,23.195,70.4,3966.4,past,0
2025-06-09 21:00:00,10739.571955719555,39.5,23.195,70.4,3866.3,past,0
2025-06-09 22:00:00,7810.59778597786,39.5,23.195,70.4,3615.7,past,0
2025-06-09 23:00:00,6590.1918819188195,39.5,23.195,70.4,3422.1,past,0
2025-06-10 00:00:00,6743.040590405903,38.0,24.205,66.7,3260.2,past,0
2025-06-10 01:00:00,5517.0332103321025,38.0,24.205,66.7,3175.7000000000003,past,0
2025-06-10 02:00:00,4597.527675276752,38.0,24.205,66.7,3094.6,past,0
2025-06-10 03:00:00,4597.527675276752,38.0,24.205,66.7,3080.1000000000004,past,0
2025-06-10 04:00:00,6130.036900369004,38.0,24.205,66.7,3116.6,past,0
2025-06-10 05:00:00,9808.059040590406,38.0,24.205,66.7,3338.3999999999996,past,0
2025-06-10 06:00:00,15631.594095940958,38.0,24.205,66.7,3791.8,past,0
2025-06-10 07:00:00,19616.11808118081,38.0,24.205,66.7,4643.400000000001,past,0
2025-06-10 08:00:00,21148.62730627306,38.0,24.205,66.7,4855.099999999999,past,0
2025-06-10 09:00:00,17164.10332103321,38.0,24.205,66.7,5079.400000000001,past,0
2025-06-10 10:00:00,14405.586715867155,38.0,24.205,66.7,5290.3,past,0
2025-06-10 11:00:00,13179.579335793356,38.0,24.205,66.7,5206.4,past,0
2025-06-10 12:00:00,12566.575645756458,38.0,24.205,66.7,5094.9,past,0
2025-06-10 13:00:00,12873.07749077491,38.0,24.205,66.7,4700.6,past,0
2025-06-10 14:00:00,13792.583025830256,38.0,24.205,66.7,4621.7,past,0
2025-06-10 15:00:00,15631.594095940958,38.0,24.205,66.7,4834.299999999999,past,0
2025-06-10 16:00:00,19309.61623616236,38.0,24.205,66.7,4923.5,past,0
2025-06-10 17:00:00,23600.642066420663,38.0,24.205,66.7,4870.4,past,0
2025-06-10 18:00:00,25439.653136531368,38.0,24.205,66.7,4661.4,past,0
2025-06-10 19:00:00,21761.63099630996,38.0,24.205,66.7,4978.700000000001,past,0
2025-06-10 20:00:00,17164.10332103321,38.0,24.205,66.7,4822.3,past,0
2025-06-10 21:00:00,13486.081180811803,38.0,24.205,66.7,4639.1,past,0
2025-06-10 22:00:00,9808.059040590406,38.0,24.205,66.7,4314.700000000001,past,0
2025-06-10 23:00:00,8275.549815498154,38.0,24.205,66.7,3957.3,past,0
2025-06-11 00:00:00,5441.204797047969,42.0,24.095,67.5,3733.52,past,0
2025-06-11 01:00:00,4451.894833948339,42.0,24.095,67.5,3615.76,past,0
2025-06-11 02:00:00,3709.912361623616,42.0,24.095,67.5,3517.75,past,0
2025-06-11 03:00:00,3709.912361623616,42.0,24.095,67.5,3518.469,past,0
2025-06-11 04:00:00,4946.549815498155,42.0,24.095,67.5,3525.5299999999997,past,0
2025-06-11 05:00:00,7914.479704797048,42.0,24.095,67.5,3557.08,past,0
2025-06-11 06:00:00,12613.702029520293,42.0,24.095,67.5,3975.29,past,0
2025-06-11 07:00:00,15828.959409594096,42.0,24.095,67.5,4826.96,past,0
2025-06-11 08:00:00,17065.596863468636,42.0,24.095,67.5,5095.0,past,0
2025-06-11 09:00:00,13850.339483394831,42.0,24.095,67.5,5289.4,past,0
2025-06-11 10:00:00,11624.392066420663,42.0,24.095,67.5,5563.700000000001,past,0
2025-06-11 11:00:00,10635.082103321032,42.0,24.095,67.5,5369.700000000001,past,0
2025-06-11 12:00:00,10140.427121771218,42.0,24.095,67.5,5287.599999999999,past,0
2025-06-11 13:00:00,10387.754612546129,42.0,24.095,67.5,5081.7,past,0
2025-06-11 14:00:00,11129.737084870849,42.0,24.095,67.5,5078.0,past,0
2025-06-11 15:00:00,12613.702029520293,42.0,24.095,67.5,5272.9,past,0
2025-06-11 16:00:00,15581.631918819186,42.0,24.095,67.5,5233.6,past,0
2025-06-11 17:00:00,19044.216789667895,42.0,24.095,67.5,5190.6,past,0
2025-06-11 18:00:00,20528.181734317342,42.0,24.095,67.5,4766.2,past,0
2025-06-11 19:00:00,17560.251845018447,42.0,24.095,67.5,5010.4,past,0
2025-06-11 20:00:00,13850.339483394831,42.0,24.095,67.5,4909.4,past,0
2025-06-11 21:00:00,10882.409594095938,42.0,24.095,67.5,4705.9,past,0
2025-06-11 22:00:00,7914.479704797048,42.0,24.095,67.5,4324.0,past,0
2025-06-11 23:00:00,6677.842250922509,42.0,24.095,67.5,4086.6,past,0
2025-06-12 00:00:00,5430.3671586715855,42.0,24.299999999999997,64.5,3833.22,past,0
2025-06-12 01:00:00,4443.027675276752,42.0,24.299999999999997,64.5,3770.01,past,0
2025-06-12 02:00:00,3702.523062730627,42.0,24.299999999999997,64.5,3706.85,past,0
2025-06-12 03:00:00,3702.523062730627,42.0,24.299999999999997,64.5,3625.469,past,0
2025-06-12 04:00:00,4936.69741697417,42.0,24.299999999999997,64.5,3528.03,past,0
2025-06-12 05:00:00,7898.715867158671,42.0,24.299999999999997,64.5,3606.18,past,0
2025-06-12 06:00:00,12588.57841328413,42.0,24.299999999999997,64.5,4154.99,past,0
2025-06-12 07:00:00,15797.431734317342,42.0,24.299999999999997,64.5,4903.05,past,0
2025-06-12 08:00:00,17031.606088560886,42.0,24.299999999999997,64.5,5232.799999999999,past,0
2025-06-12 09:00:00,13822.752767527674,42.0,24.299999999999997,64.5,5636.47,past,0
2025-06-12 10:00:00,11601.238929889298,42.0,24.299999999999997,64.5,5738.3,past,0
2025-06-12 11:00:00,10613.899446494464,42.0,24.299999999999997,64.5,5508.0,past,0
2025-06-12 12:00:00,10120.229704797048,42.0,24.299999999999997,64.5,5475.099999999999,past,0
2025-06-12 13:00:00,10367.064575645758,42.0,24.299999999999997,64.5,5140.9,past,0
2025-06-12 14:00:00,11107.56918819188,42.0,24.299999999999997,64.5,4939.7,past,0
2025-06-12 15:00:00,12588.57841328413,42.0,24.299999999999997,64.5,5099.6,past,0
2025-06-12 16:00:00,15550.596863468634,42.0,24.299999999999997,64.5,5050.2,past,0
2025-06-12 17:00:00,19006.285055350552,42.0,24.299999999999997,64.5,4907.2,past,0
2025-06-12 18:00:00,20487.29428044281,42.0,24.299999999999997,64.5,4750.2,past,0
2025-06-12 19:00:00,17525.2758302583,42.0,24.299999999999997,64.5,4917.2,past,0
2025-06-12 20:00:00,13822.752767527674,42.0,24.299999999999997,64.5,4701.1,past,0
2025-06-12 21:00:00,10860.734317343173,42.0,24.299999999999997,64.5,4588.1,past,0
2025-06-12 22:00:00,7898.715867158671,42.0,24.299999999999997,64.5,4329.1,past,0
2025-06-12 23:00:00,6664.541512915129,42.0,24.299999999999997,64.5,4100.5,past,0
2025-06-13 00:00:00,6239.090405904058,43.0,23.525,70.4,3875.51,past,0
2025-06-13 01:00:00,5104.71033210332,43.0,23.525,70.4,3814.31,past,0
2025-06-13 02:00:00,4253.925276752767,43.0,23.525,70.4,3682.23,past,0
2025-06-13 03:00:00,4253.925276752767,43.0,23.525,70.4,3642.34,past,0
2025-06-13 04:00:00,5671.90036900369,43.0,23.525,70.4,3701.56,past,0
2025-06-13 05:00:00,9075.040590405904,43.0,23.525,70.4,3746.84,past,0
2025-06-13 06:00:00,14463.345940959409,43.0,23.525,70.4,4186.9400000000005,past,0
2025-06-13 07:00:00,18150.08118081181,43.0,23.525,70.4,4984.599999999999,past,0
2025-06-13 08:00:00,19568.05627306273,43.0,23.525,70.4,5278.16,past,0
2025-06-13 09:00:00,15881.32103321033,43.0,23.525,70.4,5470.710000000001,past,0
2025-06-13 10:00:00,13328.96586715867,43.0,23.525,70.4,5855.82,past,0
2025-06-13 11:00:00,12194.585793357932,43.0,23.525,70.4,5674.400000000001,past,0
2025-06-13 12:00:00,11627.395756457565,43.0,23.525,70.4,5620.320000000001,past,0
2025-06-13 13:00:00,11910.99077490775,43.0,23.525,70.4,5131.12,past,0
2025-06-13 14:00:00,12761.7758302583,43.0,23.525,70.4,5068.860000000001,past,0
2025-06-13 15:00:00,14463.345940959409,43.0,23.525,70.4,4955.15,past,0
2025-06-13 16:00:00,17866.486162361623,43.0,23.525,70.4,4799.65,past,0
2025-06-13 17:00:00,21836.816420664207,43.0,23.525,70.4,4635.91,past,0
2025-06-13 18:00:00,23538.386531365315,43.0,23.525,70.4,4663.5199999999995,past,0
2025-06-13 19:00:00,20135.246309963095,43.0,23.525,70.4,4914.63,past,0
2025-06-13 20:00:00,15881.32103321033,43.0,23.525,70.4,4830.74,past,0
2025-06-13 21:00:00,12478.180811808115,43.0,23.525,70.4,4611.79,past,0
2025-06-13 22:00:00,9075.040590405904,43.0,23.525,70.4,4194.51,past,0
2025-06-13 23:00:00,7657.065498154981,43.0,23.525,70.4,3939.21,past,0
2025-06-14 00:00:00,5759.7583025830245,56.0,24.775,64.3,3717.4,past,0
2025-06-14 01:00:00,4712.529520295202,56.0,24.775,64.3,3710.9,past,0
2025-06-14 02:00:00,3927.107933579335,56.0,24.775,64.3,3558.0,past,0
2025-06-14 03:00:00,3927.107933579335,56.0,24.775,64.3,3562.9,past,0
2025-06-14 04:00:00,5236.143911439114,56.0,24.775,64.3,3517.5,past,0
2025-06-14 05:00:00,8377.830258302583,56.0,24.775,64.3,3572.2,past,0
2025-06-14 06:00:00,13352.16697416974,56.0,24.775,64.3,4013.5,past,0
2025-06-14 07:00:00,16755.660516605167,56.0,24.775,64.3,4960.0,past,0
2025-06-14 08:00:00,18064.696494464944,56.0,24.775,64.3,5287.4,past,0
2025-06-14 09:00:00,14661.202952029518,56.0,24.775,64.3,5453.5,past,0
2025-06-14 10:00:00,12304.938191881918,56.0,24.775,64.3,5695.5,past,0
2025-06-14 11:00:00,11257.709409594096,56.0,24.775,64.3,5678.2,past,0
2025-06-14 12:00:00,10734.095018450183,56.0,24.775,64.3,5468.8,past,0
2025-06-14 13:00:00,10995.90221402214,56.0,24.775,64.3,5377.4,past,0
2025-06-14 14:00:00,11781.323800738006,56.0,24.775,64.3,5269.9,past,0
2025-06-14 15:00:00,13352.16697416974,56.0,24.775,64.3,5292.1,past,0
2025-06-14 16:00:00,16493.85332103321,56.0,24.775,64.3,5196.9,past,0
2025-06-14 17:00:00,20159.15405904059,56.0,24.775,64.3,5111.5,past,0
2025-06-14 18:00:00,21729.997232472328,56.0,24.775,64.3,4845.4,past,0
2025-06-14 19:00:00,18588.31088560885,56.0,24.775,64.3,5095.2,past,0
2025-06-14 20:00:00,14661.202952029518,56.0,24.775,64.3,5031.2,past,0
2025-06-14 21:00:00,11519.516605166047,56.0,24.775,64.3,4772.700000000001,past,0
2025-06-14 22:00:00,8377.830258302583,56.0,24.775,64.3,4432.8,past,0
2025-06-14 23:00:00,7068.794280442804,56.0,24.775,64.3,4139.400000000001,past,0
2025-06-15 00:00:00,6082.0258302583015,48.0,25.045,59.1,4125.63,past,0
2025-06-15 01:00:00,4976.202952029519,48.0,25.045,59.1,4045.36,past,0
2025-06-15 02:00:00,4146.835793357934,48.0,25.045,59.1,3805.76,past,0
2025-06-15 03:00:00,4146.835793357934,48.0,25.045,59.1,3827.02,past,0
2025-06-15 04:00:00,5529.114391143911,48.0,25.045,59.1,3766.26,past,0
2025-06-15 05:00:00,8846.58302583026,48.0,25.045,59.1,3898.36,past,0
2025-06-15 06:00:00,14099.241697416974,48.0,25.045,59.1,3869.48,past,0
2025-06-15 07:00:00,17693.16605166052,48.0,25.045,59.1,4185.110000000001,past,0
2025-06-15 08:00:00,19075.444649446497,48.0,25.045,59.1,4566.04,past,0
2025-06-15 09:00:00,15481.52029520295,48.0,25.045,59.1,5206.1,past,0
2025-06-15 10:00:00,12993.418819188191,48.0,25.045,59.1,5045.34,past,0
2025-06-15 11:00:00,11887.59594095941,48.0,25.045,59.1,4871.209999999999,past,0
2025-06-15 12:00:00,11334.68450184502,48.0,25.045,59.1,4855.75,past,0
2025-06-15 13:00:00,11611.140221402216,48.0,25.045,59.1,4829.9,past,0
2025-06-15 14:00:00,12440.5073800738,48.0,25.045,59.1,4716.36,past,0
2025-06-15 15:00:00,14099.241697416974,48.0,25.045,59.1,4469.18,past,0
2025-06-15 16:00:00,17416.71033210332,48.0,25.045,59.1,4269.12,past,0
2025-06-15 17:00:00,21287.09040590406,48.0,25.045,59.1,4063.4,past,0
2025-06-15 18:00:00,22945.82472324724,48.0,25.045,59.1,3809.64,past,0
2025-06-15 19:00:00,19628.35608856088,48.0,25.045,59.1,4236.59,past,0
2025-06-15 20:00:00,15481.52029520295,48.0,25.045,59.1,4263.72,past,0
2025-06-15 21:00:00,12164.051660516605,48.0,25.045,59.1,4110.58,past,0
2025-06-15 22:00:00,8846.58302583026,48.0,25.045,59.1,4023.81,past,0
2025-06-15 23:00:00,7464.304428044281,48.0,25.045,59.1,3807.32,past,0
2025-06-16 00:00:00,5761.199261992619,43.0,24.534999999999997,62.5,4125.63,past,0
2025-06-16 01:00:00,4713.70848708487,43.0,24.534999999999997,62.5,4045.36,past,0
2025-06-16 02:00:00,3928.090405904059,43.0,24.534999999999997,62.5,3805.76,past,0
2025-06-16 03:00:00,3928.090405904059,43.0,24.534999999999997,62.5,3827.02,past,0
2025-06-16 04:00:00,5237.453874538745,43.0,24.534999999999997,62.5,3766.26,past,0
2025-06-16 05:00:00,8379.926199261994,43.0,24.534999999999997,62.5,3898.36,past,0
2025-06-16 06:00:00,13355.5073800738,43.0,24.534999999999997,62.5,3869.48,past,0
2025-06-16 07:00:00,16759.852398523988,43.0,24.534999999999997,62.5,4185.110000000001,past,0
2025-06-16 08:00:00,18069.215867158677,43.0,24.534999999999997,62.5,4566.04,past,0
2025-06-16 09:00:00,14664.870848708486,43.0,24.534999999999997,62.5,5206.1,past,0
2025-06-16 10:00:00,12308.016605166053,43.0,24.534999999999997,62.5,5045.34,past,0
2025-06-16 11:00:00,11260.525830258304,43.0,24.534999999999997,62.5,4871.209999999999,past,0
2025-06-16 12:00:00,10736.780442804433,43.0,24.534999999999997,62.5,4855.75,past,0
2025-06-16 13:00:00,10998.653136531368,43.0,24.534999999999997,62.5,4829.9,past,0
2025-06-16 14:00:00,11784.271217712176,43.0,24.534999999999997,62.5,4716.36,past,0
2025-06-16 15:00:00,13355.5073800738,43.0,24.534999999999997,62.5,4469.18,past,0
2025-06-16 16:00:00,16497.97970479705,43.0,24.534999999999997,62.5,4269.12,past,0
2025-06-16 17:00:00,20164.19741697417,43.0,24.534999999999997,62.5,4063.4,past,0
2025-06-16 18:00:00,21735.433579335797,43.0,24.534999999999997,62.5,3809.64,past,0
2025-06-16 19:00:00,18592.961254612543,43.0,24.534999999999997,62.5,4236.59,past,0
2025-06-16 20:00:00,14664.870848708486,43.0,24.534999999999997,62.5,4263.72,past,0
2025-06-16 21:00:00,11522.398523985235,43.0,24.534999999999997,62.5,4110.58,past,0
2025-06-16 22:00:00,8379.926199261994,43.0,24.534999999999997,62.5,4023.81,past,0
2025-06-16 23:00:00,7070.562730627307,43.0,24.534999999999997,62.5,3807.32,past,0
2025-06-17 00:00:00,6450.952029520294,39.0,24.905,62.2,3715.1,past,0
2025-06-17 01:00:00,5278.051660516604,39.0,24.905,62.2,3764.0,past,0
2025-06-17 02:00:00,4398.376383763837,39.0,24.905,62.2,3665.8,past,0
2025-06-17 03:00:00,4398.376383763837,39.0,24.905,62.2,3698.5,past,0
2025-06-17 04:00:00,5864.50184501845,39.0,24.905,62.2,3683.7,past,0
2025-06-17 05:00:00,9383.20295202952,39.0,24.905,62.2,3785.6,past,0
2025-06-17 06:00:00,14954.479704797046,39.0,24.905,62.2,4073.9,past,0
2025-06-17 07:00:00,18766.40590405904,39.0,24.905,62.2,4706.0,past,0
2025-06-17 08:00:00,20232.53136531365,39.0,24.905,62.2,5169.799999999999,past,0
2025-06-17 09:00:00,16420.605166051657,39.0,24.905,62.2,5973.1,past,0
2025-06-17 10:00:00,13781.579335793356,39.0,24.905,62.2,6419.1,past,0
2025-06-17 11:00:00,12608.678966789666,39.0,24.905,62.2,6423.5,past,0
2025-06-17 12:00:00,12022.228782287822,39.0,24.905,62.2,6140.5,past,0
2025-06-17 13:00:00,12315.453874538744,39.0,24.905,62.2,6103.0,past,0
2025-06-17 14:00:00,13195.12915129151,39.0,24.905,62.2,5964.4,past,0
2025-06-17 15:00:00,14954.479704797046,39.0,24.905,62.2,5902.0,past,0
2025-06-17 16:00:00,18473.180811808117,39.0,24.905,62.2,5733.700000000001,past,0
2025-06-17 17:00:00,22578.33210332103,39.0,24.905,62.2,5381.9,past,0
2025-06-17 18:00:00,24337.682656826568,39.0,24.905,62.2,4867.0,past,0
2025-06-17 19:00:00,20818.981549815493,39.0,24.905,62.2,5053.8,past,0
2025-06-17 20:00:00,16420.605166051657,39.0,24.905,62.2,4878.900000000001,past,0
2025-06-17 21:00:00,12901.904059040588,39.0,24.905,62.2,4637.6,past,0
2025-06-17 22:00:00,9383.20295202952,39.0,24.905,62.2,4433.599999999999,past,0
2025-06-17 23:00:00,7917.077490774907,39.0,24.905,62.2,4214.2,past,0
2025-06-18 00:00:00,4631.892988929888,42.0,24.57,64.8,3973.57,past,0
2025-06-18 01:00:00,3789.730627306272,42.0,24.57,64.8,3986.3,past,0
2025-06-18 02:00:00,3158.1088560885605,42.0,24.57,64.8,3779.8,past,0
2025-06-18 03:00:00,3158.1088560885605,42.0,24.57,64.8,3791.2,past,0
2025-06-18 04:00:00,4210.811808118081,42.0,24.57,64.8,3814.6,past,0
2025-06-18 05:00:00,6737.29889298893,42.0,24.57,64.8,3853.1,past,0
2025-06-18 06:00:00,10737.570110701106,42.0,24.57,64.8,4174.799999999999,past,0
2025-06-18 07:00:00,13474.59778597786,42.0,24.57,64.8,4932.2,past,0
2025-06-18 08:00:00,14527.30073800738,42.0,24.57,64.8,5264.8,past,0
2025-06-18 09:00:00,11790.273062730626,42.0,24.57,64.8,5951.360000000001,past,0
2025-06-18 10:00:00,9895.407749077487,42.0,24.57,64.8,6155.71,past,0
2025-06-18 11:00:00,9053.245387453871,42.0,24.57,64.8,6112.84,past,0
2025-06-18 12:00:00,8632.164206642066,42.0,24.57,64.8,6090.57,past,0
2025-06-18 13:00:00,8842.70479704797,42.0,24.57,64.8,5897.29,past,0
2025-06-18 14:00:00,9474.32656826568,42.0,24.57,64.8,5674.9,past,0
2025-06-18 15:00:00,10737.570110701106,42.0,24.57,64.8,5736.29,past,0
2025-06-18 16:00:00,13264.057195571955,42.0,24.57,64.8,5389.92,past,0
2025-06-18 17:00:00,16211.62546125461,42.0,24.57,64.8,5104.4,past,0
2025-06-18 18:00:00,17474.869003690037,42.0,24.57,64.8,5077.34,past,0
2025-06-18 19:00:00,14948.381918819185,42.0,24.57,64.8,5101.26,past,0
2025-06-18 20:00:00,11790.273062730626,42.0,24.57,64.8,5014.3099999999995,past,0
2025-06-18 21:00:00,9263.785977859776,42.0,24.57,64.8,4792.12,past,0
2025-06-18 22:00:00,6737.29889298893,42.0,24.57,64.8,4573.98,past,0
2025-06-18 23:00:00,5684.59594095941,42.0,24.57,64.8,4253.2,past,0
2025-06-19 00:00:00,3306.4335793357927,44.0,24.56,65.3,4246.84,past,0
2025-06-19 01:00:00,2705.263837638376,44.0,24.56,65.3,4240.48,past,0
2025-06-19 02:00:00,2254.386531365313,44.0,24.56,65.3,4234.12,past,0
2025-06-19 03:00:00,2254.386531365313,44.0,24.56,65.3,4227.76,past,0
2025-06-19 04:00:00,3005.848708487085,44.0,24.56,65.3,4221.4,past,0
2025-06-19 05:00:00,4809.357933579336,44.0,24.56,65.3,4215.04,past,0
2025-06-19 06:00:00,7664.914206642065,44.0,24.56,65.3,4208.679999999999,past,0
2025-06-19 07:00:00,9618.715867158671,44.0,24.56,65.3,4202.32,past,0
2025-06-19 08:00:00,10370.178044280445,44.0,24.56,65.3,4195.96,past,0
2025-06-19 09:00:00,8416.376383763836,44.0,24.56,65.3,4189.599999999999,past,0
2025-06-19 10:00:00,7063.744464944649,44.0,24.56,65.3,4183.24,past,0
2025-06-19 11:00:00,6462.574723247232,44.0,24.56,65.3,4176.88,past,0
2025-06-19 12:00:00,6161.989852398524,44.0,24.56,65.3,4170.5199999999995,past,0
2025-06-19 13:00:00,6312.282287822879,44.0,24.56,65.3,4164.16,past,0
2025-06-19 14:00:00,6763.15959409594,44.0,24.56,65.3,4157.8,past,0
2025-06-19 15:00:00,7664.914206642065,44.0,24.56,65.3,4151.44,past,0
2025-06-19 16:00:00,9468.423431734316,44.0,24.56,65.3,4145.08,past,0
2025-06-19 17:00:00,11572.517527675276,44.0,24.56,65.3,4138.72,past,0
2025-06-19 18:00:00,12474.272140221405,44.0,24.56,65.3,4132.36,past,0
2025-06-19 19:00:00,10670.76291512915,44.0,24.56,65.3,4126.0,past,0
2025-06-19 20:00:00,8416.376383763836,44.0,24.56,65.3,4119.639999999999,past,0
2025-06-19 21:00:00,6612.8671586715855,44.0,24.56,65.3,4113.28,past,0
2025-06-19 22:00:00,4809.357933579336,44.0,24.56,65.3,4106.92,past,0
2025-06-19 23:00:00,4057.895756457565,44.0,24.56,65.3,4100.5599999999995,past,0
2025-06-20 00:00:00,6252.911439114389,46.0,24.104999999999997,68.4,4094.2,past,0
2025-06-20 01:00:00,5116.018450184501,46.0,24.104999999999997,68.4,3993.1,past,0
2025-06-20 02:00:00,4263.348708487084,46.0,24.104999999999997,68.4,3949.1,past,0
2025-06-20 03:00:00,4263.348708487084,46.0,24.104999999999997,68.4,3767.7,past,0
2025-06-20 04:00:00,5684.464944649447,46.0,24.104999999999997,68.4,3902.0,past,0
2025-06-20 05:00:00,9095.143911439114,46.0,24.104999999999997,68.4,3902.3,past,0
2025-06-20 06:00:00,14495.385608856086,46.0,24.104999999999997,68.4,4274.0,past,0
2025-06-20 07:00:00,18190.28782287823,46.0,24.104999999999997,68.4,5240.6,past,0
2025-06-20 08:00:00,19611.40405904059,46.0,24.104999999999997,68.4,5534.3,past,0
2025-06-20 09:00:00,15916.501845018449,46.0,24.104999999999997,68.4,5771.9,past,0
2025-06-20 10:00:00,13358.492619926195,46.0,24.104999999999997,68.4,5999.9,past,0
2025-06-20 11:00:00,12221.599630996308,46.0,24.104999999999997,68.4,5739.7,past,0
2025-06-20 12:00:00,11653.153136531366,46.0,24.104999999999997,68.4,5646.3,past,0
2025-06-20 13:00:00,11937.376383763838,46.0,24.104999999999997,68.4,5313.4,past,0
2025-06-20 14:00:00,12790.046125461253,46.0,24.104999999999997,68.4,5097.1,past,0
2025-06-20 15:00:00,14495.385608856086,46.0,24.104999999999997,68.4,5174.900000000001,past,0
2025-06-20 16:00:00,17906.064575645756,46.0,24.104999999999997,68.4,5076.7,past,0
2025-06-20 17:00:00,21885.190036900367,46.0,24.104999999999997,68.4,4928.4,past,0
2025-06-20 18:00:00,23590.529520295204,46.0,24.104999999999997,68.4,4890.1,past,0
2025-06-20 19:00:00,20179.85055350553,46.0,24.104999999999997,68.4,5143.7,past,0
2025-06-20 20:00:00,15916.501845018449,46.0,24.104999999999997,68.4,5030.0,past,0
2025-06-20 21:00:00,12505.82287822878,46.0,24.104999999999997,68.4,4755.8,past,0
2025-06-20 22:00:00,9095.143911439114,46.0,24.104999999999997,68.4,4519.3,past,0
2025-06-20 23:00:00,7674.027675276752,46.0,24.104999999999997,68.4,4220.0,past,0
2025-06-21 00:00:00,4238.145756457564,48.0,24.475,69.9,4124.389999999999,past,0
2025-06-21 01:00:00,3467.573800738007,48.0,24.475,69.9,3979.19,past,0
2025-06-21 02:00:00,2889.644833948339,48.0,24.475,69.9,3843.28,past,0
2025-06-21 03:00:00,2889.644833948339,48.0,24.475,69.9,3785.66,past,0
2025-06-21 04:00:00,3852.859778597786,48.0,24.475,69.9,3802.47,past,0
2025-06-21 05:00:00,6164.575645756458,48.0,24.475,69.9,3947.41,past,0
2025-06-21 06:00:00,9824.792435424351,48.0,24.475,69.9,4350.88,past,0
2025-06-21 07:00:00,12329.151291512915,48.0,24.475,69.9,5231.19,past,0
2025-06-21 08:00:00,13292.36623616236,48.0,24.475,69.9,5370.99,past,0
2025-06-21 09:00:00,10788.0073800738,48.0,24.475,69.9,5793.67,past,0
2025-06-21 10:00:00,9054.220479704796,48.0,24.475,69.9,6164.02,past,0
2025-06-21 11:00:00,8283.648523985239,48.0,24.475,69.9,6062.3099999999995,past,0
2025-06-21 12:00:00,7898.362546125461,48.0,24.475,69.9,5897.48,past,0
2025-06-21 13:00:00,8091.005535055351,48.0,24.475,69.9,5773.21,past,0
2025-06-21 14:00:00,8668.934501845017,48.0,24.475,69.9,5393.719999999999,past,0
2025-06-21 15:00:00,9824.792435424351,48.0,24.475,69.9,5348.610000000001,past,0
2025-06-21 16:00:00,12136.508302583024,48.0,24.475,69.9,5041.4400000000005,past,0
2025-06-21 17:00:00,14833.510147601475,48.0,24.475,69.9,4959.78,past,0
2025-06-21 18:00:00,15989.368081180812,48.0,24.475,69.9,4887.28,past,0
2025-06-21 19:00:00,13677.652214022137,48.0,24.475,69.9,5103.91,past,0
2025-06-21 20:00:00,10788.0073800738,48.0,24.475,69.9,4970.42,past,0
2025-06-21 21:00:00,8476.291512915128,48.0,24.475,69.9,4731.76,past,0
2025-06-21 22:00:00,6164.575645756458,48.0,24.475,69.9,4475.3099999999995,past,0
2025-06-21 23:00:00,5201.360701107011,48.0,24.475,69.9,4273.1900000000005,past,0
2025-06-22 00:00:00,5577.385608856087,41.0,24.270000000000003,66.5,3998.86,past,0
2025-06-22 01:00:00,4563.315498154981,41.0,24.270000000000003,66.5,4029.98,past,0
2025-06-22 02:00:00,3802.762915129151,41.0,24.270000000000003,66.5,3970.499999999999,past,0
2025-06-22 03:00:00,3802.762915129151,41.0,24.270000000000003,66.5,3732.95,past,0
2025-06-22 04:00:00,5070.350553505535,41.0,24.270000000000003,66.5,3789.52,past,0
2025-06-22 05:00:00,8112.560885608857,41.0,24.270000000000003,66.5,3837.88,past,0
2025-06-22 06:00:00,12929.393911439114,41.0,24.270000000000003,66.5,4062.11,past,0
2025-06-22 07:00:00,16225.121771217711,41.0,24.270000000000003,66.5,4678.84,past,0
2025-06-22 08:00:00,17492.7094095941,41.0,24.270000000000003,66.5,4989.99,past,0
2025-06-22 09:00:00,14196.981549815497,41.0,24.270000000000003,66.5,5454.47,past,0
2025-06-22 10:00:00,11915.323800738008,41.0,24.270000000000003,66.5,5749.36,past,0
2025-06-22 11:00:00,10901.2536900369,41.0,24.270000000000003,66.5,5678.71,past,0
2025-06-22 12:00:00,10394.21863468635,41.0,24.270000000000003,66.5,5572.84,past,0
2025-06-22 13:00:00,10647.736162361629,41.0,24.270000000000003,66.5,5324.38,past,0
2025-06-22 14:00:00,11408.288745387452,41.0,24.270000000000003,66.5,5243.870000000001,past,0
2025-06-22 15:00:00,12929.393911439114,41.0,24.270000000000003,66.5,5305.9800000000005,past,0
2025-06-22 16:00:00,15971.604243542435,41.0,24.270000000000003,66.5,5217.55,past,0
2025-06-22 17:00:00,19520.84963099631,41.0,24.270000000000003,66.5,4900.96,past,0
2025-06-22 18:00:00,21041.954797047976,41.0,24.270000000000003,66.5,4662.38,past,0
2025-06-22 19:00:00,17999.744464944644,41.0,24.270000000000003,66.5,4926.26,past,0
2025-06-22 20:00:00,14196.981549815497,41.0,24.270000000000003,66.5,4783.199999999999,past,0
2025-06-22 21:00:00,11154.771217712174,41.0,24.270000000000003,66.5,4582.77,past,0
2025-06-22 22:00:00,8112.560885608857,41.0,24.270000000000003,66.5,4458.12,past,0
2025-06-22 23:00:00,6844.973247232473,41.0,24.270000000000003,66.5,4234.03,past,0
2025-06-23 00:00:00,4372.560885608855,40.0,23.99,66.8,4011.62,past,0
2025-06-23 01:00:00,3577.549815498154,40.0,23.99,66.8,3986.45,past,0
2025-06-23 02:00:00,2981.2915129151293,40.0,23.99,66.8,3907.8,past,0
2025-06-23 03:00:00,2981.2915129151293,40.0,23.99,66.8,3844.43,past,0
2025-06-23 04:00:00,3975.0553505535054,40.0,23.99,66.8,3731.3,past,0
2025-06-23 05:00:00,6360.08856088561,40.0,23.99,66.8,3825.03,past,0
2025-06-23 06:00:00,10136.39114391144,40.0,23.99,66.8,3862.64,past,0
2025-06-23 07:00:00,12720.17712177122,40.0,23.99,66.8,4256.8,past,0
2025-06-23 08:00:00,13713.940959409596,40.0,23.99,66.8,4572.0599999999995,past,0
2025-06-23 09:00:00,11130.154981549817,40.0,23.99,66.8,5172.12,past,0
2025-06-23 10:00:00,9341.38007380074,40.0,23.99,66.8,5110.96,past,0
2025-06-23 11:00:00,8546.369003690037,40.0,23.99,66.8,4773.27,past,0
2025-06-23 12:00:00,8148.863468634688,40.0,23.99,66.8,4669.610000000001,past,0
2025-06-23 13:00:00,8347.616236162363,40.0,23.99,66.8,4562.81,past,0
2025-06-23 14:00:00,8943.874538745386,40.0,23.99,66.8,4411.69,past,0
2025-06-23 15:00:00,10136.39114391144,40.0,23.99,66.8,4286.950000000001,past,0
2025-06-23 16:00:00,12521.424354243543,40.0,23.99,66.8,4043.62,past,0
2025-06-23 17:00:00,15303.963099630995,40.0,23.99,66.8,3773.01,past,0
2025-06-23 18:00:00,16496.479704797053,40.0,23.99,66.8,3734.24,past,0
2025-06-23 19:00:00,14111.446494464944,40.0,23.99,66.8,4232.45,past,0
2025-06-23 20:00:00,11130.154981549817,40.0,23.99,66.8,4230.360000000001,past,0
2025-06-23 21:00:00,8745.12177121771,40.0,23.99,66.8,4024.41,past,0
2025-06-23 22:00:00,6360.08856088561,40.0,23.99,66.8,3911.93,past,0
2025-06-23 23:00:00,5366.324723247233,40.0,23.99,66.8,3727.34,past,0
2025-06-24 00:00:00,5884.6346863468625,43.0,24.455,65.9,3555.9500000000003,past,0
2025-06-24 01:00:00,4814.701107011069,43.0,24.455,65.9,3606.13,past,0
2025-06-24 02:00:00,4012.250922509224,43.0,24.455,65.9,3470.39,past,0
2025-06-24 03:00:00,4012.250922509224,43.0,24.455,65.9,3437.77,past,0
2025-06-24 04:00:00,5349.667896678967,43.0,24.455,65.9,3602.64,past,0
2025-06-24 05:00:00,8559.468634686347,43.0,24.455,65.9,3738.78,past,0
2025-06-24 06:00:00,13641.653136531364,43.0,24.455,65.9,4106.61,past,0
2025-06-24 07:00:00,17118.937269372695,43.0,24.455,65.9,5072.38,past,0
2025-06-24 08:00:00,18456.354243542435,43.0,24.455,65.9,5340.98,past,0
2025-06-24 09:00:00,14979.070110701105,43.0,24.455,65.9,5865.0,past,0
2025-06-24 10:00:00,12571.71955719557,43.0,24.455,65.9,6077.1,past,0
2025-06-24 11:00:00,11501.785977859778,43.0,24.455,65.9,6089.0,past,0
2025-06-24 12:00:00,10966.819188191885,43.0,24.455,65.9,5970.8,past,0
2025-06-24 13:00:00,11234.30258302583,43.0,24.455,65.9,5829.1,past,0
2025-06-24 14:00:00,12036.752767527672,43.0,24.455,65.9,5628.7,past,0
2025-06-24 15:00:00,13641.653136531364,43.0,24.455,65.9,5485.5,past,0
2025-06-24 16:00:00,16851.453874538744,43.0,24.455,65.9,5397.0,past,0
2025-06-24 17:00:00,20596.22140221402,43.0,24.455,65.9,5268.0,past,0
2025-06-24 18:00:00,22201.121771217713,43.0,24.455,65.9,5005.0,past,0
2025-06-24 19:00:00,18991.32103321033,43.0,24.455,65.9,5067.5,past,0
2025-06-24 20:00:00,14979.070110701105,43.0,24.455,65.9,4987.1,past,0
2025-06-24 21:00:00,11769.269372693723,43.0,24.455,65.9,4729.6,past,0
2025-06-24 22:00:00,8559.468634686347,43.0,24.455,65.9,4502.5,past,0
2025-06-24 23:00:00,7222.051660516605,43.0,24.455,65.9,4333.9,past,0
2025-06-25 00:00:00,5256.883763837637,45.0,24.345,63.6,4156.4,past,0
2025-06-25 01:00:00,4301.086715867158,45.0,24.345,63.6,4140.1,past,0
2025-06-25 02:00:00,3584.2389298892986,45.0,24.345,63.6,3990.1,past,0
2025-06-25 03:00:00,3584.2389298892986,45.0,24.345,63.6,3927.6,past,0
2025-06-25 04:00:00,4778.985239852398,45.0,24.345,63.6,3980.9,past,0
2025-06-25 05:00:00,7646.376383763837,45.0,24.345,63.6,4080.6,past,0
2025-06-25 06:00:00,12186.412361623614,45.0,24.345,63.6,4321.3,past,0
2025-06-25 07:00:00,15292.752767527674,45.0,24.345,63.6,5259.6,past,0
2025-06-25 08:00:00,16487.499077490775,45.0,24.345,63.6,5625.1,past,0
2025-06-25 09:00:00,13381.158671586714,45.0,24.345,63.6,5772.7,past,0
2025-06-25 10:00:00,11230.615313653136,45.0,24.345,63.6,6410.3,past,0
2025-06-25 11:00:00,10274.818265682656,45.0,24.345,63.6,6279.5,past,0
2025-06-25 12:00:00,9796.919741697417,45.0,24.345,63.6,6081.7,past,0
2025-06-25 13:00:00,10035.869003690035,45.0,24.345,63.6,5858.2,past,0
2025-06-25 14:00:00,10752.716789667897,45.0,24.345,63.6,5559.0,past,0
2025-06-25 15:00:00,12186.412361623614,45.0,24.345,63.6,5605.5,past,0
2025-06-25 16:00:00,15053.803505535054,45.0,24.345,63.6,5646.0,past,0
2025-06-25 17:00:00,18399.093173431735,45.0,24.345,63.6,5405.7,past,0
2025-06-25 18:00:00,19832.788745387457,45.0,24.345,63.6,4919.9,past,0
2025-06-25 19:00:00,16965.397601476012,45.0,24.345,63.6,5204.6,past,0
2025-06-25 20:00:00,13381.158671586714,45.0,24.345,63.6,5152.8,past,0
2025-06-25 21:00:00,10513.767527675274,45.0,24.345,63.6,4895.4,past,0
2025-06-25 22:00:00,7646.376383763837,45.0,24.345,63.6,4557.7,past,0
2025-06-25 23:00:00,6451.630073800738,45.0,24.345,63.6,4313.3,past,0
2025-06-26 00:00:00,6638.885608856087,42.0,23.935,66.1,4153.04,past,0
2025-06-26 01:00:00,5431.815498154981,42.0,23.935,66.1,4176.99,past,0
2025-06-26 02:00:00,4526.51291512915,42.0,23.935,66.1,4039.47,past,0
2025-06-26 03:00:00,4526.51291512915,42.0,23.935,66.1,3984.03,past,0
2025-06-26 04:00:00,6035.350553505535,42.0,23.935,66.1,3952.21,past,0
2025-06-26 05:00:00,9656.560885608857,42.0,23.935,66.1,4077.9,past,0
2025-06-26 06:00:00,15390.143911439112,42.0,23.935,66.1,4288.6,past,0
2025-06-26 07:00:00,19313.121771217713,42.0,23.935,66.1,5206.6,past,0
2025-06-26 08:00:00,20821.959409594096,42.0,23.935,66.1,5528.0,past,0
2025-06-26 09:00:00,16898.981549815497,42.0,23.935,66.1,5899.200000000001,past,0
2025-06-26 10:00:00,14183.073800738006,42.0,23.935,66.1,6269.1,past,0
2025-06-26 11:00:00,12976.0036900369,42.0,23.935,66.1,6026.4,past,0
2025-06-26 12:00:00,12372.468634686347,42.0,23.935,66.1,5874.5,past,0
2025-06-26 13:00:00,12674.236162361623,42.0,23.935,66.1,5751.1,past,0
2025-06-26 14:00:00,13579.538745387452,42.0,23.935,66.1,5629.8,past,0
2025-06-26 15:00:00,15390.143911439112,42.0,23.935,66.1,5775.1,past,0
2025-06-26 16:00:00,19011.354243542435,42.0,23.935,66.1,5786.1,past,0
2025-06-26 17:00:00,23236.09963099631,42.0,23.935,66.1,5519.8,past,0
2025-06-26 18:00:00,25046.704797047973,42.0,23.935,66.1,5081.3,past,0
2025-06-26 19:00:00,21425.494464944644,42.0,23.935,66.1,5191.8,past,0
2025-06-26 20:00:00,16898.981549815497,42.0,23.935,66.1,5036.200000000001,past,0
2025-06-26 21:00:00,13277.771217712174,42.0,23.935,66.1,4800.8,past,0
2025-06-26 22:00:00,9656.560885608857,42.0,23.935,66.1,4628.4,past,0
2025-06-26 23:00:00,8147.723247232472,42.0,23.935,66.1,4388.5,past,0
2025-06-27 00:00:00,5168.071955719556,43.0,23.31,69.4,4222.33,past,0
2025-06-27 01:00:00,4228.422509225092,43.0,23.31,69.4,4274.05,past,0
2025-06-27 02:00:00,3523.685424354243,43.0,23.31,69.4,4115.200000000001,past,0
2025-06-27 03:00:00,3523.685424354243,43.0,23.31,69.4,4044.97,past,0
2025-06-27 04:00:00,4698.247232472325,43.0,23.31,69.4,4098.11,past,0
2025-06-27 05:00:00,7517.195571955719,43.0,23.31,69.4,4102.18,past,0
2025-06-27 06:00:00,11980.530442804427,43.0,23.31,69.4,4515.21,past,0
2025-06-27 07:00:00,15034.391143911438,43.0,23.31,69.4,5272.82,past,0
2025-06-27 08:00:00,16208.95295202952,43.0,23.31,69.4,5742.99,past,0
2025-06-27 09:00:00,13155.092250922507,43.0,23.31,69.4,5908.62,past,0
2025-06-27 10:00:00,11040.88099630996,43.0,23.31,69.4,6385.67,past,0
2025-06-27 11:00:00,10101.231549815497,43.0,23.31,69.4,6213.33,past,0
2025-06-27 12:00:00,9631.406826568264,43.0,23.31,69.4,5990.94,past,0
2025-06-27 13:00:00,9866.319188191885,43.0,23.31,69.4,5857.889999999999,past,0
2025-06-27 14:00:00,10571.056273062728,43.0,23.31,69.4,5668.12,past,0
2025-06-27 15:00:00,11980.530442804427,43.0,23.31,69.4,5641.24,past,0
2025-06-27 16:00:00,14799.478782287822,43.0,23.31,69.4,5624.9,past,0
2025-06-27 17:00:00,18088.25184501845,43.0,23.31,69.4,5350.08,past,0
2025-06-27 18:00:00,19497.72601476015,43.0,23.31,69.4,5166.889999999999,past,0
2025-06-27 19:00:00,16678.77767527675,43.0,23.31,69.4,5294.67,past,0
2025-06-27 20:00:00,13155.092250922507,43.0,23.31,69.4,5120.0,past,0
2025-06-27 21:00:00,10336.143911439112,43.0,23.31,69.4,4837.57,past,0
2025-06-27 22:00:00,7517.195571955719,43.0,23.31,69.4,4610.92,past,0
2025-06-27 23:00:00,6342.633763837638,43.0,23.31,69.4,4385.06,past,0
2025-06-28 00:00:00,4656.044280442803,48.0,24.215,68.7,4240.860000000001,past,0
2025-06-28 01:00:00,3809.490774907748,48.0,24.215,68.7,4326.96,past,0
2025-06-28 02:00:00,3174.575645756457,48.0,24.215,68.7,4166.82,past,0
2025-06-28 03:00:00,3174.575645756457,48.0,24.215,68.7,3893.54,past,0
2025-06-28 04:00:00,4232.767527675277,48.0,24.215,68.7,4157.28,past,0
2025-06-28 05:00:00,6772.428044280443,48.0,24.215,68.7,4146.64,past,0
2025-06-28 06:00:00,10793.557195571955,48.0,24.215,68.7,4511.61,past,0
2025-06-28 07:00:00,13544.856088560886,48.0,24.215,68.7,5422.459999999999,past,0
2025-06-28 08:00:00,14603.047970479704,48.0,24.215,68.7,5885.73,past,0
2025-06-28 09:00:00,11851.749077490773,48.0,24.215,68.7,6544.59,past,0
2025-06-28 10:00:00,9947.0036900369,48.0,24.215,68.7,6728.91,past,0
2025-06-28 11:00:00,9100.450184501844,48.0,24.215,68.7,6563.52,past,0
2025-06-28 12:00:00,8677.173431734318,48.0,24.215,68.7,6434.41,past,0
2025-06-28 13:00:00,8888.811808118082,48.0,24.215,68.7,6102.96,past,0
2025-06-28 14:00:00,9523.726937269372,48.0,24.215,68.7,5902.63,past,0
2025-06-28 15:00:00,10793.557195571955,48.0,24.215,68.7,5883.29,past,0
2025-06-28 16:00:00,13333.217712177122,48.0,24.215,68.7,5950.11,past,0
2025-06-28 17:00:00,16296.154981549817,48.0,24.215,68.7,5736.74,past,0
2025-06-28 18:00:00,17565.985239852398,48.0,24.215,68.7,5230.76,past,0
2025-06-28 19:00:00,15026.32472324723,48.0,24.215,68.7,5256.0599999999995,past,0
2025-06-28 20:00:00,11851.749077490773,48.0,24.215,68.7,5161.8099999999995,past,0
2025-06-28 21:00:00,9312.088560885606,48.0,24.215,68.7,4923.5599999999995,past,0
2025-06-28 22:00:00,6772.428044280443,48.0,24.215,68.7,4696.45,past,0
2025-06-28 23:00:00,5714.236162361623,48.0,24.215,68.7,4534.24,past,0
2025-06-29 00:00:00,6458.339483394832,44.0,24.74,68.1,4334.1,past,0
2025-06-29 01:00:00,5284.095940959409,44.0,24.74,68.1,4428.540000000001,past,0
2025-06-29 02:00:00,4403.413284132841,44.0,24.74,68.1,4219.95,past,0
2025-06-29 03:00:00,4403.413284132841,44.0,24.74,68.1,4269.57,past,0
2025-06-29 04:00:00,5871.217712177122,44.0,24.74,68.1,4270.64,past,0
2025-06-29 05:00:00,9393.948339483395,44.0,24.74,68.1,4146.68,past,0
2025-06-29 06:00:00,14971.60516605166,44.0,24.74,68.1,4373.85,past,0
2025-06-29 07:00:00,18787.89667896679,44.0,24.74,68.1,5145.6,past,0
2025-06-29 08:00:00,20255.701107011075,44.0,24.74,68.1,5411.360000000001,past,0
2025-06-29 09:00:00,16439.409594095938,44.0,24.74,68.1,6202.15,past,0
2025-06-29 10:00:00,13797.361623616236,44.0,24.74,68.1,6463.76,past,0
2025-06-29 11:00:00,12623.118081180814,44.0,24.74,68.1,6406.66,past,0
2025-06-29 12:00:00,12035.996309963102,44.0,24.74,68.1,6262.12,past,0
2025-06-29 13:00:00,12329.55719557196,44.0,24.74,68.1,5964.2300000000005,past,0
2025-06-29 14:00:00,13210.23985239852,44.0,24.74,68.1,5825.780000000001,past,0
2025-06-29 15:00:00,14971.60516605166,44.0,24.74,68.1,5836.780000000001,past,0
2025-06-29 16:00:00,18494.335793357935,44.0,24.74,68.1,5807.620000000001,past,0
2025-06-29 17:00:00,22604.188191881916,44.0,24.74,68.1,5341.8099999999995,past,0
2025-06-29 18:00:00,24365.55350553506,44.0,24.74,68.1,4828.490000000001,past,0
2025-06-29 19:00:00,20842.822878228777,44.0,24.74,68.1,5121.2,past,0
2025-06-29 20:00:00,16439.409594095938,44.0,24.74,68.1,5018.69,past,0
2025-06-29 21:00:00,12916.678966789665,44.0,24.74,68.1,4788.37,past,0
2025-06-29 22:00:00,9393.948339483395,44.0,24.74,68.1,4601.46,past,0
2025-06-29 23:00:00,7926.143911439115,44.0,24.74,68.1,4473.81,past,0
2025-06-30 00:00:00,6663.239852398523,43.0,23.86,69.0,4441.72,past,0
2025-06-30 01:00:00,5451.741697416973,43.0,23.86,69.0,4484.52,past,0
2025-06-30 02:00:00,4543.118081180812,43.0,23.86,69.0,4396.349999999999,past,0
2025-06-30 03:00:00,4543.118081180812,43.0,23.86,69.0,4318.47,past,0
2025-06-30 04:00:00,6057.490774907749,43.0,23.86,69.0,4306.84,past,0
2025-06-30 05:00:00,9691.9852398524,43.0,23.86,69.0,4326.16,past,0
2025-06-30 06:00:00,15446.60147601476,43.0,23.86,69.0,4334.64,past,0
2025-06-30 07:00:00,19383.9704797048,43.0,23.86,69.0,4504.84,past,0
2025-06-30 08:00:00,20898.34317343174,43.0,23.86,69.0,4883.51,past,0
2025-06-30 09:00:00,16960.974169741694,43.0,23.86,69.0,5715.77,past,0
2025-06-30 10:00:00,14235.103321033212,43.0,23.86,69.0,5680.289999999999,past,0
2025-06-30 11:00:00,13023.605166051662,43.0,23.86,69.0,5531.38,past,0
2025-06-30 12:00:00,12417.856088560888,43.0,23.86,69.0,5287.84,past,0
2025-06-30 13:00:00,12720.730627306277,43.0,23.86,69.0,5115.1,past,0
2025-06-30 14:00:00,13629.354243542432,43.0,23.86,69.0,4918.799999999999,past,0
2025-06-30 15:00:00,15446.60147601476,43.0,23.86,69.0,4562.57,past,0
2025-06-30 16:00:00,19081.09594095941,43.0,23.86,69.0,4337.280000000001,past,0
2025-06-30 17:00:00,23321.339483394833,43.0,23.86,69.0,4129.84,past,0
2025-06-30 18:00:00,25138.586715867164,43.0,23.86,69.0,3846.2,past,0
2025-06-30 19:00:00,21504.092250922506,43.0,23.86,69.0,4245.59,past,0
2025-06-30 20:00:00,16960.974169741694,43.0,23.86,69.0,4330.33,past,0
2025-06-30 21:00:00,13326.479704797046,43.0,23.86,69.0,4182.26,past,0
2025-06-30 22:00:00,9691.9852398524,43.0,23.86,69.0,4153.71,past,0
2025-06-30 23:00:00,8177.612546125462,43.0,23.86,69.0,3984.49,past,0
2025-07-01 00:00:00,7094.81734317343,43.002684563758386,23.5,69.00644295302014,3908.1,past,0
2025-07-01 01:00:00,5804.850553505534,43.00536912751678,23.5,69.01288590604027,3958.4,past,0
2025-07-01 02:00:00,4837.375461254612,43.008053691275165,23.5,69.01932885906041,3812.2,past,0
2025-07-01 03:00:00,4837.375461254612,43.01073825503356,23.5,69.02577181208054,3792.5,past,0
2025-07-01 04:00:00,6449.833948339483,43.013422818791945,23.5,69.03221476510068,3760.9,past,0
2025-07-01 05:00:00,10319.734317343173,43.01610738255034,23.5,69.0386577181208,4011.2,past,0
2025-07-01 06:00:00,16447.076568265682,43.01879194630872,23.5,69.04510067114094,4229.5,past,0
2025-07-01 07:00:00,20639.468634686345,43.02147651006712,23.5,69.05154362416107,5161.400000000001,past,0
2025-07-01 08:00:00,22251.927121771216,43.0241610738255,23.5,69.05798657718121,5610.900000000001,past,0
2025-07-01 09:00:00,18059.535055350552,43.02684563758389,23.5,69.06442953020134,6447.299999999999,past,0
2025-07-01 10:00:00,15157.109778597784,43.02953020134228,23.5,69.07087248322148,6585.0,past,0
2025-07-01 11:00:00,13867.142988929889,43.03221476510067,23.5,69.0773154362416,6539.4,past,0
2025-07-01 12:00:00,13222.15959409594,43.03489932885906,23.5,69.08375838926175,6357.5,past,0
2025-07-01 13:00:00,13544.651291512915,43.03758389261745,23.5,69.09020134228187,6008.9,past,0
2025-07-01 14:00:00,14512.126383763834,43.04026845637584,23.5,69.09664429530201,5851.8,past,0
2025-07-01 15:00:00,16447.076568265682,43.04295302013423,23.5,69.10308724832215,5845.9,past,0
2025-07-01 16:00:00,20316.97693726937,43.04563758389262,23.5,69.10953020134228,5763.4,past,0
2025-07-01 17:00:00,24831.86070110701,43.04832214765101,23.5,69.11597315436242,5398.6,past,0
2025-07-01 18:00:00,26766.81088560886,43.05100671140939,23.5,69.12241610738255,5075.5,past,0
2025-07-01 19:00:00,22896.910516605163,43.053691275167786,23.5,69.12885906040269,5078.4,past,0
2025-07-01 20:00:00,18059.535055350552,43.05637583892617,23.5,69.13530201342282,4867.1,past,0
2025-07-01 21:00:00,14189.63468634686,43.059060402684565,23.5,69.14174496644296,4687.2,past,0
2025-07-01 22:00:00,10319.734317343173,43.06174496644295,23.5,69.14818791946308,4510.4,past,0
2025-07-01 23:00:00,8707.275830258302,43.064429530201345,23.5,69.15463087248322,4270.5,past,0
2025-07-02 00:00:00,5793.4686346863455,43.06711409395973,24.5,69.16107382550335,4084.83,past,0
2025-07-02 01:00:00,4740.11070110701,43.06979865771813,24.5,69.16751677852349,4139.280000000001,past,0
2025-07-02 02:00:00,3950.092250922509,43.07248322147651,24.5,69.17395973154362,3984.11,past,0
2025-07-02 03:00:00,3950.092250922509,43.075167785234896,24.5,69.18040268456376,3977.0,past,0
2025-07-02 04:00:00,5266.789667896679,43.07785234899329,24.5,69.18684563758389,3921.14,past,0
2025-07-02 05:00:00,8426.863468634687,43.08053691275168,24.5,69.19328859060403,3955.72,past,0
2025-07-02 06:00:00,13430.313653136527,43.08322147651007,24.5,69.19973154362417,4341.94,past,0
2025-07-02 07:00:00,16853.726937269374,43.085906040268455,24.5,69.2061744966443,5414.2300000000005,past,0
2025-07-02 08:00:00,18170.424354243543,43.08859060402685,24.5,69.21261744966444,5573.45,past,0
2025-07-02 09:00:00,14747.0110701107,43.091275167785234,24.5,69.21906040268456,5907.299999999999,past,0
2025-07-02 10:00:00,12376.955719557194,43.09395973154363,24.5,69.2255033557047,6382.6,past,0
2025-07-02 11:00:00,11323.59778597786,43.09664429530201,24.5,69.23194630872483,6325.34,past,0
2025-07-02 12:00:00,10796.918819188191,43.0993288590604,24.5,69.23838926174497,6231.65,past,0
2025-07-02 13:00:00,11060.258302583026,43.10201342281879,24.5,69.2448322147651,5987.14,past,0
2025-07-02 14:00:00,11850.276752767526,43.10469798657718,24.5,69.25127516778524,5779.33,past,0
2025-07-02 15:00:00,13430.313653136527,43.10738255033557,24.5,69.25771812080536,5720.22,past,0
2025-07-02 16:00:00,16590.387453874537,43.11006711409396,24.5,69.2641610738255,5747.46,past,0
2025-07-02 17:00:00,20277.140221402213,43.11275167785235,24.5,69.27060402684563,5502.42,past,0
2025-07-02 18:00:00,21857.17712177122,43.11543624161074,24.5,69.27704697986577,5112.12,past,0
2025-07-02 19:00:00,18697.10332103321,43.11812080536913,24.5,69.2834899328859,5244.33,past,0
2025-07-02 20:00:00,14747.0110701107,43.12080536912752,24.5,69.28993288590604,5105.77,past,0
2025-07-02 21:00:00,11586.937269372693,43.1234899328859,24.5,69.29637583892618,4879.64,past,0
2025-07-02 22:00:00,8426.863468634687,43.126174496644296,24.5,69.30281879194631,4788.360000000001,past,0
2025-07-02 23:00:00,7110.166051660516,43.12885906040268,24.5,69.30926174496645,4558.66,past,0
2025-07-03 00:00:00,5355.274907749076,43.131543624161075,24.3,69.31570469798658,4370.67,past,0
2025-07-03 01:00:00,4381.588560885608,43.13422818791946,24.3,69.32214765100672,4428.94,past,0
2025-07-03 02:00:00,3651.323800738007,43.136912751677855,24.3,69.32859060402684,4393.29,past,0
2025-07-03 03:00:00,3651.323800738007,43.13959731543624,24.3,69.33503355704698,4361.8,past,0
2025-07-03 04:00:00,4868.431734317343,43.142281879194634,24.3,69.34147651006711,4287.25,past,0
2025-07-03 05:00:00,7789.490774907749,43.14496644295302,24.3,69.34791946308725,4362.37,past,0
2025-07-03 06:00:00,12414.500922509224,43.147651006711406,24.3,69.35436241610738,4496.849999999999,past,0
2025-07-03 07:00:00,15578.9815498155,43.1503355704698,24.3,69.36080536912752,5415.8,past,0
2025-07-03 08:00:00,16796.089483394833,43.153020134228186,24.3,69.36724832214765,5727.39,past,0
2025-07-03 09:00:00,13631.60885608856,43.15570469798658,24.3,69.37369127516779,6369.049999999999,past,0
2025-07-03 10:00:00,11440.814575645756,43.158389261744965,24.3,69.38013422818791,6661.96,past,0
2025-07-03 11:00:00,10467.128228782289,43.16107382550336,24.3,69.38657718120805,6545.4,past,0
2025-07-03 12:00:00,9980.285055350554,43.163758389261744,24.3,69.3930201342282,6526.41,past,0
2025-07-03 13:00:00,10223.70664206642,43.16644295302014,24.3,69.39946308724832,6210.11,past,0
2025-07-03 14:00:00,10953.97140221402,43.16912751677853,24.3,69.40590604026846,6103.23,past,0
2025-07-03 15:00:00,12414.500922509224,43.17181208053691,24.3,69.41234899328859,5894.15,past,0
2025-07-03 16:00:00,15335.55996309963,43.1744966442953,24.3,69.41879194630873,5744.099999999999,past,0
2025-07-03 17:00:00,18743.46217712177,43.17718120805369,24.3,69.42523489932886,5218.33,past,0
2025-07-03 18:00:00,20203.991697416976,43.17986577181208,24.3,69.431677852349,4795.14,past,0
2025-07-03 19:00:00,17282.932656826564,43.18255033557047,24.3,69.43812080536912,4972.99,past,0
2025-07-03 20:00:00,13631.60885608856,43.18523489932886,24.3,69.44456375838926,4876.96,past,0
2025-07-03 21:00:00,10710.549815498152,43.18791946308725,24.3,69.45100671140939,4705.18,past,0
2025-07-03 22:00:00,7789.490774907749,43.19060402684564,24.3,69.45744966442953,4509.02,past,0
2025-07-03 23:00:00,6572.382841328413,43.19328859060403,24.3,69.46389261744966,4319.98,past,0
2025-07-04 00:00:00,3658.047970479704,43.19597315436241,24.3,69.4703355704698,4048.74,past,0
2025-07-04 01:00:00,2992.948339483394,43.198657718120806,24.3,69.47677852348993,4135.38,past,0
2025-07-04 02:00:00,2494.123616236162,43.20134228187919,24.3,69.48322147651007,4040.56,past,0
2025-07-04 03:00:00,2494.123616236162,43.204026845637586,24.3,69.4896644295302,3831.12,past,0
2025-07-04 04:00:00,3325.4981549815498,43.20671140939597,24.3,69.49610738255033,3955.11,past,0
2025-07-04 05:00:00,5320.79704797048,43.209395973154365,24.3,69.50255033557048,3969.55,past,0
2025-07-04 06:00:00,8480.02029520295,43.21208053691275,24.3,69.5089932885906,4282.9,past,0
2025-07-04 07:00:00,10641.59409594096,43.214765100671144,24.3,69.51543624161074,5306.29,past,0
2025-07-04 08:00:00,11472.968634686347,43.21744966442953,24.3,69.52187919463087,5344.83,past,0
2025-07-04 09:00:00,9311.394833948338,43.22013422818792,24.3,69.52832214765101,5842.01,past,0
2025-07-04 10:00:00,7814.920664206641,43.22281879194631,24.3,69.53476510067114,6039.96,past,0
2025-07-04 11:00:00,7149.821033210332,43.225503355704696,24.3,69.54120805369128,5853.19,past,0
2025-07-04 12:00:00,6817.2712177121775,43.22818791946309,24.3,69.5476510067114,6009.709999999999,past,0
2025-07-04 13:00:00,6983.546125461255,43.230872483221475,24.3,69.55409395973155,5774.03,past,0
2025-07-04 14:00:00,7482.370848708486,43.23355704697987,24.3,69.56053691275167,5747.820000000001,past,0
2025-07-04 15:00:00,8480.02029520295,43.236241610738254,24.3,69.56697986577181,5751.81,past,0
2025-07-04 16:00:00,10475.31918819188,43.23892617449665,24.3,69.57342281879194,5580.990000000001,past,0
2025-07-04 17:00:00,12803.167896678966,43.241610738255034,24.3,69.57986577181208,5257.05,past,0
2025-07-04 18:00:00,13800.817343173432,43.24429530201342,24.3,69.58630872483221,5106.97,past,0
2025-07-04 19:00:00,11805.5184501845,43.24697986577181,24.3,69.59275167785235,5144.4,past,0
2025-07-04 20:00:00,9311.394833948338,43.2496644295302,24.3,69.59919463087249,5056.56,past,0
2025-07-04 21:00:00,7316.095940959408,43.25234899328859,24.3,69.60563758389262,4862.79,past,0
2025-07-04 22:00:00,5320.79704797048,43.25503355704698,24.3,69.61208053691276,4673.43,past,0
2025-07-04 23:00:00,4489.422509225092,43.25771812080537,24.3,69.61852348993288,4394.9,past,0
2025-07-05 00:00:00,5086.850553505534,43.26040268456376,24.4,69.62496644295302,4214.8,past,0
2025-07-05 01:00:00,4161.968634686346,43.26308724832215,24.4,69.63140939597315,4272.6,past,0
2025-07-05 02:00:00,3468.307195571955,43.26577181208054,24.4,69.63785234899329,4046.4,past,0
2025-07-05 03:00:00,3468.307195571955,43.26845637583892,24.4,69.64429530201342,3943.9,past,0
2025-07-05 04:00:00,4624.4095940959405,43.27114093959731,24.4,69.65073825503356,4129.2,past,0
2025-07-05 05:00:00,7399.055350553505,43.2738255033557,24.4,69.65718120805369,4143.5,past,0
2025-07-05 06:00:00,11792.244464944648,43.276510067114096,24.4,69.66362416107383,4558.3,past,0
2025-07-05 07:00:00,14798.11070110701,43.27919463087248,24.4,69.67006711409395,5479.2,past,0
2025-07-05 08:00:00,15954.213099630995,43.281879194630875,24.4,69.6765100671141,5667.5,past,0
2025-07-05 09:00:00,12948.346863468632,43.28456375838926,24.4,69.68295302013422,6458.3,past,0
2025-07-05 10:00:00,10867.36254612546,43.287248322147654,24.4,69.68939597315436,6651.7,past,0
2025-07-05 11:00:00,9942.480627306271,43.28993288590604,24.4,69.6958389261745,6709.700000000001,past,0
2025-07-05 12:00:00,9480.03966789668,43.29261744966443,24.4,69.70228187919463,6408.3,past,0
2025-07-05 13:00:00,9711.260147601475,43.29530201342282,24.4,69.70872483221477,6145.1,past,0
2025-07-05 14:00:00,10404.921586715864,43.297986577181206,24.4,69.7151677852349,5986.2,past,0
2025-07-05 15:00:00,11792.244464944648,43.3006711409396,24.4,69.72161073825504,5784.2,past,0
2025-07-05 16:00:00,14566.890221402213,43.303355704697985,24.4,69.72805369127516,5680.9,past,0
2025-07-05 17:00:00,17803.97693726937,43.30604026845638,24.4,69.7344966442953,5315.8,past,0
2025-07-05 18:00:00,19191.29981549815,43.30872483221477,24.4,69.74093959731543,5002.1,past,0
2025-07-05 19:00:00,16416.654059040586,43.31140939597316,24.4,69.74738255033557,5154.8,past,0
2025-07-05 20:00:00,12948.346863468632,43.314093959731544,24.4,69.7538255033557,4953.4,past,0
2025-07-05 21:00:00,10173.701107011068,43.31677852348993,24.4,69.76026845637584,4717.7,past,0
2025-07-05 22:00:00,7399.055350553505,43.31946308724832,24.4,69.76671140939597,4576.0,past,0
2025-07-05 23:00:00,6242.95295202952,43.32214765100671,24.4,69.77315436241611,4307.8,past,0
2025-07-06 00:00:00,5389.5332103321025,43.3248322147651,24.0,69.77959731543623,4103.2,past,0
2025-07-06 01:00:00,4409.618081180811,43.32751677852349,24.0,69.78604026845638,4125.29,past,0
2025-07-06 02:00:00,3674.681734317343,43.33020134228188,24.0,69.79248322147652,3982.95,past,0
2025-07-06 03:00:00,3674.681734317343,43.33288590604027,24.0,69.79892617449664,3947.84,past,0
2025-07-06 04:00:00,4899.575645756458,43.33557046979866,24.0,69.80536912751678,3998.37,past,0
2025-07-06 05:00:00,7839.321033210333,43.33825503355705,24.0,69.81181208053691,4016.1,past,0
2025-07-06 06:00:00,12493.917896678968,43.34093959731543,24.0,69.81825503355705,4169.93,past,0
2025-07-06 07:00:00,15678.642066420663,43.343624161073826,24.0,69.82469798657718,4672.58,past,0
2025-07-06 08:00:00,16903.53597785978,43.34630872483221,24.0,69.83114093959732,5001.629999999999,past,0
2025-07-06 09:00:00,13718.81180811808,43.348993288590606,24.0,69.83758389261745,5529.679999999999,past,0
2025-07-06 10:00:00,11514.002767527676,43.35167785234899,24.0,69.84402684563759,5966.28,past,0
2025-07-06 11:00:00,10534.087638376384,43.354362416107385,24.0,69.85046979865771,5949.28,past,0
2025-07-06 12:00:00,10044.13007380074,43.35704697986577,24.0,69.85691275167785,5919.52,past,0
2025-07-06 13:00:00,10289.108856088564,43.35973154362416,24.0,69.86335570469798,5565.38,past,0
2025-07-06 14:00:00,11024.045202952027,43.36241610738255,24.0,69.86979865771812,5480.92,past,0
2025-07-06 15:00:00,12493.917896678968,43.36510067114094,24.0,69.87624161073825,5319.780000000001,past,0
2025-07-06 16:00:00,15433.663284132845,43.36778523489933,24.0,69.88268456375839,5370.01,past,0
2025-07-06 17:00:00,18863.36623616236,43.37046979865771,24.0,69.88912751677853,4645.95,past,0
2025-07-06 18:00:00,20333.238929889303,43.37315436241611,24.0,69.89557046979866,4834.2300000000005,past,0
2025-07-06 19:00:00,17393.493542435423,43.375838926174495,24.0,69.9020134228188,4769.42,past,0
2025-07-06 20:00:00,13718.81180811808,43.37852348993289,24.0,69.90845637583892,4705.67,past,0
2025-07-06 21:00:00,10779.066420664203,43.381208053691275,24.0,69.91489932885906,4543.4800000000005,past,0
2025-07-06 22:00:00,7839.321033210333,43.38389261744967,24.0,69.92134228187919,4333.79,past,0
2025-07-06 23:00:00,6614.4271217712185,43.386577181208054,24.0,69.92778523489933,4181.35,past,0
2025-07-07 00:00:00,4461.230627306272,43.38926174496644,23.5,69.93422818791946,3932.97,past,0
2025-07-07 01:00:00,3650.097785977859,43.39194630872483,23.5,69.9406711409396,3996.79,past,0
2025-07-07 02:00:00,3041.7481549815498,43.39463087248322,23.5,69.94711409395973,3900.31,past,0
2025-07-07 03:00:00,3041.7481549815498,43.39731543624161,23.5,69.95355704697987,3924.83,past,0
2025-07-07 04:00:00,4055.6642066420663,43.4,23.5,69.96,3915.77,past,0
2025-07-07 05:00:00,6489.062730627307,43.40268456375839,23.5,69.96644295302013,3967.15,past,0
2025-07-07 06:00:00,10341.94372693727,43.40536912751678,23.5,69.97288590604026,3900.88,past,0
2025-07-07 07:00:00,12978.125461254614,43.40805369127517,23.5,69.9793288590604,4135.49,past,0
2025-07-07 08:00:00,13992.041512915132,43.41073825503356,23.5,69.98577181208054,4537.04,past,0
2025-07-07 09:00:00,11355.859778597784,43.41342281879194,23.5,69.99221476510067,4948.56,past,0
2025-07-07 10:00:00,9530.810885608857,43.41610738255034,23.5,69.99865771812081,5420.26,past,0
2025-07-07 11:00:00,8719.678044280443,43.41879194630872,23.5,70.00510067114094,5327.01,past,0
2025-07-07 12:00:00,8314.111623616238,43.42147651006712,23.5,70.01154362416108,5319.81,past,0
2025-07-07 13:00:00,8516.894833948341,43.4241610738255,23.5,70.0179865771812,5225.320000000001,past,0
2025-07-07 14:00:00,9125.244464944648,43.426845637583895,23.5,70.02442953020135,5064.530000000001,past,0
2025-07-07 15:00:00,10341.94372693727,43.42953020134228,23.5,70.03087248322147,4749.160000000001,past,0
2025-07-07 16:00:00,12775.34225092251,43.432214765100674,23.5,70.03731543624161,4493.21,past,0
2025-07-07 17:00:00,15614.307195571955,43.43489932885906,23.5,70.04375838926174,3935.37,past,0
2025-07-07 18:00:00,16831.00645756458,43.43758389261745,23.5,70.05020134228188,3815.46,past,0
2025-07-07 19:00:00,14397.607933579333,43.44026845637584,23.5,70.05664429530201,4191.48,past,0
2025-07-07 20:00:00,11355.859778597784,43.442953020134226,23.5,70.06308724832215,4095.29,past,0
2025-07-07 21:00:00,8922.461254612545,43.44563758389262,23.5,70.06953020134227,4036.69,past,0
2025-07-07 22:00:00,6489.062730627307,43.448322147651005,23.5,70.07597315436242,3871.329999999999,past,0
2025-07-07 23:00:00,5475.14667896679,43.4510067114094,23.5,70.08241610738256,3722.14,past,0
2025-07-08 00:00:00,7729.042435424352,43.453691275167785,22.7,70.08885906040268,3623.4,past,0
2025-07-08 01:00:00,6323.761992619925,43.45637583892618,22.7,70.09530201342282,3779.6,past,0
2025-07-08 02:00:00,5269.801660516605,43.45906040268456,22.7,70.10174496644295,3668.6,past,0
2025-07-08 03:00:00,5269.801660516605,43.46174496644295,22.7,70.10818791946309,3539.5,past,0
2025-07-08 04:00:00,7026.4022140221405,43.46442953020134,22.7,70.11463087248322,3601.7,past,0
2025-07-08 05:00:00,11242.243542435424,43.46711409395973,22.7,70.12107382550336,3792.9,past,0
2025-07-08 06:00:00,17917.325645756457,43.46979865771812,22.7,70.12751677852349,4071.0,past,0
2025-07-08 07:00:00,22484.48708487085,43.47248322147651,22.7,70.13395973154363,5095.2,past,0
2025-07-08 08:00:00,24241.087638376383,43.4751677852349,22.7,70.14040268456375,5532.5,past,0
2025-07-08 09:00:00,19673.92619926199,43.47785234899329,22.7,70.1468456375839,5973.7,past,0
2025-07-08 10:00:00,16512.045202952027,43.48053691275168,22.7,70.15328859060402,6358.2,past,0
2025-07-08 11:00:00,15106.7647601476,43.48322147651007,22.7,70.15973154362416,6309.5,past,0
2025-07-08 12:00:00,14404.124538745387,43.48590604026845,22.7,70.16617449664429,6117.3,past,0
2025-07-08 13:00:00,14755.444649446496,43.48859060402685,22.7,70.17261744966443,6110.5,past,0
2025-07-08 14:00:00,15809.404981549813,43.49127516778523,22.7,70.17906040268457,5615.7,past,0
2025-07-08 15:00:00,17917.325645756457,43.493959731543626,22.7,70.1855033557047,5615.4,past,0
2025-07-08 16:00:00,22133.16697416974,43.49664429530201,22.7,70.19194630872484,5449.0,past,0
2025-07-08 17:00:00,27051.648523985237,43.499328859060405,22.7,70.19838926174496,5019.799999999999,past,0
2025-07-08 18:00:00,27550.059040590397,43.50201342281879,22.7,70.2048322147651,4618.0,past,0
2025-07-08 19:00:00,24943.72785977859,43.504697986577185,22.7,70.21127516778523,4737.8,past,0
2025-07-08 20:00:00,19673.92619926199,43.50738255033557,22.7,70.21771812080537,4683.1,past,0
2025-07-08 21:00:00,15458.084870848705,43.51006711409396,22.7,70.2241610738255,4550.0,past,0
2025-07-08 22:00:00,11242.243542435424,43.51275167785235,22.7,70.23060402684564,4241.0,past,0
2025-07-08 23:00:00,9485.642988929889,43.515436241610736,22.7,70.23704697986577,3983.5,past,0
2025-07-09 00:00:00,6088.763837638375,43.51812080536913,22.8,70.24348993288591,3780.46,past,0
2025-07-09 01:00:00,4981.71586715867,43.520805369127515,22.8,70.24993288590603,3834.66,past,0
2025-07-09 02:00:00,4151.429889298893,43.52348993288591,22.8,70.25637583892617,3676.84,past,0
2025-07-09 03:00:00,4151.429889298893,43.526174496644295,22.8,70.2628187919463,3640.46,past,0
2025-07-09 04:00:00,5535.239852398524,43.52885906040269,22.8,70.26926174496644,3712.42,past,0
2025-07-09 05:00:00,8856.383763837639,43.531543624161074,22.8,70.27570469798658,3799.98,past,0
2025-07-09 06:00:00,14114.861623616234,43.53422818791946,22.8,70.28214765100671,4188.9400000000005,past,0
2025-07-09 07:00:00,17712.767527675278,43.53691275167785,22.8,70.28859060402685,5138.88,past,0
2025-07-09 08:00:00,19096.577490774907,43.53959731543624,22.8,70.29503355704698,5554.73,past,0
2025-07-09 09:00:00,15498.671586715864,43.54228187919463,22.8,70.30147651006712,5762.6900000000005,past,0
2025-07-09 10:00:00,13007.81365313653,43.54496644295302,22.8,70.30791946308725,6029.9,past,0
2025-07-09 11:00:00,11900.765682656824,43.54765100671141,22.8,70.31436241610739,5998.61,past,0
2025-07-09 12:00:00,11347.241697416974,43.5503355704698,22.8,70.32080536912751,5880.16,past,0
2025-07-09 13:00:00,11624.0036900369,43.55302013422819,22.8,70.32724832214765,5674.43,past,0
2025-07-09 14:00:00,12454.289667896675,43.55570469798658,22.8,70.33369127516778,5415.52,past,0
2025-07-09 15:00:00,14114.861623616234,43.55838926174496,22.8,70.34013422818792,5554.02,past,0
2025-07-09 16:00:00,17436.00553505535,43.56107382550336,22.8,70.34657718120805,5289.29,past,0
2025-07-09 17:00:00,21310.67343173431,43.56375838926174,22.8,70.35302013422819,5192.139999999999,past,0
2025-07-09 18:00:00,22971.245387453877,43.566442953020136,22.8,70.35946308724832,4826.59,past,0
2025-07-09 19:00:00,19650.101476014755,43.56912751677852,22.8,70.36590604026846,5036.58,past,0
2025-07-09 20:00:00,15498.671586715864,43.571812080536915,22.8,70.3723489932886,4956.61,past,0
2025-07-09 21:00:00,12177.52767527675,43.5744966442953,22.8,70.37879194630872,4713.389999999999,past,0
2025-07-09 22:00:00,8856.383763837639,43.577181208053695,22.8,70.38523489932886,4492.64,past,0
2025-07-09 23:00:00,7472.573800738007,43.57986577181208,22.8,70.39167785234899,4270.13,past,0
2025-07-10 00:00:00,6508.854243542434,43.58255033557047,24.3,70.39812080536913,3995.2,past,0
2025-07-10 01:00:00,5325.426199261991,43.58523489932886,24.3,70.40456375838926,4056.83,past,0
2025-07-10 02:00:00,4437.85516605166,43.587919463087246,24.3,70.4110067114094,3858.83,past,0
2025-07-10 03:00:00,4437.85516605166,43.59060402684564,24.3,70.41744966442953,3824.24,past,0
2025-07-10 04:00:00,5917.140221402214,43.593288590604026,24.3,70.42389261744967,3820.1,past,0
2025-07-10 05:00:00,9467.424354243542,43.59597315436242,24.3,70.4303355704698,3991.22,past,0
2025-07-10 06:00:00,15088.707564575643,43.598657718120805,24.3,70.43677852348993,4491.18,past,0
2025-07-10 07:00:00,18934.848708487083,43.6013422818792,24.3,70.44322147651006,5303.34,past,0
2025-07-10 08:00:00,20414.13376383764,43.604026845637584,24.3,70.4496644295302,5523.8099999999995,past,0
2025-07-10 09:00:00,16567.992619926197,43.60671140939597,24.3,70.45610738255033,5835.64,past,0
2025-07-10 10:00:00,13905.279520295202,43.60939597315436,24.3,70.46255033557047,6377.829999999999,past,0
2025-07-10 11:00:00,12721.85147601476,43.61208053691275,24.3,70.4689932885906,6407.400000000001,past,0
2025-07-10 12:00:00,12130.13745387454,43.61476510067114,24.3,70.47543624161074,6243.43,past,0
2025-07-10 13:00:00,12425.99446494465,43.61744966442953,24.3,70.48187919463088,6127.84,past,0
2025-07-10 14:00:00,13313.56549815498,43.62013422818792,24.3,70.488322147651,6056.9,past,0
2025-07-10 15:00:00,15088.707564575643,43.62281879194631,24.3,70.49476510067115,5977.32,past,0
2025-07-10 16:00:00,18638.991697416972,43.6255033557047,24.3,70.50120805369127,5796.5,past,0
2025-07-10 17:00:00,22780.98985239852,43.62818791946309,24.3,70.50765100671141,5287.57,past,0
2025-07-10 18:00:00,24556.13191881919,43.630872483221474,24.3,70.51409395973154,4947.12,past,0
2025-07-10 19:00:00,21005.847785977858,43.63355704697987,24.3,70.52053691275168,5139.780000000001,past,0
2025-07-10 20:00:00,16567.992619926197,43.63624161073825,24.3,70.5269798657718,5066.370000000001,past,0
2025-07-10 21:00:00,13017.708487084868,43.638926174496646,24.3,70.53342281879195,4776.85,past,0
2025-07-10 22:00:00,9467.424354243542,43.64161073825503,24.3,70.53986577181207,4587.360000000001,past,0
2025-07-10 23:00:00,7988.139298892988,43.644295302013425,24.3,70.54630872483222,4299.35,past,0
2025-07-11 00:00:00,5007.922509225091,43.64697986577181,25.2,70.55275167785234,3995.2,past,0
2025-07-11 01:00:00,4097.391143911438,43.649664429530205,25.2,70.55919463087248,4056.83,past,0
2025-07-11 02:00:00,3414.492619926199,43.65234899328859,25.2,70.56563758389261,3858.83,past,0
2025-07-11 03:00:00,3414.492619926199,43.65503355704698,25.2,70.57208053691275,3824.24,past,0
2025-07-11 04:00:00,4552.656826568265,43.65771812080537,25.2,70.57852348993289,3820.1,past,0
2025-07-11 05:00:00,7284.250922509224,43.66040268456376,25.2,70.58496644295302,3991.22,past,0
2025-07-11 06:00:00,11609.274907749075,43.66308724832215,25.2,70.59140939597316,4491.18,past,0
2025-07-11 07:00:00,14568.501845018449,43.665771812080536,25.2,70.59785234899329,5303.34,past,0
2025-07-11 08:00:00,15706.666051660515,43.66845637583893,25.2,70.60429530201343,5523.8099999999995,past,0
2025-07-11 09:00:00,12747.439114391142,43.671140939597315,25.2,70.61073825503355,5835.64,past,0
2025-07-11 10:00:00,10698.743542435424,43.67382550335571,25.2,70.6171812080537,6377.829999999999,past,0
2025-07-11 11:00:00,9788.21217712177,43.676510067114094,25.2,70.62362416107382,6407.400000000001,past,0
2025-07-11 12:00:00,9332.946494464944,43.67919463087248,25.2,70.63006711409396,6243.43,past,0
2025-07-11 13:00:00,9560.579335793358,43.68187919463087,25.2,70.63651006711409,6127.84,past,0
2025-07-11 14:00:00,10243.477859778595,43.68456375838926,25.2,70.64295302013423,6056.9,past,0
2025-07-11 15:00:00,11609.274907749075,43.68724832214765,25.2,70.64939597315436,5977.32,past,0
2025-07-11 16:00:00,14340.869003690035,43.68993288590604,25.2,70.6558389261745,5796.5,past,0
2025-07-11 17:00:00,17527.72878228782,43.69261744966443,25.2,70.66228187919462,5287.57,past,0
2025-07-11 18:00:00,18893.525830258302,43.69530201342282,25.2,70.66872483221476,4947.12,past,0
2025-07-11 19:00:00,16161.93173431734,43.69798657718121,25.2,70.6751677852349,5139.780000000001,past,0
2025-07-11 20:00:00,12747.439114391142,43.7006711409396,25.2,70.68161073825503,5066.370000000001,past,0
2025-07-11 21:00:00,10015.845018450182,43.703355704697984,25.2,70.68805369127517,4776.85,past,0
2025-07-11 22:00:00,7284.250922509224,43.70604026845638,25.2,70.6944966442953,4587.360000000001,past,0
2025-07-11 23:00:00,6146.086715867158,43.70872483221476,25.2,70.70093959731544,4299.35,past,0
2025-07-12 00:00:00,4801.175276752767,43.71140939597315,23.2,70.70738255033557,4366.5,past,0
2025-07-12 01:00:00,3928.2343173431727,43.71409395973154,23.2,70.71382550335571,4405.5,past,0
2025-07-12 02:00:00,3273.5285977859776,43.716778523489936,23.2,70.72026845637583,4235.8,past,0
2025-07-12 03:00:00,3273.5285977859776,43.71946308724832,23.2,70.72671140939597,4162.2,past,0
2025-07-12 04:00:00,4364.704797047971,43.722147651006715,23.2,70.7331543624161,4150.3,past,0
2025-07-12 05:00:00,6983.527675276752,43.7248322147651,23.2,70.73959731543624,4317.0,past,0
2025-07-12 06:00:00,11129.997232472324,43.72751677852349,23.2,70.74604026845637,4656.4,past,0
2025-07-12 07:00:00,13967.055350553504,43.73020134228188,23.2,70.75248322147651,5392.2,past,0
2025-07-12 08:00:00,15058.2315498155,43.732885906040266,23.2,70.75892617449664,5890.4,past,0
2025-07-12 09:00:00,12221.173431734316,43.73557046979866,23.2,70.76536912751678,6622.4,past,0
2025-07-12 10:00:00,10257.05627306273,43.738255033557046,23.2,70.77181208053692,6838.3,past,0
2025-07-12 11:00:00,9384.115313653136,43.74093959731544,23.2,70.77825503355704,6824.800000000001,past,0
2025-07-12 12:00:00,8947.64483394834,43.743624161073825,23.2,70.78469798657719,6466.9,past,0
2025-07-12 13:00:00,9165.88007380074,43.74630872483222,23.2,70.79114093959731,6453.9,past,0
2025-07-12 14:00:00,9820.585793357932,43.74899328859061,23.2,70.79758389261745,6178.4,past,0
2025-07-12 15:00:00,11129.997232472324,43.75167785234899,23.2,70.80402684563758,6075.6,past,0
2025-07-12 16:00:00,13748.820110701106,43.754362416107384,23.2,70.81046979865772,5929.5,past,0
2025-07-12 17:00:00,16804.113468634685,43.75704697986577,23.2,70.81691275167785,5252.0,past,0
2025-07-12 18:00:00,18113.524907749077,43.75973154362416,23.2,70.82335570469799,4930.2,past,0
2025-07-12 19:00:00,15494.702029520293,43.76241610738255,23.2,70.82979865771811,4813.299999999999,past,0
2025-07-12 20:00:00,12221.173431734316,43.76510067114094,23.2,70.83624161073826,4757.9,past,0
2025-07-12 21:00:00,9602.350553505534,43.76778523489933,23.2,70.84268456375838,4559.4,past,0
2025-07-12 22:00:00,6983.527675276752,43.77046979865772,23.2,70.84912751677852,4375.0,past,0
2025-07-12 23:00:00,5892.35147601476,43.77315436241611,23.2,70.85557046979865,4172.1,past,0
2025-07-13 00:00:00,5184.023985239852,43.775838926174494,23.1,70.86201342281879,3971.6,past,0
2025-07-13 01:00:00,4241.474169741697,43.77852348993289,23.1,70.86845637583893,4049.05,past,0
2025-07-13 02:00:00,3534.561808118081,43.78120805369127,23.1,70.87489932885906,3800.11,past,0
2025-07-13 03:00:00,3534.561808118081,43.783892617449666,23.1,70.8813422818792,3729.72,past,0
2025-07-13 04:00:00,4712.749077490775,43.78657718120805,23.1,70.88778523489933,3695.73,past,0
2025-07-13 05:00:00,7540.398523985241,43.789261744966446,23.1,70.89422818791947,3891.23,past,0
2025-07-13 06:00:00,12017.510147601475,43.79194630872483,23.1,70.9006711409396,3974.42,past,0
2025-07-13 07:00:00,15080.797047970482,43.794630872483225,23.1,70.90711409395973,4597.66,past,0
2025-07-13 08:00:00,16258.984317343176,43.79731543624161,23.1,70.91355704697986,4950.9,past,0
2025-07-13 09:00:00,13195.697416974168,43.8,23.1,70.92,5569.87,past,0
2025-07-13 10:00:00,11074.96033210332,43.80268456375839,23.1,70.92644295302013,5823.55,past,0
2025-07-13 11:00:00,10132.410516605169,43.80536912751678,23.1,70.93288590604027,5817.65,past,0
2025-07-13 12:00:00,9661.135608856091,43.80805369127517,23.1,70.9393288590604,5626.740000000001,past,0
2025-07-13 13:00:00,9896.77306273063,43.81073825503355,23.1,70.94577181208054,5506.95,past,0
2025-07-13 14:00:00,10603.685424354242,43.81342281879195,23.1,70.95221476510066,5348.57,past,0
2025-07-13 15:00:00,12017.510147601475,43.816107382550335,23.1,70.9586577181208,5386.16,past,0
2025-07-13 16:00:00,14845.15959409594,43.81879194630873,23.1,70.96510067114095,5308.71,past,0
2025-07-13 17:00:00,18144.08394833948,43.821476510067114,23.1,70.97154362416107,4997.450000000001,past,0
2025-07-13 18:00:00,19557.90867158672,43.8241610738255,23.1,70.97798657718121,4615.2,past,0
2025-07-13 19:00:00,16730.259225092246,43.826845637583894,23.1,70.98442953020134,4842.320000000001,past,0
2025-07-13 20:00:00,13195.697416974168,43.82953020134228,23.1,70.99087248322148,4773.92,past,0
2025-07-13 21:00:00,10368.047970479704,43.83221476510067,23.1,70.9973154362416,4598.33,past,0
2025-07-13 22:00:00,7540.398523985241,43.83489932885906,23.1,71.00375838926175,4608.85,past,0
2025-07-13 23:00:00,6362.211254612547,43.83758389261745,23.1,71.01020134228187,4255.85,past,0
2025-07-14 00:00:00,8432.71771217712,43.84026845637584,22.4,71.01664429530202,4071.2,past,0
2025-07-14 01:00:00,6899.496309963099,43.84295302013423,22.4,71.02308724832214,4021.8,past,0
2025-07-14 02:00:00,5749.580258302583,43.84563758389262,22.4,71.02953020134228,3922.2,past,0
2025-07-14 03:00:00,5749.580258302583,43.84832214765101,22.4,71.03597315436241,3692.7,past,0
2025-07-14 04:00:00,7666.10701107011,43.8510067114094,22.4,71.04241610738255,3781.1,past,0
2025-07-14 05:00:00,12265.771217712178,43.85369127516778,22.4,71.04885906040268,3733.5,past,0
2025-07-14 06:00:00,19548.572878228784,43.856375838926176,22.4,71.05530201342282,3888.8,past,0
2025-07-14 07:00:00,24531.542435424355,43.85906040268456,22.4,71.06174496644296,4039.27,past,0
2025-07-14 08:00:00,26448.069188191886,43.86174496644296,22.4,71.06818791946309,4311.85,past,0
2025-07-14 09:00:00,21465.09963099631,43.86442953020134,22.4,71.07463087248323,4939.01,past,0
2025-07-14 10:00:00,18015.351476014763,43.867114093959735,22.4,71.08107382550335,5210.139999999999,past,0
2025-07-14 11:00:00,16482.13007380074,43.86979865771812,22.4,71.0875167785235,5177.070000000001,past,0
2025-07-14 12:00:00,15715.51937269373,43.87248322147651,22.4,71.09395973154362,5059.28,past,0
2025-07-14 13:00:00,16098.824723247237,43.8751677852349,22.4,71.10040268456376,4875.61,past,0
2025-07-14 14:00:00,17248.740774907747,43.87785234899329,22.4,71.10684563758389,4668.94,past,0
2025-07-14 15:00:00,19548.572878228784,43.88053691275168,22.4,71.11328859060403,4572.37,past,0
2025-07-14 16:00:00,24148.23708487085,43.883221476510066,22.4,71.11973154362416,4296.320000000001,past,0
2025-07-14 17:00:00,27550.059040590397,43.88590604026846,22.4,71.1261744966443,3992.53,past,0
2025-07-14 18:00:00,27550.059040590397,43.888590604026845,22.4,71.13261744966442,3831.03,past,0
2025-07-14 19:00:00,27214.679889298888,43.89127516778524,22.4,71.13906040268456,4073.6,past,0
2025-07-14 20:00:00,21465.09963099631,43.893959731543625,22.4,71.14550335570469,4037.58,past,0
2025-07-14 21:00:00,16865.43542435424,43.89664429530201,22.4,71.15194630872483,3872.0,past,0
2025-07-14 22:00:00,12265.771217712178,43.8993288590604,22.4,71.15838926174497,3812.2,past,0
2025-07-14 23:00:00,10349.24446494465,43.90201342281879,22.4,71.1648322147651,3507.3,past,0
2025-07-15 00:00:00,4394.256457564575,43.90469798657718,21.1,71.17127516778524,3427.41,past,0
2025-07-15 01:00:00,3595.3007380073796,43.90738255033557,21.1,71.17771812080537,3397.92,past,0
2025-07-15 02:00:00,2996.083948339483,43.91006711409396,21.1,71.1841610738255,3244.34,past,0
2025-07-15 03:00:00,2996.083948339483,43.91275167785235,21.1,71.19060402684563,3243.39,past,0
2025-07-15 04:00:00,3994.778597785978,43.91543624161074,21.1,71.19704697986577,3311.11,past,0
2025-07-15 05:00:00,6391.645756457564,43.91812080536913,21.1,71.2034899328859,3359.76,past,0
2025-07-15 06:00:00,10186.685424354242,43.920805369127514,21.1,71.20993288590604,3898.36,past,0
2025-07-15 07:00:00,12783.291512915128,43.92348993288591,21.1,71.21637583892617,4801.44,past,0
2025-07-15 08:00:00,13781.986162361623,43.92617449664429,21.1,71.22281879194631,5248.28,past,0
2025-07-15 09:00:00,11185.380073800738,43.92885906040269,21.1,71.22926174496644,5362.999999999999,past,0
2025-07-15 10:00:00,9387.729704797048,43.93154362416107,21.1,71.23570469798658,5807.11,past,0
2025-07-15 11:00:00,8588.773985239852,43.934228187919466,21.1,71.2421476510067,5589.2,past,0
2025-07-15 12:00:00,8189.296125461255,43.93691275167785,21.1,71.24859060402684,5553.59,past,0
2025-07-15 13:00:00,8389.035055350554,43.939597315436245,21.1,71.25503355704699,5280.92,past,0
2025-07-15 14:00:00,8988.251845018449,43.94228187919463,21.1,71.26147651006711,5161.4,past,0
2025-07-15 15:00:00,10186.685424354242,43.94496644295302,21.1,71.26791946308725,5083.53,past,0
2025-07-15 16:00:00,12583.55258302583,43.94765100671141,21.1,71.27436241610738,4892.69,past,0
2025-07-15 17:00:00,15379.897601476014,43.9503355704698,21.1,71.28080536912752,4843.18,past,0
2025-07-15 18:00:00,16578.33118081181,43.95302013422819,21.1,71.28724832214765,4801.58,past,0
2025-07-15 19:00:00,14181.46402214022,43.955704697986576,21.1,71.29369127516779,4932.130000000001,past,0
2025-07-15 20:00:00,11185.380073800738,43.95838926174497,21.1,71.30013422818791,4870.950000000001,past,0
2025-07-15 21:00:00,8788.51291512915,43.961073825503355,21.1,71.30657718120806,4555.52,past,0
2025-07-15 22:00:00,6391.645756457564,43.96375838926174,21.1,71.31302013422818,4175.2300000000005,past,0
2025-07-15 23:00:00,5392.95110701107,43.966442953020135,21.1,71.31946308724832,3808.76,past,0
2025-07-16 00:00:00,7385.911439114389,43.96912751677852,22.1,71.32590604026845,3525.4300000000003,past,0
2025-07-16 01:00:00,6043.018450184501,43.971812080536914,22.1,71.33234899328859,3405.2999999999997,past,0
2025-07-16 02:00:00,5035.848708487084,43.9744966442953,22.1,71.33879194630872,3271.9800000000005,past,0
2025-07-16 03:00:00,5035.848708487084,43.97718120805369,22.1,71.34523489932886,3242.9,past,0
2025-07-16 04:00:00,6714.464944649447,43.97986577181208,22.1,71.351677852349,3294.16,past,0
2025-07-16 05:00:00,10743.143911439114,43.98255033557047,22.1,71.35812080536913,3576.4700000000003,past,0
2025-07-16 06:00:00,17121.885608856086,43.98523489932886,22.1,71.36456375838927,3900.68,past,0
2025-07-16 07:00:00,21486.28782287823,43.987919463087245,22.1,71.3710067114094,4861.72,past,0
2025-07-16 08:00:00,23164.90405904059,43.99060402684564,22.1,71.37744966442953,5148.74,past,0
2025-07-16 09:00:00,18800.501845018447,43.993288590604024,22.1,71.38389261744966,5440.62,past,0
2025-07-16 10:00:00,15778.992619926195,43.99597315436242,22.1,71.3903355704698,5743.34,past,0
2025-07-16 11:00:00,14436.099630996308,43.9986577181208,22.1,71.39677852348993,5547.8099999999995,past,0
2025-07-16 12:00:00,13764.653136531366,44.0013422818792,22.1,71.40322147651007,5413.44,past,0
2025-07-16 13:00:00,14100.376383763838,44.00402684563758,22.1,71.4096644295302,5137.28,past,0
2025-07-16 14:00:00,15107.546125461253,44.006711409395976,22.1,71.41610738255034,5133.98,past,0
2025-07-16 15:00:00,17121.885608856086,44.00939597315436,22.1,71.42255033557046,5099.83,past,0
2025-07-16 16:00:00,21150.564575645756,44.01208053691275,22.1,71.4289932885906,5127.799999999999,past,0
2025-07-16 17:00:00,25850.690036900367,44.01476510067114,22.1,71.43543624161073,4851.24,past,0
2025-07-16 18:00:00,27550.059040590397,44.01744966442953,22.1,71.44187919463087,4781.24,past,0
2025-07-16 19:00:00,23836.35055350553,44.02013422818792,22.1,71.448322147651,4967.639999999999,past,0
2025-07-16 20:00:00,18800.501845018447,44.02281879194631,22.1,71.45476510067114,4842.34,past,0
2025-07-16 21:00:00,14771.82287822878,44.0255033557047,22.1,71.46120805369128,4586.9,past,0
2025-07-16 22:00:00,10743.143911439114,44.028187919463086,22.1,71.4676510067114,4284.05,past,0
2025-07-16 23:00:00,9064.527675276751,44.03087248322148,22.1,71.47409395973155,3889.24,past,0
2025-07-17 00:00:00,6932.333948339482,44.033557046979865,23.2,71.48053691275167,3609.7,past,0
2025-07-17 01:00:00,5671.90959409594,44.03624161073825,23.2,71.48697986577181,3528.6,past,0
2025-07-17 02:00:00,4726.591328413284,44.038926174496645,23.2,71.49342281879194,3528.2,past,0
2025-07-17 03:00:00,4726.591328413284,44.04161073825503,23.2,71.49986577181208,3385.1000000000004,past,0
2025-07-17 04:00:00,6302.121771217712,44.044295302013424,23.2,71.50630872483221,3407.4,past,0
2025-07-17 05:00:00,10083.39483394834,44.04697986577181,23.2,71.51275167785235,3475.6000000000004,past,0
2025-07-17 06:00:00,16070.410516605163,44.0496644295302,23.2,71.51919463087248,3773.4,past,0
2025-07-17 07:00:00,20166.78966789668,44.05234899328859,23.2,71.52563758389262,4500.4,past,0
2025-07-17 08:00:00,21742.32011070111,44.05503355704698,23.2,71.53208053691274,5106.9,past,0
2025-07-17 09:00:00,17645.940959409592,44.05771812080537,23.2,71.53852348993289,5818.4,past,0
2025-07-17 10:00:00,14809.986162361622,44.060402684563755,23.2,71.54496644295301,5986.7,past,0
2025-07-17 11:00:00,13549.56180811808,44.06308724832215,23.2,71.55140939597315,5892.3,past,0
2025-07-17 12:00:00,12919.34963099631,44.065771812080534,23.2,71.5578523489933,5700.200000000001,past,0
2025-07-17 13:00:00,13234.455719557196,44.06845637583893,23.2,71.56429530201342,5551.200000000001,past,0
2025-07-17 14:00:00,14179.77398523985,44.07114093959731,23.2,71.57073825503356,5423.3,past,0
2025-07-17 15:00:00,16070.410516605163,44.07382550335571,23.2,71.57718120805369,5432.1,past,0
2025-07-17 16:00:00,19851.683579335793,44.07651006711409,23.2,71.58362416107383,5238.299999999999,past,0
2025-07-17 17:00:00,24263.16881918819,44.079194630872486,23.2,71.59006711409396,5005.1,past,0
2025-07-17 18:00:00,26153.805350553503,44.08187919463087,23.2,71.5965100671141,4804.3,past,0
2025-07-17 19:00:00,22372.532287822873,44.08456375838926,23.2,71.60295302013422,5027.2,past,0
2025-07-17 20:00:00,17645.940959409592,44.08724832214765,23.2,71.60939597315436,4895.0,past,0
2025-07-17 21:00:00,13864.667896678964,44.08993288590604,23.2,71.61583892617449,4625.9,past,0
2025-07-17 22:00:00,10083.39483394834,44.09261744966443,23.2,71.62228187919463,4270.4,past,0
2025-07-17 23:00:00,8507.86439114391,44.09530201342282,23.2,71.62872483221476,3928.7,past,0
2025-07-18 00:00:00,4623.693726937268,44.09798657718121,21.8,71.6351677852349,3720.19,past,0
2025-07-18 01:00:00,3783.0221402214015,44.1006711409396,21.8,71.64161073825503,3709.28,past,0
2025-07-18 02:00:00,3152.5184501845015,44.10335570469799,21.8,71.64805369127517,3571.2200000000003,past,0
2025-07-18 03:00:00,3152.5184501845015,44.106040268456375,21.8,71.6544966442953,3549.0,past,0
2025-07-18 04:00:00,4203.357933579336,44.10872483221476,21.8,71.66093959731543,3594.01,past,0
2025-07-18 05:00:00,6725.372693726937,44.111409395973155,21.8,71.66738255033557,3649.83,past,0
2025-07-18 06:00:00,10718.562730627304,44.11409395973154,21.8,71.6738255033557,4052.36,past,0
2025-07-18 07:00:00,13450.745387453871,44.116778523489934,21.8,71.68026845637584,5000.1900000000005,past,0
2025-07-18 08:00:00,14501.584870848708,44.11946308724832,21.8,71.68671140939597,5345.18,past,0
2025-07-18 09:00:00,11769.40221402214,44.12214765100671,21.8,71.69315436241611,5551.58,past,0
2025-07-18 10:00:00,9877.891143911438,44.1248322147651,21.8,71.69959731543624,5762.99,past,0
2025-07-18 11:00:00,9037.21955719557,44.12751677852349,21.8,71.70604026845638,5638.21,past,0
2025-07-18 12:00:00,8616.883763837639,44.13020134228188,21.8,71.7124832214765,5471.639999999999,past,0
2025-07-18 13:00:00,8827.051660516605,44.132885906040265,21.8,71.71892617449664,5209.24,past,0
2025-07-18 14:00:00,9457.555350553504,44.13557046979866,21.8,71.72536912751677,4964.02,past,0
2025-07-18 15:00:00,10718.562730627304,44.13825503355704,21.8,71.73181208053691,4766.06,past,0
2025-07-18 16:00:00,13240.577490774907,44.14093959731544,21.8,71.73825503355704,4888.009999999999,past,0
2025-07-18 17:00:00,16182.92804428044,44.143624161073824,21.8,71.74469798657718,4840.9,past,0
2025-07-18 18:00:00,17443.935424354244,44.14630872483222,21.8,71.75114093959732,4640.91,past,0
2025-07-18 19:00:00,14921.920664206638,44.1489932885906,21.8,71.75758389261745,4729.83,past,0
2025-07-18 20:00:00,11769.40221402214,44.15167785234899,21.8,71.76402684563759,4768.340000000001,past,0
2025-07-18 21:00:00,9247.387453874537,44.15436241610738,21.8,71.77046979865771,4467.09,past,0
2025-07-18 22:00:00,6725.372693726937,44.15704697986577,21.8,71.77691275167786,4191.87,past,0
2025-07-18 23:00:00,5674.533210332103,44.15973154362416,21.8,71.78335570469798,3652.65,past,0
2025-07-19 00:00:00,6553.564575645755,44.16241610738255,21.0,71.78979865771812,3570.92,past,0
2025-07-19 01:00:00,5362.0073800738,44.16510067114094,21.0,71.79624161073825,3548.49,past,0
2025-07-19 02:00:00,4468.339483394833,44.16778523489933,21.0,71.80268456375839,3419.21,past,0
2025-07-19 03:00:00,4468.339483394833,44.17046979865772,21.0,71.80912751677852,3413.6,past,0
2025-07-19 04:00:00,5957.7859778597785,44.173154362416106,21.0,71.81557046979866,3442.02,past,0
2025-07-19 05:00:00,9532.457564575643,44.1758389261745,21.0,71.82201342281878,3696.93,past,0
2025-07-19 06:00:00,15192.354243542432,44.178523489932886,21.0,71.82845637583893,3988.73,past,0
2025-07-19 07:00:00,19064.91512915129,44.18120805369127,21.0,71.83489932885905,4959.8,past,0
2025-07-19 08:00:00,20554.36162361623,44.183892617449665,21.0,71.8413422818792,5348.219999999999,past,0
2025-07-19 09:00:00,16681.80073800738,44.18657718120805,21.0,71.84778523489933,5661.73,past,0
2025-07-19 10:00:00,14000.797047970478,44.18926174496645,21.0,71.85422818791946,5660.63,past,0
2025-07-19 11:00:00,12809.239852398525,44.19194630872483,21.0,71.8606711409396,5544.9400000000005,past,0
2025-07-19 12:00:00,12213.461254612546,44.19463087248322,21.0,71.86711409395973,5445.54,past,0
2025-07-19 13:00:00,12511.350553505536,44.19731543624161,21.0,71.87355704697987,5123.24,past,0
2025-07-19 14:00:00,13405.0184501845,44.2,21.0,71.88,4956.85,past,0
2025-07-19 15:00:00,15192.354243542432,44.20268456375839,21.0,71.88644295302014,4856.18,past,0
2025-07-19 16:00:00,18767.025830258302,44.205369127516775,21.0,71.89288590604026,4858.3,past,0
2025-07-19 17:00:00,22937.476014760145,44.20805369127517,21.0,71.8993288590604,4843.98,past,0
2025-07-19 18:00:00,24724.811808118084,44.210738255033554,21.0,71.90577181208053,4755.110000000001,past,0
2025-07-19 19:00:00,21150.14022140221,44.21342281879195,21.0,71.91221476510067,4718.11,past,0
2025-07-19 20:00:00,16681.80073800738,44.216107382550334,21.0,71.9186577181208,4645.45,past,0
2025-07-19 21:00:00,13107.12915129151,44.21879194630873,21.0,71.92510067114094,4379.780000000001,past,0
2025-07-19 22:00:00,9532.457564575643,44.22147651006711,21.0,71.93154362416107,4101.34,past,0
2025-07-19 23:00:00,8043.0110701107005,44.224161073825506,21.0,71.9379865771812,3753.96,past,0
2025-07-20 00:00:00,4700.896678966788,44.22684563758389,22.7,71.94442953020135,3505.41,past,0
2025-07-20 01:00:00,3846.188191881918,44.22953020134228,22.7,71.95087248322147,3412.61,past,0
2025-07-20 02:00:00,3205.156826568266,44.23221476510067,22.7,71.95731543624161,3224.1899999999996,past,0
2025-07-20 03:00:00,3205.156826568266,44.23489932885906,22.7,71.96375838926174,3206.89,past,0
2025-07-20 04:00:00,4273.542435424354,44.23758389261745,22.7,71.97020134228188,3294.6600000000003,past,0
2025-07-20 05:00:00,6837.667896678968,44.24026845637584,22.7,71.97664429530201,3280.06,past,0
2025-07-20 06:00:00,10897.533210332103,44.24295302013423,22.7,71.98308724832215,3559.95,past,0
2025-07-20 07:00:00,13675.335793357935,44.245637583892616,22.7,71.98953020134228,4486.18,past,0
2025-07-20 08:00:00,14743.721402214023,44.24832214765101,22.7,71.99597315436242,4792.32,past,0
2025-07-20 09:00:00,11965.918819188191,44.25100671140939,22.7,72.00241610738254,5026.5,past,0
2025-07-20 10:00:00,10042.824723247231,44.25369127516778,22.7,72.00885906040268,5122.77,past,0
2025-07-20 11:00:00,9188.116236162365,44.256375838926175,22.7,72.01530201342281,5151.860000000001,past,0
2025-07-20 12:00:00,8760.761992619928,44.25906040268456,22.7,72.02174496644295,4845.91,past,0
2025-07-20 13:00:00,8974.439114391145,44.261744966442954,22.7,72.02818791946308,4778.93,past,0
2025-07-20 14:00:00,9615.470479704796,44.26442953020134,22.7,72.03463087248322,4579.2699999999995,past,0
2025-07-20 15:00:00,10897.533210332103,44.267114093959734,22.7,72.04107382550336,4628.52,past,0
2025-07-20 16:00:00,13461.658671586716,44.26979865771812,22.7,72.04751677852349,4592.26,past,0
2025-07-20 17:00:00,16453.138376383762,44.27248322147651,22.7,72.05395973154363,4576.04,past,0
2025-07-20 18:00:00,17735.201107011075,44.2751677852349,22.7,72.06040268456375,4517.66,past,0
2025-07-20 19:00:00,15171.075645756457,44.277852348993285,22.7,72.0668456375839,4766.41,past,0
2025-07-20 20:00:00,11965.918819188191,44.28053691275168,22.7,72.07328859060402,4579.62,past,0
2025-07-20 21:00:00,9401.793357933577,44.283221476510064,22.7,72.07973154362416,4389.48,past,0
2025-07-20 22:00:00,6837.667896678968,44.28590604026846,22.7,72.08617449664429,4035.64,past,0
2025-07-20 23:00:00,5769.282287822879,44.28859060402685,22.7,72.09261744966443,3715.51,past,0
2025-07-21 00:00:00,4239.749077490774,44.29127516778524,22.7,72.09906040268456,3445.53,past,0
2025-07-21 01:00:00,3468.885608856088,44.29395973154362,22.7,72.1055033557047,3476.57,past,0
2025-07-21 02:00:00,2890.7380073800737,44.296644295302016,22.7,72.11194630872482,3296.32,past,0
2025-07-21 03:00:00,2890.7380073800737,44.2993288590604,22.7,72.11838926174497,3273.27,past,0
2025-07-21 04:00:00,3854.317343173432,44.30201342281879,22.7,72.12483221476509,3242.8,past,0
2025-07-21 05:00:00,6166.907749077492,44.30469798657718,22.7,72.13127516778523,3312.4500000000003,past,0
2025-07-21 06:00:00,9828.509225092252,44.30738255033557,22.7,72.13771812080537,3431.94,past,0
2025-07-21 07:00:00,12333.815498154983,44.31006711409396,22.7,72.1441610738255,3817.09,past,0
2025-07-21 08:00:00,13297.39483394834,44.31275167785235,22.7,72.15060402684564,4212.01,past,0
2025-07-21 09:00:00,10792.088560885608,44.31543624161074,22.7,72.15704697986577,4605.85,past,0
2025-07-21 10:00:00,9057.645756457565,44.31812080536913,22.7,72.16348993288591,5007.72,past,0
2025-07-21 11:00:00,8286.78228782288,44.32080536912752,22.7,72.16993288590604,4795.48,past,0
2025-07-21 12:00:00,7901.350553505536,44.323489932885906,22.7,72.17637583892618,4660.1,past,0
2025-07-21 13:00:00,8094.066420664209,44.32617449664429,22.7,72.1828187919463,4494.3099999999995,past,0
2025-07-21 14:00:00,8672.21402214022,44.328859060402685,22.7,72.18926174496644,4307.78,past,0
2025-07-21 15:00:00,9828.509225092252,44.33154362416107,22.7,72.19570469798657,4070.43,past,0
2025-07-21 16:00:00,12141.09963099631,44.334228187919464,22.7,72.20214765100671,3877.46,past,0
2025-07-21 17:00:00,14839.121771217711,44.33691275167785,22.7,72.20859060402684,3743.63,past,0
2025-07-21 18:00:00,15995.416974169746,44.33959731543624,22.7,72.21503355704698,3832.97,past,0
2025-07-21 19:00:00,13682.82656826568,44.34228187919463,22.7,72.2214765100671,4098.200000000001,past,0
2025-07-21 20:00:00,10792.088560885608,44.34496644295302,22.7,72.22791946308725,4047.99,past,0
2025-07-21 21:00:00,8479.498154981547,44.34765100671141,22.7,72.23436241610739,3857.54,past,0
2025-07-21 22:00:00,6166.907749077492,44.350335570469795,22.7,72.24080536912751,3622.1,past,0
2025-07-21 23:00:00,5203.328413284134,44.35302013422819,22.7,72.24724832214766,3323.92,past,0
2025-07-22 00:00:00,3294.824723247232,44.355704697986575,22.9,72.25369127516778,3186.3399999999997,past,0
2025-07-22 01:00:00,2695.765682656826,44.35838926174497,22.9,72.26013422818792,3168.5,past,0
2025-07-22 02:00:00,2246.471402214022,44.361073825503354,22.9,72.26657718120805,3048.8300000000004,past,0
2025-07-22 03:00:00,2246.471402214022,44.36375838926175,22.9,72.27302013422819,3025.96,past,0
2025-07-22 04:00:00,2995.2952029520293,44.36644295302013,22.9,72.27946308724832,3159.6800000000003,past,0
2025-07-22 05:00:00,4792.472324723247,44.369127516778526,22.9,72.28590604026846,3172.66,past,0
2025-07-22 06:00:00,7638.002767527674,44.37181208053691,22.9,72.29234899328858,3684.78,past,0
2025-07-22 07:00:00,9584.944649446494,44.3744966442953,22.9,72.29879194630873,4892.41,past,0
2025-07-22 08:00:00,10333.7684501845,44.37718120805369,22.9,72.30523489932885,5215.27,past,0
2025-07-22 09:00:00,8386.826568265682,44.37986577181208,22.9,72.31167785234899,5579.360000000001,past,0
2025-07-22 10:00:00,7038.943726937268,44.38255033557047,22.9,72.31812080536912,5746.37,past,0
2025-07-22 11:00:00,6439.884686346863,44.38523489932886,22.9,72.32456375838926,5549.469999999999,past,0
2025-07-22 12:00:00,6140.3551660516605,44.38791946308725,22.9,72.3310067114094,5366.38,past,0
2025-07-22 13:00:00,6290.119926199262,44.39060402684564,22.9,72.33744966442953,5164.9400000000005,past,0
2025-07-22 14:00:00,6739.414206642065,44.39328859060403,22.9,72.34389261744967,5000.43,past,0
2025-07-22 15:00:00,7638.002767527674,44.395973154362416,22.9,72.3503355704698,4923.71,past,0
2025-07-22 16:00:00,9435.179889298892,44.3986577181208,22.9,72.35677852348994,4908.08,past,0
2025-07-22 17:00:00,11531.886531365311,44.401342281879195,22.9,72.36322147651006,4815.71,past,0
2025-07-22 18:00:00,12430.475092250925,44.40402684563758,22.9,72.3696644295302,4718.57,past,0
2025-07-22 19:00:00,10633.297970479704,44.406711409395974,22.9,72.37610738255033,4999.48,past,0
2025-07-22 20:00:00,8386.826568265682,44.40939597315436,22.9,72.38255033557047,4806.54,past,0
2025-07-22 21:00:00,6589.6494464944635,44.412080536912754,22.9,72.3889932885906,4596.42,past,0
2025-07-22 22:00:00,4792.472324723247,44.41476510067114,22.9,72.39543624161074,4277.41,past,0
2025-07-22 23:00:00,4043.648523985239,44.41744966442953,22.9,72.40187919463087,3938.15,past,0
2025-07-23 00:00:00,5667.0701107011055,44.42013422818792,23.3,72.408322147651,3783.51,past,0
2025-07-23 01:00:00,4636.693726937268,44.422818791946305,23.3,72.41476510067113,3677.39,past,0
2025-07-23 02:00:00,3863.9114391143903,44.4255033557047,23.3,72.42120805369127,3588.29,past,0
2025-07-23 03:00:00,3863.9114391143903,44.428187919463085,23.3,72.4276510067114,3504.84,past,0
2025-07-23 04:00:00,5151.881918819188,44.43087248322148,23.3,72.43409395973154,3576.24,past,0
2025-07-23 05:00:00,8243.0110701107,44.433557046979864,23.3,72.44053691275168,3654.37,past,0
2025-07-23 06:00:00,13137.298892988929,44.43624161073826,23.3,72.44697986577181,4096.91,past,0
2025-07-23 07:00:00,16486.0221402214,44.43892617449664,23.3,72.45342281879195,5132.48,past,0
2025-07-23 08:00:00,17773.992619926197,44.44161073825504,23.3,72.45986577181208,5522.01,past,0
2025-07-23 09:00:00,14425.269372693723,44.44429530201342,23.3,72.46630872483222,5952.72,past,0
2025-07-23 10:00:00,12106.92250922509,44.44697986577181,23.3,72.47275167785234,6048.37,past,0
2025-07-23 11:00:00,11076.546125461256,44.4496644295302,23.3,72.47919463087248,5894.749999999999,past,0
2025-07-23 12:00:00,10561.357933579337,44.45234899328859,23.3,72.48563758389261,5721.5,past,0
2025-07-23 13:00:00,10818.952029520296,44.45503355704698,23.3,72.49208053691275,5428.030000000001,past,0
2025-07-23 14:00:00,11591.734317343173,44.45771812080537,23.3,72.49852348993288,5176.85,past,0
2025-07-23 15:00:00,13137.298892988929,44.46040268456376,23.3,72.50496644295302,5417.04,past,0
2025-07-23 16:00:00,16228.42804428044,44.46308724832215,23.3,72.51140939597315,5200.93,past,0
2025-07-23 17:00:00,19834.745387453873,44.46577181208054,23.3,72.51785234899329,5078.26,past,0
2025-07-23 18:00:00,21380.309963099633,44.468456375838926,23.3,72.52429530201341,4846.67,past,0
2025-07-23 19:00:00,18289.180811808114,44.47114093959731,23.3,72.53073825503355,5099.02,past,0
2025-07-23 20:00:00,14425.269372693723,44.473825503355705,23.3,72.5371812080537,4888.72,past,0
2025-07-23 21:00:00,11334.140221402213,44.47651006711409,23.3,72.54362416107382,4664.07,past,0
2025-07-23 22:00:00,8243.0110701107,44.479194630872485,23.3,72.55006711409396,4380.76,past,0
2025-07-23 23:00:00,6955.0405904059035,44.48187919463087,23.3,72.55651006711409,4053.01,past,0
2025-07-24 00:00:00,6106.0147601476,44.484563758389264,22.0,72.56295302013423,3733.2,past,0
2025-07-24 01:00:00,4995.8302583025825,44.48724832214765,22.0,72.56939597315436,3731.35,past,0
2025-07-24 02:00:00,4163.191881918819,44.48993288590604,22.0,72.5758389261745,3626.63,past,0
2025-07-24 03:00:00,4163.191881918819,44.49261744966443,22.0,72.58228187919462,3541.95,past,0
2025-07-24 04:00:00,5550.922509225093,44.495302013422815,22.0,72.58872483221477,3582.0,past,0
2025-07-24 05:00:00,8881.476014760148,44.49798657718121,22.0,72.59516778523489,3687.7,past,0
2025-07-24 06:00:00,14154.852398523984,44.500671140939595,22.0,72.60161073825503,4092.6,past,0
2025-07-24 07:00:00,17762.952029520296,44.50335570469799,22.0,72.60805369127516,5145.93,past,0
2025-07-24 08:00:00,19150.682656826568,44.506040268456374,22.0,72.6144966442953,5424.5,past,0
2025-07-24 09:00:00,15542.583025830256,44.50872483221477,22.0,72.62093959731543,5919.7,past,0
2025-07-24 10:00:00,13044.667896678966,44.51140939597315,22.0,72.62738255033557,6108.12,past,0
2025-07-24 11:00:00,11934.483394833947,44.51409395973155,22.0,72.63382550335571,6053.79,past,0
2025-07-24 12:00:00,11379.39114391144,44.51677852348993,22.0,72.64026845637584,5647.92,past,0
2025-07-24 13:00:00,11656.937269372696,44.51946308724832,22.0,72.64671140939598,5372.5,past,0
2025-07-24 14:00:00,12489.575645756457,44.52214765100671,22.0,72.6531543624161,5080.84,past,0
2025-07-24 15:00:00,14154.852398523984,44.5248322147651,22.0,72.65959731543624,5202.98,past,0
2025-07-24 16:00:00,17485.40590405904,44.52751677852349,22.0,72.66604026845637,5244.3,past,0
2025-07-24 17:00:00,21371.051660516605,44.53020134228188,22.0,72.67248322147651,5015.13,past,0
2025-07-24 18:00:00,23036.328413284133,44.53288590604027,22.0,72.67892617449664,4853.77,past,0
2025-07-24 19:00:00,19705.774907749073,44.53557046979866,22.0,72.68536912751678,5117.5599999999995,past,0
2025-07-24 20:00:00,15542.583025830256,44.53825503355705,22.0,72.6918120805369,4916.17,past,0
2025-07-24 21:00:00,12212.0295202952,44.54093959731544,22.0,72.69825503355705,4634.65,past,0
2025-07-24 22:00:00,8881.476014760148,44.54362416107382,22.0,72.70469798657717,4261.2,past,0
2025-07-24 23:00:00,7493.745387453874,44.546308724832215,22.0,72.71114093959731,3943.48,past,0
2025-07-25 00:00:00,6454.523985239851,44.5489932885906,22.4,72.71758389261744,3797.4,past,0
2025-07-25 01:00:00,5280.974169741697,44.551677852348995,22.4,72.72402684563758,3725.17,past,0
2025-07-25 02:00:00,4400.811808118081,44.55436241610738,22.4,72.73046979865772,3596.49,past,0
2025-07-25 03:00:00,4400.811808118081,44.557046979865774,22.4,72.73691275167785,3572.43,past,0
2025-07-25 04:00:00,5867.749077490775,44.55973154362416,22.4,72.74335570469799,3589.89,past,0
2025-07-25 05:00:00,9388.39852398524,44.56241610738255,22.4,72.74979865771812,3667.08,past,0
2025-07-25 06:00:00,14962.760147601472,44.56510067114094,22.4,72.75624161073826,4023.0,past,0
2025-07-25 07:00:00,18776.79704797048,44.567785234899326,22.4,72.76268456375838,5098.05,past,0
2025-07-25 08:00:00,20253.734317343173,44.57046979865772,22.4,72.76912751677852,5300.48,past,0
2025-07-25 09:00:00,16429.697416974166,44.573154362416105,22.4,72.77557046979865,5539.860000000001,past,0
2025-07-25 10:00:00,13789.21033210332,44.5758389261745,22.4,72.78201342281879,5873.6,past,0
2025-07-25 11:00:00,12615.660516605163,44.57852348993288,22.4,72.78845637583892,5800.1,past,0
2025-07-25 12:00:00,12028.88560885609,44.58120805369128,22.4,72.79489932885906,5456.3,past,0
2025-07-25 13:00:00,12322.273062730628,44.58389261744966,22.4,72.80134228187919,5322.2,past,0
2025-07-25 14:00:00,13202.435424354242,44.58657718120806,22.4,72.80778523489933,5171.4,past,0
2025-07-25 15:00:00,14962.760147601472,44.58926174496644,22.4,72.81422818791945,4900.2,past,0
2025-07-25 16:00:00,18483.40959409594,44.59194630872483,22.4,72.8206711409396,4725.7,past,0
2025-07-25 17:00:00,22590.83394833948,44.59463087248322,22.4,72.82711409395974,4765.0,past,0
2025-07-25 18:00:00,24351.158671586716,44.59731543624161,22.4,72.83355704697986,4730.7,past,0
2025-07-25 19:00:00,20830.509225092246,44.6,22.4,72.84,4948.0,past,0
2025-07-25 20:00:00,16429.697416974166,44.60268456375839,22.4,72.84644295302013,4792.4,past,0
2025-07-25 21:00:00,12909.047970479702,44.60536912751678,22.4,72.85288590604027,4590.3,past,0
2025-07-25 22:00:00,9388.39852398524,44.60805369127517,22.4,72.8593288590604,4232.87,past,0
2025-07-25 23:00:00,7921.461254612545,44.61073825503356,22.4,72.86577181208054,3910.3,past,0
2025-07-26 00:00:00,3489.8819188191874,44.613422818791946,23.0,72.87221476510067,3683.02,past,0
2025-07-26 01:00:00,2855.357933579335,44.61610738255033,23.0,72.8786577181208,3581.0,past,0
2025-07-26 02:00:00,2379.4649446494464,44.618791946308725,23.0,72.88510067114093,3491.3,past,0
2025-07-26 03:00:00,2379.4649446494464,44.62147651006711,23.0,72.89154362416107,3468.34,past,0
2025-07-26 04:00:00,3172.619926199262,44.624161073825505,23.0,72.8979865771812,3593.15,past,0
2025-07-26 05:00:00,5076.1918819188195,44.62684563758389,23.0,72.90442953020134,3562.1800000000003,past,0
2025-07-26 06:00:00,8090.180811808117,44.62953020134229,23.0,72.91087248322147,4035.28,past,0
2025-07-26 07:00:00,10152.38376383764,44.63221476510067,23.0,72.91731543624161,5096.74,past,0
2025-07-26 08:00:00,10945.538745387454,44.63489932885906,23.0,72.92375838926175,5365.78,past,0
2025-07-26 09:00:00,8883.335793357932,44.63758389261745,23.0,72.93020134228188,5843.75,past,0
2025-07-26 10:00:00,7455.656826568264,44.64026845637584,23.0,72.93664429530202,6009.93,past,0
2025-07-26 11:00:00,6821.132841328413,44.64295302013423,23.0,72.94308724832214,5712.18,past,0
2025-07-26 12:00:00,6503.870848708487,44.645637583892615,23.0,72.94953020134228,5590.5199999999995,past,0
2025-07-26 13:00:00,6662.501845018451,44.64832214765101,23.0,72.95597315436241,5344.700000000001,past,0
2025-07-26 14:00:00,7138.394833948339,44.651006711409394,23.0,72.96241610738255,4955.799999999999,past,0
2025-07-26 15:00:00,8090.180811808117,44.65369127516779,23.0,72.96885906040268,5008.7,past,0
2025-07-26 16:00:00,9993.752767527674,44.656375838926174,23.0,72.97530201342282,4991.6,past,0
2025-07-26 17:00:00,12214.586715867155,44.65906040268457,23.0,72.98174496644295,4882.1,past,0
2025-07-26 18:00:00,13166.372693726938,44.66174496644295,23.0,72.98818791946309,4761.9,past,0
2025-07-26 19:00:00,11262.800738007378,44.66442953020134,23.0,72.99463087248321,5068.2,past,0
2025-07-26 20:00:00,8883.335793357932,44.66711409395973,23.0,73.00107382550335,4855.8,past,0
2025-07-26 21:00:00,6979.763837638375,44.66979865771812,23.0,73.00751677852348,4583.9,past,0
2025-07-26 22:00:00,5076.1918819188195,44.67248322147651,23.0,73.01395973154362,4297.5,past,0
2025-07-26 23:00:00,4283.036900369004,44.6751677852349,23.0,73.02040268456376,3887.2,past,0
2025-07-27 00:00:00,6342.981549815497,44.67785234899329,23.7,73.02684563758389,3692.3,past,0
2025-07-27 01:00:00,5189.712177121771,44.68053691275168,23.7,73.03328859060403,3551.0,past,0
2025-07-27 02:00:00,4324.760147601476,44.68322147651007,23.7,73.03973154362416,3413.2999999999997,past,0
2025-07-27 03:00:00,4324.760147601476,44.685906040268456,23.7,73.0461744966443,3433.0,past,0
2025-07-27 04:00:00,5766.346863468635,44.68859060402684,23.7,73.05261744966442,3460.7,past,0
2025-07-27 05:00:00,9226.154981549817,44.69127516778523,23.7,73.05906040268457,3560.0,past,0
2025-07-27 06:00:00,14704.18450184502,44.69395973154362,23.7,73.06550335570469,3558.2999999999997,past,0
2025-07-27 07:00:00,18452.309963099633,44.696644295302015,23.7,73.07194630872483,4465.6,past,0
2025-07-27 08:00:00,19893.89667896679,44.6993288590604,23.7,73.07838926174496,4834.65,past,0
2025-07-27 09:00:00,16145.771217712176,44.702013422818794,23.7,73.0848322147651,5120.1,past,0
2025-07-27 10:00:00,13550.915129151292,44.70469798657718,23.7,73.09127516778523,5118.06,past,0
2025-07-27 11:00:00,12397.645756457568,44.70738255033557,23.7,73.09771812080537,4831.97,past,0
2025-07-27 12:00:00,11821.011070110704,44.71006711409396,23.7,73.1041610738255,4583.780000000001,past,0
2025-07-27 13:00:00,12109.328413284136,44.712751677852346,23.7,73.11060402684564,4405.46,past,0
2025-07-27 14:00:00,12974.280442804426,44.71543624161074,23.7,73.11704697986578,4344.969999999999,past,0
2025-07-27 15:00:00,14704.18450184502,44.718120805369125,23.7,73.1234899328859,4457.750000000001,past,0
2025-07-27 16:00:00,18163.9926199262,44.72080536912752,23.7,73.12993288590604,4531.990000000001,past,0
2025-07-27 17:00:00,22200.435424354244,44.723489932885904,23.7,73.13637583892617,4608.71,past,0
2025-07-27 18:00:00,23930.33948339484,44.7261744966443,23.7,73.14281879194631,4607.17,past,0
2025-07-27 19:00:00,20470.53136531365,44.72885906040269,23.7,73.14926174496644,4828.8,past,0
2025-07-27 20:00:00,16145.771217712176,44.73154362416108,23.7,73.15570469798658,4842.6,past,0
2025-07-27 21:00:00,12685.963099630992,44.73422818791946,23.7,73.1621476510067,4609.5,past,0
2025-07-27 22:00:00,9226.154981549817,44.73691275167785,23.7,73.16859060402685,4309.4,past,0
2025-07-27 23:00:00,7784.5682656826575,44.73959731543624,23.7,73.17503355704697,3942.78,past,0
2025-07-28 00:00:00,6088.378228782287,44.74228187919463,22.8,73.18147651006711,3781.0,past,0
2025-07-28 01:00:00,4981.400369003689,44.74496644295302,22.8,73.18791946308724,3646.0,past,0
2025-07-28 02:00:00,4151.1669741697415,44.74765100671141,22.8,73.19436241610738,3465.0,past,0
2025-07-28 03:00:00,4151.1669741697415,44.7503355704698,22.8,73.20080536912751,3477.0,past,0
2025-07-28 04:00:00,5534.889298892989,44.75302013422819,22.8,73.20724832214765,3474.3,past,0
2025-07-28 05:00:00,8855.822878228782,44.75570469798658,22.8,73.21369127516779,3411.2999999999997,past,0
2025-07-28 06:00:00,14113.967712177122,44.758389261744966,22.8,73.22013422818792,3482.5,past,0
2025-07-28 07:00:00,17711.645756457565,44.76107382550335,22.8,73.22657718120806,3944.53,past,0
2025-07-28 08:00:00,19095.368081180815,44.763758389261746,22.8,73.23302013422818,4341.91,past,0
2025-07-28 09:00:00,15497.690036900369,44.76644295302013,22.8,73.23946308724832,4878.88,past,0
2025-07-28 10:00:00,13006.989852398525,44.769127516778525,22.8,73.24590604026845,4937.35,past,0
2025-07-28 11:00:00,11900.011992619928,44.77181208053691,22.8,73.25234899328859,4897.11,past,0
2025-07-28 12:00:00,11346.52306273063,44.774496644295304,22.8,73.25879194630872,4906.79,past,0
2025-07-28 13:00:00,11623.26752767528,44.77718120805369,22.8,73.26523489932886,4767.72,past,0
2025-07-28 14:00:00,12453.500922509224,44.77986577181208,22.8,73.27167785234899,4584.33,past,0
2025-07-28 15:00:00,14113.967712177122,44.78255033557047,22.8,73.27812080536913,4366.01,past,0
2025-07-28 16:00:00,17434.901291512917,44.785234899328856,22.8,73.28456375838925,4254.96,past,0
2025-07-28 17:00:00,21309.32380073801,44.78791946308725,22.8,73.2910067114094,4116.33,past,0
2025-07-28 18:00:00,22969.790590405908,44.790604026845635,22.8,73.29744966442952,4012.7000000000007,past,0
2025-07-28 19:00:00,19648.857011070108,44.79328859060403,22.8,73.30389261744966,4332.8,past,0
2025-07-28 20:00:00,15497.690036900369,44.795973154362414,22.8,73.3103355704698,4264.8,past,0
2025-07-28 21:00:00,12176.756457564574,44.79865771812081,22.8,73.31677852348993,4121.1,past,0
2025-07-28 22:00:00,8855.822878228782,44.801342281879194,22.8,73.32322147651007,3918.400000000001,past,0
2025-07-28 23:00:00,7472.100553505536,44.80402684563759,22.8,73.3296644295302,3648.8,past,0
2025-07-29 00:00:00,5968.4538745387445,44.80671140939597,24.0,73.33610738255034,3504.35,past,0
2025-07-29 01:00:00,4883.280442804427,44.80939597315436,24.0,73.34255033557046,3554.06,past,0
2025-07-29 02:00:00,4069.40036900369,44.81208053691275,24.0,73.3489932885906,3507.22,past,0
2025-07-29 03:00:00,4069.40036900369,44.81476510067114,24.0,73.35543624161073,3388.96,past,0
2025-07-29 04:00:00,5425.867158671586,44.81744966442953,24.0,73.36187919463087,3413.03,past,0
2025-07-29 05:00:00,8681.387453874539,44.82013422818792,24.0,73.368322147651,3578.78,past,0
2025-07-29 06:00:00,13835.961254612545,44.82281879194631,24.0,73.37476510067114,4133.22,past,0
2025-07-29 07:00:00,17362.774907749077,44.8255033557047,24.0,73.38120805369127,5224.35,past,0
2025-07-29 08:00:00,18719.241697416972,44.82818791946309,24.0,73.38765100671141,5683.73,past,0
2025-07-29 09:00:00,15192.42804428044,44.83087248322147,24.0,73.39409395973153,5945.759999999999,past,0
2025-07-29 10:00:00,12750.787822878228,44.83355704697986,24.0,73.40053691275168,6432.46,past,0
2025-07-29 11:00:00,11665.61439114391,44.836241610738256,24.0,73.4069798657718,6176.4400000000005,past,0
2025-07-29 12:00:00,11123.027675276751,44.83892617449664,24.0,73.41342281879194,6147.51,past,0
2025-07-29 13:00:00,11394.321033210334,44.841610738255035,24.0,73.41986577181208,5978.09,past,0
2025-07-29 14:00:00,12208.201107011068,44.84429530201342,24.0,73.42630872483221,5753.21,past,0
2025-07-29 15:00:00,13835.961254612545,44.846979865771814,24.0,73.43275167785235,5684.490000000001,past,0
2025-07-29 16:00:00,17091.481549815497,44.8496644295302,24.0,73.43919463087248,5677.89,past,0
2025-07-29 17:00:00,20889.588560885608,44.852348993288594,24.0,73.44563758389262,5206.97,past,0
2025-07-29 18:00:00,22517.348708487087,44.85503355704698,24.0,73.45208053691275,4992.6,past,0
2025-07-29 19:00:00,19261.82841328413,44.857718120805366,24.0,73.45852348993289,5285.0,past,0
2025-07-29 20:00:00,15192.42804428044,44.86040268456376,24.0,73.46496644295301,5112.700000000001,past,0
2025-07-29 21:00:00,11936.907749077487,44.863087248322145,24.0,73.47140939597315,4761.400000000001,past,0
2025-07-29 22:00:00,8681.387453874539,44.86577181208054,24.0,73.47785234899328,4537.2,past,0
2025-07-29 23:00:00,7324.920664206642,44.868456375838925,24.0,73.48429530201342,4211.9,past,0
2025-07-30 00:00:00,6569.577490774906,44.87114093959732,22.1,73.49073825503355,4139.0,past,0
2025-07-30 01:00:00,5375.10885608856,44.873825503355704,22.1,73.49718120805369,4072.5,past,0
2025-07-30 02:00:00,4479.2573800738,44.8765100671141,22.1,73.50362416107382,3828.5,past,0
2025-07-30 03:00:00,4479.2573800738,44.87919463087248,22.1,73.51006711409396,3787.4,past,0
2025-07-30 04:00:00,5972.343173431735,44.88187919463087,22.1,73.5165100671141,3868.3,past,0
2025-07-30 05:00:00,9555.749077490776,44.88456375838926,22.1,73.52295302013422,3903.8,past,0
2025-07-30 06:00:00,15229.47509225092,44.88724832214765,22.1,73.52939597315437,4201.0,past,0
2025-07-30 07:00:00,19111.49815498155,44.88993288590604,22.1,73.53583892617449,5134.499999999999,past,0
2025-07-30 08:00:00,20604.58394833948,44.89261744966443,22.1,73.54228187919463,5699.540000000001,past,0
2025-07-30 09:00:00,16722.560885608855,44.89530201342282,22.1,73.54872483221476,5983.84,past,0
2025-07-30 10:00:00,14035.006457564574,44.89798657718121,22.1,73.5551677852349,6246.54,past,0
2025-07-30 11:00:00,12840.537822878228,44.9006711409396,22.1,73.56161073825503,6164.77,past,0
2025-07-30 12:00:00,12243.303505535056,44.90335570469799,22.1,73.56805369127517,5953.7699999999995,past,0
2025-07-30 13:00:00,12541.920664206644,44.90604026845637,22.1,73.5744966442953,5635.33,past,0
2025-07-30 14:00:00,13437.7721402214,44.908724832214766,22.1,73.58093959731544,5459.55,past,0
2025-07-30 15:00:00,15229.47509225092,44.91140939597315,22.1,73.58738255033556,5623.360000000001,past,0
2025-07-30 16:00:00,18812.880996309963,44.914093959731545,22.1,73.5938255033557,5483.5199999999995,past,0
2025-07-30 17:00:00,22993.521217712176,44.91677852348993,22.1,73.60026845637583,5154.879999999999,past,0
2025-07-30 18:00:00,24785.224169741698,44.91946308724832,22.1,73.60671140939597,4801.910000000001,past,0
2025-07-30 19:00:00,21201.818265682658,44.92214765100671,22.1,73.61315436241611,5055.8,past,0
2025-07-30 20:00:00,16722.560885608855,44.924832214765104,22.1,73.61959731543624,4906.3,past,0
2025-07-30 21:00:00,13139.154981549813,44.92751677852349,22.1,73.62604026845638,4634.400000000001,past,0
2025-07-30 22:00:00,9555.749077490776,44.93020134228187,22.1,73.6324832214765,4421.0,past,0
2025-07-30 23:00:00,8062.663284132841,44.93288590604027,22.1,73.63892617449665,4221.5,past,0
2025-07-31 00:00:00,4619.0258302583015,44.935570469798655,22.8,73.64536912751677,4080.58,past,0
2025-07-31 01:00:00,3779.20295202952,44.93825503355705,22.8,73.65181208053691,3890.87,past,0
2025-07-31 02:00:00,3149.335793357933,44.940939597315435,22.8,73.65825503355704,3708.16,past,0
2025-07-31 03:00:00,3149.335793357933,44.94362416107383,22.8,73.66469798657718,3748.72,past,0
2025-07-31 04:00:00,4199.114391143911,44.946308724832214,22.8,73.67114093959731,3833.71,past,0
2025-07-31 05:00:00,6718.5830258302585,44.94899328859061,22.8,73.67758389261745,3894.88,past,0
2025-07-31 06:00:00,10707.741697416974,44.95167785234899,22.8,73.68402684563758,4215.36,past,0
2025-07-31 07:00:00,13437.166051660515,44.95436241610738,22.8,73.69046979865772,5224.37,past,0
2025-07-31 08:00:00,14486.944649446494,44.95704697986577,22.8,73.69691275167784,5582.67,past,0
2025-07-31 09:00:00,11757.52029520295,44.95973154362416,22.8,73.70335570469798,5922.570000000001,past,0
2025-07-31 10:00:00,9867.918819188191,44.96241610738255,22.8,73.70979865771812,6341.71,past,0
2025-07-31 11:00:00,9028.095940959409,44.96510067114094,22.8,73.71624161073825,6183.88,past,0
2025-07-31 12:00:00,8608.184501845019,44.96778523489933,22.8,73.72268456375839,6116.389999999999,past,0
2025-07-31 13:00:00,8818.140221402215,44.97046979865772,22.8,73.72912751677852,5924.5199999999995,past,0
2025-07-31 14:00:00,9448.0073800738,44.97315436241611,22.8,73.73557046979866,5673.84,past,0
2025-07-31 15:00:00,10707.741697416974,44.9758389261745,22.8,73.74201342281879,5635.99,past,0
2025-07-31 16:00:00,13227.21033210332,44.97852348993288,22.8,73.74845637583893,5490.870000000001,past,0
2025-07-31 17:00:00,16166.59040590406,44.98120805369128,22.8,73.75489932885905,5270.3,past,0
2025-07-31 18:00:00,17426.324723247235,44.98389261744966,22.8,73.7613422818792,4901.36,past,0
2025-07-31 19:00:00,14906.856088560882,44.986577181208055,22.8,73.76778523489932,4829.44,past,0
2025-07-31 20:00:00,11757.52029520295,44.98926174496644,22.8,73.77422818791946,4769.22,past,0
2025-07-31 21:00:00,9238.051660516605,44.991946308724835,22.8,73.78067114093959,4461.820000000001,past,0
2025-07-31 22:00:00,6718.5830258302585,44.99463087248322,22.8,73.78711409395973,4209.0599999999995,past,0
2025-07-31 23:00:00,5668.80442804428,44.997315436241614,22.8,73.79355704697986,3819.019999999999,past,0
2025-08-01 00:00:00,6601.440959409592,45.0,23.11,73.8,3791.5,past,0
2025-08-01 01:00:00,5401.178966789667,45.0,23.11,73.8,3745.4,past,0
2025-08-01 02:00:00,4500.982472324723,45.0,23.11,73.8,3692.0,past,0
2025-08-01 03:00:00,4500.982472324723,45.0,23.11,73.8,3632.0,past,0
2025-08-01 04:00:00,6001.309963099631,45.0,23.11,73.8,3621.6,past,0
2025-08-01 05:00:00,9602.095940959409,45.0,23.11,73.8,3881.8,past,0
2025-08-01 06:00:00,15303.340405904057,45.0,23.11,73.8,4052.1,past,0
2025-08-01 07:00:00,19204.191881918818,45.0,23.11,73.8,5061.92,past,0
2025-08-01 08:00:00,20704.519372693725,45.0,23.11,73.8,5413.4400000000005,past,0
2025-08-01 09:00:00,16803.667896678966,45.0,23.11,73.8,5669.82,past,0
2025-08-01 10:00:00,14103.07841328413,45.0,23.11,73.8,5981.15,past,0
2025-08-01 11:00:00,12902.816420664203,45.0,23.11,73.8,5935.15,past,0
2025-08-01 12:00:00,12302.685424354244,45.0,23.11,73.8,5799.16,past,0
2025-08-01 13:00:00,12602.750922509224,45.0,23.11,73.8,5516.41,past,0
2025-08-01 14:00:00,13502.947416974168,45.0,23.11,73.8,5369.349999999999,past,0
2025-08-01 15:00:00,15303.340405904057,45.0,23.11,73.8,5423.839999999999,past,0
2025-08-01 16:00:00,18904.126383763836,45.0,23.11,73.8,5308.75,past,0
2025-08-01 17:00:00,23105.043357933577,45.0,23.11,73.8,5051.89,past,0
2025-08-01 18:00:00,24905.43634686347,45.0,23.11,73.8,4946.5,past,0
2025-08-01 19:00:00,21304.650369003684,45.0,23.11,73.8,4992.9,past,0
2025-08-01 20:00:00,16803.667896678966,45.0,23.11,73.8,4842.4,past,0
2025-08-01 21:00:00,13202.881918819185,45.0,23.11,73.8,4628.3,past,0
2025-08-01 22:00:00,9602.095940959409,45.0,23.11,73.8,4398.5,past,0
2025-08-01 23:00:00,8101.768450184501,45.0,23.11,73.8,4041.3,past,0
2025-08-02 00:00:00,5664.878228782287,45.0,23.235,74.6,3769.47,past,0
2025-08-02 01:00:00,4634.900369003689,45.0,23.235,74.6,3743.63,past,0
2025-08-02 02:00:00,3862.416974169741,45.0,23.235,74.6,3605.83,past,0
2025-08-02 03:00:00,3862.416974169741,45.0,23.235,74.6,3631.74,past,0
2025-08-02 04:00:00,5149.889298892989,45.0,23.235,74.6,3549.5899999999997,past,0
2025-08-02 05:00:00,8239.822878228782,45.0,23.235,74.6,3618.329999999999,past,0
2025-08-02 06:00:00,13132.21771217712,45.0,23.235,74.6,4120.5599999999995,past,0
2025-08-02 07:00:00,16479.645756457565,45.0,23.235,74.6,5112.71,past,0
2025-08-02 08:00:00,17767.11808118081,45.0,23.235,74.6,5490.91,past,0
2025-08-02 09:00:00,14419.690036900369,45.0,23.235,74.6,5703.1,past,0
2025-08-02 10:00:00,12102.239852398525,45.0,23.235,74.6,5877.610000000001,past,0
2025-08-02 11:00:00,11072.261992619926,45.0,23.235,74.6,5862.549999999999,past,0
2025-08-02 12:00:00,10557.273062730628,45.0,23.235,74.6,5674.34,past,0
2025-08-02 13:00:00,10814.767527675278,45.0,23.235,74.6,5552.85,past,0
2025-08-02 14:00:00,11587.250922509224,45.0,23.235,74.6,5212.03,past,0
2025-08-02 15:00:00,13132.21771217712,45.0,23.235,74.6,5222.65,past,0
2025-08-02 16:00:00,16222.151291512915,45.0,23.235,74.6,4989.49,past,0
2025-08-02 17:00:00,19827.07380073801,45.0,23.235,74.6,4858.549999999999,past,0
2025-08-02 18:00:00,21372.040590405904,45.0,23.235,74.6,4874.7,past,0
2025-08-02 19:00:00,18282.107011070108,45.0,23.235,74.6,5076.1,past,0
2025-08-02 20:00:00,14419.690036900369,45.0,23.235,74.6,4852.03,past,0
2025-08-02 21:00:00,11329.756457564574,45.0,23.235,74.6,4708.2,past,0
2025-08-02 22:00:00,8239.822878228782,45.0,23.235,74.6,4319.04,past,0
2025-08-02 23:00:00,6952.350553505535,45.0,23.235,74.6,3910.03,past,0
2025-08-03 00:00:00,6427.145756457563,48.0,23.285,68.0,3735.65,past,0
2025-08-03 01:00:00,5258.573800738007,48.0,23.285,68.0,3618.55,past,0
2025-08-03 02:00:00,4382.1448339483395,48.0,23.285,68.0,3541.3,past,0
2025-08-03 03:00:00,4382.1448339483395,48.0,23.285,68.0,3491.46,past,0
2025-08-03 04:00:00,5842.859778597786,48.0,23.285,68.0,3592.6099999999997,past,0
2025-08-03 05:00:00,9348.575645756458,48.0,23.285,68.0,3556.53,past,0
2025-08-03 06:00:00,14899.292435424357,48.0,23.285,68.0,3771.51,past,0
2025-08-03 07:00:00,18697.151291512917,48.0,23.285,68.0,4564.94,past,0
2025-08-03 08:00:00,20157.866236162365,48.0,23.285,68.0,4851.32,past,0
2025-08-03 09:00:00,16360.0073800738,48.0,23.285,68.0,5240.71,past,0
2025-08-03 10:00:00,13730.720479704798,48.0,23.285,68.0,5666.84,past,0
2025-08-03 11:00:00,12562.14852398524,48.0,23.285,68.0,5504.249999999999,past,0
2025-08-03 12:00:00,11977.862546125463,48.0,23.285,68.0,5369.99,past,0
2025-08-03 13:00:00,12270.005535055354,48.0,23.285,68.0,5179.99,past,0
2025-08-03 14:00:00,13146.434501845017,48.0,23.285,68.0,4872.1,past,0
2025-08-03 15:00:00,14899.292435424357,48.0,23.285,68.0,4969.099999999999,past,0
2025-08-03 16:00:00,18405.008302583028,48.0,23.285,68.0,4871.4,past,0
2025-08-03 17:00:00,22495.010147601475,48.0,23.285,68.0,4618.530000000001,past,0
2025-08-03 18:00:00,24247.86808118082,48.0,23.285,68.0,4555.86,past,0
2025-08-03 19:00:00,20742.152214022135,48.0,23.285,68.0,4876.0599999999995,past,0
2025-08-03 20:00:00,16360.0073800738,48.0,23.285,68.0,4716.42,past,0
2025-08-03 21:00:00,12854.291512915126,48.0,23.285,68.0,4537.22,past,0
2025-08-03 22:00:00,9348.575645756458,48.0,23.285,68.0,4166.01,past,0
2025-08-03 23:00:00,7887.860701107012,48.0,23.285,68.0,3875.999999999999,past,0
2025-08-04 00:00:00,5616.088560885608,43.0,24.21,66.6,3661.8,past,0
2025-08-04 01:00:00,4594.981549815498,43.0,24.21,66.6,3657.5,past,0
2025-08-04 02:00:00,3829.151291512915,43.0,24.21,66.6,3528.0,past,0
2025-08-04 03:00:00,3829.151291512915,43.0,24.21,66.6,3386.2999999999997,past,0
2025-08-04 04:00:00,5105.535055350553,43.0,24.21,66.6,3479.4,past,0
2025-08-04 05:00:00,8168.856088560887,43.0,24.21,66.6,3471.1,past,0
2025-08-04 06:00:00,13019.114391143912,43.0,24.21,66.6,3850.3,past,0
2025-08-04 07:00:00,16337.712177121772,43.0,24.21,66.6,4028.57,past,0
2025-08-04 08:00:00,17614.095940959414,43.0,24.21,66.6,4440.14,past,0
2025-08-04 09:00:00,14295.498154981547,43.0,24.21,66.6,5090.7,past,0
2025-08-04 10:00:00,11998.0073800738,43.0,24.21,66.6,5300.36,past,0
2025-08-04 11:00:00,10976.900369003692,43.0,24.21,66.6,5079.09,past,0
2025-08-04 12:00:00,10466.346863468638,43.0,24.21,66.6,5127.91,past,0
2025-08-04 13:00:00,10721.623616236166,43.0,24.21,66.6,4756.52,past,0
2025-08-04 14:00:00,11487.453874538744,43.0,24.21,66.6,4642.35,past,0
2025-08-04 15:00:00,13019.114391143912,43.0,24.21,66.6,4407.0,past,0
2025-08-04 16:00:00,16082.435424354244,43.0,24.21,66.6,4272.58,past,0
2025-08-04 17:00:00,19656.30996309963,43.0,24.21,66.6,4063.69,past,0
2025-08-04 18:00:00,21187.970479704803,43.0,24.21,66.6,3857.54,past,0
2025-08-04 19:00:00,18124.649446494463,43.0,24.21,66.6,4309.0,past,0
2025-08-04 20:00:00,14295.498154981547,43.0,24.21,66.6,4217.7,past,0
2025-08-04 21:00:00,11232.177121771216,43.0,24.21,66.6,4096.6,past,0
2025-08-04 22:00:00,8168.856088560887,43.0,24.21,66.6,3910.0,past,0
2025-08-04 23:00:00,6892.472324723248,43.0,24.21,66.6,3624.0,past,0
2025-08-05 00:00:00,4787.029520295202,44.0,23.4,68.8,3480.52,past,0
2025-08-05 01:00:00,3916.6605166051654,44.0,23.4,68.8,3487.7000000000003,past,0
2025-08-05 02:00:00,3263.883763837638,44.0,23.4,68.8,3403.82,past,0
2025-08-05 03:00:00,3263.883763837638,44.0,23.4,68.8,3390.28,past,0
2025-08-05 04:00:00,4351.845018450184,44.0,23.4,68.8,3423.35,past,0
2025-08-05 05:00:00,6962.952029520295,44.0,23.4,68.8,3629.43,past,0
2025-08-05 06:00:00,11097.204797047969,44.0,23.4,68.8,4010.22,past,0
2025-08-05 07:00:00,13925.90405904059,44.0,23.4,68.8,5166.5599999999995,past,0
2025-08-05 08:00:00,15013.865313653136,44.0,23.4,68.8,5551.459999999999,past,0
2025-08-05 09:00:00,12185.166051660515,44.0,23.4,68.8,6074.120000000001,past,0
2025-08-05 10:00:00,10226.835793357932,44.0,23.4,68.8,6471.23,past,0
2025-08-05 11:00:00,9356.466789667897,44.0,23.4,68.8,6185.24,past,0
2025-08-05 12:00:00,8921.282287822878,44.0,23.4,68.8,6137.15,past,0
2025-08-05 13:00:00,9138.874538745387,44.0,23.4,68.8,5911.19,past,0
2025-08-05 14:00:00,9791.651291512911,44.0,23.4,68.8,5732.1900000000005,past,0
2025-08-05 15:00:00,11097.204797047969,44.0,23.4,68.8,5724.460000000001,past,0
2025-08-05 16:00:00,13708.31180811808,44.0,23.4,68.8,5714.97,past,0
2025-08-05 17:00:00,16754.60332103321,44.0,23.4,68.8,5359.47,past,0
2025-08-05 18:00:00,18060.156826568265,44.0,23.4,68.8,5174.110000000001,past,0
2025-08-05 19:00:00,15449.049815498152,44.0,23.4,68.8,5207.210000000001,past,0
2025-08-05 20:00:00,12185.166051660515,44.0,23.4,68.8,4971.73,past,0
2025-08-05 21:00:00,9574.059040590404,44.0,23.4,68.8,4652.089999999999,past,0
2025-08-05 22:00:00,6962.952029520295,44.0,23.4,68.8,4195.91,past,0
2025-08-05 23:00:00,5874.990774907749,44.0,23.4,68.8,3859.41,past,0
2025-08-06 00:00:00,6630.970479704795,45.0,22.865,75.4,3711.97,past,0
2025-08-06 01:00:00,5425.339483394833,45.0,22.865,75.4,3694.27,past,0
2025-08-06 02:00:00,4521.116236162361,45.0,22.865,75.4,3632.39,past,0
2025-08-06 03:00:00,4521.116236162361,45.0,22.865,75.4,3583.63,past,0
2025-08-06 04:00:00,6028.154981549816,45.0,22.865,75.4,3596.55,past,0
2025-08-06 05:00:00,9645.047970479704,45.0,22.865,75.4,3619.12,past,0
2025-08-06 06:00:00,15371.795202952027,45.0,22.865,75.4,4055.55,past,0
2025-08-06 07:00:00,19290.09594095941,45.0,22.865,75.4,5043.9800000000005,past,0
2025-08-06 08:00:00,20797.134686346864,45.0,22.865,75.4,5352.27,past,0
2025-08-06 09:00:00,16878.83394833948,45.0,22.865,75.4,5858.01,past,0
2025-08-06 10:00:00,14166.164206642065,45.0,22.865,75.4,6121.0,past,0
2025-08-06 11:00:00,12960.533210332102,45.0,22.865,75.4,5973.8,past,0
2025-08-06 12:00:00,12357.717712177122,45.0,22.865,75.4,5819.4,past,0
2025-08-06 13:00:00,12659.125461254613,45.0,22.865,75.4,5643.1,past,0
2025-08-06 14:00:00,13563.348708487085,45.0,22.865,75.4,5579.7,past,0
2025-08-06 15:00:00,15371.795202952027,45.0,22.865,75.4,5543.6,past,0
2025-08-06 16:00:00,18988.688191881916,45.0,22.865,75.4,5411.6,past,0
2025-08-06 17:00:00,23208.396678966787,45.0,22.865,75.4,4904.900000000001,past,0
2025-08-06 18:00:00,25016.843173431735,45.0,22.865,75.4,4832.799999999999,past,0
2025-08-06 19:00:00,21399.95018450184,45.0,22.865,75.4,4970.8,past,0
2025-08-06 20:00:00,16878.83394833948,45.0,22.865,75.4,4890.8,past,0
2025-08-06 21:00:00,13261.94095940959,45.0,22.865,75.4,4722.4,past,0
2025-08-06 22:00:00,9645.047970479704,45.0,22.865,75.4,4340.4,past,0
2025-08-06 23:00:00,8138.009225092251,45.0,22.865,75.4,3982.3,past,0
2025-08-07 00:00:00,4871.701107011069,49.0,22.92,76.9,3845.0,past,0
2025-08-07 01:00:00,3985.937269372693,49.0,22.92,76.9,3756.9,past,0
2025-08-07 02:00:00,3321.614391143911,49.0,22.92,76.9,3594.3,past,0
2025-08-07 03:00:00,3321.614391143911,49.0,22.92,76.9,3587.1,past,0
2025-08-07 04:00:00,4428.819188191882,49.0,22.92,76.9,3578.9,past,0
2025-08-07 05:00:00,7086.110701107011,49.0,22.92,76.9,3800.5,past,0
2025-08-07 06:00:00,11293.488929889298,49.0,22.92,76.9,4082.7,past,0
2025-08-07 07:00:00,14172.221402214022,49.0,22.92,76.9,5053.719999999999,past,0
2025-08-07 08:00:00,15279.426199261992,49.0,22.92,76.9,5381.93,past,0
2025-08-07 09:00:00,12400.693726937268,49.0,22.92,76.9,5826.86,past,0
2025-08-07 10:00:00,10407.72509225092,49.0,22.92,76.9,5904.049999999999,past,0
2025-08-07 11:00:00,9521.961254612545,49.0,22.92,76.9,5659.62,past,0
2025-08-07 12:00:00,9079.079335793358,49.0,22.92,76.9,5585.05,past,0
2025-08-07 13:00:00,9300.520295202952,49.0,22.92,76.9,5455.87,past,0
2025-08-07 14:00:00,9964.843173431733,49.0,22.92,76.9,5221.01,past,0
2025-08-07 15:00:00,11293.488929889298,49.0,22.92,76.9,5399.23,past,0
2025-08-07 16:00:00,13950.780442804427,49.0,22.92,76.9,5324.0599999999995,past,0
2025-08-07 17:00:00,17050.953874538744,49.0,22.92,76.9,5045.7,past,0
2025-08-07 18:00:00,18379.599630996312,49.0,22.92,76.9,4864.53,past,0
2025-08-07 19:00:00,15722.308118081177,49.0,22.92,76.9,5146.6,past,0
2025-08-07 20:00:00,12400.693726937268,49.0,22.92,76.9,4929.2,past,0
2025-08-07 21:00:00,9743.40221402214,49.0,22.92,76.9,4661.2,past,0
2025-08-07 22:00:00,7086.110701107011,49.0,22.92,76.9,4355.299999999999,past,0
2025-08-07 23:00:00,5978.90590405904,49.0,22.92,76.9,3898.8,past,0
2025-08-08 00:00:00,5747.763837638375,44.0,23.525,73.6,3772.6,past,0
2025-08-08 01:00:00,4702.71586715867,44.0,23.525,73.6,3583.0,past,0
2025-08-08 02:00:00,3918.929889298892,44.0,23.525,73.6,3554.3999999999996,past,0
2025-08-08 03:00:00,3918.929889298892,44.0,23.525,73.6,3578.9,past,0
2025-08-08 04:00:00,5225.239852398524,44.0,23.525,73.6,3646.9,past,0
2025-08-08 05:00:00,8360.383763837639,44.0,23.525,73.6,3851.7,past,0
2025-08-08 06:00:00,13324.361623616234,44.0,23.525,73.6,4187.9,past,0
2025-08-08 07:00:00,16720.767527675278,44.0,23.525,73.6,5148.7,past,0
2025-08-08 08:00:00,18027.077490774907,44.0,23.525,73.6,5540.1,past,0
2025-08-08 09:00:00,14630.671586715864,44.0,23.525,73.6,5846.200000000001,past,0
2025-08-08 10:00:00,12279.31365313653,44.0,23.525,73.6,5855.0,past,0
2025-08-08 11:00:00,11234.265682656824,44.0,23.525,73.6,5786.1,past,0
2025-08-08 12:00:00,10711.741697416974,44.0,23.525,73.6,5614.6,past,0
2025-08-08 13:00:00,10973.0036900369,44.0,23.525,73.6,5492.6,past,0
2025-08-08 14:00:00,11756.789667896675,44.0,23.525,73.6,5370.4,past,0
2025-08-08 15:00:00,13324.361623616234,44.0,23.525,73.6,5357.3,past,0
2025-08-08 16:00:00,16459.50553505535,44.0,23.525,73.6,5206.2,past,0
2025-08-08 17:00:00,20117.17343173431,44.0,23.525,73.6,4916.0,past,0
2025-08-08 18:00:00,21684.745387453877,44.0,23.525,73.6,4888.3,past,0
2025-08-08 19:00:00,18549.601476014755,44.0,23.525,73.6,5209.799999999999,past,0
2025-08-08 20:00:00,14630.671586715864,44.0,23.525,73.6,5013.4,past,0
2025-08-08 21:00:00,11495.52767527675,44.0,23.525,73.6,4709.3,past,0
2025-08-08 22:00:00,8360.383763837639,44.0,23.525,73.6,4382.2,past,0
2025-08-08 23:00:00,7054.073800738007,44.0,23.525,73.6,4070.999999999999,past,0
2025-08-09 00:00:00,5747.601476014759,57.0,24.3,69.7,3868.9,past,0
2025-08-09 01:00:00,4702.583025830258,57.0,24.3,69.7,3703.0,past,0
2025-08-09 02:00:00,3918.8191881918815,57.0,24.3,69.7,3663.8,past,0
2025-08-09 03:00:00,3918.8191881918815,57.0,24.3,69.7,3653.3,past,0
2025-08-09 04:00:00,5225.092250922509,57.0,24.3,69.7,3647.81,past,0
2025-08-09 05:00:00,8360.147601476014,57.0,24.3,69.7,3952.3,past,0
2025-08-09 06:00:00,13323.985239852396,57.0,24.3,69.7,4191.9,past,0
2025-08-09 07:00:00,16720.295202952027,57.0,24.3,69.7,5298.36,past,0
2025-08-09 08:00:00,18026.568265682658,57.0,24.3,69.7,5585.6,past,0
2025-08-09 09:00:00,14630.258302583024,57.0,24.3,69.7,6052.2,past,0
2025-08-09 10:00:00,12278.966789667897,57.0,24.3,69.7,6013.4,past,0
2025-08-09 11:00:00,11233.948339483391,57.0,24.3,69.7,5931.6,past,0
2025-08-09 12:00:00,10711.439114391143,57.0,24.3,69.7,5895.8,past,0
2025-08-09 13:00:00,10972.69372693727,57.0,24.3,69.7,5587.9,past,0
2025-08-09 14:00:00,11756.457564575643,57.0,24.3,69.7,5425.2,past,0
2025-08-09 15:00:00,13323.985239852396,57.0,24.3,69.7,5304.51,past,0
2025-08-09 16:00:00,16459.040590405904,57.0,24.3,69.7,5259.0,past,0
2025-08-09 17:00:00,20116.60516605166,57.0,24.3,69.7,5168.3,past,0
2025-08-09 18:00:00,21684.132841328417,57.0,24.3,69.7,5005.7,past,0
2025-08-09 19:00:00,18549.077490774904,57.0,24.3,69.7,5185.5,past,0
2025-08-09 20:00:00,14630.258302583024,57.0,24.3,69.7,4999.8,past,0
2025-08-09 21:00:00,11495.202952029518,57.0,24.3,69.7,4808.7,past,0
2025-08-09 22:00:00,8360.147601476014,57.0,24.3,69.7,4434.9,past,0
2025-08-09 23:00:00,7053.874538745387,57.0,24.3,69.7,4145.5,present,0
2025-08-10 00:00:00,6173.6243351918765,54.92804806436523,24.064160950729406,70.49611509581614,4064.094301623467,future,1
2025-08-10 01:00:00,5578.139030362519,55.06797897935247,23.95860246333697,70.53306056640349,4080.9644512793175,future,2
2025-08-10 02:00:00,5500.693418768746,55.0703502683065,23.837323327308027,70.57550826401362,3864.775814512861,future,3
2025-08-10 03:00:00,6400.836014867704,54.69414258504863,23.69276737551011,70.62610284714289,3771.593544406239,future,4
2025-08-10 04:00:00,7254.125981256542,54.29183986468615,23.558338965960427,70.67315279048528,3837.3081878845715,future,5
2025-08-10 05:00:00,8519.917121601342,53.64437587798477,23.42528639156345,70.71972119152423,3928.8374068361204,future,6
2025-08-10 06:00:00,11915.889876133057,53.4671928686129,23.29869332031423,70.76402876646145,3951.7115795362943,future,7
2025-08-10 07:00:00,15707.459157935367,53.18631222071686,23.179203651517348,70.80585015054037,4242.975763014494,future,8
2025-08-10 08:00:00,18116.57585868614,52.749307926218336,23.058562064826816,70.84807470588204,4502.115058864418,future,9
2025-08-10 09:00:00,16654.3073658819,52.47706987913068,22.94644702459594,70.88731496996284,5082.867571787284,future,10
2025-08-10 10:00:00,15034.93204876798,52.013133717814966,22.832475515917483,70.9272049980003,5428.96427738797,future,11
2025-08-10 11:00:00,13848.768436191533,51.48486765150421,22.706975044874532,70.97113016286535,5417.734985039175,future,12
2025-08-10 12:00:00,13255.158813249087,50.81963847479635,22.58471910803896,71.0139197407578,5353.365780429516,future,13
2025-08-10 13:00:00,13805.278194617238,50.26075393412607,22.488428696799346,71.04762138469165,5060.5491824828505,future,14
2025-08-10 14:00:00,14748.13306695413,49.66787961394659,22.389515074043832,71.0822411526561,4784.264252272735,future,15
2025-08-10 15:00:00,15744.942831360357,49.255750143073726,22.30505388661598,71.11180256825584,4702.367732704468,future,16
2025-08-10 16:00:00,18645.68136210015,48.91682689407337,22.22513698665672,71.13977348324158,4653.58346529157,future,17
2025-08-10 17:00:00,22391.993478070865,48.56144087335572,22.1439868385305,71.16817603508575,4423.250875216176,future,18
2025-08-10 18:00:00,24036.583085844555,48.123928827271484,22.03663390540337,71.20574956168025,4191.420510410631,future,19
2025-08-10 19:00:00,21982.609283871578,47.68054132079524,21.919230083532355,71.24684089933511,4271.773773999717,future,20
2025-08-10 20:00:00,18197.6845000021,47.14000340836551,21.827607246066606,71.27890889244811,4167.484867826239,future,21
2025-08-10 21:00:00,15146.806130226774,46.73009557601533,21.710873269098165,71.31976578438707,3923.731050025932,future,22
2025-08-10 22:00:00,12561.26163051075,46.40121749264185,21.593754129264454,71.36075748332887,3662.0424813983386,future,23
2025-08-10 23:00:00,11321.253390003165,45.99243337763595,21.51056038113868,71.38987529517289,3390.9223546482426,future,24
