,traffic_flow,aqi,electricity_demand,temperature,humidity,hour,day_of_week,month,is_weekend,hour_sin,hour_cos,dow_sin,dow_cos,season_sin,season_cos,traffic_flow_lag_1,traffic_flow_lag_2,traffic_flow_lag_3,traffic_flow_lag_6,traffic_flow_lag_12,traffic_flow_lag_24,aqi_lag_1,aqi_lag_2,aqi_lag_3,aqi_lag_6,aqi_lag_12,aqi_lag_24,electricity_demand_lag_1,electricity_demand_lag_2,electricity_demand_lag_3,electricity_demand_lag_6,electricity_demand_lag_12,electricity_demand_lag_24,temperature_lag_1,temperature_lag_2,temperature_lag_3,temperature_lag_6,temperature_lag_12,temperature_lag_24,humidity_lag_1,humidity_lag_2,humidity_lag_3,humidity_lag_6,humidity_lag_12,humidity_lag_24,traffic_flow_roll_mean_6,traffic_flow_roll_std_6,traffic_flow_roll_min_6,traffic_flow_roll_max_6,traffic_flow_roll_mean_12,traffic_flow_roll_std_12,traffic_flow_roll_min_12,traffic_flow_roll_max_12,traffic_flow_roll_mean_24,traffic_flow_roll_std_24,traffic_flow_roll_min_24,traffic_flow_roll_max_24,aqi_roll_mean_6,aqi_roll_std_6,aqi_roll_min_6,aqi_roll_max_6,aqi_roll_mean_12,aqi_roll_std_12,aqi_roll_min_12,aqi_roll_max_12,aqi_roll_mean_24,aqi_roll_std_24,aqi_roll_min_24,aqi_roll_max_24,electricity_demand_roll_mean_6,electricity_demand_roll_std_6,electricity_demand_roll_min_6,electricity_demand_roll_max_6,electricity_demand_roll_mean_12,electricity_demand_roll_std_12,electricity_demand_roll_min_12,electricity_demand_roll_max_12,electricity_demand_roll_mean_24,electricity_demand_roll_std_24,electricity_demand_roll_min_24,electricity_demand_roll_max_24,temperature_roll_mean_6,temperature_roll_std_6,temperature_roll_min_6,temperature_roll_max_6,temperature_roll_mean_12,temperature_roll_std_12,temperature_roll_min_12,temperature_roll_max_12,temperature_roll_mean_24,temperature_roll_std_24,temperature_roll_min_24,temperature_roll_max_24,humidity_roll_mean_6,humidity_roll_std_6,humidity_roll_min_6,humidity_roll_max_6,humidity_roll_mean_12,humidity_roll_std_12,humidity_roll_min_12,humidity_roll_max_12,humidity_roll_mean_24,humidity_roll_std_24,humidity_roll_min_24,humidity_roll_max_24
traffic_flow,1.0,0.02395849807060965,0.2506956559669731,-0.020428424532617968,0.015463640316348419,0.4327509036351986,-0.06274318549526053,-0.02275125557122502,-0.024092425669711794,-0.35984026713036327,-0.4522194208085187,0.034678254869007115,0.03612362940988926,-0.007958765802511618,0.04751540488269731,0.9014177806224136,0.6607698766375536,0.36539546597318234,-0.21193920395513066,0.10280392926452789,0.7632514001077817,0.023966401118410748,0.023871387672726813,0.02369919776066847,0.023747486096049937,0.028871270844190396,0.038101714404463694,0.24951713055380578,0.256117899229003,0.2689103121564143,0.26971177136531405,-0.3896077640125248,0.2274593853036429,-0.020381726950111128,-0.02034271775528276,-0.020309474854569458,-0.020167461650733035,-0.01950672067084222,-0.018545588318394937,0.014593801372871302,0.01370933913234733,0.012813963300461665,0.010215470155958932,0.0058093598396792455,-0.0025067636037143723,0.6142722656179181,0.3605154737488428,0.5705109765708518,0.6223513213295044,0.33503983428041456,-0.2562388529643927,0.5739602720456345,0.1807277273950714,0.24847927426149194,0.18708198698337616,0.4563946182840349,0.2596596663189831,0.023821278683447123,-0.3906105747043417,0.0567879448102995,-0.008472239946059314,0.02508047451001656,-0.16468728123999551,0.047286764671017445,0.006291467566198392,0.02948582793767707,0.12580707037033353,0.02494145527020159,0.036855288128017395,0.28483748451424906,0.23272908518398366,0.22172911174221066,0.3182531566165909,0.17937090463933353,-0.015494400116955825,0.10808436031448283,0.10381192524387274,0.03181671799166233,0.0909163074178022,0.025154641239714715,0.05502941628766149,-0.020372015744814422,-0.45435744670706807,0.011051670699608591,-0.051916283880524945,-0.02018995241084461,-0.19455408498163557,-0.0009938729978675918,-0.039347302328911433,-0.019746635814070112,0.16542547803618873,-0.02726937665966251,-0.01182289606035415,0.013349802726159881,-0.4198818141062194,0.06533422413996418,-0.03983186729490206,0.010988659925904039,-0.1793630333549234,0.04243597905403797,-0.021673407425460645,0.0066060572772818375,0.14098786816682826,-0.00551050877075173,0.020829492231886668
aqi,0.02395849807060965,1.0,0.5842711216803129,0.5998652261790196,-0.39301247989466953,-0.0001758650829987089,0.04118277121673995,-0.8303721061489414,0.013112083029317677,0.00013645586966719878,1.7964756052122604e-05,-0.009393714880321218,-0.0394377094339091,0.7146667098157582,0.8407266497255647,0.024819155065293006,0.02585158921683867,0.02729453327024556,0.034043403625489965,0.04462399457533289,0.059860632682664935,0.9969652351467395,0.9939306077035744,0.9908961317571547,0.9817937537139193,0.9635949882136327,0.9272320444234253,0.5843688767871185,0.5843469831908211,0.5845977580238862,0.5855391557465839,0.5844821237948137,0.5795620240461022,0.5982622291437927,0.5966585987058681,0.5950543348680809,0.5902377429838974,0.5805874578012573,0.5612184839170508,-0.3916566460359233,-0.39029885611246856,-0.3889391938201664,-0.3848498096321422,-0.37663178452726964,-0.36010195336044754,0.03413793256060255,0.035602739510257754,0.024367735771170112,0.04375372391941082,0.05943239865647152,0.0628505491930053,0.022018568904445708,0.08153805945741173,0.12148534687255044,0.1157250954582794,0.05838475840135185,0.1266603782553101,0.9953535585180375,0.15568404486995627,0.9928338323691314,0.9928580432003034,0.9892875872406705,0.24314567729155706,0.9851371147295361,0.9856301713719448,0.9770074716144653,0.4046388271734561,0.9730791770153989,0.9750855113747317,0.6284280599569377,0.12184235683398456,0.6240229095996449,0.616802434835045,0.7069730531762441,0.14840775518359844,0.7496344443798175,0.6830202243744572,0.8072154577974695,0.26629376351733997,0.814471780879801,0.7746138649573374,0.5971264484795124,-0.07853575086690062,0.5997458868896696,0.5923385603005022,0.5936208440742888,-0.1255772759111549,0.6001206690128247,0.5837458525081382,0.5865209803550215,-0.22590255817373983,0.6025446540974174,0.5679650913819904,-0.392336180093001,0.04108635687538112,-0.39114760267444737,-0.3888522301617389,-0.39109301693324294,0.06506816790759633,-0.38990023651004085,-0.3848390509803888,-0.38853918002215626,0.11187404769289021,-0.3905112764754314,-0.3803519254486924
electricity_demand,0.2506956559669731,0.5842711216803129,1.0,0.5397567019926781,-0.39770628092806826,0.1417083800777491,-0.11656260816255018,-0.54752696485259,-0.16154373432609195,-0.1266731364525594,-0.5668550645136352,0.11446758070982463,-0.10456373373273706,0.5519912647398015,0.5230858372682051,0.26547991663229226,0.26761352447660525,0.23460504300441926,-0.04697765846285694,-0.3773093132729812,0.23741631243251532,0.5840295949152974,0.5839715455123915,0.58381833782232,0.5835094817221149,0.586182027507357,0.5914898394837089,0.9583118383978906,0.8804729181141379,0.7827882618271118,0.47444792161414534,0.21937274127380882,0.9095347563478734,0.5398710514021474,0.5400103161538741,0.5401478065168642,0.5401037919515116,0.5358103878664657,0.5201571691529155,-0.3984656233611316,-0.3995543299747145,-0.400328291421078,-0.40319152644685663,-0.4036325856821925,-0.39607148095187844,0.26142173440404987,-0.06320087350761643,0.3248632346184071,0.17565229931195686,-0.0530104651628704,-0.0810509527245601,-0.07047550894843725,-0.11993204224278256,0.08841570784687908,0.14227814302492353,0.09912504591244405,0.15880726147101648,0.5856179623493972,-0.0652495742258958,0.5974569108892489,0.5712632520455012,0.5874462914162459,0.011813299457406924,0.5979918731831452,0.57455870626664,0.5941103774906829,0.3799844499000843,0.5848473700335853,0.600833522595207,0.8714578871546602,0.38612773469036443,0.787111028878684,0.8998846348886899,0.6821772202635992,0.44017712482752525,0.6512556070731583,0.7755947071016812,0.7042641336160088,0.3435870185266644,0.6927521800825218,0.7194354100776301,0.5411872860007453,-0.2879782792881733,0.5585804699832659,0.5216332043981993,0.5416317058468839,-0.26787405982031554,0.5576202877404697,0.5202259567085873,0.5389290508716171,-0.011291200860439917,0.5396787696003819,0.5288923514449588,-0.4027195139933233,-0.16238074225019683,-0.37596753065193605,-0.42524882358692034,-0.4075171946731954,-0.11564735583783864,-0.3795972709569117,-0.4266590409110636,-0.41381938306602223,0.20939218551906838,-0.4117663986510616,-0.4003418359058895
temperature,-0.020428424532617968,0.5998652261790196,0.5397567019926781,1.0,-0.7590443733623448,-7.414784507748355e-16,0.004735389430863339,-0.5022896438967561,-0.00816035123952758,2.817026179629726e-17,1.993271565009126e-17,0.010594007450916067,-0.043336980824626566,0.8110937487891425,0.3188430539670916,-0.02024529564986068,-0.020028221877580556,-0.019729644962191168,-0.018354044313058926,-0.01620032350733216,-0.013133256235977523,0.5997804215691791,0.5996953562581776,0.5996100302629632,0.5993524883397848,0.5988303682524354,0.597757995007116,0.5396452139087733,0.5394895051640688,0.5395351140319214,0.5395352256410563,0.5350819911426878,0.5301832198625663,0.9978132609894662,0.99562652857168,0.9934398027465755,0.9868796648265512,0.9737595669786863,0.9475200831953872,-0.7570910184140529,-0.7551358100999288,-0.7531787484817154,-0.7472964444199206,-0.735481805419114,-0.7116524505455813,-0.024912700658499497,-0.017791592168180576,-0.021382949342104975,-0.02789938167739086,-0.03329437779130702,-0.023731954023033925,-0.020939715626263497,-0.03886184087498132,-0.04640736092301729,-0.02203971770161322,-0.06477853852546069,-0.036773202290412026,0.6014291277514264,0.1348836162622306,0.5964442277339153,0.6032938382209336,0.6030380078837816,0.210639919836245,0.592914874435812,0.6079738702633818,0.6062512717992801,0.3505260764118226,0.5879957589016442,0.6190463828794623,0.580045159669252,0.054431955885677126,0.5934224171105554,0.5498880571853367,0.6510056470340203,0.03658403906780233,0.7207952158086208,0.5814849147132832,0.74072681139958,0.028316715559382113,0.7595112495842173,0.6384271472675986,0.9966542925169103,-0.05651566278882987,0.9958264307098736,0.9938977418619359,0.9922919812090908,-0.0903188236025899,0.9917086501001554,0.9874059142427647,0.9834779389669325,-0.16230099068621434,0.9863009440645794,0.9771844681631849,-0.759418970918627,0.06487994212486402,-0.755575478083735,-0.754254495090936,-0.7590779932479333,0.10257274029040932,-0.7533637284900881,-0.7505131489882685,-0.758376972732583,0.17661316706629776,-0.7549354037264169,-0.7504322757434193
humidity,0.015463640316348419,-0.39301247989466953,-0.39770628092806826,-0.7590443733623448,1.0,0.002972697632680138,0.004892466206369679,0.48601336191516725,-0.02479174554012913,-0.002306552465160482,-0.0003036633928548081,-0.011764340753014177,-0.02269599365333342,-0.7018816097221202,-0.28401863078714096,0.016107694558260714,0.016691458599648223,0.017139711723449094,0.01763988745899453,0.019126645943282363,0.0225030153623714,-0.39259252433892494,-0.392170674874474,-0.391747015370574,-0.390466014965192,-0.3878664550000419,-0.3825803347015882,-0.39706571701343446,-0.39667905732034725,-0.3965973382454758,-0.3962818802280599,-0.3927657328773965,-0.382745975090527,-0.7569636835130907,-0.7548792606017902,-0.7527911046452812,-0.7465042386726838,-0.7338297167775812,-0.7080775259033348,0.9929055582336513,0.9857998580828692,0.978683367174448,0.9572738258509471,0.9142265127566934,0.8275723333168826,0.021088606603539468,0.01816643635796449,0.01629136109671641,0.024838275699882062,0.03128137806936208,0.027567360487179702,0.0148015625836866,0.039446855528356604,0.05303035800542231,0.05339513487366936,0.032154252349723626,0.06316961005389121,-0.39311779092473514,-0.10137242692407407,-0.3887408472251607,-0.3954209550173547,-0.3930462321971928,-0.1581609914704773,-0.3839137189709456,-0.39863095138077315,-0.3928434455164897,-0.2628458127898515,-0.37534392282300905,-0.40608256474418536,-0.4266047621422033,-0.029302607512230336,-0.44048146950523004,-0.4018656137951559,-0.47827726414144023,-0.00429183965698279,-0.542531471842412,-0.42272515044627756,-0.5427028159589163,0.015998379977162202,-0.5721924770310113,-0.4658586119460509,-0.7554379555143899,0.06523164921532924,-0.7563664330520244,-0.7517706998090311,-0.750799969669464,0.10531902359554215,-0.7538675491416122,-0.7434781167374179,-0.7413026503093413,0.19310518372815588,-0.751148854439066,-0.7282990999459527,0.9890835429882044,-0.08353315869854969,0.9840124403140439,0.9823959755803494,0.9746744728026173,-0.13147442480960936,0.9673704650427246,0.963512693103089,0.9450241442487104,-0.22525131111688404,0.9418477381411754,0.9335266498109296
hour,0.4327509036351986,-0.0001758650829987089,0.1417083800777491,-7.414784507748355e-16,0.002972697632680138,1.0,6.48592259571534e-18,7.736426085981398e-16,-3.421152086682787e-17,-0.7759122353393895,-0.10215078369104988,3.416110713394406e-18,-6.368614976599089e-17,-9.23136451342107e-16,-5.786611655470264e-16,0.5521715967130776,0.6386603125628587,0.6461080864785245,0.158632284115517,-0.15743164195155052,0.4327511804626838,-0.0006305857722230626,-0.0010457064580194036,-0.0014212351870208923,-0.002310349732494365,-0.0030206712863525193,-0.00017558789245219786,0.21849276896604863,0.2839784394095116,0.3510539894428908,0.44828138120634947,-0.12347705719886731,0.14059934068138083,3.5374673235686125e-06,6.767318602964762e-06,9.689555226896279e-06,1.66105910640882e-05,2.2147254653084162e-05,-6.529584980284972e-16,0.002238532951641697,0.001568221751603659,0.0009617618467479657,-0.0004745319517652557,-0.0016234295701917315,0.0029718841691892296,0.6820508085215621,0.1362069217261646,0.6792468492988196,0.5565025696479411,0.387941773361619,-0.5311275974304916,0.6612988224191954,0.008833896302186128,-0.00019506681489385035,0.027138155550748836,0.06324067863003979,0.03272193614686966,-0.001184258550480612,-0.4323217567524373,0.03553659326742516,-0.03682103002288243,-0.001963225759172683,-0.4619471430566463,0.05453030624802224,-0.054572500252751455,-0.0020946465913275346,-0.05916084207536361,0.008973220197265468,-0.0087109351242986,0.32295025624199725,0.17244125108256447,0.27325356621578156,0.3301891262697936,0.3387876993934193,0.24859225615556158,0.17035312193492821,0.26714404056137053,-0.002125401592037288,0.012025860437805638,0.0021344496773470813,-0.001656732272594018,7.834972568418909e-06,-0.5032841297206974,0.03511566770555945,-0.03531271688609022,1.3876935542969246e-05,-0.550316440239751,0.05273545682242344,-0.053417053357502284,1.486961976421452e-05,-0.0760697147477179,0.008466462027757662,-0.008703462614186707,0.001359529366532835,-0.46494748812496633,0.059943215095216267,-0.05818661001705057,0.0001068138050577618,-0.5025009337534081,0.08804670335317358,-0.09054594088982126,-8.877399042830096e-05,-0.06674685464392854,0.016491708596353617,-0.01253185609599579
day_of_week,-0.06274318549526053,0.04118277121673995,-0.11656260816255018,0.004735389430863339,0.004892466206369679,6.48592259571534e-18,1.0,-0.015569686028905957,0.7875579809799284,5.44887727027641e-18,6.876230577178083e-21,-0.7345648838743118,-0.35515774645544607,0.006106177745264022,0.012252855187118822,-0.06110241551292237,-0.0591576924853259,-0.056483395886617604,-0.043696364596049315,-0.02424132732495034,0.00322816571813641,0.04046439538513764,0.039746990922816736,0.03903055743238747,0.036887078829174136,0.03262628453424381,0.024209052350816145,-0.10826349568888732,-0.0996279311276993,-0.0893728624043768,-0.04848860892708634,0.04584713602308364,0.12148761122407248,0.006581937600197312,0.008428480208191248,0.010275017254907403,0.01581459502802148,0.026893600428240395,0.04905101069211698,0.004900155720490372,0.004902398426949079,0.004899194512153432,0.00485690490404095,0.004625292070838692,0.0035740727287407745,-0.07166938783088968,-0.04858151439246818,-0.06235310035616358,-0.07856517411419305,-0.08184537418931177,-0.05142930163074764,-0.05635049464150729,-0.095600625277192,-0.07622217429702013,-0.04310814835430663,-0.1244535729533467,-0.06649615757802828,0.039506643508890195,0.016564539203117852,0.03853760807217461,0.0402570958410769,0.03747538923914846,0.02598866234736472,0.035307842232937765,0.03925035782893738,0.033407837867040956,0.043580666034951594,0.028611522798779376,0.037539914564226395,-0.09965435150363054,-0.06867395627528085,-0.08666360793043172,-0.11418244712223546,-0.06003166924052932,-0.13790735172970367,-0.008119178236355218,-0.09077817483454201,0.034878616341370794,-0.2596454660586251,0.08599624438282238,-0.03157053511664455,0.009371694718912593,0.02626950116290033,0.007494315779546274,0.011226640497639362,0.014956433619840679,0.04198182318514767,0.010795034925348309,0.019090812148752006,0.026200131123632446,0.07544043350261652,0.01739953135769824,0.03516052394852786,0.0049276926724045695,0.020925441633842728,0.0022773716994017586,0.007553294112944577,0.004904762450510128,0.03351749879427892,-0.0009798921640459216,0.01085501333167867,0.004656395709483072,0.05912163272191276,-0.007977773735299336,0.017975919485311735
month,-0.02275125557122502,-0.8303721061489414,-0.54752696485259,-0.5022896438967561,0.48601336191516725,7.736426085981398e-16,-0.015569686028905957,1.0,-0.024470146542254243,3.6002394039734717e-19,-2.4713257038829957e-18,0.02150157161061175,-0.012699199650164219,-0.8352044354799927,-0.9261282135836133,-0.02279223493343371,-0.022840769109668185,-0.022907390296896854,-0.023224081047128906,-0.023706178500313632,-0.02439015891805856,-0.8305046872702687,-0.8306373421156602,-0.8307700706921128,-0.8311686988785606,-0.8319679469588321,-0.8335744156443328,-0.5473437997515386,-0.5471692749325375,-0.5470991642333788,-0.5470198459158527,-0.5455036840322904,-0.5428479536880579,-0.5016327223306647,-0.5009758027464624,-0.5003188851441474,-0.49834814422834267,-0.4944067159047164,-0.486524073272385,0.4851607390999441,0.4843079974922568,0.4834551370953655,0.48089584320291806,0.47577404855986205,0.4655176343568482,-0.028845914416531195,-0.024137108520398447,-0.02306568712049373,-0.03380070089908617,-0.04160365951920291,-0.03609763670680121,-0.020592102732265832,-0.05286859886681238,-0.06647207363311207,-0.054238298321059024,-0.047546387458304765,-0.06275765288530849,-0.83316524586242,-0.14717973617585486,-0.829625927161699,-0.8324705890176824,-0.8361555018805532,-0.22988965513770127,-0.829683231790478,-0.8358671673767222,-0.8421601248752179,-0.38266965780823564,-0.8333882429136571,-0.8452867521272411,-0.588202936629322,-0.11707247933843358,-0.5836455141560422,-0.578636004260512,-0.6607514875817524,-0.14735736306936154,-0.6997588351264985,-0.6434014219516915,-0.7543197984914204,-0.2888735877377406,-0.761575398883482,-0.7370167395519379,-0.5017151179831632,0.07769163386272937,-0.5047334025006018,-0.4968717330803126,-0.5008565848250599,0.12416060406875146,-0.5080899863835244,-0.49076205842022685,-0.4991123494000258,0.22311389687327665,-0.5162066736788692,-0.4798116745707202,0.48725901864586796,-0.06655988823389572,0.48782099960173314,0.48086094951611486,0.4882760079328016,-0.10540453780697613,0.4912049015776771,0.4758885962878303,0.490393655282059,-0.1818714301467732,0.5018510522190408,0.47031928892360375
is_weekend,-0.024092425669711794,0.013112083029317677,-0.16154373432609195,-0.00816035123952758,-0.02479174554012913,-3.421152086682787e-17,0.7875579809799284,-0.024470146542254243,1.0,-5.252683450182513e-18,-2.0219572210234736e-18,-0.7820061852064486,0.18258871183849568,0.019227730560880847,0.01544868042773678,-0.023678338504254708,-0.023187529152971023,-0.02251254892851746,-0.019586610649575877,-0.014788045019315089,-0.007854751681759647,0.013334390443853582,0.013556669410773362,0.013778919998146252,0.014445502162918945,0.015777909411427676,0.018439746677276853,-0.1556345678109417,-0.14932356436964017,-0.14126893908916147,-0.11021978443083812,-0.03413628429892501,0.04250777840958821,-0.006583248854933706,-0.0050061512202608195,-0.0034290583354539923,0.0013021918203059849,0.010764563892676594,0.029688795121364783,-0.023185062343313727,-0.021578415810771908,-0.019971805939872668,-0.015152196270737174,-0.005513966441903665,0.013758537164389153,-0.028491327672357396,-0.022419783850806032,-0.022929786860605386,-0.032230667474068504,-0.03583303829881186,-0.028679385263673515,-0.019018949589299696,-0.04525153557840033,-0.04331675604649482,-0.047726964948917754,-0.030587839211732915,-0.06004460419635775,0.013708298467356682,0.003178235085804832,0.013600895770759883,0.01374476823289678,0.01442157785687668,0.004984941884619098,0.014221999415749859,0.014499624164176134,0.015860109705097856,0.008263234440358407,0.015599641934381401,0.016003316255626576,-0.1545729986207017,-0.07535015359145325,-0.14390613300330057,-0.16794093024073864,-0.133971862786083,-0.15825623512241102,-0.08761191179793915,-0.16492296855767383,-0.06518895184297731,-0.2712148208595389,-0.012373478037976776,-0.10696300064522656,-0.004226599436676309,0.016037220766710047,-0.0053251031257322955,-0.003106251063609422,0.0005158985516295431,0.025629402983634142,-0.0019443966120910338,0.0030061795791350462,0.010064302717913042,0.0460554910605044,0.0047835235983283726,0.015460466131522696,-0.020920122815044722,0.020245071848415962,-0.02305432392326453,-0.018493544900653445,-0.016185973516150476,0.032057729942219025,-0.021063123617445972,-0.010782666595773732,-0.006505421166488588,0.05519947175336353,-0.017312503687667877,0.005469199535812077
hour_sin,-0.35984026713036327,0.00013645586966719878,-0.1266731364525594,2.817026179629726e-17,-0.002306552465160482,-0.7759122353393895,5.44887727027641e-18,3.6002394039734717e-19,-5.252683450182513e-18,1.0,-3.562328530930489e-17,1.720525864161562e-18,-3.067928044373966e-18,9.422399779993944e-18,1.5882679484710286e-19,-0.464623937133415,-0.537742637184053,-0.5742109997364778,-0.4521605339903816,0.35993560604880137,-0.35984060235855053,0.0001364467474454468,0.0002366182417194897,0.00043012363262581873,0.0014125648837188599,0.0030744755160091414,0.0001362407941306402,-0.26910712284006705,-0.3931499571475171,-0.49034059225131116,-0.5665598832349891,0.1283119232730493,-0.12613388164615238,6.862105565837542e-17,-7.793785883100873e-07,-2.2850189611423e-06,-9.93079655928705e-06,-2.287265595466348e-05,-4.9712808032864157e-17,-0.002306526151685569,-0.0021447569642182147,-0.0018322728218295933,-0.0002455579292511714,0.0024400097426731686,-0.0023059212888848794,-0.6378537270282744,0.04749480972918748,-0.7586278469785671,-0.48675627793826026,-0.56755828737146,0.5678204686093205,-0.7340172414265788,-0.06264566087267978,0.00015852325898730053,-0.026318084324177975,-0.027504486250524273,-0.03609029325921347,0.0004484029115466833,0.20931164478427852,-0.01702626440932342,0.017747481161361895,0.0013694275666765441,0.49703973948568553,-0.054819308066275545,0.05478107073604876,0.0016252619189224932,0.05754505786207777,-0.001872059845569431,0.002012104099943892,-0.4323775848644059,-0.05437124443363215,-0.40671546917654167,-0.37931823625767125,-0.4457420261544358,-0.3841441533555633,-0.18967637851024194,-0.35769213401579736,0.0017519478933681618,-0.012209338138920098,0.0016114698885120703,0.006637960997676344,-2.421969596109464e-06,0.24366837290815052,-0.016876604840917332,0.016971306760923573,-9.572028980329635e-06,0.5921157310230301,-0.052974838740532326,0.05365952924493831,-1.1537519910454996e-05,0.07397655029330787,-0.0018653427875613667,0.001917559089139424,-0.0018175313619317006,0.22510809687371997,-0.029678938051719568,0.027077055906245137,-0.00033340704357168855,0.5406887250664018,-0.08777794617495853,0.09165512651642352,6.888082535370571e-05,0.06495752692930419,-0.005245802055689363,0.0009893111170408077
hour_cos,-0.4522194208085187,1.7964756052122604e-05,-0.5668550645136352,1.993271565009126e-17,-0.0003036633928548081,-0.10215078369104988,6.876230577178083e-21,-2.4713257038829957e-18,-2.0219572210234736e-18,-3.562328530930489e-17,1.0,-4.3950768240533314e-18,-2.7174586075679247e-19,-9.878022462220826e-18,-2.2483542023835256e-18,-0.3436707591727169,-0.2116986873263241,-0.0652948355350962,0.3598939919853425,0.45220126439053304,-0.4522195731637054,0.0004050575194895361,0.0007789095791288646,0.001114046147286233,0.0016810862792987526,0.0004047623804538957,1.79364408205754e-05,-0.5145740024966372,-0.42725721077103745,-0.3109239362207197,0.12709686905468884,0.5677946865965215,-0.5676518350112639,-3.0112921622236332e-06,-5.919968117430625e-06,-8.527806859136995e-06,-1.2942066048541007e-05,-3.0112422829149924e-06,2.1246891414562377e-17,0.000321273682143912,0.0009249026453414009,0.0014660881296729776,0.0023820920328207654,0.0003212333767604994,-0.0003035802969216192,-0.15888794581067972,0.2038377378481681,-0.3130262489007668,-0.0478663260913003,0.3412892897023508,0.17043517550899553,0.26887646576652685,0.355194725030368,3.76044151513864e-06,-0.12045763775624818,-0.05079695326378286,-0.1300696802862642,0.0008834464959522134,0.36253840338217813,-0.029711692312635644,0.030523916176035972,0.0011324536755595747,0.13318139680137545,-0.014707972964223817,0.014660434199326956,0.00021396979085984912,-0.21476107966569183,0.007552824960690711,-0.007008005862552078,-0.36136464257524653,-0.3545041465389822,-0.24779274958080558,-0.4070151229835689,0.04057081684263003,-0.2589625791408375,0.10191885689023841,-0.06676975627489644,0.0003465641717080924,-0.03785477868274101,-0.01198225341830879,-0.040741264847574975,-6.7274730886125126e-06,0.4220460020745571,-0.029231137043731488,0.029395165580756846,-8.65687752390146e-06,0.15865693195338532,-0.014194565259694585,0.014378027527415457,-1.5189433121419993e-06,-0.276084244263315,0.00696155405671129,-0.007156427947183806,0.0010971111183250956,0.3898986609804274,-0.047746275100926695,0.05063052636628629,0.0015064748813533476,0.14487710723809816,-0.02321084046200284,0.024881864608775832,9.068332693651456e-06,-0.24242479083461452,0.010877703577851588,-0.013252153139294506
dow_sin,0.034678254869007115,-0.009393714880321218,0.11446758070982463,0.010594007450916067,-0.011764340753014177,3.416110713394406e-18,-0.7345648838743118,0.02150157161061175,-0.7820061852064486,1.720525864161562e-18,-4.3950768240533314e-18,1.0,0.004093380356429343,-0.012581143278435751,-0.020547873065995415,0.03505523587349041,0.03550197876753239,0.036116075743463275,0.039201281321269196,0.04377732530684712,0.050084455518997616,-0.01077834412228391,-0.012164193651694506,-0.013551263614434272,-0.017719797569614535,-0.026089837118972347,-0.042961917073983565,0.1104156008811347,0.10641854874550742,0.10197010732971908,0.08470536910654868,0.044687076530292774,-0.01602627891355893,0.008894673307761213,0.0071953442826775,0.005496020375605821,0.0003980793618851194,-0.009797664487027968,-0.03018859951442744,-0.012267268284616472,-0.01276258280388824,-0.013250284571793105,-0.014667715976554516,-0.01729706971783474,-0.021733938031036425,0.04538377830160396,0.04160705755987294,0.03420402221002944,0.05439460046060923,0.06953575186627084,0.06671749198835919,0.029834253795914752,0.0912225872354774,0.12107496600982194,0.12531523338031644,0.06630760580271408,0.14105115666127158,-0.012897729330680518,-0.004685184128556371,-0.012672617969221605,-0.013057521410582928,-0.017136204614666542,-0.0075134890903305355,-0.016746581870705293,-0.01739795215937875,-0.02573779518995293,-0.012934605260231782,-0.025454152573538877,-0.025959702962021235,0.11144870111237475,0.0314614489609159,0.11100693298555442,0.11532795038407695,0.10340891937981672,0.08591480674077694,0.08034824513800969,0.11507856988902429,0.06748502632531805,0.18421961025288955,0.025061860889360486,0.07865038110459228,0.006359215678573259,-0.02189688667337294,0.007856273892669668,0.004830229412171767,0.0012531875143466475,-0.0349938548052223,0.004594201423962096,-0.0021393306288820394,-0.009027194126702002,-0.06288321038693821,-0.0018899690575548745,-0.016336138138871845,-0.013087017848850574,-0.008987337386846248,-0.01191782512194378,-0.014097335679264614,-0.01459887147534218,-0.014928286570620342,-0.011882910573077925,-0.017013697174223352,-0.017410315878987764,-0.02740119208656302,-0.011109340929724331,-0.02338125314353436
dow_cos,0.03612362940988926,-0.0394377094339091,-0.10456373373273706,-0.043336980824626566,-0.02269599365333342,-6.368614976599089e-17,-0.35515774645544607,-0.012699199650164219,0.18258871183849568,-3.067928044373966e-18,-2.7174586075679247e-19,0.004093380356429343,1.0,0.015596548767570509,0.00429172460469046,0.035099079735866894,0.03388473658233161,0.03221484107969224,0.02419811322339015,0.012048839406384846,-0.005103734623032114,-0.03877442659994039,-0.038112907170754724,-0.03745315060613739,-0.03548445271537204,-0.03159458188195868,-0.024004540314707605,-0.10713514475578606,-0.10972095046861663,-0.11246450195275337,-0.1240714298247565,-0.14904393204934493,-0.15798852004982064,-0.04285079646134331,-0.04236461356263145,-0.04187843212846959,-0.04041989661313313,-0.03750286512313239,-0.03166896029332857,-0.022279130334144626,-0.021851909868121386,-0.021414332609347567,-0.02003946361686397,-0.017010140013825205,-0.009833417773950325,0.040904410050882564,0.025688685724237992,0.03695111539719558,0.04436812332023115,0.04559351875065834,0.025659506788974627,0.03532689436378483,0.052582242285994625,0.03893436354982608,0.005427929118018347,0.09270221415194363,0.02243525434886675,-0.037897210261128425,-0.014659772317066985,-0.03705329917957603,-0.03853640286808944,-0.036039221920880896,-0.02308039480101149,-0.034143549091108456,-0.03758280455732478,-0.03235040062865086,-0.039098145321999754,-0.028117046151931138,-0.03605402314448427,-0.119910605847497,-0.016196521804269285,-0.12397709089454362,-0.11747200179962317,-0.14974728778875335,-0.050944196761278315,-0.15473371006881448,-0.15117011331938854,-0.19632698053773556,-0.08939610501500796,-0.1802277995163915,-0.16451517232927115,-0.042211358910161347,-0.02232473023680834,-0.04045198006725106,-0.04382932267352638,-0.04084074484112019,-0.03567760979139841,-0.0370423989276052,-0.04446435114159416,-0.038079907456387674,-0.06411189324209736,-0.03035584295354518,-0.04589221840164942,-0.021770207084454277,-0.01703599962983787,-0.01922500122615874,-0.024070702156661166,-0.020505366919218386,-0.027629135652219736,-0.014841517976677251,-0.02583436873939745,-0.017536115774554894,-0.05037578573909625,-0.005235344357425622,-0.029847932628631654
season_sin,-0.007958765802511618,0.7146667098157582,0.5519912647398015,0.8110937487891425,-0.7018816097221202,-9.23136451342107e-16,0.006106177745264022,-0.8352044354799927,0.019227730560880847,9.422399779993944e-18,-9.878022462220826e-18,-0.012581143278435751,0.015596548767570509,1.0,0.6360728940669643,-0.007913418502875013,-0.007859661230486398,-0.007785705686482285,-0.007413985348824255,-0.0068706834199219,-0.006110952230711276,0.7151473347851833,0.7156279305981603,0.7161084973824613,0.7175500248403173,0.7204323132047745,0.7261939198718012,0.5521640851987408,0.5522921930869843,0.5524056585222555,0.5528819425489224,0.5536275188102502,0.5563911416887755,0.8110051761364475,0.8109166037560053,0.8108280316478464,0.8105623169569861,0.8100308949262638,0.8089680802663938,-0.7016656354156381,-0.7014490934031142,-0.7012319837037547,-0.7005772486770275,-0.6992524536753733,-0.6965415784082833,-0.00982245562363928,-0.006912545546669671,-0.008772858739359441,-0.01149146866022959,-0.013415052724677487,-0.0090667284374633,-0.009750300128889612,-0.016416131864711095,-0.019562070151385124,-0.0017777329052032242,-0.03985003378412514,-0.014224335338943985,0.7179894208573622,0.1618614605215059,0.7119614591571936,0.720291680698525,0.7216709299844589,0.25279660238655444,0.709455245821267,0.7276796578196378,0.7290724042521993,0.42081413787270855,0.7072099072723071,0.7444078464481034,0.5937349975937308,0.07294781898682232,0.6019417896000989,0.5688310615887497,0.6679649269688556,0.06923701252026607,0.7313086094539276,0.6137334744390842,0.7656081288891525,0.12183838091356304,0.785804054245894,0.6908915194481834,0.8126017358313905,-0.05453279882353067,0.8125164879823615,0.8097609506907271,0.814150202264696,-0.08714993453848086,0.8149214699874041,0.8088747532241671,0.8172423435876608,-0.15660663200913602,0.8220072109880986,0.809524869391361,-0.7062353377745059,0.09202544059448892,-0.7066382374194022,-0.6973804921499309,-0.7108071216402314,0.1455624391571448,-0.7140513974524467,-0.6938319901697642,-0.7201982491864477,0.251231003404491,-0.7344006697339711,-0.6935668241842978
season_cos,0.04751540488269731,0.8407266497255647,0.5230858372682051,0.3188430539670916,-0.28401863078714096,-5.786611655470264e-16,0.012252855187118822,-0.9261282135836133,0.01544868042773678,1.5882679484710286e-19,-2.2483542023835256e-18,-0.020547873065995415,0.00429172460469046,0.6360728940669643,1.0,0.04755050727466512,0.04759203881451715,0.04764890833595419,0.04793532060778347,0.04835213713740958,0.04893561776712182,0.8405705424357932,0.8404145081461519,0.8402585467822454,0.8397910995025685,0.8388581639403295,0.8370000732920396,0.5227811159383156,0.522502740743568,0.5222869077415899,0.5217990029112253,0.5199079774841798,0.5174372244067689,0.31796280848849867,0.317082565663151,0.3162023254910304,0.313561620893804,0.3082802833326036,0.29771789472046783,-0.28307366186916016,-0.28212865497016415,-0.28118361009056386,-0.27834824757318405,-0.27267649712892594,-0.2613288949711666,0.0600170804841123,0.04933519195280868,0.0485705674143305,0.07017043852287881,0.08596399553753035,0.0730041118866808,0.0445882918317993,0.10861947154586771,0.13579740120651118,0.10319492145345899,0.11379763349720831,0.12674411856555048,0.8428265520108327,0.13340504665671674,0.8405599257519387,0.8408438903983867,0.8449753108423419,0.2083771836011392,0.8413467252217304,0.8419343124372937,0.8492804636636728,0.3468431999312717,0.8466458203395059,0.8469312271680377,0.5616069592049886,0.1428846076665041,0.5479797401371692,0.5619689432087082,0.6304422621670068,0.19566257918480134,0.6482086294777127,0.6356778256836898,0.7193401261646406,0.3874523872141682,0.7091934903785166,0.7349393615073717,0.317317776224458,-0.0820204522309541,0.32152061908369106,0.31194678973444506,0.3153744080174116,-0.13107861794331008,0.32499713069149805,0.3038824855371048,0.31145180384624516,-0.2355453517558273,0.3328368906777826,0.2883853263690567,-0.2836220947059414,0.05129385415121672,-0.2854439911875756,-0.2783735867246757,-0.28284900851635614,0.0812720355832874,-0.28785863101252257,-0.2722132143931426,-0.28129058204964386,0.14016904816822315,-0.29494988392029375,-0.261989686471966
traffic_flow_lag_1,0.9014177806224136,0.024819155065293006,0.26547991663229226,-0.02024529564986068,0.016107694558260714,0.5521715967130776,-0.06110241551292237,-0.02279223493343371,-0.023678338504254708,-0.464623937133415,-0.3436707591727169,0.03505523587349041,0.035099079735866894,-0.007913418502875013,0.04755050727466512,1.0,0.9014167984180431,0.6607658371389885,-0.09913445956431906,0.08223063579982717,0.6740472985307914,0.023726014201390543,0.02373393292890212,0.02363894157214411,0.023250741875439834,0.028093986495918752,0.03773921518880883,0.25058901917365667,0.24944274048056927,0.2561056330049299,0.28350799344311695,-0.28880075559812385,0.2415048370665506,-0.020430612834881526,-0.020383915114177566,-0.020344905801529357,-0.020235566801862698,-0.019595964841239023,-0.018604074649516168,0.0154587653667543,0.014588932724964507,0.01370447689144209,0.011039075523741455,0.006580366500847031,-0.0016954274670758385,0.82435197863086,0.4597948691982107,0.6836350186344509,0.7868375538030348,0.4575666416023751,-0.2197123222112609,0.6673446849397086,0.25379288368817776,0.27509533473280373,0.21089007169098734,0.45670999987240724,0.2722435217411852,0.023850310334526496,-0.36775177615968185,0.05536633215424995,-0.006423789299118109,0.02457191764394907,-0.23683851947761705,0.05226422317982679,0.0015729358886855244,0.028705194644686606,0.08144726898613755,0.026408125304627862,0.035907555344101554,0.28155278351044083,0.4248800802275846,0.1666417952990068,0.3715031092713519,0.23503510580555134,0.08491899825511823,0.16027004013396517,0.2023054859464506,0.03296685911048585,0.09828832198778696,0.02372389921273958,0.061055930819170656,-0.020375833483720983,-0.4278280726229116,0.009440864134451051,-0.05015721621420297,-0.02024649709826134,-0.2807466820495951,0.0037516170305804306,-0.04406921330799348,-0.01981783054472616,0.10824982156615812,-0.026055018519696025,-0.012954271322817668,0.014195577594499124,-0.3968831015914176,0.06350682784972035,-0.03643728928928378,0.011789162468218694,-0.25864383981112,0.05110131151888324,-0.029284781667191676,0.007365009926827909,0.09046622758925116,-0.0027131589401061156,0.019297591481755548
traffic_flow_lag_2,0.6607698766375536,0.02585158921683867,0.26761352447660525,-0.020028221877580556,0.016691458599648223,0.6386603125628587,-0.0591576924853259,-0.022840769109668185,-0.023187529152971023,-0.537742637184053,-0.2116986873263241,0.03550197876753239,0.03388473658233161,-0.007859661230486398,0.04759203881451715,0.9014167984180431,1.0,0.9014151321949858,0.09711862135268494,0.001333118961624812,0.44863163651971233,0.02465780272504787,0.023564742302392184,0.023572671613988308,0.023133357463529576,0.02728483862900191,0.03731929007199033,0.26541671849996423,0.2505418334096594,0.24943349901527906,0.28101086882881054,-0.14917763212863994,0.2435536760600478,-0.020248675148503252,-0.02043399266988275,-0.020387294841435956,-0.02028179936552727,-0.01969408999757444,-0.01867336429043371,0.016106666919820004,0.015457742849707405,0.014587917093208676,0.011913248769188117,0.007341403479619586,-0.0008983754402622784,0.9426985603681117,0.4294931120930187,0.7807021934187431,0.8515477438085712,0.5562039126438011,-0.15435179055834453,0.6890337246010184,0.322178767326199,0.29993547393307596,0.22331875183183916,0.4524716694228209,0.27236446762164,0.02414291144266241,-0.3164879813732755,0.05165907450424675,-0.0017819992940353742,0.024289349826964304,-0.3101734339964541,0.05824671549362153,-0.004083326353566883,0.028057807605960126,0.025900805783283,0.02966444846309167,0.033312922165797045,0.27911732893826574,0.5290867811532413,0.13342490418258496,0.3977746021699014,0.27689643926793744,0.23963552964089743,0.1799944497914537,0.2967643911664145,0.034191317719646744,0.104672636344057,0.023085854736071762,0.06824261237111982,-0.02033686749988008,-0.3682194642810419,0.00547918523268539,-0.04599059797936402,-0.02027785762359751,-0.3683883850409505,0.009445649966293358,-0.04973674432698461,-0.019878190926604596,0.036645859615745506,-0.02318924899697815,-0.01577409635672317,0.014996488197892248,-0.3440862937453888,0.05776392923861736,-0.029086742942668598,0.012578585001404638,-0.3396837760867335,0.061321227439818285,-0.03861150973691879,0.008118778622132033,0.027023261219342294,0.0027836305254817406,0.014690964867883374
traffic_flow_lag_3,0.36539546597318234,0.02729453327024556,0.23460504300441926,-0.019729644962191168,0.017139711723449094,0.6461080864785245,-0.056483395886617604,-0.022907390296896854,-0.02251254892851746,-0.5742109997364778,-0.0652948355350962,0.036116075743463275,0.03221484107969224,-0.007785705686482285,0.04764890833595419,0.6607658371389885,0.9014151321949858,1.0,0.36538988947358314,-0.10922611312033696,0.17221373445618313,0.025860968934362814,0.02466726164182891,0.023574273443349076,0.023315101482637875,0.0264149009866099,0.036761657578060034,0.26764929034521956,0.26543529154913154,0.25053959920376123,0.2688662081817653,0.001280294997336971,0.2110331258292006,-0.020034422915390447,-0.02025487576760637,-0.020440192932587604,-0.020321242740782428,-0.019812336982069207,-0.018768545043000878,0.016699638088642565,0.016114853039021715,0.015465936347364992,0.012816329837009532,0.008078954126991753,-0.00013667662434523417,0.9427007321472645,0.3612498856087483,0.8066102038956395,0.8335881297456322,0.6272082042280632,-0.07796379778785799,0.6435580896987462,0.3814495979503872,0.3225717084409843,0.22745856809827902,0.4418983594711113,0.2683594939285042,0.024817580370931038,-0.233792965776045,0.04527001515293815,0.006046251265379731,0.02437246696480273,-0.3684577741549656,0.06459314473656307,-0.009842843832646213,0.027667544490554107,-0.031017503865549828,0.03305222630929219,0.03086101411058506,0.2729892595407788,0.49587455360484295,0.12654168615614073,0.37635040972913497,0.30040011333511946,0.3929646417686044,0.17027880504908743,0.3562560909241378,0.03555457520994264,0.1082159855079023,0.02337119790434474,0.07139022988390084,-0.020244271639816822,-0.2720143220850276,-0.001294679840601201,-0.038915893792455025,-0.020277164839909566,-0.43811599329794887,0.015392713100424763,-0.05560654405941716,-0.019924847953373716,-0.036748245758381634,-0.020305500953783757,-0.01855560794956186,0.01573034208327258,-0.2584353075702627,0.04732098103705978,-0.01707014699049149,0.013352907074951036,-0.4050110838910755,0.07192932489922475,-0.04852237275376168,0.00886861149178504,-0.03839999344335654,0.008280210702639429,0.009901679545318813
traffic_flow_lag_6,-0.21193920395513066,0.034043403625489965,-0.04697765846285694,-0.018354044313058926,0.01763988745899453,0.158632284115517,-0.043696364596049315,-0.023224081047128906,-0.019586610649575877,-0.4521605339903816,0.3598939919853425,0.039201281321269196,0.02419811322339015,-0.007413985348824255,0.04793532060778347,-0.09913445956431906,0.09711862135268494,0.36538988947358314,1.0,-0.2118915509535775,-0.3470962584461963,0.03207782301993599,0.03010518686843367,0.028431447144383417,0.02471189642527705,0.02450064903686535,0.03436023887914325,0.06343188149880445,0.1640263533749019,0.2349098337164117,0.2507619851497112,0.2702955911579296,-0.06784810235656516,-0.018884265280349432,-0.01937689916340161,-0.01976597886395777,-0.02047648332251785,-0.020215534302174935,-0.019000016480427023,0.017623737097704453,0.017515511760972935,0.01722355570816161,0.015549927103745562,0.010302361713539475,0.0016238203600461528,0.3598071645641143,0.1514989525492747,0.3715544673492351,0.3843738571003665,0.6940053503084593,0.18051775483104582,0.3044204771924696,0.5183958799983533,0.3768901361533929,0.24163823087176464,0.33830882943056056,0.26836524850380095,0.029664099765978443,0.1859254480332166,0.014537909803395848,0.044937397847683094,0.027204245931796725,-0.21536508393571904,0.05168161264435535,0.007976967136632476,0.028355724051564165,-0.12201132678119689,0.040359478039910364,0.02809000495197391,0.16996485794779861,-0.19307856698425999,0.2084118335202168,0.07807548614695599,0.2560585617876752,0.41964891810301325,0.08340021083135797,0.26308088608576846,0.040432102105253206,0.09645026061583606,0.022954985749088816,0.05050933835903775,-0.019498683640840956,0.21683037462078936,-0.03442372443211384,-0.004143394012490219,-0.020004024205177582,-0.2560634394783332,0.0010194469227188963,-0.039989291048726505,-0.019946357461866626,-0.154208248181533,-0.014988965777175477,-0.02280926566313624,0.017283967979475054,0.1809027173249642,-0.006056745011996622,0.040385725291203774,0.015474311049140854,-0.248462386519743,0.05030542306472683,-0.02298737012259234,0.011066402714015643,-0.14758734303539742,0.018664574298321114,0.0007123392159386261
traffic_flow_lag_12,0.10280392926452789,0.04462399457533289,-0.3773093132729812,-0.01620032350733216,0.019126645943282363,-0.15743164195155052,-0.02424132732495034,-0.023706178500313632,-0.014788045019315089,0.35993560604880137,0.45220126439053304,0.04377732530684712,0.012048839406384846,-0.0068706834199219,0.04835213713740958,0.08223063579982717,0.001333118961624812,-0.10922611312033696,-0.2118915509535775,1.0,0.10281379415117413,0.04322145040685316,0.04180143032312469,0.040324429607547674,0.034877883670888406,0.025550105793513425,0.030457237744313605,-0.415609101947089,-0.39889774054483146,-0.33633726029735456,-0.04663013557063329,0.25124755562544215,-0.38905783196106325,-0.016483998505067914,-0.016774698995872264,-0.017086477621493408,-0.018403848959187858,-0.020526184870394742,-0.019604573555656236,0.01880232890635698,0.018477512493515487,0.018173970066348268,0.01773072076647127,0.015640974002792914,0.005988818719081771,-0.07789283000794066,0.3382896464134933,-0.2547191590273581,0.06294661044905105,0.2009042131971631,0.41648510171581066,0.20582481973866049,0.4843168906733278,0.41994472228789564,0.3292507795642886,0.214216980821754,0.3043246333146162,0.04105536405954136,0.053860180758466665,0.03630528951752901,0.045141127587489206,0.03588924131607245,0.29748686231535504,0.007409979278336016,0.062416511043886,0.03147726285839878,-0.015283381268220535,0.03518706451301323,0.03975886601738849,-0.34574188082156226,-0.1402649128027841,-0.28653787418664645,-0.33133600743854846,-0.09865466266630835,-0.525444013969454,0.09655122699058458,-0.21721887172266707,0.047095949999695394,0.062476863832176974,0.03189914453545646,0.037809846523980076,-0.01701363995447609,0.06337978645839042,-0.021854086549708607,-0.012207284670013679,-0.018321935935133777,0.35533126926954056,-0.04582886820078056,0.009595878774020352,-0.01939109624431242,-0.01767259930225964,-0.022439125598772484,-0.013584845747828533,0.018511022151880843,0.039803946705336594,0.012629933122668682,0.024442183946023783,0.01807630709037329,0.29223140292761857,-0.022943321425560118,0.06034844347681272,0.014844155346543935,-0.043769874091465766,0.010912809387465569,0.01578439819766762
traffic_flow_lag_24,0.7632514001077817,0.059860632682664935,0.23741631243251532,-0.013133256235977523,0.0225030153623714,0.4327511804626838,0.00322816571813641,-0.02439015891805856,-0.007854751681759647,-0.35984060235855053,-0.4522195731637054,0.050084455518997616,-0.005103734623032114,-0.006110952230711276,0.04893561776712182,0.6740472985307914,0.44863163651971233,0.17221373445618313,-0.3470962584461963,0.10281379415117413,1.0,0.05880962110576225,0.05783901230981523,0.056928804368874444,0.05376877590015432,0.04363891002270187,0.024581285093208196,0.23725399025334498,0.24477731625516025,0.2584027793726082,0.2629887080251647,-0.3788593195569765,0.25005146603452955,-0.013283432407151444,-0.01340550319607738,-0.013506494951658923,-0.01396404457814591,-0.01625625226663376,-0.020581961494218495,0.022096300640630017,0.021639297090703676,0.021144158845643957,0.019874676944390882,0.019165437407237727,0.015680281304593785,0.36292979135645365,0.1970442066360943,0.34925780072446455,0.3553917676522608,0.08089397495288683,-0.3805928980387961,0.37415540615822124,-0.09153545844914798,0.2207649771268037,0.3108679670962756,0.065114080059384,0.3326188578204816,0.05758155503891039,-0.3905154003855023,0.0909838827503546,0.024803801788726213,0.05371287684326254,-0.1620024960473383,0.07418729879048909,0.032182308926100196,0.04458090093680502,0.13279642944498685,0.036626466788609646,0.04893332071849581,0.2732040539988017,0.20923063580731316,0.2171345780964005,0.30143691778954507,0.1728273482228576,-0.05539114557848936,0.12031065096800445,0.08728493672397152,0.041844360973868934,0.0437260682511534,0.05058067638651867,0.05034166825397749,-0.013475309612042154,-0.4533344154167603,0.017853162988862976,-0.044927678766327216,-0.014275467816773716,-0.19110733679325567,0.0041148370887577005,-0.03350306913158133,-0.016399531360482396,0.17331283173220455,-0.025380000535009575,-0.008147788427142436,0.021519820667366112,-0.4289303967596572,0.07466579331506522,-0.03297932801229791,0.020843796436728262,-0.20072056358553236,0.0562612661175812,-0.015659587607808462,0.01977472777037595,0.10073794826507754,0.015226876321972569,0.024928592934981605
aqi_lag_1,0.023966401118410748,0.9969652351467395,0.5840295949152974,0.5997804215691791,-0.39259252433892494,-0.0006305857722230626,0.04046439538513764,-0.8305046872702687,0.013334390443853582,0.0001364467474454468,0.0004050575194895361,-0.01077834412228391,-0.03877442659994039,0.7151473347851833,0.8405705424357932,0.023726014201390543,0.02465780272504787,0.025860968934362814,0.03207782301993599,0.04322145040685316,0.05880962110576225,1.0,0.9969656405829175,0.9939314179481311,0.9848297115725418,0.966631892378328,0.9302692545035486,0.5841198619872412,0.5842026017968527,0.5841451991376321,0.5851370934725515,0.585030989062111,0.5801179196953649,0.5996122004215038,0.5980093139237442,0.5964057940665602,0.5915914343667888,0.5819456146447021,0.5625855760483908,-0.3927049576124474,-0.3913492369045991,-0.3899915602836924,-0.3859076318172786,-0.3776982620933282,-0.36117671537516316,0.032592704924185,0.03306176261294929,0.02406893864016064,0.0414877023118971,0.05678909423060994,0.06017365282982788,0.02182019947723392,0.07840865768517387,0.11747174112632437,0.11216756984688897,0.055727744520929386,0.12294222301221037,0.9973833225671557,0.1559759520934094,0.9928041599326068,0.9928889200932748,0.9918331517402433,0.24320687529607193,0.985118158589101,0.9856521906454282,0.9798255944120249,0.40450545748936984,0.9730828486887193,0.9750890100248919,0.6280840807757675,0.12200941863595308,0.6235844870400294,0.6165203038909117,0.7068519906803821,0.14917805421806152,0.7491218017042176,0.6834055361929324,0.8074143841384954,0.26629529798711415,0.814508970058406,0.7749364175763642,0.5982409031494617,-0.0770632444765875,0.6002565502616396,0.5930972134297412,0.5948600556645947,-0.12483918938351983,0.6006399173809925,0.5845028590193462,0.5878305001513725,-0.22559818458768818,0.603082464958345,0.5687210461805449,-0.39314872948895974,0.043465900723464825,-0.39181714493701836,-0.3888125504999965,-0.39204081511131156,0.06631072142819629,-0.3905573850332629,-0.38481568158570173,-0.3895718637734975,0.11247486444084213,-0.3911405492162712,-0.3803629265781444
aqi_lag_2,0.023871387672726813,0.9939306077035744,0.5839715455123915,0.5996953562581776,-0.392170674874474,-0.0010457064580194036,0.039746990922816736,-0.8306373421156602,0.013556669410773362,0.0002366182417194897,0.0007789095791288646,-0.012164193651694506,-0.038112907170754724,0.7156279305981603,0.8404145081461519,0.02373393292890212,0.023564742302392184,0.02466726164182891,0.03010518686843367,0.04180143032312469,0.05783901230981523,0.9969656405829175,1.0,0.9969660453679806,0.9878650547331627,0.9696682699904777,0.9333061143231549,0.5838783348895417,0.5839536178718615,0.5840008898769131,0.5847417272911744,0.5857032212655126,0.5806669982064339,0.599527475412243,0.5993592667086478,0.5977564905830087,0.5929443623201024,0.583303006561724,0.5639519002526031,-0.392285095749568,-0.3923975272806681,-0.3910419195799792,-0.38696369663614094,-0.37876348214103267,-0.36225122055763553,0.03144182911596665,0.030500628051354835,0.023996413860608877,0.039532090747069475,0.054344168012601606,0.05702129450208921,0.021897412636910352,0.07528535288170128,0.11356100982193008,0.10837815492762336,0.05374900302754554,0.11923097473865002,0.9983982574917174,0.1563710822545492,0.9927742181537649,0.9929195734084231,0.9938695355177082,0.2433433061419109,0.985098924481853,0.9856740787212015,0.9823874207572761,0.4044216263559199,0.9730862229181316,0.9750925551425413,0.6278005936618054,0.12248841702843272,0.6231482971216801,0.6164555382197627,0.7066573304649603,0.1496159712611193,0.7486118659955759,0.6834885734865371,0.8075783310064953,0.26644265996470395,0.8144850761298856,0.7752588578035948,0.599115179163372,-0.0751788797710807,0.6007668775453802,0.5938551773609821,0.5959785264940867,-0.12379487329395372,0.6011588293036692,0.5852591725717429,0.589078994530253,-0.2250785792170024,0.6036199377130778,0.5694762982545424,-0.39371324211642134,0.04649656867414342,-0.3924849136938106,-0.38877090408541504,-0.392862893631269,0.06803228423303362,-0.39121326851449156,-0.3847903103921328,-0.390540328707567,0.11340101571766985,-0.39176954928387997,-0.3803718305677172
aqi_lag_3,0.02369919776066847,0.9908961317571547,0.58381833782232,0.5996100302629632,-0.391747015370574,-0.0014212351870208923,0.03903055743238747,-0.8307700706921128,0.013778919998146252,0.00043012363262581873,0.001114046147286233,-0.013551263614434272,-0.03745315060613739,0.7161084973824613,0.8402585467822454,0.02363894157214411,0.023572671613988308,0.023574273443349076,0.028431447144383417,0.040324429607547674,0.056928804368874444,0.9939314179481311,0.9969660453679806,1.0,0.9908997691736092,0.9727041070168227,0.9363426098262054,0.5838202983309142,0.5837121216537772,0.5837519840105349,0.5843047343767399,0.5861197630606274,0.5811150315644298,0.5994424896581032,0.5992746212164423,0.5991064249394635,0.5942965273667409,0.5846596340769574,0.5653174570578055,-0.3918633399992459,-0.3919777589871469,-0.3920901887861358,-0.38801792112036365,-0.3798273616103805,-0.36332538566184114,0.030606312419237926,0.028178856648926817,0.02395179947775411,0.03784457311368283,0.05209458606936149,0.053536711822086316,0.022008598588078368,0.07216814294469409,0.10973702433817055,0.10436674902187205,0.052458227257126136,0.11552663100365025,0.9983985617631399,0.15679609100933714,0.9927440222445452,0.9929499883874051,0.9953968310398749,0.24352696055980413,0.9850794278933597,0.9856958210246216,0.9846929900412864,0.404373155143662,0.9730893158359742,0.975096132456179,0.627568000251563,0.12286528180568974,0.6226953196475311,0.6163191741129375,0.7064052662801223,0.14978879701310935,0.7480669543110812,0.6834072531005013,0.8077076404873184,0.26676699357921907,0.8143938201619105,0.7755811857378007,0.5997493765877655,-0.07317730804536561,0.6012768689406636,0.5946124524346134,0.5969763069705288,-0.12255956017292559,0.6016774049831124,0.5860147935061663,0.5902664890730915,-0.22440674963003163,0.6041570725693887,0.570230847946773,-0.394029739729243,0.04971555926909412,-0.3931508265949543,-0.3887273758216008,-0.39355922134599886,0.07005418266336139,-0.3918678051476083,-0.38476302368234305,-0.39144451620131926,0.11455873038318719,-0.3923981952749812,-0.38037872753038326
aqi_lag_6,0.023747486096049937,0.9817937537139193,0.5835094817221149,0.5993524883397848,-0.390466014965192,-0.002310349732494365,0.036887078829174136,-0.8311686988785606,0.014445502162918945,0.0014125648837188599,0.0016810862792987526,-0.017719797569614535,-0.03548445271537204,0.7175500248403173,0.8397910995025685,0.023250741875439834,0.023133357463529576,0.023315101482637875,0.02471189642527705,0.034877883670888406,0.05376877590015432,0.9848297115725418,0.9878650547331627,0.9908997691736092,1.0,0.9818082342970839,0.9454497699258169,0.5834452212192234,0.583323004817738,0.5832995311314969,0.5834595017527106,0.586148435416121,0.5824356738093565,0.5991859680952507,0.5990191200762984,0.5988519442844147,0.5983484502859998,0.5887249354487077,0.5694095283508714,-0.39058754792979866,-0.39070742630688193,-0.3908255665563811,-0.3911687231965806,-0.38301012626787095,-0.3665450083734475,0.029662100592954353,0.025108785671150338,0.023881991929587575,0.03564193521045791,0.04686056561668369,0.04259391837101703,0.02234457123930003,0.0628567939563496,0.09892817316610956,0.09100721683294331,0.05482601312986208,0.10445921394058448,0.9923137411414874,0.15738556912429277,0.9896161409733758,0.990006671835522,0.9969251457470144,0.24420752566766857,0.9850195180326878,0.9857600276118321,0.9900725660593682,0.40437164925708674,0.9730970679771668,0.9751069149155299,0.6270828815703853,0.12244660360503985,0.6223902443519498,0.6158560762440697,0.7055359578443716,0.15024164769937956,0.7464177178105426,0.6825884673076695,0.8079008827589883,0.26877137406559404,0.8139594534692652,0.7765474967686881,0.6002124955604986,-0.06993848586156401,0.6022179454358845,0.5960322199887355,0.5992460091374048,-0.11833759518011673,0.6032311165808448,0.5882775040023331,0.5934632288810682,-0.22177986043297998,0.6057664518217017,0.5724902861530302,-0.3934917787395714,0.05504486924417195,-0.39404741018743056,-0.38821551475317156,-0.3948935992544951,0.07694274403224248,-0.3938225162121596,-0.3846705329216093,-0.3937709351012211,0.11897096518433357,-0.3942811950783309,-0.38038827700992833
aqi_lag_12,0.028871270844190396,0.9635949882136327,0.586182027507357,0.5988303682524354,-0.3878664550000419,-0.0030206712863525193,0.03262628453424381,-0.8319679469588321,0.015777909411427676,0.0030744755160091414,0.0004047623804538957,-0.026089837118972347,-0.03159458188195868,0.7204323132047745,0.8388581639403295,0.028093986495918752,0.02728483862900191,0.0264149009866099,0.02450064903686535,0.025550105793513425,0.04363891002270187,0.966631892378328,0.9696682699904777,0.9727041070168227,0.9818082342970839,1.0,0.9636523575085423,0.5849758496758961,0.5840287873218176,0.5831902323887173,0.5826994579227369,0.5840702353168589,0.584223756752149,0.5986658871055022,0.5985010783080191,0.598335941861464,0.5978385666422105,0.5968349698783327,0.5775730221663486,-0.3879961429309469,-0.38812467812917917,-0.388251977070617,-0.3886256211707676,-0.38932825640337815,-0.3729638432821809,0.03374916084281809,0.03064937312327814,0.025946111138225685,0.04109515625391113,0.04658426871750554,0.04392880335377703,0.0231027949045524,0.06420753259308021,0.08478904691179422,0.073665896555451,0.06174261247520828,0.09185582609273393,0.9740637194800779,0.15679464599157325,0.9712203019174658,0.971989741427976,0.9862498650897426,0.24487956085736226,0.9818062714519424,0.9828926741006989,0.9939185937563837,0.4046842426768174,0.9731071527319612,0.9751274241946847,0.6277172380424129,0.12381957430714145,0.6231314012653693,0.617161829535837,0.7051369705614873,0.15124748535215649,0.7468783289341852,0.6838356212991572,0.8081643458529587,0.27480401362013146,0.8129586155914341,0.779263092112494,0.5996943709412197,-0.07055169763160041,0.60174507771671,0.5954704320556354,0.6005335423867201,-0.11276357639259517,0.6057442000831329,0.5919324982683475,0.5982131478866091,-0.21522485016989767,0.6089761150002446,0.5769902442998907,-0.39089628766064016,0.05454603847501005,-0.39143487137396105,-0.3856701266593387,-0.394169207711106,0.08632362530867588,-0.39660429728445,-0.3840687864594885,-0.39668358520201025,0.12984282357362786,-0.3980266547809504,-0.38036534024483953
aqi_lag_24,0.038101714404463694,0.9272320444234253,0.5914898394837089,0.597757995007116,-0.3825803347015882,-0.00017558789245219786,0.024209052350816145,-0.8335744156443328,0.018439746677276853,0.0001362407941306402,1.79364408205754e-05,-0.042961917073983565,-0.024004540314707605,0.7261939198718012,0.8370000732920396,0.03773921518880883,0.03731929007199033,0.036761657578060034,0.03436023887914325,0.030457237744313605,0.024581285093208196,0.9302692545035486,0.9333061143231549,0.9363426098262054,0.9454497699258169,0.9636523575085423,1.0,0.5912147734259094,0.5909999880796992,0.5907724906260645,0.59030171353415,0.5859773125204174,0.5838102926665626,0.5975975856465633,0.597436848879584,0.5972757847076582,0.5967906277770338,0.5958114741816402,0.5938178091697698,-0.3827172977594909,-0.38285411080704435,-0.3829906903511117,-0.3833981930888276,-0.38419562411866776,-0.38565709568825085,0.0464434284550134,0.036577074830750726,0.038131421584465634,0.05353141238400236,0.06228756354378743,0.050504870842834594,0.033985706571601396,0.07908931200948474,0.08703208677107506,0.06922544321333898,0.07603237557960933,0.08784904307440128,0.9375943870485502,0.15557809829327937,0.9344635072016496,0.9359823733183668,0.949670794889923,0.24299799680533646,0.9445185485556437,0.9472656968287209,0.9739960905012331,0.4044116128123851,0.9699047361528498,0.9722363086710629,0.6352030356067555,0.13131912068497514,0.6285760520124596,0.6257093891033871,0.7126728530111971,0.1657145147721056,0.7503267002040038,0.6933342653643007,0.8114214281386597,0.29781087688223756,0.8125540354581812,0.7873703340851953,0.5986299125618892,-0.07177739043174548,0.6007712171743989,0.5943186640869826,0.5994789785117771,-0.11472236791987589,0.6048871221634905,0.5906836385666036,0.6011577806719709,-0.20620163694794955,0.6147754504665528,0.5850525505230814,-0.3855949495483635,0.053411480745467775,-0.38607901103109565,-0.38049114132392137,-0.38886595419129216,0.08459988492077793,-0.39118490982058035,-0.37900701500248263,-0.3955564572392265,0.14566010589308434,-0.40430262656509797,-0.37982622040257036
electricity_demand_lag_1,0.24951713055380578,0.5843688767871185,0.9583118383978906,0.5396452139087733,-0.39706571701343446,0.21849276896604863,-0.10826349568888732,-0.5473437997515386,-0.1556345678109417,-0.26910712284006705,-0.5145740024966372,0.1104156008811347,-0.10713514475578606,0.5521640851987408,0.5227811159383156,0.25058901917365667,0.26541671849996423,0.26764929034521956,0.06343188149880445,-0.415609101947089,0.23725399025334498,0.5841198619872412,0.5838783348895417,0.5838202983309142,0.5834452212192234,0.5849758496758961,0.5912147734259094,1.0,0.9583095824071214,0.8804884008707291,0.5692703795948368,0.2221683386629055,0.8753437638120816,0.5397064981134365,0.5398208638091226,0.5399601482710747,0.5401575496177626,0.5365452807764701,0.5213438956667931,-0.3976034661314088,-0.3983629095340323,-0.3994517591190968,-0.40210745292891076,-0.40343968233927174,-0.3970831852281526,0.30061299781325224,-0.12710836090390515,0.4209782004530834,0.19422639259949112,0.046606227436019665,-0.13303085144081045,0.03441793901905135,-0.08195566379448317,0.08988541336112035,0.14066214655913675,0.09416059149605246,0.1593372366748094,0.5856206618761255,-0.058860739136788964,0.5970872891456728,0.5716138488881108,0.5872432266693454,-0.04999069047767458,0.6061530015104976,0.5660414199284408,0.5936688001485666,0.3703730136387597,0.5847750896521537,0.6008002792035675,0.9411614111561226,0.3466457791779772,0.8502637842635309,0.9328314186712603,0.7562184124866276,0.4875632103149928,0.6813392608204842,0.8183499787141986,0.7088827725291654,0.3530536714951237,0.693747453736359,0.7208548489657943,0.5410514435362402,-0.27148638681180315,0.5574546688139813,0.522615440182484,0.5418406780194412,-0.3458125925201596,0.5657758011021501,0.5126175507048752,0.5396469472134884,-0.031148385737817492,0.5405820043367563,0.5291816830571371,-0.40177012034099835,-0.15168597894041846,-0.37623499895972684,-0.42330841507038514,-0.4068746101365208,-0.18337613966609995,-0.36613511688538736,-0.4398392573299168,-0.4137134003426321,0.19606373881473876,-0.4118761584860282,-0.4006657781164156
electricity_demand_lag_2,0.256117899229003,0.5843469831908211,0.8804729181141379,0.5394895051640688,-0.39667905732034725,0.2839784394095116,-0.0996279311276993,-0.5471692749325375,-0.14932356436964017,-0.3931499571475171,-0.42725721077103745,0.10641854874550742,-0.10972095046861663,0.5522921930869843,0.522502740743568,0.24944274048056927,0.2505418334096594,0.26543529154913154,0.1640263533749019,-0.39889774054483146,0.24477731625516025,0.5842026017968527,0.5839536178718615,0.5837121216537772,0.583323004817738,0.5840287873218176,0.5909999880796992,0.9583095824071214,1.0,0.9583152875152448,0.6733255442099635,0.23815634957261111,0.8030513120244926,0.5396048859142932,0.5396661752205557,0.5397805501082283,0.5401290398810732,0.53731743852857,0.5226591084068162,-0.39699275945077295,-0.3975305474507279,-0.3982900446238148,-0.40112799382009684,-0.40325220578924303,-0.39816785644372543,0.32002455844261185,-0.16095072498733876,0.47532915214011606,0.2041598347073601,0.144675561285501,-0.18429970818766087,0.13855236597814086,-0.039924066082799685,0.09122996033878572,0.13410598541632576,0.09214326504812108,0.15175294404743953,0.5856251401547727,-0.051117398522807424,0.5964061971000932,0.5722674206578564,0.5871027533713565,-0.0884517374648389,0.6118917052502991,0.5598198542196086,0.5932201653171713,0.3572579443561342,0.5839777040309294,0.6013023718578309,0.9782696854922033,0.2698300856950031,0.8996089621327994,0.9330483202240816,0.8207947434037647,0.4928750609049042,0.7110180177253655,0.8369486088659532,0.7131803099220144,0.3589012987992524,0.6940889740855132,0.7183667524277234,0.5409042336963491,-0.24672279507474937,0.5555591624883959,0.5242538102207189,0.5419819617493825,-0.3949162773729014,0.5716009245130697,0.5073091311764306,0.5403133763413623,-0.05482470240361236,0.5410345712665786,0.5296937885398275,-0.40095012088638976,-0.1364605911309921,-0.3774862298716226,-0.4205824370216455,-0.40624521953210446,-0.22519301980868928,-0.35669895678685287,-0.4492386437871861,-0.41357479058677254,0.17897139408869145,-0.41280841221875486,-0.4002595628553483
electricity_demand_lag_3,0.2689103121564143,0.5845977580238862,0.7827882618271118,0.5395351140319214,-0.3965973382454758,0.3510539894428908,-0.0893728624043768,-0.5470991642333788,-0.14126893908916147,-0.49034059225131116,-0.3109239362207197,0.10197010732971908,-0.11246450195275337,0.5524056585222555,0.5222869077415899,0.2561056330049299,0.24943349901527906,0.25053959920376123,0.2349098337164117,-0.33633726029735456,0.2584027793726082,0.5841451991376321,0.5840008898769131,0.5837519840105349,0.5832995311314969,0.5831902323887173,0.5907724906260645,0.8804884008707291,0.9583152875152448,1.0,0.7828027249284841,0.27058520473325226,0.7116209955144399,0.5394834393747904,0.5395988210868591,0.5396601109298869,0.5400513054361233,0.5380971118618852,0.5238072442893171,-0.39667047017762974,-0.3969841721235863,-0.3975219594814854,-0.40014449718331985,-0.4032582460110417,-0.3991947869581002,0.32716524492357807,-0.17186163516000783,0.5011559970234274,0.21132289206764845,0.2352184821728751,-0.23517499526299995,0.2432456678477812,0.005939746266054539,0.09244832155582451,0.12383472608943122,0.08943879287904609,0.1392716428960436,0.5856399465114019,-0.053978192371123494,0.5966367831502496,0.5722426678739388,0.5870181151889694,-0.10646749997020892,0.6152102781890273,0.5564294111746211,0.5927559537870672,0.3340840963143092,0.5849213000792152,0.6004748550855625,0.978256639137907,0.17369836810513198,0.9305396846905629,0.9058384735841885,0.8722256299577955,0.46131586546696723,0.7358118569438997,0.8342579161237015,0.7171078220369438,0.3610222201806073,0.6941050298202195,0.7132455102170933,0.5408119416605726,-0.22277166400569925,0.5537683063723929,0.5259571602909072,0.5420962294742475,-0.4143521829210297,0.5747307882798677,0.5049520044123286,0.540968358845374,-0.085169564849028,0.5424388362965801,0.5297127928981671,-0.40034614622786063,-0.1276344371879408,-0.37832823907872565,-0.41884982820182626,-0.405673410230924,-0.24207995231188179,-0.3521309223754097,-0.45413327772835616,-0.41345453192440396,0.15325624876626992,-0.41216211050216056,-0.4020165399763735
electricity_demand_lag_6,0.26971177136531405,0.5855391557465839,0.47444792161414534,0.5395352256410563,-0.3962818802280599,0.44828138120634947,-0.04848860892708634,-0.5470198459158527,-0.11021978443083812,-0.5665598832349891,0.12709686905468884,0.08470536910654868,-0.1240714298247565,0.5528819425489224,0.5217990029112253,0.28350799344311695,0.28101086882881054,0.2688662081817653,0.2507619851497112,-0.04663013557063329,0.2629887080251647,0.5851370934725515,0.5847417272911744,0.5843047343767399,0.5834595017527106,0.5826994579227369,0.59030171353415,0.5692703795948368,0.6733255442099635,0.7828027249284841,1.0,0.47344898669936236,0.4234601860788779,0.5395627094292311,0.5395407560215246,0.539440287847298,0.5395652911266811,0.5399124807612966,0.5282337319587863,-0.39648955346943976,-0.3964752843713432,-0.39645895238548756,-0.39738359387555644,-0.4028700112926334,-0.4018346185161599,0.3377954774684012,0.018566089383170586,0.393018676076079,0.2818247629132627,0.42721702813817697,-0.2953526068389256,0.5294795205518429,0.15495681766018776,0.0953057256905619,0.08286321936906567,0.0762034459609881,0.09863680824549123,0.5862791876609794,-0.03602592497441797,0.5956653120980185,0.5743710109069743,0.5873612133848428,-0.08070302243539637,0.6124257515918232,0.5598869160451992,0.5917984591306847,0.23126373366546987,0.5891692621861782,0.5966496537141498,0.7772789239350935,0.04412783171125565,0.8017801877010763,0.7271584309910745,0.9264315939393438,0.28038804129577927,0.7894874681444465,0.7921565735056177,0.7268283128659692,0.35053886647491256,0.6957576545523319,0.6991207204369344,0.5406458933863237,-0.13281737522872006,0.5474501101258089,0.5319024013373992,0.5420289066244797,-0.34251418872039424,0.5696661595803987,0.5112449293379603,0.5424933478937336,-0.19090084225313875,0.5466086137484748,0.5303644537247553,-0.3992817159446363,-0.07704851269645537,-0.3832303696224749,-0.4109793409467408,-0.40381121902119566,-0.19299523475771313,-0.35900069220582104,-0.44500981154588065,-0.41271006008619243,0.05069451703141499,-0.4092252222034703,-0.407807503642562
electricity_demand_lag_12,-0.3896077640125248,0.5844821237948137,0.21937274127380882,0.5350819911426878,-0.3927657328773965,-0.12347705719886731,0.04584713602308364,-0.5455036840322904,-0.03413628429892501,0.1283119232730493,0.5677946865965215,0.044687076530292774,-0.14904393204934493,0.5536275188102502,0.5199079774841798,-0.28880075559812385,-0.14917763212863994,0.001280294997336971,0.2702955911579296,0.25124755562544215,-0.3788593195569765,0.585030989062111,0.5857032212655126,0.5861197630606274,0.586148435416121,0.5840702353168589,0.5859773125204174,0.2221683386629055,0.23815634957261111,0.27058520473325226,0.47344898669936236,1.0,0.21833290054690555,0.5354446417602853,0.5359423323621295,0.5364320823278336,0.5376051188462198,0.5376351840178979,0.5336925817151181,-0.3926861484977227,-0.3928372269713279,-0.39299157640210963,-0.3940787234170208,-0.3951793326776714,-0.4011001496942804,-0.09837930603599768,0.16484380579999586,-0.22933069373648493,-0.020792517776320477,0.17178018822394797,0.24837127191060457,0.03246015720007491,0.25808948174862956,0.09369424394518691,0.018553284650214098,0.01843483213927534,0.014964445425671342,0.5873957328137377,0.3714830783573306,0.5618913360869788,0.6088629380819398,0.5889677914535996,0.2674719290365429,0.5704848354598244,0.5999436497299746,0.5917590549256818,0.1418288859152797,0.5901327565901499,0.5902215778162397,0.29618535118248057,-0.07256790531764325,0.3552803154949063,0.2755927107616419,0.6031714727472016,0.05999781156897084,0.7040205693683617,0.5875238599757177,0.7350628228063157,0.3026400574210049,0.7071903199737393,0.6971545329699034,0.5374039440030967,0.22830177849539593,0.5189003115702091,0.5542205652667864,0.5392598560536842,0.07653269700037445,0.5262522376725797,0.5482853177606222,0.5417843821672541,-0.28443181450844646,0.5491741593222044,0.5277137391972633,-0.395906938367204,0.3105900682956135,-0.42902333484129346,-0.3579011721399099,-0.3994254831502341,0.18873689159373364,-0.4197451889668027,-0.3705060233609266,-0.4082784708672363,-0.03648764376353758,-0.40189471042496155,-0.40999208130353965
electricity_demand_lag_24,0.2274593853036429,0.5795620240461022,0.9095347563478734,0.5301832198625663,-0.382745975090527,0.14059934068138083,0.12148761122407248,-0.5428479536880579,0.04250777840958821,-0.12613388164615238,-0.5676518350112639,-0.01602627891355893,-0.15798852004982064,0.5563911416887755,0.5174372244067689,0.2415048370665506,0.2435536760600478,0.2110331258292006,-0.06784810235656516,-0.38905783196106325,0.25005146603452955,0.5801179196953649,0.5806669982064339,0.5811150315644298,0.5824356738093565,0.584223756752149,0.5838102926665626,0.8753437638120816,0.8030513120244926,0.7116209955144399,0.4234601860788779,0.21833290054690555,1.0,0.5305428286591131,0.5309579255644741,0.5314657546452142,0.5325719279882353,0.5335071045961187,0.5360622921584208,-0.3834591545420656,-0.38459136050362175,-0.38580376113705234,-0.3889844485636358,-0.39048559362199303,-0.39290147677279413,0.23212955609596034,-0.08583714559514746,0.3009696027431161,0.1424600795708949,-0.09040976935986238,-0.11318496544749329,-0.09046677350926874,-0.16768017426058593,0.06496608641667295,0.13469043206980943,0.05469232621756571,0.14669716177929787,0.5825615357288243,-0.06208774562522927,0.5939964218838545,0.5684043289955051,0.585373061772838,0.016210600176431566,0.5942665428021823,0.5720369203883648,0.5906873505708061,0.38649846643686053,0.5774071657051882,0.5959863163564291,0.7919221116528621,0.350311717305832,0.7123097943473408,0.8141323667518274,0.6181000103289505,0.3481690052838129,0.615366995267624,0.6905110063546036,0.6983926658568658,0.20740345426308507,0.7134923753704489,0.6830221596651891,0.5323476952241286,-0.28571529324392836,0.5496765721936058,0.5129749819886141,0.5343833263072637,-0.2615276914806602,0.5505803429243517,0.5142740470336996,0.5384202523679625,0.017416656415539758,0.5390956217300197,0.5346313039239903,-0.38793634215668565,-0.16089162367492507,-0.36166776535794093,-0.41031836624771384,-0.3932904569648884,-0.10472504118550108,-0.3677688949808639,-0.4103861351654998,-0.4011868829410752,0.23869060666557393,-0.40792800264538687,-0.3833372018030573
temperature_lag_1,-0.020381726950111128,0.5982622291437927,0.5398710514021474,0.9978132609894662,-0.7569636835130907,3.5374673235686125e-06,0.006581937600197312,-0.5016327223306647,-0.006583248854933706,6.862105565837542e-17,-3.0112921622236332e-06,0.008894673307761213,-0.04285079646134331,0.8110051761364475,0.31796280848849867,-0.020430612834881526,-0.020248675148503252,-0.020034422915390447,-0.018884265280349432,-0.016483998505067914,-0.013283432407151444,0.5996122004215038,0.599527475412243,0.5994424896581032,0.5991859680952507,0.5986658871055022,0.5975975856465633,0.5397064981134365,0.5396048859142932,0.5394834393747904,0.5395627094292311,0.5354446417602853,0.5305428286591131,1.0,0.9978132675754294,0.9956265417435484,0.9890664038033035,0.9759463059153873,0.9497068220535952,-0.7590453297159678,-0.7570920001585825,-0.755136817257659,-0.7492601491110774,-0.7374567808760184,-0.7136499632774856,-0.025237227425054184,-0.01833110222795436,-0.02148972818594526,-0.028404251150981375,-0.03389209520457636,-0.024288284004644077,-0.02107110962385615,-0.03956059474600986,-0.047257181044554855,-0.022765449727478404,-0.0654555105306464,-0.03756031796360955,0.601021179100294,0.13480061226181844,0.5955555052575682,0.6024120785992377,0.6027500850978798,0.21060207004661716,0.5920103508426842,0.6071062927720217,0.6060241313995558,0.35051685211713807,0.587053844491359,0.6182031312219217,0.5800661118185971,0.05433130221278062,0.5935423235983752,0.5499163104086701,0.6512379453165089,0.03726504125563813,0.720944516869015,0.5820371457570239,0.7410511771603223,0.028438792501464916,0.759795092182877,0.6387687394325693,0.9981152304953618,-0.0518910410562157,0.9954476144276776,0.9942788584879072,0.9941222329004891,-0.08770665017473964,0.9913306518276501,0.9877889934868557,0.985500187806367,-0.16063051340215695,0.9859235101778407,0.9775727057963807,-0.7607129018761646,0.06605075002497318,-0.7556899977759828,-0.7540176573578521,-0.7607281894583316,0.10325478941004806,-0.7534886579926735,-0.7502723883024484,-0.7602368234171504,0.17708114816646497,-0.755081853378423,-0.7501806681350874
temperature_lag_2,-0.02034271775528276,0.5966585987058681,0.5400103161538741,0.99562652857168,-0.7548792606017902,6.767318602964762e-06,0.008428480208191248,-0.5009758027464624,-0.0050061512202608195,-7.793785883100873e-07,-5.919968117430625e-06,0.0071953442826775,-0.04236461356263145,0.8109166037560053,0.317082565663151,-0.020383915114177566,-0.02043399266988275,-0.02025487576760637,-0.01937689916340161,-0.016774698995872264,-0.01340550319607738,0.5980093139237442,0.5993592667086478,0.5992746212164423,0.5990191200762984,0.5985010783080191,0.597436848879584,0.5398208638091226,0.5396661752205557,0.5395988210868591,0.5395407560215246,0.5359423323621295,0.5309579255644741,0.9978132675754294,1.0,0.9978132741613319,0.9912531362008152,0.9781330382727565,0.9518935543322943,-0.7569646667009113,-0.7590462861874583,-0.7570929820198063,-0.751221949836376,-0.7394298524629179,-0.715645572330981,-0.025450120850785494,-0.018789947701612658,-0.021568699860257213,-0.0288042358274558,-0.03444048874364108,-0.024958712913222367,-0.021168633785972214,-0.04025934651281973,-0.048088124214826285,-0.023528693462880848,-0.06604005655688727,-0.03834743126644853,0.6003731099558405,0.1346950471147533,0.5946661314641881,0.6015300043250105,0.6023415880871632,0.2105477267665621,0.591105164405293,0.6062384049726504,0.60573618747816,0.3504969028199705,0.5861112399466262,0.6173595765549147,0.5801159515375275,0.0540268918152148,0.5937150818404916,0.5498773770401528,0.6514341051440814,0.03776488263234121,0.7211580231905135,0.5825034983497938,0.7413596608090571,0.02864437224461405,0.7600484633392715,0.6391100572333378,0.9988457003095483,-0.046041551035699055,0.9950687992931655,0.9946599739728009,0.9955864329305584,-0.08418488763554892,0.9909526547003317,0.9881720715839083,0.987338593501417,-0.1583209880278829,0.9855460774345455,0.97796094226694,-0.7613277497641726,0.06752989444823562,-0.7558026355249308,-0.7537770401991751,-0.7620353719099181,0.10416264028018346,-0.7536117202512415,-0.7500277870535912,-0.7619216015448028,0.17770154717879663,-0.755226449549873,-0.7499250499934283
temperature_lag_3,-0.020309474854569458,0.5950543348680809,0.5401478065168642,0.9934398027465755,-0.7527911046452812,9.689555226896279e-06,0.010275017254907403,-0.5003188851441474,-0.0034290583354539923,-2.2850189611423e-06,-8.527806859136995e-06,0.005496020375605821,-0.04187843212846959,0.8108280316478464,0.3162023254910304,-0.020344905801529357,-0.020387294841435956,-0.020440192932587604,-0.01976597886395777,-0.017086477621493408,-0.013506494951658923,0.5964057940665602,0.5977564905830087,0.5991064249394635,0.5988519442844147,0.598335941861464,0.5972757847076582,0.5399601482710747,0.5397805501082283,0.5396601109298869,0.539440287847298,0.5364320823278336,0.5314657546452142,0.9956265417435484,0.9978132741613319,1.0,0.9934398620191671,0.9803197640508836,0.9540802800315682,-0.7548802706719927,-0.7569656500053804,-0.7590472427768105,-0.7531818466044699,-0.7414010201884615,-0.7176392777147232,-0.025574335910670317,-0.01912585059876272,-0.021597239008460868,-0.02906742575602449,-0.034937267808900066,-0.02572278023519961,-0.021204729859606402,-0.04095809617543608,-0.048903336246414145,-0.024332613194152756,-0.06645583491689797,-0.039134542198958275,0.5994848696213182,0.13458419577420958,0.5937761063566981,0.6006476153996609,0.6018124914302974,0.21048366636687257,0.5901993151266212,0.6053702068666569,0.6053874272512677,0.3504697465425356,0.5851679452705504,0.6165157188798013,0.5802084259587268,0.053608037561237484,0.5938489982042305,0.5497880764362982,0.6515947482363892,0.03814811764184317,0.7212920610645823,0.5831036095926835,0.741646821039048,0.028969513227866426,0.7602727863068515,0.6394511006711533,0.9988457052594876,-0.039837300204384064,0.9946899853063145,0.9950410883166353,0.9966845829530249,-0.08009320421323837,0.9905746587181875,0.9885551485339544,0.9889931568826629,-0.15555793820265476,0.9851686458346934,0.9783491775748788,-0.7612632086600056,0.06910301860169718,-0.7559133913390917,-0.7535326436319938,-0.7629993865166116,0.1052143025852049,-0.7537329152742522,-0.7497793452590559,-0.7634312289155877,0.1784316941800857,-0.7553691922491562,-0.749665421336572
temperature_lag_6,-0.020167461650733035,0.5902377429838974,0.5401037919515116,0.9868796648265512,-0.7465042386726838,1.66105910640882e-05,0.01581459502802148,-0.49834814422834267,0.0013021918203059849,-9.93079655928705e-06,-1.2942066048541007e-05,0.0003980793618851194,-0.04041989661313313,0.8105623169569861,0.313561620893804,-0.020235566801862698,-0.02028179936552727,-0.020321242740782428,-0.02047648332251785,-0.018403848959187858,-0.01396404457814591,0.5915914343667888,0.5929443623201024,0.5942965273667409,0.5983484502859998,0.5978385666422105,0.5967906277770338,0.5401575496177626,0.5401290398810732,0.5400513054361233,0.5395652911266811,0.5376051188462198,0.5325719279882353,0.9890664038033035,0.9912531362008152,0.9934398620191671,1.0,0.986879901910493,0.9606404176535668,-0.74860468467026,-0.7507013437322556,-0.7527942159900515,-0.7590501132519125,-0.7473031002833502,-0.7236089719338143,-0.02557074159667643,-0.019331584996962668,-0.021605883026170742,-0.02917352329890379,-0.036021472464246695,-0.0281031005519916,-0.021313017429104856,-0.04305644874780897,-0.05122627480223268,-0.026966761801496646,-0.06716580702545406,-0.0414982483091727,0.595378614514288,0.1344206189178978,0.590366115298931,0.597299276173549,0.599501349371743,0.21026942101613075,0.5874777902727469,0.6027637507228433,0.6039761209004875,0.35036182861291987,0.5823339204853073,0.6139823278193868,0.5804769844374037,0.05350490621355961,0.5941183073693603,0.5498792583186779,0.6517862350244497,0.03813078606231953,0.7213503625540567,0.5835509262698124,0.742380152842148,0.030639513447549022,0.7608178565714324,0.640472584819414,0.9944629639231541,-0.029362460935897155,0.9917514219903958,0.9936093419073262,0.9977827495116286,-0.0662560939568184,0.9894406776426731,0.9897043725021087,0.9928538014491233,-0.14543538651028345,0.9840363578956356,0.9795138765231014,-0.7569901921949266,0.07184522392210434,-0.7540668477701304,-0.7509101561483751,-0.7638308824199639,0.10878075355272719,-0.7540852970142903,-0.7490109767747996,-0.7669084244939433,0.1810763105921255,-0.7557862995977593,-0.748862472455909
temperature_lag_12,-0.01950672067084222,0.5805874578012573,0.5358103878664657,0.9737595669786863,-0.7338297167775812,2.2147254653084162e-05,0.026893600428240395,-0.4944067159047164,0.010764563892676594,-2.287265595466348e-05,-3.0112422829149924e-06,-0.009797664487027968,-0.03750286512313239,0.8100308949262638,0.3082802833326036,-0.019595964841239023,-0.01969408999757444,-0.019812336982069207,-0.020215534302174935,-0.020526184870394742,-0.01625625226663376,0.5819456146447021,0.583303006561724,0.5846596340769574,0.5887249354487077,0.5968349698783327,0.5958114741816402,0.5365452807764701,0.53731743852857,0.5380971118618852,0.5399124807612966,0.5376351840178979,0.5335071045961187,0.9759463059153873,0.9781330382727565,0.9803197640508836,0.986879901910493,1.0,0.9737605152630305,-0.7359527235633065,-0.7380719429288806,-0.7401873750057277,-0.7465109488179142,-0.7590558573829791,-0.7354969624549923,-0.024915903404939523,-0.01863287057955089,-0.021168840243268247,-0.028361937558027003,-0.03602374855658837,-0.027768669728556402,-0.02143583554234772,-0.04256971879727529,-0.05443031682882455,-0.02938476731902838,-0.06805156741934318,-0.04326953124495345,0.585710927673275,0.13451584898112762,0.5805847128792309,0.5877904384981596,0.5916194429950291,0.21002898481413695,0.581267816890906,0.5968528504153263,0.599509742167096,0.35010516925057983,0.5766472377869786,0.6089073646622464,0.578008582628777,0.04732716912941702,0.5937035220407249,0.5457873043112255,0.6506417231587562,0.032739470117158574,0.721491452778169,0.5801926213275611,0.742741949722121,0.03472164148423052,0.7609908964315645,0.6414642501058295,0.9813148835969999,-0.02935751059666115,0.9786659273526501,0.9804456507620494,0.9900959556645909,-0.04691681625105503,0.9853748232848114,0.9894150318141466,0.9956114602312873,-0.12120307908595647,0.981771812888616,0.9818432430305324,-0.7442839931133621,0.07219385596602682,-0.7416146829405583,-0.7380967715014095,-0.7562075412018748,0.11398443770732611,-0.7525891152471966,-0.7454737477771141,-0.7691231884278613,0.18741879187944713,-0.7565704716771481,-0.7471482932292273
temperature_lag_24,-0.018545588318394937,0.5612184839170508,0.5201571691529155,0.9475200831953872,-0.7080775259033348,-6.529584980284972e-16,0.04905101069211698,-0.486524073272385,0.029688795121364783,-4.9712808032864157e-17,2.1246891414562377e-17,-0.03018859951442744,-0.03166896029332857,0.8089680802663938,0.29771789472046783,-0.018604074649516168,-0.01867336429043371,-0.018768545043000878,-0.019000016480427023,-0.019604573555656236,-0.020581961494218495,0.5625855760483908,0.5639519002526031,0.5653174570578055,0.5694095283508714,0.5775730221663486,0.5938178091697698,0.5213438956667931,0.5226591084068162,0.5238072442893171,0.5282337319587863,0.5336925817151181,0.5360622921584208,0.9497068220535952,0.9518935543322943,0.9540802800315682,0.9606404176535668,0.9737605152630305,1.0,-0.7102456576509745,-0.7124100010091319,-0.7145705561093011,-0.7210294931766323,-0.733845102091731,-0.7590673583608549,-0.023626515984551448,-0.018942987821515267,-0.019688520611194516,-0.027999393327272217,-0.03412014657436692,-0.027413463662172854,-0.020098254483140704,-0.04198931674384762,-0.05507711584095545,-0.029742973728308197,-0.06945455120104509,-0.04573545643736679,0.5663069587161547,0.13470630404427666,0.5609525794185447,0.5687052233529442,0.5721821089439848,0.21031571864966278,0.5612867555145498,0.5780775367861859,0.5839922565463149,0.34988784887258373,0.5644194902058549,0.5980513629546206,0.562538900811346,0.05463083027304557,0.5749123691351249,0.5332264943029055,0.6372060448252845,0.03525602468072986,0.7094061142971119,0.57067717659239,0.7348531286859041,0.01463064181533241,0.7589539813281455,0.6342901513442416,0.9550194363795115,-0.029347610208090503,0.9524956481174662,0.9541189827518806,0.9637417644760755,-0.046900987044883546,0.9592644293016808,0.9629592578562907,0.9812728842152859,-0.08428010984507246,0.9754482336978543,0.9838804335853694,-0.7184656423004243,0.07289110120870432,-0.716310722164818,-0.7120624552918656,-0.7303350317784109,0.11504526710689472,-0.7277490603709942,-0.7190169824967304,-0.7545350916462426,0.19775337298676568,-0.755804088604402,-0.7413061126689567
humidity_lag_1,0.014593801372871302,-0.3916566460359233,-0.3984656233611316,-0.7570910184140529,0.9929055582336513,0.002238532951641697,0.004900155720490372,0.4851607390999441,-0.023185062343313727,-0.002306526151685569,0.000321273682143912,-0.012267268284616472,-0.022279130334144626,-0.7016656354156381,-0.28307366186916016,0.0154587653667543,0.016106666919820004,0.016699638088642565,0.017623737097704453,0.01880232890635698,0.022096300640630017,-0.3927049576124474,-0.392285095749568,-0.3918633399992459,-0.39058754792979866,-0.3879961429309469,-0.3827172977594909,-0.3976034661314088,-0.39699275945077295,-0.39667047017762974,-0.39648955346943976,-0.3926861484977227,-0.3834591545420656,-0.7590453297159678,-0.7569646667009113,-0.7548802706719927,-0.74860468467026,-0.7359527235633065,-0.7102456576509745,1.0,0.9929057200985555,0.9858001820636422,0.9644206952124121,0.921420873355777,0.8348112136239735,0.02047049798597548,0.018051733667994115,0.01559158705655227,0.024306937063177103,0.03067830131349275,0.027119030483888886,0.01425601781064763,0.038638395418668384,0.05217648027633812,0.05260088264472811,0.030930852778498146,0.0621336066621358,-0.39298834465327154,-0.10435249455191391,-0.3878173954247027,-0.39510027690491456,-0.39304430159573434,-0.15984349504835121,-0.3829735327669135,-0.39832355808025144,-0.39291033705413064,-0.26388326899798786,-0.3743642172166351,-0.40579110872483004,-0.4269009901789224,-0.028939377778399937,-0.44102849439469394,-0.4020821909724801,-0.4786049991991848,-0.004582169452566696,-0.5429232054663582,-0.4231624147556873,-0.5432901410074348,0.017310468556784874,-0.5734211906398796,-0.4663212582017247,-0.7568563893966178,0.061901864718942934,-0.7561679300108214,-0.7521142259648637,-0.7525703073334132,0.10320250528112872,-0.7536616401183863,-0.7438540764664587,-0.7432730931900201,0.19132964826879031,-0.7509276132235002,-0.7287422428860971,0.993864635507409,-0.08176502385174113,0.9837746051010412,0.9826822817368921,0.9807185841301628,-0.130624593877124,0.967184712276253,0.9638033502153678,0.9518097991138944,-0.22488085358222523,0.9417138014847433,0.9338295847113685
humidity_lag_2,0.01370933913234733,-0.39029885611246856,-0.3995543299747145,-0.7551358100999288,0.9857998580828692,0.001568221751603659,0.004902398426949079,0.4843079974922568,-0.021578415810771908,-0.0021447569642182147,0.0009249026453414009,-0.01276258280388824,-0.021851909868121386,-0.7014490934031142,-0.28212865497016415,0.014588932724964507,0.015457742849707405,0.016114853039021715,0.017515511760972935,0.018477512493515487,0.021639297090703676,-0.3913492369045991,-0.3923975272806681,-0.3919777589871469,-0.39070742630688193,-0.38812467812917917,-0.38285411080704435,-0.3983629095340323,-0.3975305474507279,-0.3969841721235863,-0.3964752843713432,-0.3928372269713279,-0.38459136050362175,-0.7570920001585825,-0.7590462861874583,-0.7569656500053804,-0.7507013437322556,-0.7380719429288806,-0.7124100010091319,0.9929057200985555,1.0,0.9929058819538735,0.9715578509207298,0.9286083229932502,0.8420487883527172,0.019689412652038548,0.01777845571564512,0.014786878578642347,0.023588593623723664,0.02999152144566043,0.026785451102697328,0.013582653253732476,0.037799004105813355,0.05127253098249356,0.051810018510392665,0.029756246171234742,0.0610627091257197,-0.3926119323320448,-0.10811035410460305,-0.3868919507338673,-0.39477789203615826,-0.3929178016718645,-0.16209206857944083,-0.3820313182346543,-0.3980149701772075,-0.39291423085987454,-0.2652920967074929,-0.3733823994251954,-0.40549944053435333,-0.42739485639159436,-0.028468902004093674,-0.44165916701192903,-0.4024779647796261,-0.4790271420531253,-0.00468175735823813,-0.5434165809423791,-0.4235532258914068,-0.5438749527474377,0.01854374907146288,-0.5746136153771684,-0.4667819340728784,-0.7575980551211755,0.057761452741849746,-0.7559675051714174,-0.7524540263875941,-0.7539996046492534,0.10048208550029701,-0.7534538139432752,-0.744226291385024,-0.7450703468137351,0.18912944965575698,-0.7507044587094708,-0.7291815908098633,0.9962552804498761,-0.07948734059104295,0.9835268443481046,0.9829570364677339,0.9855543137943946,-0.12940702606038165,0.9669918677951789,0.9640822690375881,0.9579799196551448,-0.22427358053760477,0.9415782981777246,0.934120261816428
humidity_lag_3,0.012813963300461665,-0.3889391938201664,-0.400328291421078,-0.7531787484817154,0.978683367174448,0.0009617618467479657,0.004899194512153432,0.4834551370953655,-0.019971805939872668,-0.0018322728218295933,0.0014660881296729776,-0.013250284571793105,-0.021414332609347567,-0.7012319837037547,-0.28118361009056386,0.01370447689144209,0.014587917093208676,0.015465936347364992,0.01722355570816161,0.018173970066348268,0.021144158845643957,-0.3899915602836924,-0.3910419195799792,-0.3920901887861358,-0.3908255665563811,-0.388251977070617,-0.3829906903511117,-0.3994517591190968,-0.3982900446238148,-0.3975219594814854,-0.39645895238548756,-0.39299157640210963,-0.38580376113705234,-0.755136817257659,-0.7570929820198063,-0.7590472427768105,-0.7527942159900515,-0.7401873750057277,-0.7145705561093011,0.9858001820636422,0.9929058819538735,1.0,0.9786848260988034,0.9357883947281211,0.8492845904342594,0.018781640320423877,0.017327781201308297,0.013960739556468036,0.022687187629323712,0.02921622441372303,0.026542819960971815,0.01288317875458228,0.036928682647634284,0.050321700717109494,0.051021960843039074,0.028829226368276697,0.05995691863791075,-0.3919885344578847,-0.11209350398238282,-0.3859645980376174,-0.39445371784132854,-0.3926666806166606,-0.16469581156517876,-0.3810871617614757,-0.3977051062267946,-0.3928550585922349,-0.26696555818217244,-0.3723985593927208,-0.4052074806138945,-0.42803032946694536,-0.027961679837299393,-0.44234476854401555,-0.40289565699998947,-0.4795116669115197,-0.004908398600734024,-0.5439416012716943,-0.4243388496725845,-0.5444345146054786,0.0195704585688963,-0.5757603006943303,-0.4672406396272892,-0.7576632833511364,0.05339685511952632,-0.7557651585993945,-0.7527901012050114,-0.7550880273831146,0.09738771267620656,-0.7532440706817011,-0.7445947616215766,-0.7466944944984706,0.18663051861283933,-0.7504793909622561,-0.7296171438474951,0.9962554027935273,-0.07706239423012427,0.9832686952291206,0.9832207125154467,0.9891813871743902,-0.12796097614021784,0.9667914723024673,0.9643499299596102,0.9635341260150204,-0.2235024657430561,0.9414407721379408,0.9343991827764515
humidity_lag_6,0.010215470155958932,-0.3848498096321422,-0.40319152644685663,-0.7472964444199206,0.9572738258509471,-0.0004745319517652557,0.00485690490404095,0.48089584320291806,-0.015152196270737174,-0.0002455579292511714,0.0023820920328207654,-0.014667715976554516,-0.02003946361686397,-0.7005772486770275,-0.27834824757318405,0.011039075523741455,0.011913248769188117,0.012816329837009532,0.015549927103745562,0.01773072076647127,0.019874676944390882,-0.3859076318172786,-0.38696369663614094,-0.38801792112036365,-0.3911687231965806,-0.3886256211707676,-0.3833981930888276,-0.40210745292891076,-0.40112799382009684,-0.40014449718331985,-0.39738359387555644,-0.3940787234170208,-0.3889844485636358,-0.7492601491110774,-0.751221949836376,-0.7531818466044699,-0.7590501132519125,-0.7465109488179142,-0.7210294931766323,0.9644206952124121,0.9715578509207298,0.9786848260988034,1.0,0.9572796734266259,0.8709766904265851,0.015612243561377385,0.014988658053313942,0.011420456464836243,0.019186372287634302,0.026263939318368363,0.025759357219846124,0.010771202042868008,0.034134713071093004,0.04717089093785194,0.04864860058587664,0.024834096960847086,0.0564330953676622,-0.3886366517992412,-0.11887735369320854,-0.38272092661505286,-0.39246142643903864,-0.3911652828690386,-0.1734814776792253,-0.37824390451097817,-0.3967670436992734,-0.39229856772246446,-0.27306077134384515,-0.36943580522849845,-0.40432905493913857,-0.4307135047034235,-0.027993570464888668,-0.44529739346959013,-0.4053762873956209,-0.48125911200962956,-0.004613773237396949,-0.5454595913691516,-0.425721900863806,-0.5460707470962785,0.021669436713002695,-0.5786817067916425,-0.46860493506827006,-0.753803649460566,0.045842877622345186,-0.7533904769444731,-0.7514981765198205,-0.756309705631872,0.08711770416747676,-0.7526033390323352,-0.7456777055236681,-0.7505291350372385,0.17794624852098392,-0.7497927089741909,-0.7309010349458366,0.981914236398603,-0.07318304897035344,0.9756879616849046,0.9764920159582386,0.9928091084381363,-0.12300115523161335,0.9661403870982715,0.9650901688940425,0.9764980630476271,-0.2205467102281922,0.9410114971122922,0.9351704249459413
humidity_lag_12,0.0058093598396792455,-0.37663178452726964,-0.4036325856821925,-0.735481805419114,0.9142265127566934,-0.0016234295701917315,0.004625292070838692,0.47577404855986205,-0.005513966441903665,0.0024400097426731686,0.0003212333767604994,-0.01729706971783474,-0.017010140013825205,-0.6992524536753733,-0.27267649712892594,0.006580366500847031,0.007341403479619586,0.008078954126991753,0.010302361713539475,0.015640974002792914,0.019165437407237727,-0.3776982620933282,-0.37876348214103267,-0.3798273616103805,-0.38301012626787095,-0.38932825640337815,-0.38419562411866776,-0.40343968233927174,-0.40325220578924303,-0.4032582460110417,-0.4028700112926334,-0.3951793326776714,-0.39048559362199303,-0.7374567808760184,-0.7394298524629179,-0.7414010201884615,-0.7473031002833502,-0.7590558573829791,-0.733845102091731,0.921420873355777,0.9286083229932502,0.9357883947281211,0.9572796734266259,1.0,0.9142499842268147,0.009679089637174579,0.010482643402341141,0.0064353870354775435,0.012425836870118452,0.018135914269053196,0.019307939535467625,0.006424427130170609,0.02425904894610883,0.03893418794235153,0.04131537266098713,0.016230320807096958,0.046643388836521055,-0.3804176516091491,-0.11911474495865632,-0.37438968185217025,-0.3843942909328313,-0.3847970309930849,-0.18586358536768294,-0.3720576531573448,-0.3938512724063603,-0.3894767492989117,-0.2876007632111396,-0.36346783699697516,-0.40255358807535313,-0.43364801343524023,-0.023365910770231212,-0.45003047021378484,-0.40693979443038164,-0.4852172202697062,-0.002056536815458345,-0.550487668158894,-0.4282826061604787,-0.5489672788570729,0.022045656782252496,-0.5818238000714568,-0.47175084616060436,-0.741992049727645,0.044852590905520684,-0.7415663305735711,-0.7397417384228923,-0.7495718231777238,0.07244671451828628,-0.7495182128261128,-0.7454536316526292,-0.7535358018473793,0.15814058595446762,-0.748367696512032,-0.7333663727943524,0.9386954060510205,-0.07402927747759411,0.9332813217187798,0.9329709623425375,0.9674293059455089,-0.11644921111188622,0.9578862338977768,0.9587534215971505,0.9857630205704397,-0.21328818253250534,0.9400367715433546,0.9364632058561759
humidity_lag_24,-0.0025067636037143723,-0.36010195336044754,-0.39607148095187844,-0.7116524505455813,0.8275723333168826,0.0029718841691892296,0.0035740727287407745,0.4655176343568482,0.013758537164389153,-0.0023059212888848794,-0.0003035802969216192,-0.021733938031036425,-0.009833417773950325,-0.6965415784082833,-0.2613288949711666,-0.0016954274670758385,-0.0008983754402622784,-0.00013667662434523417,0.0016238203600461528,0.005988818719081771,0.015680281304593785,-0.36117671537516316,-0.36225122055763553,-0.36332538566184114,-0.3665450083734475,-0.3729638432821809,-0.38565709568825085,-0.3970831852281526,-0.39816785644372543,-0.3991947869581002,-0.4018346185161599,-0.4011001496942804,-0.39290147677279413,-0.7136499632774856,-0.715645572330981,-0.7176392777147232,-0.7236089719338143,-0.7354969624549923,-0.7590673583608549,0.8348112136239735,0.8420487883527172,0.8492845904342594,0.8709766904265851,0.9142499842268147,1.0,-0.0007091575595466364,0.002916672148323425,-0.002128804299724553,0.0014898939388470528,0.0024798983409319146,0.006107746542230729,-0.001552811516440879,0.006221897550987976,0.016374657516608278,0.0227748101874383,-0.002182162148630309,0.02664611758313504,-0.36386296129207746,-0.11937874785360589,-0.35763215887239835,-0.3681228121430933,-0.36823100747263304,-0.18637616517368139,-0.3549984883634617,-0.3778954580237279,-0.3769980699161951,-0.30991995022991237,-0.3509522324231323,-0.3978974266591829,-0.42856613351581496,-0.04225311588833295,-0.43831057905871423,-0.40733450087524437,-0.48416641768003366,-0.023366095097822857,-0.5449999718355649,-0.43452702836797,-0.552333974473662,0.010732787282452213,-0.587074958975432,-0.4820672230437733,-0.7181683360041835,0.04287242530258718,-0.717718511750556,-0.7160280759796733,-0.7257627981332927,0.06928204694411813,-0.7256276143666531,-0.7218586928141272,-0.7409616366102771,0.1272542271704398,-0.7435626499289026,-0.7355690005529738,0.8515672470322546,-0.07494589021279088,0.8476632196528125,0.8453631969033341,0.8798757565356349,-0.11826917864856529,0.8734526186962196,0.8697188888224601,0.9376496531403298,-0.20285893750420975,0.9306422967831922,0.9305166289138244
traffic_flow_roll_mean_6,0.6142722656179181,0.03413793256060255,0.26142173440404987,-0.024912700658499497,0.021088606603539468,0.6820508085215621,-0.07166938783088968,-0.028845914416531195,-0.028491327672357396,-0.6378537270282744,-0.15888794581067972,0.04538377830160396,0.040904410050882564,-0.00982245562363928,0.0600170804841123,0.82435197863086,0.9426985603681117,0.9427007321472645,0.3598071645641143,-0.07789283000794066,0.36292979135645365,0.032592704924185,0.03144182911596665,0.030606312419237926,0.029662100592954353,0.03374916084281809,0.0464434284550134,0.30061299781325224,0.32002455844261185,0.32716524492357807,0.3377954774684012,-0.09837930603599768,0.23212955609596034,-0.025237227425054184,-0.025450120850785494,-0.025574335910670317,-0.02557074159667643,-0.024915903404939523,-0.023626515984551448,0.02047049798597548,0.019689412652038548,0.018781640320423877,0.015612243561377385,0.009679089637174579,-0.0007091575595466364,1.0,0.4592916955375494,0.8688040100059956,0.9327844299930887,0.7017669032752986,-0.1275236247999349,0.7409295692801815,0.4301886090342925,0.38844487500965447,0.27501433353863264,0.5483315152052685,0.3364832749704827,0.03151305908714476,-0.2964072360656606,0.057132348190749666,0.007389624817096492,0.03128951193401902,-0.37559017104087394,0.07398367400289613,-0.004763041378703031,0.035541828561036104,-5.061046523722547e-06,0.040382907699894915,0.04003193689942233,0.3355513978807369,0.43362576166185374,0.20487935682633038,0.41112865222907446,0.33235391491376104,0.3546772400178627,0.18366049184798572,0.3473638273375534,0.044147234801615115,0.12880886637126485,0.02998200911001816,0.0806528404346226,-0.025458766216752988,-0.3448059030520246,-0.001494812296973772,-0.049203672103510204,-0.025484050289830553,-0.44617631312008676,0.01211752629436451,-0.06266137922961773,-0.02504472772036372,0.004062580111370461,-0.026738222649677904,-0.02216910431955143,0.019220320425577253,-0.32696118260660956,0.05928535635068894,-0.0222442857862558,0.01629945883006572,-0.4138186134249002,0.07806225666776526,-0.04897749325582216,0.010689118933280797,-0.004303038390917268,0.007945968545367428,0.014040708001854625
traffic_flow_roll_std_6,0.3605154737488428,0.035602739510257754,-0.06320087350761643,-0.017791592168180576,0.01816643635796449,0.1362069217261646,-0.04858151439246818,-0.024137108520398447,-0.022419783850806032,0.04749480972918748,0.2038377378481681,0.04160705755987294,0.025688685724237992,-0.006912545546669671,0.04933519195280868,0.4597948691982107,0.4294931120930187,0.3612498856087483,0.1514989525492747,0.3382896464134933,0.1970442066360943,0.03306176261294929,0.030500628051354835,0.028178856648926817,0.025108785671150338,0.03064937312327814,0.036577074830750726,-0.12710836090390515,-0.16095072498733876,-0.17186163516000783,0.018566089383170586,0.16484380579999586,-0.08583714559514746,-0.01833110222795436,-0.018789947701612658,-0.01912585059876272,-0.019331584996962668,-0.01863287057955089,-0.018942987821515267,0.018051733667994115,0.01777845571564512,0.017327781201308297,0.014988658053313942,0.010482643402341141,0.002916672148323425,0.4592916955375494,1.0,0.005919156758834958,0.7248646160444976,0.3667222533177869,0.2175844142146647,0.30150769452796605,0.4235798661266142,0.35350715732992566,0.2360374595737245,0.39848635434969987,0.29178065519725793,0.029885742954022125,-0.08239752742175312,0.03747215884806567,0.023447430114110435,0.028957126261057557,0.03710040127657455,0.025143637562540278,0.0404758417575295,0.030965879721201295,-0.06737465381208743,0.04200977969699242,0.030287820329530337,-0.1379913199939167,0.19691513919739762,-0.19165473681589887,-0.04977807648931924,0.024208474730951533,-0.12433237993022833,0.08533115063773361,0.01680124314039679,0.04042712960083436,0.0827678909441457,0.02821773830339605,0.05173483688949448,-0.01882721894388699,-0.09449587040001592,-0.012211644982642364,-0.025009681599629293,-0.018983397210415445,0.04666656678547178,-0.02670287699638009,-0.009740242220705408,-0.018893595978371022,-0.08400271040787148,-0.014958601225458848,-0.022090284887996685,0.017435504088186303,-0.11034979587434834,0.03027994859558971,0.0035424961125798066,0.015455835850050453,0.0255499248147165,0.0034358937632260516,0.026700326366640093,0.011140352385833779,-0.08594887118908637,0.0189948144460026,0.002161958307507109
traffic_flow_roll_min_6,0.5705109765708518,0.024367735771170112,0.3248632346184071,-0.021382949342104975,0.01629136109671641,0.6792468492988196,-0.06235310035616358,-0.02306568712049373,-0.022929786860605386,-0.7586278469785671,-0.3130262489007668,0.03420402221002944,0.03695111539719558,-0.008772858739359441,0.0485705674143305,0.6836350186344509,0.7807021934187431,0.8066102038956395,0.3715544673492351,-0.2547191590273581,0.34925780072446455,0.02406893864016064,0.023996413860608877,0.02395179947775411,0.023881991929587575,0.025946111138225685,0.038131421584465634,0.4209782004530834,0.47532915214011606,0.5011559970234274,0.393018676076079,-0.22933069373648493,0.3009696027431161,-0.02148972818594526,-0.021568699860257213,-0.021597239008460868,-0.021605883026170742,-0.021168840243268247,-0.019688520611194516,0.01559158705655227,0.014786878578642347,0.013960739556468036,0.011420456464836243,0.0064353870354775435,-0.002128804299724553,0.8688040100059956,0.005919156758834958,1.0,0.6885428231972986,0.6297514908601324,-0.2588375859965976,0.6949141139112766,0.2924109694606674,0.28983684385198294,0.2109102956608359,0.45394473877184216,0.26034238368056023,0.02409717986568608,-0.29489178732148524,0.049202347671195315,-0.0003026031634273854,0.024210973348636033,-0.4446633285538361,0.07615999013247311,-0.02397077855844629,0.028270032296878866,0.046709001035777825,0.028298259317383747,0.033965589125729355,0.47844694148997247,0.3133004535453691,0.3733307310182321,0.48676286205443553,0.37189743118693164,0.46317234664875245,0.15790989043240028,0.37221283471486255,0.03351610498555973,0.11277637956176458,0.022584259086545877,0.06881539075226092,-0.02159908702830906,-0.34432593710698123,0.0023182530125553744,-0.045513633372671995,-0.021606410807688825,-0.529809713449126,0.026445323874341266,-0.0698347996189164,-0.02117787153948397,0.06319026060442108,-0.025269651688891104,-0.01604974864929184,0.014444473286779114,-0.31743674221475193,0.053693053702688676,-0.02585036710627571,0.011965032585351313,-0.48391355166101224,0.09050770428529235,-0.07045520377307381,0.007371265103467576,0.05157860166697585,1.7021642288690727e-05,0.016012050520033745
traffic_flow_roll_max_6,0.6223513213295044,0.04375372391941082,0.17565229931195686,-0.02789938167739086,0.024838275699882062,0.5565025696479411,-0.07856517411419305,-0.03380070089908617,-0.032230667474068504,-0.48675627793826026,-0.0478663260913003,0.05439460046060923,0.04436812332023115,-0.01149146866022959,0.07017043852287881,0.7868375538030348,0.8515477438085712,0.8335881297456322,0.3843738571003665,0.06294661044905105,0.3553917676522608,0.0414877023118971,0.039532090747069475,0.03784457311368283,0.03564193521045791,0.04109515625391113,0.05353141238400236,0.19422639259949112,0.2041598347073601,0.21132289206764845,0.2818247629132627,-0.020792517776320477,0.1424600795708949,-0.028404251150981375,-0.0288042358274558,-0.02906742575602449,-0.02917352329890379,-0.028361937558027003,-0.027999393327272217,0.024306937063177103,0.023588593623723664,0.022687187629323712,0.019186372287634302,0.012425836870118452,0.0014898939388470528,0.9327844299930887,0.7248646160444976,0.6885428231972986,1.0,0.7061884168895334,-0.01064450495546976,0.6920763140445202,0.5167053417300566,0.45750849451681064,0.3144365091837815,0.6020406320754972,0.38937705135782696,0.0392488455729896,-0.2517924683045154,0.06116336137242999,0.01878604139297654,0.038642059718738554,-0.2774498552139876,0.07087987999694453,0.01475302107080242,0.04286903819276363,-0.022271374327819084,0.05103374610392516,0.046242767425899105,0.22360393944570728,0.36519380608798785,0.11145276958006416,0.29744397319640015,0.2746116535492359,0.2399023314102525,0.1703879789179292,0.2755891949805076,0.05298931475068258,0.13907448254824192,0.036303475014107855,0.0864198867024891,-0.028826619517450056,-0.2921831030436238,-0.008504619643995454,-0.04877808659195303,-0.028934904412297804,-0.3283289509089809,-0.002323223225266303,-0.0545181752741983,-0.028612092764050998,-0.024712366621679027,-0.0286349100748604,-0.027589194430625803,0.023074578836113333,-0.28681445720171894,0.05786505362723079,-0.013228048461430898,0.019904949901094034,-0.3126143598751526,0.0638446278875032,-0.027267487596759704,0.013614632662122234,-0.033142687039815426,0.014478850289949542,0.013103988798292342
traffic_flow_roll_mean_12,0.33503983428041456,0.05943239865647152,-0.0530104651628704,-0.03329437779130702,0.03128137806936208,0.387941773361619,-0.08184537418931177,-0.04160365951920291,-0.03583303829881186,-0.56755828737146,0.3412892897023508,0.06953575186627084,0.04559351875065834,-0.013415052724677487,0.08596399553753035,0.4575666416023751,0.5562039126438011,0.6272082042280632,0.6940053503084593,0.2009042131971631,0.08089397495288683,0.05678909423060994,0.054344168012601606,0.05209458606936149,0.04686056561668369,0.04658426871750554,0.06228756354378743,0.046606227436019665,0.144675561285501,0.2352184821728751,0.42721702813817697,0.17178018822394797,-0.09040976935986238,-0.03389209520457636,-0.03444048874364108,-0.034937267808900066,-0.036021472464246695,-0.03602374855658837,-0.03412014657436692,0.03067830131349275,0.02999152144566043,0.02921622441372303,0.026263939318368363,0.018135914269053196,0.0024798983409319146,0.7017669032752986,0.3667222533177869,0.6297514908601324,0.7061884168895334,1.0,0.20956778041867896,0.7941304284372789,0.822523112041225,0.6381900091292706,0.44631357463302607,0.6229170568582448,0.49695366982017725,0.05365904640103956,0.04444655539494315,0.050948016692816185,0.0567416002606757,0.0499120542518656,-0.20621967542153422,0.07700274928036929,0.029855324214640606,0.05196496997811896,-0.06091930249291679,0.06111595140436689,0.060395971450787504,0.1913105389937291,-0.021458014427295776,0.19666238546535184,0.158146865230981,0.34475292559380144,0.21539747892432898,0.20283042245481053,0.28620622026590237,0.07074708855868181,0.1604794273282299,0.04230087832038527,0.09059198714437382,-0.034687720909264586,0.05250134410050555,-0.03797370398128343,-0.0310659689696195,-0.035566106167121365,-0.24418502557795327,-0.013396970234951053,-0.0564568496147134,-0.03558902496488284,-0.07331721336039133,-0.03727646959361707,-0.030671191832985976,0.02968466182840281,0.022648168428957158,0.026405192973446977,0.032355933360940635,0.02662410420841548,-0.24890674305546515,0.0645462599389756,-0.015167738869564736,0.019029293874737098,-0.08709982578379093,0.016188385639972803,0.01976331718464622
traffic_flow_roll_std_12,-0.2562388529643927,0.0628505491930053,-0.0810509527245601,-0.023731954023033925,0.027567360487179702,-0.5311275974304916,-0.05142930163074764,-0.03609763670680121,-0.028679385263673515,0.5678204686093205,0.17043517550899553,0.06671749198835919,0.025659506788974627,-0.0090667284374633,0.0730041118866808,-0.2197123222112609,-0.15435179055834453,-0.07796379778785799,0.18051775483104582,0.41648510171581066,-0.3805928980387961,0.06017365282982788,0.05702129450208921,0.053536711822086316,0.04259391837101703,0.04392880335377703,0.050504870842834594,-0.13303085144081045,-0.18429970818766087,-0.23517499526299995,-0.2953526068389256,0.24837127191060457,-0.11318496544749329,-0.024288284004644077,-0.024958712913222367,-0.02572278023519961,-0.0281031005519916,-0.027768669728556402,-0.027413463662172854,0.027119030483888886,0.026785451102697328,0.026542819960971815,0.025759357219846124,0.019307939535467625,0.006107746542230729,-0.1275236247999349,0.2175844142146647,-0.2588375859965976,-0.01064450495546976,0.20956778041867896,1.0,-0.28854706207342024,0.6866577207653429,0.587462394520187,0.4671340591450582,0.39523385188024523,0.4734993478078525,0.055079024370388835,0.30396449721944463,0.029764890688378922,0.078572350154253,0.048351382183097036,0.32310006002749225,0.017021994364222224,0.08688042747368334,0.04823349554311116,0.0389700556983133,0.05347884198236382,0.05979478188797273,-0.21864367483600097,-0.0124535346268506,-0.21827674757146948,-0.19545345821968635,-0.1765230294649763,-0.09727928246798942,-0.03570398539898926,-0.07851543152917877,0.06723209870850838,0.1321316898066077,0.043480136494919386,0.09984122934381144,-0.02549439952463775,0.3549163094910347,-0.04993389999783246,-0.0010565339952150691,-0.026959943446927016,0.38599002652612713,-0.0610083738377523,0.00974150080933968,-0.027337357134733734,0.05261856548786765,-0.0319612552879512,-0.01934897590897488,0.026936366014049234,0.2919928497651472,-0.009593689501354365,0.06407066892335993,0.025384567410774297,0.3093615392565379,-0.02780420736406363,0.07839112130904277,0.019535674842033782,0.013195343256217313,0.013367755439407429,0.02246188145598654
traffic_flow_roll_min_12,0.5739602720456345,0.022018568904445708,-0.07047550894843725,-0.020939715626263497,0.0148015625836866,0.6612988224191954,-0.05635049464150729,-0.020592102732265832,-0.019018949589299696,-0.7340172414265788,0.26887646576652685,0.029834253795914752,0.03532689436378483,-0.009750300128889612,0.0445882918317993,0.6673446849397086,0.6890337246010184,0.6435580896987462,0.3044204771924696,0.20582481973866049,0.37415540615822124,0.02182019947723392,0.021897412636910352,0.022008598588078368,0.02234457123930003,0.0231027949045524,0.033985706571601396,0.03441793901905135,0.13855236597814086,0.2432456678477812,0.5294795205518429,0.03246015720007491,-0.09046677350926874,-0.02107110962385615,-0.021168633785972214,-0.021204729859606402,-0.021313017429104856,-0.02143583554234772,-0.020098254483140704,0.01425601781064763,0.013582653253732476,0.01288317875458228,0.010771202042868008,0.006424427130170609,-0.001552811516440879,0.7409295692801815,0.30150769452796605,0.6949141139112766,0.6920763140445202,0.7941304284372789,-0.28854706207342024,1.0,0.45704356260270673,0.2801872022409292,0.1596990833538225,0.399840732924089,0.20804450514125014,0.022081437369118696,-0.16299894086323558,0.035946216267555856,0.008680466784794618,0.022457832401983027,-0.29768280762615373,0.05829944181093418,-0.011268972434054607,0.02491920451794897,-0.06129007213094873,0.028148617008314537,0.027654324716199954,0.206812201537816,0.06129639462517602,0.19325694490422424,0.1989088639738751,0.37729179909720534,0.0812990887632002,0.23402696156484665,0.2473979765138236,0.030483701674794413,0.07635684011708803,0.015116471511166012,0.03046148115581525,-0.02119543215323792,-0.19085672622769465,-0.00803067026855602,-0.03427894010957018,-0.02136980259230132,-0.3560623374606401,0.01200060385143831,-0.054946228111988286,-0.021280929390459127,-0.0776636485077681,-0.021938111291861424,-0.019459018283458352,0.013289148670026101,-0.175995532617686,0.03467512801482015,-0.008796020777333713,0.011254931050744274,-0.32495644895095294,0.06562051426774654,-0.0459318259862232,0.007034316802510787,-0.07081924583713028,0.004814379054914559,0.00964588956633293
traffic_flow_roll_max_12,0.1807277273950714,0.08153805945741173,-0.11993204224278256,-0.03886184087498132,0.039446855528356604,0.008833896302186128,-0.095600625277192,-0.05286859886681238,-0.04525153557840033,-0.06264566087267978,0.355194725030368,0.0912225872354774,0.052582242285994625,-0.016416131864711095,0.10861947154586771,0.25379288368817776,0.322178767326199,0.3814495979503872,0.5183958799983533,0.4843168906733278,-0.09153545844914798,0.07840865768517387,0.07528535288170128,0.07216814294469409,0.0628567939563496,0.06420753259308021,0.07908931200948474,-0.08195566379448317,-0.039924066082799685,0.005939746266054539,0.15495681766018776,0.25808948174862956,-0.16768017426058593,-0.03956059474600986,-0.04025934651281973,-0.04095809617543608,-0.04305644874780897,-0.04256971879727529,-0.04198931674384762,0.038638395418668384,0.037799004105813355,0.036928682647634284,0.034134713071093004,0.02425904894610883,0.006221897550987976,0.4301886090342925,0.4235798661266142,0.2924109694606674,0.5167053417300566,0.822523112041225,0.6866577207653429,0.45704356260270673,1.0,0.7797830962903077,0.5646327944123393,0.703047999555126,0.6166387972007775,0.07395274514475172,0.1444855336422381,0.06250110130855796,0.08475969796505818,0.06807413970643562,0.05589381358327685,0.06848093400515011,0.07624091403537331,0.07000949231037652,-0.01789478874444034,0.07879451861162837,0.0817853354434642,-0.013930837030734295,-0.05534716027708501,0.003597014701858397,-0.026568863802161096,0.13903219805206793,0.017728393496739454,0.1336209261431242,0.12117362260983557,0.0912394463213625,0.19175670208086543,0.05727483120495949,0.12198198713793433,-0.04069533137198308,0.17019927879239846,-0.05237340855725754,-0.02880028573479685,-0.04202696971632877,0.0689807249803271,-0.046594009943347635,-0.03507894506792951,-0.0422519287612525,-0.018484559817337914,-0.046676899193835185,-0.03450640849562916,0.03758309777125633,0.12499521352889045,0.02122835154487104,0.05370850236534772,0.03428350918251754,0.022908789163723575,0.028894599291105744,0.037084975411319984,0.02526220193640486,-0.04864522589422965,0.019211216453546627,0.029243812754127914
traffic_flow_roll_mean_24,0.24847927426149194,0.12148534687255044,0.08841570784687908,-0.04640736092301729,0.05303035800542231,-0.00019506681489385035,-0.07622217429702013,-0.06647207363311207,-0.04331675604649482,0.00015852325898730053,3.76044151513864e-06,0.12107496600982194,0.03893436354982608,-0.019562070151385124,0.13579740120651118,0.27509533473280373,0.29993547393307596,0.3225717084409843,0.3768901361533929,0.41994472228789564,0.2207649771268037,0.11747174112632437,0.11356100982193008,0.10973702433817055,0.09892817316610956,0.08478904691179422,0.08703208677107506,0.08988541336112035,0.09122996033878572,0.09244832155582451,0.0953057256905619,0.09369424394518691,0.06496608641667295,-0.047257181044554855,-0.048088124214826285,-0.048903336246414145,-0.05122627480223268,-0.05443031682882455,-0.05507711584095545,0.05217648027633812,0.05127253098249356,0.050321700717109494,0.04717089093785194,0.03893418794235153,0.016374657516608278,0.38844487500965447,0.35350715732992566,0.28983684385198294,0.45750849451681064,0.6381900091292706,0.587462394520187,0.2801872022409292,0.7797830962903077,1.0,0.8874351951935519,0.6481268278700851,0.9078845145725547,0.11210214704949763,0.031570045559875796,0.11080895684738834,0.11311627572889152,0.10257791245805072,0.04838446075324613,0.1014344579357372,0.1067726833299671,0.09319380512336557,0.0751141791408811,0.09925106116594375,0.10893152165248057,0.09854047740517667,0.041691339607869284,0.0919801747896411,0.10340615978561277,0.11317858810396435,0.08733499910231728,0.10206883322010642,0.13440629476120114,0.12107806521495885,0.2210361587921952,0.096823476876395,0.16283588346172026,-0.04857674427187562,0.038790010009070654,-0.05102121338502727,-0.04588437524786714,-0.050824492844580925,0.06076002383687478,-0.055784473243002675,-0.0447436797785614,-0.05346970498745109,0.10321353224837541,-0.0619754460014545,-0.04014946853349131,0.05108794044566899,-0.010454197795823574,0.051661304411664846,0.04973078951873992,0.048025334220608916,-0.008979047848220225,0.047691847252651194,0.04624488459841994,0.03939802996691564,0.013744700072467864,0.032037989176175015,0.04151116966136943
traffic_flow_roll_std_24,0.18708198698337616,0.1157250954582794,0.14227814302492353,-0.02203971770161322,0.05339513487366936,0.027138155550748836,-0.04310814835430663,-0.054238298321059024,-0.047726964948917754,-0.026318084324177975,-0.12045763775624818,0.12531523338031644,0.005427929118018347,-0.0017777329052032242,0.10319492145345899,0.21089007169098734,0.22331875183183916,0.22745856809827902,0.24163823087176464,0.3292507795642886,0.3108679670962756,0.11216756984688897,0.10837815492762336,0.10436674902187205,0.09100721683294331,0.073665896555451,0.06922544321333898,0.14066214655913675,0.13410598541632576,0.12383472608943122,0.08286321936906567,0.018553284650214098,0.13469043206980943,-0.022765449727478404,-0.023528693462880848,-0.024332613194152756,-0.026966761801496646,-0.02938476731902838,-0.029742973728308197,0.05260088264472811,0.051810018510392665,0.051021960843039074,0.04864860058587664,0.04131537266098713,0.0227748101874383,0.27501433353863264,0.2360374595737245,0.2109102956608359,0.3144365091837815,0.44631357463302607,0.4671340591450582,0.1596990833538225,0.5646327944123393,0.8874351951935519,1.0,0.33392178429094427,0.9665234501259088,0.1063822634806567,-0.018715771626950886,0.108738014034904,0.1027993776187034,0.09490558912750861,0.015652578104374527,0.096618727839151,0.09548497619630286,0.08120481538457604,0.09473856759281377,0.08677357925390301,0.09794130816174974,0.13427839711639805,0.0610723339745799,0.12101917827397782,0.13864897034371773,0.10503845061465455,0.08299016579557163,0.09262681549760216,0.12344774332535355,0.1126873834441191,0.16908180496463487,0.09716896826462738,0.14124370964411362,-0.02403766176630607,-0.020167523185237395,-0.022580946906673033,-0.025556103229485306,-0.026238076921392166,0.0213293322177112,-0.027851440181531982,-0.023373985696637834,-0.0283884003219124,0.12415115019258459,-0.03674958196790812,-0.015195231696565262,0.051778897378087364,-0.061344126159000416,0.05878336171892906,0.0440268881263234,0.04933179156130993,-0.050816557482768386,0.05546397060164879,0.040760824982753914,0.04217892272506129,0.007379378762068912,0.03990057736115058,0.03964893763375771
traffic_flow_roll_min_24,0.4563946182840349,0.05838475840135185,0.09912504591244405,-0.06477853852546069,0.032154252349723626,0.06324067863003979,-0.1244535729533467,-0.047546387458304765,-0.030587839211732915,-0.027504486250524273,-0.05079695326378286,0.06630760580271408,0.09270221415194363,-0.03985003378412514,0.11379763349720831,0.45670999987240724,0.4524716694228209,0.4418983594711113,0.33830882943056056,0.214216980821754,0.065114080059384,0.055727744520929386,0.05374900302754554,0.052458227257126136,0.05482601312986208,0.06174261247520828,0.07603237557960933,0.09416059149605246,0.09214326504812108,0.08943879287904609,0.0762034459609881,0.01843483213927534,0.05469232621756571,-0.0654555105306464,-0.06604005655688727,-0.06645583491689797,-0.06716580702545406,-0.06805156741934318,-0.06945455120104509,0.030930852778498146,0.029756246171234742,0.028829226368276697,0.024834096960847086,0.016230320807096958,-0.002182162148630309,0.5483315152052685,0.39848635434969987,0.45394473877184216,0.6020406320754972,0.6229170568582448,0.39523385188024523,0.399840732924089,0.703047999555126,0.6481268278700851,0.33392178429094427,1.0,0.4714867390098091,0.05458281820379198,-0.03982145207185117,0.059648979794897375,0.05255515990464403,0.0564038581033635,0.008218224293430469,0.06052672904163763,0.058748230829448786,0.06286935159500953,0.0646662686035532,0.06264941335913181,0.07104418718713443,0.0971349184757615,0.0761480562754209,0.0776105767040384,0.11030967219919005,0.08594014828271514,0.11174918329650219,0.05369896662338851,0.11188944897705558,0.06799942615140009,0.19485452216960977,0.04137118548879627,0.11951059634661863,-0.06624409741513403,-0.04089042352983669,-0.06338468584758666,-0.06847130028675935,-0.06711109986342664,0.01081823030140558,-0.06702486991297082,-0.06586462394131282,-0.06844148589750444,0.07922887520783195,-0.07446388757397515,-0.06075718156927298,0.02946054813843129,-0.048127437356046174,0.0342672092354964,0.024083416477960137,0.025630640137903178,0.0012692979028040164,0.024698434883815283,0.025404629176569084,0.017132439701686493,0.06103906654459583,0.0051095231562049495,0.028474673798013876
traffic_flow_roll_max_24,0.2596596663189831,0.1266603782553101,0.15880726147101648,-0.036773202290412026,0.06316961005389121,0.03272193614686966,-0.06649615757802828,-0.06275765288530849,-0.06004460419635775,-0.03609029325921347,-0.1300696802862642,0.14105115666127158,0.02243525434886675,-0.014224335338943985,0.12674411856555048,0.2722435217411852,0.27236446762164,0.2683594939285042,0.26836524850380095,0.3043246333146162,0.3326188578204816,0.12294222301221037,0.11923097473865002,0.11552663100365025,0.10445921394058448,0.09185582609273393,0.08784904307440128,0.1593372366748094,0.15175294404743953,0.1392716428960436,0.09863680824549123,0.014964445425671342,0.14669716177929787,-0.03756031796360955,-0.03834743126644853,-0.039134542198958275,-0.0414982483091727,-0.04326953124495345,-0.04573545643736679,0.0621336066621358,0.0610627091257197,0.05995691863791075,0.0564330953676622,0.046643388836521055,0.02664611758313504,0.3364832749704827,0.29178065519725793,0.26034238368056023,0.38937705135782696,0.49695366982017725,0.4734993478078525,0.20804450514125014,0.6166387972007775,0.9078845145725547,0.9665234501259088,0.4714867390098091,1.0,0.11773511129416869,-0.02070866097629256,0.12077770202200287,0.11420673542137758,0.10854672487817399,0.01119962982848177,0.1118371027586102,0.10895245569063157,0.09791429636166314,0.09491454447210644,0.10257694240242259,0.11195592141393779,0.15170490469455514,0.07136413786274515,0.13483844642820397,0.15764842954782496,0.11926162338136614,0.10171290535311087,0.09860666773940896,0.14195963827149186,0.12262204294769863,0.19369348039458978,0.10375523971873295,0.15907922051947557,-0.03882361331327736,-0.021188499543468648,-0.03715971126639932,-0.04035772546563859,-0.04071080791801191,0.021993484457194373,-0.04222210201530222,-0.037659450298100194,-0.04297040756373867,0.1342217500136779,-0.05281662050453524,-0.029876972784325457,0.0608853057161067,-0.05799563825277315,0.06725838027228956,0.05354043414504009,0.05728589117942879,-0.04178066131537431,0.06149515290775899,0.05032265242825092,0.048344314461076184,0.025125630675954976,0.043388920722785634,0.05051357792775037
aqi_roll_mean_6,0.023821278683447123,0.9953535585180375,0.5856179623493972,0.6014291277514264,-0.39311779092473514,-0.001184258550480612,0.039506643508890195,-0.83316524586242,0.013708298467356682,0.0004484029115466833,0.0008834464959522134,-0.012897729330680518,-0.037897210261128425,0.7179894208573622,0.8428265520108327,0.023850310334526496,0.02414291144266241,0.024817580370931038,0.029664099765978443,0.04105536405954136,0.05758155503891039,0.9973833225671557,0.9983982574917174,0.9983985617631399,0.9923137411414874,0.9740637194800779,0.9375943870485502,0.5856206618761255,0.5856251401547727,0.5856399465114019,0.5862791876609794,0.5873957328137377,0.5825615357288243,0.601021179100294,0.6003731099558405,0.5994848696213182,0.595378614514288,0.585710927673275,0.5663069587161547,-0.39298834465327154,-0.3926119323320448,-0.3919885344578847,-0.3886366517992412,-0.3804176516091491,-0.36386296129207746,0.03151305908714476,0.029885742954022125,0.02409717986568608,0.0392488455729896,0.05365904640103956,0.055079024370388835,0.022081437369118696,0.07395274514475172,0.11210214704949763,0.1063822634806567,0.05458281820379198,0.11773511129416869,1.0,0.1570475780839405,0.9957003775830416,0.9958765716767712,0.9968998954859125,0.24421065135397646,0.9880076982607998,0.9886053812701621,0.9861122708338164,0.4056390680770276,0.9759707103611673,0.9779836293771631,0.6296074282189101,0.12286872607085891,0.6249024027914013,0.61822886034984,0.7085652082334795,0.1499005906111808,0.7505356687860021,0.6852431830698003,0.8099897957000515,0.26762634143789155,0.816796753957393,0.7777175412812833,0.6008875616884077,-0.07440110867816728,0.6028023803142081,0.5959937849180513,0.5980836388827518,-0.12332329567433588,0.6031997995053588,0.5873714748826622,0.5913386449710476,-0.22522189516448118,0.6056775087905728,0.5715412846782305,-0.39470698884138605,0.048248664390573036,-0.3939794013439353,-0.3898985540287145,-0.394208125267705,0.0695926801092309,-0.39269896206378163,-0.3859142695509831,-0.39206513886807737,0.11460212230880351,-0.39324523028011815,-0.3814997268891964
aqi_roll_std_6,-0.3906105747043417,0.15568404486995627,-0.0652495742258958,0.1348836162622306,-0.10137242692407407,-0.4323217567524373,0.016564539203117852,-0.14717973617585486,0.003178235085804832,0.20931164478427852,0.36253840338217813,-0.004685184128556371,-0.014659772317066985,0.1618614605215059,0.13340504665671674,-0.36775177615968185,-0.3164879813732755,-0.233792965776045,0.1859254480332166,0.053860180758466665,-0.3905154003855023,0.1559759520934094,0.1563710822545492,0.15679609100933714,0.15738556912429277,0.15679464599157325,0.15557809829327937,-0.058860739136788964,-0.051117398522807424,-0.053978192371123494,-0.03602592497441797,0.3714830783573306,-0.06208774562522927,0.13480061226181844,0.1346950471147533,0.13458419577420958,0.1344206189178978,0.13451584898112762,0.13470630404427666,-0.10435249455191391,-0.10811035410460305,-0.11209350398238282,-0.11887735369320854,-0.11911474495865632,-0.11937874785360589,-0.2964072360656606,-0.08239752742175312,-0.29489178732148524,-0.2517924683045154,0.04444655539494315,0.30396449721944463,-0.16299894086323558,0.1444855336422381,0.031570045559875796,-0.018715771626950886,-0.03982145207185117,-0.02070866097629256,0.1570475780839405,1.0,0.07532069628950246,0.23588360249640575,0.15781564955620428,0.6024165533863598,0.08674600726945418,0.2225820432830923,0.1584814315044795,0.22039735391210602,0.11133301971412538,0.1976953203615905,-0.06014306534037558,-0.2040823485028917,0.002752108631570485,-0.10532871420501154,0.05020470091968037,-0.019025293740752302,0.11579147357704297,0.09531166810007963,0.15114574042213394,0.04106807539603506,0.1422716793312935,0.1297747047955831,0.13492883901547484,0.43266941459608227,0.10467772051154373,0.16488142344089401,0.13513918233118574,0.20245703235953413,0.11411125343083033,0.15598575835310913,0.135767739212131,-0.06673418865865653,0.1332216069606211,0.13834713547145877,-0.11087048522682165,0.5469464926751069,-0.17667631063035186,-0.04243487742939612,-0.11619706191034589,0.2856540810285429,-0.15907371112369864,-0.06032676816809335,-0.12038564395951737,0.003701746590457525,-0.1254910934337764,-0.09893043597314602
aqi_roll_min_6,0.0567879448102995,0.9928338323691314,0.5974569108892489,0.5964442277339153,-0.3887408472251607,0.03553659326742516,0.03853760807217461,-0.829625927161699,0.013600895770759883,-0.01702626440932342,-0.029711692312635644,-0.012672617969221605,-0.03705329917957603,0.7119614591571936,0.8405599257519387,0.05536633215424995,0.05165907450424675,0.04527001515293815,0.014537909803395848,0.03630528951752901,0.0909838827503546,0.9928041599326068,0.9927742181537649,0.9927440222445452,0.9896161409733758,0.9712203019174658,0.9344635072016496,0.5970872891456728,0.5964061971000932,0.5966367831502496,0.5956653120980185,0.5618913360869788,0.5939964218838545,0.5955555052575682,0.5946661314641881,0.5937761063566981,0.590366115298931,0.5805847128792309,0.5609525794185447,-0.3878173954247027,-0.3868919507338673,-0.3859645980376174,-0.38272092661505286,-0.37438968185217025,-0.35763215887239835,0.057132348190749666,0.03747215884806567,0.049202347671195315,0.06116336137242999,0.050948016692816185,0.029764890688378922,0.035946216267555856,0.06250110130855796,0.11080895684738834,0.108738014034904,0.059648979794897375,0.12077770202200287,0.9957003775830416,0.07532069628950246,1.0,0.9865598331547706,0.9933559357392103,0.19620537520958156,0.991255528461613,0.9803388497388965,0.9828232206415977,0.39154812633012465,0.9770036034588512,0.9717148706137925,0.6415335143784414,0.1415490496269045,0.6314515749353752,0.6339072939966139,0.7118377875229217,0.15314796987862273,0.7487406832674164,0.6844234093596056,0.8058109497419714,0.267307843794607,0.8134160768368345,0.7750683717318516,0.5954875919610371,-0.11120088060756042,0.6003935210406958,0.588405277600766,0.5928366328428948,-0.14133448295075557,0.5999944095721577,0.5804437161177413,0.5860649560261578,-0.22164237441757806,0.6008764881741272,0.5659372048108867,-0.38912312454528397,0.0032061979319141123,-0.38322085659548805,-0.39048462840690296,-0.3883708680156126,0.046790592125346676,-0.38341697345018877,-0.3849385994529449,-0.38594934183625706,0.11599926127459124,-0.38681703609440204,-0.3771993522516835
aqi_roll_max_6,-0.008472239946059314,0.9928580432003034,0.5712632520455012,0.6032938382209336,-0.3954209550173547,-0.03682103002288243,0.0402570958410769,-0.8324705890176824,0.01374476823289678,0.017747481161361895,0.030523916176035972,-0.013057521410582928,-0.03853640286808944,0.720291680698525,0.8408438903983867,-0.006423789299118109,-0.0017819992940353742,0.006046251265379731,0.044937397847683094,0.045141127587489206,0.024803801788726213,0.9928889200932748,0.9929195734084231,0.9929499883874051,0.990006671835522,0.971989741427976,0.9359823733183668,0.5716138488881108,0.5722674206578564,0.5722426678739388,0.5743710109069743,0.6088629380819398,0.5684043289955051,0.6024120785992377,0.6015300043250105,0.6006476153996609,0.597299276173549,0.5877904384981596,0.5687052233529442,-0.39510027690491456,-0.39477789203615826,-0.39445371784132854,-0.39246142643903864,-0.3843942909328313,-0.3681228121430933,0.007389624817096492,0.023447430114110435,-0.0003026031634273854,0.01878604139297654,0.0567416002606757,0.078572350154253,0.008680466784794618,0.08475969796505818,0.11311627572889152,0.1027993776187034,0.05255515990464403,0.11420673542137758,0.9958765716767712,0.23588360249640575,0.9865598331547706,1.0,0.9937203331410592,0.28989930751564463,0.9799300207034733,0.9917421734562811,0.9835705272404829,0.4174582292862762,0.9701105883246981,0.9792276212638891,0.6150089555032848,0.1037306474288781,0.6157276183036554,0.5999612730073772,0.7017066882607575,0.14537406263911765,0.7485164254709001,0.6819724114063154,0.8099218126671758,0.26715649374199474,0.8158940677322183,0.7764309005425224,0.6023703801107029,-0.038189308908880455,0.6021507426662694,0.6004208718818438,0.5998244584886819,-0.10460994936570496,0.6033221544752236,0.5911977334008204,0.5933355262194802,-0.22711999597592386,0.6073419814768447,0.5741567212124051,-0.39736787367311655,0.09188834308668602,-0.4024951785132921,-0.3873827728409667,-0.3975208424095604,0.09233227659661346,-0.3997843425748807,-0.38493962275391586,-0.395862240446715,0.1133857217793957,-0.3975510353384279,-0.38378562015561307
aqi_roll_mean_12,0.02508047451001656,0.9892875872406705,0.5874462914162459,0.6030380078837816,-0.3930462321971928,-0.001963225759172683,0.03747538923914846,-0.8361555018805532,0.01442157785687668,0.0013694275666765441,0.0011324536755595747,-0.017136204614666542,-0.036039221920880896,0.7216709299844589,0.8449753108423419,0.02457191764394907,0.024289349826964304,0.02437246696480273,0.027204245931796725,0.03588924131607245,0.05371287684326254,0.9918331517402433,0.9938695355177082,0.9953968310398749,0.9969251457470144,0.9862498650897426,0.949670794889923,0.5872432266693454,0.5871027533713565,0.5870181151889694,0.5873612133848428,0.5889677914535996,0.585373061772838,0.6027500850978798,0.6023415880871632,0.6018124914302974,0.599501349371743,0.5916194429950291,0.5721821089439848,-0.39304430159573434,-0.3929178016718645,-0.3926666806166606,-0.3911652828690386,-0.3847970309930849,-0.36823100747263304,0.03128951193401902,0.028957126261057557,0.024210973348636033,0.038642059718738554,0.0499120542518656,0.048351382183097036,0.022457832401983027,0.06807413970643562,0.10257791245805072,0.09490558912750861,0.0564038581033635,0.10854672487817399,0.9968998954859125,0.15781564955620428,0.9933559357392103,0.9937203331410592,1.0,0.2455735449206426,0.9910169256997275,0.9917412078069064,0.9938167551261605,0.4069214823381976,0.9790105760860034,0.9810332337126536,0.6311827356024262,0.12274064984032443,0.6266867460906178,0.6197541331344606,0.7100774125712861,0.15066683315807353,0.7518496427998409,0.6870015624938359,0.8126942101026092,0.2705539019177157,0.8189054124400784,0.7811328370442118,0.603199980211902,-0.07262613850191833,0.6051786825368742,0.5986335590831874,0.6018624548935869,-0.11979389501227644,0.6066365840513058,0.5914714533177868,0.5962091756816696,-0.22318513375793422,0.6091780046635812,0.5755887515338648,-0.3953666991214615,0.051787025954073876,-0.3952781019916868,-0.39031099780449513,-0.39639629684337085,0.07622591449648018,-0.39588074022160696,-0.3870160224000446,-0.39542972501477863,0.11954919412057503,-0.3963595486959659,-0.38269023160448684
aqi_roll_std_12,-0.16468728123999551,0.24314567729155706,0.011813299457406924,0.210639919836245,-0.1581609914704773,-0.4619471430566463,0.02598866234736472,-0.22988965513770127,0.004984941884619098,0.49703973948568553,0.13318139680137545,-0.0075134890903305355,-0.02308039480101149,0.25279660238655444,0.2083771836011392,-0.23683851947761705,-0.3101734339964541,-0.3684577741549656,-0.21536508393571904,0.29748686231535504,-0.1620024960473383,0.24320687529607193,0.2433433061419109,0.24352696055980413,0.24420752566766857,0.24487956085736226,0.24299799680533646,-0.04999069047767458,-0.0884517374648389,-0.10646749997020892,-0.08070302243539637,0.2674719290365429,0.016210600176431566,0.21060207004661716,0.2105477267665621,0.21048366636687257,0.21026942101613075,0.21002898481413695,0.21031571864966278,-0.15984349504835121,-0.16209206857944083,-0.16469581156517876,-0.1734814776792253,-0.18586358536768294,-0.18637616517368139,-0.37559017104087394,0.03710040127657455,-0.4446633285538361,-0.2774498552139876,-0.20621967542153422,0.32310006002749225,-0.29768280762615373,0.05589381358327685,0.04838446075324613,0.015652578104374527,0.008218224293430469,0.01119962982848177,0.24421065135397646,0.6024165533863598,0.19620537520958156,0.28989930751564463,0.2455735449206426,1.0,0.13548903899028725,0.3476147727052435,0.24706519222267292,0.5533684652900959,0.17388165278216408,0.30877121071347363,-0.0773335705667068,-0.1799262238076967,-0.006865718823848727,-0.09434181332373379,-0.0195047156648736,-0.3213354071280574,0.1576489876756506,-0.03364908015705311,0.2348755302244601,0.06946349504180054,0.2286624962196107,0.21094625613825838,0.21095380007905182,0.19759412215130148,0.19630817148764093,0.22489981604354273,0.21123174703348707,0.3461863598633643,0.1781998540441921,0.24355897677496657,0.21209645370734803,0.010710473989791866,0.2080412304183868,0.2160046061033888,-0.16494364868480113,0.2823851843357145,-0.197993759923479,-0.13032195305016622,-0.1744671407043535,0.4817926163414405,-0.2482641711542427,-0.09405418009507582,-0.1843962737658852,0.1366922500795031,-0.1959248243139542,-0.1543248057823834
aqi_roll_min_12,0.047286764671017445,0.9851371147295361,0.5979918731831452,0.592914874435812,-0.3839137189709456,0.05453030624802224,0.035307842232937765,-0.829683231790478,0.014221999415749859,-0.054819308066275545,-0.014707972964223817,-0.016746581870705293,-0.034143549091108456,0.709455245821267,0.8413467252217304,0.05226422317982679,0.05824671549362153,0.06459314473656307,0.05168161264435535,0.007409979278336016,0.07418729879048909,0.985118158589101,0.985098924481853,0.9850794278933597,0.9850195180326878,0.9818062714519424,0.9445185485556437,0.6061530015104976,0.6118917052502991,0.6152102781890273,0.6124257515918232,0.5704848354598244,0.5942665428021823,0.5920103508426842,0.591105164405293,0.5901993151266212,0.5874777902727469,0.581267816890906,0.5612867555145498,-0.3829735327669135,-0.3820313182346543,-0.3810871617614757,-0.37824390451097817,-0.3720576531573448,-0.3549984883634617,0.07398367400289613,0.025143637562540278,0.07615999013247311,0.07087987999694453,0.07700274928036929,0.017021994364222224,0.05829944181093418,0.06848093400515011,0.1014344579357372,0.096618727839151,0.06052672904163763,0.1118371027586102,0.9880076982607998,0.08674600726945418,0.991255528461613,0.9799300207034733,0.9910169256997275,0.13548903899028725,1.0,0.9749479675180475,0.9868840066726858,0.35186870184108093,0.9830156120225834,0.9686911305961543,0.655837216579306,0.14147214152179866,0.6445778943534046,0.6443856239794279,0.7290551165880564,0.1868797312122287,0.7524682684941532,0.7047541796442469,0.8048778391767936,0.2697595794556225,0.8119669322679164,0.7754170519713799,0.591911085684588,-0.1015294038784595,0.596159445468263,0.5855031469567641,0.5904979767158992,-0.16232612308740857,0.6005474409166925,0.57704270676147,0.5851544016456569,-0.22862024653944746,0.599522059087632,0.5640962645251648,-0.3842200577100618,0.014276420445652683,-0.3797901028078954,-0.38413855850932693,-0.384180710893477,0.022716532039964626,-0.37584608519857665,-0.38551744803236576,-0.3825506889304078,0.1081131263772857,-0.3827022764246198,-0.37374375687456574
aqi_roll_max_12,0.006291467566198392,0.9856301713719448,0.57455870626664,0.6079738702633818,-0.39863095138077315,-0.054572500252751455,0.03925035782893738,-0.8358671673767222,0.014499624164176134,0.05478107073604876,0.014660434199326956,-0.01739795215937875,-0.03758280455732478,0.7276796578196378,0.8419343124372937,0.0015729358886855244,-0.004083326353566883,-0.009842843832646213,0.007976967136632476,0.062416511043886,0.032182308926100196,0.9856521906454282,0.9856740787212015,0.9856958210246216,0.9857600276118321,0.9828926741006989,0.9472656968287209,0.5660414199284408,0.5598198542196086,0.5564294111746211,0.5598869160451992,0.5999436497299746,0.5720369203883648,0.6071062927720217,0.6062384049726504,0.6053702068666569,0.6027637507228433,0.5968528504153263,0.5780775367861859,-0.39832355808025144,-0.3980149701772075,-0.3977051062267946,-0.3967670436992734,-0.3938512724063603,-0.3778954580237279,-0.004763041378703031,0.0404758417575295,-0.02397077855844629,0.01475302107080242,0.029855324214640606,0.08688042747368334,-0.011268972434054607,0.07624091403537331,0.1067726833299671,0.09548497619630286,0.058748230829448786,0.10895245569063157,0.9886053812701621,0.2225820432830923,0.9803388497388965,0.9917421734562811,0.9917412078069064,0.3476147727052435,0.9749479675180475,1.0,0.9881848933208474,0.4561033632427211,0.9677325673775017,0.9851752395497058,0.6039823710138084,0.10423006077304074,0.6063225381865578,0.5928860019569642,0.6870622019110827,0.1145573201868935,0.7470732379603118,0.6653997487942126,0.8135870956853047,0.27103347865384786,0.8188737583297808,0.780911552613988,0.6070959391854457,-0.04927367193552678,0.6076269202702221,0.6043742828065621,0.6058333874775352,-0.07875829955940737,0.6077368863629127,0.6005546650708549,0.6009962865173912,-0.21496804349953696,0.6136259520649783,0.5820215046879795,-0.4006354430472529,0.07976374904714872,-0.404188041720556,-0.39221893771446475,-0.4026498025420717,0.1261557830992982,-0.41173592813364784,-0.38543961971592955,-0.4034125863928833,0.13156008801375413,-0.40620848554189243,-0.38817648427467766
aqi_roll_mean_24,0.02948582793767707,0.9770074716144653,0.5941103774906829,0.6062512717992801,-0.3928434455164897,-0.0020946465913275346,0.033407837867040956,-0.8421601248752179,0.015860109705097856,0.0016252619189224932,0.00021396979085984912,-0.02573779518995293,-0.03235040062865086,0.7290724042521993,0.8492804636636728,0.028705194644686606,0.028057807605960126,0.027667544490554107,0.028355724051564165,0.03147726285839878,0.04458090093680502,0.9798255944120249,0.9823874207572761,0.9846929900412864,0.9900725660593682,0.9939185937563837,0.9739960905012331,0.5936688001485666,0.5932201653171713,0.5927559537870672,0.5917984591306847,0.5917590549256818,0.5906873505708061,0.6060241313995558,0.60573618747816,0.6053874272512677,0.6039761209004875,0.599509742167096,0.5839922565463149,-0.39291033705413064,-0.39291423085987454,-0.3928550585922349,-0.39229856772246446,-0.3894767492989117,-0.3769980699161951,0.035541828561036104,0.030965879721201295,0.028270032296878866,0.04286903819276363,0.05196496997811896,0.04823349554311116,0.02491920451794897,0.07000949231037652,0.09319380512336557,0.08120481538457604,0.06286935159500953,0.09791429636166314,0.9861122708338164,0.1584814315044795,0.9828232206415977,0.9835705272404829,0.9938167551261605,0.24706519222267292,0.9868840066726858,0.9881848933208474,1.0,0.40964266896930823,0.9851010331334643,0.9871458426592706,0.6374778887268159,0.12624143533354684,0.6322764162629674,0.6264794211419796,0.715767528392166,0.15576275768177256,0.7570783477397526,0.6939293710776703,0.8185111592171118,0.280688793632081,0.823150377061234,0.7892503641173627,0.6067720704502927,-0.07253362924827683,0.6088266037639015,0.6023164645935418,0.6065266468642918,-0.11779942099565252,0.6116119141270259,0.5969005740550103,0.6038009652502855,-0.2184925674626857,0.6162075515170341,0.5837108504885468,-0.39554238233178385,0.053408540984694185,-0.3957590623499383,-0.3903806467812033,-0.3977185867568937,0.08165729579865987,-0.39866792233779014,-0.3879399892787857,-0.3998568511218713,0.13049126660440177,-0.4025940759182277,-0.38503071608763906
aqi_roll_std_24,0.12580707037033353,0.4046388271734561,0.3799844499000843,0.3505260764118226,-0.2628458127898515,-0.05916084207536361,0.043580666034951594,-0.38266965780823564,0.008263234440358407,0.05754505786207777,-0.21476107966569183,-0.012934605260231782,-0.039098145321999754,0.42081413787270855,0.3468431999312717,0.08144726898613755,0.025900805783283,-0.031017503865549828,-0.12201132678119689,-0.015283381268220535,0.13279642944498685,0.40450545748936984,0.4044216263559199,0.404373155143662,0.40437164925708674,0.4046842426768174,0.4044116128123851,0.3703730136387597,0.3572579443561342,0.3340840963143092,0.23126373366546987,0.1418288859152797,0.38649846643686053,0.35051685211713807,0.3504969028199705,0.3504697465425356,0.35036182861291987,0.35010516925057983,0.34988784887258373,-0.26388326899798786,-0.2652920967074929,-0.26696555818217244,-0.27306077134384515,-0.2876007632111396,-0.30991995022991237,-5.061046523722547e-06,-0.06737465381208743,0.046709001035777825,-0.022271374327819084,-0.06091930249291679,0.0389700556983133,-0.06129007213094873,-0.01789478874444034,0.0751141791408811,0.09473856759281377,0.0646662686035532,0.09491454447210644,0.4056390680770276,0.22039735391210602,0.39154812633012465,0.4174582292862762,0.4069214823381976,0.5533684652900959,0.35186870184108093,0.4561033632427211,0.40964266896930823,1.0,0.28933103607170835,0.5138994850336165,0.36239235951100673,0.11098825882300277,0.34208434289244144,0.3611479918475304,0.30548324581815045,0.03318896095331369,0.33823304715199654,0.2961619600982125,0.38714815712588935,0.13693427489511395,0.3826869622270512,0.3718281039418304,0.3512221463183457,-0.061020971994609374,0.3538630403805613,0.34727813600409324,0.35189675001720444,0.009296686896208535,0.34834495986689884,0.3534965945620217,0.35324732751532484,0.060669589787745656,0.3462069556207012,0.3593476333830463,-0.26831283506437414,0.0034347871888954504,-0.2646623825185012,-0.2696639887279531,-0.2766615821663729,0.13186351328121768,-0.2906782612202677,-0.2593068035376317,-0.29488490873918044,0.27690960483294424,-0.32578538335307405,-0.25643659490786214
aqi_roll_min_24,0.02494145527020159,0.9730791770153989,0.5848473700335853,0.5879957589016442,-0.37534392282300905,0.008973220197265468,0.028611522798779376,-0.8333882429136571,0.015599641934381401,-0.001872059845569431,0.007552824960690711,-0.025454152573538877,-0.028117046151931138,0.7072099072723071,0.8466458203395059,0.026408125304627862,0.02966444846309167,0.03305222630929219,0.040359478039910364,0.03518706451301323,0.036626466788609646,0.9730828486887193,0.9730862229181316,0.9730893158359742,0.9730970679771668,0.9731071527319612,0.9699047361528498,0.5847750896521537,0.5839777040309294,0.5849213000792152,0.5891692621861782,0.5901327565901499,0.5774071657051882,0.587053844491359,0.5861112399466262,0.5851679452705504,0.5823339204853073,0.5766472377869786,0.5644194902058549,-0.3743642172166351,-0.3733823994251954,-0.3723985593927208,-0.36943580522849845,-0.36346783699697516,-0.3509522324231323,0.040382907699894915,0.04200977969699242,0.028298259317383747,0.05103374610392516,0.06111595140436689,0.05347884198236382,0.028148617008314537,0.07879451861162837,0.09925106116594375,0.08677357925390301,0.06264941335913181,0.10257694240242259,0.9759707103611673,0.11133301971412538,0.9770036034588512,0.9701105883246981,0.9790105760860034,0.17388165278216408,0.9830156120225834,0.9677325673775017,0.9851010331334643,0.28933103607170835,1.0,0.966465165533456,0.6288263818779499,0.12386899990317421,0.6239806909621622,0.617723438610274,0.7101541911463757,0.1597350569343871,0.7498149691753931,0.6894032903081341,0.8081847549718162,0.2813951130098397,0.8137156057069899,0.7810844469954198,0.5868877109880897,-0.0814719669668349,0.5897608906235118,0.5818812430514987,0.5853503053905291,-0.13027480203432845,0.5923766743816195,0.5749863820885562,0.5822114321949139,-0.23436221691988166,0.5992409353965931,0.5626312688936239,-0.3754906797990077,0.0377980975975958,-0.37416169276241273,-0.3723508210120086,-0.3752651807826798,0.059852314350552896,-0.37367237959717214,-0.36972908181512415,-0.3747878275896991,0.10285388843662124,-0.3756368533102934,-0.3680367750096877
aqi_roll_max_24,0.036855288128017395,0.9750855113747317,0.600833522595207,0.6190463828794623,-0.40608256474418536,-0.0087109351242986,0.037539914564226395,-0.8452867521272411,0.016003316255626576,0.002012104099943892,-0.007008005862552078,-0.025959702962021235,-0.03605402314448427,0.7444078464481034,0.8469312271680377,0.035907555344101554,0.033312922165797045,0.03086101411058506,0.02809000495197391,0.03975886601738849,0.04893332071849581,0.9750890100248919,0.9750925551425413,0.975096132456179,0.9751069149155299,0.9751274241946847,0.9722363086710629,0.6008002792035675,0.6013023718578309,0.6004748550855625,0.5966496537141498,0.5902215778162397,0.5959863163564291,0.6182031312219217,0.6173595765549147,0.6165157188798013,0.6139823278193868,0.6089073646622464,0.5980513629546206,-0.40579110872483004,-0.40549944053435333,-0.4052074806138945,-0.40432905493913857,-0.40255358807535313,-0.3978974266591829,0.04003193689942233,0.030287820329530337,0.033965589125729355,0.046242767425899105,0.060395971450787504,0.05979478188797273,0.027654324716199954,0.0817853354434642,0.10893152165248057,0.09794130816174974,0.07104418718713443,0.11195592141393779,0.9779836293771631,0.1976953203615905,0.9717148706137925,0.9792276212638891,0.9810332337126536,0.30877121071347363,0.9686911305961543,0.9851752395497058,0.9871458426592706,0.5138994850336165,0.966465165533456,1.0,0.6455590166658769,0.13171880092890476,0.639151018771951,0.6353796462368596,0.7215596986987497,0.15638051966356717,0.7629321446816443,0.6985067523743947,0.8242213725239274,0.2861874447247126,0.8274995636500888,0.7940103507726147,0.6182530358920115,-0.07079053654749108,0.6202316134110396,0.6140348985392269,0.6170888158248219,-0.11314453046915808,0.62218207658178,0.6085157724342011,0.6147143808286486,-0.20336369615721583,0.6278071586549477,0.5991041520958345,-0.40818249521987304,0.056555789696309755,-0.40869529042319797,-0.4027791594687364,-0.41031635517722054,0.08958000525385167,-0.412811989506194,-0.3998621726879252,-0.4146817735004342,0.15424010151003828,-0.424154648671471,-0.3978588164175173
electricity_demand_roll_mean_6,0.28483748451424906,0.6284280599569377,0.8714578871546602,0.580045159669252,-0.4266047621422033,0.32295025624199725,-0.09965435150363054,-0.588202936629322,-0.1545729986207017,-0.4323775848644059,-0.36136464257524653,0.11144870111237475,-0.119910605847497,0.5937349975937308,0.5616069592049886,0.28155278351044083,0.27911732893826574,0.2729892595407788,0.16996485794779861,-0.34574188082156226,0.2732040539988017,0.6280840807757675,0.6278005936618054,0.627568000251563,0.6270828815703853,0.6277172380424129,0.6352030356067555,0.9411614111561226,0.9782696854922033,0.978256639137907,0.7772789239350935,0.29618535118248057,0.7919221116528621,0.5800661118185971,0.5801159515375275,0.5802084259587268,0.5804769844374037,0.578008582628777,0.562538900811346,-0.4269009901789224,-0.42739485639159436,-0.42803032946694536,-0.4307135047034235,-0.43364801343524023,-0.42856613351581496,0.3355513978807369,-0.1379913199939167,0.47844694148997247,0.22360393944570728,0.1913105389937291,-0.21864367483600097,0.206812201537816,-0.013930837030734295,0.09854047740517667,0.13427839711639805,0.0971349184757615,0.15170490469455514,0.6296074282189101,-0.06014306534037558,0.6415335143784414,0.6150089555032848,0.6311827356024262,-0.0773335705667068,0.655837216579306,0.6039823710138084,0.6374778887268159,0.36239235951100673,0.6288263818779499,0.6455590166658769,1.0,0.23715327937655123,0.9473328626523131,0.9572036571092776,0.8896433157461139,0.4724130120916818,0.7713258581737142,0.8768038778966568,0.768240766237019,0.3820557535806738,0.7460485491510311,0.767017306671041,0.581433006812208,-0.2485612487636178,0.5959926961759414,0.5647605696064756,0.5825796664991212,-0.39544573625584245,0.6122860672034077,0.5479857352500053,0.5810889332119799,-0.08028674939138851,0.5824890811234373,0.5695562168627074,-0.43090181646482745,-0.14246261419801792,-0.40637708509843745,-0.4512732321625419,-0.4363905727061123,-0.21851118325188598,-0.3874014538517502,-0.4790439277774668,-0.4444590768541628,0.17106386023293427,-0.44312728992666517,-0.4317219429265853
electricity_demand_roll_std_6,0.23272908518398366,0.12184235683398456,0.38612773469036443,0.054431955885677126,-0.029302607512230336,0.17244125108256447,-0.06867395627528085,-0.11707247933843358,-0.07535015359145325,-0.05437124443363215,-0.3545041465389822,0.0314614489609159,-0.016196521804269285,0.07294781898682232,0.1428846076665041,0.4248800802275846,0.5290867811532413,0.49587455360484295,-0.19307856698425999,-0.1402649128027841,0.20923063580731316,0.12200941863595308,0.12248841702843272,0.12286528180568974,0.12244660360503985,0.12381957430714145,0.13131912068497514,0.3466457791779772,0.2698300856950031,0.17369836810513198,0.04412783171125565,-0.07256790531764325,0.350311717305832,0.05433130221278062,0.0540268918152148,0.053608037561237484,0.05350490621355961,0.04732716912941702,0.05463083027304557,-0.028939377778399937,-0.028468902004093674,-0.027961679837299393,-0.027993570464888668,-0.023365910770231212,-0.04225311588833295,0.43362576166185374,0.19691513919739762,0.3133004535453691,0.36519380608798785,-0.021458014427295776,-0.0124535346268506,0.06129639462517602,-0.05534716027708501,0.041691339607869284,0.0610723339745799,0.0761480562754209,0.07136413786274515,0.12286872607085891,-0.2040823485028917,0.1415490496269045,0.1037306474288781,0.12274064984032443,-0.1799262238076967,0.14147214152179866,0.10423006077304074,0.12624143533354684,0.11098825882300277,0.12386899990317421,0.13171880092890476,0.23715327937655123,1.0,-0.05775465084062213,0.48181092487554156,0.16593847901377676,0.4028392770372635,0.09257477970982349,0.33603945633652416,0.14056674499488908,0.15367200871188075,0.11943747755705926,0.1934750824255498,0.053968666287337444,-0.1860803225534935,0.0669142342603722,0.040821716117867377,0.05268019219852059,-0.12669031776534898,0.05685799899814859,0.045623578317729424,0.05262205804353059,0.0689070007055062,0.05265487681311823,0.05763681944231533,-0.028533709476012192,-0.20080273095945697,-0.002658666676226959,-0.05494674022039521,-0.027473321474768966,-0.16796912359222352,-0.006439800301110751,-0.04719495240287627,-0.030729378593037326,0.09405604189796418,-0.04547027178312129,-0.026067248714899988
electricity_demand_roll_min_6,0.22172911174221066,0.6240229095996449,0.787111028878684,0.5934224171105554,-0.44048146950523004,0.27325356621578156,-0.08666360793043172,-0.5836455141560422,-0.14390613300330057,-0.40671546917654167,-0.24779274958080558,0.11100693298555442,-0.12397709089454362,0.6019417896000989,0.5479797401371692,0.1666417952990068,0.13342490418258496,0.12654168615614073,0.2084118335202168,-0.28653787418664645,0.2171345780964005,0.6235844870400294,0.6231482971216801,0.6226953196475311,0.6223902443519498,0.6231314012653693,0.6285760520124596,0.8502637842635309,0.8996089621327994,0.9305396846905629,0.8017801877010763,0.3552803154949063,0.7123097943473408,0.5935423235983752,0.5937150818404916,0.5938489982042305,0.5941183073693603,0.5937035220407249,0.5749123691351249,-0.44102849439469394,-0.44165916701192903,-0.44234476854401555,-0.44529739346959013,-0.45003047021378484,-0.43831057905871423,0.20487935682633038,-0.19165473681589887,0.3733307310182321,0.11145276958006416,0.19666238546535184,-0.21827674757146948,0.19325694490422424,0.003597014701858397,0.0919801747896411,0.12101917827397782,0.0776105767040384,0.13483844642820397,0.6249024027914013,0.002752108631570485,0.6314515749353752,0.6157276183036554,0.6266867460906178,-0.006865718823848727,0.6445778943534046,0.6063225381865578,0.6322764162629674,0.34208434289244144,0.6239806909621622,0.639151018771951,0.9473328626523131,-0.05775465084062213,1.0,0.843840238373622,0.8727604411185641,0.35118819307587557,0.7812140826911017,0.8091001302669516,0.767101126693074,0.35630029796338564,0.7510080386299365,0.7491109595597036,0.5950253328269843,-0.19793442415792864,0.6059052648425177,0.5819042648537321,0.5965512055004735,-0.34639534448753123,0.6237207879245258,0.5653030228908269,0.594976676896817,-0.10746210789266335,0.5962907435378575,0.5816032462781285,-0.44524905864736314,-0.08320966987329348,-0.4279772862907963,-0.4579210240749233,-0.4512687289187642,-0.15517828537456288,-0.4103904099084022,-0.48575036419449474,-0.4586985895462796,0.14697408045546737,-0.4529868746110336,-0.4464729242900043
electricity_demand_roll_max_6,0.3182531566165909,0.616802434835045,0.8998846348886899,0.5498880571853367,-0.4018656137951559,0.3301891262697936,-0.11418244712223546,-0.578636004260512,-0.16794093024073864,-0.37931823625767125,-0.4070151229835689,0.11532795038407695,-0.11747200179962317,0.5688310615887497,0.5619689432087082,0.3715031092713519,0.3977746021699014,0.37635040972913497,0.07807548614695599,-0.33133600743854846,0.30143691778954507,0.6165203038909117,0.6164555382197627,0.6163191741129375,0.6158560762440697,0.617161829535837,0.6257093891033871,0.9328314186712603,0.9330483202240816,0.9058384735841885,0.7271584309910745,0.2755927107616419,0.8141323667518274,0.5499163104086701,0.5498773770401528,0.5497880764362982,0.5498792583186779,0.5457873043112255,0.5332264943029055,-0.4020821909724801,-0.4024779647796261,-0.40289565699998947,-0.4053762873956209,-0.40693979443038164,-0.40733450087524437,0.41112865222907446,-0.04977807648931924,0.48676286205443553,0.29744397319640015,0.158146865230981,-0.19545345821968635,0.1989088639738751,-0.026568863802161096,0.10340615978561277,0.13864897034371773,0.11030967219919005,0.15764842954782496,0.61822886034984,-0.10532871420501154,0.6339072939966139,0.5999612730073772,0.6197541331344606,-0.09434181332373379,0.6443856239794279,0.5928860019569642,0.6264794211419796,0.3611479918475304,0.617723438610274,0.6353796462368596,0.9572036571092776,0.48181092487554156,0.843840238373622,1.0,0.8538765069213654,0.5228306721735737,0.7344731698142155,0.89146002225236,0.7508190005122837,0.3962807730026921,0.7246744902649788,0.7637073439343501,0.5510115734034478,-0.2743203358883899,0.5675734282076912,0.5323628442232378,0.5515526466002592,-0.37130493336449844,0.5774258675978345,0.5204567023631386,0.5499851651163585,-0.0602124550024843,0.5514817455704245,0.5407407040626793,-0.4056640052131062,-0.1810473668685763,-0.37653529426164545,-0.4310005585042905,-0.410369132316932,-0.22142069900365832,-0.36431083068879894,-0.4501054283083199,-0.41867066331267144,0.1786697769147283,-0.4216128176417689,-0.4057748833483884
electricity_demand_roll_mean_12,0.17937090463933353,0.7069730531762441,0.6821772202635992,0.6510056470340203,-0.47827726414144023,0.3387876993934193,-0.06003166924052932,-0.6607514875817524,-0.133971862786083,-0.4457420261544358,0.04057081684263003,0.10340891937981672,-0.14974728778875335,0.6679649269688556,0.6304422621670068,0.23503510580555134,0.27689643926793744,0.30040011333511946,0.2560585617876752,-0.09865466266630835,0.1728273482228576,0.7068519906803821,0.7066573304649603,0.7064052662801223,0.7055359578443716,0.7051369705614873,0.7126728530111971,0.7562184124866276,0.8207947434037647,0.8722256299577955,0.9264315939393438,0.6031714727472016,0.6181000103289505,0.6512379453165089,0.6514341051440814,0.6515947482363892,0.6517862350244497,0.6506417231587562,0.6372060448252845,-0.4786049991991848,-0.4790271420531253,-0.4795116669115197,-0.48125911200962956,-0.4852172202697062,-0.48416641768003366,0.33235391491376104,0.024208474730951533,0.37189743118693164,0.2746116535492359,0.34475292559380144,-0.1765230294649763,0.37729179909720534,0.13903219805206793,0.11317858810396435,0.10503845061465455,0.08594014828271514,0.11926162338136614,0.7085652082334795,0.05020470091968037,0.7118377875229217,0.7017066882607575,0.7100774125712861,-0.0195047156648736,0.7290551165880564,0.6870622019110827,0.715767528392166,0.30548324581815045,0.7101541911463757,0.7215596986987497,0.8896433157461139,0.16593847901377676,0.8727604411185641,0.8538765069213654,1.0,0.3704386667435072,0.9140984548570605,0.9364579652333452,0.8738675740055465,0.4155641843131927,0.8420335522145012,0.8525475128113273,0.6528423211581896,-0.129083672519347,0.6586394603275305,0.6445066246393837,0.6543456218970064,-0.3337890146238479,0.6781365371135514,0.6256671239595514,0.6543652146664136,-0.19978304682695142,0.6587020438907291,0.6400241341102203,-0.48268692594715745,-0.026723021154615743,-0.47171539488937153,-0.4882994132345527,-0.48810397254991156,-0.1561317947409026,-0.4486491227343443,-0.5206024178919733,-0.4981208920225291,0.08907384986239494,-0.49429753664715526,-0.4902303297715348
electricity_demand_roll_std_12,-0.015494400116955825,0.14840775518359844,0.44017712482752525,0.03658403906780233,-0.00429183965698279,0.24859225615556158,-0.13790735172970367,-0.14735736306936154,-0.15825623512241102,-0.3841441533555633,-0.2589625791408375,0.08591480674077694,-0.050944196761278315,0.06923701252026607,0.19566257918480134,0.08491899825511823,0.23963552964089743,0.3929646417686044,0.41964891810301325,-0.525444013969454,-0.05539114557848936,0.14917805421806152,0.1496159712611193,0.14978879701310935,0.15024164769937956,0.15124748535215649,0.1657145147721056,0.4875632103149928,0.4928750609049042,0.46131586546696723,0.28038804129577927,0.05999781156897084,0.3481690052838129,0.03726504125563813,0.03776488263234121,0.03814811764184317,0.03813078606231953,0.032739470117158574,0.03525602468072986,-0.004582169452566696,-0.00468175735823813,-0.004908398600734024,-0.004613773237396949,-0.002056536815458345,-0.023366095097822857,0.3546772400178627,-0.12433237993022833,0.46317234664875245,0.2399023314102525,0.21539747892432898,-0.09727928246798942,0.0812990887632002,0.017728393496739454,0.08733499910231728,0.08299016579557163,0.11174918329650219,0.10171290535311087,0.1499005906111808,-0.019025293740752302,0.15314796987862273,0.14537406263911765,0.15066683315807353,-0.3213354071280574,0.1868797312122287,0.1145573201868935,0.15576275768177256,0.03318896095331369,0.1597350569343871,0.15638051966356717,0.4724130120916818,0.4028392770372635,0.35118819307587557,0.5228306721735737,0.3704386667435072,1.0,0.06319948558823658,0.5868803840069502,0.19752890813960153,0.38140554705572105,0.14150552725552154,0.28383263101124295,0.03775337484644663,-0.06876502239990703,0.04226070586220108,0.03237444966519309,0.037472461488075696,-0.3081409539452799,0.060302794012340656,0.010435160117783648,0.033933304395509345,0.021552718467234985,0.03562335117608014,0.03581968289367392,-0.0046688659635655385,-0.04129378343226739,0.0012972878400344856,-0.01027083189947767,-0.004324853888272163,-0.3249709975598968,0.04457897385996728,-0.053771573348023606,-0.005487897501027857,0.020417730902331645,-0.016743041018946043,-0.007566584676177004
electricity_demand_roll_min_12,0.10808436031448283,0.7496344443798175,0.6512556070731583,0.7207952158086208,-0.542531471842412,0.17035312193492821,-0.008119178236355218,-0.6997588351264985,-0.08761191179793915,-0.18967637851024194,0.10191885689023841,0.08034824513800969,-0.15473371006881448,0.7313086094539276,0.6482086294777127,0.16027004013396517,0.1799944497914537,0.17027880504908743,0.08340021083135797,0.09655122699058458,0.12031065096800445,0.7491218017042176,0.7486118659955759,0.7480669543110812,0.7464177178105426,0.7468783289341852,0.7503267002040038,0.6813392608204842,0.7110180177253655,0.7358118569438997,0.7894874681444465,0.7040205693683617,0.615366995267624,0.720944516869015,0.7211580231905135,0.7212920610645823,0.7213503625540567,0.721491452778169,0.7094061142971119,-0.5429232054663582,-0.5434165809423791,-0.5439416012716943,-0.5454595913691516,-0.550487668158894,-0.5449999718355649,0.18366049184798572,0.08533115063773361,0.15790989043240028,0.1703879789179292,0.20283042245481053,-0.03570398539898926,0.23402696156484665,0.1336209261431242,0.10206883322010642,0.09262681549760216,0.05369896662338851,0.09860666773940896,0.7505356687860021,0.11579147357704297,0.7487406832674164,0.7485164254709001,0.7518496427998409,0.1576489876756506,0.7524682684941532,0.7470732379603118,0.7570783477397526,0.33823304715199654,0.7498149691753931,0.7629321446816443,0.7713258581737142,0.09257477970982349,0.7812140826911017,0.7344731698142155,0.9140984548570605,0.06319948558823658,1.0,0.8275372477037032,0.920560809116587,0.32652672741804095,0.9148982225563307,0.8740365707380865,0.7226860785145305,-0.09244163370721596,0.725569588937116,0.717047561143197,0.7244425527394385,-0.1918728702246868,0.7354652627140374,0.7089605391051682,0.7263870870047084,-0.21504151406217578,0.7308862386532533,0.7110011486211443,-0.5474811014609274,0.029727907846834368,-0.5425605648398013,-0.5460181242322774,-0.5534458628286015,0.010136260992643573,-0.5389894483417547,-0.5589932489598058,-0.5651384512016395,0.10540134891357031,-0.5579970010024677,-0.5555843632577167
electricity_demand_roll_max_12,0.10381192524387274,0.6830202243744572,0.7755947071016812,0.5814849147132832,-0.42272515044627756,0.26714404056137053,-0.09077817483454201,-0.6434014219516915,-0.16492296855767383,-0.35769213401579736,-0.06676975627489644,0.11507856988902429,-0.15117011331938854,0.6137334744390842,0.6356778256836898,0.2023054859464506,0.2967643911664145,0.3562560909241378,0.26308088608576846,-0.21721887172266707,0.08728493672397152,0.6834055361929324,0.6834885734865371,0.6834072531005013,0.6825884673076695,0.6838356212991572,0.6933342653643007,0.8183499787141986,0.8369486088659532,0.8342579161237015,0.7921565735056177,0.5875238599757177,0.6905110063546036,0.5820371457570239,0.5825034983497938,0.5831036095926835,0.5835509262698124,0.5801926213275611,0.57067717659239,-0.4231624147556873,-0.4235532258914068,-0.4243388496725845,-0.425721900863806,-0.4282826061604787,-0.43452702836797,0.3473638273375534,0.01680124314039679,0.37221283471486255,0.2755891949805076,0.28620622026590237,-0.07851543152917877,0.2473979765138236,0.12117362260983557,0.13440629476120114,0.12344774332535355,0.11188944897705558,0.14195963827149186,0.6852431830698003,0.09531166810007963,0.6844234093596056,0.6819724114063154,0.6870015624938359,-0.03364908015705311,0.7047541796442469,0.6653997487942126,0.6939293710776703,0.2961619600982125,0.6894032903081341,0.6985067523743947,0.8768038778966568,0.33603945633652416,0.8091001302669516,0.89146002225236,0.9364579652333452,0.5868803840069502,0.8275372477037032,1.0,0.8462459701591096,0.4898147354809127,0.8041574802134853,0.8631654783562811,0.5839256548937556,-0.10287521317601524,0.5882326686068536,0.5770552742667627,0.58523805039754,-0.31200224697967577,0.6049196410866654,0.5592032260176129,0.584346129741319,-0.15969497170667935,0.5887316370694498,0.5721709548046776,-0.4269448649508323,0.009948940723540314,-0.42103719011230295,-0.4277922937682707,-0.43153443817693954,-0.1587049179651338,-0.3962658912887298,-0.4599055762344563,-0.4410203329580081,0.09913373426482021,-0.44160055212411714,-0.43376080889286445
electricity_demand_roll_mean_24,0.03181671799166233,0.8072154577974695,0.7042641336160088,0.74072681139958,-0.5427028159589163,-0.002125401592037288,0.034878616341370794,-0.7543197984914204,-0.06518895184297731,0.0017519478933681618,0.0003465641717080924,0.06748502632531805,-0.19632698053773556,0.7656081288891525,0.7193401261646406,0.03296685911048585,0.034191317719646744,0.03555457520994264,0.040432102105253206,0.047095949999695394,0.041844360973868934,0.8074143841384954,0.8075783310064953,0.8077076404873184,0.8079008827589883,0.8081643458529587,0.8114214281386597,0.7088827725291654,0.7131803099220144,0.7171078220369438,0.7268283128659692,0.7350628228063157,0.6983926658568658,0.7410511771603223,0.7413596608090571,0.741646821039048,0.742380152842148,0.742741949722121,0.7348531286859041,-0.5432901410074348,-0.5438749527474377,-0.5444345146054786,-0.5460707470962785,-0.5489672788570729,-0.552333974473662,0.044147234801615115,0.04042712960083436,0.03351610498555973,0.05298931475068258,0.07074708855868181,0.06723209870850838,0.030483701674794413,0.0912394463213625,0.12107806521495885,0.1126873834441191,0.06799942615140009,0.12262204294769863,0.8099897957000515,0.15114574042213394,0.8058109497419714,0.8099218126671758,0.8126942101026092,0.2348755302244601,0.8048778391767936,0.8135870956853047,0.8185111592171118,0.38714815712588935,0.8081847549718162,0.8242213725239274,0.768240766237019,0.14056674499488908,0.767101126693074,0.7508190005122837,0.8738675740055465,0.19752890813960153,0.920560809116587,0.8462459701591096,1.0,0.4168312590158791,0.9749154334017367,0.9670879440188443,0.7430574046241953,-0.05227872766287945,0.7431151610734673,0.7402570356858943,0.745323020780508,-0.08529511422657084,0.7462562548388351,0.7396491522207572,0.7477117841195411,-0.16488892898337934,0.7517718487219371,0.7352380729334104,-0.5479346850224309,0.06365163899922405,-0.5471676378212152,-0.5421262063712271,-0.5536030554014075,0.0982937787113966,-0.5531715800125886,-0.5432274443274316,-0.5648100866891052,0.15710691894538656,-0.5662815216708257,-0.5526696330487655
electricity_demand_roll_std_24,0.0909163074178022,0.26629376351733997,0.3435870185266644,0.028316715559382113,0.015998379977162202,0.012025860437805638,-0.2596454660586251,-0.2888735877377406,-0.2712148208595389,-0.012209338138920098,-0.03785477868274101,0.18421961025288955,-0.08939610501500796,0.12183838091356304,0.3874523872141682,0.09828832198778696,0.104672636344057,0.1082159855079023,0.09645026061583606,0.062476863832176974,0.0437260682511534,0.26629529798711415,0.26644265996470395,0.26676699357921907,0.26877137406559404,0.27480401362013146,0.29781087688223756,0.3530536714951237,0.3589012987992524,0.3610222201806073,0.35053886647491256,0.3026400574210049,0.20740345426308507,0.028438792501464916,0.02864437224461405,0.028969513227866426,0.030639513447549022,0.03472164148423052,0.01463064181533241,0.017310468556784874,0.01854374907146288,0.0195704585688963,0.021669436713002695,0.022045656782252496,0.010732787282452213,0.12880886637126485,0.0827678909441457,0.11277637956176458,0.13907448254824192,0.1604794273282299,0.1321316898066077,0.07635684011708803,0.19175670208086543,0.2210361587921952,0.16908180496463487,0.19485452216960977,0.19369348039458978,0.26762634143789155,0.04106807539603506,0.267307843794607,0.26715649374199474,0.2705539019177157,0.06946349504180054,0.2697595794556225,0.27103347865384786,0.280688793632081,0.13693427489511395,0.2813951130098397,0.2861874447247126,0.3820557535806738,0.15367200871188075,0.35630029796338564,0.3962807730026921,0.4155641843131927,0.38140554705572105,0.32652672741804095,0.4898147354809127,0.4168312590158791,1.0,0.2561115664016351,0.5896561175231264,0.029017903270896674,-0.0077549158873242,0.02960172447015892,0.028683252287755954,0.031042371107978816,-0.0005956551399116018,0.03115848150000313,0.03196568475541904,0.029058340092893594,0.0001634114150335736,0.0227913721047792,0.021950720649560735,0.018964243922281496,0.02488677699553938,0.015367381977088337,0.02186448397677686,0.02083887925373228,0.046975870646679824,0.01061986434318417,0.028447382502345967,0.019255034597998537,0.07443784271847849,-0.00029736477576266965,0.030462211252479193
electricity_demand_roll_min_24,0.025154641239714715,0.814471780879801,0.6927521800825218,0.7595112495842173,-0.5721924770310113,0.0021344496773470813,0.08599624438282238,-0.761575398883482,-0.012373478037976776,0.0016114698885120703,-0.01198225341830879,0.025061860889360486,-0.1802277995163915,0.785804054245894,0.7091934903785166,0.02372389921273958,0.023085854736071762,0.02337119790434474,0.022954985749088816,0.03189914453545646,0.05058067638651867,0.814508970058406,0.8144850761298856,0.8143938201619105,0.8139594534692652,0.8129586155914341,0.8125540354581812,0.693747453736359,0.6940889740855132,0.6941050298202195,0.6957576545523319,0.7071903199737393,0.7134923753704489,0.759795092182877,0.7600484633392715,0.7602727863068515,0.7608178565714324,0.7609908964315645,0.7589539813281455,-0.5734211906398796,-0.5746136153771684,-0.5757603006943303,-0.5786817067916425,-0.5818238000714568,-0.587074958975432,0.02998200911001816,0.02821773830339605,0.022584259086545877,0.036303475014107855,0.04230087832038527,0.043480136494919386,0.015116471511166012,0.05727483120495949,0.096823476876395,0.09716896826462738,0.04137118548879627,0.10375523971873295,0.816796753957393,0.1422716793312935,0.8134160768368345,0.8158940677322183,0.8189054124400784,0.2286624962196107,0.8119669322679164,0.8188737583297808,0.823150377061234,0.3826869622270512,0.8137156057069899,0.8274995636500888,0.7460485491510311,0.11943747755705926,0.7510080386299365,0.7246744902649788,0.8420335522145012,0.14150552725552154,0.9148982225563307,0.8041574802134853,0.9749154334017367,0.2561115664016351,1.0,0.9192386746890225,0.7617303089444482,-0.07008105774386626,0.7628877499659376,0.7577219045653002,0.7638300496031293,-0.1002535148838245,0.7660182577244178,0.7568591981215875,0.7673474871288845,-0.17534861203603155,0.7742163097779032,0.7553648146705,-0.5791273936834272,0.052556885796162515,-0.5764525162148969,-0.5747725518126863,-0.5858986876988918,0.08993147234124325,-0.5824181651836233,-0.5766875945597559,-0.5984126857193464,0.15717326963105666,-0.5972548529017657,-0.5873876174320586
electricity_demand_roll_max_24,0.05502941628766149,0.7746138649573374,0.7194354100776301,0.6384271472675986,-0.4658586119460509,-0.001656732272594018,-0.03157053511664455,-0.7370167395519379,-0.10696300064522656,0.006637960997676344,-0.040741264847574975,0.07865038110459228,-0.16451517232927115,0.6908915194481834,0.7349393615073717,0.061055930819170656,0.06824261237111982,0.07139022988390084,0.05050933835903775,0.037809846523980076,0.05034166825397749,0.7749364175763642,0.7752588578035948,0.7755811857378007,0.7765474967686881,0.779263092112494,0.7873703340851953,0.7208548489657943,0.7183667524277234,0.7132455102170933,0.6991207204369344,0.6971545329699034,0.6830221596651891,0.6387687394325693,0.6391100572333378,0.6394511006711533,0.640472584819414,0.6414642501058295,0.6342901513442416,-0.4663212582017247,-0.4667819340728784,-0.4672406396272892,-0.46860493506827006,-0.47175084616060436,-0.4820672230437733,0.0806528404346226,0.05173483688949448,0.06881539075226092,0.0864198867024891,0.09059198714437382,0.09984122934381144,0.03046148115581525,0.12198198713793433,0.16283588346172026,0.14124370964411362,0.11951059634661863,0.15907922051947557,0.7777175412812833,0.1297747047955831,0.7750683717318516,0.7764309005425224,0.7811328370442118,0.21094625613825838,0.7754170519713799,0.780911552613988,0.7892503641173627,0.3718281039418304,0.7810844469954198,0.7940103507726147,0.767017306671041,0.1934750824255498,0.7491109595597036,0.7637073439343501,0.8525475128113273,0.28383263101124295,0.8740365707380865,0.8631654783562811,0.9670879440188443,0.5896561175231264,0.9192386746890225,1.0,0.6406436633364502,-0.05805529599645386,0.641626733244879,0.637346504370921,0.6430067320618057,-0.08108605924869189,0.6442579400221584,0.637723642126009,0.6452551932070129,-0.14056318225475126,0.6489697946751528,0.6334421741443621,-0.47026853660179074,0.04951829543867706,-0.4689276572996631,-0.4660080070659232,-0.47517060170345354,0.08731715307184276,-0.47580192458336634,-0.46552560466261395,-0.48677668067814284,0.15590365350635596,-0.49246741380756476,-0.47515499665986444
temperature_roll_mean_6,-0.020372015744814422,0.5971264484795124,0.5411872860007453,0.9966542925169103,-0.7554379555143899,7.834972568418909e-06,0.009371694718912593,-0.5017151179831632,-0.004226599436676309,-2.421969596109464e-06,-6.7274730886125126e-06,0.006359215678573259,-0.042211358910161347,0.8126017358313905,0.317317776224458,-0.020375833483720983,-0.02033686749988008,-0.020244271639816822,-0.019498683640840956,-0.01701363995447609,-0.013475309612042154,0.5982409031494617,0.599115179163372,0.5997493765877655,0.6002124955604986,0.5996943709412197,0.5986299125618892,0.5410514435362402,0.5409042336963491,0.5408119416605726,0.5406458933863237,0.5374039440030967,0.5323476952241286,0.9981152304953618,0.9988457003095483,0.9988457052594876,0.9944629639231541,0.9813148835969999,0.9550194363795115,-0.7568563893966178,-0.7575980551211755,-0.7576632833511364,-0.753803649460566,-0.741992049727645,-0.7181683360041835,-0.025458766216752988,-0.01882721894388699,-0.02159908702830906,-0.028826619517450056,-0.034687720909264586,-0.02549439952463775,-0.02119543215323792,-0.04069533137198308,-0.04857674427187562,-0.02403766176630607,-0.06624409741513403,-0.03882361331327736,0.6008875616884077,0.13492883901547484,0.5954875919610371,0.6023703801107029,0.603199980211902,0.21095380007905182,0.591911085684588,0.6070959391854457,0.6067720704502927,0.3512221463183457,0.5868877109880897,0.6182530358920115,0.581433006812208,0.053968666287337444,0.5950253328269843,0.5510115734034478,0.6528423211581896,0.03775337484644663,0.7226860785145305,0.5839256548937556,0.7430574046241953,0.029017903270896674,0.7617303089444482,0.6406436633364502,1.0,-0.04303100394001906,0.9970012582673691,0.9969723358443408,0.9977709513898715,-0.08166093638244108,0.9928767446886919,0.9904715795365319,0.9900277847467193,-0.15671808289585598,0.9874589191369127,0.9802412567346044,-0.7620111718717337,0.06846988109065413,-0.7574675836748911,-0.7552571763439775,-0.7636850348733818,0.10507757336224417,-0.7552772460684015,-0.7514978182038309,-0.7640689637572656,0.1785815652963469,-0.7569062345426975,-0.7513890295085157
temperature_roll_std_6,-0.45435744670706807,-0.07853575086690062,-0.2879782792881733,-0.05651566278882987,0.06523164921532924,-0.5032841297206974,0.02626950116290033,0.07769163386272937,0.016037220766710047,0.24366837290815052,0.4220460020745571,-0.02189688667337294,-0.02232473023680834,-0.05453279882353067,-0.0820204522309541,-0.4278280726229116,-0.3682194642810419,-0.2720143220850276,0.21683037462078936,0.06337978645839042,-0.4533344154167603,-0.0770632444765875,-0.0751788797710807,-0.07317730804536561,-0.06993848586156401,-0.07055169763160041,-0.07177739043174548,-0.27148638681180315,-0.24672279507474937,-0.22277166400569925,-0.13281737522872006,0.22830177849539593,-0.28571529324392836,-0.0518910410562157,-0.046041551035699055,-0.039837300204384064,-0.029362460935897155,-0.02935751059666115,-0.029347610208090503,0.061901864718942934,0.057761452741849746,0.05339685511952632,0.045842877622345186,0.044852590905520684,0.04287242530258718,-0.3448059030520246,-0.09449587040001592,-0.34432593710698123,-0.2921831030436238,0.05250134410050555,0.3549163094910347,-0.19085672622769465,0.17019927879239846,0.038790010009070654,-0.020167523185237395,-0.04089042352983669,-0.021188499543468648,-0.07440110867816728,0.43266941459608227,-0.11120088060756042,-0.038189308908880455,-0.07262613850191833,0.19759412215130148,-0.1015294038784595,-0.04927367193552678,-0.07253362924827683,-0.061020971994609374,-0.0814719669668349,-0.07079053654749108,-0.2485612487636178,-0.1860803225534935,-0.19793442415792864,-0.2743203358883899,-0.129083672519347,-0.06876502239990703,-0.09244163370721596,-0.10287521317601524,-0.05227872766287945,-0.0077549158873242,-0.07008105774386626,-0.05805529599645386,-0.04303100394001906,1.0,-0.1113944282224943,0.02589955172360715,-0.03630791078010153,0.585694531909583,-0.09990176809722774,0.01464834091805576,-0.03304116471526135,0.1611127123106,-0.07729311756595246,-0.008215146189286038,0.055985378259440687,0.6220783594822119,-0.02174319115902222,0.1346304966773948,0.05124343760325359,0.3242970459761524,-0.0034547343637376764,0.11686968247546325,0.04863699157416849,0.0030330550908936435,0.03253891381573367,0.08039980050396693
temperature_roll_min_6,0.011051670699608591,0.5997458868896696,0.5585804699832659,0.9958264307098736,-0.7563664330520244,0.03511566770555945,0.007494315779546274,-0.5047334025006018,-0.0053251031257322955,-0.016876604840917332,-0.029231137043731488,0.007856273892669668,-0.04045198006725106,0.8125164879823615,0.32152061908369106,0.009440864134451051,0.00547918523268539,-0.001294679840601201,-0.03442372443211384,-0.021854086549708607,0.017853162988862976,0.6002565502616396,0.6007668775453802,0.6012768689406636,0.6022179454358845,0.60174507771671,0.6007712171743989,0.5574546688139813,0.5555591624883959,0.5537683063723929,0.5474501101258089,0.5189003115702091,0.5496765721936058,0.9954476144276776,0.9950687992931655,0.9946899853063145,0.9917514219903958,0.9786659273526501,0.9524956481174662,-0.7561679300108214,-0.7559675051714174,-0.7557651585993945,-0.7533904769444731,-0.7415663305735711,-0.717718511750556,-0.001494812296973772,-0.012211644982642364,0.0023182530125553744,-0.008504619643995454,-0.03797370398128343,-0.04993389999783246,-0.00803067026855602,-0.05237340855725754,-0.05102121338502727,-0.022580946906673033,-0.06338468584758666,-0.03715971126639932,0.6028023803142081,0.10467772051154373,0.6003935210406958,0.6021507426662694,0.6051786825368742,0.19630817148764093,0.596159445468263,0.6076269202702221,0.6088266037639015,0.3538630403805613,0.5897608906235118,0.6202316134110396,0.5959926961759414,0.0669142342603722,0.6059052648425177,0.5675734282076912,0.6586394603275305,0.04226070586220108,0.725569588937116,0.5882326686068536,0.7431151610734673,0.02960172447015892,0.7628877499659376,0.641626733244879,0.9970012582673691,-0.1113944282224943,1.0,0.99039378422611,0.9949196296213125,-0.12094892630918155,0.9950935161649113,0.9847090110356476,0.9872885134393947,-0.1663263884948693,0.9881244749838629,0.9761225780593376,-0.7611399201334675,0.025538247883607063,-0.752322194173088,-0.7610276157179895,-0.7630339496413828,0.08238664560974931,-0.7514181413051744,-0.7560471804137271,-0.7635135482520347,0.17779545625730273,-0.7555502212916119,-0.75339454293734
temperature_roll_max_6,-0.051916283880524945,0.5923385603005022,0.5216332043981993,0.9938977418619359,-0.7517706998090311,-0.03531271688609022,0.011226640497639362,-0.4968717330803126,-0.003106251063609422,0.016971306760923573,0.029395165580756846,0.004830229412171767,-0.04382932267352638,0.8097609506907271,0.31194678973444506,-0.05015721621420297,-0.04599059797936402,-0.038915893792455025,-0.004143394012490219,-0.012207284670013679,-0.044927678766327216,0.5930972134297412,0.5938551773609821,0.5946124524346134,0.5960322199887355,0.5954704320556354,0.5943186640869826,0.522615440182484,0.5242538102207189,0.5259571602909072,0.5319024013373992,0.5542205652667864,0.5129749819886141,0.9942788584879072,0.9946599739728009,0.9950410883166353,0.9936093419073262,0.9804456507620494,0.9541189827518806,-0.7521142259648637,-0.7524540263875941,-0.7527901012050114,-0.7514981765198205,-0.7397417384228923,-0.7160280759796733,-0.049203672103510204,-0.025009681599629293,-0.045513633372671995,-0.04877808659195303,-0.0310659689696195,-0.0010565339952150691,-0.03427894010957018,-0.02880028573479685,-0.04588437524786714,-0.025556103229485306,-0.06847130028675935,-0.04035772546563859,0.5959937849180513,0.16488142344089401,0.588405277600766,0.6004208718818438,0.5986335590831874,0.22489981604354273,0.5855031469567641,0.6043742828065621,0.6023164645935418,0.34727813600409324,0.5818812430514987,0.6140348985392269,0.5647605696064756,0.040821716117867377,0.5819042648537321,0.5323628442232378,0.6445066246393837,0.03237444966519309,0.717047561143197,0.5770552742667627,0.7402570356858943,0.028683252287755954,0.7577219045653002,0.637346504370921,0.9969723358443408,0.02589955172360715,0.99039378422611,1.0,0.9958217990129461,-0.040161351293090376,0.9870708095774168,0.9927017532505149,0.9886031903341388,-0.14506681013083816,0.9832330638453699,0.9808544737781938,-0.75787060220224,0.11143258295133723,-0.7599097173925267,-0.7467192816060356,-0.7604416978875379,0.12795279693958153,-0.7564332778111872,-0.7442016970381787,-0.7612900626046705,0.17907417815062154,-0.7555382633716207,-0.7466519169943049
temperature_roll_mean_12,-0.02018995241084461,0.5936208440742888,0.5416317058468839,0.9922919812090908,-0.750799969669464,1.3876935542969246e-05,0.014956433619840679,-0.5008565848250599,0.0005158985516295431,-9.572028980329635e-06,-8.65687752390146e-06,0.0012531875143466475,-0.04084074484112019,0.814150202264696,0.3153744080174116,-0.02024649709826134,-0.02027785762359751,-0.020277164839909566,-0.020004024205177582,-0.018321935935133777,-0.014275467816773716,0.5948600556645947,0.5959785264940867,0.5969763069705288,0.5992460091374048,0.6005335423867201,0.5994789785117771,0.5418406780194412,0.5419819617493825,0.5420962294742475,0.5420289066244797,0.5392598560536842,0.5343833263072637,0.9941222329004891,0.9955864329305584,0.9966845829530249,0.9977827495116286,0.9900959556645909,0.9637417644760755,-0.7525703073334132,-0.7539996046492534,-0.7550880273831146,-0.756309705631872,-0.7495718231777238,-0.7257627981332927,-0.025484050289830553,-0.018983397210415445,-0.021606410807688825,-0.028934904412297804,-0.035566106167121365,-0.026959943446927016,-0.02136980259230132,-0.04202696971632877,-0.050824492844580925,-0.026238076921392166,-0.06711109986342664,-0.04071080791801191,0.5980836388827518,0.13513918233118574,0.5928366328428948,0.5998244584886819,0.6018624548935869,0.21123174703348707,0.5904979767158992,0.6058333874775352,0.6065266468642918,0.35189675001720444,0.5853503053905291,0.6170888158248219,0.5825796664991212,0.05268019219852059,0.5965512055004735,0.5515526466002592,0.6543456218970064,0.037472461488075696,0.7244425527394385,0.58523805039754,0.745323020780508,0.031042371107978816,0.7638300496031293,0.6430067320618057,0.9977709513898715,-0.03630791078010153,0.9949196296213125,0.9958217990129461,1.0,-0.06891826744331792,0.9939558800979823,0.993838531454498,0.9955631057472061,-0.1466098006513088,0.9885276517256826,0.9836008968798359,-0.7593532353942652,0.07046402802221866,-0.7556613775743488,-0.7528929809039201,-0.7651896277409739,0.1086689717289272,-0.7573128245852947,-0.752393353094361,-0.7687392276715905,0.18171901786510844,-0.7590105025243055,-0.752249077514121
temperature_roll_std_12,-0.19455408498163557,-0.1255772759111549,-0.26787405982031554,-0.0903188236025899,0.10531902359554215,-0.550316440239751,0.04198182318514767,0.12416060406875146,0.025629402983634142,0.5921157310230301,0.15865693195338532,-0.0349938548052223,-0.03567760979139841,-0.08714993453848086,-0.13107861794331008,-0.2807466820495951,-0.3683883850409505,-0.43811599329794887,-0.2560634394783332,0.35533126926954056,-0.19110733679325567,-0.12483918938351983,-0.12379487329395372,-0.12255956017292559,-0.11833759518011673,-0.11276357639259517,-0.11472236791987589,-0.3458125925201596,-0.3949162773729014,-0.4143521829210297,-0.34251418872039424,0.07653269700037445,-0.2615276914806602,-0.08770665017473964,-0.08418488763554892,-0.08009320421323837,-0.0662560939568184,-0.04691681625105503,-0.046900987044883546,0.10320250528112872,0.10048208550029701,0.09738771267620656,0.08711770416747676,0.07244671451828628,0.06928204694411813,-0.44617631312008676,0.04666656678547178,-0.529809713449126,-0.3283289509089809,-0.24418502557795327,0.38599002652612713,-0.3560623374606401,0.0689807249803271,0.06076002383687478,0.0213293322177112,0.01081823030140558,0.021993484457194373,-0.12332329567433588,0.20245703235953413,-0.14133448295075557,-0.10460994936570496,-0.11979389501227644,0.3461863598633643,-0.16232612308740857,-0.07875829955940737,-0.11779942099565252,0.009296686896208535,-0.13027480203432845,-0.11314453046915808,-0.39544573625584245,-0.12669031776534898,-0.34639534448753123,-0.37130493336449844,-0.3337890146238479,-0.3081409539452799,-0.1918728702246868,-0.31200224697967577,-0.08529511422657084,-0.0005956551399116018,-0.1002535148838245,-0.08108605924869189,-0.08166093638244108,0.585694531909583,-0.12094892630918155,-0.040161351293090376,-0.06891826744331792,1.0,-0.15965505123578555,0.023409840053410867,-0.05827489956392551,0.5012933217504044,-0.12352370531700176,-0.013128757701285474,0.09919693717833224,0.3290689777650676,0.05606576175241496,0.14089075440066604,0.09020706081575422,0.5605761991233018,-0.004766755829244124,0.18787202295097266,0.08234223546373583,0.15771350638737602,0.052749819149311504,0.1296374538232127
temperature_roll_min_12,-0.0009938729978675918,0.6001206690128247,0.5576202877404697,0.9917086501001554,-0.7538675491416122,0.05273545682242344,0.010795034925348309,-0.5080899863835244,-0.0019443966120910338,-0.052974838740532326,-0.014194565259694585,0.004594201423962096,-0.0370423989276052,0.8149214699874041,0.32499713069149805,0.0037516170305804306,0.009445649966293358,0.015392713100424763,0.0010194469227188963,-0.04582886820078056,0.0041148370887577005,0.6006399173809925,0.6011588293036692,0.6016774049831124,0.6032311165808448,0.6057442000831329,0.6048871221634905,0.5657758011021501,0.5716009245130697,0.5747307882798677,0.5696661595803987,0.5262522376725797,0.5505803429243517,0.9913306518276501,0.9909526547003317,0.9905746587181875,0.9894406776426731,0.9853748232848114,0.9592644293016808,-0.7536616401183863,-0.7534538139432752,-0.7532440706817011,-0.7526033390323352,-0.7495182128261128,-0.7256276143666531,0.01211752629436451,-0.02670287699638009,0.026445323874341266,-0.002323223225266303,-0.013396970234951053,-0.0610083738377523,0.01200060385143831,-0.046594009943347635,-0.055784473243002675,-0.027851440181531982,-0.06702486991297082,-0.04222210201530222,0.6031997995053588,0.11411125343083033,0.5999944095721577,0.6033221544752236,0.6066365840513058,0.1781998540441921,0.6005474409166925,0.6077368863629127,0.6116119141270259,0.34834495986689884,0.5923766743816195,0.62218207658178,0.6122860672034077,0.05685799899814859,0.6237207879245258,0.5774258675978345,0.6781365371135514,0.060302794012340656,0.7354652627140374,0.6049196410866654,0.7462562548388351,0.03115848150000313,0.7660182577244178,0.6442579400221584,0.9928767446886919,-0.09990176809722774,0.9950935161649113,0.9870708095774168,0.9939558800979823,-0.15965505123578555,1.0,0.9823447322397134,0.9902024980743138,-0.1896820423108842,0.991160640660064,0.9757030699684712,-0.7586049644115608,0.03594392995497883,-0.751139449955976,-0.7571439601148987,-0.7635752427741863,0.05686755688620996,-0.749789802125996,-0.7633543780479363,-0.7678728983789458,0.16636921363919868,-0.7569823324371424,-0.7576305783621087
temperature_roll_max_12,-0.039347302328911433,0.5837458525081382,0.5202259567085873,0.9874059142427647,-0.7434781167374179,-0.053417053357502284,0.019090812148752006,-0.49076205842022685,0.0030061795791350462,0.05365952924493831,0.014378027527415457,-0.0021393306288820394,-0.04446435114159416,0.8088747532241671,0.3038824855371048,-0.04406921330799348,-0.04973674432698461,-0.05560654405941716,-0.039989291048726505,0.009595878774020352,-0.03350306913158133,0.5845028590193462,0.5852591725717429,0.5860147935061663,0.5882775040023331,0.5919324982683475,0.5906836385666036,0.5126175507048752,0.5073091311764306,0.5049520044123286,0.5112449293379603,0.5482853177606222,0.5142740470336996,0.9877889934868557,0.9881720715839083,0.9885551485339544,0.9897043725021087,0.9894150318141466,0.9629592578562907,-0.7438540764664587,-0.744226291385024,-0.7445947616215766,-0.7456777055236681,-0.7454536316526292,-0.7218586928141272,-0.06266137922961773,-0.009740242220705408,-0.0698347996189164,-0.0545181752741983,-0.0564568496147134,0.00974150080933968,-0.054946228111988286,-0.03507894506792951,-0.0447436797785614,-0.023373985696637834,-0.06586462394131282,-0.037659450298100194,0.5873714748826622,0.15598575835310913,0.5804437161177413,0.5911977334008204,0.5914714533177868,0.24355897677496657,0.57704270676147,0.6005546650708549,0.5969005740550103,0.3534965945620217,0.5749863820885562,0.6085157724342011,0.5479857352500053,0.045623578317729424,0.5653030228908269,0.5204567023631386,0.6256671239595514,0.010435160117783648,0.7089605391051682,0.5592032260176129,0.7396491522207572,0.03196568475541904,0.7568591981215875,0.637723642126009,0.9904715795365319,0.01464834091805576,0.9847090110356476,0.9927017532505149,0.993838531454498,0.023409840053410867,0.9823447322397134,1.0,0.9921017070522884,-0.09785447195049712,0.9804031198990016,0.9861749126049411,-0.7496017213726989,0.10172956903642046,-0.7505571683324216,-0.7396543316341622,-0.756248306579225,0.1606393997150754,-0.7607215728539136,-0.7370620341300623,-0.7621311274827391,0.19735543488346802,-0.7568419526277346,-0.7425693971054682
temperature_roll_mean_24,-0.019746635814070112,0.5865209803550215,0.5389290508716171,0.9834779389669325,-0.7413026503093413,1.486961976421452e-05,0.026200131123632446,-0.4991123494000258,0.010064302717913042,-1.1537519910454996e-05,-1.5189433121419993e-06,-0.009027194126702002,-0.038079907456387674,0.8172423435876608,0.31145180384624516,-0.01981783054472616,-0.019878190926604596,-0.019924847953373716,-0.019946357461866626,-0.01939109624431242,-0.016399531360482396,0.5878305001513725,0.589078994530253,0.5902664890730915,0.5934632288810682,0.5982131478866091,0.6011577806719709,0.5396469472134884,0.5403133763413623,0.540968358845374,0.5424933478937336,0.5417843821672541,0.5384202523679625,0.985500187806367,0.987338593501417,0.9889931568826629,0.9928538014491233,0.9956114602312873,0.9812728842152859,-0.7432730931900201,-0.7450703468137351,-0.7466944944984706,-0.7505291350372385,-0.7535358018473793,-0.7409616366102771,-0.02504472772036372,-0.018893595978371022,-0.02117787153948397,-0.028612092764050998,-0.03558902496488284,-0.027337357134733734,-0.021280929390459127,-0.0422519287612525,-0.05346970498745109,-0.0283884003219124,-0.06844148589750444,-0.04297040756373867,0.5913386449710476,0.135767739212131,0.5860649560261578,0.5933355262194802,0.5962091756816696,0.21209645370734803,0.5851544016456569,0.6009962865173912,0.6038009652502855,0.35324732751532484,0.5822114321949139,0.6147143808286486,0.5810889332119799,0.05262205804353059,0.594976676896817,0.5499851651163585,0.6543652146664136,0.033933304395509345,0.7263870870047084,0.584346129741319,0.7477117841195411,0.029058340092893594,0.7673474871288845,0.6452551932070129,0.9900277847467193,-0.03304116471526135,0.9872885134393947,0.9886031903341388,0.9955631057472061,-0.05827489956392551,0.9902024980743138,0.9921017070522884,1.0,-0.12438188008052622,0.9906484478768921,0.9903343001742569,-0.7508565964397083,0.07196653370860452,-0.7477745558643734,-0.7444412517754034,-0.7597899921276663,0.1123183756578752,-0.7542468461442231,-0.7478141805453546,-0.7717342364515009,0.1886131386575169,-0.7631561082022406,-0.7538114319321857
temperature_roll_std_24,0.16542547803618873,-0.22590255817373983,-0.011291200860439917,-0.16230099068621434,0.19310518372815588,-0.0760697147477179,0.07544043350261652,0.22311389687327665,0.0460554910605044,0.07397655029330787,-0.276084244263315,-0.06288321038693821,-0.06411189324209736,-0.15660663200913602,-0.2355453517558273,0.10824982156615812,0.036645859615745506,-0.036748245758381634,-0.154208248181533,-0.01767259930225964,0.17331283173220455,-0.22559818458768818,-0.2250785792170024,-0.22440674963003163,-0.22177986043297998,-0.21522485016989767,-0.20620163694794955,-0.031148385737817492,-0.05482470240361236,-0.085169564849028,-0.19090084225313875,-0.28443181450844646,0.017416656415539758,-0.16063051340215695,-0.1583209880278829,-0.15555793820265476,-0.14543538651028345,-0.12120307908595647,-0.08428010984507246,0.19132964826879031,0.18912944965575698,0.18663051861283933,0.17794624852098392,0.15814058595446762,0.1272542271704398,0.004062580111370461,-0.08400271040787148,0.06319026060442108,-0.024712366621679027,-0.07331721336039133,0.05261856548786765,-0.0776636485077681,-0.018484559817337914,0.10321353224837541,0.12415115019258459,0.07922887520783195,0.1342217500136779,-0.22522189516448118,-0.06673418865865653,-0.22164237441757806,-0.22711999597592386,-0.22318513375793422,0.010710473989791866,-0.22862024653944746,-0.21496804349953696,-0.2184925674626857,0.060669589787745656,-0.23436221691988166,-0.20336369615721583,-0.08028674939138851,0.0689070007055062,-0.10746210789266335,-0.0602124550024843,-0.19978304682695142,0.021552718467234985,-0.21504151406217578,-0.15969497170667935,-0.16488892898337934,0.0001634114150335736,-0.17534861203603155,-0.14056318225475126,-0.15671808289585598,0.1611127123106,-0.1663263884948693,-0.14506681013083816,-0.1466098006513088,0.5012933217504044,-0.1896820423108842,-0.09785447195049712,-0.12438188008052622,1.0,-0.22196942975299505,-0.02359215860528584,0.18882450325203104,0.0057120785284408395,0.18481386017582802,0.18971702183024083,0.18124591814181637,0.1667166552758564,0.14693365566642197,0.21083300430143945,0.16481568933743618,0.3475656132182004,0.09748138146310976,0.2370848095415482
temperature_roll_min_24,-0.02726937665966251,0.6025446540974174,0.5396787696003819,0.9863009440645794,-0.751148854439066,0.008466462027757662,0.01739953135769824,-0.5162066736788692,0.0047835235983283726,-0.0018653427875613667,0.00696155405671129,-0.0018899690575548745,-0.03035584295354518,0.8220072109880986,0.3328368906777826,-0.026055018519696025,-0.02318924899697815,-0.020305500953783757,-0.014988965777175477,-0.022439125598772484,-0.025380000535009575,0.603082464958345,0.6036199377130778,0.6041570725693887,0.6057664518217017,0.6089761150002446,0.6147754504665528,0.5405820043367563,0.5410345712665786,0.5424388362965801,0.5466086137484748,0.5491741593222044,0.5390956217300197,0.9859235101778407,0.9855460774345455,0.9851686458346934,0.9840363578956356,0.981771812888616,0.9754482336978543,-0.7509276132235002,-0.7507044587094708,-0.7504793909622561,-0.7497927089741909,-0.748367696512032,-0.7435626499289026,-0.026738222649677904,-0.014958601225458848,-0.025269651688891104,-0.0286349100748604,-0.03727646959361707,-0.0319612552879512,-0.021938111291861424,-0.046676899193835185,-0.0619754460014545,-0.03674958196790812,-0.07446388757397515,-0.05281662050453524,0.6056775087905728,0.1332216069606211,0.6008764881741272,0.6073419814768447,0.6091780046635812,0.2080412304183868,0.599522059087632,0.6136259520649783,0.6162075515170341,0.3462069556207012,0.5992409353965931,0.6278071586549477,0.5824890811234373,0.05265487681311823,0.5962907435378575,0.5514817455704245,0.6587020438907291,0.03562335117608014,0.7308862386532533,0.5887316370694498,0.7517718487219371,0.0227913721047792,0.7742163097779032,0.6489697946751528,0.9874589191369127,-0.07729311756595246,0.9881244749838629,0.9832330638453699,0.9885276517256826,-0.12352370531700176,0.991160640660064,0.9804031198990016,0.9906484478768921,-0.22196942975299505,1.0,0.977616172933256,-0.7558287067806972,0.05677032143483504,-0.7510332663714977,-0.7516778968853547,-0.760731791164632,0.08975425732208472,-0.7527667551634568,-0.7544859015015669,-0.7707549740658122,0.15451183010617558,-0.7621021376906792,-0.7683463054553147
temperature_roll_max_24,-0.01182289606035415,0.5679650913819904,0.5288923514449588,0.9771844681631849,-0.7282990999459527,-0.008703462614186707,0.03516052394852786,-0.4798116745707202,0.015460466131522696,0.001917559089139424,-0.007156427947183806,-0.016336138138871845,-0.04589221840164942,0.809524869391361,0.2883853263690567,-0.012954271322817668,-0.01577409635672317,-0.01855560794956186,-0.02280926566313624,-0.013584845747828533,-0.008147788427142436,0.5687210461805449,0.5694762982545424,0.570230847946773,0.5724902861530302,0.5769902442998907,0.5850525505230814,0.5291816830571371,0.5296937885398275,0.5297127928981671,0.5303644537247553,0.5277137391972633,0.5346313039239903,0.9775727057963807,0.97796094226694,0.9783491775748788,0.9795138765231014,0.9818432430305324,0.9838804335853694,-0.7287422428860971,-0.7291815908098633,-0.7296171438474951,-0.7309010349458366,-0.7333663727943524,-0.7355690005529738,-0.02216910431955143,-0.022090284887996685,-0.01604974864929184,-0.027589194430625803,-0.030671191832985976,-0.01934897590897488,-0.019459018283458352,-0.03450640849562916,-0.04014946853349131,-0.015195231696565262,-0.06075718156927298,-0.029876972784325457,0.5715412846782305,0.13834713547145877,0.5659372048108867,0.5741567212124051,0.5755887515338648,0.2160046061033888,0.5640962645251648,0.5820215046879795,0.5837108504885468,0.3593476333830463,0.5626312688936239,0.5991041520958345,0.5695562168627074,0.05763681944231533,0.5816032462781285,0.5407407040626793,0.6400241341102203,0.03581968289367392,0.7110011486211443,0.5721709548046776,0.7352380729334104,0.021950720649560735,0.7553648146705,0.6334421741443621,0.9802412567346044,-0.008215146189286038,0.9761225780593376,0.9808544737781938,0.9836008968798359,-0.013128757701285474,0.9757030699684712,0.9861749126049411,0.9903343001742569,-0.02359215860528584,0.977616172933256,1.0,-0.7344857146180681,0.0822825150571473,-0.7332463106560857,-0.7269572110108916,-0.7412238981438701,0.12988953845314902,-0.740848592967238,-0.7273879809454862,-0.7549292010639268,0.22333819532716775,-0.7614496645409259,-0.7359194146842031
humidity_roll_mean_6,0.013349802726159881,-0.392336180093001,-0.4027195139933233,-0.759418970918627,0.9890835429882044,0.001359529366532835,0.0049276926724045695,0.48725901864586796,-0.020920122815044722,-0.0018175313619317006,0.0010971111183250956,-0.013087017848850574,-0.021770207084454277,-0.7062353377745059,-0.2836220947059414,0.014195577594499124,0.014996488197892248,0.01573034208327258,0.017283967979475054,0.018511022151880843,0.021519820667366112,-0.39314872948895974,-0.39371324211642134,-0.394029739729243,-0.3934917787395714,-0.39089628766064016,-0.3855949495483635,-0.40177012034099835,-0.40095012088638976,-0.40034614622786063,-0.3992817159446363,-0.395906938367204,-0.38793634215668565,-0.7607129018761646,-0.7613277497641726,-0.7612632086600056,-0.7569901921949266,-0.7442839931133621,-0.7184656423004243,0.993864635507409,0.9962552804498761,0.9962554027935273,0.981914236398603,0.9386954060510205,0.8515672470322546,0.019220320425577253,0.017435504088186303,0.014444473286779114,0.023074578836113333,0.02968466182840281,0.026936366014049234,0.013289148670026101,0.03758309777125633,0.05108794044566899,0.051778897378087364,0.02946054813843129,0.0608853057161067,-0.39470698884138605,-0.11087048522682165,-0.38912312454528397,-0.39736787367311655,-0.3953666991214615,-0.16494364868480113,-0.3842200577100618,-0.4006354430472529,-0.39554238233178385,-0.26831283506437414,-0.3754906797990077,-0.40818249521987304,-0.43090181646482745,-0.028533709476012192,-0.44524905864736314,-0.4056640052131062,-0.48268692594715745,-0.0046688659635655385,-0.5474811014609274,-0.4269448649508323,-0.5479346850224309,0.018964243922281496,-0.5791273936834272,-0.47026853660179074,-0.7620111718717337,0.055985378259440687,-0.7611399201334675,-0.75787060220224,-0.7593532353942652,0.09919693717833224,-0.7586049644115608,-0.7496017213726989,-0.7508565964397083,0.18882450325203104,-0.7558287067806972,-0.7344857146180681,1.0,-0.07882124268104604,0.9902479159075394,0.9899365831118581,0.9926372021021128,-0.12931909703168473,0.9736304124593848,0.9709318350951198,0.966636417085841,-0.22524991394823718,0.948078529359518,0.9407656990225588
humidity_roll_std_6,-0.4198818141062194,0.04108635687538112,-0.16238074225019683,0.06487994212486402,-0.08353315869854969,-0.46494748812496633,0.020925441633842728,-0.06655988823389572,0.020245071848415962,0.22510809687371997,0.3898986609804274,-0.008987337386846248,-0.01703599962983787,0.09202544059448892,0.05129385415121672,-0.3968831015914176,-0.3440862937453888,-0.2584353075702627,0.1809027173249642,0.039803946705336594,-0.4289303967596572,0.043465900723464825,0.04649656867414342,0.04971555926909412,0.05504486924417195,0.05454603847501005,0.053411480745467775,-0.15168597894041846,-0.1364605911309921,-0.1276344371879408,-0.07704851269645537,0.3105900682956135,-0.16089162367492507,0.06605075002497318,0.06752989444823562,0.06910301860169718,0.07184522392210434,0.07219385596602682,0.07289110120870432,-0.08176502385174113,-0.07948734059104295,-0.07706239423012427,-0.07318304897035344,-0.07402927747759411,-0.07494589021279088,-0.32696118260660956,-0.11034979587434834,-0.31743674221475193,-0.28681445720171894,0.022648168428957158,0.2919928497651472,-0.175995532617686,0.12499521352889045,-0.010454197795823574,-0.061344126159000416,-0.048127437356046174,-0.05799563825277315,0.048248664390573036,0.5469464926751069,0.0032061979319141123,0.09188834308668602,0.051787025954073876,0.2823851843357145,0.014276420445652683,0.07976374904714872,0.053408540984694185,0.0034347871888954504,0.0377980975975958,0.056555789696309755,-0.14246261419801792,-0.20080273095945697,-0.08320966987329348,-0.1810473668685763,-0.026723021154615743,-0.04129378343226739,0.029727907846834368,0.009948940723540314,0.06365163899922405,0.02488677699553938,0.052556885796162515,0.04951829543867706,0.06846988109065413,0.6220783594822119,0.025538247883607063,0.11143258295133723,0.07046402802221866,0.3290689777650676,0.03594392995497883,0.10172956903642046,0.07196653370860452,0.0057120785284408395,0.05677032143483504,0.0822825150571473,-0.07882124268104604,1.0,-0.2013207314802109,0.04704877825858636,-0.07701251775288087,0.594203010546602,-0.18264555918706726,0.029031080524755046,-0.07746781951478598,0.1912528086712511,-0.14659056568994364,-0.00890383126971383
humidity_roll_min_6,0.06533422413996418,-0.39114760267444737,-0.37596753065193605,-0.755575478083735,0.9840124403140439,0.059943215095216267,0.0022773716994017586,0.48782099960173314,-0.02305432392326453,-0.029678938051719568,-0.047746275100926695,-0.01191782512194378,-0.01922500122615874,-0.7066382374194022,-0.2854439911875756,0.06350682784972035,0.05776392923861736,0.04732098103705978,-0.006056745011996622,0.012629933122668682,0.07466579331506522,-0.39181714493701836,-0.3924849136938106,-0.3931508265949543,-0.39404741018743056,-0.39143487137396105,-0.38607901103109565,-0.37623499895972684,-0.3774862298716226,-0.37832823907872565,-0.3832303696224749,-0.42902333484129346,-0.36166776535794093,-0.7556899977759828,-0.7558026355249308,-0.7559133913390917,-0.7540668477701304,-0.7416146829405583,-0.716310722164818,0.9837746051010412,0.9835268443481046,0.9832686952291206,0.9756879616849046,0.9332813217187798,0.8476632196528125,0.05928535635068894,0.03027994859558971,0.053693053702688676,0.05786505362723079,0.026405192973446977,-0.009593689501354365,0.03467512801482015,0.02122835154487104,0.051661304411664846,0.05878336171892906,0.0342672092354964,0.06725838027228956,-0.3939794013439353,-0.17667631063035186,-0.38322085659548805,-0.4024951785132921,-0.3952781019916868,-0.197993759923479,-0.3797901028078954,-0.404188041720556,-0.3957590623499383,-0.2646623825185012,-0.37416169276241273,-0.40869529042319797,-0.40637708509843745,-0.002658666676226959,-0.4279772862907963,-0.37653529426164545,-0.47171539488937153,0.0012972878400344856,-0.5425605648398013,-0.42103719011230295,-0.5471676378212152,0.015367381977088337,-0.5764525162148969,-0.4689276572996631,-0.7574675836748911,-0.02174319115902222,-0.752322194173088,-0.7599097173925267,-0.7556613775743488,0.05606576175241496,-0.751139449955976,-0.7505571683324216,-0.7477745558643734,0.18481386017582802,-0.7510332663714977,-0.7332463106560857,0.9902479159075394,-0.2013207314802109,1.0,0.9684297152402195,0.9847401113113741,-0.20113826786418937,0.9813140538853935,0.9519980732928018,0.9602034964954312,-0.24520659378843118,0.9516400397794736,0.9270945608385455
humidity_roll_max_6,-0.03983186729490206,-0.3888522301617389,-0.42524882358692034,-0.754254495090936,0.9823959755803494,-0.05818661001705057,0.007553294112944577,0.48086094951611486,-0.018493544900653445,0.027077055906245137,0.05063052636628629,-0.014097335679264614,-0.024070702156661166,-0.6973804921499309,-0.2783735867246757,-0.03643728928928378,-0.029086742942668598,-0.01707014699049149,0.040385725291203774,0.024442183946023783,-0.03297932801229791,-0.3888125504999965,-0.38877090408541504,-0.3887273758216008,-0.38821551475317156,-0.3856701266593387,-0.38049114132392137,-0.42330841507038514,-0.4205824370216455,-0.41884982820182626,-0.4109793409467408,-0.3579011721399099,-0.41031836624771384,-0.7540176573578521,-0.7537770401991751,-0.7535326436319938,-0.7509101561483751,-0.7380967715014095,-0.7120624552918656,0.9826822817368921,0.9829570364677339,0.9832207125154467,0.9764920159582386,0.9329709623425375,0.8453631969033341,-0.0222442857862558,0.0035424961125798066,-0.02585036710627571,-0.013228048461430898,0.032355933360940635,0.06407066892335993,-0.008796020777333713,0.05370850236534772,0.04973078951873992,0.0440268881263234,0.024083416477960137,0.05354043414504009,-0.3898985540287145,-0.04243487742939612,-0.39048462840690296,-0.3873827728409667,-0.39031099780449513,-0.13032195305016622,-0.38413855850932693,-0.39221893771446475,-0.3903806467812033,-0.2696639887279531,-0.3723508210120086,-0.4027791594687364,-0.4512732321625419,-0.05494674022039521,-0.4579210240749233,-0.4310005585042905,-0.4882994132345527,-0.01027083189947767,-0.5460181242322774,-0.4277922937682707,-0.5421262063712271,0.02186448397677686,-0.5747725518126863,-0.4660080070659232,-0.7552571763439775,0.1346304966773948,-0.7610276157179895,-0.7467192816060356,-0.7528929809039201,0.14089075440066604,-0.7571439601148987,-0.7396543316341622,-0.7444412517754034,0.18971702183024083,-0.7516778968853547,-0.7269572110108916,0.9899365831118581,0.04704877825858636,0.9684297152402195,1.0,0.984752401476363,-0.05385080539971338,0.9541298678293051,0.9785977223428506,0.9595665040757921,-0.20168919238139352,0.933105905320577,0.943423590917868
humidity_roll_mean_12,0.010988659925904039,-0.39109301693324294,-0.4075171946731954,-0.7590779932479333,0.9746744728026173,0.0001068138050577618,0.004904762450510128,0.4882760079328016,-0.016185973516150476,-0.00033340704357168855,0.0015064748813533476,-0.01459887147534218,-0.020505366919218386,-0.7108071216402314,-0.28284900851635614,0.011789162468218694,0.012578585001404638,0.013352907074951036,0.015474311049140854,0.01807630709037329,0.020843796436728262,-0.39204081511131156,-0.392862893631269,-0.39355922134599886,-0.3948935992544951,-0.394169207711106,-0.38886595419129216,-0.4068746101365208,-0.40624521953210446,-0.405673410230924,-0.40381121902119566,-0.3994254831502341,-0.3932904569648884,-0.7607281894583316,-0.7620353719099181,-0.7629993865166116,-0.7638308824199639,-0.7562075412018748,-0.7303350317784109,0.9807185841301628,0.9855543137943946,0.9891813871743902,0.9928091084381363,0.9674293059455089,0.8798757565356349,0.01629945883006572,0.015455835850050453,0.011965032585351313,0.019904949901094034,0.02662410420841548,0.025384567410774297,0.011254931050744274,0.03428350918251754,0.048025334220608916,0.04933179156130993,0.025630640137903178,0.05728589117942879,-0.394208125267705,-0.11619706191034589,-0.3883708680156126,-0.3975208424095604,-0.39639629684337085,-0.1744671407043535,-0.384180710893477,-0.4026498025420717,-0.3977185867568937,-0.2766615821663729,-0.3752651807826798,-0.41031635517722054,-0.4363905727061123,-0.027473321474768966,-0.4512687289187642,-0.410369132316932,-0.48810397254991156,-0.004324853888272163,-0.5534458628286015,-0.43153443817693954,-0.5536030554014075,0.02083887925373228,-0.5858986876988918,-0.47517060170345354,-0.7636850348733818,0.05124343760325359,-0.7630339496413828,-0.7604416978875379,-0.7651896277409739,0.09020706081575422,-0.7635752427741863,-0.756248306579225,-0.7597899921276663,0.18124591814181637,-0.760731791164632,-0.7412238981438701,0.9926372021021128,-0.07701251775288087,0.9847401113113741,0.984752401476363,1.0,-0.12563944351948408,0.9801599516461835,0.9788575192544896,0.9850780961197952,-0.2238296299373901,0.9546604682888936,0.9484979558825561
humidity_roll_std_12,-0.1793630333549234,0.06506816790759633,-0.11564735583783864,0.10257274029040932,-0.13147442480960936,-0.5025009337534081,0.03351749879427892,-0.10540453780697613,0.032057729942219025,0.5406887250664018,0.14487710723809816,-0.014928286570620342,-0.027629135652219736,0.1455624391571448,0.0812720355832874,-0.25864383981112,-0.3396837760867335,-0.4050110838910755,-0.248462386519743,0.29223140292761857,-0.20072056358553236,0.06631072142819629,0.06803228423303362,0.07005418266336139,0.07694274403224248,0.08632362530867588,0.08459988492077793,-0.18337613966609995,-0.22519301980868928,-0.24207995231188179,-0.19299523475771313,0.18873689159373364,-0.10472504118550108,0.10325478941004806,0.10416264028018346,0.1052143025852049,0.10878075355272719,0.11398443770732611,0.11504526710689472,-0.130624593877124,-0.12940702606038165,-0.12796097614021784,-0.12300115523161335,-0.11644921111188622,-0.11826917864856529,-0.4138186134249002,0.0255499248147165,-0.48391355166101224,-0.3126143598751526,-0.24890674305546515,0.3093615392565379,-0.32495644895095294,0.022908789163723575,-0.008979047848220225,-0.050816557482768386,0.0012692979028040164,-0.04178066131537431,0.0695926801092309,0.2856540810285429,0.046790592125346676,0.09233227659661346,0.07622591449648018,0.4817926163414405,0.022716532039964626,0.1261557830992982,0.08165729579865987,0.13186351328121768,0.059852314350552896,0.08958000525385167,-0.21851118325188598,-0.16796912359222352,-0.15517828537456288,-0.22142069900365832,-0.1561317947409026,-0.3249709975598968,0.010136260992643573,-0.1587049179651338,0.0982937787113966,0.046975870646679824,0.08993147234124325,0.08731715307184276,0.10507757336224417,0.3242970459761524,0.08238664560974931,0.12795279693958153,0.1086689717289272,0.5605761991233018,0.05686755688620996,0.1606393997150754,0.1123183756578752,0.1667166552758564,0.08975425732208472,0.12988953845314902,-0.12931909703168473,0.594203010546602,-0.20113826786418937,-0.05385080539971338,-0.12563944351948408,1.0,-0.28799333487829676,0.0463383754632227,-0.12422771405446141,0.5281053911317074,-0.23144357998299991,-0.013517735747230869
humidity_roll_min_12,0.04243597905403797,-0.38990023651004085,-0.3795972709569117,-0.7533637284900881,0.9673704650427246,0.08804670335317358,-0.0009798921640459216,0.4912049015776771,-0.021063123617445972,-0.08777794617495853,-0.02321084046200284,-0.011882910573077925,-0.014841517976677251,-0.7140513974524467,-0.28785863101252257,0.05110131151888324,0.061321227439818285,0.07192932489922475,0.05030542306472683,-0.022943321425560118,0.0562612661175812,-0.3905573850332629,-0.39121326851449156,-0.3918678051476083,-0.3938225162121596,-0.39660429728445,-0.39118490982058035,-0.36613511688538736,-0.35669895678685287,-0.3521309223754097,-0.35900069220582104,-0.4197451889668027,-0.3677688949808639,-0.7534886579926735,-0.7536117202512415,-0.7537329152742522,-0.7540852970142903,-0.7525891152471966,-0.7277490603709942,0.967184712276253,0.9669918677951789,0.9667914723024673,0.9661403870982715,0.9578862338977768,0.8734526186962196,0.07806225666776526,0.0034358937632260516,0.09050770428529235,0.0638446278875032,0.0645462599389756,-0.02780420736406363,0.06562051426774654,0.028894599291105744,0.047691847252651194,0.05546397060164879,0.024698434883815283,0.06149515290775899,-0.39269896206378163,-0.15907371112369864,-0.38341697345018877,-0.3997843425748807,-0.39588074022160696,-0.2482641711542427,-0.37584608519857665,-0.41173592813364784,-0.39866792233779014,-0.2906782612202677,-0.37367237959717214,-0.412811989506194,-0.3874014538517502,-0.006439800301110751,-0.4103904099084022,-0.36431083068879894,-0.4486491227343443,0.04457897385996728,-0.5389894483417547,-0.3962658912887298,-0.5531715800125886,0.01061986434318417,-0.5824181651836233,-0.47580192458336634,-0.7552772460684015,-0.0034547343637376764,-0.7514181413051744,-0.7564332778111872,-0.7573128245852947,-0.004766755829244124,-0.749789802125996,-0.7607215728539136,-0.7542468461442231,0.14693365566642197,-0.7527667551634568,-0.740848592967238,0.9736304124593848,-0.18264555918706726,0.9813140538853935,0.9541298678293051,0.9801599516461835,-0.28799333487829676,1.0,0.9405444014305879,0.9708451836620148,-0.30557487655693416,0.9655301188732888,0.9215613789777659
humidity_roll_max_12,-0.021673407425460645,-0.3848390509803888,-0.4266590409110636,-0.7505131489882685,0.963512693103089,-0.09054594088982126,0.01085501333167867,0.4758885962878303,-0.010782666595773732,0.09165512651642352,0.024881864608775832,-0.017013697174223352,-0.02583436873939745,-0.6938319901697642,-0.2722132143931426,-0.029284781667191676,-0.03861150973691879,-0.04852237275376168,-0.02298737012259234,0.06034844347681272,-0.015659587607808462,-0.38481568158570173,-0.3847903103921328,-0.38476302368234305,-0.3846705329216093,-0.3840687864594885,-0.37900701500248263,-0.4398392573299168,-0.4492386437871861,-0.45413327772835616,-0.44500981154588065,-0.3705060233609266,-0.4103861351654998,-0.7502723883024484,-0.7500277870535912,-0.7497793452590559,-0.7490109767747996,-0.7454737477771141,-0.7190169824967304,0.9638033502153678,0.9640822690375881,0.9643499299596102,0.9650901688940425,0.9587534215971505,0.8697188888224601,-0.04897749325582216,0.026700326366640093,-0.07045520377307381,-0.027267487596759704,-0.015167738869564736,0.07839112130904277,-0.0459318259862232,0.037084975411319984,0.04624488459841994,0.040760824982753914,0.025404629176569084,0.05032265242825092,-0.3859142695509831,-0.06032676816809335,-0.3849385994529449,-0.38493962275391586,-0.3870160224000446,-0.09405418009507582,-0.38551744803236576,-0.38543961971592955,-0.3879399892787857,-0.2593068035376317,-0.36972908181512415,-0.3998621726879252,-0.4790439277774668,-0.04719495240287627,-0.48575036419449474,-0.4501054283083199,-0.5206024178919733,-0.053771573348023606,-0.5589932489598058,-0.4599055762344563,-0.5432274443274316,0.028447382502345967,-0.5766875945597559,-0.46552560466261395,-0.7514978182038309,0.11686968247546325,-0.7560471804137271,-0.7442016970381787,-0.752393353094361,0.18787202295097266,-0.7633543780479363,-0.7370620341300623,-0.7478141805453546,0.21083300430143945,-0.7544859015015669,-0.7273879809454862,0.9709318350951198,0.029031080524755046,0.9519980732928018,0.9785977223428506,0.9788575192544896,0.0463383754632227,0.9405444014305879,1.0,0.9695146571529938,-0.13264169812503152,0.925005858644021,0.9583295271571195
humidity_roll_mean_24,0.0066060572772818375,-0.38853918002215626,-0.41381938306602223,-0.758376972732583,0.9450241442487104,-8.877399042830096e-05,0.004656395709483072,0.490393655282059,-0.006505421166488588,6.888082535370571e-05,9.068332693651456e-06,-0.017410315878987764,-0.017536115774554894,-0.7201982491864477,-0.28129058204964386,0.007365009926827909,0.008118778622132033,0.00886861149178504,0.011066402714015643,0.014844155346543935,0.01977472777037595,-0.3895718637734975,-0.390540328707567,-0.39144451620131926,-0.3937709351012211,-0.39668358520201025,-0.3955564572392265,-0.4137134003426321,-0.41357479058677254,-0.41345453192440396,-0.41271006008619243,-0.4082784708672363,-0.4011868829410752,-0.7602368234171504,-0.7619216015448028,-0.7634312289155877,-0.7669084244939433,-0.7691231884278613,-0.7545350916462426,0.9518097991138944,0.9579799196551448,0.9635341260150204,0.9764980630476271,0.9857630205704397,0.9376496531403298,0.010689118933280797,0.011140352385833779,0.007371265103467576,0.013614632662122234,0.019029293874737098,0.019535674842033782,0.007034316802510787,0.02526220193640486,0.03939802996691564,0.04217892272506129,0.017132439701686493,0.048344314461076184,-0.39206513886807737,-0.12038564395951737,-0.38594934183625706,-0.395862240446715,-0.39542972501477863,-0.1843962737658852,-0.3825506889304078,-0.4034125863928833,-0.3998568511218713,-0.29488490873918044,-0.3747878275896991,-0.4146817735004342,-0.4444590768541628,-0.030729378593037326,-0.4586985895462796,-0.41867066331267144,-0.4981208920225291,-0.005487897501027857,-0.5651384512016395,-0.4410203329580081,-0.5648100866891052,0.019255034597998537,-0.5984126857193464,-0.48677668067814284,-0.7640689637572656,0.04863699157416849,-0.7635135482520347,-0.7612900626046705,-0.7687392276715905,0.08234223546373583,-0.7678728983789458,-0.7621311274827391,-0.7717342364515009,0.16481568933743618,-0.7707549740658122,-0.7549292010639268,0.966636417085841,-0.07746781951478598,0.9602034964954312,0.9595665040757921,0.9850780961197952,-0.12422771405446141,0.9708451836620148,0.9695146571529938,1.0,-0.2202927108333808,0.9679949155294715,0.9641078774527081
humidity_roll_std_24,0.14098786816682826,0.11187404769289021,0.20939218551906838,0.17661316706629776,-0.22525131111688404,-0.06674685464392854,0.05912163272191276,-0.1818714301467732,0.05519947175336353,0.06495752692930419,-0.24242479083461452,-0.02740119208656302,-0.05037578573909625,0.251231003404491,0.14016904816822315,0.09046622758925116,0.027023261219342294,-0.03839999344335654,-0.14758734303539742,-0.043769874091465766,0.10073794826507754,0.11247486444084213,0.11340101571766985,0.11455873038318719,0.11897096518433357,0.12984282357362786,0.14566010589308434,0.19606373881473876,0.17897139408869145,0.15325624876626992,0.05069451703141499,-0.03648764376353758,0.23869060666557393,0.17708114816646497,0.17770154717879663,0.1784316941800857,0.1810763105921255,0.18741879187944713,0.19775337298676568,-0.22488085358222523,-0.22427358053760477,-0.2235024657430561,-0.2205467102281922,-0.21328818253250534,-0.20285893750420975,-0.004303038390917268,-0.08594887118908637,0.05157860166697585,-0.033142687039815426,-0.08709982578379093,0.013195343256217313,-0.07081924583713028,-0.04864522589422965,0.013744700072467864,0.007379378762068912,0.06103906654459583,0.025125630675954976,0.11460212230880351,0.003701746590457525,0.11599926127459124,0.1133857217793957,0.11954919412057503,0.1366922500795031,0.1081131263772857,0.13156008801375413,0.13049126660440177,0.27690960483294424,0.10285388843662124,0.15424010151003828,0.17106386023293427,0.09405604189796418,0.14697408045546737,0.1786697769147283,0.08907384986239494,0.020417730902331645,0.10540134891357031,0.09913373426482021,0.15710691894538656,0.07443784271847849,0.15717326963105666,0.15590365350635596,0.1785815652963469,0.0030330550908936435,0.17779545625730273,0.17907417815062154,0.18171901786510844,0.15771350638737602,0.16636921363919868,0.19735543488346802,0.1886131386575169,0.3475656132182004,0.15451183010617558,0.22333819532716775,-0.22524991394823718,0.1912528086712511,-0.24520659378843118,-0.20168919238139352,-0.2238296299373901,0.5281053911317074,-0.30557487655693416,-0.13264169812503152,-0.2202927108333808,1.0,-0.3981013899701902,-0.0215489132201256
humidity_roll_min_24,-0.00551050877075173,-0.3905112764754314,-0.4117663986510616,-0.7549354037264169,0.9418477381411754,0.016491708596353617,-0.007977773735299336,0.5018510522190408,-0.017312503687667877,-0.005245802055689363,0.010877703577851588,-0.011109340929724331,-0.005235344357425622,-0.7344006697339711,-0.29494988392029375,-0.0027131589401061156,0.0027836305254817406,0.008280210702639429,0.018664574298321114,0.010912809387465569,0.015226876321972569,-0.3911405492162712,-0.39176954928387997,-0.3923981952749812,-0.3942811950783309,-0.3980266547809504,-0.40430262656509797,-0.4118761584860282,-0.41280841221875486,-0.41216211050216056,-0.4092252222034703,-0.40189471042496155,-0.40792800264538687,-0.755081853378423,-0.755226449549873,-0.7553691922491562,-0.7557862995977593,-0.7565704716771481,-0.755804088604402,0.9417138014847433,0.9415782981777246,0.9414407721379408,0.9410114971122922,0.9400367715433546,0.9306422967831922,0.007945968545367428,0.0189948144460026,1.7021642288690727e-05,0.014478850289949542,0.016188385639972803,0.013367755439407429,0.004814379054914559,0.019211216453546627,0.032037989176175015,0.03990057736115058,0.0051095231562049495,0.043388920722785634,-0.39324523028011815,-0.1254910934337764,-0.38681703609440204,-0.3975510353384279,-0.3963595486959659,-0.1959248243139542,-0.3827022764246198,-0.40620848554189243,-0.4025940759182277,-0.32578538335307405,-0.3756368533102934,-0.424154648671471,-0.44312728992666517,-0.04547027178312129,-0.4529868746110336,-0.4216128176417689,-0.49429753664715526,-0.016743041018946043,-0.5579970010024677,-0.44160055212411714,-0.5662815216708257,-0.00029736477576266965,-0.5972548529017657,-0.49246741380756476,-0.7569062345426975,0.03253891381573367,-0.7555502212916119,-0.7555382633716207,-0.7590105025243055,0.052749819149311504,-0.7569823324371424,-0.7568419526277346,-0.7631561082022406,0.09748138146310976,-0.7621021376906792,-0.7614496645409259,0.948078529359518,-0.14659056568994364,0.9516400397794736,0.933105905320577,0.9546604682888936,-0.23144357998299991,0.9655301188732888,0.925005858644021,0.9679949155294715,-0.3981013899701902,1.0,0.9175018122619483
humidity_roll_max_24,0.020829492231886668,-0.3803519254486924,-0.4003418359058895,-0.7504322757434193,0.9335266498109296,-0.01253185609599579,0.017975919485311735,0.47031928892360375,0.005469199535812077,0.0009893111170408077,-0.013252153139294506,-0.02338125314353436,-0.029847932628631654,-0.6935668241842978,-0.261989686471966,0.019297591481755548,0.014690964867883374,0.009901679545318813,0.0007123392159386261,0.01578439819766762,0.024928592934981605,-0.3803629265781444,-0.3803718305677172,-0.38037872753038326,-0.38038827700992833,-0.38036534024483953,-0.37982622040257036,-0.4006657781164156,-0.4002595628553483,-0.4020165399763735,-0.407807503642562,-0.40999208130353965,-0.3833372018030573,-0.7501806681350874,-0.7499250499934283,-0.749665421336572,-0.748862472455909,-0.7471482932292273,-0.7413061126689567,0.9338295847113685,0.934120261816428,0.9343991827764515,0.9351704249459413,0.9364632058561759,0.9305166289138244,0.014040708001854625,0.002161958307507109,0.016012050520033745,0.013103988798292342,0.01976331718464622,0.02246188145598654,0.00964588956633293,0.029243812754127914,0.04151116966136943,0.03964893763375771,0.028474673798013876,0.05051357792775037,-0.3814997268891964,-0.09893043597314602,-0.3771993522516835,-0.38378562015561307,-0.38269023160448684,-0.1543248057823834,-0.37374375687456574,-0.38817648427467766,-0.38503071608763906,-0.25643659490786214,-0.3680367750096877,-0.3978588164175173,-0.4317219429265853,-0.026067248714899988,-0.4464729242900043,-0.4057748833483884,-0.4902303297715348,-0.007566584676177004,-0.5555843632577167,-0.43376080889286445,-0.5526696330487655,0.030462211252479193,-0.5873876174320586,-0.47515499665986444,-0.7513890295085157,0.08039980050396693,-0.75339454293734,-0.7466519169943049,-0.752249077514121,0.1296374538232127,-0.7576305783621087,-0.7425693971054682,-0.7538114319321857,0.2370848095415482,-0.7683463054553147,-0.7359194146842031,0.9407656990225588,-0.00890383126971383,0.9270945608385455,0.943423590917868,0.9484979558825561,-0.013517735747230869,0.9215613789777659,0.9583295271571195,0.9641078774527081,-0.0215489132201256,0.9175018122619483,1.0
