,traffic_flow,aqi,electricity_demand,temperature,humidity,hour,day_of_week,month,is_weekend,hour_sin,hour_cos,dow_sin,dow_cos,season_sin,season_cos,traffic_flow_lag_1,traffic_flow_lag_2,traffic_flow_lag_3,traffic_flow_lag_6,traffic_flow_lag_12,traffic_flow_lag_24,aqi_lag_1,aqi_lag_2,aqi_lag_3,aqi_lag_6,aqi_lag_12,aqi_lag_24,electricity_demand_lag_1,electricity_demand_lag_2,electricity_demand_lag_3,electricity_demand_lag_6,electricity_demand_lag_12,electricity_demand_lag_24,temperature_lag_1,temperature_lag_2,temperature_lag_3,temperature_lag_6,temperature_lag_12,temperature_lag_24,humidity_lag_1,humidity_lag_2,humidity_lag_3,humidity_lag_6,humidity_lag_12,humidity_lag_24,traffic_flow_roll_mean_6,traffic_flow_roll_std_6,traffic_flow_roll_min_6,traffic_flow_roll_max_6,traffic_flow_roll_mean_12,traffic_flow_roll_std_12,traffic_flow_roll_min_12,traffic_flow_roll_max_12,traffic_flow_roll_mean_24,traffic_flow_roll_std_24,traffic_flow_roll_min_24,traffic_flow_roll_max_24,aqi_roll_mean_6,aqi_roll_std_6,aqi_roll_min_6,aqi_roll_max_6,aqi_roll_mean_12,aqi_roll_std_12,aqi_roll_min_12,aqi_roll_max_12,aqi_roll_mean_24,aqi_roll_std_24,aqi_roll_min_24,aqi_roll_max_24,electricity_demand_roll_mean_6,electricity_demand_roll_std_6,electricity_demand_roll_min_6,electricity_demand_roll_max_6,electricity_demand_roll_mean_12,electricity_demand_roll_std_12,electricity_demand_roll_min_12,electricity_demand_roll_max_12,electricity_demand_roll_mean_24,electricity_demand_roll_std_24,electricity_demand_roll_min_24,electricity_demand_roll_max_24,temperature_roll_mean_6,temperature_roll_std_6,temperature_roll_min_6,temperature_roll_max_6,temperature_roll_mean_12,temperature_roll_std_12,temperature_roll_min_12,temperature_roll_max_12,temperature_roll_mean_24,temperature_roll_std_24,temperature_roll_min_24,temperature_roll_max_24,humidity_roll_mean_6,humidity_roll_std_6,humidity_roll_min_6,humidity_roll_max_6,humidity_roll_mean_12,humidity_roll_std_12,humidity_roll_min_12,humidity_roll_max_12,humidity_roll_mean_24,humidity_roll_std_24,humidity_roll_min_24,humidity_roll_max_24
traffic_flow,1.0,0.018499724769343067,0.2550979760175385,-0.024593879572433943,0.016989412500343845,0.44684214062982586,-0.06080199365872143,-0.022212217183361697,-0.022418590790208397,-0.32018736523863384,-0.4961227296276125,0.030758523744682575,0.04555666278030714,-0.012573322644012114,0.03367936622598929,0.9070516001160424,0.6767090260433379,0.38348445228219635,-0.22798581441232338,0.06230920992479971,0.7933253875425036,0.01871578016149457,0.01881714406054506,0.01876548867549583,0.019616129559603207,0.0276075313004452,0.04046929831421612,0.24380586067380985,0.2433823830986809,0.25552567487552574,0.25149214015251636,-0.38693789531498596,0.235502502193075,-0.024527004736668294,-0.024479817474194494,-0.024428032424551962,-0.024197749289294475,-0.023823825224821207,-0.02291653498186192,0.015973789990567804,0.014952213799400373,0.013895743637166688,0.010819504434436918,0.007278125974798298,-0.00013333581840999784,0.6097943070659348,0.34540886619698213,0.5651628478017201,0.6033990252563578,0.24018426805789367,-0.23886897474290264,0.4873177122589055,0.1165107011165879,0.22654537048994325,0.16137674314493802,0.4358219328861705,0.2161562781585565,0.01437728763939482,-0.5220713528673149,0.05517251320687061,-0.017717439380104408,0.018129318400117403,-0.28332522829894724,0.043812367685979965,0.0011837625507418051,0.030320840450774437,0.13524913094040278,0.02262399693571965,0.03649993127081362,0.27781643134046535,0.2608366771461809,0.20066121425445954,0.3229437553515451,0.15623648285060113,0.002462975007055749,0.08759226728560016,0.10391359182583612,0.021741865947587872,0.08589543220732625,0.018468893967429845,0.05109932038525393,-0.023305080226242152,-0.6178164754137516,0.009823663682274598,-0.058756508740603945,-0.02364346093193494,-0.2926722417229607,-0.004984102518613033,-0.04363536372709988,-0.024809135862834147,0.18355340624844554,-0.03329274705554417,-0.014986425312957173,0.01639032506403367,-0.5389875744287551,0.07101417983151757,-0.04215049602156213,0.01273778324951699,-0.29132279940755257,0.045027717230217076,-0.019993111164500896,0.005475625708046281,0.14342809320841216,-0.004787596740121252,0.022218990558935107
aqi,0.018499724769343067,1.0,0.6028199875819191,0.629364045605103,-0.44043690016609593,0.00012340644000915046,0.043187247125002166,-0.8311359285316328,0.003128507537831531,-0.00033362168345939757,0.00040717521712187036,-0.012886428290961848,-0.0755709527194467,0.735203614425347,0.8690010517859491,0.019289263420981053,0.02028057599583375,0.021721388509824215,0.025342943192514733,0.033246174178305436,0.046290727231543136,0.9968545395778758,0.9936992486458772,0.9905344641171444,0.9809945834024991,0.9617806510729967,0.9230918945230763,0.6032286929090622,0.6035315189264921,0.6040189632431984,0.6059740626191793,0.6028485823608674,0.5970340134106771,0.6275639941983435,0.6257597701978785,0.6239440842769841,0.6184717568136344,0.6074290256945952,0.5852511302402863,-0.43838616749051024,-0.4363258539888496,-0.4342561802143983,-0.4280022463501309,-0.41538564154944224,-0.3899856130702861,0.029492349003532974,0.02730007414054298,0.024857124412236472,0.03725334315849427,0.049589079100542464,0.049572998666911706,0.02929523830290812,0.07429501003202668,0.10824904981766048,0.11773657540193398,0.06984959997146771,0.11978633756216756,0.9949119315547458,-0.202532365154806,0.9931990033304801,0.9917704767767,0.9883264699552032,0.009784554351008577,0.9860337869935515,0.9827654323793874,0.974685093355684,0.44006403819215684,0.9749632054805119,0.9680384554479365,0.6518449837492264,0.07652259576686825,0.6498168259082314,0.6331155385579947,0.723443840358205,0.18080311072117536,0.739819104189026,0.6904149332150219,0.7810328137224208,0.305328736124322,0.7752640678036323,0.7606634773374387,0.6264550697665896,0.04757490395828741,0.6278750103060303,0.6221471640513603,0.622807522170555,-0.021430281297764035,0.6266090285816704,0.6137451779060575,0.6154755597802538,-0.2186246241892592,0.625749573989839,0.5981611073242129,-0.4378576890031983,-0.2559404207114718,-0.43510484549787093,-0.4361855406166401,-0.4343506814648236,-0.04273746192402313,-0.4296920990095476,-0.43191484521198004,-0.4274926664101915,0.20019309967044063,-0.42249910722589473,-0.42609287684562724
electricity_demand,0.2550979760175385,0.6028199875819191,1.0,0.5655706998990564,-0.4083927536376394,0.10499497648886875,-0.11571650404504318,-0.5551729264811609,-0.16113527520010354,-0.07722496457712054,-0.5243193339439457,0.11201285758042459,-0.06990250168047082,0.6260143739494866,0.5457238687998851,0.2729353750641798,0.2704136301472656,0.23405165789827534,-0.045534460950596406,-0.37337685557051403,0.2460371340587401,0.6023601892071498,0.6021602375532218,0.6018635434926259,0.6011776276926385,0.5986444729203637,0.5945472094074395,0.9534884952714076,0.8798935206067086,0.7918550488938954,0.5132966662858041,0.26354084300896474,0.9032474123043116,0.5654979433332945,0.5653187909712808,0.5652461100992439,0.564601270226695,0.5586204836946886,0.5403178412293486,-0.40921474900549737,-0.41047589417085123,-0.41132032323361567,-0.41479235827287575,-0.4147496802986792,-0.40631268159662104,0.24472604486521563,-0.05957269315155228,0.29633796299170795,0.14939429229214926,-0.058263451487643655,-0.03490723186660985,-0.07548338822689162,-0.11431446056160982,0.08394107762571758,0.1388136380411434,0.09815842227260284,0.14318406105814227,0.6007554972761475,-0.32676351509018403,0.615951916908981,0.588532033720597,0.5994889651530746,-0.15798699174294087,0.6132333669646162,0.5897247413236916,0.603495886246269,0.4063452622291147,0.597038505057791,0.6050032205066221,0.8711203021267382,0.2916593160827794,0.7979854099418343,0.8978004029516836,0.6925869261184111,0.4427903292374301,0.663271904761857,0.7772848247309664,0.7160855227765713,0.33002937009056293,0.7070104969679754,0.7275938651408378,0.5670596864276297,-0.23959434026432921,0.5825977407777367,0.5483083106424166,0.5666816052382859,-0.2008383505326095,0.5802837562744505,0.546665755722793,0.5607882540515724,-0.03902785157626493,0.5626124669286172,0.5510978663455045,-0.41307228614941915,-0.3906645225822906,-0.3879642831889951,-0.43487957691437856,-0.4177344349180496,-0.22043383384949217,-0.3912648777016305,-0.4360294812932879,-0.4258946735656998,0.2424279428039108,-0.41838161511078253,-0.41494187367800733
temperature,-0.024593879572433943,0.629364045605103,0.5655706998990564,1.0,-0.7698106386864623,0.0,0.0003305619720160871,-0.5345620274334465,-0.015212054543865296,0.0,0.0,0.0066377551065262405,-0.04575101432478266,0.8658685888324413,0.47110007113592994,-0.024379441677107278,-0.024089033359625648,-0.02369419978989579,-0.02290386592943573,-0.020793120659530293,-0.01761890111891119,0.6292303641853307,0.629096654386168,0.6289614413323725,0.6285559235232286,0.6277405627740508,0.6258947705679807,0.5656088616595878,0.5655627273525671,0.5656398937659629,0.5657718519778097,0.56034638411775,0.5570296475372966,0.9977017924401436,0.9954038482755992,0.9931061674853138,0.9862147051495511,0.9724388887430123,0.9449156731093654,-0.767676742613477,-0.7655402713663942,-0.7634006052921711,-0.7569626203080128,-0.7440119075204914,-0.7178654527919636,-0.030126773186606056,-0.021995961809300815,-0.026996455218570768,-0.03391187080672549,-0.043657799580351486,-0.036492754603561876,-0.03349823641870813,-0.0456577663916673,-0.06048924466198973,-0.02675880161433727,-0.07042250687244124,-0.03665738551257839,0.6308450312611309,-0.2323349130653085,0.6258133484525883,0.6324612082066484,0.6322675858400608,0.01524542456448138,0.6218194870681658,0.6364848663331711,0.6347091537474451,0.4697935410328236,0.6146088739967173,0.6454652800128139,0.6045852503587272,0.015112171018897674,0.6314008245106003,0.5669506667926103,0.6582640243131035,0.05851495086710528,0.7299242906457789,0.5888765005874147,0.7433448209469814,0.030431639329320376,0.7503875896276683,0.6509353502033959,0.996357390433606,0.017479558087709058,0.9953727839745268,0.9938046818298142,0.9915807509502109,0.0026659919642669184,0.9907509229714515,0.9872060343207223,0.9818792753294464,-0.17042976230633292,0.9845533728147045,0.9767436888596578,-0.7694109328076278,-0.299855273533531,-0.7646823706706177,-0.7657056672387881,-0.7682672845223975,-0.06494531422422878,-0.7604723482770048,-0.762619784651002,-0.765782687333449,0.2817375313633794,-0.7584407735083045,-0.7624702640494817
humidity,0.016989412500343845,-0.44043690016609593,-0.4083927536376394,-0.7698106386864623,1.0,0.003328815594668458,0.017419037929347177,0.5109407388753865,-0.009467529276351416,-0.002464242115989378,-0.000511937114007056,-0.0234148213476217,-0.027302744956844087,-0.6646778226920975,-0.40412944008140106,0.01761307738441356,0.01808994659351204,0.018308104468389205,0.01784372605261857,0.017671290809022064,0.01835908157343952,-0.4401999356519118,-0.43995238596976904,-0.439692758035164,-0.43885507790086614,-0.43692075101057437,-0.4321713454886914,-0.40763351079303506,-0.40704623415540486,-0.40678555977873115,-0.40608219762381786,-0.4024804734215785,-0.39411827201345156,-0.7676199985237079,-0.7654342092796282,-0.7632455845634343,-0.7566464680907955,-0.7433149543734507,-0.7160983413774367,0.9922308263381286,0.9844445067457426,0.976640675445297,0.9531327210406338,0.9057581056079279,0.8101160312806801,0.023687766827101994,0.018149085312165282,0.020909225643301936,0.027514217641716136,0.034205963649228344,0.029368103009076673,0.023975226245992562,0.04340337750525072,0.05499681156569567,0.055816670298160904,0.04753926118540338,0.0581046261167064,-0.4409276148500157,0.2468708278401538,-0.4359474598410562,-0.4435072243662577,-0.44101868243373926,0.00640585830102588,-0.43049437416854996,-0.4466123391387093,-0.44039219718330275,-0.3958283929154358,-0.41937348212629627,-0.4511676414778482,-0.4378211342508029,0.0014144886930420296,-0.45687367455801703,-0.40831832905815896,-0.4790351072691841,-0.024974440119743813,-0.5337382920337954,-0.4250626459612238,-0.525478892979177,-0.002868832520984532,-0.5540823467111923,-0.45876646512025127,-0.7664029555200279,0.0022605671036352985,-0.7671157079779173,-0.7621126147660845,-0.761748235948979,0.003962501612673452,-0.7648210476694135,-0.7532750912724254,-0.7519015122791852,0.19385805483860152,-0.7632568529711731,-0.7368679834604039,0.9878060867174276,0.2928009844420322,0.9821386156214533,0.980907412052762,0.9716458714579788,0.058611978246312736,0.9629197655916123,0.960745269074015,0.9379482684280656,-0.33282066595804166,0.932288878922984,0.9294173141190739
hour,0.44684214062982586,0.00012340644000915046,0.10499497648886875,0.0,0.003328815594668458,1.0,0.0,0.0,0.0,-0.7455416103283029,-0.16615921537071862,0.0,0.0,0.0,0.0,0.572549026432374,0.6621434582841909,0.658522710130146,0.20213380225187572,-0.1478815314730328,0.446832393591005,-0.0003640092794922892,-0.0007997228205169418,-0.0012120404014012395,-0.0021410908148808624,-0.002681219586537571,0.00012340644000915046,0.17793913989278237,0.24560394633917176,0.3260604289469,0.4295209568692474,-0.10093700766696612,0.10390507709370923,3.3212977117433426e-05,6.353786029372921e-05,9.097465102901301e-05,0.00015595648280049087,0.00020794182926641422,0.0,0.002502327608210457,0.0017378845964640193,0.001049349200163426,-0.0005816052920318523,-0.0017801463395853902,0.0033276603743108363,0.6884360845008111,0.15375688164312457,0.6907990374767717,0.548159908089203,0.3747267160405531,-0.5275581825818635,0.6181342942520346,0.011931473141369227,-0.000260306089181874,0.02004121032440631,0.06303293545410105,0.027185473379425725,-0.005429615108246977,-0.5415056509280928,0.037026215677643595,-0.038823012054561734,-0.008334097618848716,-0.7154924963588764,0.05549029117045164,-0.05823608921001539,-0.003965124877667548,-0.10955442291398065,0.008960114257268835,-0.009000663076189302,0.3020108265284552,0.2095070285700789,0.24187453038081722,0.31169133355562867,0.3274802105278127,0.2530728481687894,0.1570488522604617,0.2728501303192351,-0.0059663670531027455,0.025810691102425634,0.0026406698032239756,-0.0033070064414420642,0.0011285544162097732,-0.6451504485638901,0.035928563873970434,-0.035791305934380804,0.0014996564455789973,-0.7453521361559607,0.054082190916830294,-0.05387545300457898,-0.00016311253866221103,-0.11785463043841929,0.008698687272225367,-0.008665396913377288,0.0035521099783426386,-0.5483951875656196,0.0604902760054123,-0.057178753996505585,0.002976222741783364,-0.7389489277562712,0.08947960596413716,-0.08770551808094179,0.0006428592982451482,-0.11425718028514982,0.016942222004191952,-0.011033095695954313
day_of_week,-0.06080199365872143,0.043187247125002166,-0.11571650404504318,0.0003305619720160871,0.017419037929347177,0.0,1.0,-0.016450501458212963,0.7893199093070254,0.0,0.0,-0.7187703435804702,-0.5338396624472573,0.0025198423860372143,0.009734708275509126,-0.05904913353477507,-0.05702541851122269,-0.05381624722792162,-0.04460808678373744,-0.02528621921841486,0.003942324508708745,0.04435731691620988,0.04552738979082298,0.04670094322977335,0.050218451537855105,0.05724898630476226,0.07149345435732779,-0.10686990077098688,-0.0975732424266654,-0.08723255571983964,-0.041142146128755455,0.03999482133226055,0.11651037163090766,0.002973560442237897,0.005616142325206202,0.00825830764517841,0.01618230446957824,0.03201905418880558,0.06364759619145333,0.01685117505147289,0.01627651149985907,0.01569305862219015,0.013892946997965816,0.010067196378693723,0.00171963089930796,-0.07324150800674989,-0.045952825334677316,-0.06767114389634257,-0.08267902905884938,-0.08483272893229712,-0.06562649569112282,-0.07662960258504987,-0.104817768041305,-0.09923455710805,-0.06511845596841974,-0.1455096869805588,-0.07841860316396493,0.048861984956120104,-0.012714679742200544,0.045004672177378344,0.04775009702889961,0.055608506705486,0.015663798304899022,0.04785809479354435,0.053925033127014736,0.06947505214572729,0.05101389651404274,0.055615663805682315,0.06875971317435967,-0.0929563846167947,-0.04401261421776401,-0.08491432424406022,-0.1110626342122328,-0.05673384956727203,-0.132162077947148,-0.013499146791690017,-0.10280847961855656,0.026386859080573897,-0.26232378604415846,0.09016709592438718,-0.04676174794859173,0.00690461785546475,-0.02107318696149792,0.003777888731451758,0.010308304868499865,0.014915240076344939,-0.00263204697163684,0.008019739338126263,0.02272847224910935,0.030244533049371906,0.07106977262116743,0.016847413913651042,0.04903174971604569,0.016275415992149007,0.0005855029674395948,0.01323622113220917,0.018705406162541707,0.014628536707520146,0.003740036956933795,0.007802276046246077,0.020475196622982774,0.009726356931248582,0.028321579963457588,-0.004159174139562297,0.024754973395489002
month,-0.022212217183361697,-0.8311359285316328,-0.5551729264811609,-0.5345620274334465,0.5109407388753865,0.0,-0.016450501458212963,1.0,-0.023691093898408087,0.0,0.0,0.021837669372925257,-0.004739383564894706,-0.7630236642837361,-0.9211445484085837,-0.02224460272781721,-0.02227507650206734,-0.022331039768323586,-0.022699586956015427,-0.023214907614264785,-0.024004053319485828,-0.8313054344637778,-0.8314750317435692,-0.8316447203713914,-0.8321543343468903,-0.8331760287467781,-0.835229283635682,-0.5549066439848543,-0.5546322193648977,-0.5544630366128304,-0.5540507309095216,-0.5526374928526435,-0.549969369153622,-0.5338760257824428,-0.5331905532939999,-0.5325056099616466,-0.5304539548365562,-0.5263649309315097,-0.5182440236808314,0.5099372170117151,0.5089341613936529,0.5079315720189035,0.5049266013316029,0.4989292482174182,0.48698489331044187,-0.029989848988306957,-0.02356553500065072,-0.02675760816434698,-0.035855653430188754,-0.04274641805139496,-0.040493551174824,-0.03059526982714583,-0.05985104571197742,-0.07099085144865575,-0.06863023826361507,-0.0651051195880777,-0.07098558266230401,-0.8336073237082934,0.25498282048358667,-0.830672900551227,-0.8327832132731853,-0.8360369627262064,0.009822705642770345,-0.8305294589251927,-0.8352373573217651,-0.8405497835899601,-0.45883756565578193,-0.8315927357207129,-0.8417072794641539,-0.6043421927539969,-0.06785194748741877,-0.5965588350487789,-0.5856658366939086,-0.6761557859734314,-0.17329961423376058,-0.6803345130213878,-0.6459731200565544,-0.7131799850060622,-0.32326707324613324,-0.7211899454755517,-0.7140325770075266,-0.5353028066684496,-0.0075225417365003275,-0.5367216248940466,-0.5295450236333656,-0.5359448430470303,0.013459426299156065,-0.5401545817907344,-0.5241983298284537,-0.536948794443011,0.2086681978328399,-0.5497744759317108,-0.515709667034537,0.5117786590738013,0.2987211158979001,0.5086383043400536,0.5088177607902303,0.5121150598923333,0.05270794553672096,0.5066843137128689,0.5070277164189423,0.5124269764995701,-0.28339966676063527,0.5054236498592708,0.5059268925559859
is_weekend,-0.022418590790208397,0.003128507537831531,-0.16113527520010354,-0.015212054543865296,-0.009467529276351416,0.0,0.7893199093070254,-0.023691093898408087,1.0,0.0,0.0,-0.7893199093070254,0.005803822862551658,0.012977963196354188,0.01042496229448016,-0.021912200122398726,-0.021365918722969623,-0.020695902186589114,-0.018281035529530136,-0.013805332453385555,-0.007343403400479904,0.005576936814983098,0.008024996648504455,0.010472317637032246,0.017809847588562605,0.032463851209909696,0.06169133160059081,-0.1550094628023799,-0.14832277936902508,-0.14012855880565464,-0.10490892344440411,-0.03824763717231705,0.03881349454537777,-0.012734331701272588,-0.01025660960481897,-0.007778888231925533,-0.00034572822881774113,0.014520575289409683,0.044253133443323205,-0.008282610589846931,-0.007099169384033674,-0.005917205656180318,-0.0023801793131673376,0.0046628465609435754,0.018642522535736915,-0.02814512539772742,-0.021049007876345185,-0.02315381065220635,-0.03277104075638486,-0.0372586793801931,-0.03150481111498454,-0.022566569576556957,-0.05103846964451622,-0.06533879755930566,-0.07098924541661472,-0.04355052565537688,-0.07364178698296842,0.010967631939866959,0.001989148201202528,0.009149566543239295,0.009768555418828753,0.020385137177206032,0.024610640945337024,0.01688685737931013,0.018321814702936593,0.039676741844091014,0.027817987229987285,0.03403728109575133,0.03734438236040794,-0.14675651386856045,-0.05354997913456169,-0.14580953284569736,-0.16433786902427788,-0.12623975166374796,-0.1580995162731635,-0.09913033493151127,-0.17618466404445973,-0.08855336009701816,-0.27026896580528287,-0.02756996385920995,-0.1307284436587788,-0.007672978631784956,-0.009790895899928308,-0.011211816983682874,-0.00663901903370566,0.0009221089221791212,-0.00728544647387517,-0.006265260250513074,0.003989921094410921,0.01663554855792153,0.045356650782040174,0.004106732061550362,0.026365149343966044,-0.006245342943970225,-0.006701889212481759,-0.008287415946676818,-0.004599322337977338,-0.0022769162266117753,-0.004269084918352763,-0.006915987725815613,0.0016082179203268173,0.00534812789629667,0.01858401277710174,-0.004333445457986684,0.0152203242714006
hour_sin,-0.32018736523863384,-0.00033362168345939757,-0.07722496457712054,0.0,-0.002464242115989378,-0.7455416103283029,0.0,0.0,0.0,1.0,-0.006744995648389904,0.0,0.0,0.0,0.0,-0.462243943775726,-0.5613622380574163,-0.6091148132182477,-0.49575313804793586,0.3130540213986893,-0.3201717029984636,-0.0002342178552689652,-5.526448090838143e-05,0.00021283447101708473,0.001349524878444643,0.0027364706350517776,-0.00033362168345939757,-0.211573095699256,-0.32974608823606083,-0.42214164714717534,-0.5256520869823561,0.07744751043186308,-0.07682153249089316,1.4446707376854372e-06,-2.889341067265931e-06,-1.4446703339688027e-05,-8.090150663314237e-05,-0.00020514296029394152,0.0,-0.002488849362175052,-0.002371013757997344,-0.0020776286602342984,-0.0004334442455296518,0.002582029405997755,-0.0024636642545118044,-0.6379374198413718,-0.008287900860616943,-0.7526161597490463,-0.4766373429587223,-0.5985187272637315,0.5567992649474,-0.7260266148375668,-0.09763052698179002,-0.0006347601016754467,-0.017741741673199047,-0.0209760838366968,-0.02850291019609617,0.0017308371177219301,0.20589452094700222,-0.01430074215676424,0.014890859982498485,0.00806079701721902,0.6965193794292573,-0.05340507019202925,0.05595661189975654,0.004546528208554746,0.06341921723265459,-0.0022402083922099364,0.001577308792093758,-0.3749377936344836,-0.14673372955336222,-0.33235272835624846,-0.3346815277727493,-0.43122333105310373,-0.36835165899549366,-0.19090165238298626,-0.36551831829205644,0.006272022953715079,-0.031232990286442455,0.0031379655140412444,0.008797407601681184,-0.0004611817757150332,0.24470055438810057,-0.013620958174902229,0.01356892201056007,-0.002004681580640088,0.7321244109244944,-0.05183555017841054,0.05163740041334716,-0.00015373318620099814,0.08906336035041652,-0.0018918416909793506,0.001884601507856829,-0.0028169472009962142,0.20751030046587426,-0.02412012298857102,0.02046113280830079,-0.003594714750296773,0.7208234223294022,-0.08507297246492779,0.08484218177348381,-0.0011818309366474983,0.06977471629578098,-0.005278827039657342,0.0005467769961195584
hour_cos,-0.4961227296276125,0.00040717521712187036,-0.5243193339439457,0.0,-0.000511937114007056,-0.16615921537071862,0.0,0.0,0.0,-0.006744995648389904,1.0,0.0,0.0,0.0,0.0,-0.40000493410518545,-0.2833864158788411,-0.14937154293162636,0.316513390114261,0.498009957289156,-0.4961257633589906,0.0008635586918961596,0.0012560809817616524,0.001548765995946182,0.001802982575477985,0.00013403141135260075,0.00040717521712187036,-0.4952767447608734,-0.4355111140499961,-0.3396985745762478,0.07891197796755459,0.5253325339601618,-0.5251373337717404,-3.3227426966765057e-05,-6.356550347985048e-05,-8.812489037209697e-05,-0.0001256862692336319,-4.622939950286006e-05,0.0,0.0003055924087215169,0.0010489148745191248,0.0016467607063248456,0.0025429997155930026,0.0005450196537996342,-0.0004992241615004373,-0.21763273907180142,0.24604962629165117,-0.3751861524823397,-0.05772255098796568,0.3190411149852943,0.14553609192567663,0.2699287574232035,0.34127800814995557,0.004910563472860515,-0.10118716715845945,-0.05421608783800243,-0.10095249540501004,0.005277335771916859,0.4670197057578924,-0.031355454004465814,0.03362094739630123,0.00429154491134842,0.2555010631202113,-0.019300259094123633,0.02033917243631634,-0.005419961131558993,-0.21411061596750958,0.007830120888663777,-0.007480152156264602,-0.3698693437072421,-0.31573886244503824,-0.24352576149000374,-0.4221846425055811,0.014625594110350592,-0.28137499445654063,0.07922309840882562,-0.09186648558459157,0.0075274761079663025,-0.01844270515926571,-0.010441626281129547,-0.03367268633779588,-0.0009898710383080566,0.5574983364586958,-0.031025515842832856,0.030906989024053495,-0.0004340487151644731,0.26657814957974857,-0.01929644568685356,0.01922268190569858,0.0021291745323321013,-0.2979708554658703,0.007188998425721532,-0.0071614857298559495,-0.0006260304023342977,0.4745406111978752,-0.049974920664043965,0.05181843000158342,0.0005543734951131328,0.2644279363389245,-0.03128794242165596,0.0320715548309804,0.0027849712995391056,-0.23841610891502585,0.010893758269931213,-0.012525981136614179
dow_sin,0.030758523744682575,-0.012886428290961848,0.11201285758042459,0.0066377551065262405,-0.0234148213476217,0.0,-0.7187703435804702,0.021837669372925257,-0.7893199093070254,0.0,0.0,1.0,0.21745629897528632,-0.00686305721767063,-0.015366591436172295,0.03113075704153072,0.03156100414886746,0.032351535930717316,0.034395342038931756,0.038957346978014284,0.04601812714392705,-0.015173878426753605,-0.017461911696372834,-0.019758314832609897,-0.026649675719279925,-0.040463714868822304,-0.0689679027117668,0.10808507431850274,0.1040665140540276,0.09969886665257852,0.0804384333627426,0.0457098596912831,-0.015042241107136423,0.004847275607097304,0.0030559695537619846,0.001263836930546995,-0.00411752051833457,-0.014902554966014009,-0.03656191424777645,-0.02380146956282292,-0.02418156567501427,-0.024545166429372843,-0.02554892846373997,-0.027192465394778535,-0.029098386524878284,0.04355549478645183,0.03766987500538717,0.034498847462722027,0.053550225627173945,0.07097558271746482,0.06728368234417594,0.036924934830904046,0.0985186344151799,0.14347845780859303,0.14742337682629725,0.0830422668007047,0.15076012308524128,-0.021246174902098004,0.0065759557146279546,-0.01931348910289819,-0.018443556962907254,-0.031214781862870227,-0.02607347231542326,-0.027583852965446676,-0.025962900565474015,-0.05163992831072032,-0.056405368455025834,-0.04610286059240714,-0.044176546988482515,0.10138806745913403,0.020005116893648638,0.10980440707319385,0.10943556622678945,0.09161742149881949,0.08846190018747169,0.08748158580385487,0.1162407971853343,0.08258717297377448,0.1704593688583994,0.04168926141531076,0.08461908458749386,0.0008962421456075964,0.003942944041756624,0.004849121891120353,-0.0007371060730612974,-0.005675585435906031,0.01077332302114194,0.0024746881860798512,-0.009921672326725927,-0.01727700092363464,-0.043691837879047006,-0.0030206974018557957,-0.029386619517385092,-0.02498490335893562,0.02010056186204858,-0.023364881858513795,-0.025286607470096582,-0.02650002723960105,0.01496873571996849,-0.02237967568801434,-0.028087048224681645,-0.027837957189585774,-0.0027740815644730792,-0.01753508753884988,-0.03550212291044325
dow_cos,0.04555666278030714,-0.0755709527194467,-0.06990250168047082,-0.04575101432478266,-0.027302744956844087,0.0,-0.5338396624472573,-0.004739383564894706,0.005803822862551658,0.0,0.0,0.21745629897528632,1.0,0.011524456286053747,-0.0029661958391691144,0.04447204479757516,0.04315518436680442,0.04091075969064439,0.035590910208511524,0.02295921293744206,0.0034132768473728496,-0.07453468807453591,-0.07349784955082563,-0.07246822694282364,-0.06937475255611093,-0.06318739257946566,-0.05120573824502885,-0.07412080971136548,-0.07840957426062117,-0.0827960169207632,-0.10343215450913124,-0.13733268264325368,-0.1617981773316549,-0.04570287826720914,-0.045654823689166665,-0.04560685059018274,-0.045463420162879714,-0.045178759179737696,-0.04461823635306653,-0.02628372209634625,-0.025261142410606396,-0.024223073990365433,-0.02102985685993286,-0.01427869908942066,0.0005581481081467275,0.05623527437777665,0.034548425845473844,0.054215881025391294,0.06411542788713026,0.0672534524976465,0.05546378933468198,0.06591629434352574,0.08489059754338524,0.08290167530607402,0.038414933849143164,0.13292696843105992,0.054952821510632494,-0.07468978998832133,0.01632217313323862,-0.07290500385376615,-0.0733941300611871,-0.0735271593435034,0.005275410581710418,-0.06993125266037875,-0.07140680221411144,-0.0711051430449375,-0.060300631933429695,-0.06441834187334278,-0.06986671753466918,-0.08731294747604383,-0.010838082035868026,-0.09870483370457499,-0.07915097194485599,-0.11704612212072961,-0.03838498787254966,-0.14444762303063005,-0.10912969227099387,-0.20323222505199737,-0.025920258648296442,-0.20816479097251425,-0.15217807317231252,-0.04387431059583965,0.020884439765910694,-0.04346637366413295,-0.0479246738219319,-0.04233823186823577,-0.002916377384867652,-0.040812300938227734,-0.05078851346422661,-0.039994336799533875,-0.048514758375953745,-0.03579042713588997,-0.05735231406940817,-0.024387254819313774,-0.007427225236590949,-0.021536896303483575,-0.027574859071604476,-0.02042243184640806,-0.0146183244001704,-0.013591174257834501,-0.027766313597384656,-0.010527293661760606,-0.053386214428573414,0.005449496951157037,-0.027707135533776375
season_sin,-0.012573322644012114,0.735203614425347,0.6260143739494866,0.8658685888324413,-0.6646778226920975,0.0,0.0025198423860372143,-0.7630236642837361,0.012977963196354188,0.0,0.0,-0.00686305721767063,0.011524456286053747,1.0,0.689065684107023,-0.01252217866486016,-0.012466920507872181,-0.012370008772584701,-0.012008930092465207,-0.011359298588578037,-0.010375916021280575,0.7355995244735246,0.7359955201325299,0.7363914525504962,0.7375797513325356,0.7399582504304499,0.7447155616589123,0.6260692342020309,0.6260999394199236,0.6261157415661386,0.6264028531223075,0.6262178943543035,0.6282697600772094,0.8655663550084237,0.8652643182993223,0.8649624787023003,0.8640581425553943,0.8622547919063585,0.8586693750693014,-0.6642013433877676,-0.6637247522099143,-0.6632479762585229,-0.6618166491006899,-0.6589489328542057,-0.6531971883567376,-0.015657027687877488,-0.011123778408061336,-0.013575509009522752,-0.017547432227233407,-0.024668509392985833,-0.019273925506305887,-0.017819247181521263,-0.022047728814646825,-0.03418093969225279,-0.007193647215967448,-0.040640670033540965,-0.012888050151360011,0.7378514845250113,-0.24072197839387532,0.7340267076573908,0.7385423910570608,0.740570404827944,0.011007200366571896,0.7328187320060259,0.742827193951743,0.7454164702087159,0.4825028378532703,0.7310778112390734,0.7522998586414686,0.6737605214282519,0.039688463742418696,0.6912859336532514,0.6381942296249269,0.7412785888182035,0.09983789866824358,0.8003347031345371,0.6754737128317556,0.8224232035792461,0.11035108087179023,0.8293844068560383,0.7521494273553205,0.8674671326966626,0.03220053469194205,0.8675885821569539,0.8632687532013001,0.8690339908467374,0.002026745820936405,0.8705433347639678,0.8609261949876074,0.8720472483731262,-0.19324332533251734,0.8793682218583364,0.8587847474034014,-0.667139199376801,-0.30392832028342875,-0.662269000695526,-0.665586338568406,-0.6695722807020913,-0.06642268183563052,-0.660490658296622,-0.6678923364000887,-0.674300706985059,0.2742618839218235,-0.6605786835951697,-0.6764835051805376
season_cos,0.03367936622598929,0.8690010517859491,0.5457238687998851,0.47110007113592994,-0.40412944008140106,0.0,0.009734708275509126,-0.9211445484085837,0.01042496229448016,0.0,0.0,-0.015366591436172295,-0.0029661958391691144,0.689065684107023,1.0,0.03371510913748952,0.033755681555402976,0.03381909997470952,0.034118483876065454,0.03461341423155627,0.035347860825693155,0.8689115354830698,0.8688218633937478,0.8687317499623701,0.8684604992489677,0.867913162725967,0.8667634182562892,0.5454660589208234,0.5452125348497544,0.5449879832659561,0.5443928269910404,0.5435311305155724,0.5425641059288518,0.47020039187111295,0.46930103019173897,0.46840198608947725,0.46570675916214577,0.46032487876747996,0.4495954055629151,-0.4030562787844863,-0.40198345952665626,-0.4009105813597559,-0.39769228592276906,-0.3912603735066156,-0.37841099605542805,0.0451255882493158,0.03522299031233121,0.04002538860144504,0.053389760086827234,0.06477164376149835,0.05968135378573471,0.046283095788626695,0.08661656382050482,0.10781775690073177,0.09832562320299273,0.09738799169134217,0.10325708470446522,0.8708351166581236,-0.23917837594881844,0.8692295955167173,0.8687795981050254,0.872628972609464,-0.01348578657820998,0.8700755486476984,0.8691428713151366,0.8761104614164601,0.43237803872950215,0.873626037532688,0.8719127304107882,0.5942349827145205,0.08505474485576643,0.5787937355894093,0.5804938035984947,0.6653378445234593,0.20686182245721205,0.6504609353839781,0.6431866130437397,0.696290481226435,0.3878151490445068,0.6743575885373667,0.713117017505832,0.4708035941723838,0.02478025210436814,0.47246386745184943,0.46563413751253874,0.4702941695153592,-0.007012198954078554,0.47465125907222316,0.4595723808692145,0.4691825383014072,-0.18732864259937324,0.480828892329496,0.44907642388180696,-0.4043657409072458,-0.2582779480269181,-0.4043255492565634,-0.3990687486425705,-0.4041115246544907,-0.03551750228577392,-0.405363140323036,-0.3935202878110261,-0.40348197340148756,0.28749059251700126,-0.41006295493193656,-0.38413941127895906
traffic_flow_lag_1,0.9070516001160424,0.019289263420981053,0.2729353750641798,-0.024379441677107278,0.01761307738441356,0.572549026432374,-0.05904913353477507,-0.02224460272781721,-0.021912200122398726,-0.462243943775726,-0.40000493410518545,0.03113075704153072,0.04447204479757516,-0.01252217866486016,0.03371510913748952,1.0,0.9070493345556394,0.6767004156623714,-0.10348491995325997,0.03796658719774896,0.7114046649150024,0.01831274766229377,0.018528523783307077,0.018629660877052073,0.018799331957048526,0.02630815786301607,0.03998742207814427,0.2549484256212315,0.24369555711218505,0.24335998526335914,0.27105382027868297,-0.29422952084879167,0.2522327029349931,-0.024583062893356,-0.0245160005807848,-0.02446886427812136,-0.024314068341770433,-0.023884327339449198,-0.023000969795458716,0.01698520066148338,0.01596894771956312,0.0149473241516212,0.011826675919068549,0.008120237558411934,0.0008183711406612874,0.8228387735351447,0.4685248535555624,0.6852199047713767,0.7833865467751393,0.37276124913122677,-0.20465181704801388,0.5805871127422338,0.19107089987026102,0.24842182333691606,0.17623913217607406,0.4356202422278211,0.22507571675879817,0.01469418293335058,-0.4943342524131187,0.0534875970690521,-0.015679089390790234,0.01568051015081706,-0.3662320750729786,0.04940784211882945,-0.0050705961708129785,0.028136732365880688,0.08966258854944302,0.024022021519378402,0.03525970162161021,0.284257699839065,0.452490184863961,0.1599763884751738,0.3741097421464708,0.217801654879501,0.11385998095349821,0.132837255369976,0.20791563473720787,0.023117552584048927,0.09635721790646068,0.017361539373170164,0.05723462441154766,-0.02339430760797988,-0.5844072997123516,0.008129003027866568,-0.05688790662616687,-0.023092987421783243,-0.38487933502634114,0.00080326293365706,-0.04925119958116429,-0.024507518457415306,0.1164312512196028,-0.031827541491422015,-0.016343322098800805,0.017217770325873398,-0.510372402954603,0.06896495139327628,-0.038456719898308386,0.014288525003044368,-0.3778563419096103,0.05509962309108508,-0.02859332608842179,0.0067916262058676565,0.0904161140258459,-0.0017163327435333385,0.020832314374845676
traffic_flow_lag_2,0.6767090260433379,0.02028057599583375,0.2704136301472656,-0.024089033359625648,0.01808994659351204,0.6621434582841909,-0.05702541851122269,-0.02227507650206734,-0.021365918722969623,-0.5613622380574163,-0.2833864158788411,0.03156100414886746,0.04315518436680442,-0.012466920507872181,0.033755681555402976,0.9070493345556394,1.0,0.907047073646213,0.10651981125569195,-0.04407569235727939,0.49578509776548246,0.01916256470903493,0.01818587987131108,0.018401420198709165,0.018421268671384557,0.024942093419808922,0.03943323932482698,0.27281545488895426,0.2548480225558904,0.24367128400824625,0.2695923690455595,-0.1645696352223011,0.24945443428651815,-0.024374617789629047,-0.02457830967253831,-0.0245113382516274,-0.024360874268118355,-0.02394452153229693,-0.023122349775115836,0.017615188612247513,0.016986929320136675,0.015970657161512088,0.012838217355560106,0.008904773259091982,0.0018022528538037014,0.9463868077050667,0.46188591606771834,0.7820489238701268,0.8582526766515246,0.49451009762140946,-0.131746340407123,0.6183288683379644,0.27070443593800575,0.2696924635705576,0.18833658337551584,0.430165819041195,0.22704392301359375,0.015551913427585032,-0.42545269197253704,0.04916042992334575,-0.010454164184433594,0.013894131907436583,-0.4594908581877171,0.056113897447748196,-0.012349443807613606,0.02598147457891952,0.019679262438726725,0.02756885216842782,0.031637237721159985,0.2896554448014866,0.5454211658853019,0.13461448455322242,0.3975586589169333,0.2675216741770766,0.27154941253408516,0.15538360262566384,0.3078795720791137,0.02477110829007051,0.10672946343890183,0.01680414569962349,0.06491531107694512,-0.02346416374956937,-0.5016316883655239,0.0036968545200327567,-0.0522140086830518,-0.022637573371920808,-0.4868737437598417,0.007626943433806221,-0.05581839959053047,-0.024161573751292662,0.02394267815502159,-0.0281524698503132,-0.019775407682913616,0.017843896572780717,-0.4397756704273988,0.062312608617683805,-0.030260926705138396,0.0157420816388711,-0.4754815707681781,0.06664353937601362,-0.03906591037065972,0.00817666677389013,0.011724161320813735,0.004740472866571043,0.015767782070717745
traffic_flow_lag_3,0.38348445228219635,0.021721388509824215,0.23405165789827534,-0.02369419978989579,0.018308104468389205,0.658522710130146,-0.05381624722792162,-0.022331039768323586,-0.020695902186589114,-0.6091148132182477,-0.14937154293162636,0.032351535930717316,0.04091075969064439,-0.012370008772584701,0.03381909997470952,0.6767004156623714,0.907047073646213,1.0,0.38348964182998135,-0.1489988348553162,0.21749676578374708,0.020314065743352698,0.01919590040872192,0.018219064020306996,0.01848281369542941,0.023559480474130385,0.0385552482840838,0.2703916678584546,0.2727758100952435,0.25482648353754367,0.2554679202485368,-0.021872854653726855,0.21343757468698413,-0.024100243040388842,-0.024385923086370626,-0.024589701391052547,-0.02442405507477278,-0.024004212649013743,-0.023202998417217582,0.018104637234952252,0.017630067812219038,0.01700194072868298,0.0139071627455969,0.00944672674837598,0.002633620454995367,0.9485752974885646,0.38674960457730456,0.819811167586976,0.8380300327090873,0.593925385982557,-0.0523800755157232,0.606691443221235,0.3405881923934043,0.28971210388194235,0.19665142452497517,0.4175214034209421,0.22623526438453023,0.017122596062871698,-0.30647870361405555,0.04158662885389409,-0.0013445252543544458,0.01324842404887486,-0.5363548005602304,0.06211319413531877,-0.018327593532805563,0.024144447564540587,-0.048631677836056264,0.031052675271998148,0.02836819295848968,0.2880952231742232,0.5125237273373174,0.13414531624769296,0.3757311422892499,0.3001969188914629,0.42491387817330356,0.15389061456646744,0.3724624388201845,0.026856143457639918,0.11504031769677571,0.01690320259902511,0.06934191711806173,-0.02351488430525821,-0.359027956365786,-0.004105462022279614,-0.04408248570325764,-0.022338806057703664,-0.5691192082075177,0.013493348004330977,-0.061364308029906806,-0.023805941754994755,-0.06637083270100837,-0.024674974487172395,-0.022899546653188368,0.018181452285102522,-0.31812972140157386,0.04998023335110815,-0.01663334278305288,0.01697677670476897,-0.5560724617197742,0.07636646819752917,-0.048192325028426804,0.009542376999440567,-0.065572639692434,0.010558250701093137,0.010752010032604922
traffic_flow_lag_6,-0.22798581441232338,0.025342943192514733,-0.045534460950596406,-0.02290386592943573,0.01784372605261857,0.20213380225187572,-0.04460808678373744,-0.022699586956015427,-0.018281035529530136,-0.49575313804793586,0.316513390114261,0.034395342038931756,0.035590910208511524,-0.012008930092465207,0.034118483876065454,-0.10348491995325997,0.10651981125569195,0.38348964182998135,1.0,-0.2279286181074762,-0.35784894588821975,0.024817022558181016,0.023933789915637663,0.02261028900095749,0.01910638794401254,0.02021391033503409,0.035677722092469215,0.061945690823179224,0.16167509410394948,0.2342717522677203,0.2550946763078702,0.25194714740638235,-0.064138082579562,-0.02312370930093341,-0.023422775175136804,-0.023790213089946558,-0.02468668683407451,-0.024291977183547822,-0.02349520717415769,0.018185962499221088,0.018380448078656086,0.01839098394304431,0.017086652953917637,0.010914024925764815,0.0034819507461700296,0.3644072763858547,0.0883227584317442,0.42631454970966687,0.35263484525947747,0.7291444381524029,0.12984365760069275,0.4091512611822598,0.49703919244094197,0.34096113831776276,0.21897576895542542,0.31005713324221496,0.23501080015800088,0.025272778758482013,0.2032104389825921,0.008447792845093983,0.03698877699352559,0.01827758149222568,-0.357384858566754,0.049394518864668224,-0.004524375977332025,0.021428750571427405,-0.1429496594503282,0.03502740200112293,0.02489528323546235,0.17073084318084145,-0.10291965481345361,0.2131053644007073,0.08218757100239682,0.27330868166396094,0.44099824452315417,0.08706719706075787,0.27422262703447087,0.03571044756949768,0.10952448227277078,0.01656960708515631,0.048544717608385655,-0.02398074624812323,0.25047274982790635,-0.03768512760929437,-0.009727215286865196,-0.022661544794739207,-0.37629749952450264,0.0011300658309159432,-0.04854756465935858,-0.02288517724535375,-0.18894793348136998,-0.020682942826788033,-0.026407440848547868,0.017422029187603782,0.20118166402464244,-0.004057653539891337,0.039693410888069505,0.018027994462659847,-0.3703077516643178,0.05720601355527582,-0.027126230429200284,0.012905673435047707,-0.1711589229892253,0.017411448051848716,0.004186966716325822
traffic_flow_lag_12,0.06230920992479971,0.033246174178305436,-0.37337685557051403,-0.020793120659530293,0.017671290809022064,-0.1478815314730328,-0.02528621921841486,-0.023214907614264785,-0.013805332453385555,0.3130540213986893,0.498009957289156,0.038957346978014284,0.02295921293744206,-0.011359298588578037,0.03461341423155627,0.03796658719774896,-0.04407569235727939,-0.1489988348553162,-0.2279286181074762,1.0,0.062318763156750875,0.031926860185220104,0.030593641037200893,0.029247185863614893,0.026151682323789803,0.01990674258584035,0.028964416994354793,-0.40718647983438694,-0.3882491077619583,-0.3264262028046627,-0.045207324578875815,0.2560605640909402,-0.38612656131622425,-0.021189672235402905,-0.021586326782563614,-0.021999199298904724,-0.023016222071400614,-0.024804090089590506,-0.024045536236186427,0.017606162714835377,0.01751895295405644,0.017465729208992163,0.017965175860411797,0.017215630981500703,0.00750303584810284,-0.09059693736635883,0.4003744964169021,-0.3165603707680615,0.09906894253133579,0.17978890587269503,0.3928805578617532,0.13689516251868958,0.48262922854850143,0.38573158663206936,0.28344195152318463,0.22564424050194498,0.27398759450204585,0.03080053567031263,0.08742972662699457,0.023780074318440307,0.03633604994115067,0.0320941444250521,0.35522950105327405,-0.0005454029434975354,0.05483713471975956,0.02358170485467801,-0.02609167944566002,0.02910081166798384,0.03231507233612574,-0.33156601186174367,-0.1623572331786421,-0.2642086077594749,-0.3268994054403732,-0.09617518390241997,-0.5277009120505317,0.09479439610915824,-0.2103163263217304,0.05189318498566836,0.05549648819178494,0.026311941296102082,0.03812870134602442,-0.021850578998450707,0.11147667986097606,-0.02820203167652873,-0.015374785632742735,-0.023998451741600743,0.3861467682055444,-0.049987102156986714,0.004471201725555956,-0.022343836603958903,-0.030568281009901967,-0.02590776351734744,-0.019546974917206954,0.01741403843865504,0.08401838513388178,0.008276073312442749,0.02714308532439886,0.016136514313073176,0.3680155571098454,-0.024362346927599338,0.06022937174190302,0.015719140996087868,-0.04527293163879354,0.010748732695145952,0.015942035038461422
traffic_flow_lag_24,0.7933253875425036,0.046290727231543136,0.2460371340587401,-0.01761890111891119,0.01835908157343952,0.446832393591005,0.003942324508708745,-0.024004053319485828,-0.007343403400479904,-0.3201717029984636,-0.4961257633589906,0.04601812714392705,0.0034132768473728496,-0.010375916021280575,0.035347860825693155,0.7114046649150024,0.49578509776548246,0.21749676578374708,-0.35784894588821975,0.062318763156750875,1.0,0.045232596108994105,0.04421524716084081,0.043279331438746516,0.04016371581980295,0.032669209343687944,0.019292057536341226,0.23596862990581166,0.23664407468061927,0.24953343953154514,0.25041267495543523,-0.37531277973254273,0.2548747745429729,-0.017770390424660852,-0.017902264021175056,-0.018017482291422318,-0.018555726605253602,-0.020802782076581476,-0.024836177083792967,0.018051969715853943,0.017674439997071013,0.01723801990898079,0.016330187248031727,0.017742373358424914,0.01730668371642003,0.38671978356338665,0.20612477864201814,0.3673238003988983,0.355387737253613,0.029357625833977757,-0.37543083688499573,0.2780602723136288,-0.11069780956198941,0.22698001977133195,0.3037165560296104,0.08371818843348246,0.31899501359515087,0.039485434832665145,-0.5300784444659475,0.08084217812598161,0.006778943528002291,0.037879405129018065,-0.28545218013309054,0.06284790562732198,0.01758816673573843,0.03660199574056741,0.12126012747560753,0.028735689964092637,0.03847710805888476,0.2717650147131212,0.23495747519279872,0.20209608637887055,0.3103351079803058,0.15409706662918957,-0.03387267153975994,0.10272910837155387,0.08916615522625966,0.03569392455112717,0.046648566215814445,0.048942753994823965,0.0455216561533448,-0.016817315679599196,-0.6306472114373601,0.016897177595107723,-0.05279641440113165,-0.01823933754394772,-0.30724860559273076,0.0016995549981846042,-0.039796074875384835,-0.02181179162498376,0.2003390620379287,-0.027774400133370927,-0.014924706377617876,0.01943306537773909,-0.5418025605030045,0.07533612755468344,-0.040491945008544986,0.018547046242954966,-0.2985340374373188,0.05458236047367785,-0.018319384214191693,0.016590082945476325,0.11217693760099005,0.013283600727749945,0.024131243891614668
aqi_lag_1,0.01871578016149457,0.9968545395778758,0.6023601892071498,0.6292303641853307,-0.4401999356519118,-0.0003640092794922892,0.04435731691620988,-0.8313054344637778,0.005576936814983098,-0.0002342178552689652,0.0008635586918961596,-0.015173878426753605,-0.07453468807453591,0.7355995244735246,0.8689115354830698,0.01831274766229377,0.01916256470903493,0.020314065743352698,0.024817022558181016,0.031926860185220104,0.045232596108994105,1.0,0.9968535702651816,0.9936973059016965,0.9841789832914323,0.9649797016347544,0.9263041533973289,0.6026384127686887,0.6030086977109739,0.603239512637177,0.6050954850163166,0.6036945626172724,0.5976213584859524,0.6289933243654489,0.6271937919431148,0.6253900869787712,0.6199319518019057,0.6089057351639543,0.5867417755165886,-0.44000720724309067,-0.43795633355485175,-0.4358958791005395,-0.42966257598735985,-0.4170626413889228,-0.39167402969761544,0.028086357828204584,0.025793360105287665,0.025093931948068693,0.03542101497885698,0.04774090937598013,0.04725013415094623,0.030028255504162955,0.07196264548578404,0.1054792200877592,0.11491089613138744,0.06788459968824448,0.11701315800537901,0.9968013297222971,-0.20180887607847342,0.9929188227454449,0.9920619464147693,0.9907868466668162,0.010435520793396241,0.9857461337358743,0.9830652291883557,0.977601480694272,0.4407000521659548,0.9746610279805159,0.9683235639078517,0.6511561746783558,0.07687676644356975,0.6490217735717848,0.6324849450075575,0.7231237565314708,0.1816466272008841,0.7390350518573974,0.6910233411340398,0.7811793405615647,0.30471182784764617,0.7753202393684644,0.7609952899682085,0.6276836415909676,0.04808446348776001,0.6284516734403939,0.6229062967549255,0.6241598715799173,-0.021057040139793988,0.6272066362771554,0.6145229972415351,0.6169172415477201,-0.21845778436976837,0.626391593560282,0.5989474431529214,-0.4392691668141038,-0.2551543986416905,-0.43614740598212337,-0.4365843432155073,-0.43592121431199393,-0.04195582153486402,-0.4307328969880836,-0.4323646145033962,-0.42915372246275285,0.20120300810112043,-0.42350564571418253,-0.42664180323375916
aqi_lag_2,0.01881714406054506,0.9936992486458772,0.6021602375532218,0.629096654386168,-0.43995238596976904,-0.0007997228205169418,0.04552738979082298,-0.8314750317435692,0.008024996648504455,-5.526448090838143e-05,0.0012560809817616524,-0.017461911696372834,-0.07349784955082563,0.7359955201325299,0.8688218633937478,0.018528523783307077,0.01818587987131108,0.01919590040872192,0.023933789915637663,0.030593641037200893,0.04421524716084081,0.9968535702651816,1.0,0.9968525968335539,0.9873546137619813,0.9681783981699826,0.9295170315049988,0.6021785192937327,0.6024183109538613,0.6027168208019125,0.6042992845417967,0.6047709114371549,0.5982676307234751,0.6288597562903745,0.6286227970105187,0.6268237836266323,0.6213870706179428,0.6103819248405433,0.5882319351593166,-0.43976996156698767,-0.43957770208130986,-0.43752668743994083,-0.4313175207068997,-0.41873866359515616,-0.3933628091063606,0.027160109247732322,0.023586729696805437,0.02554755311418171,0.03372837493269844,0.04590951921865236,0.04503726063838587,0.031142099685111647,0.06966168230814618,0.10276054108160146,0.11195266467841199,0.06659460654185019,0.11425986327523602,0.9977887403974856,-0.20108161985221013,0.9926292422888934,0.9923482756116262,0.9927149310202005,0.01118576511152902,0.9854488487383826,0.9833620069324784,0.980172720651702,0.4414382295266856,0.9743487546893657,0.9686076847806367,0.6505457932872416,0.07766248753150484,0.64822569567123,0.6321765671369958,0.7226961897561789,0.18207847925506954,0.7382602011442497,0.6912241978660284,0.7812624450545115,0.3043435634469169,0.7752994315788795,0.7613267567968746,0.6286350913466712,0.04853973452138979,0.6290281893901666,0.6236603996885252,0.6254019992124653,-0.020711394143806523,0.6278041055199444,0.615300371415714,0.6182961264553937,-0.21836473713869603,0.6270334921422624,0.5997300111069841,-0.4403936148338779,-0.25431183980209404,-0.43718369739974566,-0.4369728317440802,-0.4373566819739202,-0.041047213350000646,-0.4317716446205535,-0.43280406132518745,-0.43075016561176815,0.20242309530218192,-0.4245108401905456,-0.42718039027216204
aqi_lag_3,0.01876548867549583,0.9905344641171444,0.6018635434926259,0.6289614413323725,-0.439692758035164,-0.0012120404014012395,0.04670094322977335,-0.8316447203713914,0.010472317637032246,0.00021283447101708473,0.001548765995946182,-0.019758314832609897,-0.07246822694282364,0.7363914525504962,0.8687317499623701,0.018629660877052073,0.018401420198709165,0.018219064020306996,0.02261028900095749,0.029247185863614893,0.043279331438746516,0.9936973059016965,0.9968525968335539,1.0,0.9905256661631037,0.971374312937253,0.9327294436580074,0.601978649170552,0.6019582650404718,0.6021267158825843,0.6034718577226122,0.6055238163983652,0.5986871934589286,0.6287261598987164,0.6284893423423251,0.6282524635360044,0.6228371740220822,0.6118575947277385,0.5897186579108221,-0.43952213078570024,-0.43934017530557024,-0.43914838467878736,-0.43296639668872533,-0.4204129350490828,-0.39505088350973266,0.026538978899167558,0.021305946435126635,0.025849208836525993,0.0324670957948182,0.04410991609170198,0.04307686489333942,0.0320113043850635,0.06737889032327053,0.10008281854336934,0.10890656308582415,0.06597950744975205,0.11151746822458994,0.9978429032794586,-0.20035210276905216,0.9923305992637578,0.9926287533133786,0.9941891355733908,0.011956400990238519,0.9851422700705771,0.9836580168905874,0.9824455087315598,0.44232727891868595,0.9740267252194911,0.968891270323334,0.6500292816945503,0.07826470099353022,0.6474515942046167,0.6318246496660268,0.7221842754971725,0.1821783377177699,0.7374868469817514,0.6911716463937824,0.781283669314126,0.3042350774185483,0.7751883893966153,0.7616578778242004,0.6293861343073084,0.048966497974813936,0.6296031728326371,0.6244094105148617,0.626513884034557,-0.02038026149273617,0.62840015844556,0.6160773004303761,0.619616235946847,-0.21829701262802986,0.627674206781747,0.6005120769232549,-0.44124431454525676,-0.25345233394273714,-0.43821166964119607,-0.4373494596391221,-0.43866668234338374,-0.0400819886234084,-0.43280868518315774,-0.43323157493394615,-0.43228482488029596,0.20361451922320378,-0.4255161048448749,-0.42770689884152036
aqi_lag_6,0.019616129559603207,0.9809945834024991,0.6011776276926385,0.6285559235232286,-0.43885507790086614,-0.0021410908148808624,0.050218451537855105,-0.8321543343468903,0.017809847588562605,0.001349524878444643,0.001802982575477985,-0.026649675719279925,-0.06937475255611093,0.7375797513325356,0.8684604992489677,0.018799331957048526,0.018421268671384557,0.01848281369542941,0.01910638794401254,0.026151682323789803,0.04016371581980295,0.9841789832914323,0.9873546137619813,0.9905256661631037,1.0,0.9809589467419058,0.9423659416813565,0.6011955039537591,0.6011600024905126,0.6011717464758894,0.6015797157283826,0.6060562498079249,0.6000004913082104,0.6283209220137524,0.6280858423567275,0.6278508804911184,0.6271426263519416,0.6162690305314079,0.5941755326886484,-0.43871329145032656,-0.43856260227049665,-0.4384017132159274,-0.43786155900713436,-0.42542183720778265,-0.40011330697511094,0.025992463454558568,0.018617854387465268,0.02702872992389136,0.031117230361196634,0.03962396621456382,0.037582347326202005,0.03466770848579305,0.06068560245635162,0.09243675258847654,0.09920781194040941,0.07085657555786512,0.10336571776808626,0.9915741427303039,-0.19894559347559135,0.9885240287668834,0.9900143945339345,0.9957770008783827,0.014274624029740264,0.9841787739344533,0.9845336547655905,0.9876996086791704,0.4452844855400165,0.9730147238365006,0.969737414217026,0.6489560205995502,0.0780487766437581,0.646510647505776,0.6307629437224356,0.7204819159723195,0.1821320076698663,0.7350588644000611,0.6896097521001251,0.781001254638322,0.30511858617626436,0.7741203727603615,0.7626455423051177,0.630009345372651,0.04927437107734266,0.6306372934366885,0.6257248304412029,0.6291129835602054,-0.019624100079956523,0.6301877517085605,0.6183757956972407,0.6231969042217004,-0.2181510748417568,0.6295956581467663,0.6028553120682045,-0.4416302141407142,-0.25191620435792855,-0.43997379999476754,-0.43781257353743885,-0.44161582160064894,-0.036942054202296765,-0.43589788848395755,-0.43445815782374,-0.4364977103520142,0.20770057804408096,-0.42852739160210745,-0.42923174234943223
aqi_lag_12,0.0276075313004452,0.9617806510729967,0.5986444729203637,0.6277405627740508,-0.43692075101057437,-0.002681219586537571,0.05724898630476226,-0.8331760287467781,0.032463851209909696,0.0027364706350517776,0.00013403141135260075,-0.040463714868822304,-0.06318739257946566,0.7399582504304499,0.867913162725967,0.02630815786301607,0.024942093419808922,0.023559480474130385,0.02021391033503409,0.01990674258584035,0.032669209343687944,0.9649797016347544,0.9681783981699826,0.971374312937253,0.9809589467419058,1.0,0.9616345456117434,0.5988117061813095,0.599009477632673,0.5990195579644404,0.5999469043760979,0.601670191898162,0.6022399000680804,0.6275071708747006,0.6272737232289894,0.627040197050967,0.6263385959332191,0.6249281861754384,0.6030679837119297,-0.43683346727605576,-0.4367385730188981,-0.43663465413804253,-0.43626962616112835,-0.43529297689914737,-0.41022149333037994,0.03300005529928538,0.025725726906299616,0.03195418857995806,0.040080018195925424,0.041722102804072854,0.04254526257923634,0.04061269585826101,0.06482387152085681,0.08307955587320895,0.0856890315647058,0.08209242522488108,0.0928639917400134,0.9723803043646866,-0.19930258346776347,0.9693039299873165,0.9709325441039713,0.9846836417882593,0.01790678033902987,0.9792611567526983,0.9827142992837131,0.9917205157642542,0.4514418726115641,0.9708533618178072,0.9714099787131192,0.6472451907722252,0.07461895605905695,0.6457844912120333,0.6279384705946849,0.7182434946035059,0.1777941332037953,0.7334286552272073,0.6867422895399976,0.7791835606262545,0.3077893497550652,0.7714997506882632,0.7641831389635163,0.6292763414211656,0.046873756990408855,0.6299401319266584,0.6248012293173704,0.6308439355699018,-0.01993061485978159,0.6330692323483225,0.6219023428396705,0.628697925557042,-0.21809812626923888,0.6334303867928004,0.6075120610103332,-0.43988245139092036,-0.25259651161945496,-0.4381584927989374,-0.4360370202604144,-0.4428372310030266,-0.03244424380683139,-0.44061717030678516,-0.4360234228112887,-0.44269718696688937,0.2173682390808601,-0.4345246769455951,-0.4320202765552713
aqi_lag_24,0.04046929831421612,0.9230918945230763,0.5945472094074395,0.6258947705679807,-0.4321713454886914,0.00012340644000915046,0.07149345435732779,-0.835229283635682,0.06169133160059081,-0.00033362168345939757,0.00040717521712187036,-0.0689679027117668,-0.05120573824502885,0.7447155616589123,0.8667634182562892,0.03998742207814427,0.03943323932482698,0.0385552482840838,0.035677722092469215,0.028964416994354793,0.019292057536341226,0.9263041533973289,0.9295170315049988,0.9327294436580074,0.9423659416813565,0.9616345456117434,1.0,0.59451967303807,0.594587802490525,0.5947878218389648,0.5960198430547511,0.5975239610961122,0.6010237907786996,0.625696124677985,0.6254951273001675,0.6252881573209756,0.624653126296812,0.6233211232453454,0.6205202393646203,-0.4321579483214379,-0.4321440866341724,-0.43212803311478243,-0.4320564619897313,-0.43173643933131445,-0.430176088150678,0.05184128202741942,0.0368194544734991,0.04758861301921773,0.06009296363374831,0.06538351912318073,0.05558130477897614,0.0541644859210781,0.08861819529205013,0.09473407182771407,0.0889727361981571,0.10543713201083947,0.09587349391230243,0.9336722935246015,-0.200564095678509,0.9305921344903327,0.9323397651372454,0.9459276956786509,0.015689591048160804,0.9405242483802428,0.9443182535379119,0.9705229427964762,0.46200703711144825,0.963440227688656,0.9710966792456813,0.6434673836188801,0.08079542477528653,0.6397659177808361,0.6249212979177082,0.7157284816723396,0.1825599049936039,0.7295697489111246,0.6836727685719886,0.7745501989907939,0.3060635913927046,0.7672941060894078,0.7618558163325415,0.6276692970494873,0.04284083789380654,0.6283706767427192,0.6228278286446198,0.6294680041370364,-0.03033574068482074,0.6318348807501766,0.6197022940751371,0.6325523282432604,-0.21951429569514647,0.6402879821019208,0.6154512453339408,-0.43541590396896085,-0.2542314182490753,-0.43354665935621606,-0.431553652844813,-0.438757953910335,-0.03701939118766087,-0.43624265963729475,-0.4318554324910977,-0.4452395553645261,0.23400744416949176,-0.444873214081695,-0.43587263190007935
electricity_demand_lag_1,0.24380586067380985,0.6032286929090622,0.9534884952714076,0.5656088616595878,-0.40763351079303506,0.17793913989278237,-0.10686990077098688,-0.5549066439848543,-0.1550094628023799,-0.211573095699256,-0.4952767447608734,0.10808507431850274,-0.07412080971136548,0.6260692342020309,0.5454660589208234,0.2549484256212315,0.27281545488895426,0.2703916678584546,0.061945690823179224,-0.40718647983438694,0.23596862990581166,0.6026384127686887,0.6021785192937327,0.601978649170552,0.6011955039537591,0.5988117061813095,0.59451967303807,1.0,0.9534759263729925,0.8798863661402612,0.5959054951250891,0.2668336403618309,0.8686588730560089,0.5655502699805228,0.565477245698834,0.5652976301626961,0.5648370384092835,0.5596768144925542,0.5415281767688682,-0.4083010827338397,-0.4091228774937445,-0.4103838460320696,-0.41345781492413597,-0.41502541346070937,-0.40726307121885297,0.2829310095649345,-0.12762365738420295,0.39279412994170676,0.16102673258732722,0.037330793176446386,-0.09395191460097807,0.013813111700234245,-0.07667891504638635,0.08513234599011393,0.13801616197988986,0.09311036287375071,0.14383763241182912,0.601068587517726,-0.32309189917427805,0.6159103830151845,0.5889849378416632,0.5990103761557598,-0.25318143015563166,0.6213522024533058,0.5822491959643168,0.6031180070204839,0.40164997065513625,0.5974873696422552,0.6051752619449279,0.9375321383103622,0.2744876192084986,0.8583207316488337,0.9325031871825542,0.7607938598466584,0.48834141101534817,0.6939534770961096,0.821891130295528,0.7203573701462563,0.33988349228480164,0.7081546471672009,0.7289625455690625,0.567071546013087,-0.2317033264213998,0.582096179045042,0.5490588311382333,0.5675009730134174,-0.3068460162867358,0.5888353402243685,0.5392761449530488,0.5618063040895681,-0.05256337207786402,0.563462384319356,0.5517389538901647,-0.41207848076789116,-0.3864701207644103,-0.38757332065595584,-0.4332994198037868,-0.4168303945120341,-0.31949347097424,-0.3784911776336212,-0.44823617702312135,-0.4255850639855687,0.23595808697619294,-0.4186993305824704,-0.41511433503180223
electricity_demand_lag_2,0.2433823830986809,0.6035315189264921,0.8798935206067086,0.5655627273525671,-0.40704623415540486,0.24560394633917176,-0.0975732424266654,-0.5546322193648977,-0.14832277936902508,-0.32974608823606083,-0.4355111140499961,0.1040665140540276,-0.07840957426062117,0.6260999394199236,0.5452125348497544,0.24369555711218505,0.2548480225558904,0.2727758100952435,0.16167509410394948,-0.3882491077619583,0.23664407468061927,0.6030086977109739,0.6024183109538613,0.6019582650404718,0.6011600024905126,0.599009477632673,0.594587802490525,0.9534759263729925,1.0,0.9534696998236886,0.690676737719874,0.28899601708480566,0.803563301108063,0.5655928612543509,0.5655339596806038,0.5654607432386795,0.5650714773289721,0.5607007186645255,0.5429096060937829,-0.40756941359934,-0.4082369950203951,-0.4090587624317642,-0.4122652183853914,-0.41524217536795993,-0.4083275430575562,0.3007774951713541,-0.16013729800669807,0.45157847647952165,0.16934454498313387,0.12862587098410566,-0.15698468060339169,0.10763805020894529,-0.0392289546517765,0.08616784108726128,0.13169475006683184,0.09214243809482452,0.137244858151812,0.6014306435766393,-0.31374155829489475,0.6154231704288042,0.5898508292668063,0.5988803230355705,-0.3279938642739994,0.6278727702220693,0.5761240952284615,0.6025952124833653,0.39966791513647953,0.5973204623816202,0.6061210543033388,0.9739503084795517,0.22988918624533125,0.9062152294379546,0.9354304342677184,0.8206319050849586,0.49484672567723553,0.7228464541560781,0.8428911883619932,0.7246753746888306,0.34775079899546063,0.7085626916420126,0.7272067267097426,0.5670377648050265,-0.2144833561993266,0.5809227322581632,0.5502743827748628,0.5680743224961068,-0.3876254306259452,0.5955462415652615,0.5334694545492854,0.5628454562144755,-0.06812870977491718,0.5637509118490318,0.5527117047342388,-0.4111893200903063,-0.37632964942165753,-0.3882273412255967,-0.4308623436915433,-0.41602837823734024,-0.39678953073505563,-0.36844673227179464,-0.45789708709279836,-0.425122478303158,0.23079843322865465,-0.42007542203342885,-0.4141945919171932
electricity_demand_lag_3,0.25552567487552574,0.6040189632431984,0.7918550488938954,0.5656398937659629,-0.40678555977873115,0.3260604289469,-0.08723255571983964,-0.5544630366128304,-0.14012855880565464,-0.42214164714717534,-0.3396985745762478,0.09969886665257852,-0.0827960169207632,0.6261157415661386,0.5449879832659561,0.24335998526335914,0.24367128400824625,0.25482648353754367,0.2342717522677203,-0.3264262028046627,0.24953343953154514,0.603239512637177,0.6027168208019125,0.6021267158825843,0.6011717464758894,0.5990195579644404,0.5947878218389648,0.8798863661402612,0.9534696998236886,1.0,0.7917741420364871,0.3286931342465115,0.7238239659652288,0.5655599050864525,0.5655901768496246,0.565531235205845,0.5652048197492289,0.561601452914986,0.5441161448309565,-0.40703750990174314,-0.4075606009961653,-0.4082282084766969,-0.4111540919513751,-0.41556173498839394,-0.40915606392705783,0.30685532559901707,-0.1683111913839576,0.4735514769894302,0.18029747689106043,0.21205431121813126,-0.22009385511501137,0.20601765218742144,0.0023294600866450898,0.08707055753157167,0.12252196667068041,0.09127345419897465,0.12765044403900289,0.6018030150382941,-0.3183625115377247,0.6158266903898588,0.5899222530933275,0.5990393091854515,-0.3794320932680933,0.6326409063122619,0.5720752536220974,0.6019232418920337,0.37273021446130206,0.599058349183142,0.6052581494028104,0.974710391929932,0.1671795402403962,0.935741084492625,0.9097243469591777,0.8683863516899446,0.4627763701952865,0.747375653485765,0.8409462660287389,0.7289990004264517,0.35253702641680956,0.7086001640436072,0.7227088550333979,0.5669501526996328,-0.20742924283291403,0.5800235290788599,0.5512702771363743,0.5684756279674904,-0.43665397395169503,0.5998222269573736,0.530464342190523,0.563914902245251,-0.09979541296122404,0.5654721376215011,0.552800132553273,-0.41036166506908006,-0.3798553631385425,-0.3880669498684837,-0.4298482108982065,-0.41532587671281995,-0.4478694155908743,-0.36200608883481283,-0.4640046243010327,-0.4245871031711764,0.2033245591025413,-0.41889392358430927,-0.41623621000163796
electricity_demand_lag_6,0.25149214015251636,0.6059740626191793,0.5132966662858041,0.5657718519778097,-0.40608219762381786,0.4295209568692474,-0.041142146128755455,-0.5540507309095216,-0.10490892344440411,-0.5256520869823561,0.07891197796755459,0.0804384333627426,-0.10343215450913124,0.6264028531223075,0.5443928269910404,0.27105382027868297,0.2695923690455595,0.2554679202485368,0.2550946763078702,-0.045207324578875815,0.25041267495543523,0.6050954850163166,0.6042992845417967,0.6034718577226122,0.6015797157283826,0.5999469043760979,0.5960198430547511,0.5959054951250891,0.690676737719874,0.7917741420364871,1.0,0.5118612316189838,0.4681853392830552,0.5657187569512568,0.5656637901217616,0.565502237348873,0.5653949240872921,0.5644272663971125,0.549695517782008,-0.40630337027427776,-0.40646043893353817,-0.40656359653041046,-0.40800552862685174,-0.41440140263053565,-0.41155769068046516,0.3182307092559001,0.036890219586457065,0.3724440425360119,0.2622446982557761,0.3888960501454532,-0.31176826436109417,0.47250958863503323,0.13634903800554732,0.08890400631671645,0.08926774489985084,0.07789820067697945,0.0978957780702871,0.6039588550121896,-0.28549600816678,0.6144475142187539,0.59393604076803,0.6010784943028958,-0.32954398626662784,0.6302949815972169,0.5770951289945387,0.6004498208381497,0.26800930756584274,0.6045814643924486,0.6030659129907986,0.794128208367856,0.06081434645481394,0.8177131049654822,0.7384571157092633,0.9238240324266861,0.2861976088956485,0.8039358929501977,0.8007411925869686,0.7414352478713419,0.34781248363267003,0.7097688922592595,0.711134690154257,0.5665211593932362,-0.1364099199435224,0.5749854186390585,0.5564984488791714,0.5683347038735967,-0.37380121742554456,0.5955488930856725,0.5366966564986078,0.5667507033210872,-0.21417908030236804,0.5703480899162808,0.5539759755284434,-0.4085337010702057,-0.34210475818783165,-0.39200807486807626,-0.42204723501363933,-0.4130220429636151,-0.3917430230681243,-0.3686534275488003,-0.45434327643015565,-0.4223795675180476,0.09946315583623797,-0.41493810387142205,-0.4216411276475869
electricity_demand_lag_12,-0.38693789531498596,0.6028485823608674,0.26354084300896474,0.56034638411775,-0.4024804734215785,-0.10093700766696612,0.03999482133226055,-0.5526374928526435,-0.03824763717231705,0.07744751043186308,0.5253325339601618,0.0457098596912831,-0.13733268264325368,0.6262178943543035,0.5435311305155724,-0.29422952084879167,-0.1645696352223011,-0.021872854653726855,0.25194714740638235,0.2560605640909402,-0.37531277973254273,0.6036945626172724,0.6047709114371549,0.6055238163983652,0.6060562498079249,0.601670191898162,0.5975239610961122,0.2668336403618309,0.28899601708480566,0.3286931342465115,0.5118612316189838,1.0,0.26235515268564014,0.560933146120837,0.5616615179996705,0.56237730666212,0.5635799919595553,0.5632094110978568,0.5562906386336276,-0.40254540787849163,-0.40279048416915963,-0.4029759509524674,-0.4036597258556464,-0.40557712957027764,-0.41191907050422494,-0.09982600001653565,0.1268280668348847,-0.19455059535953814,-0.01927592129359789,0.17665693831867954,0.20373978770802303,0.07748440428192264,0.24030825895090252,0.08563369929178505,0.0322937393206276,0.021765383816101457,0.02665572003327226,0.6077596888980782,0.14423899653177732,0.584913859479986,0.6246044206830295,0.6073120660298323,0.144518083696181,0.5919666984839019,0.6145366629253174,0.6020212601766178,0.1862996383015155,0.6062105083027993,0.6000569632244114,0.3521591887813634,-0.07879682232027865,0.42688093096358704,0.31242104692023986,0.638789528067788,0.06570314542493494,0.7227898591892531,0.5947875084327396,0.7541934075026321,0.30406161693089023,0.7205262854827725,0.7078935819479588,0.5625466574099461,0.340153371432475,0.5450973382238725,0.5793191361412416,0.5645720818225752,0.12861690414151694,0.5537715983344417,0.5716649559646773,0.5679743027800823,-0.3397795694464652,0.5738743982427648,0.5515188489372101,-0.40691956333178037,0.0959763907740075,-0.43495436097281837,-0.3723688599469281,-0.40986108640828656,0.10056002604249874,-0.4252783187690291,-0.38636815759438975,-0.417397048108263,0.007630316749552873,-0.40885743514532474,-0.4234940460181108
electricity_demand_lag_24,0.235502502193075,0.5970340134106771,0.9032474123043116,0.5570296475372966,-0.39411827201345156,0.10390507709370923,0.11651037163090766,-0.549969369153622,0.03881349454537777,-0.07682153249089316,-0.5251373337717404,-0.015042241107136423,-0.1617981773316549,0.6282697600772094,0.5425641059288518,0.2522327029349931,0.24945443428651815,0.21343757468698413,-0.064138082579562,-0.38612656131622425,0.2548747745429729,0.5976213584859524,0.5982676307234751,0.5986871934589286,0.6000004913082104,0.6022399000680804,0.6010237907786996,0.8686588730560089,0.803563301108063,0.7238239659652288,0.4681853392830552,0.26235515268564014,1.0,0.5572559120126036,0.5574831361147493,0.557726427734858,0.5581641780866855,0.5590958783660824,0.5619531964332977,-0.394499175670896,-0.39532970528779277,-0.3961715991053789,-0.3981934333743511,-0.4003780138686684,-0.4034826174321413,0.21811580195661434,-0.08028858288606591,0.2763484266202801,0.11892896316789515,-0.09179128731116923,-0.06596423430721468,-0.09503935601318812,-0.15574867402743842,0.05566033048595481,0.12319712452338895,0.055363616028363025,0.12629898975464732,0.5971922589468599,-0.32690540122586237,0.6117275226972868,0.5850875604857988,0.5979244247998969,-0.15066657220393176,0.6103287775739494,0.5893227155516615,0.6073580810028703,0.40730075376915764,0.5959849552125577,0.608386629192046,0.7956607278369217,0.27601646442234323,0.7204595222983815,0.8164830715690404,0.6341649652717822,0.3630030379143407,0.6226558660930429,0.6984288867903949,0.7070786861412638,0.21033806542799802,0.723772582827668,0.6923311693894219,0.5596002272079493,-0.24698077947125363,0.5745960058563394,0.5410094712542339,0.5612203444186216,-0.19535604081027547,0.57449248924432,0.543222115317012,0.5636999590297518,-0.022868639013195607,0.5658659768161743,0.5616530971320839,-0.39788102504010836,-0.37935101075850153,-0.3735763062932628,-0.4189528342962657,-0.4021075713777272,-0.21379128448451878,-0.3790404648836607,-0.41922316878881577,-0.4125039207323353,0.25485736127996794,-0.4145299451678125,-0.39990578740777966
temperature_lag_1,-0.024527004736668294,0.6275639941983435,0.5654979433332945,0.9977017924401436,-0.7676199985237079,3.3212977117433426e-05,0.002973560442237897,-0.5338760257824428,-0.012734331701272588,1.4446707376854372e-06,-3.3227426966765057e-05,0.004847275607097304,-0.04570287826720914,0.8655663550084237,0.47020039187111295,-0.024583062893356,-0.024374617789629047,-0.024100243040388842,-0.02312370930093341,-0.021189672235402905,-0.017770390424660852,0.6289933243654489,0.6288597562903745,0.6287261598987164,0.6283209220137524,0.6275071708747006,0.625696124677985,0.5655502699805228,0.5655928612543509,0.5655599050864525,0.5657187569512568,0.560933146120837,0.5572559120126036,1.0,0.9977019857894257,0.995404234010846,0.9885125530566141,0.9747362739719664,0.9472120312171115,-0.7698152957029604,-0.7676812011407772,-0.7655445313383714,-0.7591164460495294,-0.7461790170993068,-0.7200512031674319,-0.03056287810596257,-0.022387300072517862,-0.027051610675657065,-0.034467128832127464,-0.04415787629254338,-0.03702575342845251,-0.033533379322200234,-0.046268234996902094,-0.061297237784013185,-0.027615240023444034,-0.07108697191531968,-0.03750188759794134,0.6301887510740568,-0.23241355401799169,0.6248153178159312,0.6314187153993223,0.6317928613000191,0.015051545584238173,0.6208157896703236,0.6354432605198116,0.6343752931188016,0.46947382261682724,0.6136025130970995,0.6444444798466642,0.6045543777869355,0.015340300715345177,0.6313840760633864,0.5669254830559416,0.6584131293579536,0.059133336431120155,0.7299677459599727,0.5894707340955803,0.7436402150148423,0.030520468451425236,0.7506362085146231,0.6510843497559101,0.9978827339448801,0.017888558333318257,0.9950650993569984,0.9941201187310378,0.993493760369491,0.003444742038464026,0.9904415937318716,0.9875323438200133,0.9840530816064086,-0.16879376367502227,0.9842405871762305,0.9770919377270573,-0.7708383536602388,-0.2997749172116398,-0.7649147906589366,-0.7654133578730352,-0.7700920213894518,-0.0646935014231519,-0.7606891793694175,-0.7623362761186077,-0.7678709594740121,0.2823170172549412,-0.7586261221750192,-0.7622040604998318
temperature_lag_2,-0.024479817474194494,0.6257597701978785,0.5653187909712808,0.9954038482755992,-0.7654342092796282,6.353786029372921e-05,0.005616142325206202,-0.5331905532939999,-0.01025660960481897,-2.889341067265931e-06,-6.356550347985048e-05,0.0030559695537619846,-0.045654823689166665,0.8652643182993223,0.46930103019173897,-0.0245160005807848,-0.02457830967253831,-0.024385923086370626,-0.023422775175136804,-0.021586326782563614,-0.017902264021175056,0.6271937919431148,0.6286227970105187,0.6284893423423251,0.6280858423567275,0.6272737232289894,0.6254951273001675,0.565477245698834,0.5655339596806038,0.5655901768496246,0.5656637901217616,0.5616615179996705,0.5574831361147493,0.9977019857894257,1.0,0.9977021781754112,0.9908102814295671,0.9770335453205371,0.9495082867519842,-0.7676245563239349,-0.7698199310879205,-0.7676856379652226,-0.7612654477955448,-0.7483447687958286,-0.7222404806200476,-0.03079149460061469,-0.02289311316253088,-0.027189350052680004,-0.03495248438927833,-0.04465817232520893,-0.037520647795980105,-0.03375593284367593,-0.04687952267807388,-0.0621008065639804,-0.02849631907042247,-0.07166311587921265,-0.03834706684172901,0.6293057266476376,-0.23251142316384554,0.6238132191749682,0.630376234237562,0.6311432671143691,0.014781420011895757,0.6198078286055264,0.6344016637059027,0.6339207569363059,0.4690017116147486,0.6125918890962654,0.6434191872477797,0.6045073242915514,0.015213045066977541,0.6313585271982425,0.5668306629447688,0.6585223731329944,0.059683414706713594,0.7300028249745826,0.5899533652320323,0.7439022670263797,0.03069186007363495,0.7508021387843469,0.6512330373688275,0.9986089835249476,0.0182254440985068,0.9947575424519685,0.9944355695729122,0.9950378451804207,0.004145972582335493,0.9901323940902517,0.9878586695150134,0.9860245763268629,-0.16719670688390315,0.9839279349170926,0.9774402073087223,-0.771538326955392,-0.2996781749453582,-0.7651457811699087,-0.7651270560424993,-0.7715505511747758,-0.06440263074452152,-0.7609035265796774,-0.7620600592395529,-0.7697640363735243,0.28298947586353057,-0.758807272870972,-0.7619477169684213
temperature_lag_3,-0.024428032424551962,0.6239440842769841,0.5652461100992439,0.9931061674853138,-0.7632455845634343,9.097465102901301e-05,0.00825830764517841,-0.5325056099616466,-0.007778888231925533,-1.4446703339688027e-05,-8.812489037209697e-05,0.001263836930546995,-0.04560685059018274,0.8649624787023003,0.46840198608947725,-0.02446886427812136,-0.0245113382516274,-0.024589701391052547,-0.023790213089946558,-0.021999199298904724,-0.018017482291422318,0.6253900869787712,0.6268237836266323,0.6282524635360044,0.6278508804911184,0.627040197050967,0.6252881573209756,0.5652976301626961,0.5654607432386795,0.565531235205845,0.565502237348873,0.56237730666212,0.557726427734858,0.995404234010846,0.9977021781754112,1.0,0.9931078902893976,0.9793307028097057,0.9518044397349507,-0.7654386708238129,-0.7676290924210849,-0.7698245448414045,-0.7634127238075072,-0.7505077228601161,-0.7244290159758654,-0.03089693265076059,-0.02337876593862396,-0.027258500746907922,-0.03523975720078308,-0.04516236565332713,-0.03797156823715883,-0.033894988524689966,-0.04749162944040599,-0.06290199217651427,-0.029385619634882974,-0.07207742049876378,-0.039192923251356246,0.6282158674727969,-0.2325999263988818,0.6227990188545188,0.6293337054741163,0.6303905520102404,0.014493018919114595,0.6187870961127683,0.6333600166440485,0.6333683340218456,0.46843010294361787,0.6115669760784342,0.64239156065817,0.604453963105526,0.014707847560770546,0.6312976726580869,0.5666704610057807,0.6585771681195955,0.06008410369656826,0.7299654336902097,0.5904233155397612,0.7441216977820849,0.030914983674989054,0.7509189861248038,0.6513814130436343,0.9985998569721339,0.018540565719284415,0.994450113256579,0.994751034358305,0.9962037421375814,0.004775069503277688,0.989823324043718,0.9881850114086885,0.9877941916717272,-0.16568212115484934,0.9836154160343841,0.9777884976078165,-0.7715020866809101,-0.2995809582515772,-0.7653740208974631,-0.764839296530607,-0.7726559522856855,-0.06411018276341665,-0.7611155919045444,-0.761783934169071,-0.7714758159779246,0.2836659116924818,-0.7589869639418392,-0.7616945643067
temperature_lag_6,-0.024197749289294475,0.6184717568136344,0.564601270226695,0.9862147051495511,-0.7566464680907955,0.00015595648280049087,0.01618230446957824,-0.5304539548365562,-0.00034572822881774113,-8.090150663314237e-05,-0.0001256862692336319,-0.00411752051833457,-0.045463420162879714,0.8640581425553943,0.46570675916214577,-0.024314068341770433,-0.024360874268118355,-0.02442405507477278,-0.02468668683407451,-0.023016222071400614,-0.018555726605253602,0.6199319518019057,0.6213870706179428,0.6228371740220822,0.6271426263519416,0.6263385959332191,0.624653126296812,0.5648370384092835,0.5650714773289721,0.5652048197492289,0.5653949240872921,0.5635799919595553,0.5581641780866855,0.9885125530566141,0.9908102814295671,0.9931078902893976,1.0,0.9862214923305795,0.9586922835820564,-0.7588555081398385,-0.7610607856591747,-0.7632586192174081,-0.7698382563136107,-0.7569830799558895,-0.7309803373132577,-0.030905515809815265,-0.023651255374942937,-0.027358055432504736,-0.03530649611746451,-0.04652103098118937,-0.03929179087485117,-0.03431401032832645,-0.04933441338569873,-0.06522835025286731,-0.032099530550907036,-0.07299137958600638,-0.04173520258424475,0.623455448826554,-0.23248257645924247,0.6189251453766921,0.6254525472371696,0.6274115154795429,0.0135895551134337,0.6156994289307895,0.6302333157129935,0.6312790271660691,0.4665176092467662,0.608466714519742,0.6392947983779655,0.6040758896359272,0.015416710181475956,0.6307491160717943,0.5661886621844325,0.6583757959641876,0.06035132645686697,0.7294773421571892,0.5905364931276527,0.7445598917766444,0.031920121383457074,0.7510963217356821,0.6518246684541688,0.9941086347673254,0.019266466359752515,0.9915355448953183,0.9930879648953268,0.9973273029513785,0.006475151957736675,0.9888968914459322,0.9891641343114235,0.9919358832712458,-0.16158802363214,0.9826786596158024,0.9788334928413172,-0.7670376062162306,-0.29885277183669423,-0.7636129583541575,-0.7620620315802148,-0.7736212322901493,-0.06324753746735474,-0.7617372126831852,-0.7609197451521642,-0.7754453493805443,0.28576001237948284,-0.7595102080360547,-0.7608959202174037
temperature_lag_12,-0.023823825224821207,0.6074290256945952,0.5586204836946886,0.9724388887430123,-0.7433149543734507,0.00020794182926641422,0.03201905418880558,-0.5263649309315097,0.014520575289409683,-0.00020514296029394152,-4.622939950286006e-05,-0.014902554966014009,-0.045178759179737696,0.8622547919063585,0.46032487876747996,-0.023884327339449198,-0.02394452153229693,-0.024004212649013743,-0.024291977183547822,-0.024804090089590506,-0.020802782076581476,0.6089057351639543,0.6103819248405433,0.6118575947277385,0.6162690305314079,0.6249281861754384,0.6233211232453454,0.5596768144925542,0.5607007186645255,0.561601452914986,0.5644272663971125,0.5632094110978568,0.5590958783660824,0.9747362739719664,0.9770335453205371,0.9793307028097057,0.9862214923305795,1.0,0.97246520520453,-0.7455528386515939,-0.7477847373315194,-0.7500150243993176,-0.7566706281934577,-0.7698650952162922,-0.7440361418228452,-0.030510777079922658,-0.023201799190215287,-0.02703319205542593,-0.03491569016453533,-0.04699616824643046,-0.03994954524249121,-0.03499416374251475,-0.049674681147049975,-0.06899545275881513,-0.03567381946059854,-0.07447029154588082,-0.04427703547978319,0.6124598829705276,-0.23101927143155435,0.6078448707987463,0.6145804292146186,0.6181276667017481,0.01250639495785546,0.6086052967280781,0.6232462547423903,0.6254429321412892,0.46255946490812977,0.6021350572153018,0.6330738715756067,0.6001423417851213,0.007882819514135555,0.6291129417737329,0.5608670722805941,0.6563200676737309,0.05259555341063017,0.7285139133196413,0.5862065712860177,0.7438740801435526,0.03466091616907106,0.7508283191255593,0.6518415706925467,0.9803171114260967,0.019144225427882005,0.9777401097680108,0.9793295540692724,0.9895100012620989,0.01025727610590749,0.9850528994368082,0.9885074496056011,0.9948081404369018,-0.15454938617671027,0.9808087475509096,0.9809240431061771,-0.7536424603449062,-0.29572038670671735,-0.7503020492053333,-0.748858562723419,-0.7656349489539844,-0.061618692410750714,-0.7604971831353238,-0.7572010886518952,-0.7779505650293844,0.2899579425599198,-0.7604884513218686,-0.7591828823374349
temperature_lag_24,-0.02291653498186192,0.5852511302402863,0.5403178412293486,0.9449156731093654,-0.7160983413774367,0.0,0.06364759619145333,-0.5182440236808314,0.044253133443323205,0.0,0.0,-0.03656191424777645,-0.04461823635306653,0.8586693750693014,0.4495954055629151,-0.023000969795458716,-0.023122349775115836,-0.023202998417217582,-0.02349520717415769,-0.024045536236186427,-0.024836177083792967,0.5867417755165886,0.5882319351593166,0.5897186579108221,0.5941755326886484,0.6030679837119297,0.6205202393646203,0.5415281767688682,0.5429096060937829,0.5441161448309565,0.549695517782008,0.5562906386336276,0.5619531964332977,0.9472120312171115,0.9495082867519842,0.9518044397349507,0.9586922835820564,0.97246520520453,1.0,-0.7183972795209499,-0.720692990845458,-0.7229828145208196,-0.7298218804283345,-0.7433555898991903,-0.769916436897895,-0.029983509111417162,-0.022973036981171036,-0.02663292463357445,-0.0344113258547485,-0.04649268288813623,-0.040029638386208544,-0.03428974184718788,-0.04992034929117669,-0.07218220588394815,-0.03895199349906477,-0.0772613138238588,-0.04772021819476946,0.5903158705417713,-0.22811105777928506,0.5856053698084187,0.5925226349012284,0.5960320826815261,0.014996365285803758,0.5862883010513097,0.601455987467685,0.6069751851938114,0.45645700456418437,0.5884788351462862,0.6198591573098333,0.5819944142804484,0.014861223473008778,0.6075072004387375,0.5453800177489114,0.6397089662390975,0.0498246411918255,0.7138641168263945,0.5728067788287226,0.7334442732432255,0.008685204988361851,0.7483229584661845,0.6413440345333395,0.9527630104832839,0.018899750285571067,0.9501755740479138,0.9518427236989967,0.9619249703281074,0.01641414697825266,0.9574397596246562,0.9610639062213769,0.9800284705576078,-0.13994882221160287,0.9750850732062513,0.9824806248249709,-0.7263095207343687,-0.28943466114649796,-0.7231388557370614,-0.7218805935052436,-0.7381532318159167,-0.06034080185256604,-0.733383542420556,-0.7305085243526467,-0.7623689203522449,0.29837161709753773,-0.7597996518566253,-0.7532932668158453
humidity_lag_1,0.015973789990567804,-0.43838616749051024,-0.40921474900549737,-0.767676742613477,0.9922308263381286,0.002502327608210457,0.01685117505147289,0.5099372170117151,-0.008282610589846931,-0.002488849362175052,0.0003055924087215169,-0.02380146956282292,-0.02628372209634625,-0.6642013433877676,-0.4030562787844863,0.01698520066148338,0.017615188612247513,0.018104637234952252,0.018185962499221088,0.017606162714835377,0.018051969715853943,-0.44000720724309067,-0.43976996156698767,-0.43952213078570024,-0.43871329145032656,-0.43683346727605576,-0.4321579483214379,-0.4083010827338397,-0.40756941359934,-0.40703750990174314,-0.40630337027427776,-0.40254540787849163,-0.394499175670896,-0.7698152957029604,-0.7676245563239349,-0.7654386708238129,-0.7588555081398385,-0.7455528386515939,-0.7183972795209499,1.0,0.9922309170220501,0.9844446875325356,0.9609844793347825,0.9136827158572751,0.8181099806852418,0.023317485722503545,0.01842670538379171,0.01983950698793278,0.02731132376544467,0.0339560912219348,0.029486559539234944,0.02286486513508857,0.04321025800386457,0.054900428258732516,0.055741025937436246,0.047116439478541564,0.057933738411405075,-0.4402950186018823,0.24595203759052453,-0.4346806262715422,-0.4425797669381972,-0.44060120286488574,0.005494613696024494,-0.42921792932894753,-0.44575644467113007,-0.44018687354066716,-0.39688572388070187,-0.41807779402277173,-0.45042012404754855,-0.43828926470221663,0.001980466397777893,-0.4576016460665804,-0.40864849375156,-0.47931612547258523,-0.025728885015572158,-0.5342513968082234,-0.42550384845468503,-0.5261483367145761,-0.0020435965902085456,-0.5555775420967528,-0.4593071948127536,-0.7678489812965774,0.0028209431527812124,-0.7669034748506398,-0.7623966335363562,-0.7636088915695948,0.0036820026501703435,-0.7645802978238775,-0.753615664192405,-0.754034162718999,0.19177302220590822,-0.7629585804807807,-0.7373357164880777,0.9931171529554711,0.29308121666103615,0.9819276399384157,0.9811905164473489,0.9783569615741488,0.05895231042950643,0.9627939945173752,0.9610268976166202,0.9455823288828368,-0.33240993995011014,0.9322628842625771,0.9296959042428603
humidity_lag_2,0.014952213799400373,-0.4363258539888496,-0.41047589417085123,-0.7655402713663942,0.9844445067457426,0.0017378845964640193,0.01627651149985907,0.5089341613936529,-0.007099169384033674,-0.002371013757997344,0.0010489148745191248,-0.02418156567501427,-0.025261142410606396,-0.6637247522099143,-0.40198345952665626,0.01596894771956312,0.016986929320136675,0.017630067812219038,0.018380448078656086,0.01751895295405644,0.017674439997071013,-0.43795633355485175,-0.43957770208130986,-0.43934017530557024,-0.43856260227049665,-0.4367385730188981,-0.4321440866341724,-0.4091228774937445,-0.4082369950203951,-0.4075606009961653,-0.40646043893353817,-0.40279048416915963,-0.39532970528779277,-0.7676812011407772,-0.7698199310879205,-0.7676290924210849,-0.7610607856591747,-0.7477847373315194,-0.720692990845458,0.9922309170220501,1.0,0.9922310071246468,0.9688210922113389,0.9215966362188199,0.8261028498762839,0.02264418366258205,0.01867130504639661,0.018839457399556076,0.026849507462862694,0.0335865781437283,0.029751812386515943,0.021926399311270373,0.04298461892145419,0.054736630424775785,0.05574023228511215,0.0466389323711562,0.057733254500733557,-0.43945924742761916,0.2450797967086527,-0.4334040618936771,-0.44164220171520446,-0.43999577122860223,0.004731242306429133,-0.427931398039648,-0.44489197040001616,-0.4398426685451663,-0.3977978210386299,-0.4167713078339971,-0.44967040968747435,-0.4389225262995955,0.0026288604501974,-0.4583482618779935,-0.4092638104620316,-0.47973272727716615,-0.02619103259193811,-0.5348089431046499,-0.4259562415020892,-0.5268046793973282,-0.001429193846089513,-0.5569794042994246,-0.45984613926022355,-0.7684956271288519,0.0034700834563574133,-0.7666888105402514,-0.7626729206331685,-0.765086561851901,0.003472801850964236,-0.7643371638642285,-0.7539544524534562,-0.7559636259648881,0.1898402829552551,-0.7626580363504657,-0.7377967546403507,0.995744018716891,0.2933946123808274,0.9817007593956796,0.9814556247635715,0.9837766020236252,0.05932783245881288,0.9626580308233812,0.9612896741860736,0.952537870880901,-0.3319270795290871,0.9322338656517524,0.929953930424438
humidity_lag_3,0.013895743637166688,-0.4342561802143983,-0.41132032323361567,-0.7634006052921711,0.976640675445297,0.001049349200163426,0.01569305862219015,0.5079315720189035,-0.005917205656180318,-0.0020776286602342984,0.0016467607063248456,-0.024545166429372843,-0.024223073990365433,-0.6632479762585229,-0.4009105813597559,0.0149473241516212,0.015970657161512088,0.01700194072868298,0.01839098394304431,0.017465729208992163,0.01723801990898079,-0.4358958791005395,-0.43752668743994083,-0.43914838467878736,-0.4384017132159274,-0.43663465413804253,-0.43212803311478243,-0.4103838460320696,-0.4090587624317642,-0.4082282084766969,-0.40656359653041046,-0.4029759509524674,-0.3961715991053789,-0.7655445313383714,-0.7676856379652226,-0.7698245448414045,-0.7632586192174081,-0.7500150243993176,-0.7229828145208196,0.9844446875325356,0.9922310071246468,1.0,0.9766414811388849,0.9295002157650413,0.8340933097323193,0.02170992243883939,0.01861170187332153,0.017720973454603762,0.026191815924594596,0.033100535107720645,0.030029105496161033,0.02076265854605541,0.042725919591446455,0.05451407836372307,0.055793528048668224,0.04635568739324834,0.0575014125262284,-0.4384363705454731,0.24421006740053353,-0.43211797296164794,-0.4406963055540941,-0.4392906604547485,0.003988980673939225,-0.4266349690911547,-0.44401845736175793,-0.4393814843863583,-0.39852767883941964,-0.4154541774253221,-0.4489175605091179,-0.4396515109780932,0.003513828190495207,-0.45915968939864366,-0.4099309383983285,-0.48021480841783337,-0.026552143785357724,-0.5353830207987788,-0.4267559715031699,-0.5273989619074967,-0.001138841547367876,-0.5582594226181786,-0.4603840669418498,-0.7685006774623611,0.004138188693409679,-0.7664712320843923,-0.7629444679851384,-0.7661572238334989,0.0033536935137437507,-0.7640915789647429,-0.7542868314674334,-0.7576843902891085,0.18802463434959554,-0.7623552296922892,-0.7382510979184332,0.9957147748034076,0.29369440879106923,0.9814575746625132,0.9817028151537558,0.9878344112007972,0.05975120697721771,0.9625099819157399,0.9615342096315482,0.9588495852603962,-0.3314070464068148,0.9322014948501458,0.9301930689329684
humidity_lag_6,0.010819504434436918,-0.4280022463501309,-0.41479235827287575,-0.7569626203080128,0.9531327210406338,-0.0005816052920318523,0.013892946997965816,0.5049266013316029,-0.0023801793131673376,-0.0004334442455296518,0.0025429997155930026,-0.02554892846373997,-0.02102985685993286,-0.6618166491006899,-0.39769228592276906,0.011826675919068549,0.012838217355560106,0.0139071627455969,0.017086652953917637,0.017965175860411797,0.016330187248031727,-0.42966257598735985,-0.4313175207068997,-0.43296639668872533,-0.43786155900713436,-0.43626962616112835,-0.4320564619897313,-0.41345781492413597,-0.4122652183853914,-0.4111540919513751,-0.40800552862685174,-0.4036597258556464,-0.3981934333743511,-0.7591164460495294,-0.7612654477955448,-0.7634127238075072,-0.7698382563136107,-0.7566706281934577,-0.7298218804283345,0.9609844793347825,0.9688210922113389,0.9766414811388849,1.0,0.9531358810373998,0.8580430633071496,0.018536065916725627,0.016462809570499327,0.014357209895552598,0.02323062152258023,0.030779066787151258,0.030550339050775147,0.01723763563568638,0.0417476673486758,0.05345414062602328,0.05630223613564434,0.04313368222679334,0.05664682243182006,-0.43328487100396684,0.24135508040374598,-0.4274233317292239,-0.436727319440767,-0.43647793349124264,0.0019224490832648535,-0.42269818396815395,-0.44134915342339187,-0.43751290135984355,-0.40039016197022714,-0.4114515203109386,-0.44663199527539515,-0.4425442038390338,0.0035871707809561025,-0.462657119908879,-0.4126814262481564,-0.4819088091627845,-0.025758311089582094,-0.5371471826718335,-0.4280925093204695,-0.5290961247774703,-0.0018943569238343335,-0.5614621855466198,-0.4619879905447994,-0.764415661638058,0.006315992893813911,-0.7638729447970986,-0.7613577244465017,-0.7671633226713286,0.003191298018441467,-0.7633381533530152,-0.755248596094989,-0.7616738741933953,0.18306666259756257,-0.7614351269463157,-0.7395835001818298,0.9799455552956523,0.2934551931128085,0.9731546976013482,0.9742887044339822,0.9917198716348441,0.06099754716018908,0.9619848097690564,0.9621636971475135,0.973594869937283,-0.3297757621650629,0.9320763007863416,0.930798905952591
humidity_lag_12,0.007278125974798298,-0.41538564154944224,-0.4147496802986792,-0.7440119075204914,0.9057581056079279,-0.0017801463395853902,0.010067196378693723,0.4989292482174182,0.0046628465609435754,0.002582029405997755,0.0005450196537996342,-0.027192465394778535,-0.01427869908942066,-0.6589489328542057,-0.3912603735066156,0.008120237558411934,0.008904773259091982,0.00944672674837598,0.010914024925764815,0.017215630981500703,0.017742373358424914,-0.4170626413889228,-0.41873866359515616,-0.4204129350490828,-0.42542183720778265,-0.43529297689914737,-0.43173643933131445,-0.41502541346070937,-0.41524217536795993,-0.41556173498839394,-0.41440140263053565,-0.40557712957027764,-0.4003780138686684,-0.7461790170993068,-0.7483447687958286,-0.7505077228601161,-0.7569830799558895,-0.7698650952162922,-0.7433555898991903,0.9136827158572751,0.9215966362188199,0.9295002157650413,0.9531358810373998,1.0,0.9057702432780818,0.012832943070197033,0.012915875481951692,0.008902450210831046,0.01666246439968625,0.023076685264203582,0.025598364154898502,0.01014555185429496,0.03309593884687144,0.04811496677790611,0.0530714999074787,0.03619662773140283,0.05080603493450153,-0.420671888026048,0.23573885407396136,-0.41475809250801887,-0.42428709074307297,-0.4265813544022265,-0.0023522160477796946,-0.41391920436615154,-0.4346818838646874,-0.4320183777463914,-0.4035883482993662,-0.40331788734387936,-0.44187922639585037,-0.44590248531553067,0.011354384663792037,-0.468841880768047,-0.41483388039280084,-0.4860929746369844,-0.02179052166940865,-0.5430581943340141,-0.4313766092792348,-0.532197938463877,-0.007012158157758456,-0.5653484447034329,-0.46593918286950875,-0.7514147486700659,0.01175018215600546,-0.7508068983092021,-0.7486037678780811,-0.7599481347680074,0.0023294003499524677,-0.7598422017038909,-0.7546550051158805,-0.7642621334183849,0.17451958584382118,-0.7595359632037809,-0.7420818743534552,0.9323697213199965,0.28873290965422704,0.9262262221901417,0.9268681874394314,0.9637093779472148,0.062219875872701905,0.9530436444875444,0.9549768849050059,0.9836450031948426,-0.3264847901908428,0.9316215838958171,0.9315938716807012
humidity_lag_24,-0.00013333581840999784,-0.3899856130702861,-0.40631268159662104,-0.7178654527919636,0.8101160312806801,0.0033276603743108363,0.00171963089930796,0.48698489331044187,0.018642522535736915,-0.0024636642545118044,-0.0004992241615004373,-0.029098386524878284,0.0005581481081467275,-0.6531971883567376,-0.37841099605542805,0.0008183711406612874,0.0018022528538037014,0.002633620454995367,0.0034819507461700296,0.00750303584810284,0.01730668371642003,-0.39167402969761544,-0.3933628091063606,-0.39505088350973266,-0.40011330697511094,-0.41022149333037994,-0.430176088150678,-0.40726307121885297,-0.4083275430575562,-0.40915606392705783,-0.41155769068046516,-0.41191907050422494,-0.4034826174321413,-0.7200512031674319,-0.7222404806200476,-0.7244290159758654,-0.7309803373132577,-0.7440361418228452,-0.769916436897895,0.8181099806852418,0.8261028498762839,0.8340933097323193,0.8580430633071496,0.9057702432780818,1.0,0.004548525247034967,0.004817299248707097,0.003610991877854577,0.006658907519341808,0.011195492106225632,0.011868274021729333,0.0049246116369441265,0.018222357929771178,0.03126783566769307,0.03936469982224988,0.02107613077088424,0.0356580336095222,-0.39521131321179875,0.22742695852846403,-0.3892503756248424,-0.3990595391348973,-0.401085098390289,-0.006587807968057998,-0.38828198116647245,-0.4097543506183757,-0.41234886150790734,-0.4115686294408549,-0.38606414111600623,-0.43041018828400923,-0.439601185476892,-0.008076584609779194,-0.45621754852861707,-0.4151574950475548,-0.483784898677072,-0.03800586780944168,-0.5384257043786348,-0.44057096066519913,-0.5386255945749184,-0.023062013729121606,-0.5723502602370453,-0.4835453528783747,-0.7251409342850906,0.022860184717584057,-0.7244231530595291,-0.7228181267360455,-0.7335570863842489,-0.0007039612141944984,-0.7331875558728645,-0.7293285116698748,-0.7503089000382992,0.15715318263354716,-0.7536162128732636,-0.7441473866621571,0.8361237099927084,0.2805480864890011,0.8311343388677102,0.8310836287908747,0.8668973456547199,0.05482959034094303,0.8588232981833639,0.8590200103829798,0.929762902947135,-0.3216418977267693,0.9219127317541462,0.923976642214568
traffic_flow_roll_mean_6,0.6097943070659348,0.029492349003532974,0.24472604486521563,-0.030126773186606056,0.023687766827101994,0.6884360845008111,-0.07324150800674989,-0.029989848988306957,-0.02814512539772742,-0.6379374198413718,-0.21763273907180142,0.04355549478645183,0.05623527437777665,-0.015657027687877488,0.0451255882493158,0.8228387735351447,0.9463868077050667,0.9485752974885646,0.3644072763858547,-0.09059693736635883,0.38671978356338665,0.028086357828204584,0.027160109247732322,0.026538978899167558,0.025992463454558568,0.03300005529928538,0.05184128202741942,0.2829310095649345,0.3007774951713541,0.30685532559901707,0.3182307092559001,-0.09982600001653565,0.21811580195661434,-0.03056287810596257,-0.03079149460061469,-0.03089693265076059,-0.030905515809815265,-0.030510777079922658,-0.029983509111417162,0.023317485722503545,0.02264418366258205,0.02170992243883939,0.018536065916725627,0.012832943070197033,0.004548525247034967,1.0,0.47382797832437273,0.8691614438214517,0.929650020746376,0.660368679409071,-0.07687603580463227,0.7009746721408665,0.40815603749386514,0.3674804870353909,0.25308603964918525,0.5331605531186775,0.2974565861855791,0.024298337927708698,-0.3841416463223446,0.05465202955002408,0.0007401327980707308,0.02152162210612082,-0.5513853879997074,0.07190423371039033,-0.011171199198551777,0.03426950481711235,-0.018338020498770174,0.039799896108844574,0.04061519827404436,0.32731279081437303,0.46129295411992466,0.19275505677355176,0.3950567369826265,0.321047227192969,0.3709423222581747,0.1647815532287157,0.35299118968823273,0.035634883494053964,0.1370588420704136,0.02267181824972405,0.07933515089952438,-0.02979380358357866,-0.4495745979658323,-0.005418504648170671,-0.05568340843457247,-0.028849137874159263,-0.5824377572564079,0.008014545546546235,-0.06879365324681834,-0.030436200664694987,-0.024874918713872346,-0.03354373126496365,-0.02739370574734981,0.02342911780954129,-0.39942377533434575,0.06357442848705698,-0.020177084344383072,0.02137890290025836,-0.5707368054887397,0.08285905929832764,-0.04565481011254043,0.012701521640007629,-0.03400084656818342,0.011265646460417007,0.01760478147883454
traffic_flow_roll_std_6,0.34540886619698213,0.02730007414054298,-0.05957269315155228,-0.021995961809300815,0.018149085312165282,0.15375688164312457,-0.045952825334677316,-0.02356553500065072,-0.021049007876345185,-0.008287900860616943,0.24604962629165117,0.03766987500538717,0.034548425845473844,-0.011123778408061336,0.03522299031233121,0.4685248535555624,0.46188591606771834,0.38674960457730456,0.0883227584317442,0.4003744964169021,0.20612477864201814,0.025793360105287665,0.023586729696805437,0.021305946435126635,0.018617854387465268,0.025725726906299616,0.0368194544734991,-0.12762365738420295,-0.16013729800669807,-0.1683111913839576,0.036890219586457065,0.1268280668348847,-0.08028858288606591,-0.022387300072517862,-0.02289311316253088,-0.02337876593862396,-0.023651255374942937,-0.023201799190215287,-0.022973036981171036,0.01842670538379171,0.01867130504639661,0.01861170187332153,0.016462809570499327,0.012915875481951692,0.004817299248707097,0.47382797832437273,1.0,0.04316735360686484,0.733592899294124,0.351601049134602,0.24428269133764624,0.3370596291834011,0.40647151926825226,0.33826106027806163,0.22978480262629203,0.37337954466694145,0.2668783219952959,0.022076568611854606,-0.11732017703329763,0.031142464104140153,0.01452424716643151,0.021996719806582077,0.05946208831372768,0.019787521551651765,0.03269066196880341,0.02508474048952163,-0.10838544490005192,0.036538261512651625,0.026581802981771988,-0.127848525747407,0.2800974264142284,-0.16950062786143405,-0.053516960394933505,0.035169118537995675,-0.12489638264970009,0.08647557169523583,0.020691371563025335,0.03956489919002175,0.08265207904264416,0.022533396503082007,0.050140819747168754,-0.022647121535151457,-0.13312251248111587,-0.0152052067878397,-0.030519182081711192,-0.022701782158592834,0.0616595040354924,-0.029741764270011652,-0.01565816563061564,-0.022279949269752,-0.1310463803887747,-0.01994890685785754,-0.025622830016652554,0.018890399710438717,-0.12576406565962145,0.03137530118241023,0.004357402492788575,0.016880231931321,0.062174873470333625,0.005771661172740036,0.02637160655341261,0.012414810729463231,-0.13023326237699742,0.018042389271828854,0.005198196932457694
traffic_flow_roll_min_6,0.5651628478017201,0.024857124412236472,0.29633796299170795,-0.026996455218570768,0.020909225643301936,0.6907990374767717,-0.06767114389634257,-0.02675760816434698,-0.02315381065220635,-0.7526161597490463,-0.3751861524823397,0.034498847462722027,0.054215881025391294,-0.013575509009522752,0.04002538860144504,0.6852199047713767,0.7820489238701268,0.819811167586976,0.42631454970966687,-0.3165603707680615,0.3673238003988983,0.025093931948068693,0.02554755311418171,0.025849208836525993,0.02702872992389136,0.03195418857995806,0.04758861301921773,0.39279412994170676,0.45157847647952165,0.4735514769894302,0.3724440425360119,-0.19455059535953814,0.2763484266202801,-0.027051610675657065,-0.027189350052680004,-0.027258500746907922,-0.027358055432504736,-0.02703319205542593,-0.02663292463357445,0.01983950698793278,0.018839457399556076,0.017720973454603762,0.014357209895552598,0.008902450210831046,0.003610991877854577,0.8691614438214517,0.04316735360686484,1.0,0.6862516753583441,0.5967733794399743,-0.25806498994507193,0.6790549737610334,0.25530862026676293,0.2590246399228004,0.175248208628926,0.45511412322245154,0.2182117649125681,0.022751781653997168,-0.3737811828433218,0.051436811756903886,-1.8227308639654734e-05,0.020441335851979922,-0.6813804863813311,0.07959936144491295,-0.02438085757763208,0.03357544837113833,0.03860159960979852,0.032633624139016326,0.039600292083661226,0.46012161447564237,0.3293367635739742,0.34249263651461914,0.4731416730650474,0.3646010501213153,0.48710566714978765,0.14545682542155972,0.38720748785694376,0.023768691047764606,0.124474877167516,0.017483720295691493,0.06851185618971257,-0.02629982822973699,-0.4365311626944669,-0.0032142944980126675,-0.051220881644353254,-0.025327593498653208,-0.7155190040859105,0.021403381102878375,-0.07558983166411853,-0.027504172289568307,0.044542047920348445,-0.03297139828680986,-0.021599333898773075,0.01954850933727393,-0.3861410900100229,0.05805245908653654,-0.021571212924045395,0.017652613046405193,-0.7046938998232043,0.09574683847825444,-0.06547880104211552,0.009642872500048132,0.028482601968958108,0.005102319829634458,0.020053587318243606
traffic_flow_roll_max_6,0.6033990252563578,0.03725334315849427,0.14939429229214926,-0.03391187080672549,0.027514217641716136,0.548159908089203,-0.08267902905884938,-0.035855653430188754,-0.03277104075638486,-0.4766373429587223,-0.05772255098796568,0.053550225627173945,0.06411542788713026,-0.017547432227233407,0.053389760086827234,0.7833865467751393,0.8582526766515246,0.8380300327090873,0.35263484525947747,0.09906894253133579,0.355387737253613,0.03542101497885698,0.03372837493269844,0.0324670957948182,0.031117230361196634,0.040080018195925424,0.06009296363374831,0.16102673258732722,0.16934454498313387,0.18029747689106043,0.2622446982557761,-0.01927592129359789,0.11892896316789515,-0.034467128832127464,-0.03495248438927833,-0.03523975720078308,-0.03530649611746451,-0.03491569016453533,-0.0344113258547485,0.02731132376544467,0.026849507462862694,0.026191815924594596,0.02323062152258023,0.01666246439968625,0.006658907519341808,0.929650020746376,0.733592899294124,0.6862516753583441,1.0,0.6727863181975084,0.06879609035948997,0.6811441091428923,0.5181525101547969,0.44592437565941506,0.30229152701681705,0.6031395381101649,0.35598034113401994,0.03131021282521591,-0.3141910957386157,0.056260618891944295,0.01200709991971674,0.02954225209944316,-0.38959020324141347,0.06638570646486629,0.009271927790840372,0.04067848730036676,-0.05367783345695327,0.0494258652872177,0.04670796541199667,0.20239692382541924,0.40604058296648604,0.09695961491533435,0.2656775421066297,0.25925020605847526,0.23192937591995075,0.15492763393958256,0.268098696534281,0.04627393328823951,0.14515594373700275,0.02774174678992623,0.08461390306578524,-0.034078073887525734,-0.36474553706844315,-0.014107010168189257,-0.05518600109459984,-0.03340954634913762,-0.4112496794066228,-0.008650373740229993,-0.06037518852969407,-0.03441396812273791,-0.0667213454533306,-0.036349230949976226,-0.032876150718255,0.027520702467316825,-0.3298602602089228,0.06050437196527079,-0.008580003054953085,0.025034410970736307,-0.403294180989576,0.06658586724391803,-0.02140375559148827,0.016372472889727967,-0.07592513772922092,0.016837075756115767,0.017794340580130012
traffic_flow_roll_mean_12,0.24018426805789367,0.049589079100542464,-0.058263451487643655,-0.043657799580351486,0.034205963649228344,0.3747267160405531,-0.08483272893229712,-0.04274641805139496,-0.0372586793801931,-0.5985187272637315,0.3190411149852943,0.07097558271746482,0.0672534524976465,-0.024668509392985833,0.06477164376149835,0.37276124913122677,0.49451009762140946,0.593925385982557,0.7291444381524029,0.17978890587269503,0.029357625833977757,0.04774090937598013,0.04590951921865236,0.04410991609170198,0.03962396621456382,0.041722102804072854,0.06538351912318073,0.037330793176446386,0.12862587098410566,0.21205431121813126,0.3888960501454532,0.17665693831867954,-0.09179128731116923,-0.04415787629254338,-0.04465817232520893,-0.04516236565332713,-0.04652103098118937,-0.04699616824643046,-0.04649268288813623,0.0339560912219348,0.0335865781437283,0.033100535107720645,0.030779066787151258,0.023076685264203582,0.011195492106225632,0.660368679409071,0.351601049134602,0.5967733794399743,0.6727863181975084,1.0,0.19802647591592717,0.769837718817104,0.8147483170688096,0.6074458870479172,0.420043208970222,0.5980883946590306,0.4577768803444207,0.04621153106495045,0.054299812976487775,0.04127911351072949,0.04917220214807323,0.03969022429302828,-0.34668805104348527,0.0706574275522365,0.01932740101023831,0.044614318763535346,-0.07976176990331454,0.056360064191072964,0.057152288398865395,0.17569438591995085,0.012637011641495008,0.1833334890983817,0.13641304946522095,0.3332971035182672,0.2365606198533045,0.1849907805709139,0.2878325400433994,0.06628165680432137,0.17380435719571619,0.03198306827508629,0.09120640713086738,-0.04487247710376221,0.08089548666717213,-0.04964555027701604,-0.04017332775130242,-0.04452435719700816,-0.3549884370679933,-0.022946874474312953,-0.06795469887361659,-0.04511866566787568,-0.10100380502926642,-0.04951460510386566,-0.04173060164938087,0.03306276005962628,0.04550651523720798,0.027129307798089187,0.03890273576633707,0.03175971711944601,-0.35860853451552155,0.06907687779805782,-0.010195302320017793,0.024000375810493833,-0.10890476131340232,0.019941680931724073,0.026879458451065267
traffic_flow_roll_std_12,-0.23886897474290264,0.049572998666911706,-0.03490723186660985,-0.036492754603561876,0.029368103009076673,-0.5275581825818635,-0.06562649569112282,-0.040493551174824,-0.03150481111498454,0.5567992649474,0.14553609192567663,0.06728368234417594,0.05546378933468198,-0.019273925506305887,0.05968135378573471,-0.20465181704801388,-0.131746340407123,-0.0523800755157232,0.12984365760069275,0.3928805578617532,-0.37543083688499573,0.04725013415094623,0.04503726063838587,0.04307686489333942,0.037582347326202005,0.04254526257923634,0.05558130477897614,-0.09395191460097807,-0.15698468060339169,-0.22009385511501137,-0.31176826436109417,0.20373978770802303,-0.06596423430721468,-0.03702575342845251,-0.037520647795980105,-0.03797156823715883,-0.03929179087485117,-0.03994954524249121,-0.040029638386208544,0.029486559539234944,0.029751812386515943,0.030029105496161033,0.030550339050775147,0.025598364154898502,0.011868274021729333,-0.07687603580463227,0.24428269133764624,-0.25806498994507193,0.06879609035948997,0.19802647591592717,1.0,-0.25180825541352686,0.6611392727013501,0.5734799897846093,0.43190943204254956,0.46942311533295783,0.44496676744158264,0.04744780363467092,0.3102436047681066,0.022177796747934367,0.06706381786020572,0.04582329985212195,0.4241446542143593,0.009356099448044126,0.08103403539932591,0.047236489444604984,0.020504659754611555,0.04824510031320457,0.05545524828090842,-0.1983077078991895,-0.013206910073877214,-0.19528204613227676,-0.17057147783888635,-0.18057754897177372,-0.0842496796857128,-0.04063564138354783,-0.08680603984522665,0.06819292177244848,0.12437471442525343,0.03608905695084404,0.10442589002793615,-0.03821162204270873,0.3834953800158313,-0.059560192947468935,-0.01577872072208478,-0.039303731286708325,0.4548236986432117,-0.0736885907795636,-0.002938409037583112,-0.03847261417223306,0.03834457650751599,-0.04487005193494805,-0.03241038638099658,0.02922569208678528,0.3084446163523105,-0.003608246368409529,0.06356388904238566,0.027662177791341995,0.4425678064625745,-0.026219286533299475,0.08275569199960336,0.02319622638492407,-0.00012053713715999961,0.015723131601422913,0.027536405503575133
traffic_flow_roll_min_12,0.4873177122589055,0.02929523830290812,-0.07548338822689162,-0.03349823641870813,0.023975226245992562,0.6181342942520346,-0.07662960258504987,-0.03059526982714583,-0.022566569576556957,-0.7260266148375668,0.2699287574232035,0.036924934830904046,0.06591629434352574,-0.017819247181521263,0.046283095788626695,0.5805871127422338,0.6183288683379644,0.606691443221235,0.4091512611822598,0.13689516251868958,0.2780602723136288,0.030028255504162955,0.031142099685111647,0.0320113043850635,0.03466770848579305,0.04061269585826101,0.0541644859210781,0.013813111700234245,0.10763805020894529,0.20601765218742144,0.47250958863503323,0.07748440428192264,-0.09503935601318812,-0.033533379322200234,-0.03375593284367593,-0.033894988524689966,-0.03431401032832645,-0.03499416374251475,-0.03428974184718788,0.02286486513508857,0.021926399311270373,0.02076265854605541,0.01723763563568638,0.01014555185429496,0.0049246116369441265,0.7009746721408665,0.3370596291834011,0.6790549737610334,0.6811441091428923,0.769837718817104,-0.25180825541352686,1.0,0.45358390513896013,0.24597323637158686,0.07098164816512391,0.48954988128487387,0.142810124153739,0.030437258937280682,-0.1646202062693254,0.0423384640120463,0.02074843028587806,0.030584745636638714,-0.4443450975983117,0.06742134110688325,0.0013869408513365726,0.03743526691045123,-0.0777489178095641,0.04174669316060778,0.04115693492322477,0.1809046083237856,0.06301527120317779,0.17256790312860976,0.1622118634680962,0.35057452702827424,0.11797319556507464,0.19904264489971435,0.2506818742928297,0.02805611989868243,0.1141164327509214,0.011247531830054136,0.04138921711889274,-0.03324173724815222,-0.18356264154033472,-0.02429822765684134,-0.04344198211090654,-0.03282018927931464,-0.4610236682786415,-0.004344380084298121,-0.06449486894042691,-0.03370017120168668,-0.11610249892201176,-0.03688532012418364,-0.03214606110645287,0.02170504644259677,-0.1730814945794295,0.037531841105270296,0.004951028892151344,0.019166353388110433,-0.46065929774424935,0.06834221437864763,-0.032814846355917686,0.012394398951729453,-0.10516086649498362,0.012930561134575913,0.016438866165377843
traffic_flow_roll_max_12,0.1165107011165879,0.07429501003202668,-0.11431446056160982,-0.0456577663916673,0.04340337750525072,0.011931473141369227,-0.104817768041305,-0.05985104571197742,-0.05103846964451622,-0.09763052698179002,0.34127800814995557,0.0985186344151799,0.08489059754338524,-0.022047728814646825,0.08661656382050482,0.19107089987026102,0.27070443593800575,0.3405881923934043,0.49703919244094197,0.48262922854850143,-0.11069780956198941,0.07196264548578404,0.06966168230814618,0.06737889032327053,0.06068560245635162,0.06482387152085681,0.08861819529205013,-0.07667891504638635,-0.0392289546517765,0.0023294600866450898,0.13634903800554732,0.24030825895090252,-0.15574867402743842,-0.046268234996902094,-0.04687952267807388,-0.04749162944040599,-0.04933441338569873,-0.049674681147049975,-0.04992034929117669,0.04321025800386457,0.04298461892145419,0.042725919591446455,0.0417476673486758,0.03309593884687144,0.018222357929771178,0.40815603749386514,0.40647151926825226,0.25530862026676293,0.5181525101547969,0.8147483170688096,0.6611392727013501,0.45358390513896013,1.0,0.772470039933641,0.5766677517464268,0.6995636843305253,0.6082297209441101,0.07052311192163253,0.15108415084951707,0.057742519039382746,0.07946399911664531,0.06608586114224968,0.008666204628915252,0.0665229027031669,0.07114911910810298,0.06850731010730526,-0.03840190118986266,0.07821928885892608,0.08302314327694144,-0.012449731665039846,-0.062181119160123005,0.01292279009123991,-0.03155144444959027,0.13459815934607838,0.01373139365750433,0.1277282044169776,0.11399677234356334,0.09089927687534352,0.18708468987772778,0.04919449101822766,0.12235218137025508,-0.047374388090735124,0.20088133370280256,-0.058920370068308144,-0.0354832787831223,-0.04814329482458689,0.023896739388861013,-0.05269737032312043,-0.042885277307189267,-0.047809042934948316,-0.04218169553950959,-0.05524890470331394,-0.04141461962826368,0.04239104743879084,0.14402390978088242,0.026382061208540624,0.0592722541759169,0.040075239479814485,0.011343357746778556,0.03588565839024702,0.042346020612766724,0.03232510644916371,-0.07753959449371123,0.026272515440184014,0.036396738621352266
traffic_flow_roll_mean_24,0.22654537048994325,0.10824904981766048,0.08394107762571758,-0.06048924466198973,0.05499681156569567,-0.000260306089181874,-0.09923455710805,-0.07099085144865575,-0.06533879755930566,-0.0006347601016754467,0.004910563472860515,0.14347845780859303,0.08290167530607402,-0.03418093969225279,0.10781775690073177,0.24842182333691606,0.2696924635705576,0.28971210388194235,0.34096113831776276,0.38573158663206936,0.22698001977133195,0.1054792200877592,0.10276054108160146,0.10008281854336934,0.09243675258847654,0.08307955587320895,0.09473407182771407,0.08513234599011393,0.08616784108726128,0.08707055753157167,0.08890400631671645,0.08563369929178505,0.05566033048595481,-0.061297237784013185,-0.0621008065639804,-0.06290199217651427,-0.06522835025286731,-0.06899545275881513,-0.07218220588394815,0.054900428258732516,0.054736630424775785,0.05451407836372307,0.05345414062602328,0.04811496677790611,0.03126783566769307,0.3674804870353909,0.33826106027806163,0.2590246399228004,0.44592437565941506,0.6074458870479172,0.5734799897846093,0.24597323637158686,0.772470039933641,1.0,0.8869682788337638,0.6614381736470907,0.9043516901367548,0.10234351736482099,0.0062168223802616315,0.10151904541631783,0.10171819719059706,0.09612954254744248,-0.010740525461496144,0.09609260184196049,0.09647520720080117,0.0922169305082679,0.020672833093790012,0.09801149455667879,0.10361158441105822,0.09432922051825389,0.02650635672216142,0.08955073089000855,0.0975335749854566,0.10867129006674686,0.0866987839559867,0.09848492513669367,0.12656767040411496,0.11948486873182856,0.21438424161796,0.08890589401942119,0.1602724742581106,-0.06235117339506038,0.024500773318321407,-0.0642960885044884,-0.06069480208220339,-0.06449372247571367,-0.0006698320184436913,-0.06865146904148256,-0.060591869311593174,-0.06741378933760178,0.09265592023587013,-0.0768595157303683,-0.057273046095362865,0.05432699996645131,-0.005011134287129448,0.05396475077009413,0.05497682195678481,0.05240796637741476,-0.009960546536540115,0.051263769736772206,0.0532139640896691,0.04473358439590493,-0.019002953601466362,0.03698095483052633,0.050905377657912795
traffic_flow_roll_std_24,0.16137674314493802,0.11773657540193398,0.1388136380411434,-0.02675880161433727,0.055816670298160904,0.02004121032440631,-0.06511845596841974,-0.06863023826361507,-0.07098924541661472,-0.017741741673199047,-0.10118716715845945,0.14742337682629725,0.038414933849143164,-0.007193647215967448,0.09832562320299273,0.17623913217607406,0.18833658337551584,0.19665142452497517,0.21897576895542542,0.28344195152318463,0.3037165560296104,0.11491089613138744,0.11195266467841199,0.10890656308582415,0.09920781194040941,0.0856890315647058,0.0889727361981571,0.13801616197988986,0.13169475006683184,0.12252196667068041,0.08926774489985084,0.0322937393206276,0.12319712452338895,-0.027615240023444034,-0.02849631907042247,-0.029385619634882974,-0.032099530550907036,-0.03567381946059854,-0.03895199349906477,0.055741025937436246,0.05574023228511215,0.055793528048668224,0.05630223613564434,0.0530714999074787,0.03936469982224988,0.25308603964918525,0.22978480262629203,0.175248208628926,0.30229152701681705,0.420043208970222,0.43190943204254956,0.07098164816512391,0.5766677517464268,0.8869682788337638,1.0,0.37825675416484184,0.9795290291752566,0.11080570859724702,-0.03643087721070092,0.11344590953803582,0.10689807904818266,0.10267072867729671,-0.0358417238188193,0.1056977165501286,0.09980988838721608,0.09383038194380416,0.039587474840301534,0.10154982893403118,0.10430749706831695,0.13428132617517025,0.03944142807955872,0.12273709470212495,0.13786605929696558,0.11148760527042822,0.09058617484817526,0.10269329917863852,0.12954472415943658,0.12526934307638374,0.16877255376683395,0.1043743940187893,0.15263420679186943,-0.028821408654174815,-0.03769470495227502,-0.02716253685443359,-0.030782818005235038,-0.03132693320350922,-0.029788294872739783,-0.0312507783158311,-0.030769919308661763,-0.03497546977339597,0.12342524928601012,-0.0402612102820518,-0.02609060316653341,0.05569254069404729,-0.046274814683224995,0.061037030276251826,0.0508845564033365,0.05498807243924309,-0.03801128118493261,0.05952370455744935,0.050057321770490534,0.04914428560357677,-0.008230118469531682,0.045789919307832425,0.04881439435386747
traffic_flow_roll_min_24,0.4358219328861705,0.06984959997146771,0.09815842227260284,-0.07042250687244124,0.04753926118540338,0.06303293545410105,-0.1455096869805588,-0.0651051195880777,-0.04355052565537688,-0.0209760838366968,-0.05421608783800243,0.0830422668007047,0.13292696843105992,-0.040640670033540965,0.09738799169134217,0.4356202422278211,0.430165819041195,0.4175214034209421,0.31005713324221496,0.22564424050194498,0.08371818843348246,0.06788459968824448,0.06659460654185019,0.06597950744975205,0.07085657555786512,0.08209242522488108,0.10543713201083947,0.09311036287375071,0.09214243809482452,0.09127345419897465,0.07789820067697945,0.021765383816101457,0.055363616028363025,-0.07108697191531968,-0.07166311587921265,-0.07207742049876378,-0.07299137958600638,-0.07447029154588082,-0.0772613138238588,0.047116439478541564,0.0466389323711562,0.04635568739324834,0.04313368222679334,0.03619662773140283,0.02107613077088424,0.5331605531186775,0.37337954466694145,0.45511412322245154,0.6031395381101649,0.5980883946590306,0.46942311533295783,0.48954988128487387,0.6995636843305253,0.6614381736470907,0.37825675416484184,1.0,0.47073936082637513,0.06784786193805348,-0.0691182368974523,0.07296552097881487,0.06591565137095341,0.07229596534766311,-0.04873443633279873,0.07553145947456459,0.07477539521114127,0.08403214261863992,0.044292597741754994,0.08101208127944455,0.09324294003917098,0.09947791240584873,0.06194254110397171,0.07909792001768548,0.1137660183857856,0.08940754470947414,0.11127190015483691,0.05434554224644615,0.11610006679797416,0.07121999207791904,0.21335937934839264,0.03659260277262453,0.13074797411276232,-0.07114536204358626,-0.05083173321433425,-0.06989870138115827,-0.07332011371414077,-0.07212269230150226,-0.04241213908262753,-0.07506752862403013,-0.06996680252787696,-0.07368194573419623,0.05690296116561981,-0.08588105196286075,-0.06376021424760246,0.046327878548286336,-0.07937313175826226,0.05064137800152953,0.041276053951519065,0.042541682816734386,-0.042876963529101184,0.04156517301187711,0.04367024301010613,0.03406333034255825,0.012527409135705679,0.022000661500547566,0.048758102200860035
traffic_flow_roll_max_24,0.2161562781585565,0.11978633756216756,0.14318406105814227,-0.03665738551257839,0.0581046261167064,0.027185473379425725,-0.07841860316396493,-0.07098558266230401,-0.07364178698296842,-0.02850291019609617,-0.10095249540501004,0.15076012308524128,0.054952821510632494,-0.012888050151360011,0.10325708470446522,0.22507571675879817,0.22704392301359375,0.22623526438453023,0.23501080015800088,0.27398759450204585,0.31899501359515087,0.11701315800537901,0.11425986327523602,0.11151746822458994,0.10336571776808626,0.0928639917400134,0.09587349391230243,0.14383763241182912,0.137244858151812,0.12765044403900289,0.0978957780702871,0.02665572003327226,0.12629898975464732,-0.03750188759794134,-0.03834706684172901,-0.039192923251356246,-0.04173520258424475,-0.04427703547978319,-0.04772021819476946,0.057933738411405075,0.057733254500733557,0.0575014125262284,0.05664682243182006,0.05080603493450153,0.0356580336095222,0.2974565861855791,0.2668783219952959,0.2182117649125681,0.35598034113401994,0.4577768803444207,0.44496676744158264,0.142810124153739,0.6082297209441101,0.9043516901367548,0.9795290291752566,0.47073936082637513,1.0,0.11336480601801037,-0.03553498254054732,0.11639557505977366,0.10955349549986705,0.10676501597307933,-0.03746383052745836,0.11063504895683281,0.10379630991470713,0.10015277869904594,0.038416948176592705,0.10660002688061371,0.10806030474462806,0.1398029601970616,0.04637559554955882,0.12697428703664174,0.14458621352748846,0.11689027738575188,0.0943673630130281,0.10308710898193832,0.13567038231510295,0.12457759171136587,0.17903871402957744,0.10331087736377483,0.1572259805204456,-0.03860837153868283,-0.04001097183154494,-0.037024943087900365,-0.04054186852986809,-0.04074465059974809,-0.03501698113545036,-0.04077386267309655,-0.039932927514884545,-0.04397516783468519,0.12571561379066196,-0.05037781659452189,-0.034968462801397864,0.05733383491127555,-0.04740315567629797,0.06268801887338435,0.052390217777398045,0.05497787971617005,-0.04168942620852448,0.05976692544211897,0.049869935358752886,0.04704601424439914,-0.012555772037107745,0.04464596845809778,0.04778923353244039
aqi_roll_mean_6,0.01437728763939482,0.9949119315547458,0.6007554972761475,0.6308450312611309,-0.4409276148500157,-0.005429615108246977,0.048861984956120104,-0.8336073237082934,0.010967631939866959,0.0017308371177219301,0.005277335771916859,-0.021246174902098004,-0.07468978998832133,0.7378514845250113,0.8708351166581236,0.01469418293335058,0.015551913427585032,0.017122596062871698,0.025272778758482013,0.03080053567031263,0.039485434832665145,0.9968013297222971,0.9977887403974856,0.9978429032794586,0.9915741427303039,0.9723803043646866,0.9336722935246015,0.601068587517726,0.6014306435766393,0.6018030150382941,0.6039588550121896,0.6077596888980782,0.5971922589468599,0.6301887510740568,0.6293057266476376,0.6282158674727969,0.623455448826554,0.6124598829705276,0.5903158705417713,-0.4402950186018823,-0.43945924742761916,-0.4384363705454731,-0.43328487100396684,-0.420671888026048,-0.39521131321179875,0.024298337927708698,0.022076568611854606,0.022751781653997168,0.03131021282521591,0.04621153106495045,0.04744780363467092,0.030437258937280682,0.07052311192163253,0.10234351736482099,0.11080570859724702,0.06784786193805348,0.11336480601801037,1.0,-0.19620501246260974,0.9939801420721041,0.9964535094373643,0.9961329021172958,0.01592583189106802,0.9868682895867,0.9874155500528113,0.9840056860013506,0.44651091443682245,0.9759254650805002,0.9725435213696316,0.6495589135883073,0.07684641308356044,0.6476011300930438,0.6309335740890225,0.7226327786421574,0.18103702514336653,0.738482428410593,0.6908958817755533,0.7821750700268769,0.30418200253337446,0.77624371201171,0.7623212369010124,0.6302181832826962,0.0554593751386005,0.6303087427784277,0.6262068092343901,0.6272370957773616,-0.01647126623387714,0.6292213862441394,0.6177438652041323,0.6203000452189482,-0.21762429449836124,0.6287327321167819,0.6019657769777208,-0.4414488251357,-0.2499173318169396,-0.4396813866293026,-0.4373866484644499,-0.4389253783108462,-0.036977474517031116,-0.43404208207408274,-0.4333750241446823,-0.4325235514871485,0.20531062472842057,-0.42631097741176144,-0.4280777728458632
aqi_roll_std_6,-0.5220713528673149,-0.202532365154806,-0.32676351509018403,-0.2323349130653085,0.2468708278401538,-0.5415056509280928,-0.012714679742200544,0.25498282048358667,0.001989148201202528,0.20589452094700222,0.4670197057578924,0.0065759557146279546,0.01632217313323862,-0.24072197839387532,-0.23917837594881844,-0.4943342524131187,-0.42545269197253704,-0.30647870361405555,0.2032104389825921,0.08742972662699457,-0.5300784444659475,-0.20180887607847342,-0.20108161985221013,-0.20035210276905216,-0.19894559347559135,-0.19930258346776347,-0.200564095678509,-0.32309189917427805,-0.31374155829489475,-0.3183625115377247,-0.28549600816678,0.14423899653177732,-0.32690540122586237,-0.23241355401799169,-0.23251142316384554,-0.2325999263988818,-0.23248257645924247,-0.23101927143155435,-0.22811105777928506,0.24595203759052453,0.2450797967086527,0.24421006740053353,0.24135508040374598,0.23573885407396136,0.22742695852846403,-0.3841416463223446,-0.11732017703329763,-0.3737811828433218,-0.3141910957386157,0.054299812976487775,0.3102436047681066,-0.1646202062693254,0.15108415084951707,0.0062168223802616315,-0.03643087721070092,-0.0691182368974523,-0.03553498254054732,-0.19620501246260974,1.0,-0.2511535462024021,-0.15018982554952806,-0.19954853292422775,0.5333464253333404,-0.22949369868273375,-0.17225408386377392,-0.21020510794381989,-0.21479950510745494,-0.18630165967249454,-0.21712985827344566,-0.35292451882840603,-0.23600938086114648,-0.2765996175983724,-0.38857493896910633,-0.2526443296438516,-0.08905086752570383,-0.20455067880928604,-0.20100551097683383,-0.16940898228804413,-0.02626644288836542,-0.18659132860782418,-0.1692965234433972,-0.23407195923628693,0.6832867595687838,-0.27211721552331725,-0.1927651308186405,-0.23485597808495648,0.339018769558666,-0.2611693603824593,-0.20308792226450922,-0.23511001906760493,0.013027204587996387,-0.24074818700454803,-0.22570694159947213,0.2432069534040759,0.9264458681047317,0.1686277103135785,0.3205654824729937,0.24236193341108075,0.4774757327583768,0.19385047230263353,0.2896961104936914,0.24229165630150662,-0.29429335995328515,0.24723959270407384,0.22795846347201404
aqi_roll_min_6,0.05517251320687061,0.9931990033304801,0.615951916908981,0.6258133484525883,-0.4359474598410562,0.037026215677643595,0.045004672177378344,-0.830672900551227,0.009149566543239295,-0.01430074215676424,-0.031355454004465814,-0.01931348910289819,-0.07290500385376615,0.7340267076573908,0.8692295955167173,0.0534875970690521,0.04916042992334575,0.04158662885389409,0.008447792845093983,0.023780074318440307,0.08084217812598161,0.9929188227454449,0.9926292422888934,0.9923305992637578,0.9885240287668834,0.9693039299873165,0.9305921344903327,0.6159103830151845,0.6154231704288042,0.6158266903898588,0.6144475142187539,0.584913859479986,0.6117275226972868,0.6248153178159312,0.6238132191749682,0.6227990188545188,0.6189251453766921,0.6078448707987463,0.5856053698084187,-0.4346806262715422,-0.4334040618936771,-0.43211797296164794,-0.4274233317292239,-0.41475809250801887,-0.3892503756248424,0.05465202955002408,0.031142464104140153,0.051436811756903886,0.056260618891944295,0.04127911351072949,0.022177796747934367,0.0423384640120463,0.057742519039382746,0.10151904541631783,0.11344590953803582,0.07296552097881487,0.11639557505977366,0.9939801420721041,-0.2511535462024021,1.0,0.9856736974155844,0.9907449420292862,-0.024751086769467336,0.9919480200625397,0.9775200117213109,0.9794959151031005,0.4270603783383321,0.9790614969502022,0.9645268923443997,0.6650549040457269,0.09361663846578035,0.6572402753952815,0.6496552903216889,0.7283848767943739,0.18730937973689943,0.7398386844156742,0.6945828688006189,0.7802231152247197,0.30758193063593064,0.7748975253755488,0.7618104877437422,0.6251120583161075,-0.000849017279920917,0.6292168965440885,0.6176967911508313,0.6223733428379081,-0.04664564329048801,0.6270628147601442,0.610130177096798,0.6154079007184814,-0.21526421124626485,0.6244431487746922,0.5962226734687455,-0.4355114428379334,-0.30051650892850823,-0.4275162048925734,-0.43887771766358197,-0.43299561225872585,-0.0718223963872034,-0.4237286180678149,-0.4331532801371243,-0.4267505021670063,0.19804712684634504,-0.41983301607168405,-0.42443628179294257
aqi_roll_max_6,-0.017717439380104408,0.9917704767767,0.588532033720597,0.6324612082066484,-0.4435072243662577,-0.038823012054561734,0.04775009702889961,-0.8327832132731853,0.009768555418828753,0.014890859982498485,0.03362094739630123,-0.018443556962907254,-0.0733941300611871,0.7385423910570608,0.8687795981050254,-0.015679089390790234,-0.010454164184433594,-0.0013445252543544458,0.03698877699352559,0.03633604994115067,0.006778943528002291,0.9920619464147693,0.9923482756116262,0.9926287533133786,0.9900143945339345,0.9709325441039713,0.9323397651372454,0.5889849378416632,0.5898508292668063,0.5899222530933275,0.59393604076803,0.6246044206830295,0.5850875604857988,0.6314187153993223,0.630376234237562,0.6293337054741163,0.6254525472371696,0.6145804292146186,0.5925226349012284,-0.4425797669381972,-0.44164220171520446,-0.4406963055540941,-0.436727319440767,-0.42428709074307297,-0.3990595391348973,0.0007401327980707308,0.01452424716643151,-1.8227308639654734e-05,0.01200709991971674,0.04917220214807323,0.06706381786020572,0.02074843028587806,0.07946399911664531,0.10171819719059706,0.10689807904818266,0.06591565137095341,0.10955349549986705,0.9964535094373643,-0.15018982554952806,0.9856736974155844,1.0,0.9940494619511103,0.048205846305580766,0.9793671305681729,0.9902351382794211,0.9821048186207226,0.45761447631209196,0.9700584083105531,0.9737300173467669,0.636301518893421,0.061145846731439094,0.6395927226905601,0.6148296732407793,0.7164128320455991,0.17562153271845204,0.736220940424153,0.6862136862268995,0.7823316001773258,0.3026537932032647,0.7754096215558733,0.7615339074759924,0.631681261987337,0.09811186176195072,0.6296173959111453,0.6305319089116144,0.6289939392501396,0.005378125406270236,0.6293419592146551,0.6214354716755285,0.6223330975465051,-0.2216087318206115,0.6304609191035695,0.6042174781111943,-0.44411739899473024,-0.207261073169651,-0.4477158483797461,-0.4352791441410381,-0.44201765037598484,-0.008979284925599225,-0.4407151810342418,-0.4327186580813122,-0.43580222531501595,0.20829139412510814,-0.43006006481082115,-0.43029078791732484
aqi_roll_mean_12,0.018129318400117403,0.9883264699552032,0.5994889651530746,0.6322675858400608,-0.44101868243373926,-0.008334097618848716,0.055608506705486,-0.8360369627262064,0.020385137177206032,0.00806079701721902,0.00429154491134842,-0.031214781862870227,-0.0735271593435034,0.740570404827944,0.872628972609464,0.01568051015081706,0.013894131907436583,0.01324842404887486,0.01827758149222568,0.0320941444250521,0.037879405129018065,0.9907868466668162,0.9927149310202005,0.9941891355733908,0.9957770008783827,0.9846836417882593,0.9459276956786509,0.5990103761557598,0.5988803230355705,0.5990393091854515,0.6010784943028958,0.6073120660298323,0.5979244247998969,0.6317928613000191,0.6311432671143691,0.6303905520102404,0.6274115154795429,0.6181276667017481,0.5960320826815261,-0.44060120286488574,-0.43999577122860223,-0.4392906604547485,-0.43647793349124264,-0.4265813544022265,-0.401085098390289,0.02152162210612082,0.021996719806582077,0.020441335851979922,0.02954225209944316,0.03969022429302828,0.04582329985212195,0.030584745636638714,0.06608586114224968,0.09612954254744248,0.10267072867729671,0.07229596534766311,0.10676501597307933,0.9961329021172958,-0.19954853292422775,0.9907449420292862,0.9940494619511103,1.0,0.023101599560409174,0.9875699912732424,0.9923951507333936,0.9923015262831117,0.45543835628022267,0.9767472300662653,0.9773511451794799,0.6471743451683645,0.07392553588048366,0.6457425295146183,0.6285094730967998,0.7198467304668782,0.1773908632083774,0.7366399600696486,0.6879419868573051,0.7827203055115515,0.3050423794242481,0.776091754016791,0.7641957593647497,0.632522485971912,0.05350862235936089,0.6326441686238479,0.6285521244062973,0.6310731991821195,-0.011072386339532567,0.6320729127233163,0.6220829371760893,0.6251292243069773,-0.21506032231177416,0.6319916512841786,0.606120190702776,-0.44245269354797484,-0.2535020517408957,-0.441095141256211,-0.43822476872525773,-0.4421128662245995,-0.02994212405260916,-0.4387227315858932,-0.4347422609772833,-0.4373034337012702,0.21332672244704695,-0.4304561581246119,-0.43001050123278817
aqi_roll_std_12,-0.28332522829894724,0.009784554351008577,-0.15798699174294087,0.01524542456448138,0.00640585830102588,-0.7154924963588764,0.015663798304899022,0.009822705642770345,0.024610640945337024,0.6965193794292573,0.2555010631202113,-0.02607347231542326,0.005275410581710418,0.011007200366571896,-0.01348578657820998,-0.3662320750729786,-0.4594908581877171,-0.5363548005602304,-0.357384858566754,0.35522950105327405,-0.28545218013309054,0.010435520793396241,0.01118576511152902,0.011956400990238519,0.014274624029740264,0.01790678033902987,0.015689591048160804,-0.25318143015563166,-0.3279938642739994,-0.3794320932680933,-0.32954398626662784,0.144518083696181,-0.15066657220393176,0.015051545584238173,0.014781420011895757,0.014493018919114595,0.0135895551134337,0.01250639495785546,0.014996365285803758,0.005494613696024494,0.004731242306429133,0.003988980673939225,0.0019224490832648535,-0.0023522160477796946,-0.006587807968057998,-0.5513853879997074,0.05946208831372768,-0.6813804863813311,-0.38959020324141347,-0.34668805104348527,0.4241446542143593,-0.4443450975983117,0.008666204628915252,-0.010740525461496144,-0.0358417238188193,-0.04873443633279873,-0.03746383052745836,0.01592583189106802,0.5333464253333404,-0.024751086769467336,0.048205846305580766,0.023101599560409174,1.0,-0.0663355733012091,0.09500702104298502,0.017587018402185798,0.1764782545210747,-0.0014904575032674344,0.02833320714057225,-0.34523532770548004,-0.22251756559744298,-0.2636302897908133,-0.3359554928816114,-0.3025924896853976,-0.4488199887009774,-0.08949572718602038,-0.28780184397789377,0.018807276848835885,-0.03217412042099417,0.013231596572042979,0.005121934540778943,0.014249923887411286,0.40180255632101464,-0.00860266948815394,0.038006325357148006,0.012926942814929008,0.6796767092966077,-0.037348879798132076,0.06618694940726023,0.012578060156001727,0.05963957699753011,0.008645436879245145,0.021165419520967697,0.0030963663758360907,0.461558163553416,-0.04234589764889695,0.05121640626662349,-0.0007137688610058561,0.873925042193649,-0.10170828963893,0.10564337415461957,-0.0021738948543072933,0.03025148370148833,-0.01020531643325754,0.007958947880269037
aqi_roll_min_12,0.043812367685979965,0.9860337869935515,0.6132333669646162,0.6218194870681658,-0.43049437416854996,0.05549029117045164,0.04785809479354435,-0.8305294589251927,0.01688685737931013,-0.05340507019202925,-0.019300259094123633,-0.027583852965446676,-0.06993125266037875,0.7328187320060259,0.8700755486476984,0.04940784211882945,0.056113897447748196,0.06211319413531877,0.049394518864668224,-0.0005454029434975354,0.06284790562732198,0.9857461337358743,0.9854488487383826,0.9851422700705771,0.9841787739344533,0.9792611567526983,0.9405242483802428,0.6213522024533058,0.6278727702220693,0.6326409063122619,0.6302949815972169,0.5919666984839019,0.6103287775739494,0.6208157896703236,0.6198078286055264,0.6187870961127683,0.6156994289307895,0.6086052967280781,0.5862883010513097,-0.42921792932894753,-0.427931398039648,-0.4266349690911547,-0.42269818396815395,-0.41391920436615154,-0.38828198116647245,0.07190423371039033,0.019787521551651765,0.07959936144491295,0.06638570646486629,0.0706574275522365,0.009356099448044126,0.06742134110688325,0.0665229027031669,0.09609260184196049,0.1056977165501286,0.07553145947456459,0.11063504895683281,0.9868682895867,-0.22949369868273375,0.9919480200625397,0.9793671305681729,0.9875699912732424,-0.0663355733012091,1.0,0.9722513970894697,0.9816366113518867,0.40194567644405543,0.9849651219849608,0.9613716048043407,0.6773617908137494,0.09134641775698193,0.6698085280683318,0.6570005353852839,0.7449417042982048,0.21324459891740258,0.7441914023457714,0.7114384093681705,0.7791911155716065,0.31272870001025266,0.772823800557249,0.7621362127521091,0.6210955786029482,0.015007695449906155,0.6243354778588532,0.6145606017971835,0.6199997663076112,-0.07740897061465252,0.6278576961253334,0.6060716219433464,0.6146419261919993,-0.22466728153461327,0.6231220065909563,0.594177469606167,-0.4301306407054207,-0.278307056094523,-0.4235993711125108,-0.4318461127007182,-0.42922674258485566,-0.10726460188029897,-0.41647902787258895,-0.43457818588144764,-0.42470003836636866,0.18439228380061717,-0.41652920096952584,-0.42239466394419645
aqi_roll_max_12,0.0011837625507418051,0.9827654323793874,0.5897247413236916,0.6364848663331711,-0.4466123391387093,-0.05823608921001539,0.053925033127014736,-0.8352373573217651,0.018321814702936593,0.05595661189975654,0.02033917243631634,-0.025962900565474015,-0.07140680221411144,0.742827193951743,0.8691428713151366,-0.0050705961708129785,-0.012349443807613606,-0.018327593532805563,-0.004524375977332025,0.05483713471975956,0.01758816673573843,0.9830652291883557,0.9833620069324784,0.9836580168905874,0.9845336547655905,0.9827142992837131,0.9443182535379119,0.5822491959643168,0.5761240952284615,0.5720752536220974,0.5770951289945387,0.6145366629253174,0.5893227155516615,0.6354432605198116,0.6344016637059027,0.6333600166440485,0.6302333157129935,0.6232462547423903,0.601455987467685,-0.44575644467113007,-0.44489197040001616,-0.44401845736175793,-0.44134915342339187,-0.4346818838646874,-0.4097543506183757,-0.011171199198551777,0.03269066196880341,-0.02438085757763208,0.009271927790840372,0.01932740101023831,0.08103403539932591,0.0013869408513365726,0.07114911910810298,0.09647520720080117,0.09980988838721608,0.07477539521114127,0.10379630991470713,0.9874155500528113,-0.17225408386377392,0.9775200117213109,0.9902351382794211,0.9923951507333936,0.09500702104298502,0.9722513970894697,1.0,0.9883585835857622,0.49011864007684763,0.965072103622531,0.9814967725635886,0.6232952980969557,0.058947313120977576,0.6274961002898264,0.6054046053621364,0.698346366437626,0.1456680215767314,0.7307364685664958,0.667228880755739,0.7831747072219196,0.30111190688100054,0.7761214356541202,0.7642407838216673,0.6357950502905503,0.08001885397370714,0.6346249143117977,0.6335766750125073,0.6347641962536783,0.036948080351605926,0.6329008242885256,0.6307432084258093,0.6297338326016891,-0.21246616401993476,0.6363864824226115,0.611717160382086,-0.4473405049274797,-0.23042201871428677,-0.44940740543625546,-0.44015439666694656,-0.44768344262588483,0.03216582326097558,-0.45356183372111153,-0.43317192314279984,-0.4441379004110145,0.23089159285352223,-0.4388741702537413,-0.4348153903564247
aqi_roll_mean_24,0.030320840450774437,0.974685093355684,0.603495886246269,0.6347091537474451,-0.44039219718330275,-0.003965124877667548,0.06947505214572729,-0.8405497835899601,0.039676741844091014,0.004546528208554746,-0.005419961131558993,-0.05163992831072032,-0.0711051430449375,0.7454164702087159,0.8761104614164601,0.028136732365880688,0.02598147457891952,0.024144447564540587,0.021428750571427405,0.02358170485467801,0.03660199574056741,0.977601480694272,0.980172720651702,0.9824455087315598,0.9876996086791704,0.9917205157642542,0.9705229427964762,0.6031180070204839,0.6025952124833653,0.6019232418920337,0.6004498208381497,0.6020212601766178,0.6073580810028703,0.6343752931188016,0.6339207569363059,0.6333683340218456,0.6312790271660691,0.6254429321412892,0.6069751851938114,-0.44018687354066716,-0.4398426685451663,-0.4393814843863583,-0.43751290135984355,-0.4320183777463914,-0.41234886150790734,0.03426950481711235,0.02508474048952163,0.03357544837113833,0.04067848730036676,0.044614318763535346,0.047236489444604984,0.03743526691045123,0.06850731010730526,0.0922169305082679,0.09383038194380416,0.08403214261863992,0.10015277869904594,0.9840056860013506,-0.21020510794381989,0.9794959151031005,0.9821048186207226,0.9923015262831117,0.017587018402185798,0.9816366113518867,0.9883585835857622,1.0,0.4731608743917684,0.9782119341379807,0.9867829676113216,0.6506529023944659,0.08021702108243695,0.6472240272825444,0.6323922993095012,0.7206509043012459,0.18163551903055625,0.7358642977095791,0.6897042673361069,0.7823198938609371,0.3062624664281886,0.7753347434064233,0.7667550781680708,0.6355995344167455,0.04554856693496494,0.6361544995374498,0.6310191030692247,0.6354895173360943,-0.019190867491080045,0.6369057396680415,0.6264113512844901,0.6325765275034648,-0.21086970207077044,0.6380959878957756,0.6139320739968394,-0.4425400685091817,-0.26489056518047793,-0.4405977157677211,-0.43881245511121886,-0.44359594481272846,-0.03506040183730798,-0.4409112217744579,-0.43637611236413976,-0.4431454994880601,0.2297435826195074,-0.43813739006134356,-0.43315359602361453
aqi_roll_std_24,0.13524913094040278,0.44006403819215684,0.4063452622291147,0.4697935410328236,-0.3958283929154358,-0.10955442291398065,0.05101389651404274,-0.45883756565578193,0.027817987229987285,0.06341921723265459,-0.21411061596750958,-0.056405368455025834,-0.060300631933429695,0.4825028378532703,0.43237803872950215,0.08966258854944302,0.019679262438726725,-0.048631677836056264,-0.1429496594503282,-0.02609167944566002,0.12126012747560753,0.4407000521659548,0.4414382295266856,0.44232727891868595,0.4452844855400165,0.4514418726115641,0.46200703711144825,0.40164997065513625,0.39966791513647953,0.37273021446130206,0.26800930756584274,0.1862996383015155,0.40730075376915764,0.46947382261682724,0.4690017116147486,0.46843010294361787,0.4665176092467662,0.46255946490812977,0.45645700456418437,-0.39688572388070187,-0.3977978210386299,-0.39852767883941964,-0.40039016197022714,-0.4035883482993662,-0.4115686294408549,-0.018338020498770174,-0.10838544490005192,0.03860159960979852,-0.05367783345695327,-0.07976176990331454,0.020504659754611555,-0.0777489178095641,-0.03840190118986266,0.020672833093790012,0.039587474840301534,0.044292597741754994,0.038416948176592705,0.44651091443682245,-0.21479950510745494,0.4270603783383321,0.45761447631209196,0.45543835628022267,0.1764782545210747,0.40194567644405543,0.49011864007684763,0.4731608743917684,1.0,0.3619087719219039,0.5474483208361836,0.40735774757777526,0.08089430024421904,0.385355038504087,0.4039564756840361,0.3487626884754313,0.03956254053737192,0.37144170855694614,0.33310033886355744,0.40553105348084334,0.11389129269685243,0.40596883443053716,0.39412037211026646,0.4701417940972513,-0.04493016987337528,0.47131165477962217,0.4660703006912126,0.46976659249717706,0.0517922675910968,0.4660145328050275,0.4692256720693977,0.4686074863493385,0.022361532414092163,0.46259761552650674,0.47325879153185557,-0.39880606846288696,-0.31392710278566005,-0.39879952590502493,-0.3970304154734816,-0.40216396552898936,0.01435912270554946,-0.4167616456992363,-0.38326693231431525,-0.41012634674984055,0.48972048808776203,-0.4430811243038846,-0.3689702533442382
aqi_roll_min_24,0.02262399693571965,0.9749632054805119,0.597038505057791,0.6146088739967173,-0.41937348212629627,0.008960114257268835,0.055615663805682315,-0.8315927357207129,0.03403728109575133,-0.0022402083922099364,0.007830120888663777,-0.04610286059240714,-0.06441834187334278,0.7310778112390734,0.873626037532688,0.024022021519378402,0.02756885216842782,0.031052675271998148,0.03502740200112293,0.02910081166798384,0.028735689964092637,0.9746610279805159,0.9743487546893657,0.9740267252194911,0.9730147238365006,0.9708533618178072,0.963440227688656,0.5974873696422552,0.5973204623816202,0.599058349183142,0.6045814643924486,0.6062105083027993,0.5959849552125577,0.6136025130970995,0.6125918890962654,0.6115669760784342,0.608466714519742,0.6021350572153018,0.5884788351462862,-0.41807779402277173,-0.4167713078339971,-0.4154541774253221,-0.4114515203109386,-0.40331788734387936,-0.38606414111600623,0.039799896108844574,0.036538261512651625,0.032633624139016326,0.0494258652872177,0.056360064191072964,0.04824510031320457,0.04174669316060778,0.07821928885892608,0.09801149455667879,0.10154982893403118,0.08101208127944455,0.10660002688061371,0.9759254650805002,-0.18630165967249454,0.9790614969502022,0.9700584083105531,0.9767472300662653,-0.0014904575032674344,0.9849651219849608,0.965072103622531,0.9782119341379807,0.3619087719219039,1.0,0.9585262007861585,0.6466448699849575,0.08068109634668018,0.6431821281761264,0.6284078460137218,0.7218322903393862,0.18847546221540235,0.7346058368412495,0.6905975297516583,0.7785847822273164,0.31530727732609864,0.7704439914161382,0.7620937904097413,0.6138707027130381,0.04644587038376607,0.6153823476455546,0.6090792302745439,0.6127758331423021,-0.030641976479601346,0.6168238632204274,0.6026563478014416,0.6102623522213136,-0.2327671602860597,0.6212518578459106,0.5909334108651815,-0.4191508585717257,-0.23416381700455147,-0.415555252221935,-0.4175638368561165,-0.41840081916758604,-0.04459564492061491,-0.4121384426888813,-0.41652212376694475,-0.416870550391677,0.16537952287913216,-0.40958012031785024,-0.41813653796558975
aqi_roll_max_24,0.03649993127081362,0.9680384554479365,0.6050032205066221,0.6454652800128139,-0.4511676414778482,-0.009000663076189302,0.06875971317435967,-0.8417072794641539,0.03734438236040794,0.001577308792093758,-0.007480152156264602,-0.044176546988482515,-0.06986671753466918,0.7522998586414686,0.8719127304107882,0.03525970162161021,0.031637237721159985,0.02836819295848968,0.02489528323546235,0.03231507233612574,0.03847710805888476,0.9683235639078517,0.9686076847806367,0.968891270323334,0.969737414217026,0.9714099787131192,0.9710966792456813,0.6051752619449279,0.6061210543033388,0.6052581494028104,0.6030659129907986,0.6000569632244114,0.608386629192046,0.6444444798466642,0.6434191872477797,0.64239156065817,0.6392947983779655,0.6330738715756067,0.6198591573098333,-0.45042012404754855,-0.44967040968747435,-0.4489175605091179,-0.44663199527539515,-0.44187922639585037,-0.43041018828400923,0.04061519827404436,0.026581802981771988,0.039600292083661226,0.04670796541199667,0.057152288398865395,0.05545524828090842,0.04115693492322477,0.08302314327694144,0.10361158441105822,0.10430749706831695,0.09324294003917098,0.10806030474462806,0.9725435213696316,-0.21712985827344566,0.9645268923443997,0.9737300173467669,0.9773511451794799,0.02833320714057225,0.9613716048043407,0.9814967725635886,0.9867829676113216,0.5474483208361836,0.9585262007861585,1.0,0.6543727808081895,0.07909419678584206,0.6515173588694936,0.6354193928225158,0.7236383570677953,0.1759104604406904,0.7409370627090135,0.6894677580168348,0.7844056501159568,0.2992830203283236,0.779252822496454,0.7670914666194666,0.6449873561207049,0.044928264439966836,0.6455677724762057,0.6406695810213083,0.6441465790988818,-0.02132618732898356,0.6461950896188673,0.635511914428203,0.6422407112700587,-0.2065269269475408,0.6490765058205835,0.6272604243102011,-0.45203561640363216,-0.2774331772527415,-0.4509981339756164,-0.448223709328655,-0.45260583341704985,-0.03541027253417281,-0.4516306366628602,-0.44543317516515735,-0.45379341142818574,0.2662659729410606,-0.45551507236439376,-0.44228111060134684
electricity_demand_roll_mean_6,0.27781643134046535,0.6518449837492264,0.8711203021267382,0.6045852503587272,-0.4378211342508029,0.3020108265284552,-0.0929563846167947,-0.6043421927539969,-0.14675651386856045,-0.3749377936344836,-0.3698693437072421,0.10138806745913403,-0.08731294747604383,0.6737605214282519,0.5942349827145205,0.284257699839065,0.2896554448014866,0.2880952231742232,0.17073084318084145,-0.33156601186174367,0.2717650147131212,0.6511561746783558,0.6505457932872416,0.6500292816945503,0.6489560205995502,0.6472451907722252,0.6434673836188801,0.9375321383103622,0.9739503084795517,0.974710391929932,0.794128208367856,0.3521591887813634,0.7956607278369217,0.6045543777869355,0.6045073242915514,0.604453963105526,0.6040758896359272,0.6001423417851213,0.5819944142804484,-0.43828926470221663,-0.4389225262995955,-0.4396515109780932,-0.4425442038390338,-0.44590248531553067,-0.439601185476892,0.32731279081437303,-0.127848525747407,0.46012161447564237,0.20239692382541924,0.17569438591995085,-0.1983077078991895,0.1809046083237856,-0.012449731665039846,0.09432922051825389,0.13428132617517025,0.09947791240584873,0.1398029601970616,0.6495589135883073,-0.35292451882840603,0.6650549040457269,0.636301518893421,0.6471743451683645,-0.34523532770548004,0.6773617908137494,0.6232952980969557,0.6506529023944659,0.40735774757777526,0.6466448699849575,0.6543727808081895,1.0,0.22716078759930908,0.9466798738716288,0.9625475731972207,0.8942516383695729,0.4760109746272237,0.7867872512452501,0.8865427094098965,0.7788245518138635,0.37345495361414366,0.7595694117654037,0.7767791549443943,0.6060356690363676,-0.22905065700720081,0.6203404330989579,0.5888833281291893,0.6072946253892452,-0.39754805918590796,0.635469638146064,0.5722543209710669,0.6028109238563941,-0.10055492514990558,0.6042408755196056,0.5913528500095417,-0.4416871300707289,-0.4184520272978592,-0.4165969005844223,-0.4635543527354949,-0.4467292490460349,-0.41544456270856717,-0.39789059824236733,-0.48982974177651867,-0.4567312209569536,0.2269690251885583,-0.4514948703314968,-0.44630630021396767
electricity_demand_roll_std_6,0.2608366771461809,0.07652259576686825,0.2916593160827794,0.015112171018897674,0.0014144886930420296,0.2095070285700789,-0.04401261421776401,-0.06785194748741877,-0.05354997913456169,-0.14673372955336222,-0.31573886244503824,0.020005116893648638,-0.010838082035868026,0.039688463742418696,0.08505474485576643,0.452490184863961,0.5454211658853019,0.5125237273373174,-0.10291965481345361,-0.1623572331786421,0.23495747519279872,0.07687676644356975,0.07766248753150484,0.07826470099353022,0.0780487766437581,0.07461895605905695,0.08079542477528653,0.2744876192084986,0.22988918624533125,0.1671795402403962,0.06081434645481394,-0.07879682232027865,0.27601646442234323,0.015340300715345177,0.015213045066977541,0.014707847560770546,0.015416710181475956,0.007882819514135555,0.014861223473008778,0.001980466397777893,0.0026288604501974,0.003513828190495207,0.0035871707809561025,0.011354384663792037,-0.008076584609779194,0.46129295411992466,0.2800974264142284,0.3293367635739742,0.40604058296648604,0.012637011641495008,-0.013206910073877214,0.06301527120317779,-0.062181119160123005,0.02650635672216142,0.03944142807955872,0.06194254110397171,0.04637559554955882,0.07684641308356044,-0.23600938086114648,0.09361663846578035,0.061145846731439094,0.07392553588048366,-0.22251756559744298,0.09134641775698193,0.058947313120977576,0.08021702108243695,0.08089430024421904,0.08068109634668018,0.07909419678584206,0.22716078759930908,1.0,-0.0356912964869792,0.4271185723349894,0.156324916848897,0.3885043708579944,0.05623740231002289,0.2952640786635129,0.0882398096059188,0.11778821101623135,0.06275661247851336,0.13173660698894898,0.014811733104612156,-0.2373924986923425,0.027368778901924372,0.002360709126612555,0.013349575099336061,-0.15923587967232117,0.019985387408517994,0.002499914898720406,0.011765053820895256,0.04703022997651293,0.012253587484002309,0.01831591902146109,0.004600439860530909,-0.2608978157096776,0.02734998566998176,-0.021177635245956228,0.007363085353846933,-0.22907805666279507,0.027674197323736733,-0.013878078407009048,0.00158607832349527,0.058357756842611484,-0.014021509007090727,0.005049790542244685
electricity_demand_roll_min_6,0.20066121425445954,0.6498168259082314,0.7979854099418343,0.6314008245106003,-0.45687367455801703,0.24187453038081722,-0.08491432424406022,-0.5965588350487789,-0.14580953284569736,-0.33235272835624846,-0.24352576149000374,0.10980440707319385,-0.09870483370457499,0.6912859336532514,0.5787937355894093,0.1599763884751738,0.13461448455322242,0.13414531624769296,0.2131053644007073,-0.2642086077594749,0.20209608637887055,0.6490217735717848,0.64822569567123,0.6474515942046167,0.646510647505776,0.6457844912120333,0.6397659177808361,0.8583207316488337,0.9062152294379546,0.935741084492625,0.8177131049654822,0.42688093096358704,0.7204595222983815,0.6313840760633864,0.6313585271982425,0.6312976726580869,0.6307491160717943,0.6291129417737329,0.6075072004387375,-0.4576016460665804,-0.4583482618779935,-0.45915968939864366,-0.462657119908879,-0.468841880768047,-0.45621754852861707,0.19275505677355176,-0.16950062786143405,0.34249263651461914,0.09695961491533435,0.1833334890983817,-0.19528204613227676,0.17256790312860976,0.01292279009123991,0.08955073089000855,0.12273709470212495,0.07909792001768548,0.12697428703664174,0.6476011300930438,-0.2765996175983724,0.6572402753952815,0.6395927226905601,0.6457425295146183,-0.2636302897908133,0.6698085280683318,0.6274961002898264,0.6472240272825444,0.385355038504087,0.6431821281761264,0.6515173588694936,0.9466798738716288,-0.0356912964869792,1.0,0.8543333609495963,0.8823655603544269,0.34722629061082516,0.8158916473009533,0.824612225435741,0.7951885765081652,0.34931716817713276,0.7830868662690239,0.7727917198899423,0.6327864925658176,-0.1452329133773157,0.6429006766804776,0.6199234437552331,0.6343742936867665,-0.3383659094235292,0.6599523969337113,0.6034565803020415,0.6302526015420792,-0.13454265321868225,0.6323330578122393,0.6159303999488274,-0.4617611493610409,-0.3378981457689678,-0.44447598857899673,-0.4747884956644148,-0.4678126829348679,-0.33383253372202804,-0.4264488200278405,-0.5031275782227168,-0.47629586154424425,0.20121630978411886,-0.46466648255554804,-0.46847190586478493
electricity_demand_roll_max_6,0.3229437553515451,0.6331155385579947,0.8978004029516836,0.5669506667926103,-0.40831832905815896,0.31169133355562867,-0.1110626342122328,-0.5856658366939086,-0.16433786902427788,-0.3346815277727493,-0.4221846425055811,0.10943556622678945,-0.07915097194485599,0.6381942296249269,0.5804938035984947,0.3741097421464708,0.3975586589169333,0.3757311422892499,0.08218757100239682,-0.3268994054403732,0.3103351079803058,0.6324849450075575,0.6321765671369958,0.6318246496660268,0.6307629437224356,0.6279384705946849,0.6249212979177082,0.9325031871825542,0.9354304342677184,0.9097243469591777,0.7384571157092633,0.31242104692023986,0.8164830715690404,0.5669254830559416,0.5668306629447688,0.5666704610057807,0.5661886621844325,0.5608670722805941,0.5453800177489114,-0.40864849375156,-0.4092638104620316,-0.4099309383983285,-0.4126814262481564,-0.41483388039280084,-0.4151574950475548,0.3950567369826265,-0.053516960394933505,0.4731416730650474,0.2656775421066297,0.13641304946522095,-0.17057147783888635,0.1622118634680962,-0.03155144444959027,0.0975335749854566,0.13786605929696558,0.1137660183857856,0.14458621352748846,0.6309335740890225,-0.38857493896910633,0.6496552903216889,0.6148296732407793,0.6285094730967998,-0.3359554928816114,0.6570005353852839,0.6054046053621364,0.6323922993095012,0.4039564756840361,0.6284078460137218,0.6354193928225158,0.9625475731972207,0.4271185723349894,0.8543333609495963,1.0,0.852918547768018,0.5339905380405051,0.7384433380907258,0.8946648948641276,0.7514657569270154,0.3842717061621317,0.7281694249248014,0.7653572027295807,0.5682256377405197,-0.2766622784830115,0.5850348413609032,0.5486045576710186,0.5686221036580149,-0.3630927073111915,0.5933172344196608,0.5370691583744319,0.5638870177832452,-0.07708486848591567,0.5656078733313501,0.5550619694616157,-0.4114362959790439,-0.4566292973000157,-0.3819709402405574,-0.43860855734294824,-0.415706928147096,-0.4020224448502288,-0.3699291325872094,-0.45632238830725325,-0.42717232768108554,0.22790288371811482,-0.4260984303191165,-0.4172908285411019
electricity_demand_roll_mean_12,0.15623648285060113,0.723443840358205,0.6925869261184111,0.6582640243131035,-0.4790351072691841,0.3274802105278127,-0.05673384956727203,-0.6761557859734314,-0.12623975166374796,-0.43122333105310373,0.014625594110350592,0.09161742149881949,-0.11704612212072961,0.7412785888182035,0.6653378445234593,0.217801654879501,0.2675216741770766,0.3001969188914629,0.27330868166396094,-0.09617518390241997,0.15409706662918957,0.7231237565314708,0.7226961897561789,0.7221842754971725,0.7204819159723195,0.7182434946035059,0.7157284816723396,0.7607938598466584,0.8206319050849586,0.8683863516899446,0.9238240324266861,0.638789528067788,0.6341649652717822,0.6584131293579536,0.6585223731329944,0.6585771681195955,0.6583757959641876,0.6563200676737309,0.6397089662390975,-0.47931612547258523,-0.47973272727716615,-0.48021480841783337,-0.4819088091627845,-0.4860929746369844,-0.483784898677072,0.321047227192969,0.035169118537995675,0.3646010501213153,0.25925020605847526,0.3332971035182672,-0.18057754897177372,0.35057452702827424,0.13459815934607838,0.10867129006674686,0.11148760527042822,0.08940754470947414,0.11689027738575188,0.7226327786421574,-0.2526443296438516,0.7283848767943739,0.7164128320455991,0.7198467304668782,-0.3025924896853976,0.7449417042982048,0.698346366437626,0.7206509043012459,0.3487626884754313,0.7218322903393862,0.7236383570677953,0.8942516383695729,0.156324916848897,0.8823655603544269,0.852918547768018,1.0,0.39521429735788394,0.913092275680711,0.940087565793142,0.868589027038953,0.4124739555814847,0.8373587712958622,0.8488089096893862,0.6598143559222572,-0.07887779513602683,0.6657345354386076,0.6514341369175976,0.6615723399854502,-0.3375935757534345,0.68486232184496,0.6323468825706244,0.6599932106445872,-0.23839781425609372,0.6640393287305677,0.644190635873267,-0.48296618015715714,-0.3177308620285639,-0.4716209893414299,-0.4896185366383333,-0.4872841900089309,-0.37027234085906036,-0.44666810735471896,-0.522154340540266,-0.49793835157658617,0.14877349452123514,-0.4909600962946273,-0.49344727259499555
electricity_demand_roll_std_12,0.002462975007055749,0.18080311072117536,0.4427903292374301,0.05851495086710528,-0.024974440119743813,0.2530728481687894,-0.132162077947148,-0.17329961423376058,-0.1580995162731635,-0.36835165899549366,-0.28137499445654063,0.08846190018747169,-0.03838498787254966,0.09983789866824358,0.20686182245721205,0.11385998095349821,0.27154941253408516,0.42491387817330356,0.44099824452315417,-0.5277009120505317,-0.03387267153975994,0.1816466272008841,0.18207847925506954,0.1821783377177699,0.1821320076698663,0.1777941332037953,0.1825599049936039,0.48834141101534817,0.49484672567723553,0.4627763701952865,0.2861976088956485,0.06570314542493494,0.3630030379143407,0.059133336431120155,0.059683414706713594,0.06008410369656826,0.06035132645686697,0.05259555341063017,0.0498246411918255,-0.025728885015572158,-0.02619103259193811,-0.026552143785357724,-0.025758311089582094,-0.02179052166940865,-0.03800586780944168,0.3709423222581747,-0.12489638264970009,0.48710566714978765,0.23192937591995075,0.2365606198533045,-0.0842496796857128,0.11797319556507464,0.01373139365750433,0.0866987839559867,0.09058617484817526,0.11127190015483691,0.0943673630130281,0.18103702514336653,-0.08905086752570383,0.18730937973689943,0.17562153271845204,0.1773908632083774,-0.4488199887009774,0.21324459891740258,0.1456680215767314,0.18163551903055625,0.03956254053737192,0.18847546221540235,0.1759104604406904,0.4760109746272237,0.3885043708579944,0.34722629061082516,0.5339905380405051,0.39521429735788394,1.0,0.09789963483663768,0.5923088393769578,0.21204210433986106,0.3675739101034118,0.15975162942563909,0.2908231863729545,0.05992691678585256,-0.08499070437175923,0.06487828944183702,0.05405003844959146,0.05942296735143993,-0.38515375304097904,0.08249160313760165,0.030496614140476375,0.05194176475981167,-0.02059986214901193,0.05491750600902689,0.05337299637612783,-0.025960709222311966,-0.11525525551738255,-0.019284818336922114,-0.03179716252111181,-0.02266426617009007,-0.4581086111518216,0.02458963080789901,-0.0714264765393123,-0.02619495162191705,0.009831633011742913,-0.03798645859895157,-0.02758572909196558
electricity_demand_roll_min_12,0.08759226728560016,0.739819104189026,0.663271904761857,0.7299242906457789,-0.5337382920337954,0.1570488522604617,-0.013499146791690017,-0.6803345130213878,-0.09913033493151127,-0.19090165238298626,0.07922309840882562,0.08748158580385487,-0.14444762303063005,0.8003347031345371,0.6504609353839781,0.132837255369976,0.15538360262566384,0.15389061456646744,0.08706719706075787,0.09479439610915824,0.10272910837155387,0.7390350518573974,0.7382602011442497,0.7374868469817514,0.7350588644000611,0.7334286552272073,0.7295697489111246,0.6939534770961096,0.7228464541560781,0.747375653485765,0.8039358929501977,0.7227898591892531,0.6226558660930429,0.7299677459599727,0.7300028249745826,0.7299654336902097,0.7294773421571892,0.7285139133196413,0.7138641168263945,-0.5342513968082234,-0.5348089431046499,-0.5353830207987788,-0.5371471826718335,-0.5430581943340141,-0.5384257043786348,0.1647815532287157,0.08647557169523583,0.14545682542155972,0.15492763393958256,0.1849907805709139,-0.04063564138354783,0.19904264489971435,0.1277282044169776,0.09848492513669367,0.10269329917863852,0.05434554224644615,0.10308710898193832,0.738482428410593,-0.20455067880928604,0.7398386844156742,0.736220940424153,0.7366399600696486,-0.08949572718602038,0.7441914023457714,0.7307364685664958,0.7358642977095791,0.37144170855694614,0.7346058368412495,0.7409370627090135,0.7867872512452501,0.05623740231002289,0.8158916473009533,0.7384433380907258,0.913092275680711,0.09789963483663768,1.0,0.8296306866223546,0.9230446797275732,0.32856731364585856,0.9180516115248823,0.8764857949499448,0.7312934087994909,-0.015177256526921371,0.7340105137723228,0.7260653009692795,0.7329763979821492,-0.14114493798380662,0.7434503975816625,0.7176371536160107,0.7342138459628883,-0.24979306551354877,0.7389915248039994,0.7163339669342493,-0.538718078895676,-0.26616478451311615,-0.5322465027237644,-0.5391075960954332,-0.5445731480009625,-0.15458783561425338,-0.5261906588083853,-0.5548633234650225,-0.5557558551086931,0.15927455716939648,-0.5414657465196578,-0.5533510767993446
electricity_demand_roll_max_12,0.10391359182583612,0.6904149332150219,0.7772848247309664,0.5888765005874147,-0.4250626459612238,0.2728501303192351,-0.10280847961855656,-0.6459731200565544,-0.17618466404445973,-0.36551831829205644,-0.09186648558459157,0.1162407971853343,-0.10912969227099387,0.6754737128317556,0.6431866130437397,0.20791563473720787,0.3078795720791137,0.3724624388201845,0.27422262703447087,-0.2103163263217304,0.08916615522625966,0.6910233411340398,0.6912241978660284,0.6911716463937824,0.6896097521001251,0.6867422895399976,0.6836727685719886,0.821891130295528,0.8428911883619932,0.8409462660287389,0.8007411925869686,0.5947875084327396,0.6984288867903949,0.5894707340955803,0.5899533652320323,0.5904233155397612,0.5905364931276527,0.5862065712860177,0.5728067788287226,-0.42550384845468503,-0.4259562415020892,-0.4267559715031699,-0.4280925093204695,-0.4313766092792348,-0.44057096066519913,0.35299118968823273,0.020691371563025335,0.38720748785694376,0.268098696534281,0.2878325400433994,-0.08680603984522665,0.2506818742928297,0.11399677234356334,0.12656767040411496,0.12954472415943658,0.11610006679797416,0.13567038231510295,0.6908958817755533,-0.20100551097683383,0.6945828688006189,0.6862136862268995,0.6879419868573051,-0.28780184397789377,0.7114384093681705,0.667228880755739,0.6897042673361069,0.33310033886355744,0.6905975297516583,0.6894677580168348,0.8865427094098965,0.2952640786635129,0.824612225435741,0.8946648948641276,0.940087565793142,0.5923088393769578,0.8296306866223546,1.0,0.8356570688264604,0.48279952255399156,0.7959901094092746,0.8561202869318867,0.5913525287162481,-0.057857008400410075,0.5958277270856902,0.5840598109251107,0.592789402159679,-0.3144322520682172,0.6125949119919604,0.5654498938859759,0.5895288827077899,-0.20482544335785774,0.5939980629033135,0.5759514674512722,-0.4293243355646806,-0.2699421106560874,-0.4219662982108645,-0.4316693908986952,-0.43233837259797636,-0.3513482432688383,-0.39586043333786314,-0.46387482183608436,-0.4445357579655786,0.1409594182833553,-0.44265825519677204,-0.4425010518817738
electricity_demand_roll_mean_24,0.021741865947587872,0.7810328137224208,0.7160855227765713,0.7433448209469814,-0.525478892979177,-0.0059663670531027455,0.026386859080573897,-0.7131799850060622,-0.08855336009701816,0.006272022953715079,0.0075274761079663025,0.08258717297377448,-0.20323222505199737,0.8224232035792461,0.696290481226435,0.023117552584048927,0.02477110829007051,0.026856143457639918,0.03571044756949768,0.05189318498566836,0.03569392455112717,0.7811793405615647,0.7812624450545115,0.781283669314126,0.781001254638322,0.7791835606262545,0.7745501989907939,0.7203573701462563,0.7246753746888306,0.7289990004264517,0.7414352478713419,0.7541934075026321,0.7070786861412638,0.7436402150148423,0.7439022670263797,0.7441216977820849,0.7445598917766444,0.7438740801435526,0.7334442732432255,-0.5261483367145761,-0.5268046793973282,-0.5273989619074967,-0.5290961247774703,-0.532197938463877,-0.5386255945749184,0.035634883494053964,0.03956489919002175,0.023768691047764606,0.04627393328823951,0.06628165680432137,0.06819292177244848,0.02805611989868243,0.09089927687534352,0.11948486873182856,0.12526934307638374,0.07121999207791904,0.12457759171136587,0.7821750700268769,-0.16940898228804413,0.7802231152247197,0.7823316001773258,0.7827203055115515,0.018807276848835885,0.7791911155716065,0.7831747072219196,0.7823198938609371,0.40553105348084334,0.7785847822273164,0.7844056501159568,0.7788245518138635,0.0882398096059188,0.7951885765081652,0.7514657569270154,0.868589027038953,0.21204210433986106,0.9230446797275732,0.8356570688264604,1.0,0.40958860621785353,0.9672257221657081,0.9580821243025158,0.7452884171218044,0.03081223221072999,0.7450242290158609,0.7433193166353085,0.7470787211798369,-0.008340470105840605,0.747513161984615,0.7425789236531437,0.7482207868734999,-0.20627303360633353,0.7524344323211549,0.7358893345987563,-0.530579593415045,-0.23942650490560585,-0.5282656024833386,-0.5268421472666358,-0.5361444503924043,-0.04626221272878434,-0.5319752154978499,-0.5303928966890259,-0.5474686622143238,0.1927589478225019,-0.5422987978366011,-0.5444342883410462
electricity_demand_roll_std_24,0.08589543220732625,0.305328736124322,0.33002937009056293,0.030431639329320376,-0.002868832520984532,0.025810691102425634,-0.26232378604415846,-0.32326707324613324,-0.27026896580528287,-0.031232990286442455,-0.01844270515926571,0.1704593688583994,-0.025920258648296442,0.11035108087179023,0.3878151490445068,0.09635721790646068,0.10672946343890183,0.11504031769677571,0.10952448227277078,0.05549648819178494,0.046648566215814445,0.30471182784764617,0.3043435634469169,0.3042350774185483,0.30511858617626436,0.3077893497550652,0.3060635913927046,0.33988349228480164,0.34775079899546063,0.35253702641680956,0.34781248363267003,0.30406161693089023,0.21033806542799802,0.030520468451425236,0.03069186007363495,0.030914983674989054,0.031920121383457074,0.03466091616907106,0.008685204988361851,-0.0020435965902085456,-0.001429193846089513,-0.001138841547367876,-0.0018943569238343335,-0.007012158157758456,-0.023062013729121606,0.1370588420704136,0.08265207904264416,0.124474877167516,0.14515594373700275,0.17380435719571619,0.12437471442525343,0.1141164327509214,0.18708468987772778,0.21438424161796,0.16877255376683395,0.21335937934839264,0.17903871402957744,0.30418200253337446,-0.02626644288836542,0.30758193063593064,0.3026537932032647,0.3050423794242481,-0.03217412042099417,0.31272870001025266,0.30111190688100054,0.3062624664281886,0.11389129269685243,0.31530727732609864,0.2992830203283236,0.37345495361414366,0.11778821101623135,0.34931716817713276,0.3842717061621317,0.4124739555814847,0.3675739101034118,0.32856731364585856,0.48279952255399156,0.40958860621785353,1.0,0.2615791215846645,0.5791106114054226,0.031080595879540998,-0.003247271212323876,0.031244466177140426,0.03098369097495541,0.033191983612546744,-0.0031307401358730653,0.0337038975630525,0.032893638723721974,0.029325800658439868,-0.04274347554413164,0.022810836718072748,0.020846087636080955,-0.0025787517526037165,-0.06702836679278343,-0.005957994464748766,0.0011948793914767798,-0.005007305191374117,-0.03288318492779299,-0.013330670415057025,0.002067518445374667,-0.013831086731388924,0.04848318863542689,-0.029849762572527357,-0.006706743445624671
electricity_demand_roll_min_24,0.018468893967429845,0.7752640678036323,0.7070104969679754,0.7503875896276683,-0.5540823467111923,0.0026406698032239756,0.09016709592438718,-0.7211899454755517,-0.02756996385920995,0.0031379655140412444,-0.010441626281129547,0.04168926141531076,-0.20816479097251425,0.8293844068560383,0.6743575885373667,0.017361539373170164,0.01680414569962349,0.01690320259902511,0.01656960708515631,0.026311941296102082,0.048942753994823965,0.7753202393684644,0.7752994315788795,0.7751883893966153,0.7741203727603615,0.7714997506882632,0.7672941060894078,0.7081546471672009,0.7085626916420126,0.7086001640436072,0.7097688922592595,0.7205262854827725,0.723772582827668,0.7506362085146231,0.7508021387843469,0.7509189861248038,0.7510963217356821,0.7508283191255593,0.7483229584661845,-0.5555775420967528,-0.5569794042994246,-0.5582594226181786,-0.5614621855466198,-0.5653484447034329,-0.5723502602370453,0.02267181824972405,0.022533396503082007,0.017483720295691493,0.02774174678992623,0.03198306827508629,0.03608905695084404,0.011247531830054136,0.04919449101822766,0.08890589401942119,0.1043743940187893,0.03659260277262453,0.10331087736377483,0.77624371201171,-0.18659132860782418,0.7748975253755488,0.7754096215558733,0.776091754016791,0.013231596572042979,0.772823800557249,0.7761214356541202,0.7753347434064233,0.40596883443053716,0.7704439914161382,0.779252822496454,0.7595694117654037,0.06275661247851336,0.7830868662690239,0.7281694249248014,0.8373587712958622,0.15975162942563909,0.9180516115248823,0.7959901094092746,0.9672257221657081,0.2615791215846645,1.0,0.9079938185294126,0.7523635773624784,0.007108630857862039,0.7532944816076688,0.7486417511661894,0.7541022637310489,-0.025336179765530306,0.7563601525259621,0.7474705337769008,0.7574655646786508,-0.21971386706710558,0.7652069571708408,0.7449172746795018,-0.5612517125263904,-0.2574499430598501,-0.5563031454741716,-0.5595685141818506,-0.5680440514126439,-0.057007270451735925,-0.5595401364759286,-0.5645656088370503,-0.580351797296953,0.1918553263914367,-0.5698815101121584,-0.5792491805051458
electricity_demand_roll_max_24,0.05109932038525393,0.7606634773374387,0.7275938651408378,0.6509353502033959,-0.45876646512025127,-0.0033070064414420642,-0.04676174794859173,-0.7140325770075266,-0.1307284436587788,0.008797407601681184,-0.03367268633779588,0.08461908458749386,-0.15217807317231252,0.7521494273553205,0.713117017505832,0.05723462441154766,0.06491531107694512,0.06934191711806173,0.048544717608385655,0.03812870134602442,0.0455216561533448,0.7609952899682085,0.7613267567968746,0.7616578778242004,0.7626455423051177,0.7641831389635163,0.7618558163325415,0.7289625455690625,0.7272067267097426,0.7227088550333979,0.711134690154257,0.7078935819479588,0.6923311693894219,0.6510843497559101,0.6512330373688275,0.6513814130436343,0.6518246684541688,0.6518415706925467,0.6413440345333395,-0.4593071948127536,-0.45984613926022355,-0.4603840669418498,-0.4619879905447994,-0.46593918286950875,-0.4835453528783747,0.07933515089952438,0.050140819747168754,0.06851185618971257,0.08461390306578524,0.09120640713086738,0.10442589002793615,0.04138921711889274,0.12235218137025508,0.1602724742581106,0.15263420679186943,0.13074797411276232,0.1572259805204456,0.7623212369010124,-0.1692965234433972,0.7618104877437422,0.7615339074759924,0.7641957593647497,0.005121934540778943,0.7621362127521091,0.7642407838216673,0.7667550781680708,0.39412037211026646,0.7620937904097413,0.7670914666194666,0.7767791549443943,0.13173660698894898,0.7727917198899423,0.7653572027295807,0.8488089096893862,0.2908231863729545,0.8764857949499448,0.8561202869318867,0.9580821243025158,0.5791106114054226,0.9079938185294126,1.0,0.6526836576354569,0.014496440457172416,0.6528429088825424,0.6503015035363006,0.6548038671198587,-0.010132720394506894,0.6545772575616653,0.6510739340517212,0.6560224139275193,-0.182618956113753,0.6585650088406679,0.6441925482995461,-0.4634590169003265,-0.23894692763576514,-0.46145562768743764,-0.4598073508340533,-0.4688818208682342,-0.04943359824757133,-0.46775046599438447,-0.46102027844691,-0.4829225986472185,0.19123918203150758,-0.48467183668997,-0.47888475770842176
temperature_roll_mean_6,-0.023305080226242152,0.6264550697665896,0.5670596864276297,0.996357390433606,-0.7664029555200279,0.0011285544162097732,0.00690461785546475,-0.5353028066684496,-0.007672978631784956,-0.0004611817757150332,-0.0009898710383080566,0.0008962421456075964,-0.04387431059583965,0.8674671326966626,0.4708035941723838,-0.02339430760797988,-0.02346416374956937,-0.02351488430525821,-0.02398074624812323,-0.021850578998450707,-0.016817315679599196,0.6276836415909676,0.6286350913466712,0.6293861343073084,0.630009345372651,0.6292763414211656,0.6276692970494873,0.567071546013087,0.5670377648050265,0.5669501526996328,0.5665211593932362,0.5625466574099461,0.5596002272079493,0.9978827339448801,0.9986089835249476,0.9985998569721339,0.9941086347673254,0.9803171114260967,0.9527630104832839,-0.7678489812965774,-0.7684956271288519,-0.7685006774623611,-0.764415661638058,-0.7514147486700659,-0.7251409342850906,-0.02979380358357866,-0.022647121535151457,-0.02629982822973699,-0.034078073887525734,-0.04487247710376221,-0.03821162204270873,-0.03324173724815222,-0.047374388090735124,-0.06235117339506038,-0.028821408654174815,-0.07114536204358626,-0.03860837153868283,0.6302181832826962,-0.23407195923628693,0.6251120583161075,0.631681261987337,0.632522485971912,0.014249923887411286,0.6210955786029482,0.6357950502905503,0.6355995344167455,0.4701417940972513,0.6138707027130381,0.6449873561207049,0.6060356690363676,0.014811733104612156,0.6327864925658176,0.5682256377405197,0.6598143559222572,0.05992691678585256,0.7312934087994909,0.5913525287162481,0.7452884171218044,0.031080595879540998,0.7523635773624784,0.6526836576354569,1.0,0.01662111400738058,0.996973971250154,0.9965085869901307,0.9974467686580492,0.0029774684058762146,0.9923453261682346,0.9899667967835504,0.9889632477030655,-0.16817923118005476,0.986136434363613,0.9796310159207279,-0.7725323155417531,-0.3012630460594149,-0.76717446594307,-0.7672316485938245,-0.7736165043250132,-0.06487810484020298,-0.7628732894035013,-0.7641399968507028,-0.7723417991789242,0.28404524439267387,-0.7606711617640577,-0.7639588485306097
temperature_roll_std_6,-0.6178164754137516,0.04757490395828741,-0.23959434026432921,0.017479558087709058,0.0022605671036352985,-0.6451504485638901,-0.02107318696149792,-0.0075225417365003275,-0.009790895899928308,0.24470055438810057,0.5574983364586958,0.003942944041756624,0.020884439765910694,0.03220053469194205,0.02478025210436814,-0.5844072997123516,-0.5016316883655239,-0.359027956365786,0.25047274982790635,0.11147667986097606,-0.6306472114373601,0.04808446348776001,0.04853973452138979,0.048966497974813936,0.04927437107734266,0.046873756990408855,0.04284083789380654,-0.2317033264213998,-0.2144833561993266,-0.20742924283291403,-0.1364099199435224,0.340153371432475,-0.24698077947125363,0.017888558333318257,0.0182254440985068,0.018540565719284415,0.019266466359752515,0.019144225427882005,0.018899750285571067,0.0028209431527812124,0.0034700834563574133,0.004138188693409679,0.006315992893813911,0.01175018215600546,0.022860184717584057,-0.4495745979658323,-0.13312251248111587,-0.4365311626944669,-0.36474553706844315,0.08089548666717213,0.3834953800158313,-0.18356264154033472,0.20088133370280256,0.024500773318321407,-0.03769470495227502,-0.05083173321433425,-0.04001097183154494,0.0554593751386005,0.6832867595687838,-0.000849017279920917,0.09811186176195072,0.05350862235936089,0.40180255632101464,0.015007695449906155,0.08001885397370714,0.04554856693496494,-0.04493016987337528,0.04644587038376607,0.044928264439966836,-0.22905065700720081,-0.2373924986923425,-0.1452329133773157,-0.2766622784830115,-0.07887779513602683,-0.08499070437175923,-0.015177256526921371,-0.057857008400410075,0.03081223221072999,-0.003247271212323876,0.007108630857862039,0.014496440457172416,0.01662111400738058,1.0,-0.034257121783891294,0.0709673643116807,0.01807365263452128,0.4845972576442387,-0.017534973391457608,0.05402562608581387,0.02034865007236008,-0.09979620079709864,0.015810252376951103,0.02014314010421737,0.0009330234350548755,0.7057681866621511,-0.0766069495469829,0.0842170732618717,0.004900052869752691,0.43623005178251717,-0.047785553266162135,0.06112280386170861,0.014416121078470418,-0.040032123680382246,0.010035162812765118,0.015520383417807319
temperature_roll_min_6,0.009823663682274598,0.6278750103060303,0.5825977407777367,0.9953727839745268,-0.7671157079779173,0.035928563873970434,0.003777888731451758,-0.5367216248940466,-0.011211816983682874,-0.013620958174902229,-0.031025515842832856,0.004849121891120353,-0.04346637366413295,0.8675885821569539,0.47246386745184943,0.008129003027866568,0.0036968545200327567,-0.004105462022279614,-0.03768512760929437,-0.02820203167652873,0.016897177595107723,0.6284516734403939,0.6290281893901666,0.6296031728326371,0.6306372934366885,0.6299401319266584,0.6283706767427192,0.582096179045042,0.5809227322581632,0.5800235290788599,0.5749854186390585,0.5450973382238725,0.5745960058563394,0.9950650993569984,0.9947575424519685,0.994450113256579,0.9915355448953183,0.9777401097680108,0.9501755740479138,-0.7669034748506398,-0.7666888105402514,-0.7664712320843923,-0.7638729447970986,-0.7508068983092021,-0.7244231530595291,-0.005418504648170671,-0.0152052067878397,-0.0032142944980126675,-0.014107010168189257,-0.04964555027701604,-0.059560192947468935,-0.02429822765684134,-0.058920370068308144,-0.0642960885044884,-0.02716253685443359,-0.06989870138115827,-0.037024943087900365,0.6303087427784277,-0.27211721552331725,0.6292168965440885,0.6296173959111453,0.6326441686238479,-0.00860266948815394,0.6243354778588532,0.6346249143117977,0.6361544995374498,0.47131165477962217,0.6153823476455546,0.6455677724762057,0.6203404330989579,0.027368778901924372,0.6429006766804776,0.5850348413609032,0.6657345354386076,0.06487828944183702,0.7340105137723228,0.5958277270856902,0.7450242290158609,0.031244466177140426,0.7532944816076688,0.6528429088825424,0.996973971250154,-0.034257121783891294,1.0,0.9898907844554599,0.9945912361882461,-0.02863908735436304,0.9945136083129982,0.9841582296149995,0.9860865672539311,-0.17857968410362096,0.9865559661485395,0.9754611873351887,-0.7712570509367976,-0.3402170699502624,-0.7614461372018941,-0.7731753886772592,-0.7725639478248956,-0.0901394112445365,-0.7584773767569241,-0.7686927055856039,-0.7715032663255004,0.2823616318747604,-0.7588836878744097,-0.7656857525364278
temperature_roll_max_6,-0.058756508740603945,0.6221471640513603,0.5483083106424166,0.9938046818298142,-0.7621126147660845,-0.035791305934380804,0.010308304868499865,-0.5295450236333656,-0.00663901903370566,0.01356892201056007,0.030906989024053495,-0.0007371060730612974,-0.0479246738219319,0.8632687532013001,0.46563413751253874,-0.05688790662616687,-0.0522140086830518,-0.04408248570325764,-0.009727215286865196,-0.015374785632742735,-0.05279641440113165,0.6229062967549255,0.6236603996885252,0.6244094105148617,0.6257248304412029,0.6248012293173704,0.6228278286446198,0.5490588311382333,0.5502743827748628,0.5512702771363743,0.5564984488791714,0.5793191361412416,0.5410094712542339,0.9941201187310378,0.9944355695729122,0.994751034358305,0.9930879648953268,0.9793295540692724,0.9518427236989967,-0.7623966335363562,-0.7626729206331685,-0.7629444679851384,-0.7613577244465017,-0.7486037678780811,-0.7228181267360455,-0.05568340843457247,-0.030519182081711192,-0.051220881644353254,-0.05518600109459984,-0.04017332775130242,-0.01577872072208478,-0.04344198211090654,-0.0354832787831223,-0.06069480208220339,-0.030782818005235038,-0.07332011371414077,-0.04054186852986809,0.6262068092343901,-0.1927651308186405,0.6176967911508313,0.6305319089116144,0.6285521244062973,0.038006325357148006,0.6145606017971835,0.6335766750125073,0.6310191030692247,0.4660703006912126,0.6090792302745439,0.6406695810213083,0.5888833281291893,0.002360709126612555,0.6199234437552331,0.5486045576710186,0.6514341369175976,0.05405003844959146,0.7260653009692795,0.5840598109251107,0.7433193166353085,0.03098369097495541,0.7486417511661894,0.6503015035363006,0.9965085869901307,0.0709673643116807,0.9898907844554599,1.0,0.9950506104267038,0.037132263779087196,0.9861341269943158,0.9925982690433915,0.9872737742105878,-0.15491152796773855,0.9816971910014001,0.9804976217074751,-0.7679817704794105,-0.2588732169917917,-0.769675194212421,-0.7573000797708519,-0.7699482257953066,-0.03813508825305515,-0.7641350659643492,-0.7556774360335006,-0.7691765276252152,0.28475593534446114,-0.7594930980539536,-0.7585167582874265
temperature_roll_mean_12,-0.02364346093193494,0.622807522170555,0.5666816052382859,0.9915807509502109,-0.761748235948979,0.0014996564455789973,0.014915240076344939,-0.5359448430470303,0.0009221089221791212,-0.002004681580640088,-0.0004340487151644731,-0.005675585435906031,-0.04233823186823577,0.8690339908467374,0.4702941695153592,-0.023092987421783243,-0.022637573371920808,-0.022338806057703664,-0.022661544794739207,-0.023998451741600743,-0.01823933754394772,0.6241598715799173,0.6254019992124653,0.626513884034557,0.6291129835602054,0.6308439355699018,0.6294680041370364,0.5675009730134174,0.5680743224961068,0.5684756279674904,0.5683347038735967,0.5645720818225752,0.5612203444186216,0.993493760369491,0.9950378451804207,0.9962037421375814,0.9973273029513785,0.9895100012620989,0.9619249703281074,-0.7636088915695948,-0.765086561851901,-0.7661572238334989,-0.7671633226713286,-0.7599481347680074,-0.7335570863842489,-0.028849137874159263,-0.022701782158592834,-0.025327593498653208,-0.03340954634913762,-0.04452435719700816,-0.039303731286708325,-0.03282018927931464,-0.04814329482458689,-0.06449372247571367,-0.03132693320350922,-0.07212269230150226,-0.04074465059974809,0.6272370957773616,-0.23485597808495648,0.6223733428379081,0.6289939392501396,0.6310731991821195,0.012926942814929008,0.6199997663076112,0.6347641962536783,0.6354895173360943,0.46976659249717706,0.6127758331423021,0.6441465790988818,0.6072946253892452,0.013349575099336061,0.6343742936867665,0.5686221036580149,0.6615723399854502,0.05942296735143993,0.7329763979821492,0.592789402159679,0.7470787211798369,0.033191983612546744,0.7541022637310489,0.6548038671198587,0.9974467686580492,0.01807365263452128,0.9945912361882461,0.9950506104267038,1.0,0.0032778812215566106,0.9938609627195882,0.9930047224975527,0.9950302016190886,-0.16638052617717897,0.9876533130645282,0.9828026150549968,-0.769959844093309,-0.30116539562981987,-0.7654076367402106,-0.7649165682683562,-0.7753929268882171,-0.06461959580061993,-0.7653886374876735,-0.7654198506464012,-0.7776232212076315,0.2868424791769189,-0.7629989399762279,-0.7652071637928666
temperature_roll_std_12,-0.2926722417229607,-0.021430281297764035,-0.2008383505326095,0.0026659919642669184,0.003962501612673452,-0.7453521361559607,-0.00263204697163684,0.013459426299156065,-0.00728544647387517,0.7321244109244944,0.26657814957974857,0.01077332302114194,-0.002916377384867652,0.002026745820936405,-0.007012198954078554,-0.38487933502634114,-0.4868737437598417,-0.5691192082075177,-0.37629749952450264,0.3861467682055444,-0.30724860559273076,-0.021057040139793988,-0.020711394143806523,-0.02038026149273617,-0.019624100079956523,-0.01993061485978159,-0.03033574068482074,-0.3068460162867358,-0.3876254306259452,-0.43665397395169503,-0.37380121742554456,0.12861690414151694,-0.19535604081027547,0.003444742038464026,0.004145972582335493,0.004775069503277688,0.006475151957736675,0.01025727610590749,0.01641414697825266,0.0036820026501703435,0.003472801850964236,0.0033536935137437507,0.003191298018441467,0.0023294003499524677,-0.0007039612141944984,-0.5824377572564079,0.0616595040354924,-0.7155190040859105,-0.4112496794066228,-0.3549884370679933,0.4548236986432117,-0.4610236682786415,0.023896739388861013,-0.0006698320184436913,-0.029788294872739783,-0.04241213908262753,-0.03501698113545036,-0.01647126623387714,0.339018769558666,-0.04664564329048801,0.005378125406270236,-0.011072386339532567,0.6796767092966077,-0.07740897061465252,0.036948080351605926,-0.019190867491080045,0.0517922675910968,-0.030641976479601346,-0.02132618732898356,-0.39754805918590796,-0.15923587967232117,-0.3383659094235292,-0.3630927073111915,-0.3375935757534345,-0.38515375304097904,-0.14114493798380662,-0.3144322520682172,-0.008340470105840605,-0.0031307401358730653,-0.025336179765530306,-0.010132720394506894,0.0029774684058762146,0.4845972576442387,-0.02863908735436304,0.037132263779087196,0.0032778812215566106,1.0,-0.06699773372477812,0.07896166250399551,0.009225164019389678,0.2281473836607945,-0.009449486420081745,0.028398128014599334,0.0017499563262456364,0.34006436116124217,-0.04170089117821168,0.048875290732950244,-0.00042127525786079953,0.7278446670217315,-0.0969824690447604,0.10356226483067305,0.0008554624341284733,0.12750330555422276,-0.02263644388015519,0.024661932209724784
temperature_roll_min_12,-0.004984102518613033,0.6266090285816704,0.5802837562744505,0.9907509229714515,-0.7648210476694135,0.054082190916830294,0.008019739338126263,-0.5401545817907344,-0.006265260250513074,-0.05183555017841054,-0.01929644568685356,0.0024746881860798512,-0.040812300938227734,0.8705433347639678,0.47465125907222316,0.00080326293365706,0.007626943433806221,0.013493348004330977,0.0011300658309159432,-0.049987102156986714,0.0016995549981846042,0.6272066362771554,0.6278041055199444,0.62840015844556,0.6301877517085605,0.6330692323483225,0.6318348807501766,0.5888353402243685,0.5955462415652615,0.5998222269573736,0.5955488930856725,0.5537715983344417,0.57449248924432,0.9904415937318716,0.9901323940902517,0.989823324043718,0.9888968914459322,0.9850528994368082,0.9574397596246562,-0.7645802978238775,-0.7643371638642285,-0.7640915789647429,-0.7633381533530152,-0.7598422017038909,-0.7331875558728645,0.008014545546546235,-0.029741764270011652,0.021403381102878375,-0.008650373740229993,-0.022946874474312953,-0.0736885907795636,-0.004344380084298121,-0.05269737032312043,-0.06865146904148256,-0.0312507783158311,-0.07506752862403013,-0.04077386267309655,0.6292213862441394,-0.2611693603824593,0.6270628147601442,0.6293419592146551,0.6320729127233163,-0.037348879798132076,0.6278576961253334,0.6329008242885256,0.6369057396680415,0.4660145328050275,0.6168238632204274,0.6461950896188673,0.635469638146064,0.019985387408517994,0.6599523969337113,0.5933172344196608,0.68486232184496,0.08249160313760165,0.7434503975816625,0.6125949119919604,0.747513161984615,0.0337038975630525,0.7563601525259621,0.6545772575616653,0.9923453261682346,-0.017534973391457608,0.9945136083129982,0.9861341269943158,0.9938609627195882,-0.06699773372477812,1.0,0.981451953541655,0.9895049814568071,-0.2033916785119672,0.9899529855640319,0.9748954315082774,-0.768876245034245,-0.3276070760741992,-0.7603735683680949,-0.769494572608649,-0.7732322656249563,-0.12057069566431625,-0.7570226394672538,-0.776889115529335,-0.7761484434580007,0.2745884946404796,-0.7603326720457834,-0.7704980956219719
temperature_roll_max_12,-0.04363536372709988,0.6137451779060575,0.546665755722793,0.9872060343207223,-0.7532750912724254,-0.05387545300457898,0.02272847224910935,-0.5241983298284537,0.003989921094410921,0.05163740041334716,0.01922268190569858,-0.009921672326725927,-0.05078851346422661,0.8609261949876074,0.4595723808692145,-0.04925119958116429,-0.05581839959053047,-0.061364308029906806,-0.04854756465935858,0.004471201725555956,-0.039796074875384835,0.6145229972415351,0.615300371415714,0.6160773004303761,0.6183757956972407,0.6219023428396705,0.6197022940751371,0.5392761449530488,0.5334694545492854,0.530464342190523,0.5366966564986078,0.5716649559646773,0.543222115317012,0.9875323438200133,0.9878586695150134,0.9881850114086885,0.9891641343114235,0.9885074496056011,0.9610639062213769,-0.753615664192405,-0.7539544524534562,-0.7542868314674334,-0.755248596094989,-0.7546550051158805,-0.7293285116698748,-0.06879365324681834,-0.01565816563061564,-0.07558983166411853,-0.06037518852969407,-0.06795469887361659,-0.002938409037583112,-0.06449486894042691,-0.042885277307189267,-0.060591869311593174,-0.030769919308661763,-0.06996680252787696,-0.039932927514884545,0.6177438652041323,-0.20308792226450922,0.610130177096798,0.6214354716755285,0.6220829371760893,0.06618694940726023,0.6060716219433464,0.6307432084258093,0.6264113512844901,0.4692256720693977,0.6026563478014416,0.635511914428203,0.5722543209710669,0.002499914898720406,0.6034565803020415,0.5370691583744319,0.6323468825706244,0.030496614140476375,0.7176371536160107,0.5654498938859759,0.7425789236531437,0.032893638723721974,0.7474705337769008,0.6510739340517212,0.9899667967835504,0.05402562608581387,0.9841582296149995,0.9925982690433915,0.9930047224975527,0.07896166250399551,0.981451953541655,1.0,0.990709660903991,-0.12361433597064778,0.9791520448991738,0.9859569481373687,-0.7591871174678526,-0.269328486733845,-0.7596686147640672,-0.7499481032470315,-0.7657223104168095,-0.005099950031553926,-0.769124195319827,-0.7477157978371954,-0.7704685964293756,0.29816571825838584,-0.7613230796962736,-0.7541827851777538
temperature_roll_mean_24,-0.024809135862834147,0.6154755597802538,0.5607882540515724,0.9818792753294464,-0.7519015122791852,-0.00016311253866221103,0.030244533049371906,-0.536948794443011,0.01663554855792153,-0.00015373318620099814,0.0021291745323321013,-0.01727700092363464,-0.039994336799533875,0.8720472483731262,0.4691825383014072,-0.024507518457415306,-0.024161573751292662,-0.023805941754994755,-0.02288517724535375,-0.022343836603958903,-0.02181179162498376,0.6169172415477201,0.6182961264553937,0.619616235946847,0.6231969042217004,0.628697925557042,0.6325523282432604,0.5618063040895681,0.5628454562144755,0.563914902245251,0.5667507033210872,0.5679743027800823,0.5636999590297518,0.9840530816064086,0.9860245763268629,0.9877941916717272,0.9919358832712458,0.9948081404369018,0.9800284705576078,-0.754034162718999,-0.7559636259648881,-0.7576843902891085,-0.7616738741933953,-0.7642621334183849,-0.7503089000382992,-0.030436200664694987,-0.022279949269752,-0.027504172289568307,-0.03441396812273791,-0.04511866566787568,-0.03847261417223306,-0.03370017120168668,-0.047809042934948316,-0.06741378933760178,-0.03497546977339597,-0.07368194573419623,-0.04397516783468519,0.6203000452189482,-0.23511001906760493,0.6154079007184814,0.6223330975465051,0.6251292243069773,0.012578060156001727,0.6146419261919993,0.6297338326016891,0.6325765275034648,0.4686074863493385,0.6102623522213136,0.6422407112700587,0.6028109238563941,0.011765053820895256,0.6302526015420792,0.5638870177832452,0.6599932106445872,0.05194176475981167,0.7342138459628883,0.5895288827077899,0.7482207868734999,0.029325800658439868,0.7574655646786508,0.6560224139275193,0.9889632477030655,0.02034865007236008,0.9860865672539311,0.9872737742105878,0.9950302016190886,0.009225164019389678,0.9895049814568071,0.990709660903991,1.0,-0.16318583548087653,0.9905061827377597,0.9889738471019482,-0.7613146155323739,-0.29947154563853917,-0.7574446807648773,-0.7564068510927472,-0.7699461223137082,-0.06338294240132378,-0.7620232824081524,-0.7609738063062539,-0.7809052389029627,0.2925903201196497,-0.7673570543177286,-0.7673787143084431
temperature_roll_std_24,0.18355340624844554,-0.2186246241892592,-0.03902785157626493,-0.17042976230633292,0.19385805483860152,-0.11785463043841929,0.07106977262116743,0.2086681978328399,0.045356650782040174,0.08906336035041652,-0.2979708554658703,-0.043691837879047006,-0.048514758375953745,-0.19324332533251734,-0.18732864259937324,0.1164312512196028,0.02394267815502159,-0.06637083270100837,-0.18894793348136998,-0.030568281009901967,0.2003390620379287,-0.21845778436976837,-0.21836473713869603,-0.21829701262802986,-0.2181510748417568,-0.21809812626923888,-0.21951429569514647,-0.05256337207786402,-0.06812870977491718,-0.09979541296122404,-0.21417908030236804,-0.3397795694464652,-0.022868639013195607,-0.16879376367502227,-0.16719670688390315,-0.16568212115484934,-0.16158802363214,-0.15454938617671027,-0.13994882221160287,0.19177302220590822,0.1898402829552551,0.18802463434959554,0.18306666259756257,0.17451958584382118,0.15715318263354716,-0.024874918713872346,-0.1310463803887747,0.044542047920348445,-0.0667213454533306,-0.10100380502926642,0.03834457650751599,-0.11610249892201176,-0.04218169553950959,0.09265592023587013,0.12342524928601012,0.05690296116561981,0.12571561379066196,-0.21762429449836124,0.013027204587996387,-0.21526421124626485,-0.2216087318206115,-0.21506032231177416,0.05963957699753011,-0.22466728153461327,-0.21246616401993476,-0.21086970207077044,0.022361532414092163,-0.2327671602860597,-0.2065269269475408,-0.10055492514990558,0.04703022997651293,-0.13454265321868225,-0.07708486848591567,-0.23839781425609372,-0.02059986214901193,-0.24979306551354877,-0.20482544335785774,-0.20627303360633353,-0.04274347554413164,-0.21971386706710558,-0.182618956113753,-0.16817923118005476,-0.09979620079709864,-0.17857968410362096,-0.15491152796773855,-0.16638052617717897,0.2281473836607945,-0.2033916785119672,-0.12361433597064778,-0.16318583548087653,1.0,-0.24222066761078392,-0.07192768217001977,0.18877475145705386,0.012508972194597399,0.18203555432500623,0.19648563596330879,0.18293180645951357,0.09776584399413996,0.14846247357089457,0.22150222550011195,0.17219038355270685,0.2788215948591683,0.10041583579107106,0.25251094963706433
temperature_roll_min_24,-0.03329274705554417,0.625749573989839,0.5626124669286172,0.9845533728147045,-0.7632568529711731,0.008698687272225367,0.016847413913651042,-0.5497744759317108,0.004106732061550362,-0.0018918416909793506,0.007188998425721532,-0.0030206974018557957,-0.03579042713588997,0.8793682218583364,0.480828892329496,-0.031827541491422015,-0.0281524698503132,-0.024674974487172395,-0.020682942826788033,-0.02590776351734744,-0.027774400133370927,0.626391593560282,0.6270334921422624,0.627674206781747,0.6295956581467663,0.6334303867928004,0.6402879821019208,0.563462384319356,0.5637509118490318,0.5654721376215011,0.5703480899162808,0.5738743982427648,0.5658659768161743,0.9842405871762305,0.9839279349170926,0.9836154160343841,0.9826786596158024,0.9808087475509096,0.9750850732062513,-0.7629585804807807,-0.7626580363504657,-0.7623552296922892,-0.7614351269463157,-0.7595359632037809,-0.7536162128732636,-0.03354373126496365,-0.01994890685785754,-0.03297139828680986,-0.036349230949976226,-0.04951460510386566,-0.04487005193494805,-0.03688532012418364,-0.05524890470331394,-0.0768595157303683,-0.0402612102820518,-0.08588105196286075,-0.05037781659452189,0.6287327321167819,-0.24074818700454803,0.6244431487746922,0.6304609191035695,0.6319916512841786,0.008645436879245145,0.6231220065909563,0.6363864824226115,0.6380959878957756,0.46259761552650674,0.6212518578459106,0.6490765058205835,0.6042408755196056,0.012253587484002309,0.6323330578122393,0.5656078733313501,0.6640393287305677,0.05491750600902689,0.7389915248039994,0.5939980629033135,0.7524344323211549,0.022810836718072748,0.7652069571708408,0.6585650088406679,0.986136434363613,0.015810252376951103,0.9865559661485395,0.9816971910014001,0.9876533130645282,-0.009449486420081745,0.9899529855640319,0.9791520448991738,0.9905061827377597,-0.24222066761078392,1.0,0.9769491463511448,-0.7671554250639242,-0.3043865115085604,-0.7612469502385584,-0.765181375960838,-0.7713018068773094,-0.07221345966912587,-0.7607830980395224,-0.7692475741979964,-0.7797192454459676,0.26714382307451784,-0.7662500816601447,-0.7831297703199456
temperature_roll_max_24,-0.014986425312957173,0.5981611073242129,0.5510978663455045,0.9767436888596578,-0.7368679834604039,-0.008665396913377288,0.04903174971604569,-0.515709667034537,0.026365149343966044,0.001884601507856829,-0.0071614857298559495,-0.029386619517385092,-0.05735231406940817,0.8587847474034014,0.44907642388180696,-0.016343322098800805,-0.019775407682913616,-0.022899546653188368,-0.026407440848547868,-0.019546974917206954,-0.014924706377617876,0.5989474431529214,0.5997300111069841,0.6005120769232549,0.6028553120682045,0.6075120610103332,0.6154512453339408,0.5517389538901647,0.5527117047342388,0.552800132553273,0.5539759755284434,0.5515188489372101,0.5616530971320839,0.9770919377270573,0.9774402073087223,0.9777884976078165,0.9788334928413172,0.9809240431061771,0.9824806248249709,-0.7373357164880777,-0.7377967546403507,-0.7382510979184332,-0.7395835001818298,-0.7420818743534552,-0.7441473866621571,-0.02739370574734981,-0.025622830016652554,-0.021599333898773075,-0.032876150718255,-0.04173060164938087,-0.03241038638099658,-0.03214606110645287,-0.04141461962826368,-0.057273046095362865,-0.02609060316653341,-0.06376021424760246,-0.034968462801397864,0.6019657769777208,-0.22570694159947213,0.5962226734687455,0.6042174781111943,0.606120190702776,0.021165419520967697,0.594177469606167,0.611717160382086,0.6139320739968394,0.47325879153185557,0.5909334108651815,0.6272604243102011,0.5913528500095417,0.01831591902146109,0.6159303999488274,0.5550619694616157,0.644190635873267,0.05337299637612783,0.7163339669342493,0.5759514674512722,0.7358893345987563,0.020846087636080955,0.7449172746795018,0.6441925482995461,0.9796310159207279,0.02014314010421737,0.9754611873351887,0.9804976217074751,0.9828026150549968,0.028398128014599334,0.9748954315082774,0.9859569481373687,0.9889738471019482,-0.07192768217001977,0.9769491463511448,1.0,-0.742880565768052,-0.29198922878600964,-0.7408942547041235,-0.7365526010003975,-0.7495393192860396,-0.05453521852928547,-0.7475384708557873,-0.7379803423826059,-0.7630586560149492,0.32037816793260093,-0.7668232588718706,-0.7467473124381553
humidity_roll_mean_6,0.01639032506403367,-0.4378576890031983,-0.41307228614941915,-0.7694109328076278,0.9878060867174276,0.0035521099783426386,0.016275415992149007,0.5117786590738013,-0.006245342943970225,-0.0028169472009962142,-0.0006260304023342977,-0.02498490335893562,-0.024387254819313774,-0.667139199376801,-0.4043657409072458,0.017217770325873398,0.017843896572780717,0.018181452285102522,0.017422029187603782,0.01741403843865504,0.01943306537773909,-0.4392691668141038,-0.4403936148338779,-0.44124431454525676,-0.4416302141407142,-0.43988245139092036,-0.43541590396896085,-0.41207848076789116,-0.4111893200903063,-0.41036166506908006,-0.4085337010702057,-0.40691956333178037,-0.39788102504010836,-0.7708383536602388,-0.771538326955392,-0.7715020866809101,-0.7670376062162306,-0.7536424603449062,-0.7263095207343687,0.9931171529554711,0.995744018716891,0.9957147748034076,0.9799455552956523,0.9323697213199965,0.8361237099927084,0.02342911780954129,0.018890399710438717,0.01954850933727393,0.027520702467316825,0.03306276005962628,0.02922569208678528,0.02170504644259677,0.04239104743879084,0.05432699996645131,0.05569254069404729,0.046327878548286336,0.05733383491127555,-0.4414488251357,0.2432069534040759,-0.4355114428379334,-0.44411739899473024,-0.44245269354797484,0.0030963663758360907,-0.4301306407054207,-0.4473405049274797,-0.4425400685091817,-0.39880606846288696,-0.4191508585717257,-0.45203561640363216,-0.4416871300707289,0.004600439860530909,-0.4617611493610409,-0.4114362959790439,-0.48296618015715714,-0.025960709222311966,-0.538718078895676,-0.4293243355646806,-0.530579593415045,-0.0025787517526037165,-0.5612517125263904,-0.4634590169003265,-0.7725323155417531,0.0009330234350548755,-0.7712570509367976,-0.7679817704794105,-0.769959844093309,0.0017499563262456364,-0.768876245034245,-0.7591871174678526,-0.7613146155323739,0.18877475145705386,-0.7671554250639242,-0.742880565768052,1.0,0.29154956124392634,0.9897366156355849,0.9880745556115534,0.9916272656164027,0.05741299431253389,0.9705399539840646,0.9678914838831311,0.9621303112101838,-0.33426722321985314,0.9398063462542705,0.9366261919889677
humidity_roll_std_6,-0.5389875744287551,-0.2559404207114718,-0.3906645225822906,-0.299855273533531,0.2928009844420322,-0.5483951875656196,0.0005855029674395948,0.2987211158979001,-0.006701889212481759,0.20751030046587426,0.4745406111978752,0.02010056186204858,-0.007427225236590949,-0.30392832028342875,-0.2582779480269181,-0.510372402954603,-0.4397756704273988,-0.31812972140157386,0.20118166402464244,0.08401838513388178,-0.5418025605030045,-0.2551543986416905,-0.25431183980209404,-0.25345233394273714,-0.25191620435792855,-0.25259651161945496,-0.2542314182490753,-0.3864701207644103,-0.37632964942165753,-0.3798553631385425,-0.34210475818783165,0.0959763907740075,-0.37935101075850153,-0.2997749172116398,-0.2996781749453582,-0.2995809582515772,-0.29885277183669423,-0.29572038670671735,-0.28943466114649796,0.29308121666103615,0.2933946123808274,0.29369440879106923,0.2934551931128085,0.28873290965422704,0.2805480864890011,-0.39942377533434575,-0.12576406565962145,-0.3861410900100229,-0.3298602602089228,0.04550651523720798,0.3084446163523105,-0.1730814945794295,0.14402390978088242,-0.005011134287129448,-0.046274814683224995,-0.07937313175826226,-0.04740315567629797,-0.2499173318169396,0.9264458681047317,-0.30051650892850823,-0.207261073169651,-0.2535020517408957,0.461558163553416,-0.278307056094523,-0.23042201871428677,-0.26489056518047793,-0.31392710278566005,-0.23416381700455147,-0.2774331772527415,-0.4184520272978592,-0.2608978157096776,-0.3378981457689678,-0.4566292973000157,-0.3177308620285639,-0.11525525551738255,-0.26616478451311615,-0.2699421106560874,-0.23942650490560585,-0.06702836679278343,-0.2574499430598501,-0.23894692763576514,-0.3012630460594149,0.7057681866621511,-0.3402170699502624,-0.2588732169917917,-0.30116539562981987,0.34006436116124217,-0.3276070760741992,-0.269328486733845,-0.29947154563853917,0.012508972194597399,-0.3043865115085604,-0.29198922878600964,0.29154956124392634,1.0,0.20958735709514267,0.3774182315681894,0.29287084500196797,0.5138496366002304,0.2367410531228308,0.34581324439217387,0.2948493452004474,-0.2816951349549824,0.2929342220517922,0.28314068697314204
humidity_roll_min_6,0.07101417983151757,-0.43510484549787093,-0.3879642831889951,-0.7646823706706177,0.9821386156214533,0.0604902760054123,0.01323622113220917,0.5086383043400536,-0.008287415946676818,-0.02412012298857102,-0.049974920664043965,-0.023364881858513795,-0.021536896303483575,-0.662269000695526,-0.4043255492565634,0.06896495139327628,0.062312608617683805,0.04998023335110815,-0.004057653539891337,0.008276073312442749,0.07533612755468344,-0.43614740598212337,-0.43718369739974566,-0.43821166964119607,-0.43997379999476754,-0.4381584927989374,-0.43354665935621606,-0.38757332065595584,-0.3882273412255967,-0.3880669498684837,-0.39200807486807626,-0.43495436097281837,-0.3735763062932628,-0.7649147906589366,-0.7651457811699087,-0.7653740208974631,-0.7636129583541575,-0.7503020492053333,-0.7231388557370614,0.9819276399384157,0.9817007593956796,0.9814575746625132,0.9731546976013482,0.9262262221901417,0.8311343388677102,0.06357442848705698,0.03137530118241023,0.05805245908653654,0.06050437196527079,0.027129307798089187,-0.003608246368409529,0.037531841105270296,0.026382061208540624,0.05396475077009413,0.061037030276251826,0.05064137800152953,0.06268801887338435,-0.4396813866293026,0.1686277103135785,-0.4275162048925734,-0.4477158483797461,-0.441095141256211,-0.04234589764889695,-0.4235993711125108,-0.44940740543625546,-0.4405977157677211,-0.39879952590502493,-0.415555252221935,-0.4509981339756164,-0.4165969005844223,0.02734998566998176,-0.44447598857899673,-0.3819709402405574,-0.4716209893414299,-0.019284818336922114,-0.5322465027237644,-0.4219662982108645,-0.5282656024833386,-0.005957994464748766,-0.5563031454741716,-0.46145562768743764,-0.76717446594307,-0.0766069495469829,-0.7614461372018941,-0.769675194212421,-0.7654076367402106,-0.04170089117821168,-0.7603735683680949,-0.7596686147640672,-0.7574446807648773,0.18203555432500623,-0.7612469502385584,-0.7408942547041235,0.9897366156355849,0.20958735709514267,1.0,0.9651765410766109,0.9832938708388054,-0.0015424749400185017,0.978696188697085,0.9476377213930991,0.954800736731222,-0.35693263678571946,0.9433776712543386,0.9217748104560004
humidity_roll_max_6,-0.04215049602156213,-0.4361855406166401,-0.43487957691437856,-0.7657056672387881,0.980907412052762,-0.057178753996505585,0.018705406162541707,0.5088177607902303,-0.004599322337977338,0.02046113280830079,0.05181843000158342,-0.025286607470096582,-0.027574859071604476,-0.665586338568406,-0.3990687486425705,-0.038456719898308386,-0.030260926705138396,-0.01663334278305288,0.039693410888069505,0.02714308532439886,-0.040491945008544986,-0.4365843432155073,-0.4369728317440802,-0.4373494596391221,-0.43781257353743885,-0.4360370202604144,-0.431553652844813,-0.4332994198037868,-0.4308623436915433,-0.4298482108982065,-0.42204723501363933,-0.3723688599469281,-0.4189528342962657,-0.7654133578730352,-0.7651270560424993,-0.764839296530607,-0.7620620315802148,-0.748858562723419,-0.7218805935052436,0.9811905164473489,0.9814556247635715,0.9817028151537558,0.9742887044339822,0.9268681874394314,0.8310836287908747,-0.020177084344383072,0.004357402492788575,-0.021571212924045395,-0.008580003054953085,0.03890273576633707,0.06356388904238566,0.004951028892151344,0.0592722541759169,0.05497682195678481,0.0508845564033365,0.041276053951519065,0.052390217777398045,-0.4373866484644499,0.3205654824729937,-0.43887771766358197,-0.4352791441410381,-0.43822476872525773,0.05121640626662349,-0.4318461127007182,-0.44015439666694656,-0.43881245511121886,-0.3970304154734816,-0.4175638368561165,-0.448223709328655,-0.4635543527354949,-0.021177635245956228,-0.4747884956644148,-0.43860855734294824,-0.4896185366383333,-0.03179716252111181,-0.5391075960954332,-0.4316693908986952,-0.5268421472666358,0.0011948793914767798,-0.5595685141818506,-0.4598073508340533,-0.7672316485938245,0.0842170732618717,-0.7731753886772592,-0.7573000797708519,-0.7649165682683562,0.048875290732950244,-0.769494572608649,-0.7499481032470315,-0.7564068510927472,0.19648563596330879,-0.765181375960838,-0.7365526010003975,0.9880745556115534,0.3774182315681894,0.9651765410766109,1.0,0.9823090028310714,0.12061440699132299,0.9485612426995984,0.9772588424594808,0.9547221300976982,-0.30643733906749043,0.9232857048993259,0.9405540614805455
humidity_roll_mean_12,0.01273778324951699,-0.4343506814648236,-0.4177344349180496,-0.7682672845223975,0.9716458714579788,0.002976222741783364,0.014628536707520146,0.5121150598923333,-0.0022769162266117753,-0.003594714750296773,0.0005543734951131328,-0.02650002723960105,-0.02042243184640806,-0.6695722807020913,-0.4041115246544907,0.014288525003044368,0.0157420816388711,0.01697677670476897,0.018027994462659847,0.016136514313073176,0.018547046242954966,-0.43592121431199393,-0.4373566819739202,-0.43866668234338374,-0.44161582160064894,-0.4428372310030266,-0.438757953910335,-0.4168303945120341,-0.41602837823734024,-0.41532587671281995,-0.4130220429636151,-0.40986108640828656,-0.4021075713777272,-0.7700920213894518,-0.7715505511747758,-0.7726559522856855,-0.7736212322901493,-0.7656349489539844,-0.7381532318159167,0.9783569615741488,0.9837766020236252,0.9878344112007972,0.9917198716348441,0.9637093779472148,0.8668973456547199,0.02137890290025836,0.016880231931321,0.017652613046405193,0.025034410970736307,0.03175971711944601,0.027662177791341995,0.019166353388110433,0.040075239479814485,0.05240796637741476,0.05498807243924309,0.042541682816734386,0.05497787971617005,-0.4389253783108462,0.24236193341108075,-0.43299561225872585,-0.44201765037598484,-0.4421128662245995,-0.0007137688610058561,-0.42922674258485566,-0.44768344262588483,-0.44359594481272846,-0.40216396552898936,-0.41840081916758604,-0.45260583341704985,-0.4467292490460349,0.007363085353846933,-0.4678126829348679,-0.415706928147096,-0.4872841900089309,-0.02266426617009007,-0.5445731480009625,-0.43233837259797636,-0.5361444503924043,-0.005007305191374117,-0.5680440514126439,-0.4688818208682342,-0.7736165043250132,0.004900052869752691,-0.7725639478248956,-0.7699482257953066,-0.7753929268882171,-0.00042127525786079953,-0.7732322656249563,-0.7657223104168095,-0.7699461223137082,0.18293180645951357,-0.7713018068773094,-0.7495393192860396,0.9916272656164027,0.29287084500196797,0.9832938708388054,0.9823090028310714,1.0,0.05627916430708233,0.9785389121096443,0.9754592934290224,0.9829823967824309,-0.3361320677191176,0.9478324956391937,0.9442328863619365
humidity_roll_std_12,-0.29132279940755257,-0.04273746192402313,-0.22043383384949217,-0.06494531422422878,0.058611978246312736,-0.7389489277562712,0.003740036956933795,0.05270794553672096,-0.004269084918352763,0.7208234223294022,0.2644279363389245,0.01496873571996849,-0.0146183244001704,-0.06642268183563052,-0.03551750228577392,-0.3778563419096103,-0.4754815707681781,-0.5560724617197742,-0.3703077516643178,0.3680155571098454,-0.2985340374373188,-0.04195582153486402,-0.041047213350000646,-0.0400819886234084,-0.036942054202296765,-0.03244424380683139,-0.03701939118766087,-0.31949347097424,-0.39678953073505563,-0.4478694155908743,-0.3917430230681243,0.10056002604249874,-0.21379128448451878,-0.0646935014231519,-0.06440263074452152,-0.06411018276341665,-0.06324753746735474,-0.061618692410750714,-0.06034080185256604,0.05895231042950643,0.05932783245881288,0.05975120697721771,0.06099754716018908,0.062219875872701905,0.05482959034094303,-0.5707368054887397,0.062174873470333625,-0.7046938998232043,-0.403294180989576,-0.35860853451552155,0.4425678064625745,-0.46065929774424935,0.011343357746778556,-0.009960546536540115,-0.03801128118493261,-0.042876963529101184,-0.04168942620852448,-0.036977474517031116,0.4774757327583768,-0.0718223963872034,-0.008979284925599225,-0.02994212405260916,0.873925042193649,-0.10726460188029897,0.03216582326097558,-0.03506040183730798,0.01435912270554946,-0.04459564492061491,-0.03541027253417281,-0.41544456270856717,-0.22907805666279507,-0.33383253372202804,-0.4020224448502288,-0.37027234085906036,-0.4581086111518216,-0.15458783561425338,-0.3513482432688383,-0.04626221272878434,-0.03288318492779299,-0.057007270451735925,-0.04943359824757133,-0.06487810484020298,0.43623005178251717,-0.0901394112445365,-0.03813508825305515,-0.06461959580061993,0.7278446670217315,-0.12057069566431625,-0.005099950031553926,-0.06338294240132378,0.09776584399413996,-0.07221345966912587,-0.05453521852928547,0.05741299431253389,0.5138496366002304,-0.0015424749400185017,0.12061440699132299,0.05627916430708233,1.0,-0.07478878854827135,0.19570932887340164,0.05904905288701157,0.11780691992803563,0.02751996880394616,0.08643831353769867
humidity_roll_min_12,0.045027717230217076,-0.4296920990095476,-0.3912648777016305,-0.7604723482770048,0.9629197655916123,0.08947960596413716,0.007802276046246077,0.5066843137128689,-0.006915987725815613,-0.08507297246492779,-0.03128794242165596,-0.02237967568801434,-0.013591174257834501,-0.660490658296622,-0.405363140323036,0.05509962309108508,0.06664353937601362,0.07636646819752917,0.05720601355527582,-0.024362346927599338,0.05458236047367785,-0.4307328969880836,-0.4317716446205535,-0.43280868518315774,-0.43589788848395755,-0.44061717030678516,-0.43624265963729475,-0.3784911776336212,-0.36844673227179464,-0.36200608883481283,-0.3686534275488003,-0.4252783187690291,-0.3790404648836607,-0.7606891793694175,-0.7609035265796774,-0.7611155919045444,-0.7617372126831852,-0.7604971831353238,-0.733383542420556,0.9627939945173752,0.9626580308233812,0.9625099819157399,0.9619848097690564,0.9530436444875444,0.8588232981833639,0.08285905929832764,0.005771661172740036,0.09574683847825444,0.06658586724391803,0.06907687779805782,-0.026219286533299475,0.06834221437864763,0.03588565839024702,0.051263769736772206,0.05952370455744935,0.04156517301187711,0.05976692544211897,-0.43404208207408274,0.19385047230263353,-0.4237286180678149,-0.4407151810342418,-0.4387227315858932,-0.10170828963893,-0.41647902787258895,-0.45356183372111153,-0.4409112217744579,-0.4167616456992363,-0.4121384426888813,-0.4516306366628602,-0.39789059824236733,0.027674197323736733,-0.4264488200278405,-0.3699291325872094,-0.44666810735471896,0.02458963080789901,-0.5261906588083853,-0.39586043333786314,-0.5319752154978499,-0.013330670415057025,-0.5595401364759286,-0.46775046599438447,-0.7628732894035013,-0.047785553266162135,-0.7584773767569241,-0.7641350659643492,-0.7653886374876735,-0.0969824690447604,-0.7570226394672538,-0.769124195319827,-0.7620232824081524,0.14846247357089457,-0.7607830980395224,-0.7475384708557873,0.9705399539840646,0.2367410531228308,0.978696188697085,0.9485612426995984,0.9785389121096443,-0.07478878854827135,1.0,0.9342267462140428,0.9672063450580128,-0.4053737834275931,0.9594021487377127,0.915034601780496
humidity_roll_max_12,-0.019993111164500896,-0.43191484521198004,-0.4360294812932879,-0.762619784651002,0.960745269074015,-0.08770551808094179,0.020475196622982774,0.5070277164189423,0.0016082179203268173,0.08484218177348381,0.0320715548309804,-0.028087048224681645,-0.027766313597384656,-0.6678923364000887,-0.3935202878110261,-0.02859332608842179,-0.03906591037065972,-0.048192325028426804,-0.027126230429200284,0.06022937174190302,-0.018319384214191693,-0.4323646145033962,-0.43280406132518745,-0.43323157493394615,-0.43445815782374,-0.4360234228112887,-0.4318554324910977,-0.44823617702312135,-0.45789708709279836,-0.4640046243010327,-0.45434327643015565,-0.38636815759438975,-0.41922316878881577,-0.7623362761186077,-0.7620600592395529,-0.761783934169071,-0.7609197451521642,-0.7572010886518952,-0.7305085243526467,0.9610268976166202,0.9612896741860736,0.9615342096315482,0.9621636971475135,0.9549768849050059,0.8590200103829798,-0.04565481011254043,0.02637160655341261,-0.06547880104211552,-0.02140375559148827,-0.010195302320017793,0.08275569199960336,-0.032814846355917686,0.042346020612766724,0.0532139640896691,0.050057321770490534,0.04367024301010613,0.049869935358752886,-0.4333750241446823,0.2896961104936914,-0.4331532801371243,-0.4327186580813122,-0.4347422609772833,0.10564337415461957,-0.43457818588144764,-0.43317192314279984,-0.43637611236413976,-0.38326693231431525,-0.41652212376694475,-0.44543317516515735,-0.48982974177651867,-0.013878078407009048,-0.5031275782227168,-0.45632238830725325,-0.522154340540266,-0.0714264765393123,-0.5548633234650225,-0.46387482183608436,-0.5303928966890259,0.002067518445374667,-0.5645656088370503,-0.46102027844691,-0.7641399968507028,0.06112280386170861,-0.7686927055856039,-0.7556774360335006,-0.7654198506464012,0.10356226483067305,-0.776889115529335,-0.7477157978371954,-0.7609738063062539,0.22150222550011195,-0.7692475741979964,-0.7379803423826059,0.9678914838831311,0.34581324439217387,0.9476377213930991,0.9772588424594808,0.9754592934290224,0.19570932887340164,0.9342267462140428,1.0,0.9652656063275018,-0.2554758251385043,0.9155377937455565,0.9570033837935029
humidity_roll_mean_24,0.005475625708046281,-0.4274926664101915,-0.4258946735656998,-0.765782687333449,0.9379482684280656,0.0006428592982451482,0.009726356931248582,0.5124269764995701,0.00534812789629667,-0.0011818309366474983,0.0027849712995391056,-0.027837957189585774,-0.010527293661760606,-0.674300706985059,-0.40348197340148756,0.0067916262058676565,0.00817666677389013,0.009542376999440567,0.012905673435047707,0.015719140996087868,0.016590082945476325,-0.42915372246275285,-0.43075016561176815,-0.43228482488029596,-0.4364977103520142,-0.44269718696688937,-0.4452395553645261,-0.4255850639855687,-0.425122478303158,-0.4245871031711764,-0.4223795675180476,-0.417397048108263,-0.4125039207323353,-0.7678709594740121,-0.7697640363735243,-0.7714758159779246,-0.7754453493805443,-0.7779505650293844,-0.7623689203522449,0.9455823288828368,0.952537870880901,0.9588495852603962,0.973594869937283,0.9836450031948426,0.929762902947135,0.012701521640007629,0.012414810729463231,0.009642872500048132,0.016372472889727967,0.024000375810493833,0.02319622638492407,0.012394398951729453,0.03232510644916371,0.04473358439590493,0.04914428560357677,0.03406333034255825,0.04704601424439914,-0.4325235514871485,0.24229165630150662,-0.4267505021670063,-0.43580222531501595,-0.4373034337012702,-0.0021738948543072933,-0.42470003836636866,-0.4441379004110145,-0.4431454994880601,-0.41012634674984055,-0.416870550391677,-0.45379341142818574,-0.4567312209569536,0.00158607832349527,-0.47629586154424425,-0.42717232768108554,-0.49793835157658617,-0.02619495162191705,-0.5557558551086931,-0.4445357579655786,-0.5474686622143238,-0.013831086731388924,-0.580351797296953,-0.4829225986472185,-0.7723417991789242,0.014416121078470418,-0.7715032663255004,-0.7691765276252152,-0.7776232212076315,0.0008554624341284733,-0.7761484434580007,-0.7704685964293756,-0.7809052389029627,0.17219038355270685,-0.7797192454459676,-0.7630586560149492,0.9621303112101838,0.2948493452004474,0.954800736731222,0.9547221300976982,0.9829823967824309,0.05904905288701157,0.9672063450580128,0.9652656063275018,1.0,-0.3398198857125863,0.9640443518091378,0.9593033603970291
humidity_roll_std_24,0.14342809320841216,0.20019309967044063,0.2424279428039108,0.2817375313633794,-0.33282066595804166,-0.11425718028514982,0.028321579963457588,-0.28339966676063527,0.01858401277710174,0.06977471629578098,-0.23841610891502585,-0.0027740815644730792,-0.053386214428573414,0.2742618839218235,0.28749059251700126,0.0904161140258459,0.011724161320813735,-0.065572639692434,-0.1711589229892253,-0.04527293163879354,0.11217693760099005,0.20120300810112043,0.20242309530218192,0.20361451922320378,0.20770057804408096,0.2173682390808601,0.23400744416949176,0.23595808697619294,0.23079843322865465,0.2033245591025413,0.09946315583623797,0.007630316749552873,0.25485736127996794,0.2823170172549412,0.28298947586353057,0.2836659116924818,0.28576001237948284,0.2899579425599198,0.29837161709753773,-0.33240993995011014,-0.3319270795290871,-0.3314070464068148,-0.3297757621650629,-0.3264847901908428,-0.3216418977267693,-0.03400084656818342,-0.13023326237699742,0.028482601968958108,-0.07592513772922092,-0.10890476131340232,-0.00012053713715999961,-0.10516086649498362,-0.07753959449371123,-0.019002953601466362,-0.008230118469531682,0.012527409135705679,-0.012555772037107745,0.20531062472842057,-0.29429335995328515,0.19804712684634504,0.20829139412510814,0.21332672244704695,0.03025148370148833,0.18439228380061717,0.23089159285352223,0.2297435826195074,0.48972048808776203,0.16537952287913216,0.2662659729410606,0.2269690251885583,0.058357756842611484,0.20121630978411886,0.22790288371811482,0.14877349452123514,0.009831633011742913,0.15927455716939648,0.1409594182833553,0.1927589478225019,0.04848318863542689,0.1918553263914367,0.19123918203150758,0.28404524439267387,-0.040032123680382246,0.2823616318747604,0.28475593534446114,0.2868424791769189,0.12750330555422276,0.2745884946404796,0.29816571825838584,0.2925903201196497,0.2788215948591683,0.26714382307451784,0.32037816793260093,-0.33426722321985314,-0.2816951349549824,-0.35693263678571946,-0.30643733906749043,-0.3361320677191176,0.11780691992803563,-0.4053737834275931,-0.2554758251385043,-0.3398198857125863,1.0,-0.4883026993475853,-0.17029787298716523
humidity_roll_min_24,-0.004787596740121252,-0.42249910722589473,-0.41838161511078253,-0.7584407735083045,0.932288878922984,0.016942222004191952,-0.004159174139562297,0.5054236498592708,-0.004333445457986684,-0.005278827039657342,0.010893758269931213,-0.01753508753884988,0.005449496951157037,-0.6605786835951697,-0.41006295493193656,-0.0017163327435333385,0.004740472866571043,0.010558250701093137,0.017411448051848716,0.010748732695145952,0.013283600727749945,-0.42350564571418253,-0.4245108401905456,-0.4255161048448749,-0.42852739160210745,-0.4345246769455951,-0.444873214081695,-0.4186993305824704,-0.42007542203342885,-0.41889392358430927,-0.41493810387142205,-0.40885743514532474,-0.4145299451678125,-0.7586261221750192,-0.758807272870972,-0.7589869639418392,-0.7595102080360547,-0.7604884513218686,-0.7597996518566253,0.9322628842625771,0.9322338656517524,0.9322014948501458,0.9320763007863416,0.9316215838958171,0.9219127317541462,0.011265646460417007,0.018042389271828854,0.005102319829634458,0.016837075756115767,0.019941680931724073,0.015723131601422913,0.012930561134575913,0.026272515440184014,0.03698095483052633,0.045789919307832425,0.022000661500547566,0.04464596845809778,-0.42631097741176144,0.24723959270407384,-0.41983301607168405,-0.43006006481082115,-0.4304561581246119,-0.01020531643325754,-0.41652920096952584,-0.4388741702537413,-0.43813739006134356,-0.4430811243038846,-0.40958012031785024,-0.45551507236439376,-0.4514948703314968,-0.014021509007090727,-0.46466648255554804,-0.4260984303191165,-0.4909600962946273,-0.03798645859895157,-0.5414657465196578,-0.44265825519677204,-0.5422987978366011,-0.029849762572527357,-0.5698815101121584,-0.48467183668997,-0.7606711617640577,0.010035162812765118,-0.7588836878744097,-0.7594930980539536,-0.7629989399762279,-0.02263644388015519,-0.7603326720457834,-0.7613230796962736,-0.7673570543177286,0.10041583579107106,-0.7662500816601447,-0.7668232588718706,0.9398063462542705,0.2929342220517922,0.9433776712543386,0.9232857048993259,0.9478324956391937,0.02751996880394616,0.9594021487377127,0.9155377937455565,0.9640443518091378,-0.4883026993475853,1.0,0.9100432117739263
humidity_roll_max_24,0.022218990558935107,-0.42609287684562724,-0.41494187367800733,-0.7624702640494817,0.9294173141190739,-0.011033095695954313,0.024754973395489002,0.5059268925559859,0.0152203242714006,0.0005467769961195584,-0.012525981136614179,-0.03550212291044325,-0.027707135533776375,-0.6764835051805376,-0.38413941127895906,0.020832314374845676,0.015767782070717745,0.010752010032604922,0.004186966716325822,0.015942035038461422,0.024131243891614668,-0.42664180323375916,-0.42718039027216204,-0.42770689884152036,-0.42923174234943223,-0.4320202765552713,-0.43587263190007935,-0.41511433503180223,-0.4141945919171932,-0.41623621000163796,-0.4216411276475869,-0.4234940460181108,-0.39990578740777966,-0.7622040604998318,-0.7619477169684213,-0.7616945643067,-0.7608959202174037,-0.7591828823374349,-0.7532932668158453,0.9296959042428603,0.929953930424438,0.9301930689329684,0.930798905952591,0.9315938716807012,0.923976642214568,0.01760478147883454,0.005198196932457694,0.020053587318243606,0.017794340580130012,0.026879458451065267,0.027536405503575133,0.016438866165377843,0.036396738621352266,0.050905377657912795,0.04881439435386747,0.048758102200860035,0.04778923353244039,-0.4280777728458632,0.22795846347201404,-0.42443628179294257,-0.43029078791732484,-0.43001050123278817,0.007958947880269037,-0.42239466394419645,-0.4348153903564247,-0.43315359602361453,-0.3689702533442382,-0.41813653796558975,-0.44228111060134684,-0.44630630021396767,0.005049790542244685,-0.46847190586478493,-0.4172908285411019,-0.49344727259499555,-0.02758572909196558,-0.5533510767993446,-0.4425010518817738,-0.5444342883410462,-0.006706743445624671,-0.5792491805051458,-0.47888475770842176,-0.7639588485306097,0.015520383417807319,-0.7656857525364278,-0.7585167582874265,-0.7652071637928666,0.024661932209724784,-0.7704980956219719,-0.7541827851777538,-0.7673787143084431,0.25251094963706433,-0.7831297703199456,-0.7467473124381553,0.9366261919889677,0.28314068697314204,0.9217748104560004,0.9405540614805455,0.9442328863619365,0.08643831353769867,0.915034601780496,0.9570033837935029,0.9593033603970291,-0.17029787298716523,0.9100432117739263,1.0
