timestamp,traffic_flow,aqi,electricity_demand,temperature,humidity,isolation_score,autoencoder_score,anomaly_score,is_anomaly
2025-02-01 00:00:00,5858.169741697416,90.0,5067.009999999999,24.277500000000003,70.02000000000001,0.0,0.0,0.0,False
2025-02-01 01:00:00,4793.047970479704,90.0,5380.28,24.277500000000003,70.02000000000001,0.0,0.0,0.0,False
2025-02-01 02:00:00,3994.20664206642,90.0,5121.68,24.277500000000003,70.02000000000001,0.0,0.0,0.0,False
2025-02-01 03:00:00,3994.20664206642,90.0,4976.78,24.277500000000003,70.02000000000001,0.0,0.0,0.0,False
2025-02-01 04:00:00,5325.608856088561,90.0,5257.24,24.277500000000003,70.02000000000001,0.0,0.0,0.0,False
2025-02-01 05:00:00,8520.974169741698,90.0,5287.76,24.277500000000003,70.02000000000001,0.0,0.0,0.0,False
2025-02-01 06:00:00,13580.302583025828,90.0,5192.71,24.277500000000003,70.02000000000001,0.0,0.0,0.0,False
2025-02-01 07:00:00,17041.948339483395,90.0,5653.7,24.277500000000003,70.02000000000001,0.0,0.0,0.0,False
2025-02-01 08:00:00,18373.350553505537,90.0,6197.08,24.277500000000003,70.02000000000001,0.0,0.0,0.0,False
2025-02-01 09:00:00,14911.704797047969,90.0,6859.96,24.277500000000003,70.02000000000001,0.0,0.0,0.0,False
2025-02-01 10:00:00,12515.180811808115,90.0,7584.56,24.277500000000003,70.02000000000001,0.0,0.0,0.0,False
2025-02-01 11:00:00,11450.059040590406,90.0,7696.99,24.277500000000003,70.02000000000001,0.0,0.0,0.0,False
2025-02-01 12:00:00,10917.49815498155,90.0,7506.29,24.277500000000003,70.02000000000001,0.0,0.0,0.0,False
2025-02-01 13:00:00,11183.778597785978,90.0,7380.719999999999,24.277500000000003,70.02000000000001,0.0,0.0,0.0,False
2025-02-01 14:00:00,11982.61992619926,90.0,7030.11,24.277500000000003,70.02000000000001,0.0,0.0,0.0,False
2025-02-01 15:00:00,13580.302583025828,90.0,7064.620000000001,24.277500000000003,70.02000000000001,0.0,0.0,0.0,False
2025-02-01 16:00:00,16775.667896678966,90.0,6763.19,24.277500000000003,70.02000000000001,0.0,0.0,0.0,False
2025-02-01 17:00:00,20503.594095940956,90.0,6479.62,24.277500000000003,70.02000000000001,0.0,0.0,0.0,False
2025-02-01 18:00:00,22101.276752767528,90.0,5428.87,24.277500000000003,70.02000000000001,0.0,0.0,0.0,False
2025-02-01 19:00:00,18905.91143911439,90.0,5437.82,24.277500000000003,70.02000000000001,0.0,0.0,0.0,False
2025-02-01 20:00:00,14911.704797047969,90.0,5195.38,24.277500000000003,70.02000000000001,0.0,0.0,0.0,False
2025-02-01 21:00:00,11716.339483394831,90.0,4894.49,24.277500000000003,70.02000000000001,0.0,0.0,0.0,False
2025-02-01 22:00:00,8520.974169741698,90.0,5055.0199999999995,24.277500000000003,70.02000000000001,0.0,0.0,0.0,False
2025-02-01 23:00:00,7189.571955719557,90.0,5083.51,24.277500000000003,70.02000000000001,0.0,0.0,0.0,False
2025-02-02 00:00:00,4440.935424354243,97.0,5077.15,24.679,71.6,0.5331314970963815,0.0806586385435923,0.3295187107476264,False
2025-02-02 01:00:00,3633.4926199261986,97.0,5333.57,24.679,71.6,0.33561005232036,0.021879670127942653,0.19443138033377222,False
2025-02-02 02:00:00,3027.910516605166,97.0,5020.030000000001,24.679,71.6,0.3069461262755229,0.028125887212487936,0.18147701869715718,False
2025-02-02 03:00:00,3027.910516605166,97.0,5010.27,24.679,71.6,0.32863345486807805,0.027271156452835437,0.1930204205812189,False
2025-02-02 04:00:00,4037.2140221402215,97.0,5200.0,24.679,71.6,0.31429597959709465,0.030536756702582313,0.18660432929456414,False
2025-02-02 05:00:00,6459.542435424354,97.0,5156.43,24.679,71.6,0.311968225665961,0.03720386979780408,0.18832426552529039,False
2025-02-02 06:00:00,10294.895756457565,97.0,5078.67,24.679,71.6,0.2752692558524533,0.023942866114751504,0.16217238047048751,False
2025-02-02 07:00:00,12919.084870848708,97.0,5594.879999999999,24.679,71.6,0.3764238360972796,0.03249914090027906,0.22165772325862937,False
2025-02-02 08:00:00,13928.388376383764,97.0,6112.12,24.679,71.6,0.3622876194086123,0.024370638699298806,0.21022497808942125,False
2025-02-02 09:00:00,11304.19926199262,97.0,7193.94,24.679,71.6,0.3652672000316676,0.04874633050583452,0.22283280874504274,False
2025-02-02 10:00:00,9487.45295202952,97.0,7841.740000000001,24.679,71.6,0.4543488842236564,0.058544612616644606,0.27623696200050113,False
2025-02-02 11:00:00,8680.010147601475,97.0,7735.410000000001,24.679,71.6,0.4592042136265374,0.05088074824494168,0.2754586542048193,False
2025-02-02 12:00:00,8276.288745387454,97.0,7748.58,24.679,71.6,0.4711942002195788,0.0347744002442963,0.2748052902307017,False
2025-02-02 13:00:00,8478.149446494466,97.0,7437.11,24.679,71.6,0.4017095136112396,0.02749559743469859,0.23331325133179615,False
2025-02-02 14:00:00,9083.731549815497,97.0,7218.02,24.679,71.6,0.3937875128945707,0.02118185007021981,0.22611496462361283,False
2025-02-02 15:00:00,10294.895756457565,97.0,7189.33,24.679,71.6,0.43671912299360666,0.03498625984004737,0.25593933457450496,False
2025-02-02 16:00:00,12717.224169741698,97.0,7233.74,24.679,71.6,0.43705422882186235,0.04217058325015894,0.25935658831459585,False
2025-02-02 17:00:00,15543.273985239852,97.0,6764.400000000001,24.679,71.6,0.44578263898633563,0.031520860616303006,0.25936483871982097,False
2025-02-02 18:00:00,16754.43819188192,97.0,5798.13,24.679,71.6,0.503647843086253,0.04588413216846313,0.2976541731732476,False
2025-02-02 19:00:00,14332.109778597784,97.0,5614.74,24.679,71.6,0.3570705973121768,0.037108188137807946,0.2130875131837108,False
2025-02-02 20:00:00,11304.19926199262,97.0,5386.09,24.679,71.6,0.35772973751371573,0.02421127097682002,0.20764642757211269,False
2025-02-02 21:00:00,8881.870848708486,97.0,5157.4,24.679,71.6,0.36371984067133906,0.02813065305947401,0.2127047062459998,False
2025-02-02 22:00:00,6459.542435424354,97.0,5186.58,24.679,71.6,0.36538700372610033,0.03269758366913429,0.21567676470046565,False
2025-02-02 23:00:00,5450.238929889299,97.0,5127.629999999999,24.679,71.6,0.3045647306312716,0.03433410534348248,0.1829609492517665,False
2025-02-03 00:00:00,6279.701107011068,88.0,5468.6,24.668,72.9,0.6877199072297485,0.056257172188305074,0.403561676461099,False
2025-02-03 01:00:00,5137.937269372693,88.0,5565.6,24.668,72.9,0.5519182426296713,0.022687316277088393,0.313764325771009,False
2025-02-03 02:00:00,4281.614391143911,88.0,5257.0,24.668,72.9,0.5259975806686652,0.02289669550396305,0.2996021823445493,False
2025-02-03 03:00:00,4281.614391143911,88.0,5244.8,24.668,72.9,0.4889468642086241,0.017634465251128387,0.2768562846777511,False
2025-02-03 04:00:00,5708.819188191882,88.0,5449.9,24.668,72.9,0.48149240497665646,0.02714430068490729,0.27703575804536934,False
2025-02-03 05:00:00,9134.110701107013,88.0,5407.9,24.668,72.9,0.46008115433530195,0.02811841670050531,0.26569792239964346,False
2025-02-03 06:00:00,14557.4889298893,88.0,4673.1,24.668,72.9,0.640010027417146,0.0230129395634117,0.36236133788296554,False
2025-02-03 07:00:00,18268.221402214025,88.0,5309.83,24.668,72.9,0.49947049876952226,0.02399180211962859,0.28550508527707014,False
2025-02-03 08:00:00,19695.426199262,88.0,5775.459999999999,24.668,72.9,0.49014271284535893,0.025682541426789687,0.2811356357070028,False
2025-02-03 09:00:00,15984.693726937268,88.0,6727.66,24.668,72.9,0.4827105730561724,0.027063324769877533,0.27766931132733974,False
2025-02-03 10:00:00,13415.725092250925,88.0,7553.74,24.668,72.9,0.5237439405875539,0.03437220373397286,0.30352665900344244,False
2025-02-03 11:00:00,12273.961254612548,88.0,7555.799999999999,24.668,72.9,0.5046144125359012,0.023064549621467034,0.2879169742244059,False
2025-02-03 12:00:00,11703.07933579336,88.0,7546.0,24.668,72.9,0.4509535418508174,0.019530153616494322,0.256813017145372,False
2025-02-03 13:00:00,11988.520295202956,88.0,7285.52,24.668,72.9,0.43609702614086426,0.015978616777046536,0.24704374192714632,False
2025-02-03 14:00:00,12844.843173431733,88.0,7030.4400000000005,24.668,72.9,0.37808337495034466,0.016547494164531648,0.21539222859672882,False
2025-02-03 15:00:00,14557.4889298893,88.0,6971.6,24.668,72.9,0.40570337991885863,0.029898611200049347,0.23659123399539447,False
2025-02-03 16:00:00,17982.78044280443,88.0,6949.59,24.668,72.9,0.3877831252114665,0.027846486859537663,0.22581163795309853,False
2025-02-03 17:00:00,21978.953874538744,88.0,6452.49,24.668,72.9,0.484438356152717,0.015937048913489633,0.2736127678950647,False
2025-02-03 18:00:00,23691.599630996316,88.0,5581.5599999999995,24.668,72.9,0.5622266877437844,0.016877899361864235,0.31681973297192034,False
2025-02-03 19:00:00,20266.308118081175,88.0,5384.8,24.668,72.9,0.47520690215901923,0.01975961223117068,0.27025562169148737,False
2025-02-03 20:00:00,15984.693726937268,88.0,5097.0,24.668,72.9,0.42400318671974613,0.012970854162799729,0.23903863706912026,False
2025-02-03 21:00:00,12559.402214022137,88.0,4775.3,24.668,72.9,0.43378595517550794,0.016359183089072957,0.24594390773661223,False
2025-02-03 22:00:00,9134.110701107013,88.0,5030.7,24.668,72.9,0.41967702674668506,0.027718038218822762,0.24329548190914704,False
2025-02-03 23:00:00,7706.905904059042,88.0,4877.1,24.668,72.9,0.3481680695605707,0.034746338253662246,0.20712829047246192,False
2025-02-04 00:00:00,5926.321033210331,95.0,5199.8099999999995,24.067,65.32000000000001,0.622303518284079,0.1677526718884222,0.4177556374060335,False
2025-02-04 01:00:00,4848.80811808118,95.0,4721.59,24.067,65.32000000000001,0.4827891275880325,0.13689743658903575,0.327137866638484,False
2025-02-04 02:00:00,4040.6734317343175,95.0,5040.24,24.067,65.32000000000001,0.42677377568497366,0.07847508757035428,0.27003936603339496,False
2025-02-04 03:00:00,4040.6734317343175,95.0,4711.27,24.067,65.32000000000001,0.417913127514453,0.06445139827863983,0.2588553493583371,False
2025-02-04 04:00:00,5387.564575645756,95.0,5098.740000000001,24.067,65.32000000000001,0.4663038315580933,0.058778669867609795,0.28291750879737576,False
2025-02-04 05:00:00,8620.103321033212,95.0,4717.639999999999,24.067,65.32000000000001,0.44216905932927913,0.05059727948880599,0.26596175840106623,False
2025-02-04 06:00:00,13738.28966789668,95.0,4709.11,24.067,65.32000000000001,0.3732413270587997,0.0490579596968643,0.22735881174592878,False
2025-02-04 07:00:00,17240.206642066423,95.0,4724.200000000001,24.067,65.32000000000001,0.3987983426390208,0.0619557731547187,0.2472191863710849,False
2025-02-04 08:00:00,18587.097785977865,95.0,5220.11,24.067,65.32000000000001,0.4150236955016872,0.0587734518852123,0.25471108587427355,False
2025-02-04 09:00:00,15085.180811808115,95.0,6456.39,24.067,65.32000000000001,0.4611103421003284,0.05486792928061677,0.27830125633145825,False
2025-02-04 10:00:00,12660.776752767528,95.0,6743.51,24.067,65.32000000000001,0.286313308398042,0.05154331093374094,0.18066680953910652,False
2025-02-04 11:00:00,11583.263837638378,95.0,6704.6,24.067,65.32000000000001,0.27609160955383377,0.057560085448301726,0.17775242370634436,False
2025-02-04 12:00:00,11044.507380073805,95.0,6601.6,24.067,65.32000000000001,0.16107665172657737,0.05263252035894377,0.11227679261114226,False
2025-02-04 13:00:00,11313.885608856091,95.0,6310.33,24.067,65.32000000000001,0.14664419921629307,0.06275127311423732,0.10889238247036799,False
2025-02-04 14:00:00,12122.02029520295,95.0,6072.09,24.067,65.32000000000001,0.12941070272797384,0.06069381240259143,0.09848810208155176,False
2025-02-04 15:00:00,13738.28966789668,95.0,5801.0,24.067,65.32000000000001,0.17749327451468272,0.06107179243701205,0.12510360757973094,False
2025-02-04 16:00:00,16970.828413284133,95.0,5570.27,24.067,65.32000000000001,0.21311026519490645,0.07698509525902966,0.1518539387237619,False
2025-02-04 17:00:00,20742.12361623616,95.0,5157.48,24.067,65.32000000000001,0.269777787809265,0.08649640076143396,0.18730116363774102,False
2025-02-04 18:00:00,22358.392988929896,95.0,4523.860000000001,24.067,65.32000000000001,0.38590100590566306,0.08214667178822062,0.249211555552814,False
2025-02-04 19:00:00,19125.85424354243,95.0,4578.13,24.067,65.32000000000001,0.28648695712857136,0.06172113119805217,0.18534233545983775,False
2025-02-04 20:00:00,15085.180811808115,95.0,4373.91,24.067,65.32000000000001,0.27722294987498586,0.05838284149763669,0.17874490110517874,False
2025-02-04 21:00:00,11852.642066420662,95.0,4241.57,24.067,65.32000000000001,0.2787182922478481,0.06221191166654974,0.18129042098626386,False
2025-02-04 22:00:00,8620.103321033212,95.0,4439.68,24.067,65.32000000000001,0.2197323996527351,0.055752801847254264,0.14594158064026874,False
2025-02-04 23:00:00,7273.212177121772,95.0,4495.5199999999995,24.067,65.32000000000001,0.1798044336276533,0.060180174652083016,0.12597351708864668,False
2025-02-05 00:00:00,6224.660516605165,91.0,4627.8,24.2745,63.91,0.43195880630271744,0.03653616477452761,0.254018617615032,False
2025-02-05 01:00:00,5092.904059040589,91.0,4901.9,24.2745,63.91,0.35562978876300333,0.054749688298778756,0.2202337435541023,False
2025-02-05 02:00:00,4244.086715867158,91.0,4599.7,24.2745,63.91,0.28744900346586294,0.06339778293066221,0.18662595422502262,False
2025-02-05 03:00:00,4244.086715867158,91.0,4644.1,24.2745,63.91,0.28981946535717285,0.06122375881276572,0.18695139741218963,False
2025-02-05 04:00:00,5658.782287822878,91.0,4766.8,24.2745,63.91,0.305629429050845,0.06838366173037996,0.19886883375663575,False
2025-02-05 05:00:00,9054.051660516605,91.0,4477.4,24.2745,63.91,0.3543627524984344,0.053371609734731575,0.21891673825476815,False
2025-02-05 06:00:00,14429.894833948338,91.0,4451.700000000001,24.2745,63.91,0.32210902927532836,0.05188228623088795,0.2005069949053302,False
2025-02-05 07:00:00,18108.10332103321,91.0,5595.4,24.2745,63.91,0.45662655054946855,0.04522840701893695,0.27149738596072936,False
2025-02-05 08:00:00,19522.79889298893,91.0,6025.4400000000005,24.2745,63.91,0.3171829291084364,0.040086981622176554,0.19248975273961946,False
2025-02-05 09:00:00,15844.590405904057,91.0,6552.51,24.2745,63.91,0.32606699814085977,0.03711783860470273,0.1960398763495891,False
2025-02-05 10:00:00,13298.138376383762,91.0,7456.53,24.2745,63.91,0.4603609861714082,0.059412836123628035,0.27993431864990714,False
2025-02-05 11:00:00,12166.381918819186,91.0,7557.99,24.2745,63.91,0.45399441931781803,0.039834750485919605,0.26762256834346376,False
2025-02-05 12:00:00,11600.5036900369,91.0,7429.81,24.2745,63.91,0.3722629105453665,0.02434690146164436,0.21570070645769154,False
2025-02-05 13:00:00,11883.442804428045,91.0,7327.3,24.2745,63.91,0.3009373747979686,0.021411710754536226,0.17515082597842405,False
2025-02-05 14:00:00,12732.260147601472,91.0,7154.06,24.2745,63.91,0.3334038823161214,0.02661950138738414,0.19535091089818965,False
2025-02-05 15:00:00,14429.894833948338,91.0,7003.8099999999995,24.2745,63.91,0.37674400275526154,0.04125035468691177,0.22577186112450418,False
2025-02-05 16:00:00,17825.164206642065,91.0,6753.9,24.2745,63.91,0.3675278776258478,0.04730854759035988,0.22342917910987828,False
2025-02-05 17:00:00,21786.31180811808,91.0,6475.07,24.2745,63.91,0.3836493928221418,0.04022107659814993,0.2291066505213455,False
2025-02-05 18:00:00,23483.946494464944,91.0,5397.75,24.2745,63.91,0.5014162654839606,0.06381037431385046,0.3044936144574111,False
2025-02-05 19:00:00,20088.677121771212,91.0,5433.5,24.2745,63.91,0.3906139947861197,0.05019740084066901,0.2374265275106669,False
2025-02-05 20:00:00,15844.590405904057,91.0,5138.799999999999,24.2745,63.91,0.35257306047330444,0.03766408315016897,0.2108640206778935,False
2025-02-05 21:00:00,12449.32103321033,91.0,4867.4,24.2745,63.91,0.3385726511864886,0.03570468513558076,0.2022820664635801,False
2025-02-05 22:00:00,9054.051660516605,91.0,5028.6,24.2745,63.91,0.292399643570561,0.036110757856500315,0.1770696449992337,False
2025-02-05 23:00:00,7639.356088560885,91.0,5043.7,24.2745,63.91,0.26197015612395036,0.04180348537274178,0.1628951542859065,False
2025-02-06 00:00:00,7278.204797047969,104.0,5222.34,24.666,67.21000000000001,0.5522034532445195,0.11676392074478634,0.35625566361963956,False
2025-02-06 01:00:00,5954.894833948339,104.0,5377.16,24.666,67.21000000000001,0.3939602000852681,0.05900754449852601,0.24323150507123417,False
2025-02-06 02:00:00,4962.412361623616,104.0,5042.42,24.666,67.21000000000001,0.32615596265181424,0.06887088139595889,0.21037767608667934,False
2025-02-06 03:00:00,4962.412361623616,104.0,5156.65,24.666,67.21000000000001,0.32537173768394334,0.05822007582443199,0.20515348984716325,False
2025-02-06 04:00:00,6616.549815498155,104.0,5263.64,24.666,67.21000000000001,0.2876380311305657,0.05820771391327241,0.1843943883827837,False
2025-02-06 05:00:00,10586.479704797048,104.0,5154.82,24.666,67.21000000000001,0.3252099628123578,0.0506303806120171,0.20164915082220453,False
2025-02-06 06:00:00,16872.202029520293,104.0,4901.83,24.666,67.21000000000001,0.4364003766770457,0.044116467369271446,0.2598726174885473,False
2025-02-06 07:00:00,21172.959409594096,104.0,5632.2,24.666,67.21000000000001,0.4959000771082652,0.03587813824359045,0.2888902046191616,False
2025-02-06 08:00:00,22827.096863468632,104.0,5859.55,24.666,67.21000000000001,0.48781373906246284,0.056090584947950634,0.2935383197109324,False
2025-02-06 09:00:00,18526.339483394833,104.0,6688.700000000001,24.666,67.21000000000001,0.5293506410941321,0.042990392456142376,0.3104885292070368,False
2025-02-06 10:00:00,15548.892066420663,104.0,7510.28,24.666,67.21000000000001,0.5355636208219989,0.04948941733742251,0.31683022925393955,False
2025-02-06 11:00:00,14225.582103321032,104.0,7624.530000000001,24.666,67.21000000000001,0.5359138955803802,0.03821817900690145,0.3119508231223148,False
2025-02-06 12:00:00,13563.927121771218,104.0,7479.27,24.666,67.21000000000001,0.42714258999317595,0.02084851141855161,0.24431025463459502,False
2025-02-06 13:00:00,13894.754612546129,104.0,7335.26,24.666,67.21000000000001,0.3572740441416717,0.01849467088021419,0.20482332617401583,False
2025-02-06 14:00:00,14887.237084870849,104.0,7324.48,24.666,67.21000000000001,0.32466974842520374,0.028295227155701586,0.1913012138539278,False
2025-02-06 15:00:00,16872.202029520293,104.0,7056.08,24.666,67.21000000000001,0.39729673284423006,0.034782373604704306,0.2341652711864435,False
2025-02-06 16:00:00,20842.13191881919,104.0,7109.45,24.666,67.21000000000001,0.4035698359149709,0.03233747218255104,0.236515272235382,False
2025-02-06 17:00:00,25473.716789667895,104.0,6688.51,24.666,67.21000000000001,0.5752012382976863,0.015316509793271323,0.3232531104706996,False
2025-02-06 18:00:00,27458.681734317342,104.0,5519.52,24.666,67.21000000000001,0.7585669793089376,0.03833854338620223,0.43446418314370666,False
2025-02-06 19:00:00,23488.751845018447,104.0,5585.7,24.666,67.21000000000001,0.6484550879987717,0.031129388166218835,0.37065852307412295,False
2025-02-06 20:00:00,18526.339483394833,104.0,5243.6,24.666,67.21000000000001,0.5490591881195568,0.021729262830985877,0.3117607217396999,False
2025-02-06 21:00:00,14556.409594095938,104.0,5019.6,24.666,67.21000000000001,0.48423304623650965,0.02162221310970704,0.2760581713294485,False
2025-02-06 22:00:00,10586.479704797048,104.0,5132.5,24.666,67.21000000000001,0.4565385190264678,0.026610290895660495,0.26307081636760454,False
2025-02-06 23:00:00,8932.34225092251,104.0,5105.5,24.666,67.21000000000001,0.43279203930595134,0.04091846080368825,0.25644892897993293,False
2025-02-07 00:00:00,5810.232472324722,104.0,5221.516,25.1435,60.39,0.542995250519095,0.03330243352586435,0.31363348287214127,False
2025-02-07 01:00:00,4753.826568265682,104.0,5404.576,25.1435,60.39,0.4473992381384603,0.016443110167245846,0.2534689805514138,False
2025-02-07 02:00:00,3961.5221402214015,104.0,5257.096,25.1435,60.39,0.36143799194524007,0.02071013130340544,0.2081104546564145,False
2025-02-07 03:00:00,3961.5221402214015,104.0,5039.0960000000005,25.1435,60.39,0.39742191005068395,0.027597456751698116,0.23100090606614035,False
2025-02-07 04:00:00,5282.029520295203,104.0,5295.996,25.1435,60.39,0.4227909169802748,0.028235425497424773,0.24524094581299233,False
2025-02-07 05:00:00,8451.247232472324,104.0,5271.875999999999,25.1435,60.39,0.42899382495724825,0.03081640366141467,0.24981398537412314,False
2025-02-07 06:00:00,13469.175276752763,104.0,5117.326,25.1435,60.39,0.3967393092365465,0.040549551828262934,0.2364539184028189,False
2025-02-07 07:00:00,16902.494464944648,104.0,5603.58,25.1435,60.39,0.4953110298433908,0.04735645096059316,0.2937314693461319,False
2025-02-07 08:00:00,18223.00184501845,104.0,6118.969999999999,25.1435,60.39,0.43933903899541554,0.05390327865080678,0.26589294684034165,False
2025-02-07 09:00:00,14789.682656826566,104.0,6755.549999999999,25.1435,60.39,0.3814446727452494,0.0444227384383266,0.22978480230713416,False
2025-02-07 10:00:00,12412.769372693723,104.0,7379.66,25.1435,60.39,0.3521689855287009,0.04290101821922142,0.21299840023943517,False
2025-02-07 11:00:00,11356.363468634683,104.0,7465.870000000001,25.1435,60.39,0.3620037166426795,0.04777716153328861,0.22060176684345362,False
2025-02-07 12:00:00,10828.160516605169,104.0,7229.6,25.1435,60.39,0.23661857250056728,0.05715760887409663,0.1558611388686555,False
2025-02-07 13:00:00,11092.261992619928,104.0,7065.460000000001,25.1435,60.39,0.24092117128282836,0.048169130344296714,0.15418275286048913,False
2025-02-07 14:00:00,11884.566420664203,104.0,6908.5,25.1435,60.39,0.25231317104874096,0.045851400157993126,0.15940537414790446,False
2025-02-07 15:00:00,13469.175276752763,104.0,6928.36,25.1435,60.39,0.24382219240072184,0.05003287358040236,0.1566169989315781,False
2025-02-07 16:00:00,16638.39298892989,104.0,6968.05,25.1435,60.39,0.27952619735152795,0.049931119888463084,0.17620841249314878,False
2025-02-07 17:00:00,20335.81365313653,104.0,6437.96,25.1435,60.39,0.4000975377322486,0.05846726957511754,0.24636391706153965,False
2025-02-07 18:00:00,21920.422509225093,104.0,5460.3099999999995,25.1435,60.39,0.453728932948685,0.07498146204021078,0.2832925710398716,False
2025-02-07 19:00:00,18751.204797047965,104.0,5576.2,25.1435,60.39,0.29514436410910777,0.056509001586232524,0.1877584509738139,False
2025-02-07 20:00:00,14789.682656826566,104.0,5330.6,25.1435,60.39,0.22257412661602005,0.04277740036949101,0.141665599805082,False
2025-02-07 21:00:00,11620.464944649444,104.0,5035.8,25.1435,60.39,0.24715195395644884,0.04470551861066067,0.15605105805084418,False
2025-02-07 22:00:00,8451.247232472324,104.0,5119.9,25.1435,60.39,0.21726643246884192,0.046390809984867894,0.1403724023510536,False
2025-02-07 23:00:00,7130.739852398524,104.0,5114.59,25.1435,60.39,0.18120549422047588,0.06120385597246203,0.12720475700886966,False
2025-02-08 00:00:00,4251.2361623616225,108.0,5336.97,25.5005,58.17999999999999,0.5055590052178103,0.06347128444705737,0.3066195308709715,False
2025-02-08 01:00:00,3478.284132841328,108.0,5571.4,25.5005,58.17999999999999,0.35768980862279254,0.05075236295521906,0.2195679580723845,False
2025-02-08 02:00:00,2898.570110701107,108.0,5190.3,25.5005,58.17999999999999,0.34648932819948264,0.058469347719136935,0.2168803369833271,False
2025-02-08 03:00:00,2898.570110701107,108.0,5239.299999999999,25.5005,58.17999999999999,0.34108842967621733,0.04341716156031179,0.20713635902405986,False
2025-02-08 04:00:00,3864.760147601476,108.0,5375.700000000001,25.5005,58.17999999999999,0.36676654743133136,0.04349822491478599,0.22129580229888596,False
2025-02-08 05:00:00,6183.616236162361,108.0,5413.6,25.5005,58.17999999999999,0.3638257049902906,0.054056902285492925,0.22442974377313166,False
2025-02-08 06:00:00,9855.138376383762,108.0,5050.5,25.5005,58.17999999999999,0.3422919501443762,0.05656201819295127,0.213713480766235,False
2025-02-08 07:00:00,12367.232472324722,108.0,5595.7,25.5005,58.17999999999999,0.3830724337199668,0.04735688943548172,0.23200043879194854,False
2025-02-08 08:00:00,13333.422509225093,108.0,6110.38,25.5005,58.17999999999999,0.3921134067947537,0.055118125332849426,0.2404655301368968,False
2025-02-08 09:00:00,10821.32841328413,108.0,6730.52,25.5005,58.17999999999999,0.361960895168441,0.05337275753098396,0.22309623323158534,False
2025-02-08 10:00:00,9082.186346863467,108.0,7585.110000000001,25.5005,58.17999999999999,0.46471945765756884,0.06615166432867244,0.2853639506595655,False
2025-02-08 11:00:00,8309.234317343173,108.0,7670.610000000001,25.5005,58.17999999999999,0.4312114273170745,0.06518507682267367,0.26649956959459414,False
2025-02-08 12:00:00,7922.758302583026,108.0,7502.46,25.5005,58.17999999999999,0.3896875201304536,0.06646290699012224,0.2442364442173045,False
2025-02-08 13:00:00,8115.9963099631,108.0,7448.4,25.5005,58.17999999999999,0.3508311040589733,0.052986648526727076,0.2168010990694625,False
2025-02-08 14:00:00,8695.71033210332,108.0,7201.98,25.5005,58.17999999999999,0.3230945582248314,0.050793095673189126,0.2005589000765924,False
2025-02-08 15:00:00,9855.138376383762,108.0,7142.32,25.5005,58.17999999999999,0.35749897218138604,0.05364660782480079,0.2207654082209227,False
2025-02-08 16:00:00,12173.994464944648,108.0,7116.15,25.5005,58.17999999999999,0.3147816389569422,0.04790223523150676,0.19468590728049628,False
2025-02-08 17:00:00,14879.326568265682,108.0,6383.48,25.5005,58.17999999999999,0.43498783827593973,0.0629599436780484,0.26757528570688865,False
2025-02-08 18:00:00,16038.754612546129,108.0,5740.96,25.5005,58.17999999999999,0.35118690724723706,0.06251457277558284,0.22128435673499267,False
2025-02-08 19:00:00,13719.898523985235,108.0,5711.8,25.5005,58.17999999999999,0.24854201463038367,0.05425709891996096,0.16111380256069346,False
2025-02-08 20:00:00,10821.32841328413,108.0,5438.2,25.5005,58.17999999999999,0.248636902615258,0.04515090365235953,0.15706820308195368,False
2025-02-08 21:00:00,8502.472324723245,108.0,5205.5,25.5005,58.17999999999999,0.26794368949240277,0.046517613381595546,0.16830195524253955,False
2025-02-08 22:00:00,6183.616236162361,108.0,5290.9,25.5005,58.17999999999999,0.29303055014612633,0.04898102512751535,0.1832082638877514,False
2025-02-08 23:00:00,5217.426199261992,108.0,5355.7,25.5005,58.17999999999999,0.24074430064534313,0.05112093575218492,0.15541378644342196,False
2025-02-09 00:00:00,5745.145756457563,87.0,5596.1,25.244999999999997,61.79,0.7532894980237342,0.4217798518122895,0.6041101572285841,True
2025-02-09 01:00:00,4700.573800738007,87.0,5707.3,25.244999999999997,61.79,0.6498464035759116,0.05264125845289401,0.3811040882705537,False
2025-02-09 02:00:00,3917.144833948339,87.0,5400.1,25.244999999999997,61.79,0.6593809100067873,0.05365032543663491,0.3868021469502188,False
2025-02-09 03:00:00,3917.144833948339,87.0,5384.3,25.244999999999997,61.79,0.6593084284569926,0.048422361207821576,0.38440969819486565,False
2025-02-09 04:00:00,5222.859778597786,87.0,5450.9,25.244999999999997,61.79,0.6399621345356029,0.05412090553216005,0.37633358148405366,False
2025-02-09 05:00:00,8356.575645756457,87.0,5515.0,25.244999999999997,61.79,0.603950951274624,0.057793454950901504,0.35818007792894885,False
2025-02-09 06:00:00,13318.292435424351,87.0,5036.2,25.244999999999997,61.79,0.5861037854204227,0.04068088940727504,0.3406634822145063,False
2025-02-09 07:00:00,16713.151291512913,87.0,5818.4,25.244999999999997,61.79,0.6306752645789719,0.038226213649484045,0.3640731916607024,False
2025-02-09 08:00:00,18018.86623616236,87.0,6275.23,25.244999999999997,61.79,0.5619660516973377,0.036189570246447415,0.3253666350444371,False
2025-02-09 09:00:00,14624.0073800738,87.0,7376.389999999999,25.244999999999997,61.79,0.5777558637157263,0.04324519435201852,0.3372260625020578,False
2025-02-09 10:00:00,12273.720479704796,87.0,7800.06,25.244999999999997,61.79,0.5221827156166654,0.03356905202863279,0.3023065670020508,False
2025-02-09 11:00:00,11229.14852398524,87.0,7825.63,25.244999999999997,61.79,0.5650586042912783,0.03766667657430914,0.3277322368186422,False
2025-02-09 12:00:00,10706.86254612546,87.0,7729.65,25.244999999999997,61.79,0.4650016206256827,0.031623225149074,0.26998134266120877,False
2025-02-09 13:00:00,10968.005535055352,87.0,7638.19,25.244999999999997,61.79,0.4543917453522644,0.025858402510646663,0.26155174107353646,False
2025-02-09 14:00:00,11751.434501845017,87.0,7453.13,25.244999999999997,61.79,0.4912847259576121,0.03454341841787849,0.28575113756473197,False
2025-02-09 15:00:00,13318.292435424351,87.0,7391.79,25.244999999999997,61.79,0.5043868421160819,0.03886444051450482,0.2949017613953722,False
2025-02-09 16:00:00,16452.008302583024,87.0,7311.56,25.244999999999997,61.79,0.4635177341998601,0.027561585933551163,0.26733746748002113,False
2025-02-09 17:00:00,20108.010147601475,87.0,6884.41,25.244999999999997,61.79,0.464500979131384,0.020028371462369673,0.2644883056803276,False
2025-02-09 18:00:00,21674.86808118081,87.0,5940.62,25.244999999999997,61.79,0.49840476976975434,0.03517267609810646,0.2899503276175128,False
2025-02-09 19:00:00,18541.152214022135,87.0,5698.5,25.244999999999997,61.79,0.3635080737955745,0.03540910205296441,0.21586353651139997,False
2025-02-09 20:00:00,14624.0073800738,87.0,5354.6,25.244999999999997,61.79,0.4072727890516247,0.02633896492885301,0.23585256819637743,False
2025-02-09 21:00:00,11490.291512915126,87.0,5095.7,25.244999999999997,61.79,0.41880232587928495,0.03023302994926683,0.24394614271077683,False
2025-02-09 22:00:00,8356.575645756457,87.0,5199.9,25.244999999999997,61.79,0.3321078198954734,0.04166338180370432,0.20140782275417732,False
2025-02-09 23:00:00,7050.860701107011,87.0,5161.9,25.244999999999997,61.79,0.30644744413604347,0.05127733185383043,0.1916208936090476,False
2025-02-10 00:00:00,6013.874538745386,93.0,5410.700000000001,24.228,66.72999999999999,0.5136699873102593,0.0364519340644316,0.29892186334963683,False
2025-02-10 01:00:00,4920.442804428043,93.0,5717.6,24.228,66.72999999999999,0.3847428518791358,0.03176634419108902,0.22590342341951478,False
2025-02-10 02:00:00,4100.369003690037,93.0,5029.2,24.228,66.72999999999999,0.30648824929095986,0.06763265325839131,0.19900323107630402,False
2025-02-10 03:00:00,4100.369003690037,93.0,5463.2,24.228,66.72999999999999,0.3029996161392837,0.04145501623779787,0.1853045461836151,False
2025-02-10 04:00:00,5467.158671586716,93.0,5447.7,24.228,66.72999999999999,0.25323887427877,0.03878699994734584,0.15673553082962913,False
2025-02-10 05:00:00,8747.453874538745,93.0,5461.2,24.228,66.72999999999999,0.22287211157676573,0.039325212270724955,0.1402760068890474,False
2025-02-10 06:00:00,13941.254612546123,93.0,4871.9,24.228,66.72999999999999,0.30971458424980997,0.044302300259411724,0.19027905645413076,False
2025-02-10 07:00:00,17494.90774907749,93.0,5333.400000000001,24.228,66.72999999999999,0.28830149479634753,0.03723382487510811,0.17532104333178983,False
2025-02-10 08:00:00,18861.697416974173,93.0,5936.860000000001,24.228,66.72999999999999,0.3295192890136741,0.039097789228588066,0.1988296141103854,False
2025-02-10 09:00:00,15308.044280442802,93.0,6549.54,24.228,66.72999999999999,0.2646695517494122,0.04161386683528808,0.16429449353805636,False
2025-02-10 10:00:00,12847.822878228782,93.0,7310.360000000001,24.228,66.72999999999999,0.3193987191451792,0.03861798840768416,0.19304739031330645,False
2025-02-10 11:00:00,11754.39114391144,93.0,7451.400000000001,24.228,66.72999999999999,0.3041131639290873,0.03720789047335233,0.1840057908740066,False
2025-02-10 12:00:00,11207.67527675277,93.0,7480.63,24.228,66.72999999999999,0.19236931845962202,0.022479496549187156,0.11591889859992635,False
2025-02-10 13:00:00,11481.033210332103,93.0,7301.09,24.228,66.72999999999999,0.1635731115251718,0.018981487232860837,0.09850688059363187,False
2025-02-10 14:00:00,12301.10701107011,93.0,7244.6,24.228,66.72999999999999,0.1782847877414349,0.02039694337432179,0.10723525777623402,False
2025-02-10 15:00:00,13941.254612546123,93.0,7002.07,24.228,66.72999999999999,0.2560960169975805,0.02909527283381848,0.1539456821238876,False
2025-02-10 16:00:00,17221.549815498158,93.0,6742.009999999999,24.228,66.72999999999999,0.22466265369595217,0.02042753137916249,0.13275684865339682,False
2025-02-10 17:00:00,21048.560885608855,93.0,6152.61,24.228,66.72999999999999,0.3324641204088815,0.026163865023281902,0.19462900548536172,False
2025-02-10 18:00:00,22688.70848708488,93.0,5508.66,24.228,66.72999999999999,0.3061005520853483,0.02240387001032494,0.17843704515158781,False
2025-02-10 19:00:00,19408.41328413284,93.0,5473.200000000001,24.228,66.72999999999999,0.23318872842062377,0.01918639693368109,0.13688767925149958,False
2025-02-10 20:00:00,15308.044280442802,93.0,5196.5,24.228,66.72999999999999,0.20776666698645002,0.012897846119120558,0.12007569759615178,False
2025-02-10 21:00:00,12027.749077490773,93.0,4972.1,24.228,66.72999999999999,0.1831599929295173,0.015829399509009336,0.10786122589028872,False
2025-02-10 22:00:00,8747.453874538745,93.0,5060.799999999999,24.228,66.72999999999999,0.17775503020528033,0.023679374572058577,0.10842098517033055,False
2025-02-10 23:00:00,7380.664206642067,93.0,5282.5,24.228,66.72999999999999,0.14968484261557885,0.03159089356205539,0.09654256554149329,False
2025-02-11 00:00:00,6685.422509225091,91.0,5310.89,23.672,66.74,0.3359723229623111,0.03096773347433286,0.1987202576927209,False
2025-02-11 01:00:00,5469.891143911438,91.0,5521.5,23.672,66.74,0.3193129480969396,0.028550450944448382,0.18846982437831855,False
2025-02-11 02:00:00,4558.242619926199,91.0,5259.95,23.672,66.74,0.2126999322341645,0.028473739553087667,0.12979814552767993,False
2025-02-11 03:00:00,4558.242619926199,91.0,5178.35,23.672,66.74,0.2489125163260178,0.029361065910449177,0.15011436363901193,False
2025-02-11 04:00:00,6077.656826568265,91.0,5333.0599999999995,23.672,66.74,0.2669548476839488,0.03750962555140874,0.1637044977243058,False
2025-02-11 05:00:00,9724.250922509224,91.0,5231.41,23.672,66.74,0.2455091749447258,0.02836910401438948,0.14779614302607447,False
2025-02-11 06:00:00,15498.024907749075,91.0,4944.57,23.672,66.74,0.2892308351473452,0.023541873198827837,0.1696708022705124,False
2025-02-11 07:00:00,19448.50184501845,91.0,4677.700000000001,23.672,66.74,0.322967627340489,0.041023597605110505,0.19609281395956868,False
2025-02-11 08:00:00,20967.91605166052,91.0,5209.37,23.672,66.74,0.32261518333582984,0.03559785679781549,0.1934573863937234,False
2025-02-11 09:00:00,17017.43911439114,91.0,5960.55,23.672,66.74,0.35844998483584095,0.0334353469574001,0.21219339779054258,False
2025-02-11 10:00:00,14282.493542435424,91.0,6863.89,23.672,66.74,0.3627405753340684,0.04392376626104942,0.21927301125120985,False
2025-02-11 11:00:00,13066.962177121772,91.0,6910.67,23.672,66.74,0.30722107068413473,0.043587980242118685,0.18858617998522753,False
2025-02-11 12:00:00,12459.196494464948,91.0,6661.27,23.672,66.74,0.21968545547949242,0.050069351564968806,0.14335820871795682,False
2025-02-11 13:00:00,12763.079335793362,91.0,6613.43,23.672,66.74,0.1757011634422303,0.04843621355844023,0.11843193599452477,False
2025-02-11 14:00:00,13674.727859778595,91.0,6427.370000000001,23.672,66.74,0.17915809520838571,0.06031036011444832,0.1256766144161139,False
2025-02-11 15:00:00,15498.024907749075,91.0,6072.68,23.672,66.74,0.2106178239502588,0.07029903272564345,0.1474743678991819,False
2025-02-11 16:00:00,19144.619003690037,91.0,6012.02,23.672,66.74,0.21225825666380516,0.06908161112717448,0.14782876617232135,False
2025-02-11 17:00:00,23398.97878228782,91.0,5603.14,23.672,66.74,0.33214128567975504,0.06276019752369784,0.21091979600952931,False
2025-02-11 18:00:00,25222.27583025831,91.0,4466.360000000001,23.672,66.74,0.5329143332982972,0.09892777063402047,0.3376203800993727,False
2025-02-11 19:00:00,21575.68173431734,91.0,4779.8,23.672,66.74,0.4838829254008626,0.0650544790586126,0.2954101245468501,False
2025-02-11 20:00:00,17017.43911439114,91.0,4567.3,23.672,66.74,0.4495927957089122,0.049789634804044414,0.2696813733017217,False
2025-02-11 21:00:00,13370.845018450182,91.0,4420.8,23.672,66.74,0.3892224253383002,0.05672376303810192,0.23959802730321098,False
2025-02-11 22:00:00,9724.250922509224,91.0,4582.4,23.672,66.74,0.36336117848140354,0.04561735605401236,0.22037645838907752,False
2025-02-11 23:00:00,8204.836715867159,91.0,4688.3,23.672,66.74,0.28643993338140317,0.050484718382939726,0.1802600866320946,False
2025-02-12 00:00:00,6175.464944649445,92.0,4864.6,23.884500000000003,61.14,0.572907638220973,0.07470030125725373,0.34871433658729933,False
2025-02-12 01:00:00,5052.653136531364,92.0,5169.0,23.884500000000003,61.14,0.42486569852997585,0.05362149026084619,0.25780580480886756,False
2025-02-12 02:00:00,4210.544280442804,92.0,4923.799999999999,23.884500000000003,61.14,0.27944873118249436,0.05977847809162537,0.18059711729160333,False
2025-02-12 03:00:00,4210.544280442804,92.0,4929.3,23.884500000000003,61.14,0.28958755439258355,0.05439942220978145,0.1837528949103226,False
2025-02-12 04:00:00,5614.059040590406,92.0,5099.9,23.884500000000003,61.14,0.3570149733317425,0.06036645092107405,0.2235231382469417,False
2025-02-12 05:00:00,8982.49446494465,92.0,4978.88,23.884500000000003,61.14,0.3240247805975798,0.054618155608229774,0.2027917993523723,False
2025-02-12 06:00:00,14315.850553505534,92.0,4897.4,23.884500000000003,61.14,0.35132436135027995,0.0644682385304913,0.22223910608137507,False
2025-02-12 07:00:00,17964.9889298893,92.0,5530.9,23.884500000000003,61.14,0.45943426876320514,0.05501439693020829,0.2774453264383566,False
2025-02-12 08:00:00,19368.5036900369,92.0,6076.530000000001,23.884500000000003,61.14,0.3883167843609436,0.04935898712600598,0.23578577560522168,False
2025-02-12 09:00:00,15719.365313653134,92.0,6882.06,23.884500000000003,61.14,0.3865070750538197,0.05101932315840567,0.23553758670088343,False
2025-02-12 10:00:00,13193.038745387452,92.0,7622.030000000001,23.884500000000003,61.14,0.4799860809975768,0.05923826695329758,0.2906495646776512,False
2025-02-12 11:00:00,12070.226937269372,92.0,7462.0,23.884500000000003,61.14,0.4396645835127753,0.05399129006380429,0.26611160146073837,False
2025-02-12 12:00:00,11508.821033210332,92.0,7369.63,23.884500000000003,61.14,0.35713725687439435,0.04527205235903281,0.21679791484248168,False
2025-02-12 13:00:00,11789.523985239854,92.0,7302.33,23.884500000000003,61.14,0.27855828138372024,0.03826313276354965,0.1704254645046435,False
2025-02-12 14:00:00,12631.632841328412,92.0,7151.9,23.884500000000003,61.14,0.30623745444297473,0.039779606058961435,0.18633142267016878,False
2025-02-12 15:00:00,14315.850553505534,92.0,7013.93,23.884500000000003,61.14,0.3600697982828133,0.04930658357784705,0.22022635166557852,False
2025-02-12 16:00:00,17684.285977859778,92.0,6986.2,23.884500000000003,61.14,0.32122380643487813,0.05165318549228279,0.19991702701071024,False
2025-02-12 17:00:00,21614.12730627306,92.0,6468.360000000001,23.884500000000003,61.14,0.44204875304116437,0.05253979608730494,0.26676972241192765,False
2025-02-12 18:00:00,23298.345018450185,92.0,5283.5,23.884500000000003,61.14,0.5506663326691974,0.09093587913602756,0.343787628579271,False
2025-02-12 19:00:00,19929.909594095938,92.0,5505.1,23.884500000000003,61.14,0.4031013659985718,0.07295898859405683,0.2545372961665401,False
2025-02-12 20:00:00,15719.365313653134,92.0,5240.6,23.884500000000003,61.14,0.35041526271657414,0.049031912349528466,0.2147927550514036,False
2025-02-12 21:00:00,12350.92988929889,92.0,5016.8,23.884500000000003,61.14,0.3529719638557363,0.05034645572913364,0.21679048519876512,False
2025-02-12 22:00:00,8982.49446494465,92.0,5169.1,23.884500000000003,61.14,0.29864847272446904,0.04689121974923332,0.18535770888561298,False
2025-02-12 23:00:00,7578.979704797048,92.0,5119.9,23.884500000000003,61.14,0.22712626205046021,0.054557881282440865,0.14947049070485152,False
2025-02-13 00:00:00,5204.948339483393,74.0,5246.4,23.7645,68.05,0.6748488554955014,0.29039619484084134,0.5018451582009045,True
2025-02-13 01:00:00,4258.594095940959,74.0,5534.0,23.7645,68.05,0.5966390654211395,0.03612926603789669,0.34440965569868026,False
2025-02-13 02:00:00,3548.828413284132,74.0,5215.7,23.7645,68.05,0.4420398391232523,0.04522236919159809,0.2634719776540079,False
2025-02-13 03:00:00,3548.828413284132,74.0,5121.1,23.7645,68.05,0.5150653740940969,0.03856496071948746,0.3006401880755227,False
2025-02-13 04:00:00,4731.7712177121775,74.0,5415.3,23.7645,68.05,0.5816301638902999,0.049082427181806436,0.3419836823714778,False
2025-02-13 05:00:00,7570.833948339483,74.0,5284.1,23.7645,68.05,0.4718643230765791,0.05106810067514089,0.2825060229959319,False
2025-02-13 06:00:00,12066.01660516605,74.0,5278.0,23.7645,68.05,0.43664560940800456,0.038052049433811824,0.2572785074196179,False
2025-02-13 07:00:00,15141.667896678966,74.0,5605.5,23.7645,68.05,0.5068277557649794,0.047811957607378955,0.3002706465940592,False
2025-02-13 08:00:00,16324.61070110701,74.0,6029.4,23.7645,68.05,0.5124273520611198,0.04326988082403022,0.3013064900044295,False
2025-02-13 09:00:00,13248.959409594094,74.0,6966.299999999999,23.7645,68.05,0.45963665542413734,0.036704864518556056,0.2693173495166258,False
2025-02-13 10:00:00,11119.662361623616,74.0,7623.9,23.7645,68.05,0.4921371820960124,0.04439598485494348,0.2906536433375314,False
2025-02-13 11:00:00,10173.30811808118,74.0,7731.7,23.7645,68.05,0.5125972429550509,0.04281667973529112,0.30119598950615906,False
2025-02-13 12:00:00,9700.130996309965,74.0,7496.9,23.7645,68.05,0.4360349750971638,0.037925551549447364,0.25688573450069146,False
2025-02-13 13:00:00,9936.719557195573,74.0,7176.0,23.7645,68.05,0.38340446911921455,0.03755270569656958,0.22777117557902435,False
2025-02-13 14:00:00,10646.485239852396,74.0,7208.4,23.7645,68.05,0.35567353969291704,0.027150097997612196,0.20783799093002986,False
2025-02-13 15:00:00,12066.01660516605,74.0,7180.8,23.7645,68.05,0.36070536377032436,0.028793102571264908,0.21134484623074762,False
2025-02-13 16:00:00,14905.079335793358,74.0,7150.0,23.7645,68.05,0.4213234186686937,0.0339244581410508,0.24699388643125444,False
2025-02-13 17:00:00,18217.31918819188,74.0,6466.400000000001,23.7645,68.05,0.4430482076464419,0.03718411913401692,0.2604093678158507,False
2025-02-13 18:00:00,19636.850553505537,74.0,5623.88,23.7645,68.05,0.4601586596943823,0.04348752332062078,0.27265664832618963,False
2025-02-13 19:00:00,16797.787822878225,74.0,5635.5,23.7645,68.05,0.3424576282874707,0.03991281875813764,0.2063124639992708,False
2025-02-13 20:00:00,13248.959409594094,74.0,5298.5,23.7645,68.05,0.3319827536768728,0.023533669123146302,0.1931806656276959,False
2025-02-13 21:00:00,10409.896678966788,74.0,5079.6,23.7645,68.05,0.3070649660256206,0.028858514368862397,0.18187206278007942,False
2025-02-13 22:00:00,7570.833948339483,74.0,5175.0,23.7645,68.05,0.29981862396550335,0.041811118095770206,0.18371524632412345,False
2025-02-13 23:00:00,6387.891143911439,74.0,5129.0,23.7645,68.05,0.2812444710963219,0.047714084977203884,0.1761557973427188,False
2025-02-14 00:00:00,5331.976014760146,78.0,5395.63,24.2215,67.42999999999999,0.4092613081210972,0.03788311468207735,0.24214112107353827,False
2025-02-14 01:00:00,4362.5258302583015,78.0,5568.8,24.2215,67.42999999999999,0.29522571048272883,0.03374113402988394,0.17755765107894864,False
2025-02-14 02:00:00,3635.4381918819186,78.0,5214.83,24.2215,67.42999999999999,0.24007230194872414,0.036147693991708495,0.14830622836806712,False
2025-02-14 03:00:00,3635.4381918819186,78.0,5315.07,24.2215,67.42999999999999,0.23225233507595827,0.026110278119311322,0.13948840944546717,False
2025-02-14 04:00:00,4847.250922509225,78.0,5461.91,24.2215,67.42999999999999,0.26594572437859926,0.03740792391908979,0.16310371417182,False
2025-02-14 05:00:00,7755.60147601476,78.0,5388.43,24.2215,67.42999999999999,0.222565036664776,0.036126843490594585,0.13866784973639437,False
2025-02-14 06:00:00,12360.489852398525,78.0,5355.639999999999,24.2215,67.42999999999999,0.1845808780024708,0.021603184015636295,0.11124091570839528,False
2025-02-14 07:00:00,15511.20295202952,78.0,5912.02,24.2215,67.42999999999999,0.2981373117871115,0.0356289504334724,0.18000854917797393,False
2025-02-14 08:00:00,16723.015682656827,78.0,6288.91,24.2215,67.42999999999999,0.22965675437700234,0.024667117509163037,0.13741141778647464,False
2025-02-14 09:00:00,13572.302583025828,78.0,7347.82,24.2215,67.42999999999999,0.2907874321783831,0.04188994839052169,0.17878356447384547,False
2025-02-14 10:00:00,11391.039667896675,78.0,7796.87,24.2215,67.42999999999999,0.3173299619147537,0.0277040135899338,0.18699828516858477,False
2025-02-14 11:00:00,10421.589483394831,78.0,7860.29,24.2215,67.42999999999999,0.3473257744597888,0.026705188402073702,0.20304651073381702,False
2025-02-14 12:00:00,9936.864391143912,78.0,7624.25,24.2215,67.42999999999999,0.2564243010241999,0.02444831049169621,0.15203510528457323,False
2025-02-14 13:00:00,10179.226937269374,78.0,7431.41,24.2215,67.42999999999999,0.26845084889463766,0.021979225985155247,0.1575386185853706,False
2025-02-14 14:00:00,10906.314575645754,78.0,7226.35,24.2215,67.42999999999999,0.2587511452967256,0.021624539727079846,0.152044172790385,False
2025-02-14 15:00:00,12360.489852398525,78.0,7293.97,24.2215,67.42999999999999,0.27081161565178913,0.0352813975901759,0.16482301752406317,False
2025-02-14 16:00:00,15268.84040590406,78.0,7181.15,24.2215,67.42999999999999,0.26834738054395907,0.029902932784126608,0.16104737905203448,False
2025-02-14 17:00:00,18661.916051660515,78.0,6952.4,24.2215,67.42999999999999,0.3403134026521992,0.025904397210130433,0.1988293502032683,False
2025-02-14 18:00:00,20116.091328413284,78.0,5877.85,24.2215,67.42999999999999,0.38117825329370947,0.04002828247692125,0.2276607664261548,False
2025-02-14 19:00:00,17207.740774907747,78.0,5645.3099999999995,24.2215,67.42999999999999,0.2502318104053624,0.036304330883907714,0.1539644446207078,False
2025-02-14 20:00:00,13572.302583025828,78.0,5384.08,24.2215,67.42999999999999,0.22937921876099043,0.023754197528696105,0.13684795920645798,False
2025-02-14 21:00:00,10663.952029520293,78.0,5064.6900000000005,24.2215,67.42999999999999,0.28574595580692225,0.029901586990806205,0.17061598983967005,False
2025-02-14 22:00:00,7755.60147601476,78.0,5143.48,24.2215,67.42999999999999,0.24259267970259724,0.04175413523294157,0.1522153346912522,False
2025-02-14 23:00:00,6543.788745387454,78.0,5437.3099999999995,24.2215,67.42999999999999,0.21787436562778884,0.04357749225456408,0.1394407726098377,False
2025-02-15 00:00:00,4637.21033210332,75.0,5467.1900000000005,23.948,63.44,0.45013649940176287,0.11373218307771912,0.2987545570559432,False
2025-02-15 01:00:00,3794.0811808118074,75.0,5555.05,23.948,63.44,0.33224633842789125,0.05454241418651491,0.20727957251927193,False
2025-02-15 02:00:00,3161.734317343173,75.0,5329.3,23.948,63.44,0.24392731720451644,0.03633779835388693,0.15051203372173316,False
2025-02-15 03:00:00,3161.734317343173,75.0,5228.030000000001,23.948,63.44,0.27182143255409785,0.02771076946732322,0.16197163416504928,False
2025-02-15 04:00:00,4215.645756457565,75.0,5466.08,23.948,63.44,0.34806655501844697,0.02610956494581018,0.20318590948576043,False
2025-02-15 05:00:00,6745.033210332103,75.0,5121.82,23.948,63.44,0.35694176388032267,0.027721355121403824,0.2087925799388092,False
2025-02-15 06:00:00,10749.896678966788,75.0,5054.360000000001,23.948,63.44,0.24088111062757805,0.02123139797254508,0.1420387399328132,False
2025-02-15 07:00:00,13490.066420664209,75.0,5754.29,23.948,63.44,0.3284343127080279,0.028667574754846752,0.1935392806290964,False
2025-02-15 08:00:00,14543.977859778595,75.0,6270.25,23.948,63.44,0.36906619217817477,0.023830186808757255,0.21370998976193692,False
2025-02-15 09:00:00,11803.80811808118,75.0,6686.83,23.948,63.44,0.2508384702083795,0.027840143120490605,0.15048922301882953,False
2025-02-15 10:00:00,9906.767527675276,75.0,7571.84,23.948,63.44,0.40222335074818105,0.0449567434023659,0.24145337744256426,False
2025-02-15 11:00:00,9063.638376383764,75.0,7667.0,23.948,63.44,0.35507503975786686,0.031071957808608577,0.20927365288070066,False
2025-02-15 12:00:00,8642.073800738008,75.0,7517.24,23.948,63.44,0.27408399964908137,0.028595803390911747,0.16361431133290505,False
2025-02-15 13:00:00,8852.856088560886,75.0,7316.0,23.948,63.44,0.2858476575702138,0.026907997596829786,0.169324810582191,False
2025-02-15 14:00:00,9485.202952029518,75.0,7222.12,23.948,63.44,0.24595730916026654,0.018192403955037396,0.14346310181791344,False
2025-02-15 15:00:00,10749.896678966788,75.0,7229.93,23.948,63.44,0.28198262198484286,0.026288373668803527,0.16692021024262518,False
2025-02-15 16:00:00,13279.284132841329,75.0,7085.98,23.948,63.44,0.2798737944753289,0.026708622690680684,0.16594946717223721,False
2025-02-15 17:00:00,16230.236162361623,75.0,6602.02,23.948,63.44,0.307420495725309,0.029492109400645426,0.1823527218792104,False
2025-02-15 18:00:00,17494.929889298895,75.0,5742.200000000001,23.948,63.44,0.3771579094842432,0.03895668975967448,0.2249673606081873,False
2025-02-15 19:00:00,14965.542435424351,75.0,5548.6,23.948,63.44,0.21204565588069413,0.034741005221115534,0.13225856308388378,False
2025-02-15 20:00:00,11803.80811808118,75.0,5291.0199999999995,23.948,63.44,0.19924183267244838,0.021471657651701646,0.11924525391311236,False
2025-02-15 21:00:00,9274.42066420664,75.0,4994.87,23.948,63.44,0.25572484158905634,0.02568138742582096,0.15220528721560045,False
2025-02-15 22:00:00,6745.033210332103,75.0,5161.71,23.948,63.44,0.2165121778591385,0.037804045828124355,0.13609351844518214,False
2025-02-15 23:00:00,5691.121771217712,75.0,5026.01,23.948,63.44,0.19567902740759857,0.04316989257095383,0.12704991673110844,False
2025-02-16 00:00:00,5450.41881918819,83.0,5302.0,23.797,64.45,0.48629016654745694,0.03595722500403727,0.2836403428529181,False
2025-02-16 01:00:00,4459.433579335792,83.0,5338.82,23.797,64.45,0.34502441261092887,0.04384693860552478,0.20949454930849704,False
2025-02-16 02:00:00,3716.194649446494,83.0,5164.130000000001,23.797,64.45,0.3091914715569367,0.04115660868846995,0.1885757832661267,False
2025-02-16 03:00:00,3716.194649446494,83.0,5298.33,23.797,64.45,0.3554669763135843,0.036548756329485024,0.21195377732073967,False
2025-02-16 04:00:00,4954.926199261992,83.0,5274.82,23.797,64.45,0.2937267094950502,0.04048704354803831,0.17976885981889484,False
2025-02-16 05:00:00,7927.881918819188,83.0,5472.4800000000005,23.797,64.45,0.3407752718001655,0.05853501853846935,0.21376715783240222,False
2025-02-16 06:00:00,12635.06180811808,83.0,5262.96,23.797,64.45,0.25318294912741934,0.03709834487792976,0.15594487721514905,False
2025-02-16 07:00:00,15855.763837638377,83.0,5973.119999999999,23.797,64.45,0.38553103850561865,0.04167889135490548,0.23079757228779774,False
2025-02-16 08:00:00,17094.495387453873,83.0,6434.470000000001,23.797,64.45,0.30119091512082524,0.02970094523895504,0.17902042867398366,False
2025-02-16 09:00:00,13873.79335793358,83.0,6979.62,23.797,64.45,0.24043784466779428,0.029900434229332414,0.14569600997048646,False
2025-02-16 10:00:00,11644.076568265682,83.0,7825.93,23.797,64.45,0.37175214064390333,0.049338741242246055,0.22666611091315755,False
2025-02-16 11:00:00,10653.091328413284,83.0,7632.859999999999,23.797,64.45,0.28610588384808344,0.03586376263906333,0.17349692930402438,False
2025-02-16 12:00:00,10157.598708487085,83.0,7689.94,23.797,64.45,0.26792267782707013,0.026660529156301304,0.15935471092522419,False
2025-02-16 13:00:00,10405.345018450183,83.0,7434.610000000001,23.797,64.45,0.23473042444682646,0.027929460592548656,0.14166999071240147,False
2025-02-16 14:00:00,11148.58394833948,83.0,7218.099999999999,23.797,64.45,0.23952373270314853,0.026606958538206462,0.1437111843289246,False
2025-02-16 15:00:00,12635.06180811808,83.0,7130.41,23.797,64.45,0.22965878556682434,0.03649175306893265,0.1427336209427731,False
2025-02-16 16:00:00,15608.017527675276,83.0,7013.84,23.797,64.45,0.22743954925481963,0.031579957648440585,0.13930273303194907,False
2025-02-16 17:00:00,19076.46586715867,83.0,6718.0,23.797,64.45,0.2753994620149488,0.024803585692260422,0.16263131766973904,False
2025-02-16 18:00:00,20562.943726937272,83.0,5541.36,23.797,64.45,0.3535066451190672,0.05117039921257044,0.21745533446114368,False
2025-02-16 19:00:00,17589.98800738007,83.0,5585.43,23.797,64.45,0.1995583729168981,0.04242997276539091,0.12885059284871986,False
2025-02-16 20:00:00,13873.79335793358,83.0,5381.96,23.797,64.45,0.19960594358764905,0.026442332295424562,0.12168231850614804,False
2025-02-16 21:00:00,10900.83763837638,83.0,5109.280000000001,23.797,64.45,0.20527635873466266,0.02727891939881612,0.12517751103353172,False
2025-02-16 22:00:00,7927.881918819188,83.0,5213.87,23.797,64.45,0.1841818494777666,0.034409002645362355,0.1167840684031847,False
2025-02-16 23:00:00,6689.15036900369,83.0,5099.76,23.797,64.45,0.16137633133278284,0.04195609505204403,0.10763722500645037,False
2025-02-17 00:00:00,7176.769372693725,81.0,5408.18,24.757,57.14,0.42786938397008,0.038026311352725155,0.25244000129227034,False
2025-02-17 01:00:00,5871.90221402214,81.0,5511.5599999999995,24.757,57.14,0.3212934263926928,0.037208015682290846,0.19345499157301194,False
2025-02-17 02:00:00,4893.25184501845,81.0,5337.34,24.757,57.14,0.28066087625654307,0.04280425134357254,0.17362539504570634,False
2025-02-17 03:00:00,4893.25184501845,81.0,5291.11,24.757,57.14,0.2175183551896176,0.039099142808295614,0.13722970961802272,False
2025-02-17 04:00:00,6524.335793357934,81.0,5368.46,24.757,57.14,0.2375002863577208,0.042313009283142446,0.14966601167416055,False
2025-02-17 05:00:00,10438.937269372696,81.0,4997.18,24.757,57.14,0.317775519270591,0.04627028221009827,0.19559816259336926,False
2025-02-17 06:00:00,16637.05627306273,81.0,4836.799999999999,24.757,57.14,0.35358695856283334,0.05114158500078226,0.21748654045991037,False
2025-02-17 07:00:00,20877.87453874539,81.0,5276.9,24.757,57.14,0.3894364219102985,0.048267648133818515,0.2359104737108825,False
2025-02-17 08:00:00,22508.95848708487,81.0,5867.43,24.757,57.14,0.449499442522487,0.049604369662231265,0.26954665973537195,False
2025-02-17 09:00:00,18268.140221402213,81.0,6563.65,24.757,57.14,0.4974470550016708,0.05370565850962053,0.2977634265802482,False
2025-02-17 10:00:00,15332.189114391143,81.0,7352.289999999999,24.757,57.14,0.4509652206271154,0.06227825636270157,0.2760560867081292,False
2025-02-17 11:00:00,14027.32195571956,81.0,7410.66,24.757,57.14,0.4333735800360958,0.0524873545583202,0.2619747785710968,False
2025-02-17 12:00:00,13374.888376383768,81.0,7242.79,24.757,57.14,0.3067286684376977,0.053890722162155555,0.19295159261370376,False
2025-02-17 13:00:00,13701.105166051664,81.0,7115.92,24.757,57.14,0.2742867962773026,0.05208216716359904,0.174294713176136,False
2025-02-17 14:00:00,14679.755535055348,81.0,6812.039999999999,24.757,57.14,0.2617380243999108,0.0648404228169176,0.17313410368756388,False
2025-02-17 15:00:00,16637.05627306273,81.0,6732.860000000001,24.757,57.14,0.297603049295421,0.07102339644635011,0.1956422055133391,False
2025-02-17 16:00:00,20551.65774907749,81.0,6769.289999999999,24.757,57.14,0.3455829162486163,0.06466885537755214,0.21917158885663746,False
2025-02-17 17:00:00,25118.692804428043,81.0,6183.73,24.757,57.14,0.49786239554300965,0.05988679541077828,0.3007733754835056,False
2025-02-17 18:00:00,27075.99354243543,81.0,5188.97,24.757,57.14,0.655965051569155,0.07056544185661298,0.3925352271985111,False
2025-02-17 19:00:00,23161.39206642066,81.0,5439.93,24.757,57.14,0.596423742310771,0.06812325579974869,0.358688523380811,False
2025-02-17 20:00:00,18268.140221402213,81.0,5202.61,24.757,57.14,0.49440103776556704,0.05866491228505205,0.29831978129933534,False
2025-02-17 21:00:00,14353.53874538745,81.0,5059.34,24.757,57.14,0.421886419692812,0.057145470319081515,0.2577529924746333,False
2025-02-17 22:00:00,10438.937269372696,81.0,5087.709999999999,24.757,57.14,0.39670266418599187,0.055025758176858806,0.242948056481882,False
2025-02-17 23:00:00,8807.853321033212,81.0,5117.099999999999,24.757,57.14,0.35105872062110804,0.06267975680454102,0.2212881869036529,False
2025-02-18 00:00:00,5893.889298892987,79.0,5329.2,25.170500000000004,58.61,0.5887766369234293,0.18416619964130793,0.40670194014647465,False
2025-02-18 01:00:00,4822.273062730626,79.0,5472.9,25.170500000000004,58.61,0.4294974807817037,0.12421746552875985,0.292121473917879,False
2025-02-18 02:00:00,4018.560885608856,79.0,5272.8,25.170500000000004,58.61,0.2707215368859744,0.1082064054855474,0.19758972775578226,False
2025-02-18 03:00:00,4018.560885608856,79.0,5214.71,25.170500000000004,58.61,0.3711126833071273,0.09520534819000624,0.24695438250442286,False
2025-02-18 04:00:00,5358.081180811808,79.0,5320.799999999999,25.170500000000004,58.61,0.39623652284097777,0.0944113313671911,0.2604151866777738,False
2025-02-18 05:00:00,8572.929889298894,79.0,5271.3,25.170500000000004,58.61,0.40222639809473215,0.08649605651837064,0.2601477443853695,False
2025-02-18 06:00:00,13663.107011070111,79.0,4803.8,25.170500000000004,58.61,0.41345501059130574,0.07915236379839465,0.26301881953449574,False
2025-02-18 07:00:00,17145.859778597787,79.0,4766.400000000001,25.170500000000004,58.61,0.35345381174488305,0.09318752860834707,0.23633398433344188,False
2025-02-18 08:00:00,18485.38007380074,79.0,5204.0599999999995,25.170500000000004,58.61,0.3632908986136115,0.07426191209234323,0.2332278546790408,False
2025-02-18 09:00:00,15002.627306273062,79.0,6199.66,25.170500000000004,58.61,0.42248652287177146,0.06716119415838952,0.2625901249507496,False
2025-02-18 10:00:00,12591.49077490775,79.0,6708.12,25.170500000000004,58.61,0.3074993780619547,0.06916107069107817,0.20024713974506028,False
2025-02-18 11:00:00,11519.87453874539,79.0,6954.11,25.170500000000004,58.61,0.34280464781918796,0.07175444710304117,0.22083205749692192,False
2025-02-18 12:00:00,10984.066420664209,79.0,6778.4,25.170500000000004,58.61,0.21125893817281893,0.06395757886652163,0.14497332648498515,False
2025-02-18 13:00:00,11251.9704797048,79.0,6680.48,25.170500000000004,58.61,0.16475154209842946,0.05486075894414555,0.11530068967900171,False
2025-02-18 14:00:00,12055.682656826566,79.0,6459.21,25.170500000000004,58.61,0.18530678186305805,0.048367377710107094,0.12368404999423013,False
2025-02-18 15:00:00,13663.107011070111,79.0,6112.65,25.170500000000004,58.61,0.2146821347360599,0.058346566354311236,0.144331128964273,False
2025-02-18 16:00:00,16877.955719557198,79.0,5882.34,25.170500000000004,58.61,0.26312979209982745,0.07487317965247545,0.17841431649851908,False
2025-02-18 17:00:00,20628.61254612546,79.0,5294.84,25.170500000000004,58.61,0.3522566494253104,0.09479356894782015,0.23639826321043977,False
2025-02-18 18:00:00,22236.03690036901,79.0,4405.4,25.170500000000004,58.61,0.46354475439277343,0.12118493534775455,0.30948283582251496,False
2025-02-18 19:00:00,19021.188191881916,79.0,4707.5,25.170500000000004,58.61,0.3634365685450072,0.0855328656545836,0.2383799022443166,False
2025-02-18 20:00:00,15002.627306273062,79.0,4567.4800000000005,25.170500000000004,58.61,0.3216741093738309,0.0632416503052724,0.2053795027929796,False
2025-02-18 21:00:00,11787.778597785977,79.0,4401.1,25.170500000000004,58.61,0.30823203670661325,0.06938792566224192,0.20075218673664616,False
2025-02-18 22:00:00,8572.929889298894,79.0,4666.1,25.170500000000004,58.61,0.2805457347932289,0.060662959332301244,0.18159848583581148,False
2025-02-18 23:00:00,7233.409594095941,79.0,4691.2,25.170500000000004,58.61,0.21929072827733243,0.05564703669050456,0.1456510670632599,False
2025-02-19 00:00:00,6767.577490774906,77.0,4901.2,25.019999999999996,59.81,0.44622120522489045,0.03812450937117839,0.26257769209072007,False
2025-02-19 01:00:00,5537.10885608856,77.0,5253.1,25.019999999999996,59.81,0.3681473695530136,0.04629676699470217,0.22331459840177348,False
2025-02-19 02:00:00,4614.2573800738,77.0,4968.6,25.019999999999996,59.81,0.24916416795515156,0.06040937102862487,0.16422450933821456,False
2025-02-19 03:00:00,4614.2573800738,77.0,4908.1,25.019999999999996,59.81,0.2738385374339942,0.05531450104498362,0.17550272105893946,False
2025-02-19 04:00:00,6152.343173431735,77.0,5074.5,25.019999999999996,59.81,0.31323011777292153,0.06347191418769703,0.20083892615957052,False
2025-02-19 05:00:00,9843.749077490776,77.0,4973.8,25.019999999999996,59.81,0.2690011574427531,0.052117743530781864,0.17140362118236604,False
2025-02-19 06:00:00,15688.47509225092,77.0,4874.5,25.019999999999996,59.81,0.3004156635674626,0.04712093886914688,0.1864330374532205,False
2025-02-19 07:00:00,19687.49815498155,77.0,5473.530000000001,25.019999999999996,59.81,0.44000937027536224,0.03940779681814061,0.2597386622196125,False
2025-02-19 08:00:00,21225.58394833948,77.0,6216.85,25.019999999999996,59.81,0.50238627788534,0.025550460186101392,0.28781015992068265,False
2025-02-19 09:00:00,17226.560885608855,77.0,7208.15,25.019999999999996,59.81,0.5184743234504271,0.046618280485356926,0.30613910411614553,False
2025-02-19 10:00:00,14458.006457564574,77.0,7680.36,25.019999999999996,59.81,0.5079087611372641,0.039411543803850084,0.2970850133372278,False
2025-02-19 11:00:00,13227.537822878228,77.0,7713.799999999999,25.019999999999996,59.81,0.46155063765950527,0.03773359237193319,0.2708329672800978,False
2025-02-19 12:00:00,12612.303505535056,77.0,7591.63,25.019999999999996,59.81,0.37972174077288534,0.023248719192544655,0.21930888106173207,False
2025-02-19 13:00:00,12919.920664206644,77.0,7450.35,25.019999999999996,59.81,0.3101727844108819,0.016939758321423488,0.17821792267062564,False
2025-02-19 14:00:00,13842.7721402214,77.0,7351.07,25.019999999999996,59.81,0.3026838254875029,0.030094367402496384,0.18001856934924998,False
2025-02-19 15:00:00,15688.47509225092,77.0,7191.389999999999,25.019999999999996,59.81,0.38034790348948394,0.03872085757636724,0.22661573282858144,False
2025-02-19 16:00:00,19379.880996309963,77.0,7192.540000000001,25.019999999999996,59.81,0.35745693873636836,0.04028371370304673,0.21472898747137364,False
2025-02-19 17:00:00,23686.521217712176,77.0,6572.51,25.019999999999996,59.81,0.49106187069416685,0.04025490260501631,0.28819873505404914,False
2025-02-19 18:00:00,25532.224169741698,77.0,5515.38,25.019999999999996,59.81,0.6511010062349284,0.05866719167607495,0.38450578968344434,False
2025-02-19 19:00:00,21840.818265682658,77.0,5674.599999999999,25.019999999999996,59.81,0.5294298462996931,0.054372025729572684,0.315653827043139,False
2025-02-19 20:00:00,17226.560885608855,77.0,5454.400000000001,25.019999999999996,59.81,0.4409957417343954,0.03754530388658573,0.25944304470288104,False
2025-02-19 21:00:00,13535.154981549813,77.0,5147.599999999999,25.019999999999996,59.81,0.41083651791412507,0.03476686074277112,0.2416051721870158,False
2025-02-19 22:00:00,9843.749077490776,77.0,5249.1,25.019999999999996,59.81,0.37995203057918064,0.030397825113686047,0.2226526381197081,False
2025-02-19 23:00:00,8305.663284132841,77.0,5348.2,25.019999999999996,59.81,0.32831516158338114,0.03425187892808101,0.1959866843884961,False
2025-02-20 00:00:00,7199.845018450183,114.0,5488.1,25.630000000000003,59.67,0.8223024502078398,0.17439713444855964,0.5307450581161637,True
2025-02-20 01:00:00,5890.782287822877,114.0,5748.700000000001,25.630000000000003,59.67,0.6646551202453496,0.0712491299652092,0.39762242461928643,False
2025-02-20 02:00:00,4908.985239852398,114.0,5426.0,25.630000000000003,59.67,0.5630911714893031,0.07523291957108286,0.34355495812610404,False
2025-02-20 03:00:00,4908.985239852398,114.0,5348.1,25.630000000000003,59.67,0.559376658045032,0.05309466655717346,0.3315497618754957,False
2025-02-20 04:00:00,6545.313653136532,114.0,5516.7,25.630000000000003,59.67,0.5792577288644688,0.06567307982790448,0.3481446367980149,False
2025-02-20 05:00:00,10472.50184501845,114.0,5483.3,25.630000000000003,59.67,0.6167924592332051,0.0602245127083714,0.36633688329702996,False
2025-02-20 06:00:00,16690.549815498154,114.0,5225.2,25.630000000000003,59.67,0.7451187231458851,0.06827623320907025,0.44053960267431846,False
2025-02-20 07:00:00,20945.0036900369,114.0,5668.73,25.630000000000003,59.67,0.8953189226216267,0.0577319952226613,0.5184048052920923,True
2025-02-20 08:00:00,22581.33210332103,114.0,6318.299999999999,25.630000000000003,59.67,0.8462524263340303,0.04718970924405546,0.48667420364354164,False
2025-02-20 09:00:00,18326.878228782287,114.0,7254.81,25.630000000000003,59.67,0.8785713240459465,0.048753347081837026,0.5051532344120973,True
2025-02-20 10:00:00,15381.487084870849,114.0,7850.98,25.630000000000003,59.67,0.8472567650491752,0.06019304151738582,0.49307808945987003,False
2025-02-20 11:00:00,14072.424354243542,114.0,7729.41,25.630000000000003,59.67,0.8123027677848379,0.06388310585987543,0.4755139199186048,False
2025-02-20 12:00:00,13417.892988929889,114.0,7545.31,25.630000000000003,59.67,0.6967559177906443,0.05933476316747695,0.40991639821021897,False
2025-02-20 13:00:00,13745.158671586716,114.0,7411.53,25.630000000000003,59.67,0.6546767947038442,0.05460023490389154,0.38464234279386555,False
2025-02-20 14:00:00,14726.955719557192,114.0,7347.27,25.630000000000003,59.67,0.6018332462673228,0.05369793634354132,0.3551723568016212,False
2025-02-20 15:00:00,16690.549815498154,114.0,7263.38,25.630000000000003,59.67,0.6494890216852127,0.054324277367694435,0.3816648867423295,False
2025-02-20 16:00:00,20617.73800738007,114.0,7301.39,25.630000000000003,59.67,0.7262706126628735,0.05348066148668503,0.4235151346335887,False
2025-02-20 17:00:00,25199.457564575645,114.0,6671.53,25.630000000000003,59.67,0.8833337468079244,0.04803762725184322,0.507450493007688,True
2025-02-20 18:00:00,27163.051660516605,114.0,5817.16,25.630000000000003,59.67,0.9999999999999999,0.0475331219299573,0.5713899048684807,True
2025-02-20 19:00:00,23235.86346863468,114.0,5772.9,25.630000000000003,59.67,0.9267701743445528,0.043746347580730004,0.5294094523008326,True
2025-02-20 20:00:00,18326.878228782287,114.0,5555.0,25.630000000000003,59.67,0.8052297585487338,0.03464938489494414,0.4584685904045285,False
2025-02-20 21:00:00,14399.690036900363,114.0,5318.0,25.630000000000003,59.67,0.7056207454801557,0.04006480725006309,0.4061205732766141,False
2025-02-20 22:00:00,10472.50184501845,114.0,5586.5,25.630000000000003,59.67,0.6998737258998803,0.06311953800392388,0.41333434134669994,False
2025-02-20 23:00:00,8836.173431734316,114.0,5393.2,25.630000000000003,59.67,0.6179303327287016,0.07842585309220015,0.375153316892276,False
2025-02-21 00:00:00,6822.638376383762,103.0,5613.4,25.9165,63.46,0.7168183965696973,0.14648018918767755,0.46016620324778845,False
2025-02-21 01:00:00,5582.158671586715,103.0,5802.9,25.9165,63.46,0.517753159348589,0.1041725382358598,0.33164187984786087,False
2025-02-21 02:00:00,4651.798892988929,103.0,5376.0,25.9165,63.46,0.44611727052694206,0.0971056917507803,0.28906206007766927,False
2025-02-21 03:00:00,4651.798892988929,103.0,5339.0,25.9165,63.46,0.42202164399025555,0.08458014209193936,0.27017296813601327,False
2025-02-21 04:00:00,6202.39852398524,103.0,5553.4,25.9165,63.46,0.47729093845262716,0.08051175609006915,0.29874030638947613,False
2025-02-21 05:00:00,9923.837638376384,103.0,5471.2,25.9165,63.46,0.4793160384343972,0.06312570741922371,0.29203038947756915,False
2025-02-21 06:00:00,15816.11623616236,103.0,5213.3,25.9165,63.46,0.4801446148021131,0.05894802035843574,0.2906061473024583,False
2025-02-21 07:00:00,19847.67527675277,103.0,5969.73,25.9165,63.46,0.553376455164379,0.05057565691310198,0.32711609595130436,False
2025-02-21 08:00:00,21398.274907749077,103.0,6449.86,25.9165,63.46,0.5569644175285984,0.05595183677577513,0.33150875618982795,False
2025-02-21 09:00:00,17366.71586715867,103.0,6914.82,25.9165,63.46,0.45300629215760824,0.0531432534242827,0.27306792472761177,False
2025-02-21 10:00:00,14575.636531365311,103.0,7851.13,25.9165,63.46,0.5431024539344077,0.05941918629881278,0.32544498349839,False
2025-02-21 11:00:00,13335.156826568264,103.0,7794.42,25.9165,63.46,0.48893596274146933,0.046583838626608795,0.28987750688978214,False
2025-02-21 12:00:00,12714.916974169742,103.0,7767.23,25.9165,63.46,0.37747169602588815,0.028010622302964184,0.22021421285057238,False
2025-02-21 13:00:00,13025.036900369005,103.0,7587.58,25.9165,63.46,0.3692269531745673,0.02471873052467433,0.21419825298211545,False
2025-02-21 14:00:00,13955.396678966788,103.0,7333.36,25.9165,63.46,0.39527960500489456,0.027270890722611903,0.22967568357786738,False
2025-02-21 15:00:00,15816.11623616236,103.0,7345.55,25.9165,63.46,0.4024791459592626,0.035452211442143465,0.23731702542655903,False
2025-02-21 16:00:00,19537.555350553503,103.0,7118.84,25.9165,63.46,0.4545800086497753,0.026790884637439723,0.2620749028442243,False
2025-02-21 17:00:00,23879.234317343173,103.0,6649.77,25.9165,63.46,0.5402481301507938,0.027331217426918634,0.30943551942505,False
2025-02-21 18:00:00,25739.953874538747,103.0,6010.63,25.9165,63.46,0.6097024937427448,0.027413953819778358,0.3476726507774099,False
2025-02-21 19:00:00,22018.5147601476,103.0,5822.7,25.9165,63.46,0.5564567421070944,0.029015623676364382,0.31910823881326594,False
2025-02-21 20:00:00,17366.71586715867,103.0,5534.8,25.9165,63.46,0.480120811334345,0.02464111422492837,0.2751549476351075,False
2025-02-21 21:00:00,13645.276752767524,103.0,5369.7,25.9165,63.46,0.42324879273978666,0.019972240965063396,0.24177434444116122,False
2025-02-21 22:00:00,9923.837638376384,103.0,5580.0,25.9165,63.46,0.3953551182882759,0.022366352054612532,0.2275101734831274,False
2025-02-21 23:00:00,8373.238007380074,103.0,5575.0,25.9165,63.46,0.3078630161387718,0.032264708128026516,0.18384377753393644,False
2025-02-22 00:00:00,6434.71586715867,110.0,5641.3,26.3305,60.379999999999995,0.579865784094028,0.018053106820027094,0.3270500793207276,False
2025-02-22 01:00:00,5264.767527675276,110.0,5760.0,26.3305,60.379999999999995,0.34230476242789276,0.025442961093335482,0.199716951827342,False
2025-02-22 02:00:00,4387.30627306273,110.0,5491.1,26.3305,60.379999999999995,0.2716068226576783,0.021635616421796282,0.15911977985153142,False
2025-02-22 03:00:00,4387.30627306273,110.0,5311.16,26.3305,60.379999999999995,0.282166195669737,0.02507752632060756,0.16647629446262877,False
2025-02-22 04:00:00,5849.741697416974,110.0,5535.56,26.3305,60.379999999999995,0.3122045820985869,0.02792576594552403,0.18427911482970863,False
2025-02-22 05:00:00,9359.58671586716,110.0,5434.97,26.3305,60.379999999999995,0.3426524793284702,0.01872523118403854,0.196885217663476,False
2025-02-22 06:00:00,14916.841328413282,110.0,4997.49,26.3305,60.379999999999995,0.4703372155064527,0.04040440710143706,0.2768674517241957,False
2025-02-22 07:00:00,18719.17343173432,110.0,5780.45,26.3305,60.379999999999995,0.4730315336988066,0.027630612826256274,0.272601119306159,False
2025-02-22 08:00:00,20181.60885608856,110.0,6421.889999999999,26.3305,60.379999999999995,0.4434503754554744,0.028972618796464383,0.2569353849589199,False
2025-02-22 09:00:00,16379.276752767526,110.0,7055.07,26.3305,60.379999999999995,0.40823627838463417,0.025381231418764857,0.23595150724999298,False
2025-02-22 10:00:00,13746.892988929889,110.0,7718.87,26.3305,60.379999999999995,0.4240874339831425,0.025004268870993534,0.2445000096826755,False
2025-02-22 11:00:00,12576.944649446494,110.0,7836.46,26.3305,60.379999999999995,0.4450662460321808,0.028052905164287992,0.2574102426416291,False
2025-02-22 12:00:00,11991.970479704798,110.0,7575.679999999999,26.3305,60.379999999999995,0.31074603243527715,0.03298578589035774,0.18575392149006342,False
2025-02-22 13:00:00,12284.457564575649,110.0,7442.19,26.3305,60.379999999999995,0.2487365087445274,0.02166636742059823,0.14655494514875927,False
2025-02-22 14:00:00,13161.91881918819,110.0,7296.56,26.3305,60.379999999999995,0.26088875068179246,0.022738781459638664,0.15372126453182325,False
2025-02-22 15:00:00,14916.841328413282,110.0,7303.82,26.3305,60.379999999999995,0.2821617217033799,0.029762020401241183,0.16858185611741747,False
2025-02-22 16:00:00,18426.68634686347,110.0,7190.05,26.3305,60.379999999999995,0.2927407943265797,0.022228748295953893,0.17101037361279808,False
2025-02-22 17:00:00,22521.50553505535,110.0,6955.86,26.3305,60.379999999999995,0.44785395409994677,0.024309647818764935,0.25725901627341496,False
2025-02-22 18:00:00,24276.428044280445,110.0,6160.08,26.3305,60.379999999999995,0.49002691671541754,0.031559294919827834,0.2837164869074022,False
2025-02-22 19:00:00,20766.583025830256,110.0,5772.8,26.3305,60.379999999999995,0.4505166292643237,0.032138290151053454,0.2622463766633521,False
2025-02-22 20:00:00,16379.276752767526,110.0,5625.2,26.3305,60.379999999999995,0.3653788960235101,0.023155352867725902,0.21137830160340723,False
2025-02-22 21:00:00,12869.43173431734,110.0,5326.8,26.3305,60.379999999999995,0.3397308609955782,0.018786334002932746,0.19530582384888776,False
2025-02-22 22:00:00,9359.58671586716,110.0,5698.700000000001,26.3305,60.379999999999995,0.3222386537194279,0.02371165858657452,0.18790150590964388,False
2025-02-22 23:00:00,7897.151291512915,110.0,5490.3,26.3305,60.379999999999995,0.23106110596895152,0.03633541550079767,0.14343454525828228,False
2025-02-23 00:00:00,6231.7435424354235,103.0,5472.2,26.5605,60.010000000000005,0.47199113748057897,0.043703414382273306,0.27926166208634146,False
2025-02-23 01:00:00,5098.699261992619,103.0,5696.0,26.5605,60.010000000000005,0.3400387133299746,0.022099377774110335,0.19696601232983568,False
2025-02-23 02:00:00,4248.916051660516,103.0,5365.4,26.5605,60.010000000000005,0.2973935013199284,0.026535102351012394,0.17550722178391623,False
2025-02-23 03:00:00,4248.916051660516,103.0,5268.5,26.5605,60.010000000000005,0.2999796158499225,0.02808022893162249,0.17762489173668752,False
2025-02-23 04:00:00,5665.221402214022,103.0,5545.7,26.5605,60.010000000000005,0.3213626813707107,0.027790676920937955,0.189255279368313,False
2025-02-23 05:00:00,9064.354243542435,103.0,5671.9,26.5605,60.010000000000005,0.40830181022944,0.024287428499853415,0.23549533845112608,False
2025-02-23 06:00:00,14446.314575645754,103.0,5352.8,26.5605,60.010000000000005,0.32797690196846285,0.022656722213892325,0.19058282107890612,False
2025-02-23 07:00:00,18128.70848708487,103.0,6031.7,26.5605,60.010000000000005,0.43384225683190625,0.024124042408360784,0.2494690603413108,False
2025-02-23 08:00:00,19545.013837638377,103.0,6524.92,26.5605,60.010000000000005,0.3709800661153667,0.02600734577892413,0.21574234196396758,False
2025-02-23 09:00:00,15862.61992619926,103.0,7507.35,26.5605,60.010000000000005,0.3667323113592042,0.023617637284127597,0.21233070802541976,False
2025-02-23 10:00:00,13313.27029520295,103.0,7981.139999999999,26.5605,60.010000000000005,0.4369392000821417,0.017328909862002452,0.24811456948307906,False
2025-02-23 11:00:00,12180.226014760146,103.0,8000.58,26.5605,60.010000000000005,0.45671360991124776,0.021449892126454952,0.260844936908091,False
2025-02-23 12:00:00,11613.703874538744,103.0,7632.59,26.5605,60.010000000000005,0.29710517929627644,0.028692795199879457,0.1763196064528978,False
2025-02-23 13:00:00,11896.964944649448,103.0,7595.889999999999,26.5605,60.010000000000005,0.27182336562492715,0.01538572380987344,0.156426426808153,False
2025-02-23 14:00:00,12746.748154981547,103.0,7543.73,26.5605,60.010000000000005,0.29717604573945217,0.01799601211568245,0.1715450306087558,False
2025-02-23 15:00:00,14446.314575645754,103.0,7211.42,26.5605,60.010000000000005,0.3555065102414188,0.018046028528090428,0.20364929347042104,False
2025-02-23 16:00:00,17845.44741697417,103.0,7418.47,26.5605,60.010000000000005,0.3379517922746689,0.024830866137422702,0.19704737551290816,False
2025-02-23 17:00:00,21811.102398523984,103.0,6999.13,26.5605,60.010000000000005,0.4875495430578821,0.017086025643876006,0.2758409602215794,False
2025-02-23 18:00:00,23510.66881918819,103.0,6162.6900000000005,26.5605,60.010000000000005,0.5089410879661254,0.027598173832329122,0.29233677660591706,False
2025-02-23 19:00:00,20111.535977859778,103.0,6019.7,26.5605,60.010000000000005,0.39628292985209185,0.02851966136487583,0.23078945903284465,False
2025-02-23 20:00:00,15862.61992619926,103.0,5627.6,26.5605,60.010000000000005,0.3882803114977512,0.02088735426329338,0.22295348074224522,False
2025-02-23 21:00:00,12463.487084870849,103.0,5378.0,26.5605,60.010000000000005,0.3231357313711155,0.017555572383838546,0.1856246598268409,False
2025-02-23 22:00:00,9064.354243542435,103.0,5505.5,26.5605,60.010000000000005,0.295559975056625,0.021082455243588146,0.17204509114075842,False
2025-02-23 23:00:00,7648.04889298893,103.0,5581.5,26.5605,60.010000000000005,0.20556829626525858,0.028509749985069586,0.12589195043917353,False
2025-02-24 00:00:00,4658.6420664206635,88.0,5708.86,26.0365,64.13,0.6502222047282159,0.17135859314666457,0.43473357951651787,False
2025-02-24 01:00:00,3811.616236162361,88.0,5872.99,26.0365,64.13,0.49381517633371197,0.02247399585019154,0.28171164511612784,False
2025-02-24 02:00:00,3176.346863468634,88.0,5480.6,26.0365,64.13,0.4775643015176647,0.024082230258316142,0.27349736945095793,False
2025-02-24 03:00:00,3176.346863468634,88.0,5470.85,26.0365,64.13,0.4957123061819302,0.01832602492604465,0.2808884796167817,False
2025-02-24 04:00:00,4235.129151291513,88.0,5662.7,26.0365,64.13,0.49885114988517815,0.021313623944148603,0.2839592632117149,False
2025-02-24 05:00:00,6776.206642066421,88.0,5637.04,26.0365,64.13,0.4610413815496139,0.02090562781233106,0.26298029236783665,False
2025-02-24 06:00:00,10799.579335793358,88.0,5421.78,26.0365,64.13,0.38506955865445325,0.014930527698110561,0.21850699472409904,False
2025-02-24 07:00:00,13552.413284132845,88.0,5649.0599999999995,26.0365,64.13,0.40705667197218265,0.02261672178299931,0.23405869438705015,False
2025-02-24 08:00:00,14611.195571955725,88.0,6088.7699999999995,26.0365,64.13,0.4335373495060433,0.030918340556595352,0.2523587954787917,False
2025-02-24 09:00:00,11858.361623616234,88.0,7162.65,26.0365,64.13,0.4237434104985357,0.02400558963165624,0.24386139110843996,False
2025-02-24 10:00:00,9952.553505535056,88.0,7558.06,26.0365,64.13,0.43149751497607364,0.0205126290280497,0.2465543162994629,False
2025-02-24 11:00:00,9105.527675276751,88.0,7617.969999999999,26.0365,64.13,0.42857974598387316,0.027369497084456063,0.24803513397913549,False
2025-02-24 12:00:00,8682.014760147604,88.0,7337.31,26.0365,64.13,0.31578714499730715,0.030645688501856738,0.1874734895743545,False
2025-02-24 13:00:00,8893.77121771218,88.0,7478.87,26.0365,64.13,0.29803923190677667,0.01900802436002328,0.17247518851073768,False
2025-02-24 14:00:00,9529.040590405904,88.0,7412.07,26.0365,64.13,0.2555877964668233,0.015102837135447682,0.14736956476770427,False
2025-02-24 15:00:00,10799.579335793358,88.0,7238.72,26.0365,64.13,0.3518086770116735,0.015196317308094974,0.2003331151450632,False
2025-02-24 16:00:00,13340.656826568267,88.0,7122.12,26.0365,64.13,0.3802584242503897,0.017814408738599716,0.2171586172700842,False
2025-02-24 17:00:00,16305.247232472324,88.0,6521.18,26.0365,64.13,0.3463305734411785,0.02491182483658357,0.2016921365691108,False
2025-02-24 18:00:00,17575.78597785978,88.0,5500.139999999999,26.0365,64.13,0.41359844792537803,0.046069845841272744,0.24821057698753068,False
2025-02-24 19:00:00,15034.708487084868,88.0,5621.66,26.0365,64.13,0.24977011551682243,0.02518637214881452,0.1487074310012189,False
2025-02-24 20:00:00,11858.361623616234,88.0,5321.42,26.0365,64.13,0.2850118240830806,0.008401999166827868,0.1605374028707669,False
2025-02-24 21:00:00,9317.284132841329,88.0,5186.66,26.0365,64.13,0.23476923071601674,0.015465905409220354,0.1360827343279584,False
2025-02-24 22:00:00,6776.206642066421,88.0,5394.29,26.0365,64.13,0.19406071738655112,0.02060512781135744,0.11600570207771398,False
2025-02-24 23:00:00,5717.424354243543,88.0,5462.59,26.0365,64.13,0.1800144033447415,0.02698947614743259,0.11115318610595251,False
2025-02-25 00:00:00,6843.339483394832,79.0,5621.3,25.761000000000003,64.89,0.4957821308299766,0.031549056419729535,0.2868772473453654,False
2025-02-25 01:00:00,5599.095940959409,79.0,5865.1,25.761000000000003,64.89,0.3672722700337704,0.02556958399890603,0.21350606131808142,False
2025-02-25 02:00:00,4665.913284132841,79.0,5607.2,25.761000000000003,64.89,0.2867855060907055,0.026343535834795772,0.16958661947554615,False
2025-02-25 03:00:00,4665.913284132841,79.0,5494.5,25.761000000000003,64.89,0.2730697905106725,0.020140549305548074,0.1592516319683665,False
2025-02-25 04:00:00,6221.217712177122,79.0,5559.0,25.761000000000003,64.89,0.2732582291658414,0.026567445048662878,0.16224737631311106,False
2025-02-25 05:00:00,9953.948339483395,79.0,5301.9,25.761000000000003,64.89,0.2644502333839842,0.0165349589583151,0.15288835989243313,False
2025-02-25 06:00:00,15864.10516605166,79.0,5177.2,25.761000000000003,64.89,0.2972459254506686,0.016571357218096452,0.17094236974601112,False
2025-02-25 07:00:00,19907.89667896679,79.0,5004.36,25.761000000000003,64.89,0.30387958111078855,0.02386911779067198,0.1778748726167361,False
2025-02-25 08:00:00,21463.201107011075,79.0,5483.66,25.761000000000003,64.89,0.28573569832961887,0.04147873911979715,0.1758200666851991,False
2025-02-25 09:00:00,17419.409594095938,79.0,6416.0,25.761000000000003,64.89,0.3623901924635891,0.03951670319286091,0.21709712229176142,False
2025-02-25 10:00:00,14619.861623616238,79.0,6689.24,25.761000000000003,64.89,0.26960559571924486,0.04695271977038367,0.16941180154225732,False
2025-02-25 11:00:00,13375.618081180814,79.0,6593.5199999999995,25.761000000000003,64.89,0.1926231088772043,0.05877656322289315,0.1323921633327643,False
2025-02-25 12:00:00,12753.496309963102,79.0,6625.75,25.761000000000003,64.89,0.11746968941405178,0.038325941830805337,0.08185500300159089,False
2025-02-25 13:00:00,13064.55719557196,79.0,6645.19,25.761000000000003,64.89,0.09818590046849807,0.0597523078513912,0.08089078379079997,False
2025-02-25 14:00:00,13997.73985239852,79.0,6324.29,25.761000000000003,64.89,0.14229674215387017,0.0829523564723932,0.11559176859720555,False
2025-02-25 15:00:00,15864.10516605166,79.0,6315.52,25.761000000000003,64.89,0.17893293711910296,0.0920613353598891,0.13984071632745673,False
2025-02-25 16:00:00,19596.835793357935,79.0,6177.8099999999995,25.761000000000003,64.89,0.18507883799132469,0.08596657621591304,0.14047832019238946,False
2025-02-25 17:00:00,23951.688191881916,79.0,5743.69,25.761000000000003,64.89,0.3151884079048173,0.07913037122694601,0.20896229139977524,False
2025-02-25 18:00:00,25818.053505535063,79.0,4794.63,25.761000000000003,64.89,0.5039766336885774,0.08369834057728767,0.314851401788497,False
2025-02-25 19:00:00,22085.322878228777,79.0,5116.6,25.761000000000003,64.89,0.4564932315699051,0.07477883840345934,0.28472175464500454,False
2025-02-25 20:00:00,17419.409594095938,79.0,4899.7,25.761000000000003,64.89,0.37819212565559973,0.058672332113343786,0.23440821856158459,False
2025-02-25 21:00:00,13686.678966789665,79.0,4697.8,25.761000000000003,64.89,0.30389007591999445,0.058841356583408166,0.19361815221853063,False
2025-02-25 22:00:00,9953.948339483395,79.0,4924.7,25.761000000000003,64.89,0.30791437845164776,0.05006474358287133,0.19188204276069837,False
2025-02-25 23:00:00,8398.643911439116,79.0,4941.3,25.761000000000003,64.89,0.217880108646676,0.06090422124454127,0.14724095931571538,False
2025-02-26 00:00:00,5779.891143911438,65.0,5098.1,24.4895,68.22999999999999,0.6355501957197156,0.10237201470973245,0.3956200142652232,False
2025-02-26 01:00:00,4729.00184501845,65.0,5429.99,24.4895,68.22999999999999,0.4304658828821113,0.08964344747873974,0.2770957869505941,False
2025-02-26 02:00:00,3940.834870848708,65.0,5142.63,24.4895,68.22999999999999,0.3345678093877275,0.07367263911713547,0.2171649827659611,False
2025-02-26 03:00:00,3940.834870848708,65.0,5166.23,24.4895,68.22999999999999,0.38783455477152523,0.07108794320180388,0.24529857956515064,False
2025-02-26 04:00:00,5254.446494464944,65.0,5392.89,24.4895,68.22999999999999,0.4567438559819405,0.08043668565348323,0.28740562933413477,False
2025-02-26 05:00:00,8407.11439114391,65.0,5395.57,24.4895,68.22999999999999,0.4063700960177703,0.06858287930026045,0.2543658484948909,False
2025-02-26 06:00:00,13398.838560885608,65.0,5356.86,24.4895,68.22999999999999,0.36802112070049153,0.05681337742885709,0.22797763622825606,False
2025-02-26 07:00:00,16814.22878228782,65.0,5405.76,24.4895,68.22999999999999,0.4048403183011426,0.05106962623697359,0.24564350687226655,False
2025-02-26 08:00:00,18127.84040590406,65.0,6259.94,24.4895,68.22999999999999,0.4657655471072397,0.04233550480701666,0.27522202807213936,False
2025-02-26 09:00:00,14712.450184501844,65.0,7185.459999999999,24.4895,68.22999999999999,0.44587471762185793,0.0429014725449235,0.26453675733723747,False
2025-02-26 10:00:00,12347.94926199262,65.0,7447.53,24.4895,68.22999999999999,0.3937792799472261,0.02270387221724455,0.22679534646873445,False
2025-02-26 11:00:00,11297.05996309963,65.0,7563.37,24.4895,68.22999999999999,0.3979560567799485,0.021832858052671,0.22870061735267364,False
2025-02-26 12:00:00,10771.615313653136,65.0,7498.45,24.4895,68.22999999999999,0.3209229773723716,0.021663763565373927,0.18625633115922266,False
2025-02-26 13:00:00,11034.337638376384,65.0,7306.25,24.4895,68.22999999999999,0.29411735757036345,0.016327611584227276,0.16911197187660218,False
2025-02-26 14:00:00,11822.504612546123,65.0,7315.98,24.4895,68.22999999999999,0.3335703073234504,0.017590735208683202,0.19137949987180516,False
2025-02-26 15:00:00,13398.838560885608,65.0,7151.030000000001,24.4895,68.22999999999999,0.336498098951538,0.015822953070489372,0.1921942833050661,False
2025-02-26 16:00:00,16551.506457564574,65.0,7120.25,24.4895,68.22999999999999,0.35794709967125554,0.022006015802201243,0.20677361193018112,False
2025-02-26 17:00:00,20229.619003690037,65.0,6578.8099999999995,24.4895,68.22999999999999,0.40119000067156907,0.026105367949493165,0.23240191594663495,False
2025-02-26 18:00:00,21805.95295202952,65.0,5601.2,24.4895,68.22999999999999,0.48617741762539,0.04337701158954892,0.2869172349092616,False
2025-02-26 19:00:00,18653.28505535055,65.0,5736.07,24.4895,68.22999999999999,0.2972668947612598,0.03818986242534874,0.18068223021009983,False
2025-02-26 20:00:00,14712.450184501844,65.0,5486.79,24.4895,68.22999999999999,0.26017151798826904,0.015556172635614325,0.15009461257957443,False
2025-02-26 21:00:00,11559.782287822876,65.0,5238.31,24.4895,68.22999999999999,0.23247898539140577,0.01730310326966528,0.13564983843662257,False
2025-02-26 22:00:00,8407.11439114391,65.0,5369.01,24.4895,68.22999999999999,0.2113157714204258,0.026147333159161363,0.1279899742028568,False
2025-02-26 23:00:00,7093.502767527675,65.0,5415.8,24.4895,68.22999999999999,0.16085374758224313,0.03214269033570316,0.10293377182130016,False
2025-02-27 00:00:00,3073.8099630996303,79.0,5344.01,24.6835,68.03,0.5779934717333154,0.03514015753707435,0.3337094803450069,False
2025-02-27 01:00:00,2514.935424354243,79.0,5716.71,24.6835,68.03,0.4820577682060807,0.04868414149973676,0.287039636188226,False
2025-02-27 02:00:00,2095.7795202952025,79.0,5492.32,24.6835,68.03,0.4221750500620136,0.046614685942555203,0.25317288620825734,False
2025-02-27 03:00:00,2095.7795202952025,79.0,5351.129999999999,24.6835,68.03,0.4076141503926447,0.039014456270497676,0.24174428803767856,False
2025-02-27 04:00:00,2794.372693726937,79.0,5511.51,24.6835,68.03,0.4588402681836479,0.049394371380944324,0.2745896146224313,False
2025-02-27 05:00:00,4470.9963099630995,79.0,5721.7699999999995,24.6835,68.03,0.5507426342760264,0.07364400827779403,0.33604825257682186,False
2025-02-27 06:00:00,7125.650369003689,79.0,4998.6,24.6835,68.03,0.44496627385872595,0.035339089058614735,0.2606340406986759,False
2025-02-27 07:00:00,8941.992619926199,79.0,5818.160000000001,24.6835,68.03,0.45082195627744015,0.04119809486807548,0.26649121864322606,False
2025-02-27 08:00:00,9640.585793357934,79.0,6258.950000000001,24.6835,68.03,0.40574243056739656,0.030591541731259015,0.23692453059113466,False
2025-02-27 09:00:00,7824.243542435424,79.0,6702.27,24.6835,68.03,0.35913768661837475,0.027175039383674732,0.20975449536275975,False
2025-02-27 10:00:00,6566.7758302583015,79.0,7607.59,24.6835,68.03,0.5258162367022725,0.05927890837311263,0.3158744389541506,False
2025-02-27 11:00:00,6007.901291512915,79.0,7682.07,24.6835,68.03,0.52211991124907,0.059717706327659076,0.3140389190344351,False
2025-02-27 12:00:00,5728.4640221402215,79.0,7491.44,24.6835,68.03,0.5369769635594849,0.04513848594369618,0.31564964863238,False
2025-02-27 13:00:00,5868.182656826569,79.0,7265.41,24.6835,68.03,0.47556955585841065,0.0467949170224172,0.2826209683822136,False
2025-02-27 14:00:00,6287.338560885608,79.0,7066.04,24.6835,68.03,0.4757009285523718,0.03277316543420182,0.2763834351491953,False
2025-02-27 15:00:00,7125.650369003689,79.0,7191.26,24.6835,68.03,0.48225253450058947,0.04237970118666443,0.28430975950932325,False
2025-02-27 16:00:00,8802.273985239852,79.0,7031.6,24.6835,68.03,0.46947959903964953,0.04568559875195447,0.27877229891018673,False
2025-02-27 17:00:00,10758.334870848708,79.0,6693.85,24.6835,68.03,0.4342720193026011,0.052649174704073855,0.2625417392332639,False
2025-02-27 18:00:00,11596.64667896679,79.0,5760.63,24.6835,68.03,0.507454899719748,0.05782153917078654,0.30511988747271535,False
2025-02-27 19:00:00,9920.023062730625,79.0,5736.639999999999,24.6835,68.03,0.37927958577388854,0.046683784503191654,0.22961147520207498,False
2025-02-27 20:00:00,7824.243542435424,79.0,5485.46,24.6835,68.03,0.3707269138221219,0.027542084726230102,0.2162937407289706,False
2025-02-27 21:00:00,6147.619926199261,79.0,5180.28,24.6835,68.03,0.402105604181866,0.029774230441457637,0.23455648599868228,False
2025-02-27 22:00:00,4470.9963099630995,79.0,5332.48,24.6835,68.03,0.4048545754963257,0.04453513341386984,0.24271082655922058,False
2025-02-27 23:00:00,3772.403136531366,79.0,5404.73,24.6835,68.03,0.3592849038598522,0.03939679568952867,0.2153352551832066,False
2025-02-28 00:00:00,5681.9464944649435,73.0,5844.4,25.3895,60.629999999999995,0.6979271493974435,0.058081098108798856,0.4099964263175534,False
2025-02-28 01:00:00,4361.363468634686,73.0,5696.42,25.208,58.91,0.527961230652412,0.041358604238814024,0.30899004876629294,False
2025-02-28 02:00:00,3634.4695571955713,73.0,5360.8099999999995,25.208,58.91,0.5019630662005194,0.03668764561085963,0.2925891269351726,False
2025-02-28 03:00:00,3634.4695571955713,73.0,5535.58,25.208,58.91,0.5565281778167973,0.03168296908870091,0.32034783388915394,False
2025-02-28 04:00:00,5165.405904059041,73.0,5670.6,25.3895,60.629999999999995,0.5128515911627666,0.041078048945319336,0.30055349716491536,False
2025-02-28 05:00:00,7753.535055350553,73.0,5630.17,25.208,58.91,0.47718055786767677,0.04867386078964446,0.28435254418256223,False
2025-02-28 06:00:00,12357.196494464944,73.0,5438.76,25.208,58.91,0.40861107722990353,0.04706263483568044,0.24591427815250316,False
2025-02-28 07:00:00,16529.29889298893,73.0,6129.4,25.3895,60.629999999999995,0.5170633670161097,0.07199518091877355,0.31678268327230846,False
2025-02-28 08:00:00,17820.650369003688,73.0,6487.91,25.3895,60.629999999999995,0.4322643800995805,0.06458049782220605,0.26680663307476205,False
2025-02-28 09:00:00,13568.686346863467,73.0,7438.400000000001,25.208,58.91,0.45314373456829943,0.0749485666401503,0.28295590900063233,False
2025-02-28 10:00:00,12138.703874538744,73.0,7597.530000000001,25.3895,60.629999999999995,0.29320973925710897,0.04466055174610576,0.18136260487715755,False
2025-02-28 11:00:00,11105.622693726937,73.0,7693.11,25.3895,60.629999999999995,0.33867792741720826,0.04643619868541209,0.2071691494879,False
2025-02-28 12:00:00,10589.082103321034,73.0,7501.139999999999,25.3895,60.629999999999995,0.26693886011738305,0.04637249567520602,0.1676839961184034,False
2025-02-28 13:00:00,10176.514760147602,73.0,7218.08,25.208,58.91,0.2606890126711588,0.04823883938505701,0.16508643469241302,False
2025-02-28 14:00:00,11622.16328413284,73.0,6881.48,25.3895,60.629999999999995,0.25913989493414974,0.05613688702446629,0.1677885413747922,False
2025-02-28 15:00:00,13171.785055350552,73.0,6888.469999999999,25.3895,60.629999999999995,0.2444517652113496,0.06798266452395195,0.16504066990202065,False
2025-02-28 16:00:00,16271.028597785977,73.0,7006.38,25.3895,60.629999999999995,0.23805817049674055,0.0609467934049482,0.158358050805434,False
2025-02-28 17:00:00,18656.94372693727,73.0,6879.219999999999,25.208,58.91,0.25835685543650755,0.052134398183625134,0.16555674967271047,False
2025-02-28 18:00:00,20110.7315498155,73.0,5982.54,25.208,58.91,0.3610336670194351,0.058422000199680885,0.22485841695054573,False
2025-02-28 19:00:00,17203.155904059036,73.0,5738.68,25.208,58.91,0.20460022083281532,0.06447851477122434,0.1415454531050994,False
2025-02-28 20:00:00,13568.686346863467,73.0,5440.16,25.208,58.91,0.17791009986559575,0.047905570996307496,0.11940806187441604,False
2025-02-28 21:00:00,10661.110701107007,73.0,5177.72,25.208,58.91,0.2188698901141306,0.044950012006279114,0.14060594496559745,False
2025-02-28 22:00:00,7753.535055350553,73.0,5383.49,25.208,58.91,0.20282497115799142,0.04882967421486562,0.13352708753358483,False
2025-02-28 23:00:00,6542.045202952029,73.0,5339.83,25.208,58.91,0.1990825481892557,0.052401287834615035,0.1330759810296674,False
2025-03-01 00:00:00,8057.21586715867,78.5,5749.200000000001,25.505000000000003,65.63,0.3631359533130852,0.0428699507841871,0.21901625217508108,False
2025-03-01 01:00:00,6592.267527675275,78.5,5761.9,25.505000000000003,65.63,0.22129133423039926,0.04967445370599912,0.1440637379944192,False
2025-03-01 02:00:00,5493.55627306273,78.5,5497.8,25.505000000000003,65.63,0.19012357437793392,0.05541018819720149,0.12950255059660434,False
2025-03-01 03:00:00,5493.55627306273,78.5,5423.5,25.505000000000003,65.63,0.1644700554871587,0.054586188949691875,0.11502231554529864,False
2025-03-01 04:00:00,7324.741697416974,78.5,5621.3,25.505000000000003,65.63,0.19082004784497547,0.05364482614684656,0.12909119808081748,False
2025-03-01 05:00:00,11719.58671586716,78.5,5676.4,25.505000000000003,65.63,0.22592581756040053,0.05718726720259901,0.14999346989938986,False
2025-03-01 06:00:00,18678.09132841328,78.5,5143.799999999999,25.505000000000003,65.63,0.3224276214602413,0.0440744081126812,0.19716867545383926,False
2025-03-01 07:00:00,23439.17343173432,78.5,5933.1,25.505000000000003,65.63,0.4747939686209974,0.04096757712223876,0.279572092446556,False
2025-03-01 08:00:00,25270.35885608856,78.5,6377.1,25.505000000000003,65.63,0.4988522374761999,0.040171944360213825,0.2924461055740062,False
2025-03-01 09:00:00,20509.276752767524,78.5,7516.0,25.505000000000003,65.63,0.6299873349616794,0.06880716485199859,0.37745625841232305,False
2025-03-01 10:00:00,17213.14298892989,78.5,7723.700000000001,25.505000000000003,65.63,0.5368244246605123,0.038758625897139555,0.31269481521699455,False
2025-03-01 11:00:00,15748.194649446494,78.5,7845.700000000001,25.505000000000003,65.63,0.5506307342006201,0.03671213473557694,0.3193673644413508,False
2025-03-01 12:00:00,15015.720479704798,78.5,7726.2,25.505000000000003,65.63,0.41794851251981446,0.0173033469172147,0.23765818799864458,False
2025-03-01 13:00:00,15381.957564575649,78.5,7503.9,25.505000000000003,65.63,0.36157118913796477,0.02125776501913408,0.208430148284491,False
2025-03-01 14:00:00,16480.668819188188,78.5,7342.4,25.505000000000003,65.63,0.3649617289079726,0.036102340414140115,0.21697500408574802,False
2025-03-01 15:00:00,18678.09132841328,78.5,7222.6,25.505000000000003,65.63,0.3627584349518705,0.04311525434479909,0.21891900367868838,False
2025-03-01 16:00:00,23072.936346863466,78.5,7086.5,25.505000000000003,65.63,0.4052319161694561,0.03305388807127517,0.23775180352527467,False
2025-03-01 17:00:00,27554.309963099622,78.5,6795.3,25.505000000000003,65.63,0.6022568481296897,0.028241872840338914,0.34395010924948183,False
2025-03-01 18:00:00,27554.309963099622,78.5,5869.400000000001,25.505000000000003,65.63,0.7474251783460588,0.02905249444446652,0.4241574705903423,False
2025-03-01 19:00:00,26002.833025830252,78.5,5766.5,25.505000000000003,65.63,0.6966381041978392,0.03763529017152134,0.4000868378859962,False
2025-03-01 20:00:00,20509.276752767524,78.5,5571.200000000001,25.505000000000003,65.63,0.6670565003672928,0.04377861595051342,0.3865814523797421,False
2025-03-01 21:00:00,16114.43173431734,78.5,5252.099999999999,25.505000000000003,65.63,0.5567806508985289,0.030961193469969086,0.32016189505567705,False
2025-03-01 22:00:00,11719.58671586716,78.5,5312.9,25.505000000000003,65.63,0.5081090236104616,0.031010967795687173,0.29341489849381314,False
2025-03-01 23:00:00,9888.401291512915,78.5,5365.5,25.505000000000003,65.63,0.4507170041720693,0.04100991924044953,0.26634881595284043,False
2025-03-02 00:00:00,7095.243542435423,90.5,5640.1,25.835,64.4,0.736542656354434,0.01800461474122206,0.4132005376284887,False
2025-03-02 01:00:00,5805.199261992619,90.5,5766.6,25.835,64.4,0.5224509392795225,0.029211041519155902,0.3004929852873575,False
2025-03-02 02:00:00,4837.666051660516,90.5,5429.1,25.835,64.4,0.37359163161118925,0.02505457710336215,0.2167499570826671,False
2025-03-02 03:00:00,4837.666051660516,90.5,5462.8,25.835,64.4,0.36922491692167503,0.020575357060263585,0.2123326149840399,False
2025-03-02 04:00:00,6450.221402214022,90.5,5487.700000000001,25.835,64.4,0.40704761981078197,0.026113129425961317,0.2356270991376127,False
2025-03-02 05:00:00,10320.354243542435,90.5,5551.4,25.835,64.4,0.4291043749769965,0.026981823790433953,0.24814922694304337,False
2025-03-02 06:00:00,16448.064575645756,90.5,5014.7,25.835,64.4,0.5363614164230125,0.028083865028668536,0.30763651829555777,False
2025-03-02 07:00:00,20640.70848708487,90.5,5569.42,25.835,64.4,0.5669404654557002,0.03213022061145327,0.3262758552757891,False
2025-03-02 08:00:00,22253.26383763838,90.5,5994.15,25.835,64.4,0.5613914717620534,0.041126936129179066,0.32727243072726,False
2025-03-02 09:00:00,18060.61992619926,90.5,6733.549999999999,25.835,64.4,0.5248719612730977,0.01888216744382519,0.29717655404992505,False
2025-03-02 10:00:00,15158.020295202952,90.5,7313.07,25.835,64.4,0.4708984753822698,0.01418125303381109,0.2653757253254634,False
2025-03-02 11:00:00,13867.976014760148,90.5,7350.72,25.835,64.4,0.45583102962738575,0.02132862620920835,0.26030494808920596,False
2025-03-02 12:00:00,13222.953874538747,90.5,7393.13,25.835,64.4,0.3354118921801498,0.015081806420249765,0.1912633535881948,False
2025-03-02 13:00:00,13545.46494464945,90.5,7340.35,25.835,64.4,0.25405705668985634,0.01797522083097629,0.14782023055336033,False
2025-03-02 14:00:00,14512.998154981547,90.5,7206.87,25.835,64.4,0.2560489968920414,0.01631540866908635,0.14816888219171165,False
2025-03-02 15:00:00,16448.064575645756,90.5,7212.15,25.835,64.4,0.3616453430483712,0.02151831206333146,0.20858817910510333,False
2025-03-02 16:00:00,20318.19741697417,90.5,6973.759999999999,25.835,64.4,0.39341686041784285,0.018468641667635954,0.22469016198024977,False
2025-03-02 17:00:00,24833.352398523984,90.5,6543.34,25.835,64.4,0.5097895170223434,0.02654981937954728,0.29233165308308523,False
2025-03-02 18:00:00,26768.4188191882,90.5,5427.110000000001,25.835,64.4,0.7005413284773028,0.03989596143601419,0.4032509133087229,False
2025-03-02 19:00:00,22898.285977859778,90.5,5634.5,25.835,64.4,0.5985794225327425,0.02584841787145725,0.3408504704351642,False
2025-03-02 20:00:00,18060.61992619926,90.5,5372.5,25.835,64.4,0.4628908063423951,0.007140286002666749,0.25780307218951737,False
2025-03-02 21:00:00,14190.487084870843,90.5,5185.7,25.835,64.4,0.36613100904787726,0.009923983034558808,0.20583784734188398,False
2025-03-02 22:00:00,10320.354243542435,90.5,5312.5,25.835,64.4,0.32205728519520777,0.01724192624326928,0.18489037366683547,False
2025-03-02 23:00:00,8707.79889298893,90.5,5451.93,25.835,64.4,0.26480082460884125,0.031868000735825144,0.159981053865984,False
2025-03-03 00:00:00,6272.151291512914,125.5,5506.799999999999,26.105,69.58,0.866566832404199,0.3535803792044376,0.6357229284643064,True
2025-03-03 01:00:00,5131.760147601475,125.5,5670.6,26.105,69.58,0.588481110780357,0.035941109671787375,0.33983811028150074,False
2025-03-03 02:00:00,4276.466789667897,125.5,5360.099999999999,26.105,69.58,0.5252138123183759,0.039480949590371975,0.3066340240907742,False
2025-03-03 03:00:00,4276.466789667897,125.5,5371.1,26.105,69.58,0.5835442129530101,0.035330519766057264,0.3368480510188814,False
2025-03-03 04:00:00,5701.955719557195,125.5,5495.400000000001,26.105,69.58,0.6094394803383526,0.04699328507310477,0.3563386924689911,False
2025-03-03 05:00:00,9123.129151291514,125.5,5356.6,26.105,69.58,0.6247667091358513,0.040844292422285315,0.36200162161474664,False
2025-03-03 06:00:00,14539.987084870849,125.5,4714.9,26.105,69.58,0.8523132125588785,0.06445355307003624,0.4977763657888995,True
2025-03-03 07:00:00,18246.258302583028,125.5,5039.3,26.105,69.58,0.8341280104068568,0.06852542774860623,0.48960684821064404,False
2025-03-03 08:00:00,19671.747232472328,125.5,5353.74,26.105,69.58,0.7570797138138207,0.05158188876454843,0.4396056925416482,False
2025-03-03 09:00:00,15965.476014760146,125.5,5912.16,26.105,69.58,0.7181654814657101,0.04468062063413886,0.4150972940915031,False
2025-03-03 10:00:00,13399.59594095941,125.5,6760.200000000001,26.105,69.58,0.7058544684940175,0.06064286984503575,0.41550924910197573,False
2025-03-03 11:00:00,12259.204797047973,125.5,6895.6,26.105,69.58,0.7368638263445153,0.06088934379741413,0.4326753091983198,False
2025-03-03 12:00:00,11689.009225092252,125.5,6755.53,26.105,69.58,0.5964747111219427,0.05698717909386318,0.35370532170930696,False
2025-03-03 13:00:00,11974.107011070111,125.5,6700.839999999999,26.105,69.58,0.5523119250671762,0.05385198640393281,0.3280049526687167,False
2025-03-03 14:00:00,12829.400369003688,125.5,6527.96,26.105,69.58,0.5591002550874086,0.058455530565316854,0.3338101290524673,False
2025-03-03 15:00:00,14539.987084870849,125.5,6212.900000000001,26.105,69.58,0.6366922273629677,0.07078369539403441,0.38203338797694775,False
2025-03-03 16:00:00,17961.160516605167,125.5,6146.330000000001,26.105,69.58,0.6565443786752302,0.07331587769630248,0.3940915532347128,False
2025-03-03 17:00:00,21952.5295202952,125.5,5423.12,26.105,69.58,0.7634834169031851,0.0883026437524027,0.45965206898533306,False
2025-03-03 18:00:00,23663.11623616237,125.5,4631.0,26.105,69.58,0.8690167566014,0.09153965025164974,0.5191520587440124,True
2025-03-03 19:00:00,20251.94280442804,125.5,4969.6,26.105,69.58,0.8407198852435978,0.06508341466118489,0.491683473481512,False
2025-03-03 20:00:00,15965.476014760146,125.5,4877.16,26.105,69.58,0.7369186380653299,0.051826753195940385,0.42862728987410464,False
2025-03-03 21:00:00,12544.302583025828,125.5,4697.8,26.105,69.58,0.6390091597788345,0.06392667973145083,0.3802220437575119,False
2025-03-03 22:00:00,9123.129151291514,125.5,5000.889999999999,26.105,69.58,0.5937726084591345,0.06798528890991165,0.3571683146619843,False
2025-03-03 23:00:00,7697.640221402215,125.5,5084.1,26.105,69.58,0.6106141397646708,0.0804691048731587,0.3720488740634904,False
2025-03-04 00:00:00,6169.254612546124,115.5,5379.08,27.07,70.41,0.7029380727892124,0.06282679745468604,0.41488799888867556,False
2025-03-04 01:00:00,5047.571955719556,115.5,5358.6,27.07,70.41,0.4732452158348879,0.10773631169663282,0.30876620897267315,False
2025-03-04 02:00:00,4206.30996309963,115.5,5060.0,27.07,70.41,0.45021576235190364,0.09178188644212626,0.28892051819250386,False
2025-03-04 03:00:00,4206.30996309963,115.5,5095.5,27.07,70.41,0.48181009733700564,0.09388648651504954,0.30724447246712544,False
2025-03-04 04:00:00,5608.413284132841,115.5,5303.7,27.07,70.41,0.5432249463443561,0.08956199798212873,0.3390766195813538,False
2025-03-04 05:00:00,8973.461254612546,115.5,4987.2,27.07,70.41,0.45974242689535055,0.07139563771333572,0.28498637176344394,False
2025-03-04 06:00:00,14301.453874538744,115.5,5050.5,27.07,70.41,0.5143585993284925,0.0628600413429394,0.31118424823499363,False
2025-03-04 07:00:00,17946.922509225093,115.5,5972.099999999999,27.07,70.41,0.6414338857386188,0.054380357907452326,0.37725979821459393,False
2025-03-04 08:00:00,19349.025830258302,115.5,6446.1,27.07,70.41,0.5455014401882275,0.05005234303165549,0.32254934646777017,False
2025-03-04 09:00:00,15703.557195571952,115.5,6937.9,27.07,70.41,0.49372371726921627,0.04667511566592577,0.2925518465477356,False
2025-03-04 10:00:00,13179.771217712176,115.5,7688.2,27.07,70.41,0.5778698113871786,0.045046764147070574,0.33809944012913007,False
2025-03-04 11:00:00,12058.088560885608,115.5,7679.9,27.07,70.41,0.5584408877281652,0.03335137049588832,0.3221506049736406,False
2025-03-04 12:00:00,11497.247232472326,115.5,7566.8,27.07,70.41,0.479285714528362,0.026727228644209986,0.2756343958804936,False
2025-03-04 13:00:00,11777.667896678968,115.5,7566.700000000001,27.07,70.41,0.42273848778891465,0.023993098812433337,0.2433030627494981,False
2025-03-04 14:00:00,12618.92988929889,115.5,7428.6,27.07,70.41,0.45188154126818925,0.030292164944090576,0.26216632192234485,False
2025-03-04 15:00:00,14301.453874538744,115.5,7452.2,27.07,70.41,0.5143383364089531,0.05028900614899363,0.3055161377919714,False
2025-03-04 16:00:00,17666.50184501845,115.5,7496.7,27.07,70.41,0.5360865850429009,0.04528178426742672,0.3152244246939375,False
2025-03-04 17:00:00,21592.39114391144,115.5,7068.0,27.07,70.41,0.6136640422943413,0.043843097937038625,0.35724461733355517,False
2025-03-04 18:00:00,23274.915129151297,115.5,6190.3,27.07,70.41,0.6778308358425827,0.052409246747993736,0.3963911207500177,False
2025-03-04 19:00:00,19909.867158671583,115.5,5831.7,27.07,70.41,0.6195033238379772,0.045363111914838376,0.3611402284725648,False
2025-03-04 20:00:00,15703.557195571952,115.5,5706.8,27.07,70.41,0.49934395238046636,0.033575348044069676,0.28974808042908784,False
2025-03-04 21:00:00,12338.509225092248,115.5,5394.37,27.07,70.41,0.4929933974495604,0.020224248447116552,0.28024728039846064,False
2025-03-04 22:00:00,8973.461254612546,115.5,5860.79,27.07,70.41,0.5087900937329548,0.026199676228017683,0.2916244058557331,False
2025-03-04 23:00:00,7571.357933579336,115.5,5609.33,27.07,70.41,0.39815792709609404,0.02665947411097108,0.23098362325278873,False
2025-03-05 00:00:00,5554.898523985239,108.5,5663.75,27.405,65.9,0.6163812569731091,0.04284473689677797,0.3582898229387601,False
2025-03-05 01:00:00,4544.916974169741,108.5,5779.969999999999,27.405,65.9,0.44557602006345454,0.021397666590066523,0.25469576100042995,False
2025-03-05 02:00:00,3787.4308118081176,108.5,5393.52,27.405,65.9,0.432840310582551,0.022421260759644727,0.2481517381622432,False
2025-03-05 03:00:00,3787.4308118081176,108.5,5498.07,27.405,65.9,0.40327579741549746,0.028163368193986165,0.2344752042658174,False
2025-03-05 04:00:00,5049.907749077491,108.5,5625.52,27.405,65.9,0.40630724098445725,0.02662327199789415,0.23544945494050387,False
2025-03-05 05:00:00,8079.852398523985,108.5,5776.58,27.405,65.9,0.5195369008413375,0.028810135426008073,0.29870985640443926,False
2025-03-05 06:00:00,12877.2647601476,108.5,5592.54,27.405,65.9,0.3674171693621302,0.014080765971342262,0.20841578783627562,False
2025-03-05 07:00:00,16159.70479704797,108.5,6029.05,27.405,65.9,0.42546017592914703,0.01973543905441809,0.24288404433551905,False
2025-03-05 08:00:00,17422.181734317342,108.5,6546.67,27.405,65.9,0.4638682403012753,0.016186553234605522,0.26241148112127394,False
2025-03-05 09:00:00,14139.741697416972,108.5,7322.94,27.405,65.9,0.36219992189684413,0.010652543567336196,0.2040036016485656,False
2025-03-05 10:00:00,11867.283210332102,108.5,7794.36,27.405,65.9,0.35974834129683725,0.00860419990073718,0.20173347766859223,False
2025-03-05 11:00:00,10857.301660516605,108.5,7823.5,27.405,65.9,0.352269394448165,0.011120747636660117,0.19875250338298783,False
2025-03-05 12:00:00,10352.310885608857,108.5,7775.790000000001,27.405,65.9,0.2850003066583099,0.007028284624421886,0.1599128967430603,False
2025-03-05 13:00:00,10604.806273062732,108.5,7531.54,27.405,65.9,0.25684525079043197,0.008711075540148116,0.14518487192780424,False
2025-03-05 14:00:00,11362.292435424351,108.5,7459.73,27.405,65.9,0.30849335298404196,0.011742304425441854,0.17495538113267192,False
2025-03-05 15:00:00,12877.2647601476,108.5,7295.34,27.405,65.9,0.3399038733850588,0.012599264833315572,0.19261679953677435,False
2025-03-05 16:00:00,15907.209409594096,108.5,7428.84,27.405,65.9,0.3926962891662921,0.014726609213829737,0.22260993318768407,False
2025-03-05 17:00:00,19442.14483394834,108.5,6840.39,27.405,65.9,0.43738684819751983,0.013920056397453244,0.24682679188748988,False
2025-03-05 18:00:00,20957.117158671583,108.5,5718.64,27.405,65.9,0.5223357783160051,0.034775823734544804,0.30293379875434795,False
2025-03-05 19:00:00,17927.17250922509,108.5,5835.54,27.405,65.9,0.3370658018972991,0.021033906106967176,0.19485144879164976,False
2025-03-05 20:00:00,14139.741697416972,108.5,5715.94,27.405,65.9,0.30786166163800915,0.008048302698740996,0.1729456501153385,False
2025-03-05 21:00:00,11109.797047970478,108.5,5456.95,27.405,65.9,0.30563000087171616,0.013169329561426073,0.17402269878208565,False
2025-03-05 22:00:00,8079.852398523985,108.5,5731.2,27.405,65.9,0.3065744860614498,0.014157100359297913,0.17498666249548148,False
2025-03-05 23:00:00,6817.375461254613,108.5,5802.17,27.405,65.9,0.24715352042268235,0.020605899946418007,0.14520709120836342,False
2025-03-06 00:00:00,6572.52029520295,122.0,5952.6,27.345,65.62,0.5562865794402977,0.14344953059552265,0.37050990746014895,False
2025-03-06 01:00:00,5377.516605166051,122.0,5992.0,27.345,65.62,0.38721330304827317,0.11551803850462984,0.26495043400363366,False
2025-03-06 02:00:00,4481.263837638376,122.0,5679.6,27.345,65.62,0.3670040626043519,0.07276381389285681,0.23459595068417916,False
2025-03-06 03:00:00,4481.263837638376,122.0,5763.5,27.345,65.62,0.3587816408909089,0.05652633051740347,0.2227667512228315,False
2025-03-06 04:00:00,5975.0184501845015,122.0,5735.8,27.345,65.62,0.3650569185273574,0.04650126496844905,0.22170687442584866,False
2025-03-06 05:00:00,9560.029520295202,122.0,5780.9,27.345,65.62,0.3424136504464997,0.04397621476630539,0.20811680439041225,False
2025-03-06 06:00:00,15236.297047970478,122.0,5400.0,27.345,65.62,0.4627478434746585,0.04448718240566445,0.2745305459936112,False
2025-03-06 07:00:00,19120.059040590404,122.0,6060.33,27.345,65.62,0.4950846241589605,0.034403381037613784,0.2877780647543545,False
2025-03-06 08:00:00,20613.81365313653,122.0,6494.9,27.345,65.62,0.48017273545820427,0.03998095316308056,0.2820864334253986,False
2025-03-06 09:00:00,16730.051660516605,122.0,7372.88,27.345,65.62,0.519778026218569,0.02500216422141883,0.2971288883198514,False
2025-03-06 10:00:00,14041.29335793358,122.0,7859.27,27.345,65.62,0.5391532485356187,0.023022037706968194,0.306894203662726,False
2025-03-06 11:00:00,12846.289667896675,122.0,7985.56,27.345,65.62,0.5328085239350084,0.026213496935788633,0.30484076178535957,False
2025-03-06 12:00:00,12248.787822878228,122.0,7878.6,27.345,65.62,0.40050322965265606,0.02446205153514508,0.23128469949977612,False
2025-03-06 13:00:00,12547.538745387455,122.0,7718.67,27.345,65.62,0.3564090269690804,0.020158176646956603,0.2050961443241247,False
2025-03-06 14:00:00,13443.791512915126,122.0,7513.66,27.345,65.62,0.4241398383011953,0.02710292353950935,0.24547322665843663,False
2025-03-06 15:00:00,15236.297047970478,122.0,7381.02,27.345,65.62,0.4073879456205939,0.02777271272020011,0.2365610908154167,False
2025-03-06 16:00:00,18821.30811808118,122.0,7242.69,27.345,65.62,0.4023038276575966,0.018068679069250953,0.22939801079284106,False
2025-03-06 17:00:00,23003.82103321033,122.0,6897.57,27.345,65.62,0.5242847162413407,0.011258215150547046,0.29342279075048355,False
2025-03-06 18:00:00,24796.32656826569,122.0,6162.02,27.345,65.62,0.5355243676131678,0.012562677636540776,0.30019160712368564,False
2025-03-06 19:00:00,21211.315498154974,122.0,5854.3,27.345,65.62,0.519181070595928,0.015438427914997683,0.2924968813895094,False
2025-03-06 20:00:00,16730.051660516605,122.0,5652.7,27.345,65.62,0.44597824869404334,0.011713022481942566,0.250558896898598,False
2025-03-06 21:00:00,13145.0405904059,122.0,5378.05,27.345,65.62,0.41053616852658964,0.010505093037057364,0.23052218455630014,False
2025-03-06 22:00:00,9560.029520295202,122.0,5593.5,27.345,65.62,0.39011071512804985,0.015834215525755715,0.2216862903070175,False
2025-03-06 23:00:00,8066.274907749077,122.0,5567.7,27.345,65.62,0.30990218909789047,0.02737263556186734,0.18276389000668009,False
2025-03-07 00:00:00,3777.525830258302,126.5,5714.03,27.57,63.1,0.6894171546231513,0.04861809764499698,0.4010575789829819,False
2025-03-07 01:00:00,3090.7029520295196,126.5,5917.39,27.57,63.1,0.505887723971261,0.02867214483968639,0.29114071336205244,False
2025-03-07 02:00:00,2575.585793357933,126.5,5681.969999999999,27.57,63.1,0.42354937992036135,0.023462732128846028,0.24351038841417946,False
2025-03-07 03:00:00,2575.585793357933,126.5,5665.84,27.57,63.1,0.4642714822245628,0.02137580601824591,0.2649684279317202,False
2025-03-07 04:00:00,3434.1143911439112,126.5,5789.65,27.57,63.1,0.45738321522639325,0.02316217598827143,0.2619837475692384,False
2025-03-07 05:00:00,5494.5830258302585,126.5,5684.79,27.57,63.1,0.5069616363482643,0.02697428111970099,0.2909673264954108,False
2025-03-07 06:00:00,8756.991697416974,126.5,5489.86,27.57,63.1,0.4867259498464276,0.03113589664346864,0.2817104259050961,False
2025-03-07 07:00:00,10989.166051660515,126.5,6022.4400000000005,27.57,63.1,0.560828288256202,0.027635317475967234,0.32089145140509634,False
2025-03-07 08:00:00,11847.694649446494,126.5,6423.139999999999,27.57,63.1,0.507986731556586,0.04495607034326751,0.2996229340105927,False
2025-03-07 09:00:00,9615.52029520295,126.5,7363.55,27.57,63.1,0.5072239228284624,0.032647593462941944,0.2936645746139782,False
2025-03-07 10:00:00,8070.168819188191,126.5,7724.469999999999,27.57,63.1,0.4989068550319765,0.029706070439042945,0.2877665019651564,False
2025-03-07 11:00:00,7383.345940959409,126.5,7859.8,27.57,63.1,0.5073625010483405,0.0375281565669847,0.2959370460317304,False
2025-03-07 12:00:00,7039.9345018450185,126.5,7723.23,27.57,63.1,0.4822404457204394,0.038404147533550884,0.28251411153633954,False
2025-03-07 13:00:00,7211.640221402215,126.5,7630.139999999999,27.57,63.1,0.4416267363863746,0.029029719067872956,0.2559580785930489,False
2025-03-07 14:00:00,7726.757380073799,126.5,7454.45,27.57,63.1,0.4322758437496437,0.02913626411219841,0.2508630329127933,False
2025-03-07 15:00:00,8756.991697416974,126.5,7512.38,27.57,63.1,0.5142523282115183,0.02854910260234,0.2956858766873881,False
2025-03-07 16:00:00,10817.46033210332,126.5,7512.24,27.57,63.1,0.5159336642732774,0.02531321968335819,0.29515446420781377,False
2025-03-07 17:00:00,13221.34040590406,126.5,6928.08,27.57,63.1,0.5681245133164919,0.0416799955483266,0.3312244803208176,False
2025-03-07 18:00:00,14251.574723247231,126.5,5781.03,27.57,63.1,0.6229343188418577,0.06924993409632277,0.373776345706367,False
2025-03-07 19:00:00,12191.106088560884,126.5,5932.88,27.57,63.1,0.4100112453691409,0.035449599650237945,0.2414585047956346,False
2025-03-07 20:00:00,9615.52029520295,126.5,5715.42,27.57,63.1,0.3750761500830533,0.018083447955500192,0.2144294341256544,False
2025-03-07 21:00:00,7555.051660516604,126.5,5504.05,27.57,63.1,0.44365922133798097,0.02259852968388817,0.2541819100936392,False
2025-03-07 22:00:00,5494.5830258302585,126.5,5720.76,27.57,63.1,0.47190850728680706,0.019022829861423653,0.26810995244538455,False
2025-03-07 23:00:00,4636.05442804428,126.5,5762.03,27.57,63.1,0.40395365780481757,0.02897241167247824,0.23521209704526488,False
2025-03-08 00:00:00,6103.559040590405,105.5,5814.17,27.64,63.9,0.8104901452491177,0.3414408176150055,0.5994179478137672,True
2025-03-08 01:00:00,4993.821033210331,105.5,6083.67,27.64,63.9,0.760141624471677,0.10440010122870966,0.4650579390123417,False
2025-03-08 02:00:00,4161.517527675276,105.5,5671.54,27.64,63.9,0.7493531352325185,0.0790443452962246,0.4477141797611862,False
2025-03-08 03:00:00,4161.517527675276,105.5,5714.42,27.64,63.9,0.7052152334125382,0.0637931048504609,0.41657527555960344,False
2025-03-08 04:00:00,5548.690036900369,105.5,5880.52,27.64,63.9,0.7001612245980012,0.06419588803345302,0.41397682314395456,False
2025-03-08 05:00:00,8877.90405904059,105.5,5807.46,27.64,63.9,0.6560392688795036,0.05379874187308577,0.3850310317266156,False
2025-03-08 06:00:00,14149.15959409594,105.5,5677.299999999999,27.64,63.9,0.6282499875191992,0.03287557316621205,0.360331501060355,False
2025-03-08 07:00:00,17755.80811808118,105.5,5968.7699999999995,27.64,63.9,0.6948067533933083,0.03743368908732971,0.398988874455618,False
2025-03-08 08:00:00,19142.98062730627,105.5,6430.32,27.64,63.9,0.6803802898504042,0.03603134068220183,0.39042326272471317,False
2025-03-08 09:00:00,15536.332103321032,105.5,7269.33,27.64,63.9,0.6264710029165753,0.04090993354171211,0.3629685216978869,False
2025-03-08 10:00:00,13039.421586715864,105.5,7934.700000000001,27.64,63.9,0.5782265968491351,0.03734255476833383,0.33482877791277454,False
2025-03-08 11:00:00,11929.683579335791,105.5,7964.4,27.64,63.9,0.6088040381162032,0.026961331189300903,0.34697481999909724,False
2025-03-08 12:00:00,11374.814575645756,105.5,8021.6,27.64,63.9,0.514549841054268,0.01881254593667888,0.2914680582513529,False
2025-03-08 13:00:00,11652.249077490776,105.5,7760.6,27.64,63.9,0.524778361402668,0.017790538618671827,0.29663384114986974,False
2025-03-08 14:00:00,12484.552583025828,105.5,7444.5,27.64,63.9,0.535584885381096,0.028735553814028387,0.30750268617591564,False
2025-03-08 15:00:00,14149.15959409594,105.5,7447.6,27.64,63.9,0.5716006446044092,0.040985453865761176,0.3328238087720176,False
2025-03-08 16:00:00,17478.37361623616,105.5,7462.9,27.64,63.9,0.5294070568109424,0.025026629624670112,0.3024358645771199,False
2025-03-08 17:00:00,21362.45664206642,105.5,6526.3,27.64,63.9,0.620480566181204,0.024546107717192716,0.3523100598723989,False
2025-03-08 18:00:00,23027.06365313653,105.5,5573.1,27.64,63.9,0.6844780727611446,0.026999009715904233,0.3886124943907865,False
2025-03-08 19:00:00,19697.849630996305,105.5,5723.2,27.64,63.9,0.5255885130894449,0.03294241357694278,0.303897768308819,False
2025-03-08 20:00:00,15536.332103321032,105.5,5496.0,27.64,63.9,0.5067408413792304,0.02309442876435702,0.2890999557025374,False
2025-03-08 21:00:00,12207.11808118081,105.5,5310.0,27.64,63.9,0.493972650469798,0.026526196561067337,0.2836217462108692,False
2025-03-08 22:00:00,8877.90405904059,105.5,5494.3,27.64,63.9,0.44043133034869986,0.029347485201713586,0.25544360003255606,False
2025-03-08 23:00:00,7490.731549815498,105.5,5508.9,27.64,63.9,0.4032793267506769,0.03640230951505152,0.2381846689946455,False
2025-03-09 00:00:00,5599.872693726936,106.0,5785.2,28.305,64.58,0.5283150982423892,0.0665480777516694,0.32051993902156534,False
2025-03-09 01:00:00,4581.714022140221,106.0,5869.9,28.305,64.58,0.35358376429087207,0.03207519004248155,0.20890490587909635,False
2025-03-09 02:00:00,3818.095018450184,106.0,5581.3,28.305,64.58,0.28498301533748405,0.03689770606065669,0.17334462616291174,False
2025-03-09 03:00:00,3818.095018450184,106.0,5672.9,28.305,64.58,0.30091240234793315,0.03532973664981105,0.18140020278377822,False
2025-03-09 04:00:00,5090.7933579335795,106.0,5747.8,28.305,64.58,0.30462269025494454,0.041983517143089774,0.1864350623546099,False
2025-03-09 05:00:00,8145.269372693728,106.0,5641.3,28.305,64.58,0.32048699008805853,0.042929102460043396,0.19558594065545173,False
2025-03-09 06:00:00,12981.523062730628,106.0,5466.9,28.305,64.58,0.29067085919869534,0.03799456636497954,0.17696652742352326,False
2025-03-09 07:00:00,16290.538745387455,106.0,5627.0,28.305,64.58,0.3235708177641557,0.03401964822665764,0.1932727914722816,False
2025-03-09 08:00:00,17563.237084870852,106.0,5975.7,28.305,64.58,0.41163628745733777,0.05144162483262639,0.24954868927621768,False
2025-03-09 09:00:00,14254.22140221402,106.0,6749.4,28.305,64.58,0.35309659121242154,0.037540760905876616,0.21109646757447634,False
2025-03-09 10:00:00,11963.364391143912,106.0,7420.6,28.305,64.58,0.3819333625487593,0.028741435610789668,0.222996995426673,False
2025-03-09 11:00:00,10945.205719557196,106.0,7517.5,28.305,64.58,0.30071283116660547,0.02482295133221631,0.17656238524113035,False
2025-03-09 12:00:00,10436.12638376384,106.0,7438.2,28.305,64.58,0.23647067026544077,0.012773757478009868,0.1358070595110969,False
2025-03-09 13:00:00,10690.66605166052,106.0,7332.5,28.305,64.58,0.18376207054317717,0.00837279014204317,0.10483689436266687,False
2025-03-09 14:00:00,11454.285055350552,106.0,7071.6,28.305,64.58,0.20405909218625679,0.014156611873577692,0.1186029760455512,False
2025-03-09 15:00:00,12981.523062730628,106.0,7080.900000000001,28.305,64.58,0.2493928032938309,0.023461662153932857,0.14772378978087677,False
2025-03-09 16:00:00,16035.999077490776,106.0,7054.2,28.305,64.58,0.2909349344720377,0.012178994263805108,0.16549476137833305,False
2025-03-09 17:00:00,19599.55442804428,106.0,6647.6,28.305,64.58,0.36049427688910285,0.009501678196999114,0.2025476074776562,False
2025-03-09 18:00:00,21126.79243542436,106.0,5514.2,28.305,64.58,0.44148974228658394,0.03331175490364595,0.25780964796426187,False
2025-03-09 19:00:00,18072.316420664203,106.0,5743.4,28.305,64.58,0.26888854608699436,0.020667086612900305,0.15718888932365205,False
2025-03-09 20:00:00,14254.22140221402,106.0,5517.5,28.305,64.58,0.2632648469781933,0.01037126858620353,0.1494627367017979,False
2025-03-09 21:00:00,11199.745387453871,106.0,5289.1,28.305,64.58,0.2423719659809706,0.012438074975070212,0.13890171502831544,False
2025-03-09 22:00:00,8145.269372693728,106.0,5647.8,28.305,64.58,0.24997939953657472,0.013140209167972844,0.14340176387070389,False
2025-03-09 23:00:00,6872.571033210333,106.0,5489.0,28.305,64.58,0.19557686087608173,0.02921000122963154,0.12071177403517915,False
2025-03-10 00:00:00,5799.536900369002,111.0,5692.7,27.565,67.7,0.4255987022678267,0.046001186182228884,0.2547798200293077,False
2025-03-10 01:00:00,4745.075645756457,111.0,5991.1,27.565,67.7,0.39340387917248615,0.03303074375122399,0.2312359682329182,False
2025-03-10 02:00:00,3954.229704797048,111.0,5780.8,27.565,67.7,0.2978075465267871,0.03284600221379379,0.1785748515859401,False
2025-03-10 03:00:00,3954.229704797048,111.0,5721.4,27.565,67.7,0.3050007907731406,0.023996765408854103,0.17854897935921166,False
2025-03-10 04:00:00,5272.306273062731,111.0,5753.08,27.565,67.7,0.2713658827195599,0.023800764369353068,0.15996157946196685,False
2025-03-10 05:00:00,8435.69003690037,111.0,5703.0,27.565,67.7,0.24528592978935349,0.024432672854332177,0.1459019641685939,False
2025-03-10 06:00:00,13444.380996309965,111.0,4958.3,27.565,67.7,0.40467076123160306,0.0324142858019147,0.23715534728824333,False
2025-03-10 07:00:00,16871.38007380074,111.0,5214.599999999999,27.565,67.7,0.2987032554154118,0.03253975905648171,0.17892968205389329,False
2025-03-10 08:00:00,18189.456642066423,111.0,5589.6,27.565,67.7,0.2776910432459294,0.0257822846911834,0.16433210189629371,False
2025-03-10 09:00:00,14762.457564575643,111.0,6380.4,27.565,67.7,0.2910840705191005,0.019628347795932605,0.16892899529367497,False
2025-03-10 10:00:00,12389.919741697418,111.0,6947.4,27.565,67.7,0.3004651606220894,0.023964019796435955,0.17603964725054536,False
2025-03-10 11:00:00,11335.458487084872,111.0,7052.5,27.565,67.7,0.27444686946026675,0.03499722296500181,0.16669452853739752,False
2025-03-10 12:00:00,10808.2278597786,111.0,6824.68,27.565,67.7,0.1951064486278249,0.04201417393820989,0.12621492501749815,False
2025-03-10 13:00:00,11071.843173431736,111.0,6739.35,27.565,67.7,0.20746185979545323,0.03638921917740807,0.1304791715173329,False
2025-03-10 14:00:00,11862.689114391142,111.0,6555.41,27.565,67.7,0.22270299652952685,0.05171892574555315,0.1457601646767387,False
2025-03-10 15:00:00,13444.380996309965,111.0,6331.59,27.565,67.7,0.2824070289344384,0.06050977940980744,0.1825532666483545,False
2025-03-10 16:00:00,16607.764760147602,111.0,6349.76,27.565,67.7,0.2761334045413199,0.05317404553036242,0.17580169298638904,False
2025-03-10 17:00:00,20298.379151291512,111.0,6013.99,27.565,67.7,0.3114126209829187,0.05096628177219939,0.19421176833809503,False
2025-03-10 18:00:00,21880.071033210337,111.0,5230.0599999999995,27.565,67.7,0.3692700926006338,0.0548599423483817,0.22778552498712037,False
2025-03-10 19:00:00,18716.68726937269,111.0,5040.29,27.565,67.7,0.29380512710532,0.04290383444758912,0.1808995454093411,False
2025-03-10 20:00:00,14762.457564575643,111.0,4942.09,27.565,67.7,0.26307890319397176,0.0422831171927227,0.16372079949340967,False
2025-03-10 21:00:00,11599.073800738004,111.0,4736.16,27.565,67.7,0.2738300641021008,0.046683128908898384,0.17161394326515975,False
2025-03-10 22:00:00,8435.69003690037,111.0,5040.71,27.565,67.7,0.2997952662342609,0.04270686384341997,0.1841054851583825,False
2025-03-10 23:00:00,7117.613468634687,111.0,5077.83,27.565,67.7,0.20107261932461779,0.05416109232986457,0.13496243217697884,False
2025-03-11 00:00:00,5918.669741697416,103.0,5452.07,27.619999999999997,65.38,0.512872088638999,0.02221025006962045,0.2920742612827787,False
2025-03-11 01:00:00,4842.5479704797035,103.0,5738.349999999999,27.619999999999997,65.38,0.42105613573258016,0.05635513727280808,0.25694068642568274,False
2025-03-11 02:00:00,4035.45664206642,103.0,5434.31,27.619999999999997,65.38,0.359014907614191,0.05824081145429649,0.2236665643422385,False
2025-03-11 03:00:00,4035.45664206642,103.0,5258.95,27.619999999999997,65.38,0.3082230145174536,0.04558926880089864,0.19003782894500387,False
2025-03-11 04:00:00,5380.608856088561,103.0,5503.790000000001,27.619999999999997,65.38,0.37211256010280747,0.05004833926897705,0.2271836607275838,False
2025-03-11 05:00:00,8608.974169741698,103.0,5260.56,27.619999999999997,65.38,0.32054688576517393,0.03714358135937573,0.19301539878256477,False
2025-03-11 06:00:00,13720.552583025828,103.0,5115.37,27.619999999999997,65.38,0.29320197644023055,0.033682194535971696,0.1764180745833141,False
2025-03-11 07:00:00,17217.948339483395,103.0,6048.98,27.619999999999997,65.38,0.3949425353477046,0.038443877701874817,0.23451813940708122,False
2025-03-11 08:00:00,18563.100553505537,103.0,6424.599999999999,27.619999999999997,65.38,0.3322582027147938,0.03484746047478442,0.1984233687067896,False
2025-03-11 09:00:00,15065.704797047969,103.0,6763.76,27.619999999999997,65.38,0.227657595566366,0.028494614586283818,0.13803425412532902,False
2025-03-11 10:00:00,12644.430811808115,103.0,7827.02,27.619999999999997,65.38,0.4181058486249561,0.052663097165035325,0.25365661046799176,False
2025-03-11 11:00:00,11568.309040590406,103.0,7808.839999999999,27.619999999999997,65.38,0.32575891881219254,0.019706514601764286,0.18803533691749985,False
2025-03-11 12:00:00,11030.24815498155,103.0,7713.44,27.619999999999997,65.38,0.26682064262819716,0.01548497979321272,0.15371959435245416,False
2025-03-11 13:00:00,11299.278597785978,103.0,7374.150000000001,27.619999999999997,65.38,0.2154426416463675,0.016523371317605853,0.12592896999842476,False
2025-03-11 14:00:00,12106.36992619926,103.0,7487.16,27.619999999999997,65.38,0.2898410995748475,0.025077397003602297,0.17069743341778718,False
2025-03-11 15:00:00,13720.552583025828,103.0,7440.56,27.619999999999997,65.38,0.2970172098229022,0.027478958476166947,0.17572499671687133,False
2025-03-11 16:00:00,16948.917896678966,103.0,7430.76,27.619999999999997,65.38,0.3664835743001908,0.023440584286124076,0.21211422879386077,False
2025-03-11 17:00:00,20715.344095940956,103.0,6801.789999999999,27.619999999999997,65.38,0.3882884629513218,0.01856401409597502,0.22191246096641576,False
2025-03-11 18:00:00,22329.526752767528,103.0,5836.13,27.619999999999997,65.38,0.46111177437332834,0.030618154521317147,0.26738964543992333,False
2025-03-11 19:00:00,19101.16143911439,103.0,5929.079999999999,27.619999999999997,65.38,0.3082272237080737,0.032993716338687834,0.1843721453918501,False
2025-03-11 20:00:00,15065.704797047969,103.0,5736.21,27.619999999999997,65.38,0.27411698791559297,0.018595769546505426,0.15913243964950358,False
2025-03-11 21:00:00,11837.339483394831,103.0,5524.5199999999995,27.619999999999997,65.38,0.2819346843096833,0.014652007291726648,0.16165747965160285,False
2025-03-11 22:00:00,8608.974169741698,103.0,5815.5599999999995,27.619999999999997,65.38,0.2988668668069422,0.01653468018266644,0.1718173828260181,False
2025-03-11 23:00:00,7263.821955719557,103.0,5905.6900000000005,27.619999999999997,65.38,0.23210925544248934,0.01844963280278851,0.135962425254624,False
2025-03-12 00:00:00,5991.732472324722,103.0,6061.3,27.615,65.22999999999999,0.3206867724548955,0.1365316413192543,0.23781696344385697,False
2025-03-12 01:00:00,4902.326568265682,103.0,6252.799999999999,27.615,65.22999999999999,0.28124932336165775,0.06681207930238293,0.1847525635349841,False
2025-03-12 02:00:00,4085.2721402214015,103.0,5926.3,27.615,65.22999999999999,0.24948345653739273,0.041849781917786474,0.15604830295856992,False
2025-03-12 03:00:00,4085.2721402214015,103.0,5890.3,27.615,65.22999999999999,0.2500391014685078,0.03074641244530944,0.15135739140806856,False
2025-03-12 04:00:00,5447.029520295203,103.0,6034.9,27.615,65.22999999999999,0.26689463737348584,0.036644752088156506,0.16328218899508765,False
2025-03-12 05:00:00,8715.247232472324,103.0,5792.3,27.615,65.22999999999999,0.2746988981668203,0.022664118740029982,0.1612832474247647,False
2025-03-12 06:00:00,13889.925276752763,103.0,5337.0,27.615,65.22999999999999,0.32244646951650574,0.026753489768334065,0.1893846286298285,False
2025-03-12 07:00:00,17430.494464944648,103.0,6161.53,27.615,65.22999999999999,0.34842576754299726,0.02779104630500927,0.20414014298590266,False
2025-03-12 08:00:00,18792.25184501845,103.0,6407.219999999999,27.615,65.22999999999999,0.30781590475015763,0.038617899393645704,0.18667680233972728,False
2025-03-12 09:00:00,15251.682656826566,103.0,7291.219999999999,27.615,65.22999999999999,0.30589286476795413,0.01523902476430565,0.17509863676631232,False
2025-03-12 10:00:00,12800.519372693723,103.0,7723.17,27.615,65.22999999999999,0.32720231832654983,0.01553176544636467,0.18695056953046651,False
2025-03-12 11:00:00,11711.113468634683,103.0,7788.179999999999,27.615,65.22999999999999,0.32632912994691504,0.02297366204718007,0.1898191693920343,False
2025-03-12 12:00:00,11166.410516605169,103.0,7699.0,27.615,65.22999999999999,0.18580550445833838,0.02110949448289651,0.11169229996938954,False
2025-03-12 13:00:00,11438.761992619928,103.0,7561.61,27.615,65.22999999999999,0.21067130386798677,0.01628170673428314,0.12319598515782014,False
2025-03-12 14:00:00,12255.816420664203,103.0,7473.73,27.615,65.22999999999999,0.2213869109810172,0.020296518710568496,0.1308962344593153,False
2025-03-12 15:00:00,13889.925276752763,103.0,7561.889999999999,27.615,65.22999999999999,0.2863429017616829,0.02803193413113617,0.1701029663279369,False
2025-03-12 16:00:00,17158.14298892989,103.0,7523.33,27.615,65.22999999999999,0.33977679114238823,0.0189319256693974,0.1953966016795424,False
2025-03-12 17:00:00,20971.06365313653,103.0,7087.16,27.615,65.22999999999999,0.42213220524748346,0.017396590412491524,0.2400011785717371,False
2025-03-12 18:00:00,22605.172509225093,103.0,6357.07,27.615,65.22999999999999,0.4256798676782667,0.018786155355927262,0.24257769713321398,False
2025-03-12 19:00:00,19336.954797047965,103.0,5953.0,27.615,65.22999999999999,0.3617152590048746,0.019840260350095368,0.20787150961022396,False
2025-03-12 20:00:00,15251.682656826566,103.0,5725.7,27.615,65.22999999999999,0.27432842565019677,0.0066403711741104985,0.15386880113595797,False
2025-03-12 21:00:00,11983.464944649444,103.0,5504.1,27.615,65.22999999999999,0.28550243039405343,0.003345567599949243,0.15853184213670654,False
2025-03-12 22:00:00,8715.247232472324,103.0,5718.7,27.615,65.22999999999999,0.26556980139432373,0.012703313348557878,0.15177988177372911,False
2025-03-12 23:00:00,7353.489852398524,103.0,5845.4,27.615,65.22999999999999,0.19608629317101917,0.017842278092100608,0.11587648638550582,False
2025-03-13 00:00:00,6781.073800738006,116.0,6062.8,27.97,65.95,0.5223524885326527,0.0800735223936203,0.3233269537700882,False
2025-03-13 01:00:00,5548.151291512914,116.0,6145.4,27.97,65.95,0.3602327169706758,0.018372700869241795,0.20639570972503052,False
2025-03-13 02:00:00,4623.459409594096,116.0,5883.2,27.97,65.95,0.3047690557128218,0.021142933507222943,0.17713730072030232,False
2025-03-13 03:00:00,4623.459409594096,116.0,5770.6,27.97,65.95,0.34350051990278535,0.025292874768011963,0.20030707959213734,False
2025-03-13 04:00:00,6164.612546125461,116.0,5953.5,27.97,65.95,0.3326285576115954,0.03317891602247877,0.19787621889649293,False
2025-03-13 05:00:00,9863.380073800738,116.0,5869.3,27.97,65.95,0.28480895280767715,0.02162676743078695,0.16637696938807658,False
2025-03-13 06:00:00,15719.761992619924,116.0,5677.2,27.97,65.95,0.39012107848171174,0.01560497031951151,0.22158882980872166,False
2025-03-13 07:00:00,19726.760147601475,116.0,6230.219999999999,27.97,65.95,0.4842488605101013,0.013312500804778006,0.27232749864270583,False
2025-03-13 08:00:00,21267.91328413284,116.0,6406.8,27.97,65.95,0.4742572947042264,0.03632202114242428,0.27718642160141543,False
2025-03-13 09:00:00,17260.91512915129,116.0,7266.31,27.97,65.95,0.5404186513229242,0.02106545661588323,0.3067097137047558,False
2025-03-13 10:00:00,14486.839483394831,116.0,7808.86,27.97,65.95,0.49894928035194197,0.017119504286749625,0.28212588112260545,False
2025-03-13 11:00:00,13253.91697416974,116.0,7742.01,27.97,65.95,0.43518496064795786,0.019529211620455456,0.2481398735855818,False
2025-03-13 12:00:00,12637.455719557196,116.0,7671.83,27.97,65.95,0.33219793970962735,0.0068540850278855725,0.18579320510284356,False
2025-03-13 13:00:00,12945.68634686347,116.0,7420.69,27.97,65.95,0.31176990340501604,0.0097603214852497,0.1758655915411212,False
2025-03-13 14:00:00,13870.378228782283,116.0,7384.6,27.97,65.95,0.29136461558797505,0.02479002069827684,0.17140604788761085,False
2025-03-13 15:00:00,15719.761992619924,116.0,7374.98,27.97,65.95,0.3613010905677009,0.03209261895577312,0.2131572783423334,False
2025-03-13 16:00:00,19418.5295202952,116.0,7172.1900000000005,27.97,65.95,0.42575046619345847,0.019012764054830433,0.24271850023107586,False
2025-03-13 17:00:00,23733.758302583024,116.0,7075.5,27.97,65.95,0.504233926754345,0.014311553253757353,0.2837688586790805,False
2025-03-13 18:00:00,25583.142066420667,116.0,6063.049999999999,27.97,65.95,0.6725150678001617,0.0203480518929164,0.37903991064190135,False
2025-03-13 19:00:00,21884.374538745386,116.0,5872.0,27.97,65.95,0.5540275342639212,0.016650606666897154,0.31220791684526034,False
2025-03-13 20:00:00,17260.91512915129,116.0,5769.9,27.97,65.95,0.46113750718295266,0.014598261735652377,0.26019484673166754,False
2025-03-13 21:00:00,13562.147601476012,116.0,5446.5,27.97,65.95,0.4494383079084603,0.010472545767391088,0.25190371494497915,False
2025-03-13 22:00:00,9863.380073800738,116.0,5752.6,27.97,65.95,0.43964709518791845,0.01592441960337798,0.24897189117487525,False
2025-03-13 23:00:00,8322.226937269372,116.0,5902.45,27.97,65.95,0.358223913143369,0.02634597147481867,0.2088788393925214,False
2025-03-14 00:00:00,3168.7306273062723,103.0,5888.1,28.244999999999997,68.37,0.8016556497946301,0.11712861903462854,0.4936184859526294,False
2025-03-14 01:00:00,2592.5977859778595,103.0,6171.7,28.244999999999997,68.37,0.6574430890264665,0.08812942933970451,0.40125194216742366,False
2025-03-14 02:00:00,2160.4981549815493,103.0,5795.6,28.244999999999997,68.37,0.596223349715733,0.07059592046531807,0.3596910065530463,False
2025-03-14 03:00:00,2160.4981549815493,103.0,6009.3,28.244999999999997,68.37,0.6808797799111115,0.06930012976364626,0.4056689373447522,False
2025-03-14 04:00:00,2880.6642066420663,103.0,6076.6,28.244999999999997,68.37,0.6649041683345125,0.06369485404638985,0.39435997690485736,False
2025-03-14 05:00:00,4609.062730627306,103.0,6078.4,28.244999999999997,68.37,0.6871025460513365,0.06269004266576789,0.40611691952783063,False
2025-03-14 06:00:00,7345.693726937268,103.0,5778.700000000001,28.244999999999997,68.37,0.5642655057101666,0.045062052716967255,0.33062395186322696,False
2025-03-14 07:00:00,9218.125461254613,103.0,6231.910000000001,28.244999999999997,68.37,0.5302711055380297,0.04167606126015341,0.3104033356129854,False
2025-03-14 08:00:00,9938.29151291513,103.0,6637.27,28.244999999999997,68.37,0.510783361320397,0.04484969489848226,0.3011132114305354,False
2025-03-14 09:00:00,8065.859778597785,103.0,7359.860000000001,28.244999999999997,68.37,0.51831028016167,0.03777102918288875,0.30206761722121844,False
2025-03-14 10:00:00,6769.560885608856,103.0,7853.06,28.244999999999997,68.37,0.5753335917252025,0.04197140940494243,0.3353206096810855,False
2025-03-14 11:00:00,6193.428044280442,103.0,7813.17,28.244999999999997,68.37,0.571781725339479,0.05392800450370139,0.3387475509633791,False
2025-03-14 12:00:00,5905.361623616236,103.0,7687.82,28.244999999999997,68.37,0.5553012164152864,0.0498271023182468,0.3278378650716186,False
2025-03-14 13:00:00,6049.3948339483395,103.0,7644.62,28.244999999999997,68.37,0.5530098809985926,0.04829380186338842,0.3258876453877507,False
2025-03-14 14:00:00,6481.494464944648,103.0,7575.23,28.244999999999997,68.37,0.5564439383090134,0.04158671963487258,0.32475818990565003,False
2025-03-14 15:00:00,7345.693726937268,103.0,7393.21,28.244999999999997,68.37,0.6220952375115817,0.05041028907467029,0.36483701071497154,False
2025-03-14 16:00:00,9074.09225092251,103.0,7458.96,28.244999999999997,68.37,0.604528855352289,0.050374390278390295,0.3551593460690346,False
2025-03-14 17:00:00,11090.557195571955,103.0,7257.66,28.244999999999997,68.37,0.5906907271477919,0.053788923646896164,0.34908491557238885,False
2025-03-14 18:00:00,11954.756457564576,103.0,6206.71,28.244999999999997,68.37,0.6750525462581282,0.07167527871443552,0.40353277586346653,False
2025-03-14 19:00:00,10226.357933579333,103.0,6127.27,28.244999999999997,68.37,0.47060176810690063,0.0382585529857614,0.276047321302388,False
2025-03-14 20:00:00,8065.859778597785,103.0,5896.82,28.244999999999997,68.37,0.4331250675142494,0.01814150441532011,0.24638246411973122,False
2025-03-14 21:00:00,6337.4612546125445,103.0,5652.85,28.244999999999997,68.37,0.48048922009663897,0.016207772551457895,0.2715625687013075,False
2025-03-14 22:00:00,4609.062730627306,103.0,5955.9,28.244999999999997,68.37,0.5203628256454902,0.024028624004516604,0.2970124349070521,False
2025-03-14 23:00:00,3888.8966789667898,103.0,5991.4,28.244999999999997,68.37,0.45413746463167454,0.02806128538105834,0.2624031839688973,False
2025-03-15 00:00:00,8558.182656826566,99.5,6008.0,28.435,67.81,0.6582343569521669,0.05414673674563517,0.3863949278592277,False
2025-03-15 01:00:00,7002.1494464944635,99.5,6156.700000000001,28.435,67.81,0.5314670833331872,0.062182709795965574,0.3202891152414375,False
2025-03-15 02:00:00,5835.124538745386,99.5,5765.2,28.435,67.81,0.5034760521113415,0.0483793011111153,0.29868251416123975,False
2025-03-15 03:00:00,5835.124538745386,99.5,6041.6,28.435,67.81,0.44503969099199814,0.04335322654668784,0.26428078199160854,False
2025-03-15 04:00:00,7780.166051660516,99.5,6112.7,28.435,67.81,0.4185734447195812,0.049951507574726765,0.2526935730043967,False
2025-03-15 05:00:00,12448.265682656824,99.5,5948.6,28.435,67.81,0.4611391951577599,0.06502606846606762,0.2828882881464984,False
2025-03-15 06:00:00,19839.42343173431,99.5,5706.4,28.435,67.81,0.5006379121763391,0.0636280577231459,0.3039834776724022,False
2025-03-15 07:00:00,24896.53136531365,99.5,6269.51,28.435,67.81,0.6410630455765914,0.09366792030650227,0.3947352392050513,False
2025-03-15 08:00:00,26841.57287822878,99.5,6699.93,28.435,67.81,0.6684521287682512,0.11773612360447477,0.4206299264445519,False
2025-03-15 09:00:00,21784.464944649444,99.5,7330.2,28.435,67.81,0.7740311545284929,0.136077563705595,0.4869520386581889,False
2025-03-15 10:00:00,18283.390221402213,99.5,7933.16,28.435,67.81,0.7240608924383666,0.11607731288557539,0.4504682816396106,False
2025-03-15 11:00:00,16727.35701107011,99.5,8108.81,28.435,67.81,0.7239191759276177,0.08607074090857549,0.4368873801690487,False
2025-03-15 12:00:00,15949.34040590406,99.5,7957.11,28.435,67.81,0.5754899890029991,0.06018046325994644,0.34360070241862545,False
2025-03-15 13:00:00,16338.348708487089,99.5,7896.96,28.435,67.81,0.5544032059100077,0.05744012062556801,0.33076981753200985,False
2025-03-15 14:00:00,17505.37361623616,99.5,7675.87,28.435,67.81,0.5706478953012938,0.07582508708195546,0.34797763160259154,False
2025-03-15 15:00:00,19839.42343173431,99.5,7724.7,28.435,67.81,0.5967024595828784,0.0956102490562432,0.37121096484589255,False
2025-03-15 16:00:00,24507.523062730623,99.5,7585.82,28.435,67.81,0.6748799823798897,0.07794812924505796,0.40626064846921545,False
2025-03-15 17:00:00,27554.309963099622,99.5,6965.75,28.435,67.81,0.7850285350944789,0.07110419402680011,0.4637625816140235,False
2025-03-15 18:00:00,27554.309963099622,99.5,5936.45,28.435,67.81,0.8473400399561104,0.07582716752473471,0.5001592473619914,True
2025-03-15 19:00:00,27554.309963099622,99.5,6039.9,28.435,67.81,0.8841006245980643,0.1128091126841747,0.537019444236814,True
2025-03-15 20:00:00,21784.464944649444,99.5,5793.7,28.435,67.81,0.8777754945030053,0.09737286447852107,0.5265943109919874,True
2025-03-15 21:00:00,17116.365313653132,99.5,5556.9,28.435,67.81,0.7605019624070568,0.06591091965526227,0.4479359931687493,False
2025-03-15 22:00:00,12448.265682656824,99.5,5978.4,28.435,67.81,0.7691703655603348,0.055315484256842566,0.44793566897376336,False
2025-03-15 23:00:00,10503.224169741698,99.5,5981.4,28.435,67.81,0.6319974060514234,0.04787545287541009,0.36914252712221746,False
2025-03-16 00:00:00,6603.145756457563,92.0,6108.59,28.072222222222223,66.22222222222223,0.8554234675764935,0.1931762453279566,0.5574122175646519,True
2025-03-16 01:00:00,5402.573800738007,92.0,6349.77,28.072222222222223,66.22222222222223,0.7312110151545834,0.11351277249743226,0.4532468059588654,False
2025-03-16 02:00:00,4502.1448339483395,92.0,6149.59,28.072222222222223,66.22222222222223,0.5706577281667802,0.07905913986212681,0.34943836342968615,False
2025-03-16 03:00:00,4502.1448339483395,92.0,6090.0,28.072222222222223,66.22222222222223,0.5747194809420175,0.05884044244778441,0.34257391361961265,False
2025-03-16 04:00:00,6002.859778597786,92.0,6163.4,28.072222222222223,66.22222222222223,0.581188066785774,0.05756038991462761,0.34555561219375813,False
2025-03-16 05:00:00,9604.575645756458,92.0,6091.35,28.072222222222223,66.22222222222223,0.550124315801703,0.041252156446159365,0.32113184409170836,False
2025-03-16 06:00:00,15307.292435424357,92.0,5670.13,28.072222222222223,66.22222222222223,0.5453481893013347,0.037232270325847736,0.3166960257623656,False
2025-03-16 07:00:00,19209.151291512917,92.0,6044.37,28.072222222222223,66.22222222222223,0.5956028542460132,0.05382416837347328,0.35180244560337026,False
2025-03-16 08:00:00,20709.866236162365,92.0,6226.120000000001,28.072222222222223,66.22222222222223,0.5368947293816512,0.05272770596383749,0.319019568843635,False
2025-03-16 09:00:00,16808.0073800738,92.0,6983.79,28.072222222222223,66.22222222222223,0.5245502473810889,0.029681903090951315,0.301859492450527,False
2025-03-16 10:00:00,14106.720479704798,92.0,7791.21,28.072222222222223,66.22222222222223,0.4913225083972632,0.03059807473608386,0.2839965132497325,False
2025-03-16 11:00:00,12906.14852398524,92.0,7641.03,28.072222222222223,66.22222222222223,0.4760570574388209,0.04897771619847306,0.28387135388066437,False
2025-03-16 12:00:00,12305.862546125463,92.0,7582.98,28.072222222222223,66.22222222222223,0.3690951965708379,0.03905149330907745,0.2205755301030457,False
2025-03-16 13:00:00,12606.005535055354,92.0,7484.259999999999,28.072222222222223,66.22222222222223,0.3629248367026742,0.04313307028575985,0.21901854181506275,False
2025-03-16 14:00:00,13506.434501845017,92.0,7308.45,28.072222222222223,66.22222222222223,0.33193411562682124,0.03558988434835937,0.1985792115515134,False
2025-03-16 15:00:00,15307.292435424357,92.0,7363.419999999999,28.072222222222223,66.22222222222223,0.4210112494849658,0.039675990422453046,0.2494103829068351,False
2025-03-16 16:00:00,18909.008302583028,92.0,7205.26,28.072222222222223,66.22222222222223,0.4861413948378643,0.0484409085348364,0.2891761760015018,False
2025-03-16 17:00:00,23111.010147601475,92.0,6451.79,28.072222222222223,66.22222222222223,0.5817513884668327,0.05841391578307348,0.3462495257591411,False
2025-03-16 18:00:00,24911.86808118082,92.0,5601.469999999999,28.072222222222223,66.22222222222223,0.5713194866650803,0.048658846678543206,0.3361221986711386,False
2025-03-16 19:00:00,21310.152214022135,92.0,5772.2,28.072222222222223,66.22222222222223,0.5119103951863322,0.03814171847911388,0.298714490668084,False
2025-03-16 20:00:00,16808.0073800738,92.0,5603.1,28.072222222222223,66.22222222222223,0.421556272152855,0.02085981216032256,0.24124286515621543,False
2025-03-16 21:00:00,13206.291512915126,92.0,5441.9,28.072222222222223,66.22222222222223,0.360294612128732,0.027595029685091723,0.21057980002909388,False
2025-03-16 22:00:00,9604.575645756458,92.0,5977.3,28.072222222222223,66.22222222222223,0.3642358894743861,0.03716048659877459,0.21705195818036094,False
2025-03-16 23:00:00,8103.860701107012,92.0,5854.4,28.072222222222223,66.22222222222223,0.2330460716741058,0.04114182622876767,0.14668916122370365,False
2025-03-17 00:00:00,3213.5830258302576,118.5,6043.799999999999,27.535,66.57777777777778,0.8509768537704703,0.16135411472732064,0.540646621201053,True
2025-03-17 01:00:00,2629.2952029520293,118.5,6087.7,27.535,66.57777777777778,0.7050691398130926,0.06560678733804369,0.41731108119932064,False
2025-03-17 02:00:00,2191.079335793358,118.5,5863.1,27.535,66.57777777777778,0.6448537889076007,0.054628581701271293,0.37925244566475247,False
2025-03-17 03:00:00,2191.079335793358,118.5,5879.4,27.535,66.57777777777778,0.7188730819037886,0.04941745512741542,0.4176180498544207,False
2025-03-17 04:00:00,2921.439114391144,118.5,5494.1,27.535,66.57777777777778,0.7103651547395904,0.03329420499967276,0.4056832273566275,False
2025-03-17 05:00:00,4674.30258302583,118.5,5532.8,27.535,66.57777777777778,0.6737796102853718,0.04462300176461379,0.39065913645103073,False
2025-03-17 06:00:00,7449.6697416974175,118.5,5511.5,27.535,66.57777777777778,0.6510419781182162,0.03789484225773128,0.375125766980998,False
2025-03-17 07:00:00,9348.60516605166,118.5,5317.299999999999,27.535,66.57777777777778,0.6272754937098864,0.04260113253860667,0.36417203118281055,False
2025-03-17 08:00:00,10078.964944649448,118.5,5641.2,27.535,66.57777777777778,0.5557248495352777,0.03409307780898548,0.32099055225844625,False
2025-03-17 09:00:00,8180.029520295202,118.5,6444.4,27.535,66.57777777777778,0.6404533209414348,0.017371833207402813,0.36006665146112043,False
2025-03-17 10:00:00,6865.381918819188,118.5,6876.0,27.535,66.57777777777778,0.6391958370051775,0.03115207319767001,0.3655761432917991,False
2025-03-17 11:00:00,6281.09409594096,118.5,6692.1,27.535,66.57777777777778,0.5710955818137948,0.06344324551663602,0.34265203048007337,False
2025-03-17 12:00:00,5988.950184501847,118.5,6772.0,27.535,66.57777777777778,0.6101485286490922,0.05233163050537311,0.35913092448441863,False
2025-03-17 13:00:00,6135.022140221404,118.5,6666.5,27.535,66.57777777777778,0.6140874754250542,0.05896425405494819,0.3642820258085065,False
2025-03-17 14:00:00,6573.238007380072,118.5,6519.7,27.535,66.57777777777778,0.5591588376491748,0.06198700122314939,0.3354315112574634,False
2025-03-17 15:00:00,7449.6697416974175,118.5,6278.2,27.535,66.57777777777778,0.6141665448212514,0.07725051264056136,0.3725543303399409,False
2025-03-17 16:00:00,9202.533210332103,118.5,6401.3,27.535,66.57777777777778,0.5703675197103949,0.0722271954248018,0.346204373781878,False
2025-03-17 17:00:00,11247.540590405904,118.5,5827.299999999999,27.535,66.57777777777778,0.6120845673780954,0.08775320569553438,0.37613545462094294,False
2025-03-17 18:00:00,12123.97232472325,118.5,5189.1,27.535,66.57777777777778,0.607122097670288,0.08898873772640965,0.3739620856955428,False
2025-03-17 19:00:00,10371.108856088558,118.5,5260.400000000001,27.535,66.57777777777778,0.5273045102252046,0.056829497827812936,0.31559075464637837,False
2025-03-17 20:00:00,8180.029520295202,118.5,5068.2,27.535,66.57777777777778,0.5538419158169459,0.042332140131960586,0.3236625167587025,False
2025-03-17 21:00:00,6427.166051660515,118.5,4958.6,27.535,66.57777777777778,0.532432294635437,0.044532334143560004,0.31287731241409233,False
2025-03-17 22:00:00,4674.30258302583,118.5,5294.5,27.535,66.57777777777778,0.6000680317093643,0.05023516234079188,0.3526432404935067,False
2025-03-17 23:00:00,3943.942804428045,118.5,5406.3,27.535,66.57777777777778,0.5428685042363885,0.057091377082621436,0.32426879701719336,False
2025-03-18 00:00:00,6975.3597785977845,107.5,5506.8099999999995,27.5,63.779999999999994,0.8079230336201233,0.2406666737054974,0.5526576716585416,True
2025-03-18 01:00:00,5707.1125461254605,107.5,5676.700000000001,27.5,63.779999999999994,0.6705026384334668,0.11838861322123112,0.4220513270879608,False
2025-03-18 02:00:00,4755.927121771217,107.5,5509.199999999999,27.5,63.779999999999994,0.6464385755315193,0.1051446587424202,0.4028563129764247,False
2025-03-18 03:00:00,4755.927121771217,107.5,5426.4,27.5,63.779999999999994,0.5827752576782398,0.09455607129753114,0.36307662380692096,False
2025-03-18 04:00:00,6341.236162361623,107.5,5478.4,27.5,63.779999999999994,0.5960265316043386,0.08751183940673601,0.36719492011541743,False
2025-03-18 05:00:00,10145.977859778595,107.5,5582.3099999999995,27.5,63.779999999999994,0.638057997301315,0.09918172591219296,0.3955636751762101,False
2025-03-18 06:00:00,16170.15221402214,107.5,5396.09,27.5,63.779999999999994,0.6004102275838671,0.10941561463605672,0.37946265175735244,False
2025-03-18 07:00:00,20291.95571955719,107.5,6046.5599999999995,27.5,63.779999999999994,0.6231772096529371,0.11183502613708737,0.3930732270708047,False
2025-03-18 08:00:00,21877.2647601476,107.5,6334.62,27.5,63.779999999999994,0.5540403314685466,0.11848993326131489,0.35804265227529236,False
2025-03-18 09:00:00,17755.461254612543,107.5,7623.959999999999,27.5,63.779999999999994,0.700928228540112,0.11695502373605823,0.4381402863782879,False
2025-03-18 10:00:00,14901.904981549817,107.5,7861.82,27.5,63.779999999999994,0.5582583670231179,0.06141442910951389,0.33467859496199615,False
2025-03-18 11:00:00,13633.657749077487,107.5,7895.780000000001,27.5,63.779999999999994,0.5541639321140793,0.046726036476943775,0.3258168790773684,False
2025-03-18 12:00:00,12999.534132841329,107.5,7830.24,27.5,63.779999999999994,0.44233883228786447,0.036943040716399665,0.2599107260807053,False
2025-03-18 13:00:00,13316.59594095941,107.5,7827.450000000001,27.5,63.779999999999994,0.4277656052299257,0.029132583985595064,0.24838074566997692,False
2025-03-18 14:00:00,14267.78136531365,107.5,7722.08,27.5,63.779999999999994,0.43122522761550697,0.04843794855554942,0.2589709520385261,False
2025-03-18 15:00:00,16170.15221402214,107.5,7647.98,27.5,63.779999999999994,0.4826188565206886,0.0538583238652323,0.28967661682573326,False
2025-03-18 16:00:00,19974.89391143911,107.5,7559.08,27.5,63.779999999999994,0.4949141065699321,0.0386821700356977,0.2896097351295267,False
2025-03-18 17:00:00,24413.75922509225,107.5,7125.820000000001,27.5,63.779999999999994,0.5952077112694848,0.03606888027605755,0.34359523732244257,False
2025-03-18 18:00:00,26316.130073800738,107.5,6015.68,27.5,63.779999999999994,0.7359164331170216,0.06211301366775264,0.4327048943648506,False
2025-03-18 19:00:00,22511.38837638376,107.5,6033.79,27.5,63.779999999999994,0.6098218631523599,0.06388574340618493,0.36415060926658116,False
2025-03-18 20:00:00,17755.461254612543,107.5,5806.889999999999,27.5,63.779999999999994,0.5583798271557948,0.0508874485481432,0.33000825678235157,False
2025-03-18 21:00:00,13950.719557195567,107.5,5484.950000000001,27.5,63.779999999999994,0.5415209568819148,0.034342508443590554,0.31329065508466897,False
2025-03-18 22:00:00,10145.977859778595,107.5,5824.77,27.5,63.779999999999994,0.5102095786493973,0.0262466271257478,0.29242625046375503,False
2025-03-18 23:00:00,8560.668819188191,107.5,5710.66,27.5,63.779999999999994,0.45597060063243705,0.029382861185924706,0.2640061178815065,False
2025-03-19 00:00:00,5104.487084870848,106.0,5988.6,27.295,62.98,0.7001886165609879,0.10284343793239106,0.43138328617811933,False
2025-03-19 01:00:00,4176.398523985239,106.0,6182.5,27.295,62.98,0.4931744489231046,0.04686395602220415,0.2923347271176994,False
2025-03-19 02:00:00,3480.3321033210327,106.0,5684.9,27.295,62.98,0.45527312594688063,0.035005809040368596,0.26615283333895023,False
2025-03-19 03:00:00,3480.3321033210327,106.0,5873.7,27.295,62.98,0.4338098754408085,0.019760099894663916,0.24748747644504346,False
2025-03-19 04:00:00,4640.442804428044,106.0,5982.8,27.295,62.98,0.4474030838292287,0.021084779482430125,0.25555984687316935,False
2025-03-19 05:00:00,7424.70848708487,106.0,5807.6,27.295,62.98,0.46162985696987247,0.010482180941159124,0.2586134027569515,False
2025-03-19 06:00:00,11833.129151291512,106.0,5758.299999999999,27.295,62.98,0.37369247001854544,0.009037752532442073,0.20959784714979893,False
2025-03-19 07:00:00,14849.41697416974,106.0,6132.300000000001,27.295,62.98,0.4565015056553122,0.016146315365750164,0.2583416700250093,False
2025-03-19 08:00:00,16009.527675276751,106.0,6565.6,27.295,62.98,0.39553806229591043,0.02573459518902577,0.22912650209781235,False
2025-03-19 09:00:00,12993.239852398525,106.0,7604.1,27.295,62.98,0.4223728623361539,0.008369025566488986,0.2360711357898047,False
2025-03-19 10:00:00,10905.040590405904,106.0,7803.8,27.295,62.98,0.3293298644667385,0.008696065172958137,0.18504465478453735,False
2025-03-19 11:00:00,9976.952029520296,106.0,7903.9,27.295,62.98,0.39552260355283325,0.012595242881958294,0.22320529125093955,False
2025-03-19 12:00:00,9512.90774907749,106.0,7804.299999999999,27.295,62.98,0.30084516837740416,0.014766784035589665,0.17210989542358765,False
2025-03-19 13:00:00,9744.929889298894,106.0,7619.4,27.295,62.98,0.3512392796371834,0.012699945412632068,0.19889657923613532,False
2025-03-19 14:00:00,10440.9963099631,106.0,7602.0,27.295,62.98,0.3194473405855657,0.010473280666703406,0.18040901362207767,False
2025-03-19 15:00:00,11833.129151291512,106.0,7615.000000000001,27.295,62.98,0.39717365238359204,0.00794462168549788,0.22202058856944967,False
2025-03-19 16:00:00,14617.39483394834,106.0,7444.300000000001,27.295,62.98,0.45685750121026825,0.009947906225712209,0.255748183467218,False
2025-03-19 17:00:00,17865.70479704797,106.0,7112.0,27.295,62.98,0.4454933864355321,0.018889622815831827,0.25352169280666703,False
2025-03-19 18:00:00,19257.837638376383,106.0,6180.7,27.295,62.98,0.5057540164263434,0.03544363064439091,0.29411434282446486,False
2025-03-19 19:00:00,16473.571955719555,106.0,6045.9,27.295,62.98,0.3303702076851782,0.018253203942335185,0.18991755600089885,False
2025-03-19 20:00:00,12993.239852398525,106.0,5887.2,27.295,62.98,0.304184751820138,0.006122535376896076,0.17005675442067916,False
2025-03-19 21:00:00,10208.974169741696,106.0,5805.8,27.295,62.98,0.261404244312949,0.007702782285475299,0.14723858640058585,False
2025-03-19 22:00:00,7424.70848708487,106.0,5780.4,27.295,62.98,0.2255890510358176,0.008169289763090372,0.12775015846309035,False
2025-03-19 23:00:00,6264.5977859778595,106.0,6016.7,27.295,62.98,0.2480268407016452,0.016119795425282087,0.14366867032728184,False
2025-03-20 00:00:00,5605.1494464944635,106.0,5964.34,27.725,64.91,0.31715191262643505,0.08472622087611568,0.21256035133879136,False
2025-03-20 01:00:00,4586.031365313653,106.0,6282.51,27.725,64.91,0.38344317167089026,0.04697979782900478,0.23203465344204183,False
2025-03-20 02:00:00,3821.692804428044,106.0,5893.41,27.725,64.91,0.3252107976574116,0.042231860142955664,0.19787027577590646,False
2025-03-20 03:00:00,3821.692804428044,106.0,5846.58,27.725,64.91,0.30208961711716814,0.03779185260373176,0.18315562308612177,False
2025-03-20 04:00:00,5095.590405904059,106.0,5994.389999999999,27.725,64.91,0.30511763746724485,0.039126094795874075,0.185421443265128,False
2025-03-20 05:00:00,8152.944649446495,106.0,5977.08,27.725,64.91,0.3100205295644861,0.03434553112730384,0.1859667802677541,False
2025-03-20 06:00:00,12993.755535055348,106.0,5825.3099999999995,27.725,64.91,0.2907051368137358,0.016936196584212204,0.16750911371045019,False
2025-03-20 07:00:00,16305.88929889299,106.0,6143.78,27.725,64.91,0.41621710070411455,0.023620570762306198,0.2395486622303008,False
2025-03-20 08:00:00,17579.786900369003,106.0,6457.68,27.725,64.91,0.3987594329827891,0.029881693180056696,0.23276445007155952,False
2025-03-20 09:00:00,14267.653136531364,106.0,7605.12,27.725,64.91,0.42210116113753915,0.03863349268864973,0.24954071033553893,False
2025-03-20 10:00:00,11974.637453874537,106.0,8001.42,27.725,64.91,0.4072979925131071,0.017131620960076983,0.23172312531424358,False
2025-03-20 11:00:00,10955.519372693729,106.0,7761.32,27.725,64.91,0.3471499285176722,0.026402426495037223,0.20281355260748649,False
2025-03-20 12:00:00,10445.96033210332,106.0,7805.12,27.725,64.91,0.3023230196505843,0.009481386552383581,0.17054428475639397,False
2025-03-20 13:00:00,10700.739852398525,106.0,7750.46,27.725,64.91,0.3074697985827789,0.006445159283685589,0.17200871089818692,False
2025-03-20 14:00:00,11465.07841328413,106.0,7441.32,27.725,64.91,0.3220547210874361,0.019848546325296746,0.1860619424444734,False
2025-03-20 15:00:00,12993.755535055348,106.0,7506.44,27.725,64.91,0.3578346933613064,0.02707119876668478,0.2089911207937267,False
2025-03-20 16:00:00,16051.109778597784,106.0,7445.02,27.725,64.91,0.4183890657627962,0.012886581468009244,0.2359129478301421,False
2025-03-20 17:00:00,19618.023062730623,106.0,7041.87,27.725,64.91,0.3999411377353443,0.005953031718681776,0.22264649002784617,False
2025-03-20 18:00:00,21146.70018450185,106.0,6205.48,27.725,64.91,0.4451101626417724,0.009062322614777043,0.24888863462962452,False
2025-03-20 19:00:00,18089.345940959407,106.0,6150.0599999999995,27.725,64.91,0.312225283367882,0.01729121910129987,0.17950495444792008,False
2025-03-20 20:00:00,14267.653136531364,106.0,5825.52,27.725,64.91,0.2946470824513287,0.008898554415338222,0.16606024483513301,False
2025-03-20 21:00:00,11210.298892988929,106.0,5529.02,27.725,64.91,0.30667029232379983,0.006064329076104964,0.17139760886233715,False
2025-03-20 22:00:00,8152.944649446495,106.0,5843.21,27.725,64.91,0.29985117822377994,0.011484391909401856,0.1700861243823098,False
2025-03-20 23:00:00,6879.047047970479,106.0,5930.4,27.725,64.91,0.20842025177271573,0.011872532676747698,0.11997377817953013,False
2025-03-21 00:00:00,6240.247232472323,75.0,5992.6,26.315,71.01,0.7520952940299062,0.8669733995015815,0.8037904414921601,True
2025-03-21 01:00:00,5105.6568265682645,75.0,6230.35,26.315,71.01,0.6516642735179212,0.051704037985460444,0.3816821675283139,False
2025-03-21 02:00:00,4254.714022140221,75.0,5835.5,26.315,71.01,0.6517101474356657,0.04150754531000943,0.3771189764791204,False
2025-03-21 03:00:00,4254.714022140221,75.0,5785.3,26.315,71.01,0.6577756668481924,0.031693610746211215,0.3760387416023009,False
2025-03-21 04:00:00,5672.952029520296,75.0,5956.7,26.315,71.01,0.6438372201877418,0.04265198168278999,0.37330386286051354,False
2025-03-21 05:00:00,9076.723247232472,75.0,5923.1,26.315,71.01,0.6238604113163689,0.03686180589639223,0.35971103887737943,False
2025-03-21 06:00:00,14466.027675276751,75.0,5559.9,26.315,71.01,0.6814787622669897,0.04549429796612036,0.39528575333159854,False
2025-03-21 07:00:00,18153.446494464944,75.0,6153.4,26.315,71.01,0.7227351203860584,0.05129100305333559,0.42058526758633313,False
2025-03-21 08:00:00,19571.68450184502,75.0,6598.1,26.315,71.01,0.6500239492900098,0.04350089598643618,0.37708857530340173,False
2025-03-21 09:00:00,15884.265682656824,75.0,7357.2,26.315,71.01,0.665634209309025,0.04467641517145734,0.38620320194711955,False
2025-03-21 10:00:00,13331.437269372693,75.0,7665.4,26.315,71.01,0.6199118902525277,0.054988409317315246,0.3656963238316821,False
2025-03-21 11:00:00,12196.846863468634,75.0,7765.4,26.315,71.01,0.5960220609244279,0.054588799251841645,0.3523770931717641,False
2025-03-21 12:00:00,11629.551660516605,75.0,7672.6,26.315,71.01,0.5393207320318306,0.057412367566140265,0.32246196802227,False
2025-03-21 13:00:00,11913.19926199262,75.0,7664.099999999999,26.315,71.01,0.5417817999051819,0.061765557105856767,0.32577449064548564,False
2025-03-21 14:00:00,12764.142066420662,75.0,7487.8,26.315,71.01,0.5587695763292552,0.060190945701901144,0.3344091925469459,False
2025-03-21 15:00:00,14466.027675276751,75.0,7439.8,26.315,71.01,0.6420003595965517,0.06858827123262204,0.38396491983278336,False
2025-03-21 16:00:00,17869.79889298893,75.0,7451.3,26.315,71.01,0.6477913051341726,0.06359978057258464,0.3849051190814581,False
2025-03-21 17:00:00,21840.865313653136,75.0,7153.5,26.315,71.01,0.6983188531264101,0.056403007244331296,0.4094567224794746,False
2025-03-21 18:00:00,23542.750922509225,75.0,5983.2,26.315,71.01,0.7951602830013069,0.0622081837163565,0.4653318383230792,False
2025-03-21 19:00:00,20138.97970479704,75.0,6028.1,26.315,71.01,0.6279711403667783,0.05974997122422883,0.37227161425263106,False
2025-03-21 20:00:00,15884.265682656824,75.0,5869.4,26.315,71.01,0.6092156030049545,0.04220137634506752,0.35405920100800536,False
2025-03-21 21:00:00,12480.494464944646,75.0,5642.2,26.315,71.01,0.5716601476140304,0.04027901273512306,0.3325386369185221,False
2025-03-21 22:00:00,9076.723247232472,75.0,5852.2,26.315,71.01,0.5175269425840815,0.061653379220934945,0.3123838390706656,False
2025-03-21 23:00:00,7658.485239852398,75.0,6143.9,26.315,71.01,0.532311439969841,0.07410539495665514,0.3261187197139074,False
2025-03-22 00:00:00,4871.559040590405,87.0,6066.05,27.095,70.17999999999999,0.5306716126294553,0.052955454719573046,0.3156993415700083,False
2025-03-22 01:00:00,3985.8210332103313,87.0,6209.59,27.095,70.17999999999999,0.40570702581786533,0.0601576323952568,0.2502097987776915,False
2025-03-22 02:00:00,3321.517527675276,87.0,5791.37,27.095,70.17999999999999,0.3992782017049735,0.048783775570606834,0.24155570994450853,False
2025-03-22 03:00:00,3321.517527675276,87.0,5929.48,27.095,70.17999999999999,0.4109305171756239,0.057976576929084214,0.25210124406468104,False
2025-03-22 04:00:00,4428.690036900369,87.0,6057.960000000001,27.095,70.17999999999999,0.4170419248951397,0.0666727333161813,0.2593757886846084,False
2025-03-22 05:00:00,7085.90405904059,87.0,5850.639999999999,27.095,70.17999999999999,0.44436701185078836,0.05730494245526932,0.27018908062280483,False
2025-03-22 06:00:00,11293.15959409594,87.0,5714.93,27.095,70.17999999999999,0.3420238790528797,0.032767542903290835,0.2028585277855647,False
2025-03-22 07:00:00,14171.80811808118,87.0,6295.200000000001,27.095,70.17999999999999,0.3709285292353979,0.042590090272735665,0.22317623170219988,False
2025-03-22 08:00:00,15278.980627306271,87.0,6698.349999999999,27.095,70.17999999999999,0.37410061475562983,0.03580980859633361,0.22186975198394657,False
2025-03-22 09:00:00,12400.332103321032,87.0,7287.289999999999,27.095,70.17999999999999,0.3625514244268877,0.028443175584766157,0.212202712447933,False
2025-03-22 10:00:00,10407.421586715864,87.0,8099.32,27.095,70.17999999999999,0.5028557756023978,0.05184133631654173,0.29989927792376264,False
2025-03-22 11:00:00,9521.683579335791,87.0,8010.150000000001,27.095,70.17999999999999,0.44396389350670495,0.03820492494114877,0.2613723576522047,False
2025-03-22 12:00:00,9078.814575645756,87.0,7800.74,27.095,70.17999999999999,0.3920781184687665,0.033737137802549125,0.23082467716896868,False
2025-03-22 13:00:00,9300.249077490776,87.0,7670.81,27.095,70.17999999999999,0.379811610058504,0.03713018926341814,0.22560497070071536,False
2025-03-22 14:00:00,9964.552583025828,87.0,7564.4,27.095,70.17999999999999,0.36894065309744295,0.02447801251740385,0.21393246483642536,False
2025-03-22 15:00:00,11293.15959409594,87.0,7514.42,27.095,70.17999999999999,0.36128576937493145,0.03356797812306624,0.21381276331159213,False
2025-03-22 16:00:00,13950.373616236162,87.0,7300.129999999999,27.095,70.17999999999999,0.48852606867512727,0.04059878002563457,0.2869587887828556,False
2025-03-22 17:00:00,17050.45664206642,87.0,6903.83,27.095,70.17999999999999,0.4627840896922505,0.04103420123275204,0.2729966398854762,False
2025-03-22 18:00:00,18379.06365313653,87.0,5733.48,27.095,70.17999999999999,0.5374604939492944,0.061978777339762245,0.32349372147500494,False
2025-03-22 19:00:00,15721.849630996308,87.0,5967.030000000001,27.095,70.17999999999999,0.39543002651729875,0.056654957398190445,0.24298124541370003,False
2025-03-22 20:00:00,12400.332103321032,87.0,5751.959999999999,27.095,70.17999999999999,0.34567146768249196,0.028340936835096867,0.2028727288011642,False
2025-03-22 21:00:00,9743.11808118081,87.0,5632.66,27.095,70.17999999999999,0.2970201130213817,0.03245940504923443,0.17796779443391544,False
2025-03-22 22:00:00,7085.90405904059,87.0,5759.58,27.095,70.17999999999999,0.27045648727495414,0.043694913348172576,0.16841377900790244,False
2025-03-22 23:00:00,5978.731549815498,87.0,5943.280000000001,27.095,70.17999999999999,0.276172348874538,0.05081045966243337,0.17475949872909094,False
2025-03-23 00:00:00,5132.372693726937,90.5,6330.1,27.71,66.78,0.4709273737640661,0.03995037931852564,0.27698772626357293,False
2025-03-23 01:00:00,4199.214022140221,90.5,6230.799999999999,27.71,66.78,0.27826443057700095,0.03883420182625093,0.17052082763916343,False
2025-03-23 02:00:00,3499.3450184501844,90.5,5895.4,27.71,66.78,0.305629232317301,0.03037262022163296,0.1817637568742504,False
2025-03-23 03:00:00,3499.3450184501844,90.5,5755.1,27.71,66.78,0.30415309227324866,0.029383361075761127,0.18050671323437928,False
2025-03-23 04:00:00,4665.7933579335795,90.5,5938.2,27.71,66.78,0.3088843947693276,0.04203222578533474,0.18880091872653082,False
2025-03-23 05:00:00,7465.269372693728,90.5,5883.9,27.71,66.78,0.2809096651950337,0.035991347464669914,0.17069642221637,False
2025-03-23 06:00:00,11897.773062730628,90.5,5539.8,27.71,66.78,0.2999900090462354,0.019711430962539248,0.17386464890857214,False
2025-03-23 07:00:00,14930.538745387455,90.5,5870.5,27.71,66.78,0.25634335078169823,0.022132391739461126,0.15094841921269156,False
2025-03-23 08:00:00,16096.987084870852,90.5,6230.1,27.71,66.78,0.29219969598291373,0.029848388808616757,0.1741416077544801,False
2025-03-23 09:00:00,13064.221402214022,90.5,6794.5,27.71,66.78,0.23879341306940077,0.028841015990699607,0.14431483438398526,False
2025-03-23 10:00:00,10964.614391143912,90.5,7371.5,27.71,66.78,0.33680311063021967,0.030080523036260142,0.1987779462129379,False
2025-03-23 11:00:00,10031.455719557196,90.5,7426.93,27.71,66.78,0.26163514170887936,0.026554479824921536,0.15584884386109835,False
2025-03-23 12:00:00,9564.87638376384,90.5,7269.09,27.71,66.78,0.24499048201389545,0.02226535318454482,0.14476417404068767,False
2025-03-23 13:00:00,9798.16605166052,90.5,7036.07,27.71,66.78,0.22289892309954046,0.023898355592219783,0.13334866772124618,False
2025-03-23 14:00:00,10498.035055350552,90.5,7023.29,27.71,66.78,0.19917686365202902,0.029656931094850823,0.12289289400129884,False
2025-03-23 15:00:00,11897.773062730628,90.5,7099.32,27.71,66.78,0.2316039734846712,0.041489281548175896,0.14605236211324835,False
2025-03-23 16:00:00,14697.249077490776,90.5,7083.3099999999995,27.71,66.78,0.29475292282952004,0.03343519596846018,0.1771599457420431,False
2025-03-23 17:00:00,17963.30442804428,90.5,6803.51,27.71,66.78,0.30207062346828645,0.03060918724760941,0.1799129771689818,False
2025-03-23 18:00:00,19363.04243542436,90.5,5964.27,27.71,66.78,0.37794050132635615,0.029237591590159404,0.22102419194506762,False
2025-03-23 19:00:00,16563.566420664203,90.5,5728.37,27.71,66.78,0.2510862364267213,0.02975044789273718,0.15148513158642843,False
2025-03-23 20:00:00,13064.221402214022,90.5,5564.9,27.71,66.78,0.21400326682845588,0.019591315501524185,0.12651788873133663,False
2025-03-23 21:00:00,10264.745387453871,90.5,5315.6900000000005,27.71,66.78,0.20760330153407874,0.01693410820775791,0.12180216453723437,False
2025-03-23 22:00:00,7465.269372693728,90.5,5657.1900000000005,27.71,66.78,0.22717498395720648,0.02889095436471892,0.1379471706405871,False
2025-03-23 23:00:00,6298.821033210333,90.5,5896.4400000000005,27.71,66.78,0.18458681007562883,0.03247574937688926,0.11613683276119603,False
2025-03-24 00:00:00,3681.7730627306264,94.5,5872.7,27.835,62.9,0.4405513069323811,0.032485184301261655,0.25692155174837733,False
2025-03-24 01:00:00,3012.3597785977854,94.5,6125.4,27.835,62.9,0.359393262114337,0.030626098973200063,0.2114480387008254,False
2025-03-24 02:00:00,2510.299815498155,94.5,5733.9,27.835,62.9,0.2948865819448259,0.022673820357541608,0.172390839230548,False
2025-03-24 03:00:00,2510.299815498155,94.5,5791.0,27.835,62.9,0.28176529061861894,0.021496743322489572,0.16464444433536074,False
2025-03-24 04:00:00,3347.066420664207,94.5,5852.2,27.835,62.9,0.3078936513731086,0.022523698115984515,0.17947717240740277,False
2025-03-24 05:00:00,5355.306273062731,94.5,5895.6,27.835,62.9,0.3452704215988148,0.03047043024290415,0.20361042548865504,False
2025-03-24 06:00:00,8535.019372693727,94.5,5142.400000000001,27.835,62.9,0.32415926493022107,0.014447463625317711,0.1847889543430146,False
2025-03-24 07:00:00,10710.61254612546,94.5,5371.929999999999,27.835,62.9,0.19320314054935267,0.022975537411956563,0.11660071913752443,False
2025-03-24 08:00:00,11547.379151291516,94.5,5646.91,27.835,62.9,0.20881780068953026,0.010415417649900314,0.1195367283216968,False
2025-03-24 09:00:00,9371.785977859778,94.5,6681.33,27.835,62.9,0.3128293544668916,0.01624243043508575,0.17936523865257897,False
2025-03-24 10:00:00,7865.606088560886,94.5,6914.639999999999,27.835,62.9,0.2858910375868323,0.010435449313781344,0.1619360228639594,False
2025-03-24 11:00:00,7196.192804428045,94.5,6866.73,27.835,62.9,0.2588119113502049,0.022366533092180008,0.15241149113409372,False
2025-03-24 12:00:00,6861.486162361625,94.5,6758.86,27.835,62.9,0.24982722864250567,0.0216098910397397,0.14712942672126098,False
2025-03-24 13:00:00,7028.839483394836,94.5,6711.6900000000005,27.835,62.9,0.21385177099463532,0.018391908077907342,0.12589483268210774,False
2025-03-24 14:00:00,7530.899446494464,94.5,6511.64,27.835,62.9,0.2047787428598309,0.03380105298253467,0.1278387824150476,False
2025-03-24 15:00:00,8535.019372693727,94.5,6348.3,27.835,62.9,0.26178855904095355,0.03345793214757288,0.15903977693893226,False
2025-03-24 16:00:00,10543.259225092252,94.5,6101.71,27.835,62.9,0.25093428520430766,0.037897275487249006,0.15506763083163128,False
2025-03-24 17:00:00,12886.205719557194,94.5,5889.799999999999,27.835,62.9,0.21221564487682615,0.041731655518332245,0.1354978496655039,False
2025-03-24 18:00:00,13890.32564575646,94.5,4723.0,27.835,62.9,0.37387411969645434,0.08813217448030537,0.2452902443491873,False
2025-03-24 19:00:00,11882.085793357932,94.5,5081.6,27.835,62.9,0.2185007088255173,0.05029053304441427,0.14280612972402096,False
2025-03-24 20:00:00,9371.785977859778,94.5,4947.6,27.835,62.9,0.2132477161149091,0.028658491636487027,0.13018256509961917,False
2025-03-24 21:00:00,7363.546125461253,94.5,4917.2,27.835,62.9,0.22567440009939455,0.031133161158043262,0.13813084257578648,False
2025-03-24 22:00:00,5355.306273062731,94.5,5184.1,27.835,62.9,0.25262121375298274,0.023560441370170982,0.14954386618071747,False
2025-03-24 23:00:00,4518.539667896679,94.5,5302.2,27.835,62.9,0.25603747145044936,0.032635122365565365,0.1555064143622516,False
2025-03-25 00:00:00,5976.348708487084,87.0,5515.9,27.82,63.42,0.6280846993799657,0.025841909636044182,0.357075443995201,False
2025-03-25 01:00:00,4889.739852398523,87.0,5846.6,27.82,63.42,0.5782264784145088,0.061021240816788336,0.34548412149553465,False
2025-03-25 02:00:00,4074.783210332103,87.0,5560.2,27.82,63.42,0.45939273091571164,0.07089066094933129,0.2845667994308405,False
2025-03-25 03:00:00,4074.783210332103,87.0,5473.6,27.82,63.42,0.4131724413258802,0.055077647562778186,0.25202978413248434,False
2025-03-25 04:00:00,5433.044280442805,87.0,5568.7,27.82,63.42,0.418965653635284,0.053101940481172234,0.25432698271593374,False
2025-03-25 05:00:00,8692.870848708486,87.0,5571.1,27.82,63.42,0.3780107587806122,0.048501956621920875,0.2297317978092011,False
2025-03-25 06:00:00,13854.26291512915,87.0,5303.2,27.82,63.42,0.356212410839637,0.05472599017546242,0.22054352154075846,False
2025-03-25 07:00:00,17385.741697416972,87.0,5835.1,27.82,63.42,0.4178577487072247,0.05136792057179108,0.25293732604627955,False
2025-03-25 08:00:00,18744.002767527676,87.0,6210.1,27.82,63.42,0.38163447445894383,0.05276836681639916,0.23364472601979874,False
2025-03-25 09:00:00,15212.52398523985,87.0,7144.0,27.82,63.42,0.447255949265496,0.054032520516237546,0.2703054063283297,False
2025-03-25 10:00:00,12767.65405904059,87.0,7509.700000000001,27.82,63.42,0.2940726049057435,0.031729513189174066,0.17601821363328726,False
2025-03-25 11:00:00,11681.04520295203,87.0,7607.1,27.82,63.42,0.3150405394029252,0.0233845078436813,0.18379532520126546,False
2025-03-25 12:00:00,11137.74077490775,87.0,7385.0,27.82,63.42,0.19537097177757246,0.02122519168844973,0.11700537073746724,False
2025-03-25 13:00:00,11409.39298892989,87.0,7277.5,27.82,63.42,0.13664733545965735,0.014747863389968932,0.08179257302829757,False
2025-03-25 14:00:00,12224.349630996308,87.0,7175.799999999999,27.82,63.42,0.12865495652648468,0.027146963146900006,0.08297635950567157,False
2025-03-25 15:00:00,13854.26291512915,87.0,7164.3,27.82,63.42,0.19668932280208745,0.03271986309813741,0.12290306593530995,False
2025-03-25 16:00:00,17114.089483394833,87.0,7004.7,27.82,63.42,0.2006406143076298,0.0173787645039762,0.11817278189598569,False
2025-03-25 17:00:00,20917.220479704796,87.0,6470.1,27.82,63.42,0.2729160227898117,0.009481702518047912,0.15437057866751802,False
2025-03-25 18:00:00,22547.13376383764,87.0,5793.0,27.82,63.42,0.2824263186528798,0.018262959604217466,0.16355280708098177,False
2025-03-25 19:00:00,19287.307195571953,87.0,5582.8,27.82,63.42,0.21768817340573565,0.022319129086203388,0.12977210346194615,False
2025-03-25 20:00:00,15212.52398523985,87.0,5420.5,27.82,63.42,0.17677414630840488,0.016880447204836137,0.10482198171179895,False
2025-03-25 21:00:00,11952.697416974168,87.0,5190.5,27.82,63.42,0.22836406096718403,0.013403568072150405,0.13163183916441892,False
2025-03-25 22:00:00,8692.870848708486,87.0,5397.3,27.82,63.42,0.17740708412794248,0.016409992470057776,0.10495839288189437,False
2025-03-25 23:00:00,7334.609778597785,87.0,5521.4,27.82,63.42,0.14544288552733997,0.018320861801813665,0.08823797485085313,False
2025-03-26 00:00:00,6159.269372693726,93.0,5765.9,27.885,62.489999999999995,0.40470321922846214,0.020375799078610604,0.231755880161029,False
2025-03-26 01:00:00,5039.40221402214,93.0,5932.7,27.885,62.489999999999995,0.18771803505936058,0.021974429591438405,0.11313341259879561,False
2025-03-26 02:00:00,4199.50184501845,93.0,5630.4,27.885,62.489999999999995,0.1220493162208095,0.019492974105195373,0.07589896226878315,False
2025-03-26 03:00:00,4199.50184501845,93.0,5570.1,27.885,62.489999999999995,0.11944640231259984,0.015237667244161257,0.07255247153180248,False
2025-03-26 04:00:00,5599.335793357934,93.0,5651.299999999999,27.885,62.489999999999995,0.14952470655101247,0.020599729512528052,0.09150846688369448,False
2025-03-26 05:00:00,8958.937269372693,93.0,5588.0,27.885,62.489999999999995,0.17866069220843722,0.016773192475102748,0.10581131732843672,False
2025-03-26 06:00:00,14278.306273062728,93.0,5482.9,27.885,62.489999999999995,0.19214571186433616,0.011343785292395828,0.11078484490696301,False
2025-03-26 07:00:00,17917.874538745386,93.0,5853.95,27.885,62.489999999999995,0.30012759146862256,0.01448056742207655,0.17158643064767687,False
2025-03-26 08:00:00,19317.70848708487,93.0,6349.98,27.885,62.489999999999995,0.28949426541104656,0.009612390526885357,0.16354742171317402,False
2025-03-26 09:00:00,15678.140221402213,93.0,7408.31,27.885,62.489999999999995,0.323654057448657,0.017698824491347295,0.18597420261786765,False
2025-03-26 10:00:00,13158.439114391143,93.0,7774.16,27.885,62.489999999999995,0.2956239532160666,0.004214194900147882,0.16448956197390321,False
2025-03-26 11:00:00,12038.571955719555,93.0,7895.91,27.885,62.489999999999995,0.3475968144181069,0.007018444603793478,0.1943365480016659,False
2025-03-26 12:00:00,11478.638376383764,93.0,7739.14,27.885,62.489999999999995,0.25617274661262157,0.0063021816513505495,0.14373099238004963,False
2025-03-26 13:00:00,11758.60516605166,93.0,7614.549999999999,27.885,62.489999999999995,0.17207719857672704,0.004165266929306005,0.09651682933538758,False
2025-03-26 14:00:00,12598.505535055348,93.0,7332.31,27.885,62.489999999999995,0.20331394082635873,0.009847946496219041,0.11625424337779589,False
2025-03-26 15:00:00,14278.306273062728,93.0,7308.76,27.885,62.489999999999995,0.23410307204733827,0.014509403412411529,0.13528592116162125,False
2025-03-26 16:00:00,17637.90774907749,93.0,7270.61,27.885,62.489999999999995,0.19970810578167136,0.009386816339077616,0.11406352553250419,False
2025-03-26 17:00:00,21557.442804428043,93.0,6758.960000000001,27.885,62.489999999999995,0.3611313745506292,0.00464041846915591,0.20071044431396623,False
2025-03-26 18:00:00,23237.243542435423,93.0,5805.2,27.885,62.489999999999995,0.4114887364222547,0.01430181455467892,0.23275462158184562,False
2025-03-26 19:00:00,19877.64206642066,93.0,5925.0,27.885,62.489999999999995,0.26266338841404696,0.015430104310742841,0.15140841056756013,False
2025-03-26 20:00:00,15678.140221402213,93.0,5750.2,27.885,62.489999999999995,0.23208455236588915,0.005129122583139513,0.12995460896365182,False
2025-03-26 21:00:00,12318.538745387452,93.0,5800.6,27.885,62.489999999999995,0.22505631381772928,0.008201430834664212,0.12747161647535002,False
2025-03-26 22:00:00,8958.937269372693,93.0,5761.219999999999,27.885,62.489999999999995,0.14057248049070892,0.007865853758182502,0.08085449846107204,False
2025-03-26 23:00:00,7559.10332103321,93.0,5952.7,27.885,62.489999999999995,0.16108013741291405,0.01841499139239448,0.09688082170368026,False
2025-03-27 00:00:00,4462.387453874538,84.0,6013.4,27.409999999999997,66.41,0.5134068323791805,0.034387567797052564,0.2978481633172229,False
2025-03-27 01:00:00,3651.044280442804,84.0,6271.8,27.409999999999997,66.41,0.36529010055327904,0.03393889474040949,0.21618205793748776,False
2025-03-27 02:00:00,3042.536900369003,84.0,5950.3,27.409999999999997,66.41,0.38544018387920254,0.02736691852540357,0.224307214469993,False
2025-03-27 03:00:00,3042.536900369003,84.0,5891.6,27.409999999999997,66.41,0.38146930267515106,0.02329860205774242,0.2202924873973172,False
2025-03-27 04:00:00,4056.715867158672,84.0,6009.6,27.409999999999997,66.41,0.374081252690759,0.03250849327363699,0.2203735109530541,False
2025-03-27 05:00:00,6490.745387453874,84.0,5873.4,27.409999999999997,66.41,0.37609684727583725,0.022991341871150595,0.21719936984372826,False
2025-03-27 06:00:00,10344.62546125461,84.0,5674.2,27.409999999999997,66.41,0.27719439496557174,0.016699182244493852,0.1599715492410867,False
2025-03-27 07:00:00,12981.490774907748,84.0,6095.55,27.409999999999997,66.41,0.2900838103985645,0.0209358964494366,0.16896724912145697,False
2025-03-27 08:00:00,13995.669741697417,84.0,6531.33,27.409999999999997,66.41,0.3317146497474513,0.022075645372257438,0.1923770977786141,False
2025-03-27 09:00:00,11358.80442804428,84.0,7515.33,27.409999999999997,66.41,0.3372717912471367,0.022209677559838003,0.19549384008785228,False
2025-03-27 10:00:00,9533.282287822878,84.0,7903.49,27.409999999999997,66.41,0.34306078288039266,0.015608174056512741,0.1957071089096467,False
2025-03-27 11:00:00,8721.939114391143,84.0,7908.3,27.409999999999997,66.41,0.35214981764805486,0.02292433870680414,0.20399835212449205,False
2025-03-27 12:00:00,8316.267527675276,84.0,7737.19,27.409999999999997,66.41,0.2831178460596336,0.0231797741061265,0.16614571368055542,False
2025-03-27 13:00:00,8519.103321033212,84.0,7519.9,27.409999999999997,66.41,0.2560360219210178,0.022283603024306656,0.1508474334174978,False
2025-03-27 14:00:00,9127.610701107007,84.0,7306.139999999999,27.409999999999997,66.41,0.23896981532101408,0.0160102370582515,0.1386380051027709,False
2025-03-27 15:00:00,10344.62546125461,84.0,7392.75,27.409999999999997,66.41,0.29393813006288894,0.025001972891009073,0.17291685933554302,False
2025-03-27 16:00:00,12778.654981549817,84.0,7056.7,27.409999999999997,66.41,0.3358647168047053,0.020275044073490633,0.19384936407565873,False
2025-03-27 17:00:00,15618.356088560884,84.0,6876.01,27.409999999999997,66.41,0.3286094349724147,0.022670945805838873,0.1909371148474556,False
2025-03-27 18:00:00,16835.370848708488,84.0,5924.04,27.409999999999997,66.41,0.4006017325628821,0.03510752016336376,0.23612933698309888,False
2025-03-27 19:00:00,14401.341328413282,84.0,5990.4,27.409999999999997,66.41,0.20310916403605078,0.024240402488526516,0.12261822133966488,False
2025-03-27 20:00:00,11358.80442804428,84.0,5806.9,27.409999999999997,66.41,0.1970823957045465,0.009732593976378188,0.11277498492687077,False
2025-03-27 21:00:00,8924.774907749075,84.0,5563.0,27.409999999999997,66.41,0.21967537122300912,0.015045701392054283,0.12759201979907944,False
2025-03-27 22:00:00,6490.745387453874,84.0,5870.6,27.409999999999997,66.41,0.23020507855448114,0.02029653707495206,0.13574623488869306,False
2025-03-27 23:00:00,5476.566420664207,84.0,5940.3,27.409999999999997,66.41,0.15375397035644445,0.024028413110771144,0.09537746959589147,False
2025-03-28 00:00:00,6090.874538745386,97.0,6065.6,28.32,63.489999999999995,0.4537430217531591,0.024706858853476215,0.26067674844830185,False
2025-03-28 01:00:00,4983.442804428043,97.0,6264.8,28.32,63.489999999999995,0.31977921229707723,0.03500169005238281,0.19162932728696477,False
2025-03-28 02:00:00,4152.869003690036,97.0,5860.6,28.32,63.489999999999995,0.3168334487557902,0.027554348666096674,0.18665785371542815,False
2025-03-28 03:00:00,4152.869003690036,97.0,5930.200000000001,28.32,63.489999999999995,0.3222393094197795,0.0301147461853539,0.19078325596428802,False
2025-03-28 04:00:00,5537.158671586716,97.0,6017.2,28.32,63.489999999999995,0.32110404635949963,0.03840866705935775,0.1938911256744358,False
2025-03-28 05:00:00,8859.453874538745,97.0,5932.2,28.32,63.489999999999995,0.29486520554228407,0.03436979065707917,0.17764226884394188,False
2025-03-28 06:00:00,14119.754612546123,97.0,5651.3,28.32,63.489999999999995,0.31881297962716093,0.01695304032170122,0.18297600693970406,False
2025-03-28 07:00:00,17718.90774907749,97.0,6186.7,28.32,63.489999999999995,0.39322065308130894,0.02655305593775179,0.22822023436670824,False
2025-03-28 08:00:00,19103.19741697417,97.0,6638.700000000001,28.32,63.489999999999995,0.3383150516595861,0.02408307941048446,0.19691066414749037,False
2025-03-28 09:00:00,15504.044280442802,97.0,7230.6,28.32,63.489999999999995,0.3924881124125706,0.03171042506539794,0.23013815310634292,False
2025-03-28 10:00:00,13012.32287822878,97.0,7830.59,28.32,63.489999999999995,0.41343610677394244,0.03281741408577966,0.2421576950642692,False
2025-03-28 11:00:00,11904.891143911438,97.0,7826.5,28.32,63.489999999999995,0.3968251435420481,0.026398075321100323,0.23013296284262164,False
2025-03-28 12:00:00,11351.175276752769,97.0,7829.74,28.32,63.489999999999995,0.307100242142459,0.020741596099004275,0.17823885142290438,False
2025-03-28 13:00:00,11628.033210332103,97.0,7640.68,28.32,63.489999999999995,0.30386462151789545,0.021940300675956308,0.17699867713902284,False
2025-03-28 14:00:00,12458.60701107011,97.0,7464.34,28.32,63.489999999999995,0.2977032948172632,0.026587943658301468,0.17570138679573044,False
2025-03-28 15:00:00,14119.754612546123,97.0,7378.95,28.32,63.489999999999995,0.31409768365715696,0.037935567665571324,0.18982473146094345,False
2025-03-28 16:00:00,17442.049815498154,97.0,7274.49,28.32,63.489999999999995,0.2956746606010842,0.027634783184205317,0.17505671576348872,False
2025-03-28 17:00:00,21318.060885608855,97.0,6995.77,28.32,63.489999999999995,0.34907839835726984,0.018476978592847634,0.20030775946327986,False
2025-03-28 18:00:00,22979.20848708487,97.0,5945.22,28.32,63.489999999999995,0.4664603509611476,0.02630932698010555,0.26839239016967864,False
2025-03-28 19:00:00,19656.91328413284,97.0,6062.4400000000005,28.32,63.489999999999995,0.33580213507666895,0.033490180195709277,0.1997617553802371,False
2025-03-28 20:00:00,15504.044280442802,97.0,5858.96,28.32,63.489999999999995,0.26829375314760723,0.020078160677510035,0.1565967365360635,False
2025-03-28 21:00:00,12181.749077490773,97.0,5640.7,28.32,63.489999999999995,0.2591298804860117,0.015156279653659302,0.14934176011145314,False
2025-03-28 22:00:00,8859.453874538745,97.0,5898.79,28.32,63.489999999999995,0.24140381351248935,0.021851045365901645,0.1426050678465249,False
2025-03-28 23:00:00,7475.164206642066,97.0,6052.05,28.32,63.489999999999995,0.18768637081358064,0.02800917414479685,0.11583163231262794,False
2025-03-29 00:00:00,4103.121771217711,102.5,6427.0,28.595,63.510000000000005,0.5885243815387465,0.04554527383420203,0.34418378307170155,False
2025-03-29 01:00:00,3357.0996309963093,102.5,6336.8,28.595,63.510000000000005,0.32385124347273353,0.015591672070876875,0.18513443634189805,False
2025-03-29 02:00:00,2797.583025830258,102.5,5898.1,28.595,63.510000000000005,0.3442513227238341,0.015708036211506345,0.1964068437932866,False
2025-03-29 03:00:00,2797.583025830258,102.5,6011.5,28.595,63.510000000000005,0.35772501816423247,0.02312534370863268,0.20715516465921258,False
2025-03-29 04:00:00,3730.110701107011,102.5,6042.3,28.595,63.510000000000005,0.3305789290095956,0.022639895093918894,0.19200636374754113,False
2025-03-29 05:00:00,5968.177121771218,102.5,5934.2,28.595,63.510000000000005,0.327110853080355,0.021570065954116573,0.1896174988735477,False
2025-03-29 06:00:00,9511.782287822876,102.5,5585.1,28.595,63.510000000000005,0.2978491749695789,0.021318019215502866,0.17341015488024472,False
2025-03-29 07:00:00,11936.354243542435,102.5,5938.4,28.595,63.510000000000005,0.24372394077950899,0.016682605371396493,0.14155533984585839,False
2025-03-29 08:00:00,12868.881918819188,102.5,6286.4,28.595,63.510000000000005,0.25295969289964454,0.014811218219617762,0.1457928792936325,False
2025-03-29 09:00:00,10444.30996309963,102.5,7440.5,28.595,63.510000000000005,0.3345132701660502,0.0313967979201386,0.19811085765539,False
2025-03-29 10:00:00,8765.760147601475,102.5,7730.0,28.595,63.510000000000005,0.2948931236740832,0.012161147400214085,0.16766373435084214,False
2025-03-29 11:00:00,8019.738007380073,102.5,7611.6,28.595,63.510000000000005,0.3135835458004006,0.021180715007853946,0.18200227194375462,False
2025-03-29 12:00:00,7646.726937269373,102.5,7661.4,28.595,63.510000000000005,0.330937866779247,0.010809197696945615,0.1868799656922114,False
2025-03-29 13:00:00,7833.232472324724,102.5,7464.2,28.595,63.510000000000005,0.2683108795440933,0.008429250606701143,0.15136414652226682,False
2025-03-29 14:00:00,8392.749077490773,102.5,7466.4,28.595,63.510000000000005,0.25551854146211705,0.010161219468000922,0.14510774656476483,False
2025-03-29 15:00:00,9511.782287822876,102.5,7501.6,28.595,63.510000000000005,0.35020318114840676,0.014039271166314374,0.19892942165646518,False
2025-03-29 16:00:00,11749.848708487085,102.5,7531.1,28.595,63.510000000000005,0.362887738740567,0.01621632343332073,0.2068856018523062,False
2025-03-29 17:00:00,14360.926199261992,102.5,6902.6,28.595,63.510000000000005,0.38921384944288306,0.018119952225386104,0.22222159569500943,False
2025-03-29 18:00:00,15479.959409594096,102.5,6211.1,28.595,63.510000000000005,0.36895202935400073,0.01688024428725815,0.21051972607396657,False
2025-03-29 19:00:00,13241.892988929889,102.5,5941.1,28.595,63.510000000000005,0.25933185057985597,0.010675020045384169,0.14743627683934368,False
2025-03-29 20:00:00,10444.30996309963,102.5,5736.4,28.595,63.510000000000005,0.25043353743579627,0.0,0.13773844558968795,False
2025-03-29 21:00:00,8206.243542435423,102.5,5534.7,28.595,63.510000000000005,0.2760936341920484,0.0035412563111321413,0.1534450641456361,False
2025-03-29 22:00:00,5968.177121771218,102.5,5986.5,28.595,63.510000000000005,0.31291242306347006,0.01513636492246324,0.178913196900017,False
2025-03-29 23:00:00,5035.649446494464,102.5,5960.200000000001,28.595,63.510000000000005,0.20734908267512542,0.013178799049690732,0.11997245504367982,False
2025-03-30 00:00:00,5373.094095940958,94.5,6455.6,28.685,62.48,0.6156484763265211,0.04858316693581049,0.36046908710070136,False
2025-03-30 01:00:00,4396.167896678966,94.5,6235.3,28.685,62.48,0.4270305275162513,0.03229189824607518,0.24939814434467208,False
2025-03-30 02:00:00,3663.473247232472,94.5,6187.5,28.685,62.48,0.3585435380579442,0.023345566904367256,0.2077044510388346,False
2025-03-30 03:00:00,3663.473247232472,94.5,6118.0,28.685,62.48,0.4325997074683109,0.021771638028917076,0.2477270762205837,False
2025-03-30 04:00:00,4884.630996309963,94.5,6096.3,28.685,62.48,0.4218708108370964,0.02291881403351695,0.24234241227548564,False
2025-03-30 05:00:00,7815.409594095941,94.5,5827.9,28.685,62.48,0.3632285636955227,0.015474082032080637,0.2067390469469738,False
2025-03-30 06:00:00,12455.809040590406,94.5,5304.9,28.685,62.48,0.4144549169240628,0.013727802701969365,0.23412771552412076,False
2025-03-30 07:00:00,15630.819188191885,94.5,5842.2,28.685,62.48,0.30029530365181506,0.0241839018803768,0.17604517285466786,False
2025-03-30 08:00:00,16851.976937269377,94.5,6097.4,28.685,62.48,0.24433911616472515,0.027726549996457513,0.14686346138900472,False
2025-03-30 09:00:00,13676.966789667897,94.5,6797.3,28.685,62.48,0.268863957261407,0.027309717347252817,0.16016454930003762,False
2025-03-30 10:00:00,11478.882841328414,94.5,7616.4,28.685,62.48,0.29889052754604606,0.031921845495428515,0.1787546206232682,False
2025-03-30 11:00:00,10501.95664206642,94.5,7660.6,28.685,62.48,0.28479249312814175,0.022558080097161065,0.16678700726420045,False
2025-03-30 12:00:00,10013.493542435426,94.5,7572.9,28.685,62.48,0.24410977123018812,0.02088028924979962,0.1436565043390133,False
2025-03-30 13:00:00,10257.725092250925,94.5,7408.9,28.685,62.48,0.22808475353405333,0.01842515913365118,0.13373793605387238,False
2025-03-30 14:00:00,10990.419741697417,94.5,7170.1,28.685,62.48,0.25186318605587715,0.024137972858896985,0.14938684011723607,False
2025-03-30 15:00:00,12455.809040590406,94.5,7158.9,28.685,62.48,0.2638728270204698,0.03775983193197946,0.16212197923064917,False
2025-03-30 16:00:00,15386.587638376384,94.5,7146.4,28.685,62.48,0.2602923030054764,0.028331769445052824,0.1559100629032858,False
2025-03-30 17:00:00,18805.82933579336,94.5,6700.6,28.685,62.48,0.3071298866680108,0.01870754884950399,0.17733983464968273,False
2025-03-30 18:00:00,20271.218634686353,94.5,5817.3,28.685,62.48,0.3675118476151581,0.021690345986933816,0.21189217188245718,False
2025-03-30 19:00:00,17340.440036900367,94.5,5905.2,28.685,62.48,0.2108166161887482,0.024347755686961306,0.1269056289629441,False
2025-03-30 20:00:00,13676.966789667897,94.5,5721.799999999999,28.685,62.48,0.18157637228744233,0.01685696464222303,0.10745263884709366,False
2025-03-30 21:00:00,10746.188191881916,94.5,5505.999999999999,28.685,62.48,0.18363829713543556,0.013633875805522843,0.10713630753697485,False
2025-03-30 22:00:00,7815.409594095941,94.5,5706.0,28.685,62.48,0.16626227454880016,0.015899214576127148,0.09859889756109731,False
2025-03-30 23:00:00,6594.251845018451,94.5,5900.400000000001,28.685,62.48,0.1427112377219611,0.019067124027675967,0.08707138655953278,False
2025-03-31 00:00:00,3924.767527675276,95.5,5909.200000000001,27.78,63.3,0.45774960447724516,0.047355507155492235,0.2730722606824564,False
2025-03-31 01:00:00,3211.1734317343166,95.5,6175.5,27.78,63.3,0.3667216704424609,0.024775337984216352,0.21284582083625087,False
2025-03-31 02:00:00,2675.9778597785976,95.5,5743.200000000001,27.78,63.3,0.3603056885062528,0.020271430572877953,0.20729027243623413,False
2025-03-31 03:00:00,2675.9778597785976,95.5,5829.8,27.78,63.3,0.32131226003498187,0.016776851452368863,0.18427132617280603,False
2025-03-31 04:00:00,3567.970479704797,95.5,5806.9,27.78,63.3,0.3118273523109378,0.014089364407143038,0.17784525775423016,False
2025-03-31 05:00:00,5708.752767527676,95.5,5814.3,27.78,63.3,0.3075715701420763,0.01853011147217332,0.17750291374062,False
2025-03-31 06:00:00,9098.324723247231,95.5,5412.200000000001,27.78,63.3,0.2781517333736067,0.009533721634969242,0.15727362809121986,False
2025-03-31 07:00:00,11417.505535055352,95.5,5384.700000000001,27.78,63.3,0.21526155935913616,0.01619049891580815,0.12567958215963856,False
2025-03-31 08:00:00,12309.498154981551,95.5,5772.3,27.78,63.3,0.24690483811331154,0.00718111171579446,0.13902916123442885,False
2025-03-31 09:00:00,9990.31734317343,95.5,6488.500000000001,27.78,63.3,0.3112329823923451,0.004426948372183667,0.17317026708327246,False
2025-03-31 10:00:00,8384.730627306273,95.5,6805.7,27.78,63.3,0.27296415114950145,0.013100915106632895,0.15602569493021062,False
2025-03-31 11:00:00,7671.136531365314,95.5,6754.4,27.78,63.3,0.2737101464400902,0.029641414588124453,0.1638792171067056,False
2025-03-31 12:00:00,7314.339483394836,95.5,6727.499999999999,27.78,63.3,0.24324911263621174,0.028544462846058934,0.14663202023064298,False
2025-03-31 13:00:00,7492.738007380076,95.5,6650.0,27.78,63.3,0.22257462578030335,0.03594517198949638,0.1385913715744402,False
2025-03-31 14:00:00,8027.933579335792,95.5,6512.5,27.78,63.3,0.2232324177976534,0.04523520521112746,0.14313367213371675,False
2025-03-31 15:00:00,9098.324723247231,95.5,6355.0,27.78,63.3,0.30013147842609067,0.05541902483058053,0.19001087430811114,False
2025-03-31 16:00:00,11239.107011070111,95.5,6316.700000000001,27.78,63.3,0.30424789471180624,0.05362344881119784,0.19146689405653247,False
2025-03-31 17:00:00,13736.686346863467,95.5,5818.7,27.78,63.3,0.3379714096164803,0.06238816574614797,0.21395894987483077,False
2025-03-31 18:00:00,14807.077490774913,95.5,4668.2,27.78,63.3,0.4718321230310501,0.10079019469359793,0.3048632552791966,False
2025-03-31 19:00:00,12666.295202952027,95.5,5108.9,27.78,63.3,0.2613337773572281,0.06220885906508368,0.17172756412576312,False
2025-03-31 20:00:00,9990.31734317343,95.5,5061.5,27.78,63.3,0.2335838224273083,0.035597026598950386,0.14448976430454724,False
2025-03-31 21:00:00,7849.535055350552,95.5,4834.4,27.78,63.3,0.23186139872254535,0.04384907715905028,0.14725585401897257,False
2025-03-31 22:00:00,5708.752767527676,95.5,5288.7,27.78,63.3,0.24779186401556236,0.031141647820763067,0.15029926672790267,False
2025-03-31 23:00:00,4816.760147601476,95.5,5420.6,27.78,63.3,0.24027379519793174,0.038962532670684044,0.14968372706067026,False
2025-04-01 00:00:00,6547.029520295202,73.0,5521.8,28.21666666666667,61.44444444444444,0.6009803731088289,0.3860908976040528,0.5042801091316796,True
2025-04-01 01:00:00,5356.660516605165,73.0,5920.0,28.21666666666667,61.44444444444444,0.6341107299022308,0.059347014097886494,0.37546705779027595,False
2025-04-01 02:00:00,4463.883763837638,73.0,5686.0,28.21666666666667,61.44444444444444,0.5831187942834571,0.06437549112832917,0.3496843078636496,False
2025-04-01 03:00:00,4463.883763837638,73.0,5653.8,28.21666666666667,61.44444444444444,0.5762893384006945,0.05295069222468024,0.34078694762148815,False
2025-04-01 04:00:00,5951.845018450184,73.0,5669.7,28.21666666666667,61.44444444444444,0.5626721152940476,0.05743428755718884,0.3353150928124612,False
2025-04-01 05:00:00,9522.952029520296,73.0,5632.6,28.21666666666667,61.44444444444444,0.5178611605675609,0.053733402744922165,0.30900366954737346,False
2025-04-01 06:00:00,15177.204797047969,73.0,5301.6,28.21666666666667,61.44444444444444,0.6002747286231819,0.06466988966319373,0.35925255109118726,False
2025-04-01 07:00:00,19045.90405904059,73.0,5918.58,28.21666666666667,61.44444444444444,0.6511559177978022,0.06474069110315989,0.38726906578521325,False
2025-04-01 08:00:00,20533.865313653136,73.0,6437.3,28.21666666666667,61.44444444444444,0.569574271851869,0.05752071778160728,0.33915017252025126,False
2025-04-01 09:00:00,16665.166051660515,73.0,7475.200000000001,28.21666666666667,61.44444444444444,0.6241485832999528,0.07082719292297646,0.3751539576303135,False
2025-04-01 10:00:00,13986.835793357932,73.0,7885.3,28.21666666666667,61.44444444444444,0.5702466476579855,0.03698389303853281,0.3302784080792318,False
2025-04-01 11:00:00,12796.466789667897,73.0,8056.2,28.21666666666667,61.44444444444444,0.5827222043480926,0.02869942941902447,0.33341195563001197,False
2025-04-01 12:00:00,12201.282287822878,73.0,8000.0,28.21666666666667,61.44444444444444,0.5160410673124051,0.02514239743982129,0.2951366658697424,False
2025-04-01 13:00:00,12498.87453874539,73.0,7758.599999999999,28.21666666666667,61.44444444444444,0.4671181984189412,0.02364943993600221,0.2675572571016187,False
2025-04-01 14:00:00,13391.651291512911,73.0,7558.1,28.21666666666667,61.44444444444444,0.5118615387094714,0.03271618998418113,0.2962461317830908,False
2025-04-01 15:00:00,15177.204797047969,73.0,7568.1,28.21666666666667,61.44444444444444,0.5361722553648703,0.046383157482803354,0.3157671613179402,False
2025-04-01 16:00:00,18748.31180811808,73.0,7681.0,28.21666666666667,61.44444444444444,0.4976271939186496,0.04652148766158171,0.2946296261029691,False
2025-04-01 17:00:00,22914.60332103321,73.0,7201.9,28.21666666666667,61.44444444444444,0.5851319012743207,0.03337851978668768,0.3368428796048859,False
2025-04-01 18:00:00,24700.156826568265,73.0,6351.5,28.21666666666667,61.44444444444444,0.6421684800861167,0.045942300568421204,0.37386669930315375,False
2025-04-01 19:00:00,21129.04981549815,73.0,6067.5,28.21666666666667,61.44444444444444,0.5204003786023104,0.054904717618036565,0.31092733115938714,False
2025-04-01 20:00:00,16665.166051660515,73.0,5892.4,28.21666666666667,61.44444444444444,0.4967397624835994,0.04139238562475546,0.29183344289711965,False
2025-04-01 21:00:00,13094.059040590404,73.0,5689.7,28.21666666666667,61.44444444444444,0.46891696293501983,0.02842613437409183,0.2706960900826022,False
2025-04-01 22:00:00,9522.952029520296,73.0,6052.2,28.21666666666667,61.44444444444444,0.456794315402025,0.039280968080883945,0.2689133091075115,False
2025-04-01 23:00:00,8034.990774907749,73.0,6190.7,28.21666666666667,61.44444444444444,0.36149152146040436,0.032987756759749895,0.2136648273451099,False
2025-04-02 00:00:00,6695.4686346863455,75.0,6115.370000000001,29.305555555555557,60.07777777777778,0.41407457562013816,0.04460769136763557,0.24781447770651202,False
2025-04-02 01:00:00,5478.11070110701,75.0,6346.37,29.305555555555557,60.07777777777778,0.2917265808511885,0.02761971687203812,0.17287849206057085,False
2025-04-02 02:00:00,4565.092250922508,75.0,6147.52,29.305555555555557,60.07777777777778,0.20303947709516673,0.023286074003950732,0.12215044570411954,False
2025-04-02 03:00:00,4565.092250922508,75.0,6141.76,29.305555555555557,60.07777777777778,0.2236752516580312,0.029892052220109547,0.13647281191096647,False
2025-04-02 04:00:00,6086.789667896679,75.0,6084.000000000001,29.305555555555557,60.07777777777778,0.27178672731233716,0.03636843967250686,0.16584849787441355,False
2025-04-02 05:00:00,9738.863468634689,75.0,6074.700000000001,29.305555555555557,60.07777777777778,0.3257457146989965,0.034356049744558026,0.19462036546949918,False
2025-04-02 06:00:00,15521.313653136527,75.0,5699.54,29.305555555555557,60.07777777777778,0.3653438275995038,0.02174317177202826,0.21072353247713982,False
2025-04-02 07:00:00,19477.726937269377,75.0,6138.909999999999,29.305555555555557,60.07777777777778,0.38926999726064704,0.02324926365907074,0.22456066713993772,False
2025-04-02 08:00:00,20999.424354243543,75.0,6558.66,29.305555555555557,60.07777777777778,0.4242653347683057,0.027130562222441642,0.2455546871226669,False
2025-04-02 09:00:00,17043.0110701107,75.0,7510.85,29.305555555555557,60.07777777777778,0.5151924163538819,0.025250769815949283,0.29471867541181224,False
2025-04-02 10:00:00,14303.955719557194,75.0,8047.800000000001,29.305555555555557,60.07777777777778,0.48702044667034305,0.01921473478948483,0.27650787632395685,False
2025-04-02 11:00:00,13086.59778597786,75.0,8020.3,29.305555555555557,60.07777777777778,0.4449075297230786,0.023209858298884993,0.2551435775821915,False
2025-04-02 12:00:00,12477.918819188191,75.0,7970.03,29.305555555555557,60.07777777777778,0.39859954302723044,0.014747082409423622,0.2258659357492174,False
2025-04-02 13:00:00,12782.258302583026,75.0,7892.43,29.305555555555557,60.07777777777778,0.4156873458529251,0.016123368501145898,0.23588355604462447,False
2025-04-02 14:00:00,13695.276752767526,75.0,7678.44,29.305555555555557,60.07777777777778,0.3745684798091947,0.015977036353010447,0.21320233025391183,False
2025-04-02 15:00:00,15521.313653136527,75.0,7670.0,29.305555555555557,60.07777777777778,0.46394891351672457,0.02668959426889637,0.2671822198552019,False
2025-04-02 16:00:00,19173.387453874537,75.0,7676.0,29.305555555555557,60.07777777777778,0.5259912797234378,0.027951085303442934,0.30187319223444015,False
2025-04-02 17:00:00,23434.140221402213,75.0,7167.98,29.305555555555557,60.07777777777778,0.5875800409200721,0.021167536205906307,0.3326944137986975,False
2025-04-02 18:00:00,25260.17712177122,75.0,6095.9,29.305555555555557,60.07777777777778,0.635380015358825,0.03166732120970534,0.36370930299172116,False
2025-04-02 19:00:00,21608.10332103321,75.0,6213.93,29.305555555555557,60.07777777777778,0.4762612917764214,0.029751282750166818,0.27533178771460687,False
2025-04-02 20:00:00,17043.0110701107,75.0,5917.9,29.305555555555557,60.07777777777778,0.4757289474155422,0.012537177991407411,0.2672926511746816,False
2025-04-02 21:00:00,13390.937269372693,75.0,5725.34,29.305555555555557,60.07777777777778,0.4242451438188967,0.014669076706491691,0.23993591361831448,False
2025-04-02 22:00:00,9738.863468634689,75.0,6164.0599999999995,29.305555555555557,60.07777777777778,0.42884345746654084,0.028841894228844287,0.24884275400957742,False
2025-04-02 23:00:00,8217.166051660517,75.0,5986.25,29.305555555555557,60.07777777777778,0.29626152469648376,0.03395803856049814,0.17822495593529022,False
2025-04-03 00:00:00,3798.348708487084,82.0,6349.1,29.011111111111113,58.1888888888889,0.7498906760262654,0.1945860003536085,0.5000035719735698,True
2025-04-03 01:00:00,3107.7398523985235,82.0,6352.1,29.011111111111113,58.1888888888889,0.4391231521981839,0.13261230976644311,0.30119327310390054,False
2025-04-03 02:00:00,2589.783210332103,82.0,6187.9,29.011111111111113,58.1888888888889,0.4426046057466826,0.0887332608477982,0.28336250054218465,False
2025-04-03 03:00:00,2589.783210332103,82.0,5941.6,29.011111111111113,58.1888888888889,0.4603312762218503,0.061556242075336984,0.2808825108559193,False
2025-04-03 04:00:00,3453.0442804428044,82.0,6029.0,29.011111111111113,58.1888888888889,0.41621906492786553,0.05062490591067288,0.2517016933701289,False
2025-04-03 05:00:00,5524.870848708487,82.0,5833.3,29.011111111111113,58.1888888888889,0.4649529339530125,0.037320045855687226,0.2725181343092162,False
2025-04-03 06:00:00,8805.26291512915,82.0,5428.3,29.011111111111113,58.1888888888889,0.3995803201648167,0.03714357962457845,0.2364837869217095,False
2025-04-03 07:00:00,11049.741697416974,82.0,6249.299999999999,29.011111111111113,58.1888888888889,0.37264484976770773,0.036388586552293975,0.22132953132077157,False
2025-04-03 08:00:00,11913.002767527674,82.0,6765.8,29.011111111111113,58.1888888888889,0.40629416720491923,0.03559627712753064,0.2394801166700944,False
2025-04-03 09:00:00,9668.523985239852,82.0,6931.9,29.011111111111113,58.1888888888889,0.3415430283701822,0.03577912890063208,0.20394927360888465,False
2025-04-03 10:00:00,8114.654059040589,82.0,7876.6,29.011111111111113,58.1888888888889,0.46526411405160606,0.035019211011684565,0.2716539076836414,False
2025-04-03 11:00:00,7424.045202952029,82.0,7916.0,29.011111111111113,58.1888888888889,0.42244661494314406,0.03382324853291983,0.24756610005854318,False
2025-04-03 12:00:00,7078.740774907749,82.0,7806.0,29.011111111111113,58.1888888888889,0.3831763508755867,0.035415107245525594,0.22668379124205923,False
2025-04-03 13:00:00,7251.39298892989,82.0,7898.1,29.011111111111113,58.1888888888889,0.42162691762289356,0.02926944616271761,0.2450660554658144,False
2025-04-03 14:00:00,7769.349630996308,82.0,7749.3,29.011111111111113,58.1888888888889,0.403877878953098,0.01841751739727287,0.23042071625297672,False
2025-04-03 15:00:00,8805.26291512915,82.0,7780.8,29.011111111111113,58.1888888888889,0.4109672608988325,0.02437124964650726,0.23699905583528616,False
2025-04-03 16:00:00,10877.089483394831,82.0,7811.5,29.011111111111113,58.1888888888889,0.4419259726922914,0.0340774787242282,0.25839415040666297,False
2025-04-03 17:00:00,13294.220479704796,82.0,7088.8,29.011111111111113,58.1888888888889,0.5445809494996929,0.04398731179141637,0.3193138125309685,False
2025-04-03 18:00:00,14330.13376383764,82.0,6082.7,29.011111111111113,58.1888888888889,0.5355061191463332,0.05677170861393063,0.3200756344067521,False
2025-04-03 19:00:00,12258.307195571952,82.0,6164.4,29.011111111111113,58.1888888888889,0.3006134110828181,0.03529798379305344,0.181221468802424,False
2025-04-03 20:00:00,9668.523985239852,82.0,5985.0,29.011111111111113,58.1888888888889,0.2747300456083827,0.01236478383554488,0.1566656778106057,False
2025-04-03 21:00:00,7596.697416974168,82.0,5785.799999999999,29.011111111111113,58.1888888888889,0.299843108891371,0.013951330432145213,0.1711918085847194,False
2025-04-03 22:00:00,5524.870848708487,82.0,6318.08,29.011111111111113,58.1888888888889,0.3801698631514553,0.029776198078816925,0.22249271386876804,False
2025-04-03 23:00:00,4661.609778597785,82.0,6548.9,29.011111111111113,58.1888888888889,0.30010451226511053,0.0293814213697185,0.17827912136218413,False
2025-04-04 00:00:00,4956.5147601476,70.0,6156.08,29.14444444444445,55.62222222222223,0.6386619137462302,0.1003666322437083,0.39642903707009536,False
2025-04-04 01:00:00,4055.3302583025825,70.0,6216.16,29.14444444444445,55.62222222222223,0.49712027726547076,0.027061409233546326,0.2855937866511048,False
2025-04-04 02:00:00,3379.4418819188186,70.0,5969.04,29.14444444444445,55.62222222222223,0.4903054686055827,0.02061538159244855,0.27894492944967236,False
2025-04-04 03:00:00,3379.4418819188186,70.0,5929.620000000001,29.14444444444445,55.62222222222223,0.45919014767891064,0.020002527723762167,0.26155571869909383,False
2025-04-04 04:00:00,4505.922509225093,70.0,6097.11,29.14444444444445,55.62222222222223,0.5115173009805314,0.028949546206357066,0.29436181133215295,False
2025-04-04 05:00:00,7209.476014760147,70.0,5875.46,29.14444444444445,55.62222222222223,0.49436400211543435,0.019995282596810233,0.2808980783320535,False
2025-04-04 06:00:00,11490.102398523984,70.0,5604.0,29.14444444444445,55.62222222222223,0.4794055216278694,0.014713670025753103,0.2702941884069171,False
2025-04-04 07:00:00,14418.952029520296,70.0,6359.099999999999,29.14444444444445,55.62222222222223,0.4984873066069514,0.023564930014507525,0.28477223714035166,False
2025-04-04 08:00:00,15545.432656826568,70.0,6832.21,29.14444444444445,55.62222222222223,0.4742169425671009,0.015148565465015681,0.2676361728711626,False
2025-04-04 09:00:00,12616.583025830258,70.0,7453.65,29.14444444444445,55.62222222222223,0.44271577021517383,0.01777375285958129,0.2514918624051572,False
2025-04-04 10:00:00,10588.917896678966,70.0,7945.76,29.14444444444445,55.62222222222223,0.5376999428754594,0.021158728859217324,0.3052563965681505,False
2025-04-04 11:00:00,9687.733394833947,70.0,8186.13,29.14444444444445,55.62222222222223,0.5879926693404633,0.02158933868469268,0.33311117054536654,False
2025-04-04 12:00:00,9237.14114391144,70.0,7866.57,29.14444444444445,55.62222222222223,0.49317919578380587,0.021894089951509987,0.28110089815927275,False
2025-04-04 13:00:00,9462.437269372696,70.0,7754.0,29.14444444444445,55.62222222222223,0.47724165253014583,0.017659003636318192,0.2704294605279234,False
2025-04-04 14:00:00,10138.325645756457,70.0,7756.88,29.14444444444445,55.62222222222223,0.48304902469282035,0.022657864730187646,0.27587300270963566,False
2025-04-04 15:00:00,11490.102398523984,70.0,7709.08,29.14444444444445,55.62222222222223,0.4662012259943855,0.029718505753296775,0.26978400188589563,False
2025-04-04 16:00:00,14193.65590405904,70.0,7700.98,29.14444444444445,55.62222222222223,0.5507378844731754,0.028019901611671578,0.3155147921854987,False
2025-04-04 17:00:00,17347.801660516605,70.0,7235.18,29.14444444444445,55.62222222222223,0.5143152589312279,0.022446159643450484,0.29297416425172806,False
2025-04-04 18:00:00,18699.578413284133,70.0,5841.280000000001,29.14444444444445,55.62222222222223,0.5689927994079813,0.05282990478614533,0.3367194968281551,False
2025-04-04 19:00:00,15996.024907749072,70.0,6220.96,29.14444444444445,55.62222222222223,0.3532787386849854,0.049187316917395044,0.21643759888956973,False
2025-04-04 20:00:00,12616.583025830258,70.0,6008.67,29.14444444444445,55.62222222222223,0.342504298672126,0.014955827141834497,0.19510748648349482,False
2025-04-04 21:00:00,9913.0295202952,70.0,5811.0599999999995,29.14444444444445,55.62222222222223,0.3088301229091256,0.014851919690164337,0.17653993146059302,False
2025-04-04 22:00:00,7209.476014760147,70.0,6237.24,29.14444444444445,55.62222222222223,0.34292953091807904,0.02177697604619692,0.19841088122573208,False
2025-04-04 23:00:00,6082.995387453874,70.0,6347.68,29.14444444444445,55.62222222222223,0.3131701907774749,0.02042747378610836,0.18143596813135998,False
2025-04-05 00:00:00,3946.016605166051,74.0,6235.35,29.466666666666665,51.5,0.5413772868079813,0.032817252154416686,0.3125252712138772,False
2025-04-05 01:00:00,3228.5590405904054,74.0,6475.16,29.466666666666665,51.5,0.41901310692305166,0.019320584868136217,0.23915147199833972,False
2025-04-05 02:00:00,2690.4658671586712,74.0,6205.71,29.466666666666665,51.5,0.4472050434932638,0.01844363787856938,0.2542624109666513,False
2025-04-05 03:00:00,2690.4658671586712,74.0,6142.299999999999,29.466666666666665,51.5,0.42792712706647706,0.017878733521725046,0.24340534997133867,False
2025-04-05 04:00:00,3587.287822878229,74.0,6259.46,29.466666666666665,51.5,0.4566058822851524,0.022250236897926608,0.26114584186090084,False
2025-04-05 05:00:00,5739.660516605166,74.0,6179.79,29.466666666666665,51.5,0.4566584038161024,0.0260954156116542,0.2629050591241007,False
2025-04-05 06:00:00,9147.583948339485,74.0,5736.49,29.466666666666665,51.5,0.4434821351360154,0.014738513334846833,0.2505475053254896,False
2025-04-05 07:00:00,11479.321033210332,74.0,6140.84,29.466666666666665,51.5,0.404127515825934,0.013285439652277478,0.22824858154778857,False
2025-04-05 08:00:00,12376.142988929889,74.0,6637.92,29.466666666666665,51.5,0.43891237156063334,0.012745996241015696,0.24713750266680543,False
2025-04-05 09:00:00,10044.40590405904,74.0,7263.2,29.466666666666665,51.5,0.47778096789465385,0.01230868603212728,0.2683184410565169,False
2025-04-05 10:00:00,8430.126383763836,74.0,7995.04,29.466666666666665,51.5,0.5869560037255215,0.021440037808996015,0.33247381906308504,False
2025-04-05 11:00:00,7712.668819188191,74.0,7996.780000000001,29.466666666666665,51.5,0.5922259650411201,0.023382885662004124,0.336246579320518,False
2025-04-05 12:00:00,7353.940036900369,74.0,7925.68,29.466666666666665,51.5,0.5288020623598585,0.01732672860839028,0.2986381621716978,False
2025-04-05 13:00:00,7533.304428044281,74.0,7750.58,29.466666666666665,51.5,0.532674215680306,0.014069089342752257,0.29930190882840685,False
2025-04-05 14:00:00,8071.397601476014,74.0,7701.39,29.466666666666665,51.5,0.521204406185417,0.006451703037771165,0.28956568976897634,False
2025-04-05 15:00:00,9147.583948339485,74.0,7704.01,29.466666666666665,51.5,0.5297213188654573,0.017799989415762846,0.2993567206130948,False
2025-04-05 16:00:00,11299.95664206642,74.0,7693.35,29.466666666666665,51.5,0.6163153756394161,0.02024114031548425,0.3480819697436468,False
2025-04-05 17:00:00,13811.05811808118,74.0,7387.28,29.466666666666665,51.5,0.6290552266893442,0.023825832218850852,0.35670199917762224,False
2025-04-05 18:00:00,14887.24446494465,74.0,6060.8,29.466666666666665,51.5,0.6320458419185544,0.057234326354067735,0.3733806599145354,False
2025-04-05 19:00:00,12734.87177121771,74.0,6194.98,29.466666666666665,51.5,0.42147382840051506,0.03172587062300975,0.2460872474006377,False
2025-04-05 20:00:00,10044.40590405904,74.0,6017.09,29.466666666666665,51.5,0.38999164654084445,0.01229332328747838,0.22002740107682975,False
2025-04-05 21:00:00,7892.033210332102,74.0,6224.49,29.466666666666665,51.5,0.436179564269397,0.017858798684059988,0.24793521975599536,False
2025-04-05 22:00:00,5739.660516605166,74.0,6070.33,29.466666666666665,51.5,0.4540399742239178,0.018598454342036087,0.25809129027707106,False
2025-04-05 23:00:00,4842.838560885609,74.0,6275.17,29.466666666666665,51.5,0.4465079141523788,0.02714793197009312,0.25779592217035024,False
2025-04-06 00:00:00,5029.374538745386,89.0,6245.4,29.772222222222226,50.5,0.7079863742898891,0.02292295040287306,0.3997078335407319,False
2025-04-06 01:00:00,4114.942804428044,89.0,6478.76,29.772222222222226,50.5,0.6528690099851351,0.03318263188127017,0.37401013983839587,False
2025-04-06 02:00:00,3429.119003690037,89.0,6192.37,29.772222222222226,50.5,0.67098215458423,0.0317685433032354,0.3833360295077825,False
2025-04-06 03:00:00,3429.119003690037,89.0,6086.72,29.772222222222226,50.5,0.6765418893156241,0.02418743551046818,0.38298238510330396,False
2025-04-06 04:00:00,4572.158671586716,89.0,6229.99,29.772222222222226,50.5,0.6421335650913536,0.028811801107276238,0.3661387712985188,False
2025-04-06 05:00:00,7315.453874538746,89.0,6121.84,29.772222222222226,50.5,0.6140487402673626,0.029089407359906175,0.35081704045900725,False
2025-04-06 06:00:00,11659.004612546123,89.0,5862.4400000000005,29.772222222222226,50.5,0.6327997665962396,0.021219249862114778,0.3575885340658835,False
2025-04-06 07:00:00,14630.907749077493,89.0,5987.9,29.772222222222226,50.5,0.6063707865987775,0.02151666852484127,0.3431864334655062,False
2025-04-06 08:00:00,15773.947416974172,89.0,6249.9,29.772222222222226,50.5,0.5546364190782815,0.030292974499654523,0.3186818690178994,False
2025-04-06 09:00:00,12802.044280442802,89.0,7086.200000000001,29.772222222222226,50.5,0.6913616309421918,0.030388264024244573,0.39392361582911556,False
2025-04-06 10:00:00,10744.572878228782,89.0,7744.200000000001,29.772222222222226,50.5,0.697887609396767,0.02909328357805425,0.3969301627783463,False
2025-04-06 11:00:00,9830.14114391144,89.0,7819.099999999999,29.772222222222226,50.5,0.7279360366339043,0.025410397881289803,0.4117994991952278,False
2025-04-06 12:00:00,9372.925276752769,89.0,7736.2,29.772222222222226,50.5,0.6688476731779632,0.020155402798424878,0.37693615150717097,False
2025-04-06 13:00:00,9601.533210332103,89.0,7575.200000000001,29.772222222222226,50.5,0.6873778083995963,0.017868091079655146,0.38609843560562285,False
2025-04-06 14:00:00,10287.35701107011,89.0,7282.4,29.772222222222226,50.5,0.5840566401972483,0.021081371444589308,0.33071776925855184,False
2025-04-06 15:00:00,11659.004612546123,89.0,7390.0,29.772222222222226,50.5,0.5491486803060641,0.032623013629400774,0.31671213030156564,False
2025-04-06 16:00:00,14402.299815498156,89.0,7456.5,29.772222222222226,50.5,0.6278867672309251,0.025847430293306262,0.3569690656089966,False
2025-04-06 17:00:00,17602.810885608855,89.0,6694.3,29.772222222222226,50.5,0.6725472829313903,0.026004506777198472,0.381603033662004,False
2025-04-06 18:00:00,18974.45848708487,89.0,5810.5,29.772222222222226,50.5,0.6488291669680865,0.02255437163267342,0.3670055090671506,False
2025-04-06 19:00:00,16231.163284132836,89.0,5812.3,29.772222222222226,50.5,0.5068687427307658,0.02194507275919753,0.2886530912435601,False
2025-04-06 20:00:00,12802.044280442802,89.0,5700.9,29.772222222222226,50.5,0.4478380198661672,0.010715139656634644,0.25113272377187756,False
2025-04-06 21:00:00,10058.749077490773,89.0,5708.9,29.772222222222226,50.5,0.42992115905536243,0.014143467296108988,0.2428211977636984,False
2025-04-06 22:00:00,7315.453874538746,89.0,5836.4,29.772222222222226,50.5,0.3838099271485873,0.016071345952522877,0.21832756561035835,False
2025-04-06 23:00:00,6172.414206642067,89.0,5993.4,29.772222222222226,50.5,0.4211339792136194,0.03517121111302071,0.24745073356835,False
2025-04-07 00:00:00,5230.094095940958,76.0,6070.66,29.427777777777777,51.733333333333334,0.6683702147358183,0.12280994579462264,0.42286809371228024,False
2025-04-07 01:00:00,4279.167896678966,76.0,6290.55,29.427777777777777,51.733333333333334,0.5756016300062424,0.022139619106654372,0.3265437251014278,False
2025-04-07 02:00:00,3565.973247232472,76.0,5997.5199999999995,29.427777777777777,51.733333333333334,0.548206443773702,0.021093525683540476,0.3110056306331293,False
2025-04-07 03:00:00,3565.973247232472,76.0,5989.39,29.427777777777777,51.733333333333334,0.5477648853204489,0.015659946289770608,0.3083176627566437,False
2025-04-07 04:00:00,4754.630996309963,76.0,6086.719999999999,29.427777777777777,51.733333333333334,0.5714671262859633,0.02630448456986093,0.3261439375137173,False
2025-04-07 05:00:00,7607.409594095941,76.0,6080.69,29.427777777777777,51.733333333333334,0.5597544824864293,0.025503585562848995,0.3193415788708182,False
2025-04-07 06:00:00,12124.309040590406,76.0,5506.25,29.427777777777777,51.733333333333334,0.5432496939323967,0.017910526460829246,0.3068470685701914,False
2025-04-07 07:00:00,15214.819188191885,76.0,5646.950000000001,29.427777777777777,51.733333333333334,0.47381956358410804,0.020439355000888556,0.2697984697216593,False
2025-04-07 08:00:00,16403.476937269377,76.0,5916.320000000001,29.427777777777777,51.733333333333334,0.4667872647761624,0.0169267050627495,0.2643500129051266,False
2025-04-07 09:00:00,13312.966789667897,76.0,6430.86,29.427777777777777,51.733333333333334,0.44452671095559126,0.025783124342436996,0.2560920969796719,False
2025-04-07 10:00:00,11173.382841328414,76.0,6984.26,29.427777777777777,51.733333333333334,0.5087597130476416,0.026700609396925746,0.29183311640481946,False
2025-04-07 11:00:00,10222.45664206642,76.0,7029.51,29.427777777777777,51.733333333333334,0.5043322179585429,0.03158125582490132,0.2915942849984042,False
2025-04-07 12:00:00,9746.993542435426,76.0,6977.62,29.427777777777777,51.733333333333334,0.4537959147453137,0.01824645742798004,0.2577986589525136,False
2025-04-07 13:00:00,9984.725092250925,76.0,6944.099999999999,29.427777777777777,51.733333333333334,0.421081069624321,0.013409883019543923,0.23762903565217133,False
2025-04-07 14:00:00,10697.919741697417,76.0,6690.599999999999,29.427777777777777,51.733333333333334,0.3866342452169226,0.015267983004901144,0.21951942722151296,False
2025-04-07 15:00:00,12124.309040590406,76.0,6635.5,29.427777777777777,51.733333333333334,0.4131346731244284,0.02631411687990876,0.2390654228143946,False
2025-04-07 16:00:00,14977.087638376384,76.0,6576.7,29.427777777777777,51.733333333333334,0.47760927748876536,0.023648148100204235,0.27332676926391286,False
2025-04-07 17:00:00,18305.32933579336,76.0,5958.5,29.427777777777777,51.733333333333334,0.5478526680543281,0.02318270412600067,0.3117511842865808,False
2025-04-07 18:00:00,19731.718634686353,76.0,4913.1,29.427777777777777,51.733333333333334,0.6633334753234246,0.05119771020235401,0.38787238101894284,False
2025-04-07 19:00:00,16878.940036900367,76.0,5232.9,29.427777777777777,51.733333333333334,0.4616069756909565,0.036404730444649966,0.2702659653301186,False
2025-04-07 20:00:00,13312.966789667897,76.0,5154.1,29.427777777777777,51.733333333333334,0.40896573765132616,0.01598068263034687,0.2321224628918855,False
2025-04-07 21:00:00,10460.188191881916,76.0,5154.3,29.427777777777777,51.733333333333334,0.3893949038498986,0.02159814939964298,0.2238863643472836,False
2025-04-07 22:00:00,7607.409594095941,76.0,5436.0,29.427777777777777,51.733333333333334,0.3823645268789688,0.01393286163578272,0.21657027751953511,False
2025-04-07 23:00:00,6418.751845018451,76.0,5595.0,29.427777777777777,51.733333333333334,0.32642334167169124,0.02108251540288049,0.18901996985072642,False
2025-04-08 00:00:00,7556.81734317343,69.0,5676.15,29.28333333333333,54.422222222222224,0.5688036253249196,0.023267739609513984,0.3233124767529871,False
2025-04-08 01:00:00,6182.850553505534,69.0,6066.57,29.28333333333333,54.422222222222224,0.5063142286909003,0.02844468345526176,0.2912729333348629,False
2025-04-08 02:00:00,5152.375461254612,69.0,5919.49,29.28333333333333,54.422222222222224,0.4228559785872589,0.03798244442198376,0.2496628882128851,False
2025-04-08 03:00:00,5152.375461254612,69.0,5806.54,29.28333333333333,54.422222222222224,0.3830594279506855,0.03232901251392072,0.22523074100414137,False
2025-04-08 04:00:00,6869.833948339483,69.0,5922.219999999999,29.28333333333333,54.422222222222224,0.3935985761196007,0.03490297750110521,0.23218555674127775,False
2025-04-08 05:00:00,10991.734317343173,69.0,5997.93,29.28333333333333,54.422222222222224,0.3582687001649624,0.02979321207159504,0.21045473052294708,False
2025-04-08 06:00:00,17518.076568265682,69.0,5684.96,29.28333333333333,54.422222222222224,0.47708310629945916,0.031305533801884125,0.27648319867555043,False
2025-04-08 07:00:00,21983.468634686345,69.0,5934.4,29.28333333333333,54.422222222222224,0.5314041350710857,0.0280210301841194,0.30488173787195094,False
2025-04-08 08:00:00,23700.927121771216,69.0,6380.68,29.28333333333333,54.422222222222224,0.5960959937957102,0.02876403578015428,0.3407966126887101,False
2025-04-08 09:00:00,19235.535055350552,69.0,7074.32,29.28333333333333,54.422222222222224,0.651528796762879,0.04011544276003579,0.37639278746159954,False
2025-04-08 10:00:00,16144.109778597784,69.0,8011.27,29.28333333333333,54.422222222222224,0.7136936494390298,0.05132135202070928,0.41562611560078555,False
2025-04-08 11:00:00,14770.142988929889,69.0,8022.66,29.28333333333333,54.422222222222224,0.6489313932471695,0.020840258204104258,0.36629038247779017,False
2025-04-08 12:00:00,14083.15959409594,69.0,7873.91,29.28333333333333,54.422222222222224,0.5748527491140853,0.012324923904324218,0.32171522776969286,False
2025-04-08 13:00:00,14426.651291512915,69.0,7745.36,29.28333333333333,54.422222222222224,0.5358942805169763,0.012517280850045852,0.3003746306668576,False
2025-04-08 14:00:00,15457.126383763834,69.0,7655.369999999999,29.28333333333333,54.422222222222224,0.5211784299367223,0.020793034309827544,0.29600500190461965,False
2025-04-08 15:00:00,17518.076568265682,69.0,7719.860000000001,29.28333333333333,54.422222222222224,0.5295472899048481,0.034493905818168094,0.3067732670658421,False
2025-04-08 16:00:00,21639.97693726937,69.0,7716.28,29.28333333333333,54.422222222222224,0.6227264177942984,0.023062948258071418,0.3528778565029963,False
2025-04-08 17:00:00,26448.86070110701,69.0,7231.21,29.28333333333333,54.422222222222224,0.7688399134853166,0.016224847862370457,0.43016313395499084,False
2025-04-08 18:00:00,27554.309963099622,69.0,6166.719999999999,29.28333333333333,54.422222222222224,0.9164706032566721,0.03167906783645519,0.5183144123175746,True
2025-04-08 19:00:00,24387.91051660516,69.0,6056.26,29.28333333333333,54.422222222222224,0.7937730350395525,0.025935553835560645,0.4482461684977562,False
2025-04-08 20:00:00,19235.535055350552,69.0,5905.34,29.28333333333333,54.422222222222224,0.7543457582223828,0.025977366968760105,0.4265799821582526,False
2025-04-08 21:00:00,15113.63468634686,69.0,5633.82,29.28333333333333,54.422222222222224,0.6972245102754253,0.014408080243400182,0.389957116761014,False
2025-04-08 22:00:00,10991.734317343173,69.0,5903.5599999999995,29.28333333333333,54.422222222222224,0.6256947698146441,0.020884673323841536,0.35353022639378295,False
2025-04-08 23:00:00,9274.275830258302,69.0,6243.889999999999,29.28333333333333,54.422222222222224,0.6215751200790982,0.024947059426583314,0.3530924927854665,False
2025-04-09 00:00:00,5320.245387453873,70.0,6143.5599999999995,28.37777777777778,57.666666666666664,0.807133641074405,0.06475768095354184,0.4730644590200166,False
2025-04-09 01:00:00,4352.928044280442,70.0,6241.49,28.37777777777778,57.666666666666664,0.6044775471256194,0.020428437802981467,0.3416554479304324,False
2025-04-09 02:00:00,3627.440036900368,70.0,6052.5,28.37777777777778,57.666666666666664,0.5292144166053155,0.015513100699910947,0.2980488244478835,False
2025-04-09 03:00:00,3627.440036900368,70.0,6010.61,28.37777777777778,57.666666666666664,0.5614722821805987,0.015738469558735067,0.3158920665007601,False
2025-04-09 04:00:00,4836.586715867159,70.0,6020.3099999999995,28.37777777777778,57.666666666666664,0.5693474574843483,0.02158299766071972,0.3228534505637155,False
2025-04-09 05:00:00,7738.538745387454,70.0,6005.43,28.37777777777778,57.666666666666664,0.603923470877516,0.02362684476075459,0.3427899891249734,False
2025-04-09 06:00:00,12333.296125461253,70.0,5568.889999999999,28.37777777777778,57.666666666666664,0.5356483350288137,0.018793996991696617,0.30306388291211106,False
2025-04-09 07:00:00,15477.077490774907,70.0,5691.13,28.37777777777778,57.666666666666664,0.45207188421905786,0.04040422746194801,0.26682143867835845,False
2025-04-09 08:00:00,16686.224169741698,70.0,5895.37,28.37777777777778,57.666666666666664,0.41946102337839697,0.031140594088170614,0.24471683019779514,False
2025-04-09 09:00:00,13542.442804428045,70.0,6267.93,28.37777777777778,57.666666666666664,0.4045718277603856,0.03820528371506395,0.23970688293999087,False
2025-04-09 10:00:00,11365.978782287822,70.0,7139.22,28.37777777777778,57.666666666666664,0.46766061622007904,0.02630479759072084,0.26905049783686785,False
2025-04-09 11:00:00,10398.66143911439,70.0,7107.38,28.37777777777778,57.666666666666664,0.40686717788606985,0.041762873764449,0.24257024103134048,False
2025-04-09 12:00:00,9915.002767527676,70.0,6823.41,28.37777777777778,57.666666666666664,0.30043306562392874,0.04730845173555814,0.18652698937416198,False
2025-04-09 13:00:00,10156.832103321034,70.0,6799.08,28.37777777777778,57.666666666666664,0.2694609254516423,0.031928940258044936,0.16257153211452352,False
2025-04-09 14:00:00,10882.320110701105,70.0,6586.92,28.37777777777778,57.666666666666664,0.22744471174252467,0.02572869687508608,0.13667250505217732,False
2025-04-09 15:00:00,12333.296125461253,70.0,6399.8,28.37777777777778,57.666666666666664,0.2776900836165861,0.032399847022704716,0.16730947714933947,False
2025-04-09 16:00:00,15235.24815498155,70.0,6396.41,28.37777777777778,57.666666666666664,0.34916998067572963,0.04526273463153477,0.21241171995584196,False
2025-04-09 17:00:00,18620.85885608856,70.0,5874.71,28.37777777777778,57.666666666666664,0.47955883515045195,0.06234969153296159,0.2918147205225813,False
2025-04-09 18:00:00,20071.83487084871,70.0,4936.86,28.37777777777778,57.666666666666664,0.5185002559226874,0.08554674437120871,0.32367117572452203,False
2025-04-09 19:00:00,17169.88284132841,70.0,5118.01,28.37777777777778,57.666666666666664,0.358885082849874,0.04710319383214413,0.21858323279189557,False
2025-04-09 20:00:00,13542.442804428045,70.0,5011.42,28.37777777777778,57.666666666666664,0.2982033418596954,0.024220323289719316,0.17491098350320616,False
2025-04-09 21:00:00,10640.490774907748,70.0,4934.14,28.37777777777778,57.666666666666664,0.2766682551670993,0.029673768272191797,0.16552073606439094,False
2025-04-09 22:00:00,7738.538745387454,70.0,5353.18,28.37777777777778,57.666666666666664,0.286731939271833,0.023050885506921,0.1680754650776226,False
2025-04-09 23:00:00,6529.392066420664,70.0,5697.99,28.37777777777778,57.666666666666664,0.28506419173213166,0.025489547810224767,0.16825560196727357,False
2025-04-10 00:00:00,6402.568265682656,81.0,5652.79,28.183333333333337,59.67777777777778,0.4413739681817157,0.030747432813451093,0.25659202726599667,False
2025-04-10 01:00:00,5238.464944649446,81.0,5911.27,28.183333333333337,59.67777777777778,0.3662640213495959,0.03558292724219411,0.2174575290012651,False
2025-04-10 02:00:00,4365.387453874539,81.0,5677.570000000001,28.183333333333337,59.67777777777778,0.31732288865023917,0.032773390893354376,0.18927561465964102,False
2025-04-10 03:00:00,4365.387453874539,81.0,5707.2,28.183333333333337,59.67777777777778,0.3217971766841771,0.025315220609245088,0.18838029645045773,False
2025-04-10 04:00:00,5820.516605166052,81.0,5804.68,28.183333333333337,59.67777777777778,0.35986220684651204,0.032565682305542326,0.2125787708030757,False
2025-04-10 05:00:00,9312.826568265682,81.0,5660.66,28.183333333333337,59.67777777777778,0.2945429764639815,0.02589736880328568,0.17365245301666837,False
2025-04-10 06:00:00,14842.31734317343,81.0,5255.08,28.183333333333337,59.67777777777778,0.36674464829604503,0.024801731711995418,0.2128703358332227,False
2025-04-10 07:00:00,18625.653136531364,81.0,5582.4800000000005,28.183333333333337,59.67777777777778,0.32080106270606057,0.01919778034623924,0.18507958564414098,False
2025-04-10 08:00:00,20080.782287822876,81.0,6143.12,28.183333333333337,59.67777777777778,0.4048038587192535,0.011566582222058874,0.22784708429551592,False
2025-04-10 09:00:00,16297.446494464944,81.0,6989.43,28.183333333333337,59.67777777777778,0.4381011377392402,0.022950873299559322,0.2512835187413838,False
2025-04-10 10:00:00,13678.21402214022,81.0,7538.490000000001,28.183333333333337,59.67777777777778,0.37871134020222563,0.017801858436771928,0.21630207340777147,False
2025-04-10 11:00:00,12514.11070110701,81.0,7589.0,28.183333333333337,59.67777777777778,0.3601709389679503,0.014748205201632121,0.20473070877310717,False
2025-04-10 12:00:00,11932.059040590406,81.0,7521.12,28.183333333333337,59.67777777777778,0.27192333017624276,0.011499518197007324,0.15473261478558684,False
2025-04-10 13:00:00,12223.08487084871,81.0,7428.07,28.183333333333337,59.67777777777778,0.19103291723417876,0.011178924961839334,0.11009862071162603,False
2025-04-10 14:00:00,13096.162361623614,81.0,7118.01,28.183333333333337,59.67777777777778,0.17939637700050337,0.014613045126534618,0.10524387765721745,False
2025-04-10 15:00:00,14842.31734317343,81.0,7258.459999999999,28.183333333333337,59.67777777777778,0.2391390815623804,0.029845684068147454,0.14495705268997558,False
2025-04-10 16:00:00,18334.62730627306,81.0,7014.0,28.183333333333337,59.67777777777778,0.23706130794721253,0.01002768778640658,0.13489617887484986,False
2025-04-10 17:00:00,22408.988929889296,81.0,6439.710000000001,28.183333333333337,59.67777777777778,0.3814592544402682,0.007916673442263097,0.2133650929911659,False
2025-04-10 18:00:00,24155.14391143911,81.0,5723.280000000001,28.183333333333337,59.67777777777778,0.4014139897551283,0.01042458474567231,0.22546875750087314,False
2025-04-10 19:00:00,20662.83394833948,81.0,5603.07,28.183333333333337,59.67777777777778,0.34897316648462934,0.010531559551031976,0.19667444336451054,False
2025-04-10 20:00:00,16297.446494464944,81.0,5349.91,28.183333333333337,59.67777777777778,0.3095280612035865,0.005146982424918276,0.1725565757531858,False
2025-04-10 21:00:00,12805.136531365311,81.0,5237.889999999999,28.183333333333337,59.67777777777778,0.3130702073589451,0.010553623916066984,0.17693774480964994,False
2025-04-10 22:00:00,9312.826568265682,81.0,5617.0599999999995,28.183333333333337,59.67777777777778,0.2577039020221517,0.017575077119319302,0.14964593081587715,False
2025-04-10 23:00:00,7857.69741697417,81.0,5843.82,28.183333333333337,59.67777777777778,0.2206408191869509,0.019484066307316333,0.13012028039111534,False
2025-04-11 00:00:00,7119.00922509225,66.0,5849.469999999999,28.35,57.111111111111114,0.48229826185893965,0.1341616652563039,0.3256367933877536,False
2025-04-11 01:00:00,5824.643911439113,66.0,6086.78,28.35,57.111111111111114,0.3431495758000609,0.03321765609904651,0.20368021193460445,False
2025-04-11 02:00:00,4853.8699261992615,66.0,5808.68,28.35,57.111111111111114,0.27347976809150765,0.029724710314999157,0.16378999209207884,False
2025-04-11 03:00:00,4853.8699261992615,66.0,5805.75,28.35,57.111111111111114,0.2986836065832619,0.02792326045716968,0.1768414508265204,False
2025-04-11 04:00:00,6471.826568265683,66.0,5826.56,28.35,57.111111111111114,0.35333860373876536,0.03309167243927132,0.20922748465399307,False
2025-04-11 05:00:00,10354.922509225093,66.0,5800.71,28.35,57.111111111111114,0.36490459740498976,0.025841910498089777,0.2123263882968848,False
2025-04-11 06:00:00,16503.157749077487,66.0,5128.780000000001,28.35,57.111111111111114,0.4634277402296672,0.029866996167786954,0.2683254054018211,False
2025-04-11 07:00:00,20709.845018450185,66.0,5718.33,28.35,57.111111111111114,0.5106280127434539,0.03319455424322325,0.2957829564183502,False
2025-04-11 08:00:00,22327.801660516605,66.0,6104.62,28.35,57.111111111111114,0.43315815764545784,0.030627460371720063,0.25201934387227587,False
2025-04-11 09:00:00,18121.11439114391,66.0,7115.75,28.35,57.111111111111114,0.5700629049577539,0.02547314729597808,0.3249975140099548,False
2025-04-11 10:00:00,15208.792435424351,66.0,7341.99,28.35,57.111111111111114,0.4245734871135539,0.022140561048842503,0.2434786703844338,False
2025-04-11 11:00:00,13914.427121771216,66.0,7470.51,28.35,57.111111111111114,0.469385819118871,0.024696179946297265,0.26927548149121283,False
2025-04-11 12:00:00,13267.24446494465,66.0,7284.94,28.35,57.111111111111114,0.31038731717740287,0.01808966539850864,0.17885337387690048,False
2025-04-11 13:00:00,13590.835793357934,66.0,7261.73,28.35,57.111111111111114,0.3065662771190233,0.021324044821517476,0.17820727258514568,False
2025-04-11 14:00:00,14561.609778597784,66.0,7101.41,28.35,57.111111111111114,0.3006164594447113,0.024276087582257758,0.1762632921066072,False
2025-04-11 15:00:00,16503.157749077487,66.0,7172.75,28.35,57.111111111111114,0.37834619127308433,0.03661135958483289,0.22456551701337119,False
2025-04-11 16:00:00,20386.253690036898,66.0,7100.99,28.35,57.111111111111114,0.43600798103091654,0.025085059441961242,0.25109266631588667,False
2025-04-11 17:00:00,24916.532287822876,66.0,6568.1900000000005,28.35,57.111111111111114,0.5669513452327261,0.023431885051898315,0.32236758815135363,False
2025-04-11 18:00:00,26858.080258302583,66.0,5439.85,28.35,57.111111111111114,0.7248531880056741,0.034602795440110065,0.41424051135117035,False
2025-04-11 19:00:00,22974.98431734317,66.0,5693.82,28.35,57.111111111111114,0.6364813716735132,0.028898599256986197,0.36306912408607606,False
2025-04-11 20:00:00,18121.11439114391,66.0,5495.2699999999995,28.35,57.111111111111114,0.5071924486664294,0.010223156393918537,0.28355626714379956,False
2025-04-11 21:00:00,14238.0184501845,66.0,5291.530000000001,28.35,57.111111111111114,0.44972238444369095,0.015618679316814956,0.2543757171365968,False
2025-04-11 22:00:00,10354.922509225093,66.0,5682.780000000001,28.35,57.111111111111114,0.42357618953841597,0.025467502138268424,0.2444272802083496,False
2025-04-11 23:00:00,8736.965867158671,66.0,5784.28,28.35,57.111111111111114,0.352676128020481,0.03208548558656697,0.2084103389252197,False
2025-04-12 00:00:00,4964.084870848707,54.0,5997.21,27.827777777777776,59.45555555555555,0.7423292533935667,0.11255127829300868,0.4589291645983156,False
2025-04-12 01:00:00,4061.523985239852,54.0,6115.39,27.827777777777776,59.45555555555555,0.49188745518111787,0.052627419049049336,0.29422043892168703,False
2025-04-12 02:00:00,3384.60332103321,54.0,5919.21,27.827777777777776,59.45555555555555,0.4324851925258806,0.04776673175832577,0.2593618851804809,False
2025-04-12 03:00:00,3384.60332103321,54.0,5893.31,27.827777777777776,59.45555555555555,0.4605278851475767,0.04306544976565826,0.2726697892257134,False
2025-04-12 04:00:00,4512.80442804428,54.0,6013.08,27.827777777777776,59.45555555555555,0.5216929297302553,0.05096511050833958,0.3098654110803932,False
2025-04-12 05:00:00,7220.487084870849,54.0,6055.71,27.827777777777776,59.45555555555555,0.5287887311668898,0.04609865170630019,0.3115781954096245,False
2025-04-12 06:00:00,11507.651291512911,54.0,5667.47,27.827777777777776,59.45555555555555,0.4681458133478653,0.03479568407020037,0.2731382551729161,False
2025-04-12 07:00:00,14440.974169741698,54.0,5883.59,27.827777777777776,59.45555555555555,0.38400661946261067,0.0351658387154987,0.2270282681264103,False
2025-04-12 08:00:00,15569.175276752769,54.0,6303.39,27.827777777777776,59.45555555555555,0.3927533594835972,0.03205970405706953,0.23044121454165975,False
2025-04-12 09:00:00,12635.852398523984,54.0,7488.12,27.827777777777776,59.45555555555555,0.45942977781335365,0.046727813828753254,0.2737138940202835,False
2025-04-12 10:00:00,10605.09040590406,54.0,7925.07,27.827777777777776,59.45555555555555,0.46628928512864376,0.030868266502204072,0.2703498267467459,False
2025-04-12 11:00:00,9702.529520295202,54.0,7940.08,27.827777777777776,59.45555555555555,0.48697317771719917,0.038842327890540075,0.2853142952952026,False
2025-04-12 12:00:00,9251.249077490776,54.0,7986.77,27.827777777777776,59.45555555555555,0.4357538821224852,0.03977570740194197,0.25756370349824076,False
2025-04-12 13:00:00,9476.88929889299,54.0,7727.93,27.827777777777776,59.45555555555555,0.3926452711125996,0.03622918347980169,0.23225803167784057,False
2025-04-12 14:00:00,10153.80996309963,54.0,7572.950000000001,27.827777777777776,59.45555555555555,0.34137744654376145,0.020922828124104852,0.197172868254916,False
2025-04-12 15:00:00,11507.651291512911,54.0,7665.049999999999,27.827777777777776,59.45555555555555,0.4426164234526061,0.026815306115659004,0.25550592065097993,False
2025-04-12 16:00:00,14215.333948339485,54.0,7498.570000000001,27.827777777777776,59.45555555555555,0.4607152125617042,0.02819531427521502,0.26608125833278407,False
2025-04-12 17:00:00,17374.297047970478,54.0,6760.869999999999,27.827777777777776,59.45555555555555,0.5311357630986367,0.04791612186758894,0.31368692454466524,False
2025-04-12 18:00:00,18728.13837638377,54.0,5836.16,27.827777777777776,59.45555555555555,0.5056867625999937,0.05789765203896982,0.30418166284753295,False
2025-04-12 19:00:00,16020.455719557192,54.0,5849.05,27.827777777777776,59.45555555555555,0.3229656843730643,0.037502756821119566,0.19450736697468918,False
2025-04-12 20:00:00,12635.852398523984,54.0,5586.48,27.827777777777776,59.45555555555555,0.32898030713624105,0.015997132884632646,0.18813787872301727,False
2025-04-12 21:00:00,9928.169741697417,54.0,5329.929999999999,27.827777777777776,59.45555555555555,0.2977014046039757,0.028533726330567017,0.17657594938094182,False
2025-04-12 22:00:00,7220.487084870849,54.0,5536.879999999999,27.827777777777776,59.45555555555555,0.2866638714145734,0.03963358104760932,0.17550024074943957,False
2025-04-12 23:00:00,6092.2859778597785,54.0,5712.93,27.827777777777776,59.45555555555555,0.19697007421631735,0.04036810699904072,0.12649918896854287,False
2025-04-13 00:00:00,4381.10516605166,62.0,5751.86,27.944444444444443,57.46666666666667,0.46010911000122673,0.04169244152351197,0.2718216091862551,False
2025-04-13 01:00:00,3584.5405904059035,62.0,6034.79,27.944444444444443,57.46666666666667,0.3220927541212457,0.03667145651597973,0.19365317019887604,False
2025-04-13 02:00:00,2987.117158671587,62.0,5805.58,27.944444444444443,57.46666666666667,0.3295390378169243,0.03785825381054988,0.1982826850140558,False
2025-04-13 03:00:00,2987.117158671587,62.0,5820.71,27.944444444444443,57.46666666666667,0.33663918780939817,0.03301943735666263,0.20001030010566717,False
2025-04-13 04:00:00,3982.8228782287824,62.0,5984.620000000001,27.944444444444443,57.46666666666667,0.38598342758206994,0.04655459916287316,0.2332404547934314,False
2025-04-13 05:00:00,6372.516605166053,62.0,5861.5599999999995,27.944444444444443,57.46666666666667,0.326611521120468,0.047475171618069745,0.2010001638443888,False
2025-04-13 06:00:00,10156.198339483395,62.0,5713.32,27.944444444444443,57.46666666666667,0.28465767201842296,0.022416973507785914,0.16664935768863628,False
2025-04-13 07:00:00,12745.033210332103,62.0,5709.11,27.944444444444443,57.46666666666667,0.2905991293680439,0.025837064327223987,0.17145620009967497,False
2025-04-13 08:00:00,13740.7389298893,62.0,6057.52,27.944444444444443,57.46666666666667,0.3253088654852246,0.030579793420077463,0.19268078305590838,False
2025-04-13 09:00:00,11151.90405904059,62.0,7029.0599999999995,27.944444444444443,57.46666666666667,0.3640966199936685,0.03871882677751326,0.21767661304639865,False
2025-04-13 10:00:00,9359.63376383764,62.0,7476.52,27.944444444444443,57.46666666666667,0.3207106638347774,0.0249055538976363,0.18759836436306393,False
2025-04-13 11:00:00,8563.069188191883,62.0,7416.08,27.944444444444443,57.46666666666667,0.31641011050650875,0.02645485665957015,0.1859302462753864,False
2025-04-13 12:00:00,8164.786900369006,62.0,7396.24,27.944444444444443,57.46666666666667,0.30946047808675037,0.021569744634589584,0.17990964803327802,False
2025-04-13 13:00:00,8363.928044280445,62.0,7065.9800000000005,27.944444444444443,57.46666666666667,0.2855740212584144,0.025076588015217904,0.168350176298976,False
2025-04-13 14:00:00,8961.35147601476,62.0,6981.07,27.944444444444443,57.46666666666667,0.2505938166227188,0.015498408825566915,0.14480088311400047,False
2025-04-13 15:00:00,10156.198339483395,62.0,7204.259999999999,27.944444444444443,57.46666666666667,0.2931863872263017,0.03284953424534545,0.1760348033848714,False
2025-04-13 16:00:00,12545.892066420663,62.0,7093.819999999999,27.944444444444443,57.46666666666667,0.3195406993089574,0.022743902741799327,0.1859821408537363,False
2025-04-13 17:00:00,15333.868081180812,62.0,6272.92,27.944444444444443,57.46666666666667,0.3765271522382564,0.02963161073639246,0.22042415856241765,False
2025-04-13 18:00:00,16528.71494464945,62.0,5619.81,27.944444444444443,57.46666666666667,0.3042386095131228,0.02458502291379778,0.17839449554342657,False
2025-04-13 19:00:00,14139.021217712174,62.0,5572.92,27.944444444444443,57.46666666666667,0.2081931597853695,0.022109311784705078,0.12445542818507052,False
2025-04-13 20:00:00,11151.90405904059,62.0,5360.369999999999,27.944444444444443,57.46666666666667,0.19659233541826066,0.008447918980444238,0.11192734802124328,False
2025-04-13 21:00:00,8762.21033210332,62.0,5246.92,27.944444444444443,57.46666666666667,0.21836406682763077,0.015096654066564734,0.12689373108515106,False
2025-04-13 22:00:00,6372.516605166053,62.0,5520.64,27.944444444444443,57.46666666666667,0.2295249687491383,0.02324882061466383,0.1367007020886248,False
2025-04-13 23:00:00,5376.810885608857,62.0,5637.32,27.944444444444443,57.46666666666667,0.14813605617240716,0.02030159021451999,0.09061054649135794,False
2025-04-14 00:00:00,5067.529520295202,74.0,5606.639999999999,28.36111111111111,55.111111111111114,0.46144960186385275,0.01852915670896728,0.2621354015441543,False
2025-04-14 01:00:00,4146.160516605165,74.0,5878.28,28.36111111111111,55.111111111111114,0.36625356697129147,0.024385669493373698,0.21241301310622848,False
2025-04-14 02:00:00,3455.1337638376385,74.0,5641.93,28.36111111111111,55.111111111111114,0.36007135575778204,0.024122465173277135,0.20889435499475484,False
2025-04-14 03:00:00,3455.1337638376385,74.0,5656.76,28.36111111111111,55.111111111111114,0.34825587198901087,0.01948223746519129,0.20030773645329206,False
2025-04-14 04:00:00,4606.845018450184,74.0,5688.74,28.36111111111111,55.111111111111114,0.4073849909685813,0.029230058974717397,0.23721527157134256,False
2025-04-14 05:00:00,7370.952029520296,74.0,5575.83,28.36111111111111,55.111111111111114,0.3643299554086983,0.025813972864369972,0.21199776326375055,False
2025-04-14 06:00:00,11747.45479704797,74.0,5271.379999999999,28.36111111111111,55.111111111111114,0.40092734828466914,0.013518721087301958,0.22659346604585393,False
2025-04-14 07:00:00,14741.904059040591,74.0,5132.57,28.36111111111111,55.111111111111114,0.38607789731606523,0.024246076602544298,0.22325357799498083,False
2025-04-14 08:00:00,15893.61531365314,74.0,5383.99,28.36111111111111,55.111111111111114,0.26958319244452145,0.02541169817303004,0.15970602002235035,False
2025-04-14 09:00:00,12899.166051660515,74.0,6419.92,28.36111111111111,55.111111111111114,0.4450342303441177,0.032383439104996144,0.259341374286513,False
2025-04-14 10:00:00,10826.085793357934,74.0,6611.36,28.36111111111111,55.111111111111114,0.31788333918682854,0.028302548334575062,0.1875719833033145,False
2025-04-14 11:00:00,9904.716789667898,74.0,6674.67,28.36111111111111,55.111111111111114,0.3306542861851151,0.02384014302102461,0.1925879217612744,False
2025-04-14 12:00:00,9444.03228782288,74.0,6669.67,28.36111111111111,55.111111111111114,0.3063879476418214,0.016392400458745675,0.17588995140943736,False
2025-04-14 13:00:00,9674.37453874539,74.0,6485.75,28.36111111111111,55.111111111111114,0.2940177287434939,0.015544134196284344,0.1687046111972496,False
2025-04-14 14:00:00,10365.401291512911,74.0,6212.969999999999,28.36111111111111,55.111111111111114,0.2910738777934624,0.026790307762137037,0.172146271279366,False
2025-04-14 15:00:00,11747.45479704797,74.0,6216.76,28.36111111111111,55.111111111111114,0.27545759263917635,0.030692633704615207,0.16531336111862385,False
2025-04-14 16:00:00,14511.561808118082,74.0,6091.55,28.36111111111111,55.111111111111114,0.32017711385265063,0.027080787548459617,0.18828376701576469,False
2025-04-14 17:00:00,17736.35332103321,74.0,5416.95,28.36111111111111,55.111111111111114,0.37710629363356063,0.02992962153395189,0.22087679118873674,False
2025-04-14 18:00:00,19118.40682656827,74.0,4780.46,28.36111111111111,55.111111111111114,0.39935995832864746,0.038414181681220294,0.23693435883730524,False
2025-04-14 19:00:00,16354.299815498152,74.0,5011.7699999999995,28.36111111111111,55.111111111111114,0.2871249409334751,0.033884549403887215,0.17316676474516057,False
2025-04-14 20:00:00,12899.166051660515,74.0,4928.42,28.36111111111111,55.111111111111114,0.2704358467665048,0.016069056635938578,0.15597079120775,False
2025-04-14 21:00:00,10135.059040590404,74.0,4803.320000000001,28.36111111111111,55.111111111111114,0.27779003549963494,0.016172440853953158,0.16006211790907815,False
2025-04-14 22:00:00,7370.952029520296,74.0,5198.17,28.36111111111111,55.111111111111114,0.2900354042894837,0.014106619985637212,0.1658674513527528,False
2025-04-14 23:00:00,6219.24077490775,74.0,5221.01,28.36111111111111,55.111111111111114,0.24608214460090638,0.012036128253872371,0.14076143724474108,False
2025-04-15 00:00:00,4863.116236162361,67.0,5438.55,28.52222222222222,54.45555555555555,0.49143936092083923,0.018587236381144796,0.27865590487797676,False
2025-04-15 01:00:00,3978.913284132841,67.0,5750.23,28.52222222222222,54.45555555555555,0.4273904212850044,0.04237790069564265,0.25413478701979164,False
2025-04-15 02:00:00,3315.7610701107005,67.0,5563.38,28.52222222222222,54.45555555555555,0.3429427820313108,0.04223578903227873,0.2076246351817464,False
2025-04-15 03:00:00,3315.7610701107005,67.0,5462.83,28.52222222222222,54.45555555555555,0.33005812125658596,0.03255197350936664,0.19618035477033727,False
2025-04-15 04:00:00,4421.014760147601,67.0,5554.32,28.52222222222222,54.45555555555555,0.3727486175152235,0.03478455708601599,0.22066479032208014,False
2025-04-15 05:00:00,7073.623616236162,67.0,5540.55,28.52222222222222,54.45555555555555,0.3901389259209256,0.027553631239601684,0.22697554331432984,False
2025-04-15 06:00:00,11273.587638376384,67.0,5095.5,28.52222222222222,54.45555555555555,0.3403447323845482,0.01907607412787448,0.19577383616904506,False
2025-04-15 07:00:00,14147.247232472324,67.0,5706.3,28.52222222222222,54.45555555555555,0.3864021008195536,0.018119206765504863,0.2206747984952317,False
2025-04-15 08:00:00,15252.500922509224,67.0,6150.7,28.52222222222222,54.45555555555555,0.36140258867054587,0.014156723257681695,0.205141949234757,False
2025-04-15 09:00:00,12378.841328413282,67.0,6595.5,28.52222222222222,54.45555555555555,0.3190618459439463,0.014556342186341397,0.1820343692530241,False
2025-04-15 10:00:00,10389.384686346864,67.0,7670.7,28.52222222222222,54.45555555555555,0.4955297564765027,0.058948976457283,0.29906840546785385,False
2025-04-15 11:00:00,9505.181734317342,67.0,7761.9,28.52222222222222,54.45555555555555,0.438395534776974,0.023189087190602375,0.2515526333631068,False
2025-04-15 12:00:00,9063.080258302583,67.0,7612.4,28.52222222222222,54.45555555555555,0.35438224250839,0.013880778823086706,0.20115658385000354,False
2025-04-15 13:00:00,9284.130996309965,67.0,7457.8,28.52222222222222,54.45555555555555,0.3477727080496502,0.01127999911835946,0.19635098903056938,False
2025-04-15 14:00:00,9947.283210332102,67.0,7380.8,28.52222222222222,54.45555555555555,0.30480227344753763,0.006739815181646835,0.1706741672278868,False
2025-04-15 15:00:00,11273.587638376384,67.0,7347.8,28.52222222222222,54.45555555555555,0.30254790696810757,0.01720588817173084,0.17414399850973808,False
2025-04-15 16:00:00,13926.196494464944,67.0,7328.900000000001,28.52222222222222,54.45555555555555,0.36642106721697837,0.016679370699215816,0.20903730378398525,False
2025-04-15 17:00:00,17020.906826568265,67.0,6840.0,28.52222222222222,54.45555555555555,0.43194285688815937,0.019250531197444486,0.24623131032733767,False
2025-04-15 18:00:00,18347.211254612543,67.0,6233.4,28.52222222222222,54.45555555555555,0.37752729242232314,0.0201237862089865,0.21669571462632164,False
2025-04-15 19:00:00,15694.602398523984,67.0,5955.799999999999,28.52222222222222,54.45555555555555,0.29483839977394094,0.018486172837767118,0.17047989765266275,False
2025-04-15 20:00:00,12378.841328413282,67.0,5797.599999999999,28.52222222222222,54.45555555555555,0.24840710490122336,0.01082672344249953,0.14149593324479764,False
2025-04-15 21:00:00,9726.232472324722,67.0,5609.5,28.52222222222222,54.45555555555555,0.2155974755226161,0.005844227937965363,0.12120851410952327,False
2025-04-15 22:00:00,7073.623616236162,67.0,5872.900000000001,28.52222222222222,54.45555555555555,0.275288722545367,0.01100443741157436,0.15636079423516033,False
2025-04-15 23:00:00,5968.3699261992615,67.0,6078.3,28.52222222222222,54.45555555555555,0.20661430305880024,0.009914974611576654,0.11809960525754964,False
2025-04-16 00:00:00,7700.568265682655,74.0,5874.13,28.766666666666666,50.099999999999994,0.43228215525196495,0.0241167666938203,0.24860773040079986,False
2025-04-16 01:00:00,6300.464944649445,74.0,6225.51,28.766666666666666,50.099999999999994,0.36213754877609877,0.03181452565642967,0.2134921883722477,False
2025-04-16 02:00:00,5250.387453874538,74.0,5968.42,28.766666666666666,50.099999999999994,0.33189190270209196,0.03406294503173332,0.19786887175043058,False
2025-04-16 03:00:00,5250.387453874538,74.0,5739.84,28.766666666666666,50.099999999999994,0.2931194839247264,0.03040978525632095,0.17490011952394396,False
2025-04-16 04:00:00,7000.516605166052,74.0,5979.06,28.766666666666666,50.099999999999994,0.36198092434826606,0.040124844768222374,0.21714568853724642,False
2025-04-16 05:00:00,11200.826568265682,74.0,5750.6,28.766666666666666,50.099999999999994,0.3332228853599897,0.02405584872649905,0.19409771887491892,False
2025-04-16 06:00:00,17851.31734317343,74.0,5670.88,28.766666666666666,50.099999999999994,0.4477213738786133,0.028014093535452724,0.2588530977241911,False
2025-04-16 07:00:00,22401.653136531364,74.0,6019.51,28.766666666666666,50.099999999999994,0.5494334618710822,0.03082350289828303,0.31605898033332264,False
2025-04-16 08:00:00,24151.782287822876,74.0,6458.79,28.766666666666666,50.099999999999994,0.6368023900304793,0.04061495208757648,0.3685180429561731,False
2025-04-16 09:00:00,19601.44649446494,74.0,7063.009999999999,28.766666666666666,50.099999999999994,0.6604246741164127,0.049638272119119406,0.38557079321763077,False
2025-04-16 10:00:00,16451.21402214022,74.0,7863.849999999999,28.766666666666666,50.099999999999994,0.6797277896740309,0.050073395670376886,0.39638331237238666,False
2025-04-16 11:00:00,15051.11070110701,74.0,7757.12,28.766666666666666,50.099999999999994,0.6126797031493306,0.03498379603029163,0.3527165449457631,False
2025-04-16 12:00:00,14351.059040590406,74.0,7738.150000000001,28.766666666666666,50.099999999999994,0.5681941748965645,0.017595364119184432,0.3204247100467435,False
2025-04-16 13:00:00,14701.08487084871,74.0,7603.96,28.766666666666666,50.099999999999994,0.4919738721635383,0.017976441325791563,0.2786750282865523,False
2025-04-16 14:00:00,15751.162361623614,74.0,7437.77,28.766666666666666,50.099999999999994,0.47866511997865724,0.029926296499342555,0.27673264941296566,False
2025-04-16 15:00:00,17851.31734317343,74.0,7562.799999999999,28.766666666666666,50.099999999999994,0.5446626858655539,0.04873251798311045,0.3214941103184544,False
2025-04-16 16:00:00,22051.62730627306,74.0,7544.92,28.766666666666666,50.099999999999994,0.598063760943687,0.03528135055900645,0.3448116762705808,False
2025-04-16 17:00:00,26951.988929889296,74.0,7078.58,28.766666666666666,50.099999999999994,0.7452423118116676,0.021114872912643735,0.41938496430710687,False
2025-04-16 18:00:00,27554.309963099622,74.0,6075.1900000000005,28.766666666666666,50.099999999999994,0.8899039054566941,0.03202108350517728,0.5038566355785116,True
2025-04-16 19:00:00,24851.83394833948,74.0,6137.83,28.766666666666666,50.099999999999994,0.8205777303681879,0.03926890985412328,0.46898876113685883,False
2025-04-16 20:00:00,19601.44649446494,74.0,5956.219999999999,28.766666666666666,50.099999999999994,0.7846010739748941,0.038666874126727875,0.4489306840432193,False
2025-04-16 21:00:00,15401.13653136531,74.0,5663.120000000001,28.766666666666666,50.099999999999994,0.7266625938496742,0.023628459546504502,0.4102972334132479,False
2025-04-16 22:00:00,11200.826568265682,74.0,5907.4400000000005,28.766666666666666,50.099999999999994,0.6762230593901419,0.0268139419360378,0.3839889565357951,False
2025-04-16 23:00:00,9450.69741697417,74.0,6104.68,28.766666666666666,50.099999999999994,0.5792165278387498,0.024127780979303976,0.32942659175199923,False
2025-04-17 00:00:00,5169.61439114391,89.0,6289.65,29.455555555555556,55.87777777777777,0.9482642906924631,0.13820580820769937,0.5837379735743194,True
2025-04-17 01:00:00,4229.684501845018,89.0,6154.280000000001,29.455555555555556,55.87777777777777,0.7007615074515671,0.055607607206780846,0.4104422523414133,False
2025-04-17 02:00:00,3524.7370848708483,89.0,5971.69,29.455555555555556,55.87777777777777,0.6289428219284805,0.04555174720870253,0.36641683830458044,False
2025-04-17 03:00:00,3524.7370848708483,89.0,5982.95,29.455555555555556,55.87777777777777,0.7143110574469331,0.04327260348411162,0.41234375316366345,False
2025-04-17 04:00:00,4699.649446494465,89.0,6020.179999999999,29.455555555555556,55.87777777777777,0.7122338874360666,0.04724364434662444,0.41298827804581767,False
2025-04-17 05:00:00,7519.439114391143,89.0,6035.13,29.455555555555556,55.87777777777777,0.7406190643154972,0.04938286719474267,0.4295627756111577,False
2025-04-17 06:00:00,11984.106088560884,89.0,5665.9400000000005,29.455555555555556,55.87777777777777,0.6637957803509581,0.04341908003648833,0.38462626520944676,False
2025-04-17 07:00:00,15038.878228782289,89.0,6164.58,29.455555555555556,55.87777777777777,0.7419354702383328,0.0401982403805127,0.4261537168023138,False
2025-04-17 08:00:00,16213.790590405904,89.0,6551.67,29.455555555555556,55.87777777777777,0.6764504574758511,0.04978703020006941,0.3944519152017493,False
2025-04-17 09:00:00,13159.0184501845,89.0,7640.67,29.455555555555556,55.87777777777777,0.6747282741329842,0.051136217877794994,0.3941118488181491,False
2025-04-17 10:00:00,11044.176199261992,89.0,8108.83,29.455555555555556,55.87777777777777,0.6505588904335137,0.04160556357092044,0.37652989334534676,False
2025-04-17 11:00:00,10104.2463099631,89.0,8155.67,29.455555555555556,55.87777777777777,0.6859563678005647,0.050852745812521805,0.40015973790594545,False
2025-04-17 12:00:00,9634.281365313653,89.0,8202.630000000001,29.455555555555556,55.87777777777777,0.6193768447096278,0.03770032225196135,0.3576224096036779,False
2025-04-17 13:00:00,9869.263837638377,89.0,7877.91,29.455555555555556,55.87777777777777,0.5838164379214215,0.037735319228851635,0.33807993450976503,False
2025-04-17 14:00:00,10574.211254612545,89.0,7814.82,29.455555555555556,55.87777777777777,0.5493342308915498,0.0238196519719916,0.3128526703777486,False
2025-04-17 15:00:00,11984.106088560884,89.0,7840.23,29.455555555555556,55.87777777777777,0.558823868590057,0.027343451417318598,0.3196576808623247,False
2025-04-17 16:00:00,14803.895756457565,89.0,7616.79,29.455555555555556,55.87777777777777,0.6326570655837255,0.029987559517727146,0.36145578785402627,False
2025-04-17 17:00:00,18093.650369003688,89.0,7144.74,29.455555555555556,55.87777777777777,0.6470340483963191,0.041583816829997185,0.37458144419147427,False
2025-04-17 18:00:00,19503.54520295203,89.0,6228.65,29.455555555555556,55.87777777777777,0.6912644803462636,0.04840999523073098,0.401979962044274,False
2025-04-17 19:00:00,16683.75553505535,89.0,6106.09,29.455555555555556,55.87777777777777,0.469612125139398,0.033349390279036425,0.2732938944522353,False
2025-04-17 20:00:00,13159.0184501845,89.0,5817.650000000001,29.455555555555556,55.87777777777777,0.4626819800822294,0.01698370171403354,0.2621177548165413,False
2025-04-17 21:00:00,10339.22878228782,89.0,5631.43,29.455555555555556,55.87777777777777,0.42055832722947106,0.023247085172900667,0.2417682683040144,False
2025-04-17 22:00:00,7519.439114391143,89.0,5985.58,29.455555555555556,55.87777777777777,0.4072289227911817,0.03144575846192964,0.23812649884301829,False
2025-04-17 23:00:00,6344.526752767528,89.0,5993.36,29.455555555555556,55.87777777777777,0.30252850035268836,0.034559057274755105,0.1819422509676184,False
2025-04-18 00:00:00,6978.5258302583015,84.0,6043.24,30.21666666666667,57.05555555555556,0.5194498926937344,0.10488671422400005,0.332896462382354,False
2025-04-18 01:00:00,5709.702952029519,84.0,6227.5,30.21666666666667,57.05555555555556,0.3796156986401503,0.0900963569337089,0.2493319948722517,False
2025-04-18 02:00:00,4758.085793357933,84.0,6034.420000000001,30.21666666666667,57.05555555555556,0.3188306105775156,0.0720796451131867,0.2077926761185676,False
2025-04-18 03:00:00,4758.085793357933,84.0,5985.33,30.21666666666667,57.05555555555556,0.3266019038903814,0.0673951737050091,0.2099588753069639,False
2025-04-18 04:00:00,6344.114391143911,84.0,6063.3,30.21666666666667,57.05555555555556,0.37369448268005656,0.05970021051785607,0.23239706020706635,False
2025-04-18 05:00:00,10150.583025830258,84.0,5953.99,30.21666666666667,57.05555555555556,0.3600462030609968,0.04868878483014245,0.21993536485711232,False
2025-04-18 06:00:00,16177.491697416972,84.0,5826.070000000001,30.21666666666667,57.05555555555556,0.40375174920332824,0.03401821182159013,0.23737165738154611,False
2025-04-18 07:00:00,20301.166051660515,84.0,6096.8099999999995,30.21666666666667,57.05555555555556,0.43740052110525274,0.029946050970511184,0.25404600954461903,False
2025-04-18 08:00:00,21887.194649446497,84.0,6467.379999999999,30.21666666666667,57.05555555555556,0.4504565125462719,0.04336059585987706,0.2672633500373942,False
2025-04-18 09:00:00,17763.52029520295,84.0,7517.41,30.21666666666667,57.05555555555556,0.602649733699561,0.04686784202978144,0.3525478824481602,False
2025-04-18 10:00:00,14908.668819188191,84.0,8040.610000000001,30.21666666666667,57.05555555555556,0.5951198476510121,0.03161441321386454,0.3415424021542957,False
2025-04-18 11:00:00,13639.845940959409,84.0,8088.4,30.21666666666667,57.05555555555556,0.5552045250623738,0.025258804940084856,0.3167289510073438,False
2025-04-18 12:00:00,13005.43450184502,84.0,7989.84,30.21666666666667,57.05555555555556,0.4745390578857299,0.014352641901795166,0.26745517069295927,False
2025-04-18 13:00:00,13322.640221402216,84.0,7858.570000000001,30.21666666666667,57.05555555555556,0.46206656200265805,0.012237692467363458,0.2596435707117755,False
2025-04-18 14:00:00,14274.2573800738,84.0,7805.84,30.21666666666667,57.05555555555556,0.47179854397252263,0.02831914845901413,0.2722328159914438,False
2025-04-18 15:00:00,16177.491697416972,84.0,7626.29,30.21666666666667,57.05555555555556,0.5690400618035357,0.03239914733210199,0.32755165029139055,False
2025-04-18 16:00:00,19983.96033210332,84.0,7390.99,30.21666666666667,57.05555555555556,0.5564511396477055,0.017051595916216664,0.31372134496853554,False
2025-04-18 17:00:00,24424.84040590406,84.0,6813.66,30.21666666666667,57.05555555555556,0.6185465016941359,0.008744624088138735,0.3441356567714372,False
2025-04-18 18:00:00,26328.074723247235,84.0,6379.06,30.21666666666667,57.05555555555556,0.6645628435152824,0.002239750179764179,0.3665174515142992,False
2025-04-18 19:00:00,22521.60608856088,84.0,6020.08,30.21666666666667,57.05555555555556,0.6397978453627287,0.016477448021765057,0.3593036665592951,False
2025-04-18 20:00:00,17763.52029520295,84.0,5859.7,30.21666666666667,57.05555555555556,0.5714022970906754,0.0173444946405158,0.3220762859881036,False
2025-04-18 21:00:00,13957.051660516605,84.0,5691.61,30.21666666666667,57.05555555555556,0.5298629364773245,0.014059279918065364,0.29775129102565795,False
2025-04-18 22:00:00,10150.583025830258,84.0,6026.93,30.21666666666667,57.05555555555556,0.4529823966015576,0.016636891413019664,0.25662691926671555,False
2025-04-18 23:00:00,8564.554428044281,84.0,6050.51,30.21666666666667,57.05555555555556,0.40557845296046446,0.018883308776934806,0.23156563807787614,False
2025-04-19 00:00:00,6529.392988929888,83.0,6058.56,30.038888888888888,63.98888888888889,0.6593671119151983,0.056058794981438315,0.3878783692950063,False
2025-04-19 01:00:00,5342.230627306272,83.0,6251.9800000000005,30.038888888888888,63.98888888888889,0.4973276595613636,0.04492284431858587,0.29374549270211364,False
2025-04-19 02:00:00,4451.85885608856,83.0,5850.07,30.038888888888888,63.98888888888889,0.42898327365770683,0.03615339507372366,0.2522098282949144,False
2025-04-19 03:00:00,4451.85885608856,83.0,5871.23,30.038888888888888,63.98888888888889,0.40324188820116236,0.03566955811726211,0.23783433966340728,False
2025-04-19 04:00:00,5935.811808118081,83.0,5928.18,30.038888888888888,63.98888888888889,0.4369184642656908,0.040228683353179855,0.2584080628550609,False
2025-04-19 05:00:00,9497.298892988929,83.0,5850.38,30.038888888888888,63.98888888888889,0.3893716358697708,0.029287603480391434,0.22733382129455013,False
2025-04-19 06:00:00,15136.320110701105,83.0,5685.01,30.038888888888888,63.98888888888889,0.4532848628728252,0.041504917807351355,0.267983887593362,False
2025-04-19 07:00:00,18994.597785977858,83.0,5987.76,30.038888888888888,63.98888888888889,0.5067590020017005,0.04623126263937142,0.29952151928865245,False
2025-04-19 08:00:00,20478.55073800738,83.0,6366.17,30.038888888888888,63.98888888888889,0.48010890123150707,0.05653083519901425,0.2894987715168853,False
2025-04-19 09:00:00,16620.273062730626,83.0,7580.83,30.038888888888888,63.98888888888889,0.5669378163412159,0.04614247811116006,0.3325799141376908,False
2025-04-19 10:00:00,13949.157749077487,83.0,7962.67,30.038888888888888,63.98888888888889,0.530899576044276,0.033754870984601094,0.30718445876742234,False
2025-04-19 11:00:00,12761.995387453871,83.0,8159.46,30.038888888888888,63.98888888888889,0.5705071557175619,0.03763857694104839,0.33071629526813084,False
2025-04-19 12:00:00,12168.414206642066,83.0,8127.56,30.038888888888888,63.98888888888889,0.48520449241240304,0.03794155299815609,0.28393616967599195,False
2025-04-19 13:00:00,12465.20479704797,83.0,7873.33,30.038888888888888,63.98888888888889,0.4688817906633391,0.04075740676761452,0.27622581791026307,False
2025-04-19 14:00:00,13355.57656826568,83.0,7756.13,30.038888888888888,63.98888888888889,0.44611540149013557,0.04137476787060778,0.26398211636134805,False
2025-04-19 15:00:00,15136.320110701105,83.0,7577.31,30.038888888888888,63.98888888888889,0.5174711150504655,0.04048995913438869,0.30282959488823097,False
2025-04-19 16:00:00,18697.807195571953,83.0,7346.01,30.038888888888888,63.98888888888889,0.45240106212096676,0.03985536844505868,0.26675549996680814,False
2025-04-19 17:00:00,22852.87546125461,83.0,6748.57,30.038888888888888,63.98888888888889,0.6089803894941387,0.04435024749034271,0.3548968255924305,False
2025-04-19 18:00:00,24633.619003690037,83.0,6007.46,30.038888888888888,63.98888888888889,0.5979002500160662,0.04507391749877277,0.3491284003832842,False
2025-04-19 19:00:00,21072.131918819185,83.0,5908.86,30.038888888888888,63.98888888888889,0.5283422991894058,0.03570355420944769,0.30665486394842467,False
2025-04-19 20:00:00,16620.273062730626,83.0,5687.6900000000005,30.038888888888888,63.98888888888889,0.504870800455313,0.031394819196044615,0.29180660888864224,False
2025-04-19 21:00:00,13058.785977859776,83.0,5501.389999999999,30.038888888888888,63.98888888888889,0.4558241143293189,0.040800096176188884,0.2690633061604104,False
2025-04-19 22:00:00,9497.298892988929,83.0,5618.96,30.038888888888888,63.98888888888889,0.4256805999141504,0.052112742546763256,0.2575750640988262,False
2025-04-19 23:00:00,8013.34594095941,83.0,5650.74,30.038888888888888,63.98888888888889,0.295256047305387,0.06754652969479226,0.1927867643806194,False
2025-04-20 00:00:00,3362.8948339483386,84.0,5737.82,28.755555555555553,66.04444444444444,0.6452728589117722,0.08367139243608553,0.39255219899771326,False
2025-04-20 01:00:00,2751.4594095940956,84.0,5713.31,28.755555555555553,66.04444444444444,0.5030547280282027,0.05449126358610522,0.30120116902925886,False
2025-04-20 02:00:00,2292.882841328413,84.0,5485.16,28.755555555555553,66.04444444444444,0.42570596163346736,0.050132681050947495,0.2566979853713334,False
2025-04-20 03:00:00,2292.882841328413,84.0,5422.2699999999995,28.755555555555553,66.04444444444444,0.4192650550557413,0.04253786831633254,0.24973782102300737,False
2025-04-20 04:00:00,3057.1771217712176,84.0,5444.84,28.755555555555553,66.04444444444444,0.40193548736899387,0.04135532563491757,0.23967441458865954,False
2025-04-20 05:00:00,4891.483394833949,84.0,5426.01,28.755555555555553,66.04444444444444,0.40570974239790375,0.051431817839544605,0.24628467634664214,False
2025-04-20 06:00:00,7795.801660516606,84.0,5151.5,28.755555555555553,66.04444444444444,0.3475507096674698,0.06025920948002775,0.2182695345831209,False
2025-04-20 07:00:00,9782.966789667898,84.0,5526.67,28.755555555555553,66.04444444444444,0.3339168920910213,0.05999439125881541,0.2106517667165287,False
2025-04-20 08:00:00,10547.261070110702,84.0,5785.290000000001,28.755555555555553,66.04444444444444,0.3567598640846948,0.07262253782581961,0.228898067268201,False
2025-04-20 09:00:00,8560.095940959409,84.0,6955.290000000001,28.755555555555553,66.04444444444444,0.4476239587608717,0.07055827180568362,0.27794439963103706,False
2025-04-20 10:00:00,7184.366236162362,84.0,7320.52,28.755555555555553,66.04444444444444,0.3882595901437058,0.06463651610006407,0.24262920682406705,False
2025-04-20 11:00:00,6572.930811808119,84.0,7300.22,28.755555555555553,66.04444444444444,0.4176872247894955,0.07286238007873683,0.2625160446696541,False
2025-04-20 12:00:00,6267.213099630998,84.0,7177.8099999999995,28.755555555555553,66.04444444444444,0.38116328470620375,0.06202343764221205,0.2375503535274075,False
2025-04-20 13:00:00,6420.071955719559,84.0,7250.219999999999,28.755555555555553,66.04444444444444,0.352308562574396,0.04662104291852581,0.21474917872925445,False
2025-04-20 14:00:00,6878.648523985239,84.0,7138.21,28.755555555555553,66.04444444444444,0.3036015533836721,0.04235658035004593,0.18604131551854033,False
2025-04-20 15:00:00,7795.801660516606,84.0,6936.01,28.755555555555553,66.04444444444444,0.4073589874093795,0.0448348067184151,0.24422310609844552,False
2025-04-20 16:00:00,9630.107933579337,84.0,6929.110000000001,28.755555555555553,66.04444444444444,0.36634678129874215,0.04351420610159481,0.22107212246002586,False
2025-04-20 17:00:00,11770.131918819188,84.0,6299.77,28.755555555555553,66.04444444444444,0.36702314648625534,0.05186486648931778,0.22520192048763343,False
2025-04-20 18:00:00,12687.285055350556,84.0,5562.700000000001,28.755555555555553,66.04444444444444,0.36322714154709296,0.05349576641029899,0.2238480227355357,False
2025-04-20 19:00:00,10852.97878228782,84.0,5597.03,28.755555555555553,66.04444444444444,0.21384741102434546,0.032545298803053575,0.13226146052476412,False
2025-04-20 20:00:00,8560.095940959409,84.0,5364.1,28.755555555555553,66.04444444444444,0.23517308513221585,0.02084229082557013,0.13872422769422527,False
2025-04-20 21:00:00,6725.789667896677,84.0,5312.32,28.755555555555553,66.04444444444444,0.25805869056993597,0.025633927817950684,0.1534675473315426,False
2025-04-20 22:00:00,4891.483394833949,84.0,5466.22,28.755555555555553,66.04444444444444,0.26568465242894207,0.030879243266207914,0.16002221830571173,False
2025-04-20 23:00:00,4127.189114391144,84.0,5643.8200000000015,28.755555555555553,66.04444444444444,0.26740873137215476,0.03771112459333638,0.1640448083216865,False
2025-04-21 00:00:00,4972.6494464944635,85.0,5751.37,29.916666666666668,57.06666666666667,0.5441673770645102,0.04111558367324962,0.31779407003844296,False
2025-04-21 01:00:00,4068.531365313652,85.0,5664.59,29.916666666666668,57.06666666666667,0.41803445488761004,0.03239268417131654,0.24449565806527798,False
2025-04-21 02:00:00,3390.4428044280444,85.0,5454.06,29.916666666666668,57.06666666666667,0.4272573839134709,0.028558820313590864,0.24784303029352492,False
2025-04-21 03:00:00,3390.4428044280444,85.0,5417.36,29.916666666666668,57.06666666666667,0.46359692290360427,0.03731845725334775,0.2717716133609889,False
2025-04-21 04:00:00,4520.590405904059,85.0,5311.950000000001,29.916666666666668,57.06666666666667,0.455660055110941,0.03903475748763793,0.26817867118045463,False
2025-04-21 05:00:00,7232.944649446496,85.0,5195.26,29.916666666666668,57.06666666666667,0.3766352969910013,0.040479607860778796,0.22536523688240118,False
2025-04-21 06:00:00,11527.50553505535,85.0,4778.32,29.916666666666668,57.06666666666667,0.4714830091117127,0.050389468161234616,0.2819909156839976,False
2025-04-21 07:00:00,14465.889298892993,85.0,5055.82,29.916666666666668,57.06666666666667,0.3693418275061929,0.05405930377441533,0.227464691826893,False
2025-04-21 08:00:00,15596.036900369008,85.0,5200.77,29.916666666666668,57.06666666666667,0.3045599364124834,0.07034770311721616,0.19916443142961315,False
2025-04-21 09:00:00,12657.653136531364,85.0,6043.69,29.916666666666668,57.06666666666667,0.4134646594113158,0.060432347662199196,0.2546001191242134,False
2025-04-21 10:00:00,10623.38745387454,85.0,6433.379999999999,29.916666666666668,57.06666666666667,0.3044096795521616,0.05866890326107056,0.19382633022117063,False
2025-04-21 11:00:00,9719.269372693729,85.0,6596.9400000000005,29.916666666666668,57.06666666666667,0.2969221247936955,0.057705975594914,0.18927485765424384,False
2025-04-21 12:00:00,9267.210332103325,85.0,6516.38,29.916666666666668,57.06666666666667,0.24920034191039203,0.03874164370371468,0.15449392771738724,False
2025-04-21 13:00:00,9493.239852398528,85.0,6472.639999999999,29.916666666666668,57.06666666666667,0.25065174143601293,0.037448722918660096,0.15471038310320417,False
2025-04-21 14:00:00,10171.32841328413,85.0,6177.54,29.916666666666668,57.06666666666667,0.20141956246848264,0.048762109854628956,0.13272370879224848,False
2025-04-21 15:00:00,11527.50553505535,85.0,6173.43,29.916666666666668,57.06666666666667,0.20582396226756539,0.06294856770703186,0.14153003471532533,False
2025-04-21 16:00:00,14239.859778597787,85.0,6067.23,29.916666666666668,57.06666666666667,0.23007193973444817,0.05356538268664673,0.15064398906293755,False
2025-04-21 17:00:00,17404.273062730626,85.0,5519.63,29.916666666666668,57.06666666666667,0.2730405514412669,0.050277057926567295,0.17279697935965208,False
2025-04-21 18:00:00,18760.45018450185,85.0,4892.86,29.916666666666668,57.06666666666667,0.28154760662863787,0.056148604748760156,0.1801180557826929,False
2025-04-21 19:00:00,16048.095940959409,85.0,5111.139999999999,29.916666666666668,57.06666666666667,0.21383132968131024,0.06023609975380832,0.14471347621393438,False
2025-04-21 20:00:00,12657.653136531364,85.0,4979.76,29.916666666666668,57.06666666666667,0.1964284242311221,0.046720898926481916,0.12906003784403403,False
2025-04-21 21:00:00,9945.298892988929,85.0,4885.61,29.916666666666668,57.06666666666667,0.2015751650862796,0.04325837368315377,0.13033260895487297,False
2025-04-21 22:00:00,7232.944649446496,85.0,5244.14,29.916666666666668,57.06666666666667,0.232870125013323,0.04137082653910494,0.14669544069992488,False
2025-04-21 23:00:00,6102.79704797048,85.0,5328.88,29.916666666666668,57.06666666666667,0.24857151605061129,0.04318840081887086,0.1561491141963281,False
2025-04-22 00:00:00,5207.708487084869,77.0,5262.5,29.916666666666668,57.85555555555556,0.4558957310908141,0.025018522858122238,0.2620009873861028,False
2025-04-22 01:00:00,4260.852398523984,77.0,5447.7,29.916666666666668,57.85555555555556,0.35448852855960133,0.05072148006939285,0.21779335673900754,False
2025-04-22 02:00:00,3550.7103321033205,77.0,5331.2,29.916666666666668,57.85555555555556,0.3173113933428848,0.043090701492944125,0.1939120820104115,False
2025-04-22 03:00:00,3550.7103321033205,77.0,5351.3099999999995,29.916666666666668,57.85555555555556,0.35840688143878857,0.04427441317420082,0.21704727071972407,False
2025-04-22 04:00:00,4734.280442804428,77.0,5251.3,29.916666666666668,57.85555555555556,0.33070552684213805,0.0445107189806147,0.20191786330445255,False
2025-04-22 05:00:00,7574.848708487085,77.0,5234.7,29.916666666666668,57.85555555555556,0.3282332824371498,0.04105888371678956,0.1990048030129877,False
2025-04-22 06:00:00,12072.41512915129,77.0,5193.0,29.916666666666668,57.85555555555556,0.3559153029547614,0.02843813401234963,0.20855057693067613,False
2025-04-22 07:00:00,15149.69741697417,77.0,5651.3,29.916666666666668,57.85555555555556,0.44723493526000013,0.027652991279346447,0.258423060468706,False
2025-04-22 08:00:00,16333.267527675276,77.0,6071.7,29.916666666666668,57.85555555555556,0.3843676091476099,0.023877338191068936,0.2221469872171665,False
2025-04-22 09:00:00,13255.985239852396,77.0,6641.799999999999,29.916666666666668,57.85555555555556,0.36239376268725915,0.027443854049991927,0.2116663038004889,False
2025-04-22 10:00:00,11125.559040590404,77.0,7738.9,29.916666666666668,57.85555555555556,0.5022048595376609,0.07869206563448511,0.31162410228123183,False
2025-04-22 11:00:00,10178.70295202952,77.0,7751.8,29.916666666666668,57.85555555555556,0.40361618839934105,0.03275555112785659,0.23672890162717308,False
2025-04-22 12:00:00,9705.274907749075,77.0,7612.6,29.916666666666668,57.85555555555556,0.34260340867537475,0.028085844516146163,0.2010705048037219,False
2025-04-22 13:00:00,9941.9889298893,77.0,7601.200000000001,29.916666666666668,57.85555555555556,0.3250411705955108,0.02633233772977776,0.19062219580593093,False
2025-04-22 14:00:00,10652.13099630996,77.0,7473.4,29.916666666666668,57.85555555555556,0.3159402430735223,0.025336205258465697,0.18516842605674685,False
2025-04-22 15:00:00,12072.41512915129,77.0,7455.56,29.916666666666668,57.85555555555556,0.3385442354657284,0.04112993405663784,0.20470779983163767,False
2025-04-22 16:00:00,14912.983394833947,77.0,7416.639999999999,29.916666666666668,57.85555555555556,0.36621111244168375,0.03680440039161401,0.2179780920191524,False
2025-04-22 17:00:00,18226.97970479705,77.0,6787.92,29.916666666666668,57.85555555555556,0.37657770819533254,0.031178018023964093,0.22114784761821676,False
2025-04-22 18:00:00,19647.263837638377,77.0,5890.71,29.916666666666668,57.85555555555556,0.4065135799315726,0.037536365890874855,0.24047383361325864,False
2025-04-22 19:00:00,16806.695571955715,77.0,6037.280000000001,29.916666666666668,57.85555555555556,0.2569470363348223,0.038514013370977616,0.15865217600109222,False
2025-04-22 20:00:00,13255.985239852396,77.0,5761.62,29.916666666666668,57.85555555555556,0.2391946254707431,0.023116429823146233,0.14195943742932451,False
2025-04-22 21:00:00,10415.41697416974,77.0,5620.2,29.916666666666668,57.85555555555556,0.21677843351048537,0.018015479334724183,0.12733510413139285,False
2025-04-22 22:00:00,7574.848708487085,77.0,5901.1,29.916666666666668,57.85555555555556,0.2725409146966941,0.018540892074054263,0.1582409045165062,False
2025-04-22 23:00:00,6391.278597785978,77.0,5964.9,29.916666666666668,57.85555555555556,0.18601766452806323,0.017797009162160767,0.11031836961340713,False
2025-04-23 00:00:00,5531.477859778596,82.0,5805.0,29.772222222222226,53.733333333333334,0.44750562772443503,0.17964226045703974,0.32696711245410714,False
2025-04-23 01:00:00,4525.754612546125,82.0,6013.6,29.772222222222226,53.733333333333334,0.3534351844248075,0.10722208275920173,0.24263928867528492,False
2025-04-23 02:00:00,3771.462177121771,82.0,5807.4,29.772222222222226,53.733333333333334,0.30544136269783906,0.06607283127188822,0.1977255235561612,False
2025-04-23 03:00:00,3771.462177121771,82.0,5754.5,29.772222222222226,53.733333333333334,0.31907785040932424,0.04886430642043564,0.19748175561432438,False
2025-04-23 04:00:00,5028.616236162362,82.0,5715.1,29.772222222222226,53.733333333333334,0.3088722122258393,0.03975026393064539,0.18776733549300206,False
2025-04-23 05:00:00,8045.785977859779,82.0,5603.6,29.772222222222226,53.733333333333334,0.3116360728714577,0.03641644790162556,0.18778724163503327,False
2025-04-23 06:00:00,12822.97140221402,82.0,5356.0,29.772222222222226,53.733333333333334,0.3752896981985504,0.03888099100257943,0.22390577996036348,False
2025-04-23 07:00:00,16091.571955719555,82.0,5901.2,29.772222222222226,53.733333333333334,0.41379339716884395,0.026749123952488633,0.23962347422148408,False
2025-04-23 08:00:00,17348.72601476015,82.0,6380.8,29.772222222222226,53.733333333333334,0.39024978530137205,0.02969843402020406,0.2280016772248465,False
2025-04-23 09:00:00,14080.12546125461,82.0,7066.6,29.772222222222226,53.733333333333334,0.3918241510033117,0.01852344425900187,0.2238388329683723,False
2025-04-23 10:00:00,11817.24815498155,82.0,7794.3,29.772222222222226,53.733333333333334,0.4283194546316894,0.02143257624737051,0.24522035935874592,False
2025-04-23 11:00:00,10811.524907749075,82.0,7808.7,29.772222222222226,53.733333333333334,0.36717155193533607,0.022905426568061053,0.21225179552006232,False
2025-04-23 12:00:00,10308.66328413284,82.0,7755.7,29.772222222222226,53.733333333333334,0.35054619816579036,0.01570898624310491,0.19986945280058194,False
2025-04-23 13:00:00,10560.09409594096,82.0,7535.5,29.772222222222226,53.733333333333334,0.32163888539277574,0.015570252536474878,0.18390800060744036,False
2025-04-23 14:00:00,11314.386531365311,82.0,7515.4,29.772222222222226,53.733333333333334,0.329463070195696,0.013153901898837233,0.18712394446210956,False
2025-04-23 15:00:00,12822.97140221402,82.0,7512.2,29.772222222222226,53.733333333333334,0.3523518912247605,0.02195856235611787,0.20367489323387133,False
2025-04-23 16:00:00,15840.141143911438,82.0,7440.6,29.772222222222226,53.733333333333334,0.395141885620576,0.014566116801125094,0.22388278965182312,False
2025-04-23 17:00:00,19360.172509225093,82.0,6949.9,29.772222222222226,53.733333333333334,0.455819151086947,0.011440486975141672,0.2558487522366346,False
2025-04-23 18:00:00,20868.757380073803,82.0,5988.1,29.772222222222226,53.733333333333334,0.5034540581841561,0.0205761956893875,0.2861590200615102,False
2025-04-23 19:00:00,17851.58763837638,82.0,6142.6,29.772222222222226,53.733333333333334,0.31595117128100236,0.019542560698799602,0.18256729651901113,False
2025-04-23 20:00:00,14080.12546125461,82.0,5936.6,29.772222222222226,53.733333333333334,0.334021335687223,0.007859723809071222,0.1872486103420547,False
2025-04-23 21:00:00,11062.955719557192,82.0,5702.3,29.772222222222226,53.733333333333334,0.3272962653935146,0.006785223195804837,0.1830662964045452,False
2025-04-23 22:00:00,8045.785977859779,82.0,5946.2,29.772222222222226,53.733333333333334,0.29000912602718815,0.010986661280857277,0.16444901689133928,False
2025-04-23 23:00:00,6788.631918819188,82.0,6000.25,29.772222222222226,53.733333333333334,0.2279743678788163,0.01386592660824085,0.13162556930705738,False
2025-04-24 00:00:00,5667.678966789666,85.0,5973.18,29.444444444444443,51.3,0.5233520622081784,0.19669495238794588,0.3763563627890738,False
2025-04-24 01:00:00,4637.191881918819,85.0,6203.389999999999,29.444444444444443,51.3,0.4432518128377934,0.1023047341917806,0.2898256274470877,False
2025-04-24 02:00:00,3864.326568265682,85.0,5900.37,29.444444444444443,51.3,0.37718020357594595,0.06103303046072257,0.23491397567409544,False
2025-04-24 03:00:00,3864.326568265682,85.0,5920.52,29.444444444444443,51.3,0.37523913635004147,0.04182863586386939,0.22520441113126405,False
2025-04-24 04:00:00,5152.435424354244,85.0,5886.389999999999,29.444444444444443,51.3,0.3935993970143219,0.0341030466712589,0.23182603935994356,False
2025-04-24 05:00:00,8243.89667896679,85.0,5731.0599999999995,29.444444444444443,51.3,0.4376079833716876,0.028210802806847218,0.25337925211750945,False
2025-04-24 06:00:00,13138.71033210332,85.0,5648.98,29.444444444444443,51.3,0.3802847356099609,0.03378611759378904,0.2243603575026836,False
2025-04-24 07:00:00,16487.79335793358,85.0,5928.2300000000005,29.444444444444443,51.3,0.4947811029631314,0.02492656631377475,0.2833465614709209,False
2025-04-24 08:00:00,17775.90221402214,85.0,6505.150000000001,29.444444444444443,51.3,0.5149907941708106,0.02042454832316851,0.29243598353937167,False
2025-04-24 09:00:00,14426.81918819188,85.0,7440.94,29.444444444444443,51.3,0.5254707174809335,0.01393978165274614,0.2952817963582492,False
2025-04-24 10:00:00,12108.22324723247,85.0,7788.72,29.444444444444443,51.3,0.45723996809996137,0.013271403864799889,0.2574541141941387,False
2025-04-24 11:00:00,11077.736162361623,85.0,7793.94,29.444444444444443,51.3,0.45066463440410276,0.01851034811307896,0.25619520557314207,False
2025-04-24 12:00:00,10562.4926199262,85.0,7767.94,29.444444444444443,51.3,0.40552805585547175,0.012422365769471456,0.22863049531677163,False
2025-04-24 13:00:00,10820.114391143912,85.0,7549.02,29.444444444444443,51.3,0.402097241804702,0.011637774562574178,0.2263904815457445,False
2025-04-24 14:00:00,11592.979704797046,85.0,7575.0,29.444444444444443,51.3,0.40243014146768685,0.012750526418974287,0.22707431469576622,False
2025-04-24 15:00:00,13138.71033210332,85.0,7638.06,29.444444444444443,51.3,0.4477266109870871,0.019512272943992194,0.2550301588676944,False
2025-04-24 16:00:00,16230.171586715864,85.0,7624.58,29.444444444444443,51.3,0.4873684033667076,0.013921631981315779,0.2743173562432813,False
2025-04-24 17:00:00,19836.876383763836,85.0,6899.34,29.444444444444443,51.3,0.5537775086738176,0.015718882118098045,0.31165112672374384,False
2025-04-24 18:00:00,21382.60701107011,85.0,6390.13,29.444444444444443,51.3,0.5279680820453162,0.008184872375127553,0.29406563769373134,False
2025-04-24 19:00:00,18291.14575645756,85.0,6211.91,29.444444444444443,51.3,0.46297061478016155,0.017249695792599964,0.26239620123575885,False
2025-04-24 20:00:00,14426.81918819188,85.0,6016.379999999999,29.444444444444443,51.3,0.43178512647541534,0.009475535474489021,0.24174581052499852,False
2025-04-24 21:00:00,11335.357933579333,85.0,5815.83,29.444444444444443,51.3,0.39544314980101225,0.0067086233632698165,0.22051261290402815,False
2025-04-24 22:00:00,8243.89667896679,85.0,6113.139999999999,29.444444444444443,51.3,0.37670655639609685,0.014576809097593828,0.2137481701117705,False
2025-04-24 23:00:00,6955.787822878228,85.0,6219.799999999999,29.444444444444443,51.3,0.32676450478460073,0.01055449742584964,0.18447000147316275,False
2025-04-25 00:00:00,4367.91328413284,93.0,6111.2,29.927777777777777,55.95555555555555,0.6140201406817303,0.08895155549563658,0.3777392773479881,False
2025-04-25 01:00:00,3573.747232472324,93.0,6319.5,29.927777777777777,55.95555555555555,0.42649908383555357,0.03180350435744361,0.24888607307040408,False
2025-04-25 02:00:00,2978.122693726937,93.0,6098.299999999999,29.927777777777777,55.95555555555555,0.4407324738385039,0.028078656312192172,0.25503825595166363,False
2025-04-25 03:00:00,2978.122693726937,93.0,5970.1,29.927777777777777,55.95555555555555,0.44956853678349196,0.03267623069080257,0.2619669990417817,False
2025-04-25 04:00:00,3970.830258302583,93.0,6063.500000000001,29.927777777777777,55.95555555555555,0.43219566580513213,0.0334817747520174,0.25277441483123053,False
2025-04-25 05:00:00,6353.328413284133,93.0,5906.299999999999,29.927777777777777,55.95555555555555,0.46733928334244934,0.03164095898371357,0.27127503738101827,False
2025-04-25 06:00:00,10125.617158671586,93.0,5766.7,29.927777777777777,55.95555555555555,0.40209734397066693,0.026916161545766707,0.23326581187946183,False
2025-04-25 07:00:00,12706.656826568264,93.0,6083.3,29.927777777777777,55.95555555555555,0.4062887337588574,0.021446372024557597,0.2331096709784225,False
2025-04-25 08:00:00,13699.36439114391,93.0,6442.599999999999,29.927777777777777,55.95555555555555,0.4252188480418666,0.028234342073007502,0.24657582035588002,False
2025-04-25 09:00:00,11118.324723247231,93.0,7501.2,29.927777777777777,55.95555555555555,0.4885998428575722,0.030394736673113324,0.2824075450745657,False
2025-04-25 10:00:00,9331.45110701107,93.0,8096.199999999999,29.927777777777777,55.95555555555555,0.5766616317207813,0.02598661323270066,0.32885787340114503,False
2025-04-25 11:00:00,8537.285055350552,93.0,8081.599999999999,29.927777777777777,55.95555555555555,0.5665048233268339,0.030028047242874296,0.3250902740890521,False
2025-04-25 12:00:00,8140.202029520296,93.0,8034.700000000001,29.927777777777777,55.95555555555555,0.46826058043957164,0.01707904751611256,0.2652288906240151,False
2025-04-25 13:00:00,8338.743542435424,93.0,7876.4,29.927777777777777,55.95555555555555,0.49993205485550934,0.014456336776918138,0.28146798172014337,False
2025-04-25 14:00:00,8934.36808118081,93.0,7720.0,29.927777777777777,55.95555555555555,0.4751622796268869,0.010481946024134665,0.26605612950564844,False
2025-04-25 15:00:00,10125.617158671586,93.0,7727.7,29.927777777777777,55.95555555555555,0.5088222923102554,0.01953004264942525,0.2886407799628819,False
2025-04-25 16:00:00,12508.115313653136,93.0,7803.9,29.927777777777777,55.95555555555555,0.5582829888560282,0.021043164876334508,0.3165250680651661,False
2025-04-25 17:00:00,15287.696494464944,93.0,7115.9,29.927777777777777,55.95555555555555,0.5624157085683784,0.021778360718907517,0.31912890203611655,False
2025-04-25 18:00:00,16478.94557195572,93.0,6428.7,29.927777777777777,55.95555555555555,0.5020251853328642,0.018878327917307564,0.28460909949586377,False
2025-04-25 19:00:00,14096.447416974166,93.0,6302.5,29.927777777777777,55.95555555555555,0.3847448754208139,0.018569264075730455,0.21996585031552637,False
2025-04-25 20:00:00,11118.324723247231,93.0,6059.8,29.927777777777777,55.95555555555555,0.3997127326288125,0.008075682737115703,0.22347606017754898,False
2025-04-25 21:00:00,8735.82656826568,93.0,5778.3,29.927777777777777,55.95555555555555,0.4063255478293163,0.008106582694416279,0.2271270135186113,False
2025-04-25 22:00:00,6353.328413284133,93.0,6116.299999999999,29.927777777777777,55.95555555555555,0.430755610397307,0.019093404428700146,0.24550761771143392,False
2025-04-25 23:00:00,5360.620848708487,93.0,6217.1,29.927777777777777,55.95555555555555,0.3295730797097433,0.01403494405900518,0.18758091866691115,False
2025-04-26 00:00:00,5474.5701107011055,100.0,6227.6,29.96111111111111,56.28888888888889,0.6020445750806396,0.06233636629040877,0.35917588112503573,False
2025-04-26 01:00:00,4479.193726937268,100.0,6357.61,29.96111111111111,56.28888888888889,0.4532854901913635,0.02971662645580139,0.26267950151036057,False
2025-04-26 02:00:00,3732.6614391143903,100.0,5977.39,29.96111111111111,56.28888888888889,0.45513961970328376,0.03423968936948117,0.2657346510530726,False
2025-04-26 03:00:00,3732.6614391143903,100.0,6029.379999999999,29.96111111111111,56.28888888888889,0.4435768871757438,0.03507905270416513,0.2597528616635334,False
2025-04-26 04:00:00,4976.881918819188,100.0,5972.66,29.96111111111111,56.28888888888889,0.41748898270766127,0.03203729251242805,0.24403572211980634,False
2025-04-26 05:00:00,7963.0110701107005,100.0,5839.46,29.96111111111111,56.28888888888889,0.3883985089644647,0.025502192290429253,0.22509516646114874,False
2025-04-26 06:00:00,12691.048892988929,100.0,5552.7,29.96111111111111,56.28888888888889,0.46204437620858824,0.023787040851572825,0.2648285752979313,False
2025-04-26 07:00:00,15926.0221402214,100.0,5598.9,29.96111111111111,56.28888888888889,0.3963311682126107,0.026890378726624354,0.23008281294391686,False
2025-04-26 08:00:00,17170.242619926197,100.0,5752.9,29.96111111111111,56.28888888888889,0.31789063129767536,0.03911652341693569,0.19244228275134254,False
2025-04-26 09:00:00,13935.269372693723,100.0,6592.400000000001,29.96111111111111,56.28888888888889,0.44503448409748547,0.04131921421874276,0.26336261265205124,False
2025-04-26 10:00:00,11695.67250922509,100.0,6970.5,29.96111111111111,56.28888888888889,0.44018135730110397,0.0445494589437026,0.2621470030402734,False
2025-04-26 11:00:00,10700.296125461256,100.0,6983.5,29.96111111111111,56.28888888888889,0.4022842580319066,0.045646882031339715,0.2417974388316515,False
2025-04-26 12:00:00,10202.607933579337,100.0,6924.4,29.96111111111111,56.28888888888889,0.3263827695663933,0.02708051355646574,0.1916967543619259,False
2025-04-26 13:00:00,10451.452029520296,100.0,6588.8,29.96111111111111,56.28888888888889,0.281862102412758,0.036164444829632166,0.17129815650035138,False
2025-04-26 14:00:00,11197.984317343173,100.0,6508.2,29.96111111111111,56.28888888888889,0.24677340005915172,0.04061928971443129,0.15400405040402754,False
2025-04-26 15:00:00,12691.048892988929,100.0,6509.5,29.96111111111111,56.28888888888889,0.30607142093017065,0.047377431281803564,0.18965912558840547,False
2025-04-26 16:00:00,15677.17804428044,100.0,6549.8,29.96111111111111,56.28888888888889,0.36270134992675196,0.03975817508801391,0.21737692124931984,False
2025-04-26 17:00:00,19160.995387453873,100.0,5980.2,29.96111111111111,56.28888888888889,0.4217580038170857,0.03163822798024002,0.24620410469050516,False
2025-04-26 18:00:00,20654.059963099633,100.0,5255.2,29.96111111111111,56.28888888888889,0.48227215854776107,0.0404596978830252,0.28345655124862995,False
2025-04-26 19:00:00,17667.930811808114,100.0,5496.0,29.96111111111111,56.28888888888889,0.34993563489968976,0.040884199313069185,0.21086248888571052,False
2025-04-26 20:00:00,13935.269372693723,100.0,5393.8,29.96111111111111,56.28888888888889,0.3377084692165799,0.027049637889934777,0.1979119951195896,False
2025-04-26 21:00:00,10949.140221402213,100.0,5250.3,29.96111111111111,56.28888888888889,0.2633444049478136,0.024931942010506688,0.1560587966260255,False
2025-04-26 22:00:00,7963.0110701107005,100.0,5589.9,29.96111111111111,56.28888888888889,0.2879106015472486,0.02310646086107783,0.16874873823847178,False
2025-04-26 23:00:00,6718.7905904059035,100.0,5754.3,29.96111111111111,56.28888888888889,0.25889337998176365,0.028416346794253974,0.1551787150473843,False
2025-04-27 00:00:00,4830.197416974169,104.0,5917.110000000001,29.83888888888889,53.17777777777778,0.6033042165491397,0.25591093401125165,0.44697723940709005,False
2025-04-27 01:00:00,3951.9797047970474,104.0,6000.25,29.83888888888889,53.17777777777778,0.4853715223103712,0.16066634878102637,0.339254194222166,False
2025-04-27 02:00:00,3293.316420664207,104.0,5859.62,29.83888888888889,53.17777777777778,0.4329593181847537,0.11309890298783823,0.28902213134614174,False
2025-04-27 03:00:00,3293.316420664207,104.0,5710.35,29.83888888888889,53.17777777777778,0.4412444451609364,0.08595038838478473,0.2813621196116682,False
2025-04-27 04:00:00,4391.088560885609,104.0,5787.1,29.83888888888889,53.17777777777778,0.4532677284344796,0.08543345285465262,0.28774230442355747,False
2025-04-27 05:00:00,7025.741697416975,104.0,5774.1,29.83888888888889,53.17777777777778,0.4369050203194683,0.07950458725371726,0.2760748254398804,False
2025-04-27 06:00:00,11197.275830258302,104.0,5222.3,29.83888888888889,53.17777777777778,0.4697591771093894,0.06768879917110575,0.2888275070371618,False
2025-04-27 07:00:00,14051.48339483395,104.0,5605.6,29.83888888888889,53.17777777777778,0.4018604776016273,0.06214295129840276,0.2489875907651763,False
2025-04-27 08:00:00,15149.255535055354,104.0,5933.7,29.83888888888889,53.17777777777778,0.3991253947145418,0.05019747117979429,0.24210782912390544,False
2025-04-27 09:00:00,12295.047970479704,104.0,6456.799999999999,29.83888888888889,53.17777777777778,0.4376978061948441,0.03671422085387559,0.2572551927914083,False
2025-04-27 10:00:00,10319.05811808118,104.0,7440.5,29.83888888888889,53.17777777777778,0.5217394817451815,0.06649575579106773,0.3168798050658303,False
2025-04-27 11:00:00,9440.84040590406,104.0,7554.0,29.83888888888889,53.17777777777778,0.4913401757016055,0.05111923154690372,0.2932407508319897,False
2025-04-27 12:00:00,9001.7315498155,104.0,7451.9,29.83888888888889,53.17777777777778,0.4309425656491429,0.04523264523353531,0.2573731014621195,False
2025-04-27 13:00:00,9221.28597785978,104.0,7350.3,29.83888888888889,53.17777777777778,0.3886501139260804,0.045101110887455165,0.23405306255869907,False
2025-04-27 14:00:00,9879.94926199262,104.0,7188.0,29.83888888888889,53.17777777777778,0.32809377339768864,0.03925839106404492,0.198117851347549,False
2025-04-27 15:00:00,11197.275830258302,104.0,7072.799999999999,29.83888888888889,53.17777777777778,0.32175993571944744,0.05174288737766795,0.2002522639656467,False
2025-04-27 16:00:00,13831.928966789668,104.0,7167.7,29.83888888888889,53.17777777777778,0.3837955512347436,0.0310701636680179,0.22506912682971708,False
2025-04-27 17:00:00,16905.690959409592,104.0,6803.9,29.83888888888889,53.17777777777778,0.4431580850478024,0.035660255103710375,0.259784061572961,False
2025-04-27 18:00:00,18223.01752767528,104.0,5971.5,29.83888888888889,53.17777777777778,0.4840625967998283,0.04578442128639287,0.2868374178187824,False
2025-04-27 19:00:00,15588.364391143909,104.0,5931.2,29.83888888888889,53.17777777777778,0.32910877298777486,0.03150402846561019,0.19518663795280078,False
2025-04-27 20:00:00,12295.047970479704,104.0,5780.6,29.83888888888889,53.17777777777778,0.34796819245431293,0.029543209405171935,0.2046769500821995,False
2025-04-27 21:00:00,9660.394833948338,104.0,5536.1,29.83888888888889,53.17777777777778,0.3088310952491976,0.0298157473151227,0.18327418867886391,False
2025-04-27 22:00:00,7025.741697416975,104.0,5806.0,29.83888888888889,53.17777777777778,0.35790094962512264,0.023800398828321943,0.20755570176656235,False
2025-04-27 23:00:00,5927.969557195573,104.0,6020.2,29.83888888888889,53.17777777777778,0.3578482158061737,0.025280283811701203,0.2081926464086611,False
2025-04-28 00:00:00,4294.8302583025825,81.0,5997.13,29.93888888888889,54.599999999999994,0.7549246009714408,0.4511199605300699,0.618212512772824,True
2025-04-28 01:00:00,3513.9520295202947,81.0,6192.99,29.93888888888889,54.599999999999994,0.6649865187993967,0.0941140430408716,0.40809390470806045,False
2025-04-28 02:00:00,2928.2933579335795,81.0,6107.780000000001,29.93888888888889,54.599999999999994,0.7192465021460311,0.07282964928936729,0.4283589183605324,False
2025-04-28 03:00:00,2928.2933579335795,81.0,5995.389999999999,29.93888888888889,54.599999999999994,0.7095959136265771,0.06140167295514046,0.41790850532443063,False
2025-04-28 04:00:00,3904.391143911439,81.0,5880.2300000000005,29.93888888888889,54.599999999999994,0.7148899535466146,0.06111847405679423,0.4206927877761954,False
2025-04-28 05:00:00,6247.025830258303,81.0,5871.0,29.93888888888889,54.599999999999994,0.7336817312180658,0.05852775627243623,0.4298624424925325,False
2025-04-28 06:00:00,9956.19741697417,81.0,5363.33,29.93888888888889,54.599999999999994,0.7044622789576876,0.04169526528515681,0.4062171228050488,False
2025-04-28 07:00:00,12494.051660516609,81.0,5527.0,29.93888888888889,54.599999999999994,0.5868313927068861,0.042301297576786696,0.3417928498983414,False
2025-04-28 08:00:00,13470.149446494468,81.0,5847.2,29.93888888888889,54.599999999999994,0.5946986905990987,0.026567902353209622,0.33903983588844866,False
2025-04-28 09:00:00,10932.295202952027,81.0,6168.5,29.93888888888889,54.599999999999994,0.5279112167403766,0.03858076384929716,0.30771251293939084,False
2025-04-28 10:00:00,9175.319188191885,81.0,6878.7,29.93888888888889,54.599999999999994,0.5934018369006618,0.036699553116173206,0.342885809197642,False
2025-04-28 11:00:00,8394.440959409594,81.0,6960.5,29.93888888888889,54.599999999999994,0.5530816827031804,0.03488568788731381,0.3198934850360404,False
2025-04-28 12:00:00,8004.001845018452,81.0,6812.5,29.93888888888889,54.599999999999994,0.5382928796113191,0.02904351691731254,0.30913066639901615,False
2025-04-28 13:00:00,8199.221402214023,81.0,6777.1,29.93888888888889,54.599999999999994,0.5269464269990067,0.02198882787817485,0.29971550739463243,False
2025-04-28 14:00:00,8784.880073800736,81.0,6725.2,29.93888888888889,54.599999999999994,0.49684690964955947,0.019949979493775027,0.2822432910794565,False
2025-04-28 15:00:00,9956.19741697417,81.0,6494.7,29.93888888888889,54.599999999999994,0.534107363847767,0.035866190145959966,0.30989883568195387,False
2025-04-28 16:00:00,12298.832103321034,81.0,6483.22,29.93888888888889,54.599999999999994,0.5738540610881749,0.02992751256433734,0.3290871142524481,False
2025-04-28 17:00:00,15031.90590405904,81.0,5758.0,29.93888888888889,54.599999999999994,0.6619880477923978,0.035164566061120714,0.3799174810133232,False
2025-04-28 18:00:00,16203.223247232476,81.0,5005.1,29.93888888888889,54.599999999999994,0.6217207916322702,0.04558865021299472,0.36246132799359626,False
2025-04-28 19:00:00,13860.588560885606,81.0,5352.1,29.93888888888889,54.599999999999994,0.4991571253920552,0.0384327704528876,0.2918311656694298,False
2025-04-28 20:00:00,10932.295202952027,81.0,5324.5,29.93888888888889,54.599999999999994,0.49117470839508975,0.015696110766091384,0.2772093394620405,False
2025-04-28 21:00:00,8589.660516605165,81.0,5132.0,29.93888888888889,54.599999999999994,0.47028207097768737,0.022863836330189156,0.2689438653863132,False
2025-04-28 22:00:00,6247.025830258303,81.0,5720.6,29.93888888888889,54.599999999999994,0.4947854925950528,0.03502495494227145,0.2878932506513012,False
2025-04-28 23:00:00,5270.928044280443,81.0,5822.3,29.93888888888889,54.599999999999994,0.3976985193084172,0.03112257963548384,0.2327393464555972,False
2025-04-29 00:00:00,6349.719557195571,70.0,5796.93,30.10555555555555,57.166666666666664,0.6209283360909271,0.10031156115542254,0.3866507873699501,False
2025-04-29 01:00:00,5195.225092250922,70.0,6069.110000000001,30.10555555555555,57.166666666666664,0.5308763996434537,0.092514602103186,0.33361359075033326,False
2025-04-29 02:00:00,4329.354243542435,70.0,5744.120000000001,30.10555555555555,57.166666666666664,0.4654651191213384,0.07733471797299739,0.290806438604585,False
2025-04-29 03:00:00,4329.354243542435,70.0,5873.4800000000005,30.10555555555555,57.166666666666664,0.4641012688244138,0.06435535204439549,0.2842156062734056,False
2025-04-29 04:00:00,5772.472324723247,70.0,5885.82,30.10555555555555,57.166666666666664,0.46072616938210775,0.05989486619412261,0.28035208294751446,False
2025-04-29 05:00:00,9235.955719557196,70.0,5853.070000000001,30.10555555555555,57.166666666666664,0.4250330491454782,0.042842959669111384,0.25304750888111316,False
2025-04-29 06:00:00,14719.80442804428,70.0,5448.599999999999,30.10555555555555,57.166666666666664,0.4934577533510065,0.031685902047311844,0.2856604202643439,False
2025-04-29 07:00:00,18471.911439114392,70.0,5945.0,30.10555555555555,57.166666666666664,0.50604597826197,0.033398755406517065,0.29335472797701617,False
2025-04-29 08:00:00,19915.029520295204,70.0,6418.2,30.10555555555555,57.166666666666664,0.5023241005330468,0.027899927417834373,0.2888332226312012,False
2025-04-29 09:00:00,16162.92250922509,70.0,7580.5,30.10555555555555,57.166666666666664,0.6336460839147491,0.07922664526832654,0.38415733652385897,False
2025-04-29 10:00:00,13565.30996309963,70.0,8090.299999999999,30.10555555555555,57.166666666666664,0.52002513579852,0.03880802146565221,0.30347743434872954,False
2025-04-29 11:00:00,12410.81549815498,70.0,8222.3375,30.10555555555555,57.166666666666664,0.5880802250143456,0.027505908560009795,0.33582178260989454,False
2025-04-29 12:00:00,11833.568265682658,70.0,8071.9,30.10555555555555,57.166666666666664,0.48145667873167775,0.023599325433638938,0.2754208697475603,False
2025-04-29 13:00:00,12122.19188191882,70.0,7917.2,30.10555555555555,57.166666666666664,0.46965972785452176,0.020083796159954155,0.2673505585919663,False
2025-04-29 14:00:00,12988.062730627304,70.0,7991.700000000001,30.10555555555555,57.166666666666664,0.4729624642705567,0.04069302268075052,0.27844121555514395,False
2025-04-29 15:00:00,14719.80442804428,70.0,7985.6,30.10555555555555,57.166666666666664,0.5899878523269925,0.05292090377874008,0.34830772548027894,False
2025-04-29 16:00:00,18183.28782287823,70.0,7685.3,30.10555555555555,57.166666666666664,0.5756406676514311,0.035884093936000894,0.3327502094794875,False
2025-04-29 17:00:00,22224.0184501845,70.0,7395.5,30.10555555555555,57.166666666666664,0.6247952752413208,0.03562889678623893,0.359670404936534,False
2025-04-29 18:00:00,23955.76014760148,70.0,6504.3,30.10555555555555,57.166666666666664,0.6962476032555637,0.03932364461175722,0.4006318218658508,False
2025-04-29 19:00:00,20492.276752767524,70.0,6428.1,30.10555555555555,57.166666666666664,0.5501363855983838,0.05136548756761589,0.3256894814845383,False
2025-04-29 20:00:00,16162.92250922509,70.0,6206.4,30.10555555555555,57.166666666666664,0.5284184067475791,0.041472060663942885,0.30929255100994285,False
2025-04-29 21:00:00,12699.439114391142,70.0,5973.2,30.10555555555555,57.166666666666664,0.5226999002834818,0.025573699498016297,0.2989931099300223,False
2025-04-29 22:00:00,9235.955719557196,70.0,5890.7,30.10555555555555,57.166666666666664,0.4445267464281789,0.024251972137648164,0.2554030979974401,False
2025-04-29 23:00:00,7792.837638376383,70.0,6024.9,30.10555555555555,57.166666666666664,0.3780163411962859,0.032294885032932104,0.22244168592277672,False
2025-04-30 00:00:00,7229.719557195571,70.0,5963.0,30.566666666666663,57.7,0.417684464869528,0.11902573998766218,0.28328803867268837,False
2025-04-30 01:00:00,5915.225092250921,70.0,6314.299999999999,30.566666666666663,57.7,0.3910451278437782,0.06088756553293387,0.2424742248038983,False
2025-04-30 02:00:00,4929.354243542435,70.0,6199.860000000001,30.566666666666663,57.7,0.31639927274807855,0.05246160800196513,0.19762732361232754,False
2025-04-30 03:00:00,4929.354243542435,70.0,6106.48,30.566666666666663,57.7,0.3079517562538944,0.05503016632655255,0.1941370407865906,False
2025-04-30 04:00:00,6572.472324723247,70.0,6131.52,30.566666666666663,57.7,0.3439385732524153,0.056426332874073476,0.2145580650821615,False
2025-04-30 05:00:00,10515.955719557196,70.0,6078.060000000001,30.566666666666663,57.7,0.3787859065729178,0.04796208637761462,0.22991518748503137,False
2025-04-30 06:00:00,16759.804428044277,70.0,6056.799999999999,30.566666666666663,57.7,0.4382246381400458,0.04149999534857599,0.25969854888388444,False
2025-04-30 07:00:00,21031.911439114392,70.0,6173.1,30.566666666666663,57.7,0.5429267126940979,0.04352556842637673,0.3181961977736234,False
2025-04-30 08:00:00,22675.029520295204,70.0,6481.799999999999,30.566666666666663,57.7,0.5530992749565937,0.06149217925808889,0.3318760818922666,False
2025-04-30 09:00:00,18402.92250922509,70.0,7709.200000000001,30.566666666666663,57.7,0.6789889004629969,0.06531140813554205,0.40283402891564224,False
2025-04-30 10:00:00,15445.30996309963,70.0,8144.4,30.566666666666663,57.7,0.5924480211018518,0.03913134502627972,0.34345551686784437,False
2025-04-30 11:00:00,14130.81549815498,70.0,8222.3375,30.566666666666663,57.7,0.6060401352120404,0.03564092091571355,0.3493604887786933,False
2025-04-30 12:00:00,13473.568265682658,70.0,8163.799999999999,30.566666666666663,57.7,0.5200173124750485,0.026498629236046855,0.2979339050174977,False
2025-04-30 13:00:00,13802.19188191882,70.0,7946.3,30.566666666666663,57.7,0.5193728341550898,0.027624330296201507,0.29808600741859015,False
2025-04-30 14:00:00,14788.062730627304,70.0,7428.200000000001,30.566666666666663,57.7,0.46738620006000403,0.044145434114165084,0.27692785538437653,False
2025-04-30 15:00:00,16759.804428044277,70.0,7839.4,30.566666666666663,57.7,0.6032656469975128,0.08385209806910437,0.36952954997972903,False
2025-04-30 16:00:00,20703.28782287823,70.0,7865.299999999999,30.566666666666663,57.7,0.604991211187342,0.04875102459812582,0.35468312722219475,False
2025-04-30 17:00:00,25304.0184501845,70.0,7278.8,30.566666666666663,57.7,0.7358957702111252,0.03386588447002114,0.4199823216276284,False
2025-04-30 18:00:00,27275.76014760148,70.0,6408.799999999999,30.566666666666663,57.7,0.8670438049940459,0.03090662302073174,0.49078207310605454,False
2025-04-30 19:00:00,23332.276752767524,70.0,6321.4,30.566666666666663,57.7,0.7601907969745553,0.03735753746291569,0.4349158301943175,False
2025-04-30 20:00:00,18402.92250922509,70.0,6206.799999999999,30.566666666666663,57.7,0.6701310879535611,0.031090704635388513,0.38256291546038346,False
2025-04-30 21:00:00,14459.439114391142,70.0,5868.5,30.566666666666663,57.7,0.6085274236995528,0.024550075307117416,0.3457376169229569,False
2025-04-30 22:00:00,10515.955719557196,70.0,6219.9,30.566666666666663,57.7,0.5639667964079633,0.03735271569303458,0.32699046008624544,False
2025-04-30 23:00:00,8872.837638376384,70.0,6370.299999999999,30.566666666666663,57.7,0.5182355831230981,0.03895770628761947,0.3025605385471328,False
2025-05-01 00:00:00,5890.621771217711,85.0,6107.1,30.7,60.233333333333334,0.7803008825437234,0.10768183607364874,0.4776223116321899,False
2025-05-01 01:00:00,4819.599630996309,85.0,6352.6,30.7,60.233333333333334,0.5574383698723737,0.03416489550610849,0.3219653064075544,False
2025-05-01 02:00:00,4016.3330258302576,85.0,6039.1,30.7,60.233333333333334,0.5085117656774045,0.03377890066584902,0.2948819764222046,False
2025-05-01 03:00:00,4016.3330258302576,85.0,6036.0,30.7,60.233333333333334,0.5507711089756119,0.03967610764972014,0.3207783583789606,False
2025-05-01 04:00:00,5355.110701107011,85.0,5962.7,30.7,60.233333333333334,0.6074895626808414,0.04240997832928042,0.353203749722639,False
2025-05-01 05:00:00,8568.177121771218,85.0,5930.6,30.7,60.233333333333334,0.6116982186737082,0.04239652251848465,0.3555124554038576,False
2025-05-01 06:00:00,13655.532287822876,85.0,5320.1,30.7,60.233333333333334,0.6561468647443195,0.05682966699541327,0.38645412575731175,False
2025-05-01 07:00:00,17136.354243542435,85.0,5497.200000000001,30.7,60.233333333333334,0.578849906604132,0.08010563440393952,0.3544149841140455,False
2025-05-01 08:00:00,18475.13191881919,85.0,5670.7,30.7,60.233333333333334,0.4793723087513434,0.06667747910894405,0.2936596354122637,False
2025-05-01 09:00:00,14994.30996309963,85.0,6034.039999999999,30.7,60.233333333333334,0.44491403117980605,0.07558857666168659,0.2787175766466523,False
2025-05-01 10:00:00,12584.510147601475,85.0,6741.870000000001,30.7,60.233333333333334,0.4573518696049206,0.052132149427705464,0.27500299552517377,False
2025-05-01 11:00:00,11513.488007380072,85.0,6767.67,30.7,60.233333333333334,0.4601830279686975,0.06136049251966601,0.28071288701663333,False
2025-05-01 12:00:00,10977.976937269374,85.0,6836.9,30.7,60.233333333333334,0.352530989519222,0.04113823000665163,0.21240424773856537,False
2025-05-01 13:00:00,11245.732472324724,85.0,6829.870000000001,30.7,60.233333333333334,0.3481204829292708,0.03679331931564833,0.2080232593031407,False
2025-05-01 14:00:00,12048.999077490773,85.0,6847.6,30.7,60.233333333333334,0.30959279795730693,0.035747297318199624,0.18636232266970865,False
2025-05-01 15:00:00,13655.532287822876,85.0,6791.79,30.7,60.233333333333334,0.4147385753794663,0.0373193431243716,0.24489992086467371,False
2025-05-01 16:00:00,16868.598708487083,85.0,6737.800000000001,30.7,60.233333333333334,0.5278892158360867,0.04164253421081628,0.30907820910471506,False
2025-05-01 17:00:00,20617.17619926199,85.0,6310.880000000001,30.7,60.233333333333334,0.5327166987226126,0.04620533019105134,0.31378658288341005,False
2025-05-01 18:00:00,22223.709409594096,85.0,5593.58,30.7,60.233333333333334,0.526229169184159,0.04451224512781522,0.3094565533588043,False
2025-05-01 19:00:00,19010.642988929885,85.0,5510.469999999999,30.7,60.233333333333334,0.4981856974669704,0.03309141642207066,0.28889327099676554,False
2025-05-01 20:00:00,14994.30996309963,85.0,5468.63,30.7,60.233333333333334,0.4297382087133656,0.0238306548295765,0.24707980946566052,False
2025-05-01 21:00:00,11781.243542435424,85.0,5317.1,30.7,60.233333333333334,0.3621811825206638,0.023879857817849775,0.20994558640439748,False
2025-05-01 22:00:00,8568.177121771218,85.0,5637.299999999999,30.7,60.233333333333334,0.3394118733216619,0.034492094761548166,0.20219797296961073,False
2025-05-01 23:00:00,7229.399446494464,85.0,5773.0,30.7,60.233333333333334,0.302072663369634,0.04781245228903555,0.18765556838336472,False
2025-05-02 00:00:00,6615.749077490774,100.0,5741.67,30.65,60.36666666666666,0.5435203699480526,0.08041438539698319,0.3351226769000714,False
2025-05-02 01:00:00,5412.885608856088,100.0,6017.200000000001,30.65,60.36666666666666,0.47246605826439037,0.05188969166435877,0.28320669329437614,False
2025-05-02 02:00:00,4510.738007380073,100.0,5833.900000000001,30.65,60.36666666666666,0.38876952895997496,0.04381861131169585,0.23354161601824938,False
2025-05-02 03:00:00,4510.738007380073,100.0,5807.6,30.65,60.36666666666666,0.42496527500992864,0.043495442029719215,0.25330385016883444,False
2025-05-02 04:00:00,6014.317343173431,100.0,5918.1,30.65,60.36666666666666,0.4858760178489131,0.060826059620282424,0.2946035366460293,False
2025-05-02 05:00:00,9622.90774907749,100.0,5769.8,30.65,60.36666666666666,0.43791340777852883,0.04784822952222359,0.2623840775631915,False
2025-05-02 06:00:00,15336.50922509225,100.0,5716.48,30.65,60.36666666666666,0.49326844599689007,0.05299135958770029,0.29514375711275465,False
2025-05-02 07:00:00,19245.81549815498,100.0,6092.900000000001,30.65,60.36666666666666,0.5992500635670384,0.05648525423782873,0.35500589936889404,False
2025-05-02 08:00:00,20749.39483394834,100.0,6517.5,30.65,60.36666666666666,0.5778356145258207,0.05178379553579109,0.3411122959803074,False
2025-05-02 09:00:00,16840.088560885608,100.0,7322.700000000001,30.65,60.36666666666666,0.6162362954248026,0.06175159692243422,0.3667181810987369,False
2025-05-02 10:00:00,14133.645756457565,100.0,7901.2,30.65,60.36666666666666,0.6042216769260567,0.052647489192090266,0.3560132924457718,False
2025-05-02 11:00:00,12930.782287822878,100.0,8222.3375,30.65,60.36666666666666,0.6352039291901452,0.05115932279309694,0.3723838563114735,False
2025-05-02 12:00:00,12329.350553505536,100.0,8168.1,30.65,60.36666666666666,0.5045383847191959,0.035738002139439756,0.29357821255830563,False
2025-05-02 13:00:00,12630.066420664209,100.0,8125.0,30.65,60.36666666666666,0.4841605115719666,0.035570365725223506,0.28229494594093224,False
2025-05-02 14:00:00,13532.21402214022,100.0,8061.8,30.65,60.36666666666666,0.49074913390824226,0.04189089320388752,0.28876292559128264,False
2025-05-02 15:00:00,15336.50922509225,100.0,8057.0,30.65,60.36666666666666,0.5655399722557501,0.053798326949759334,0.3352562318680543,False
2025-05-02 16:00:00,18945.09963099631,100.0,7833.1,30.65,60.36666666666666,0.6127218359917315,0.04246436913293729,0.3561059759052741,False
2025-05-02 17:00:00,23155.12177121771,100.0,7370.3,30.65,60.36666666666666,0.7063669937243355,0.03790439283250558,0.40555882332301213,False
2025-05-02 18:00:00,24959.416974169744,100.0,6707.5,30.65,60.36666666666666,0.6715990889821315,0.0388825082035873,0.38687662763178665,False
2025-05-02 19:00:00,21350.82656826568,100.0,5791.9,30.65,60.36666666666666,0.777275363483208,0.052857755803155486,0.4512874400271844,False
2025-05-02 20:00:00,16840.088560885608,100.0,5534.1,30.65,60.36666666666666,0.6952178873468748,0.03332712388267381,0.3973670437879844,False
2025-05-02 21:00:00,13231.498154981547,100.0,5640.7,30.65,60.36666666666666,0.5913935447159383,0.04377502694744766,0.34496521172011757,False
2025-05-02 22:00:00,9622.90774907749,100.0,6246.099999999999,30.65,60.36666666666666,0.5869301649622336,0.06163241524406285,0.35054617758905676,False
2025-05-02 23:00:00,8119.328413284133,100.0,6430.9,30.65,60.36666666666666,0.4810442755215075,0.05854070731290954,0.29091766982763845,False
2025-05-03 00:00:00,6929.167896678965,82.0,6227.9,27.727777777777774,67.33333333333333,0.7705514461954178,0.24228369733131427,0.5328309592065713,True
2025-05-03 01:00:00,5669.319188191881,82.0,6421.3,27.727777777777774,67.33333333333333,0.6414060355619007,0.06606557743388579,0.382502829404294,False
2025-05-03 02:00:00,4724.432656826568,82.0,6105.7,27.727777777777774,67.33333333333333,0.6227001093413302,0.05746610015747272,0.3683448052085944,False
2025-05-03 03:00:00,4724.432656826568,82.0,6110.0199999999995,27.727777777777774,67.33333333333333,0.5789972470764327,0.04140218928099768,0.337079471068487,False
2025-05-03 04:00:00,6299.243542435424,82.0,6133.2,27.727777777777774,67.33333333333333,0.5564318945111532,0.041976311082358615,0.32492688196819564,False
2025-05-03 05:00:00,10078.78966789668,82.0,6038.4,27.727777777777774,67.33333333333333,0.5278590195437416,0.03597781709007304,0.30651247843959073,False
2025-05-03 06:00:00,16063.07103321033,82.0,5654.1,27.727777777777774,67.33333333333333,0.5581081334338022,0.054928640295386896,0.3316773615215153,False
2025-05-03 07:00:00,20157.57933579336,82.0,6188.77,27.727777777777774,67.33333333333333,0.5954695228628856,0.05414192006095885,0.35187210160201854,False
2025-05-03 08:00:00,21732.390221402213,82.0,6598.63,27.727777777777774,67.33333333333333,0.5970332797327291,0.060306456678741086,0.3555062093584345,False
2025-05-03 09:00:00,17637.881918819185,82.0,7571.84,27.727777777777774,67.33333333333333,0.6805213600776144,0.04913485272690525,0.3963974317697953,False
2025-05-03 10:00:00,14803.222324723243,82.0,8187.63,27.727777777777774,67.33333333333333,0.6785962742237216,0.05045359565975269,0.3959320688699356,False
2025-05-03 11:00:00,13543.373616236162,82.0,8222.3375,27.727777777777774,67.33333333333333,0.6855555315037399,0.056239307987611925,0.4023632309214824,False
2025-05-03 12:00:00,12913.44926199262,82.0,8207.32,27.727777777777774,67.33333333333333,0.5673662191120241,0.052234594689724016,0.3355569881219891,False
2025-05-03 13:00:00,13228.411439114392,82.0,7896.3,27.727777777777774,67.33333333333333,0.5756623850113796,0.05647488719248023,0.3420280109928749,False
2025-05-03 14:00:00,14173.297970479702,82.0,7530.73,27.727777777777774,67.33333333333333,0.5866593599415968,0.05632267379851859,0.3480078511772116,False
2025-05-03 15:00:00,16063.07103321033,82.0,5933.15,27.727777777777774,67.33333333333333,0.7515850453200199,0.15724810777134304,0.4841334234231153,False
2025-05-03 16:00:00,19842.617158671583,82.0,6311.8,27.727777777777774,67.33333333333333,0.6843600943950942,0.173089614135148,0.4542883782781184,False
2025-05-03 17:00:00,24252.087638376383,82.0,6351.700000000001,27.727777777777774,67.33333333333333,0.6683392097042288,0.1266906140214931,0.42459734164699775,False
2025-05-03 18:00:00,26141.860701107013,82.0,5846.4,27.727777777777774,67.33333333333333,0.7436661856292399,0.08212233054243524,0.44597145084017786,False
2025-05-03 19:00:00,22362.314575645752,82.0,5846.700000000001,27.727777777777774,67.33333333333333,0.6109225519438334,0.05084193699460915,0.35888627521668254,False
2025-05-03 20:00:00,17637.881918819185,82.0,5722.2,27.727777777777774,67.33333333333333,0.570010720676589,0.09367757220097839,0.3556608038625642,False
2025-05-03 21:00:00,13858.33579335793,82.0,5862.599999999999,27.727777777777774,67.33333333333333,0.47984082799490585,0.09078056776095517,0.3047637108896281,False
2025-05-03 22:00:00,10078.78966789668,82.0,5817.200000000001,27.727777777777774,67.33333333333333,0.46207902599726713,0.06935650505976873,0.28535389157539287,False
2025-05-03 23:00:00,8503.978782287822,82.0,5857.400000000001,27.727777777777774,67.33333333333333,0.41892979093651783,0.06661890621631737,0.26038989281242764,False
2025-05-04 00:00:00,7146.488929889298,79.0,5725.3,29.572222222222223,57.03333333333333,0.5594481560374878,0.05935484835767865,0.3344061675815737,False
2025-05-04 01:00:00,5847.127306273062,79.0,5867.2,29.572222222222223,57.03333333333333,0.3764401336712577,0.0635588662365674,0.2356435633256471,False
2025-05-04 02:00:00,4872.606088560886,79.0,5567.400000000001,29.572222222222223,57.03333333333333,0.33002939280850807,0.05677235734775746,0.2070637268511703,False
2025-05-04 03:00:00,4872.606088560886,79.0,5741.099999999999,29.572222222222223,57.03333333333333,0.29332817483316254,0.08813106183993004,0.20098947398620792,False
2025-05-04 04:00:00,6496.8081180811805,79.0,5544.0,29.572222222222223,57.03333333333333,0.3863886869049378,0.06144664252141388,0.24016476693235206,False
2025-05-04 05:00:00,10394.89298892989,79.0,5389.5,29.572222222222223,57.03333333333333,0.42778960312578884,0.05975608615526075,0.2621745204890512,False
2025-05-04 06:00:00,16566.860701107013,79.0,5171.7,29.572222222222223,57.03333333333333,0.4791709396954592,0.06423479772036117,0.2924496758066651,False
2025-05-04 07:00:00,20789.78597785978,79.0,5677.8,29.572222222222223,57.03333333333333,0.4817868312781136,0.058274138784503035,0.29120611965598886,False
2025-05-04 08:00:00,22413.98800738008,79.0,5907.099999999999,29.572222222222223,57.03333333333333,0.5081711655638605,0.08626478849506515,0.31831329588290264,False
2025-05-04 09:00:00,18191.062730627305,79.0,6764.2,29.572222222222223,57.03333333333333,0.5617985295394916,0.05825577654794656,0.3352042906932964,False
2025-05-04 10:00:00,15267.499077490776,79.0,7276.6,29.572222222222223,57.03333333333333,0.4641251179403888,0.05585272615792092,0.28040254163827827,False
2025-05-04 11:00:00,13968.13745387454,79.0,7481.400000000001,29.572222222222223,57.03333333333333,0.4839300657643052,0.05715236427372844,0.29188010009354565,False
2025-05-04 12:00:00,13318.456642066423,79.0,7384.7,29.572222222222223,57.03333333333333,0.3969738798460458,0.04313505734821586,0.23774640972202235,False
2025-05-04 13:00:00,13643.297047970484,79.0,7227.8,29.572222222222223,57.03333333333333,0.3797521788557566,0.049503754955366325,0.23114038810058096,False
2025-05-04 14:00:00,14617.818265682654,79.0,7173.200000000001,29.572222222222223,57.03333333333333,0.34146744364644016,0.05621249295915626,0.21310271583716242,False
2025-05-04 15:00:00,16566.860701107013,79.0,7200.6,29.572222222222223,57.03333333333333,0.3947542088153691,0.0760365921735348,0.2513312813265437,False
2025-05-04 16:00:00,20464.945571955723,79.0,7174.6,29.572222222222223,57.03333333333333,0.45735884251367137,0.05607032198438021,0.27677900827549035,False
2025-05-04 17:00:00,25012.711254612543,79.0,6895.799999999999,29.572222222222223,57.03333333333333,0.5896206006660769,0.04843152806841693,0.34608551799712994,False
2025-05-04 18:00:00,26961.753690036905,79.0,5794.0,29.572222222222223,57.03333333333333,0.7381959998103337,0.05958337482708023,0.4328203185678696,False
2025-05-04 19:00:00,23063.668819188188,79.0,5956.1,29.572222222222223,57.03333333333333,0.6371285026626181,0.05176580175325762,0.3737152872534059,False
2025-05-04 20:00:00,18191.062730627305,79.0,5799.500000000001,29.572222222222223,57.03333333333333,0.542089077285461,0.045792618720836516,0.31875567093137996,False
2025-05-04 21:00:00,14292.977859778595,79.0,5622.9,29.572222222222223,57.03333333333333,0.4092027279772707,0.040131123328090094,0.24312050588513945,False
2025-05-04 22:00:00,10394.89298892989,79.0,6063.400000000001,29.572222222222223,57.03333333333333,0.4191153335455232,0.04485173644937275,0.25069671485225553,False
2025-05-04 23:00:00,8770.690959409594,79.0,6035.1,29.572222222222223,57.03333333333333,0.355553814226846,0.05259984294867241,0.2192245271516679,False
2025-05-05 00:00:00,3906.298892988929,80.0,5892.4,29.294814814814817,57.56296296296296,0.7573796303532745,0.059076194325019926,0.44314308414056,False
2025-05-05 01:00:00,3196.062730627306,80.0,6094.02,29.294814814814817,57.56296296296296,0.547890934300453,0.029695742025101102,0.31470309777654465,False
2025-05-05 02:00:00,2663.3856088560888,80.0,5845.88,29.294814814814817,57.56296296296296,0.47850901403919954,0.020687099990512468,0.2724891527172904,False
2025-05-05 03:00:00,2663.3856088560888,80.0,5842.32,29.294814814814817,57.56296296296296,0.524833964785062,0.024618803073899062,0.29973714201503865,False
2025-05-05 04:00:00,3551.180811808118,80.0,5839.0,29.294814814814817,57.56296296296296,0.5357488427698286,0.023283346697951877,0.30513936953748405,False
2025-05-05 05:00:00,5681.889298892989,80.0,5649.01,29.294814814814817,57.56296296296296,0.5495833673568679,0.018844451348073617,0.31075085515291045,False
2025-05-05 06:00:00,9055.5110701107,80.0,5549.58,29.294814814814817,57.56296296296296,0.4159930606268404,0.019379867500413726,0.2375171237199484,False
2025-05-05 07:00:00,11363.778597785978,80.0,5389.47,29.294814814814817,57.56296296296296,0.3903735005880332,0.03625865695998195,0.23102182095541018,False
2025-05-05 08:00:00,12251.57380073801,80.0,5506.76,29.294814814814817,57.56296296296296,0.33930817972917804,0.035789940929956,0.20272497226952815,False
2025-05-05 09:00:00,9943.30627306273,80.0,6177.42,29.294814814814817,57.56296296296296,0.3863651969573585,0.008880583614802609,0.21649712095320836,False
2025-05-05 10:00:00,8345.274907749077,80.0,6634.400000000001,29.294814814814817,57.56296296296296,0.3467417289260515,0.014297829024267218,0.19714197397024857,False
2025-05-05 11:00:00,7635.038745387455,80.0,6757.01,29.294814814814817,57.56296296296296,0.3740225520004721,0.027835823242932812,0.21823852405957944,False
2025-05-05 12:00:00,7279.920664206644,80.0,6629.610000000001,29.294814814814817,57.56296296296296,0.34483313840415797,0.03941605657439491,0.2073954515807646,False
2025-05-05 13:00:00,7457.47970479705,80.0,6612.13,29.294814814814817,57.56296296296296,0.324961173111073,0.03261301813927513,0.19340450337376397,False
2025-05-05 14:00:00,7990.156826568264,80.0,6501.49,29.294814814814817,57.56296296296296,0.3123822431049016,0.020428588096774895,0.1810030983512446,False
2025-05-05 15:00:00,9055.5110701107,80.0,6372.72,29.294814814814817,57.56296296296296,0.38298988680269075,0.029716426049257557,0.22401682946364582,False
2025-05-05 16:00:00,11186.219557195573,80.0,6197.4400000000005,29.294814814814817,57.56296296296296,0.4110557603177737,0.03848358563382668,0.24339828170999755,False
2025-05-05 17:00:00,13672.046125461256,80.0,5728.48,29.294814814814817,57.56296296296296,0.46399836718842835,0.05414435793974029,0.2795640630265187,False
2025-05-05 18:00:00,14737.400369003692,80.0,4992.88,29.294814814814817,57.56296296296296,0.44506288793764726,0.07905854524112951,0.2803609337242143,False
2025-05-05 19:00:00,12606.691881918816,80.0,5190.76,29.294814814814817,57.56296296296296,0.29753706073500186,0.03934258639965864,0.1813495472840974,False
2025-05-05 20:00:00,9943.30627306273,80.0,5213.950000000001,29.294814814814817,57.56296296296296,0.26794123673540343,0.016337981894829864,0.15471977205714535,False
2025-05-05 21:00:00,7812.597785977858,80.0,5096.1,29.294814814814817,57.56296296296296,0.25353532989928257,0.019244374744356207,0.1481044000795657,False
2025-05-05 22:00:00,5681.889298892989,80.0,5569.37,29.294814814814817,57.56296296296296,0.2881474144062015,0.021446134586203085,0.16813183848720223,False
2025-05-05 23:00:00,4794.09409594096,80.0,5603.7,29.294814814814817,57.56296296296296,0.2759871705868568,0.021551216699458694,0.16149099133752767,False
2025-05-06 00:00:00,5837.123616236161,78.0,5669.9,28.694444444444443,64.77777777777777,0.5194532994282157,0.03354613715819035,0.30079507640670433,False
2025-05-06 01:00:00,4775.828413284132,78.0,5961.0,28.694444444444443,64.77777777777777,0.5365781287995457,0.04967833570871478,0.31747322190867183,False
2025-05-06 02:00:00,3979.8570110701103,78.0,5766.2,28.694444444444443,64.77777777777777,0.4726001040157588,0.05613673048523388,0.2851915859270226,False
2025-05-06 03:00:00,3979.8570110701103,78.0,5813.5,28.694444444444443,64.77777777777777,0.4625129016818568,0.055159481630160406,0.2792038626585934,False
2025-05-06 04:00:00,5306.476014760147,78.0,5853.2,28.694444444444443,64.77777777777777,0.4466461985268357,0.06132308367332304,0.273250796842755,False
2025-05-06 05:00:00,8490.361623616236,78.0,5775.4,28.694444444444443,64.77777777777777,0.35989638354357434,0.05074918195812368,0.22078014283012157,False
2025-05-06 06:00:00,13531.513837638377,78.0,5337.4,28.694444444444443,64.77777777777777,0.4151699845268143,0.0516288238589411,0.2515764622262714,False
2025-05-06 07:00:00,16980.723247232472,78.0,5960.5,28.694444444444443,64.77777777777777,0.4744144854788723,0.06268657774675512,0.28913692699941956,False
2025-05-06 08:00:00,18307.34225092251,78.0,6313.0,28.694444444444443,64.77777777777777,0.43065185623677443,0.0596818112752525,0.2637153360040896,False
2025-05-06 09:00:00,14858.132841328412,78.0,7161.5,28.694444444444443,64.77777777777777,0.44353931012765513,0.07654552005863961,0.2783921045965982,False
2025-05-06 10:00:00,12470.218634686344,78.0,7935.8,28.694444444444443,64.77777777777777,0.4403340309064531,0.07638425985190696,0.2765566339319074,False
2025-05-06 11:00:00,11408.923431734316,78.0,7985.3,28.694444444444443,64.77777777777777,0.39797641759547103,0.04429827683280699,0.23882125425227224,False
2025-05-06 12:00:00,10878.275830258302,78.0,7953.0,28.694444444444443,64.77777777777777,0.3323199106249749,0.03845294926346295,0.20007977801229454,False
2025-05-06 13:00:00,11143.59963099631,78.0,7853.8,28.694444444444443,64.77777777777777,0.3557149731998583,0.037268954559134905,0.2124142648115328,False
2025-05-06 14:00:00,11939.57103321033,78.0,7787.0,28.694444444444443,64.77777777777777,0.34572806819928403,0.0439584986762154,0.20993176191390317,False
2025-05-06 15:00:00,13531.513837638377,78.0,7782.5,28.694444444444443,64.77777777777777,0.4158858627767457,0.06362333420511637,0.25736772491951254,False
2025-05-06 16:00:00,16715.399446494463,78.0,7575.799999999999,28.694444444444443,64.77777777777777,0.4710359648677313,0.051223794523111675,0.28212048821265245,False
2025-05-06 17:00:00,20429.932656826568,78.0,6743.3,28.694444444444443,64.77777777777777,0.5204387292940336,0.04489769836148397,0.30644526537438627,False
2025-05-06 18:00:00,22021.875461254614,78.0,5113.5,28.694444444444443,64.77777777777777,0.6640973742409911,0.1262145606574081,0.4220501081283788,False
2025-05-06 19:00:00,18837.98985239852,78.0,5223.4,28.694444444444443,64.77777777777777,0.4999994776965495,0.10054442555796317,0.32024470423418566,False
2025-05-06 20:00:00,14858.132841328412,78.0,5280.5,28.694444444444443,64.77777777777777,0.4568037235703082,0.08594645183541565,0.2899179512896065,False
2025-05-06 21:00:00,11674.247232472322,78.0,5031.7,28.694444444444443,64.77777777777777,0.5016806013382156,0.0957853645547041,0.31902774478563545,False
2025-05-06 22:00:00,8490.361623616236,78.0,5243.1,28.694444444444443,64.77777777777777,0.3937878681341995,0.08679280202539667,0.2556400883852383,False
2025-05-06 23:00:00,7163.742619926199,78.0,4970.4,28.694444444444443,64.77777777777777,0.3650261676827485,0.1163723072396271,0.25313193048334387,False
2025-05-07 00:00:00,3537.697416974169,52.0,4837.59,28.077777777777776,58.7,0.9260973229453431,1.0,0.9593535276199388,True
2025-05-07 01:00:00,2894.4797047970474,52.0,4948.5,28.077777777777776,58.7,0.7706127819451507,0.13708429418506107,0.4855249624531104,False
2025-05-07 02:00:00,2412.0664206642064,52.0,4785.16,28.077777777777776,58.7,0.7163858559709475,0.11847140466640817,0.4473243528839048,False
2025-05-07 03:00:00,2412.0664206642064,52.0,4774.26,28.077777777777776,58.7,0.7315471112830239,0.08636664258938366,0.44121590037088576,False
2025-05-07 04:00:00,3216.088560885609,52.0,4818.84,28.077777777777776,58.7,0.6500871867585536,0.0806963793864555,0.39386132344110947,False
2025-05-07 05:00:00,5145.741697416974,52.0,4742.26,28.077777777777776,58.7,0.7073597736377246,0.10149673776483344,0.43472140749492366,False
2025-05-07 06:00:00,8201.025830258302,52.0,4811.52,28.077777777777776,58.7,0.6601989774083253,0.11271532325624413,0.41383133303988884,False
2025-05-07 07:00:00,10291.483394833947,52.0,5346.96,28.077777777777776,58.7,0.7230726049094709,0.11455666159793947,0.4492404304192818,False
2025-05-07 08:00:00,11095.50553505535,52.0,5722.2,28.077777777777776,58.7,0.630183008750301,0.13098562222982635,0.4055441848160874,False
2025-05-07 09:00:00,9005.047970479704,52.0,6220.410000000001,28.077777777777776,58.7,0.5697526737012373,0.11019113977066614,0.3629499834324803,False
2025-05-07 10:00:00,7557.80811808118,52.0,6988.610000000001,28.077777777777776,58.7,0.6136907361140927,0.10700402135482741,0.3856817144724234,False
2025-05-07 11:00:00,6914.590405904059,52.0,7116.670000000001,28.077777777777776,58.7,0.6346066843971696,0.09917931137788168,0.3936643665384901,False
2025-05-07 12:00:00,6592.9815498154985,52.0,7070.759999999999,28.077777777777776,58.7,0.6000076744769944,0.08130334137886006,0.366590724582834,False
2025-05-07 13:00:00,6753.785977859779,52.0,7053.13,28.077777777777776,58.7,0.5948067495164557,0.0649614083404453,0.3563763459872511,False
2025-05-07 14:00:00,7236.199261992619,52.0,7219.120000000001,28.077777777777776,58.7,0.5661817887184336,0.05445404287842143,0.3359043030904281,False
2025-05-07 15:00:00,8201.025830258302,52.0,7452.35,28.077777777777776,58.7,0.7555678733738094,0.08313305519332582,0.45297220519259185,False
2025-05-07 16:00:00,10130.678966789668,52.0,7334.960000000001,28.077777777777776,58.7,0.6364946155214809,0.06372067900466834,0.3787463440889153,False
2025-05-07 17:00:00,12381.940959409594,52.0,6826.6900000000005,28.077777777777776,58.7,0.6148528304960091,0.054742701393741586,0.3628032723999888,False
2025-05-07 18:00:00,13346.767527675278,52.0,5654.35,28.077777777777776,58.7,0.6167880029211704,0.0902475436965727,0.3798447962701015,False
2025-05-07 19:00:00,11417.114391143909,52.0,5507.62,28.077777777777776,58.7,0.45360941811199307,0.05976616504055357,0.27637995422984535,False
2025-05-07 20:00:00,9005.047970479704,52.0,5517.889999999999,28.077777777777776,58.7,0.47200817793389926,0.04919151949035297,0.28174068163430344,False
2025-05-07 21:00:00,7075.394833948338,52.0,5605.13,28.077777777777776,58.7,0.4280687837246072,0.05047927331610285,0.2581535040407803,False
2025-05-07 22:00:00,5145.741697416974,52.0,5546.700000000001,28.077777777777776,58.7,0.46731334972331173,0.05067659355202517,0.2798268094462328,False
2025-05-07 23:00:00,4341.719557195572,52.0,5590.780000000001,28.077777777777776,58.7,0.44151653706357863,0.056658734671746105,0.26833052598725404,False
2025-05-08 00:00:00,8357.381918819186,53.0,5464.9,26.15555555555556,63.833333333333336,0.6058183247475772,0.06836257916699853,0.36396323923631685,False
2025-05-08 01:00:00,6837.857933579335,53.0,5459.599999999999,26.15555555555556,63.833333333333336,0.4691663355264388,0.05586490936927456,0.283180693755715,False
2025-05-08 02:00:00,5698.214944649446,53.0,5330.7,26.15555555555556,63.833333333333336,0.46669890754617893,0.05191534142750681,0.2800463027927765,False
2025-05-08 03:00:00,5698.214944649446,53.0,5114.9,26.15555555555556,63.833333333333336,0.3923199321810025,0.03905457626544378,0.23335052201900108,False
2025-05-08 04:00:00,7597.619926199261,53.0,5134.0,26.15555555555556,63.833333333333336,0.3306477545244787,0.037178940000668924,0.1985867879887643,False
2025-05-08 05:00:00,12156.19188191882,53.0,4738.299999999999,26.15555555555556,63.833333333333336,0.49372268149386767,0.041908402643784655,0.2904062560113303,False
2025-05-08 06:00:00,19373.930811808117,53.0,4586.3,26.15555555555556,63.833333333333336,0.5097681410237906,0.05913130104914924,0.306981563035202,False
2025-05-08 07:00:00,24312.38376383764,53.0,5173.4,26.15555555555556,63.833333333333336,0.47851919001323245,0.07919565886476772,0.29882360099642336,False
2025-05-08 08:00:00,26211.788745387457,53.0,5671.999999999999,26.15555555555556,63.833333333333336,0.5579497657258046,0.09375534802584995,0.349062277760825,False
2025-05-08 09:00:00,21273.335793357932,53.0,6283.299999999999,26.15555555555556,63.833333333333336,0.6608238363230878,0.09375275062924543,0.4056418477608588,False
2025-05-08 10:00:00,17854.406826568265,53.0,6584.400000000001,26.15555555555556,63.833333333333336,0.4919190696322919,0.08874295490712088,0.310489818005965,False
2025-05-08 11:00:00,16334.882841328412,53.0,6828.9,26.15555555555556,63.833333333333336,0.473238805963644,0.0745385403237314,0.2938236864256833,False
2025-05-08 12:00:00,15575.120848708488,53.0,6891.6,26.15555555555556,63.833333333333336,0.32890097605110163,0.04700833221194284,0.20204928632348018,False
2025-05-08 13:00:00,15955.00184501845,53.0,6956.4,26.15555555555556,63.833333333333336,0.33310427055115666,0.05309090936897271,0.20709825801917392,False
2025-05-08 14:00:00,17094.644833948336,53.0,6966.3,26.15555555555556,63.833333333333336,0.3567297180450321,0.07728551507187105,0.23097982670710965,False
2025-05-08 15:00:00,19373.930811808117,53.0,7090.6,26.15555555555556,63.833333333333336,0.4594412705472426,0.11142580790798684,0.30283431235957753,False
2025-05-08 16:00:00,23932.502767527672,53.0,7211.0,26.15555555555556,63.833333333333336,0.5907130962156281,0.11557316999957586,0.37690012941840456,False
2025-05-08 17:00:00,27554.309963099622,53.0,6847.5,26.15555555555556,63.833333333333336,0.6413463767794035,0.06011079243166227,0.37979036382292,False
2025-05-08 18:00:00,27554.309963099622,53.0,5240.2,26.15555555555556,63.833333333333336,0.7590491157822111,0.12411122169078039,0.47332706344106734,False
2025-05-08 19:00:00,26971.550738007376,53.0,5247.6,26.15555555555556,63.833333333333336,0.775558782983484,0.11110749691067145,0.47655570425071836,False
2025-05-08 20:00:00,21273.335793357932,53.0,5427.5,26.15555555555556,63.833333333333336,0.7634150044331349,0.1044774008500261,0.466893082820736,False
2025-05-08 21:00:00,16714.763837638373,53.0,5322.6,26.15555555555556,63.833333333333336,0.6352673205952059,0.0697225729739818,0.38077218416565506,False
2025-05-08 22:00:00,12156.19188191882,53.0,5449.3,26.15555555555556,63.833333333333336,0.6099055650161866,0.05623802655148062,0.3607551727070689,False
2025-05-08 23:00:00,10256.786900369005,53.0,5526.0,26.15555555555556,63.833333333333336,0.6064946476099753,0.05476653421016481,0.35821699658006056,False
2025-05-09 00:00:00,4193.719557195571,72.0,5191.65,27.66111111111111,61.35555555555556,0.874075865051928,0.08709843336710874,0.5199360207937593,True
2025-05-09 01:00:00,3431.225092250922,72.0,5342.2,27.66111111111111,61.35555555555556,0.7208907162765763,0.0591714118626723,0.4231170292903195,False
2025-05-09 02:00:00,2859.354243542435,72.0,5123.18,27.66111111111111,61.35555555555556,0.6584487778994187,0.053483459786756796,0.3862143847487209,False
2025-05-09 03:00:00,2859.354243542435,72.0,4995.8,27.66111111111111,61.35555555555556,0.6739305988683655,0.04385414770407713,0.39039619584443574,False
2025-05-09 04:00:00,3812.4723247232473,72.0,5043.38,27.66111111111111,61.35555555555556,0.6683460173255409,0.040154278308005574,0.38565973476765003,False
2025-05-09 05:00:00,6099.955719557195,72.0,5058.93,27.66111111111111,61.35555555555556,0.726248883023301,0.044233199462905104,0.4193418254211229,False
2025-05-09 06:00:00,9721.80442804428,72.0,4840.3,27.66111111111111,61.35555555555556,0.6743377076731192,0.020006193354243623,0.3798885262296252,False
2025-05-09 07:00:00,12199.91143911439,72.0,5515.64,27.66111111111111,61.35555555555556,0.6851746531367316,0.026184987070854333,0.3886293034070869,False
2025-05-09 08:00:00,13153.029520295202,72.0,6093.46,27.66111111111111,61.35555555555556,0.6124747085365441,0.03540315532056474,0.3527925095893534,False
2025-05-09 09:00:00,10674.92250922509,72.0,6895.540000000001,27.66111111111111,61.35555555555556,0.5154309706798617,0.03712477735762806,0.30019318368485653,False
2025-05-09 10:00:00,8959.30996309963,72.0,7238.64,27.66111111111111,61.35555555555556,0.4730487294970611,0.05657365848126146,0.28563494753995133,False
2025-05-09 11:00:00,8196.815498154981,72.0,6960.969999999999,27.66111111111111,61.35555555555556,0.45030084296932726,0.07850166908107378,0.28299121471961325,False
2025-05-09 12:00:00,7815.5682656826575,72.0,7157.41,27.66111111111111,61.35555555555556,0.4330546988325975,0.057576360390060116,0.2640894465334557,False
2025-05-09 13:00:00,8006.1918819188195,72.0,6990.99,27.66111111111111,61.35555555555556,0.41069125437449455,0.049920774295883936,0.2483445383391198,False
2025-05-09 14:00:00,8578.062730627305,72.0,7046.5599999999995,27.66111111111111,61.35555555555556,0.4079335004333371,0.03824284328356051,0.24157270471593764,False
2025-05-09 15:00:00,9721.80442804428,72.0,7014.73,27.66111111111111,61.35555555555556,0.46664242443688736,0.03372611016144485,0.27183008301293826,False
2025-05-09 16:00:00,12009.287822878228,72.0,6909.4400000000005,27.66111111111111,61.35555555555556,0.4810786186370617,0.04239424082114179,0.28367064861989777,False
2025-05-09 17:00:00,14678.0184501845,72.0,6459.62,27.66111111111111,61.35555555555556,0.42982244342512455,0.04818382650755862,0.2580850658122199,False
2025-05-09 18:00:00,15821.760147601475,72.0,5700.3,27.66111111111111,61.35555555555556,0.35985005587161684,0.052132551958944576,0.22137717911091434,False
2025-05-09 19:00:00,13534.276752767524,72.0,5872.9,27.66111111111111,61.35555555555556,0.30755427347135395,0.054425881892443184,0.19364649726084412,False
2025-05-09 20:00:00,10674.92250922509,72.0,5506.7,27.66111111111111,61.35555555555556,0.2135734604247344,0.024916242690765405,0.12867771244444837,False
2025-05-09 21:00:00,8387.439114391142,72.0,5096.1,27.66111111111111,61.35555555555556,0.26206651419591326,0.024967066238544427,0.15537176261509728,False
2025-05-09 22:00:00,6099.955719557195,72.0,5189.2,27.66111111111111,61.35555555555556,0.2281491931068178,0.03412680872067481,0.14083912013305347,False
2025-05-09 23:00:00,5146.837638376383,72.0,5070.3,27.66111111111111,61.35555555555556,0.19815695788334103,0.036072147404690606,0.12521879316794834,False
2025-05-10 00:00:00,4257.750922509224,69.0,4922.43,27.03333333333333,65.64444444444445,0.4400904673411622,0.01992720059697212,0.2510169973062767,False
2025-05-10 01:00:00,3483.614391143911,69.0,4826.8099999999995,27.03333333333333,65.64444444444445,0.3217413010158825,0.026583483460726882,0.1889202831160625,False
2025-05-10 02:00:00,2903.011992619926,69.0,4725.47,27.03333333333333,65.64444444444445,0.36855966978190524,0.023154013483803644,0.21312712444775953,False
2025-05-10 03:00:00,2903.011992619926,69.0,4618.42,27.03333333333333,65.64444444444445,0.39730100996900436,0.018749357656028982,0.22695276642816548,False
2025-05-10 04:00:00,3870.682656826568,69.0,4627.39,27.03333333333333,65.64444444444445,0.37292224304569077,0.016067395553298065,0.21233756167411408,False
2025-05-10 05:00:00,6193.092250922509,69.0,4537.66,27.03333333333333,65.64444444444445,0.3304278856972624,0.024355678188520392,0.1926953923183285,False
2025-05-10 06:00:00,9870.240774907748,69.0,4871.969999999999,27.03333333333333,65.64444444444445,0.41618734263742657,0.016941037540109248,0.23652650534363379,False
2025-05-10 07:00:00,12386.18450184502,69.0,5254.92,27.03333333333333,65.64444444444445,0.3775405245167132,0.023009159061988194,0.21800141006208698,False
2025-05-10 08:00:00,13353.85516605166,69.0,5778.88,27.03333333333333,65.64444444444445,0.3680700179994887,0.01884593371581334,0.2109191800718348,False
2025-05-10 09:00:00,10837.91143911439,69.0,6353.75,27.03333333333333,65.64444444444445,0.32216912020755556,0.016510977791664765,0.18462295612040472,False
2025-05-10 10:00:00,9096.104243542435,69.0,6829.67,27.03333333333333,65.64444444444445,0.2900331440122801,0.012574849133045424,0.16517691131662451,False
2025-05-10 11:00:00,8321.967712177122,69.0,6747.219999999999,27.03333333333333,65.64444444444445,0.24392108220460784,0.01964683345825353,0.1429976702687484,False
2025-05-10 12:00:00,7934.899446494465,69.0,7038.56,27.03333333333333,65.64444444444445,0.2663608840069272,0.015889604308051808,0.15364880814243329,False
2025-05-10 13:00:00,8128.433579335794,69.0,6583.22,27.03333333333333,65.64444444444445,0.2412873188972955,0.02877367296845448,0.14565617822931706,False
2025-05-10 14:00:00,8709.035977859778,69.0,6806.69,27.03333333333333,65.64444444444445,0.2614448880802002,0.03282837317584026,0.15856745637323827,False
2025-05-10 15:00:00,9870.240774907748,69.0,6724.0599999999995,27.03333333333333,65.64444444444445,0.2573465101078616,0.02716137279262137,0.15376319831600352,False
2025-05-10 16:00:00,12192.65036900369,69.0,6593.33,27.03333333333333,65.64444444444445,0.2529209405597319,0.018713486061634123,0.1475275860355879,False
2025-05-10 17:00:00,14902.128228782289,69.0,6038.5,27.03333333333333,65.64444444444445,0.26592414991313185,0.016338819987370173,0.1536107514465391,False
2025-05-10 18:00:00,16063.33302583026,69.0,5633.92,27.03333333333333,65.64444444444445,0.20745793099658488,0.012320649980347077,0.11964615453927789,False
2025-05-10 19:00:00,13740.923431734314,69.0,5684.94,27.03333333333333,65.64444444444445,0.09358124935994294,0.025714218788523462,0.06304108560280418,False
2025-05-10 20:00:00,10837.91143911439,69.0,5495.67,27.03333333333333,65.64444444444445,0.09606177140002237,0.019499537685822108,0.061608766228632254,False
2025-05-10 21:00:00,8515.501845018449,69.0,5343.5199999999995,27.03333333333333,65.64444444444445,0.08076763284282518,0.014251634559408269,0.05083543361528757,False
2025-05-10 22:00:00,6193.092250922509,69.0,5331.969999999999,27.03333333333333,65.64444444444445,0.10088134569716833,0.018657900206562654,0.06388079522639578,False
2025-05-10 23:00:00,5225.421586715867,69.0,5089.860000000001,27.03333333333333,65.64444444444445,0.06929476561825021,0.016637532553974124,0.04559901073932597,False
2025-05-11 00:00:00,5750.767527675275,54.0,4426.4,27.427777777777777,62.93333333333333,0.586046075777944,0.14604834301519323,0.38804709603470616,False
2025-05-11 01:00:00,4705.173431734316,54.0,4163.7,27.427777777777777,62.93333333333333,0.4604104855472284,0.05990885498069312,0.2801847517922876,False
2025-05-11 02:00:00,3920.9778597785976,54.0,4092.6,27.427777777777777,62.93333333333333,0.4568656029966469,0.06520491160784166,0.2806182918716846,False
2025-05-11 03:00:00,3920.9778597785976,54.0,4038.2,27.427777777777777,62.93333333333333,0.5024816621748843,0.05598354190153862,0.3015575080518788,False
2025-05-11 04:00:00,5227.970479704797,54.0,4026.2,27.427777777777777,62.93333333333333,0.4874551431607471,0.04877619869378844,0.29004961815061575,False
2025-05-11 05:00:00,8364.752767527676,54.0,4032.4,27.427777777777777,62.93333333333333,0.4075863035211681,0.045388701488343376,0.244597382606397,False
2025-05-11 06:00:00,13331.324723247231,54.0,4137.6,27.427777777777777,62.93333333333333,0.5200839560121511,0.04613584510205141,0.30680730610260626,False
2025-05-11 07:00:00,16729.505535055352,54.0,4579.1,27.427777777777777,62.93333333333333,0.49945081727049045,0.04996273387202045,0.29718117974117897,False
2025-05-11 08:00:00,18036.498154981553,54.0,4846.3,27.427777777777777,62.93333333333333,0.44092925442428105,0.06353063975545842,0.2710998778233109,False
2025-05-11 09:00:00,14638.31734317343,54.0,5422.2,27.427777777777777,62.93333333333333,0.38830378478112115,0.047913753020481176,0.2351282704888332,False
2025-05-11 10:00:00,12285.730627306271,54.0,6096.3,27.427777777777777,62.93333333333333,0.3537470500723888,0.04701667168167807,0.21571837979656902,False
2025-05-11 11:00:00,11240.136531365317,54.0,6432.5,27.427777777777777,62.93333333333333,0.3302225906217395,0.03870848136969346,0.19904124145831878,False
2025-05-11 12:00:00,10717.339483394837,54.0,6337.8,27.427777777777777,62.93333333333333,0.25721211651144954,0.03246140622145733,0.15607429688095306,False
2025-05-11 13:00:00,10978.738007380076,54.0,6300.2,27.427777777777777,62.93333333333333,0.23547536117932422,0.03030885007538198,0.14315043118255022,False
2025-05-11 14:00:00,11762.933579335791,54.0,6274.799999999999,27.427777777777777,62.93333333333333,0.2634097062372401,0.03454806408728691,0.16042196726976116,False
2025-05-11 15:00:00,13331.324723247231,54.0,6316.0,27.427777777777777,62.93333333333333,0.2828315626681776,0.05015573074869047,0.17812743830440841,False
2025-05-11 16:00:00,16468.10701107011,54.0,6246.7,27.427777777777777,62.93333333333333,0.2279553996079613,0.032496510523033845,0.13999889951974395,False
2025-05-11 17:00:00,20127.686346863466,54.0,5980.4,27.427777777777777,62.93333333333333,0.22635669701625982,0.0243453180819976,0.13545157649584183,False
2025-05-11 18:00:00,21696.07749077491,54.0,5417.0,27.427777777777777,62.93333333333333,0.20532805160878315,0.021172930852782216,0.12245824726858273,False
2025-05-11 19:00:00,18559.295202952027,54.0,5496.7,27.427777777777777,62.93333333333333,0.13880359908428996,0.04182783365139316,0.0951645046394864,False
2025-05-11 20:00:00,14638.31734317343,54.0,5299.9400000000005,27.427777777777777,62.93333333333333,0.17964241029849765,0.04592657975475823,0.11947028655381492,False
2025-05-11 21:00:00,11501.53505535055,54.0,5129.4,27.427777777777777,62.93333333333333,0.11322547291654927,0.03390203136159491,0.07752992421681981,False
2025-05-11 22:00:00,8364.752767527676,54.0,5253.4,27.427777777777777,62.93333333333333,0.06621166718565485,0.030642783673145203,0.05020566960502552,False
2025-05-11 23:00:00,7057.760147601477,54.0,5149.1,27.427777777777777,62.93333333333333,0.08947861373870847,0.02610212808932436,0.06095919519648562,False
2025-05-12 00:00:00,4285.250922509224,58.0,4872.6,26.827777777777776,61.888888888888886,0.40125234563460704,0.17865613086029525,0.30108404898616675,False
2025-05-12 01:00:00,3506.114391143911,58.0,4953.0,26.827777777777776,61.888888888888886,0.22429654992411352,0.10487650586539672,0.17055753009769098,False
2025-05-12 02:00:00,2921.7619926199263,58.0,4847.3,26.827777777777776,61.888888888888886,0.21867966736605338,0.06396260086592223,0.14905698744099438,False
2025-05-12 03:00:00,2921.7619926199263,58.0,4780.8,26.827777777777776,61.888888888888886,0.23373817926780216,0.04650738991561198,0.14948432405931658,False
2025-05-12 04:00:00,3895.682656826568,58.0,4681.6,26.827777777777776,61.888888888888886,0.2849206196722374,0.03518948856583604,0.1725416106743568,False
2025-05-12 05:00:00,6233.09225092251,58.0,4611.7,26.827777777777776,61.888888888888886,0.3227867196958618,0.03695724423728844,0.19416345573950383,False
2025-05-12 06:00:00,9933.99077490775,58.0,4655.7,26.827777777777776,61.888888888888886,0.25630851241335867,0.02918615239732206,0.1541034504061422,False
2025-05-12 07:00:00,12466.18450184502,58.0,4824.7,26.827777777777776,61.888888888888886,0.24724693285463456,0.028229431756671326,0.1486890573605511,False
2025-05-12 08:00:00,13440.105166051662,58.0,5019.0,26.827777777777776,61.888888888888886,0.2648802687939618,0.031858945641734145,0.1600206733754594,False
2025-05-12 09:00:00,10907.91143911439,58.0,5355.0,26.827777777777776,61.888888888888886,0.19053055236322003,0.020838676845033204,0.11416920838003597,False
2025-05-12 10:00:00,9154.854243542435,58.0,5721.6,26.827777777777776,61.888888888888886,0.18014495342261033,0.01439772668244432,0.10555870138953563,False
2025-05-12 11:00:00,8375.717712177122,58.0,5595.1,26.827777777777776,61.888888888888886,0.1431346662369049,0.02854427709862153,0.0915689911246774,False
2025-05-12 12:00:00,7986.149446494466,58.0,5623.2,26.827777777777776,61.888888888888886,0.0935066062319666,0.021022268092285218,0.06088865406910999,False
2025-05-12 13:00:00,8180.933579335795,58.0,5441.4,26.827777777777776,61.888888888888886,0.08708694592973076,0.02135321697651746,0.05750676790078478,False
2025-05-12 14:00:00,8765.285977859778,58.0,5244.7,26.827777777777776,61.888888888888886,0.1169148013592578,0.01379403399933882,0.07051045604729428,False
2025-05-12 15:00:00,9933.99077490775,58.0,4990.6,26.827777777777776,61.888888888888886,0.14490499472854662,0.02339700150267996,0.09022639777690662,False
2025-05-12 16:00:00,12271.400369003692,58.0,4819.9,26.827777777777776,61.888888888888886,0.17527896080658906,0.04078039639604234,0.11475460682184303,False
2025-05-12 17:00:00,14998.378228782289,58.0,4369.4,26.827777777777776,61.888888888888886,0.31245558881878766,0.07799232430497632,0.20694711978757258,False
2025-05-12 18:00:00,16167.08302583026,58.0,4163.700000000001,26.827777777777776,61.888888888888886,0.27990016416075103,0.06986254353205268,0.18538323487783678,False
2025-05-12 19:00:00,13829.673431734314,58.0,4546.9,26.827777777777776,61.888888888888886,0.2114654584737482,0.03737429252025293,0.13312443379467534,False
2025-05-12 20:00:00,10907.91143911439,58.0,4515.6,26.827777777777776,61.888888888888886,0.18244050582938415,0.01779068774034415,0.10834808768931616,False
2025-05-12 21:00:00,8570.501845018449,58.0,4437.6,26.827777777777776,61.888888888888886,0.14299274721950406,0.013083238983720557,0.08453346851340149,False
2025-05-12 22:00:00,6233.09225092251,58.0,4430.1,26.827777777777776,61.888888888888886,0.15493342493153145,0.00783845810247143,0.08874068985845444,False
2025-05-12 23:00:00,5259.171586715867,58.0,4109.5,26.827777777777776,61.888888888888886,0.18998463896493128,0.02053782318582737,0.11373357186433454,False
2025-05-13 00:00:00,4947.300738007379,55.0,4003.94,25.950000000000003,67.14444444444445,0.5292363683692293,0.022357777488378448,0.3011410024728465,False
2025-05-13 01:00:00,4047.791512915128,55.0,3800.5,25.950000000000003,67.14444444444445,0.4363950275791013,0.026875953907603573,0.25211144442692734,False
2025-05-13 02:00:00,3373.1595940959405,55.0,3544.95,25.950000000000003,67.14444444444445,0.47844504079554345,0.024832274395634405,0.2743192959155844,False
2025-05-13 03:00:00,3373.1595940959405,55.0,3438.5,25.950000000000003,67.14444444444445,0.4620182338481985,0.026472157073581328,0.2660224992996208,False
2025-05-13 04:00:00,4497.546125461255,55.0,3434.67,25.950000000000003,67.14444444444445,0.4679017211099179,0.026071216696235824,0.269077994123761,False
2025-05-13 05:00:00,7196.073800738007,55.0,3588.84,25.950000000000003,67.14444444444445,0.41448137934046947,0.029020552084232817,0.241024007075163,False
2025-05-13 06:00:00,11468.742619926195,55.0,3866.82,25.950000000000003,67.14444444444445,0.4643829921948013,0.022683472338991057,0.2656182082596867,False
2025-05-13 07:00:00,14392.147601476014,55.0,4395.03,25.950000000000003,67.14444444444445,0.4728783070844168,0.018430482744101077,0.26837678613127475,False
2025-05-13 08:00:00,15516.534132841329,55.0,4690.82,25.950000000000003,67.14444444444445,0.41469810812710817,0.023677753544668,0.2387389485650101,False
2025-05-13 09:00:00,12593.129151291512,55.0,5480.16,25.950000000000003,67.14444444444445,0.399429482747634,0.02484398188707027,0.23086600736038032,False
2025-05-13 10:00:00,10569.233394833947,55.0,5960.2,25.950000000000003,67.14444444444445,0.39485652063421955,0.020802045688545427,0.2265320069086662,False
2025-05-13 11:00:00,9669.724169741698,55.0,6278.71,25.950000000000003,67.14444444444445,0.4179119565479251,0.023642189941619686,0.2404905615750877,False
2025-05-13 12:00:00,9219.969557195573,55.0,6302.14,25.950000000000003,67.14444444444445,0.30872258509220957,0.02313897687405139,0.1802099613940384,False
2025-05-13 13:00:00,9444.846863468636,55.0,6262.22,25.950000000000003,67.14444444444445,0.28769654433461395,0.029529255415516435,0.17152126432102008,False
2025-05-13 14:00:00,10119.47878228782,55.0,6169.16,25.950000000000003,67.14444444444445,0.23970608860827802,0.03839964538714084,0.1491181891587663,False
2025-05-13 15:00:00,11468.742619926195,55.0,6295.44,25.950000000000003,67.14444444444445,0.27168072108705515,0.06598016957633232,0.1791154729072299,False
2025-05-13 16:00:00,14167.27029520295,55.0,6348.7,25.950000000000003,67.14444444444445,0.32595786456511083,0.07249836498270631,0.21190108975302882,False
2025-05-13 17:00:00,17315.55258302583,55.0,6018.96,25.950000000000003,67.14444444444445,0.28022039952760003,0.04908650925060566,0.17621014890295258,False
2025-05-13 18:00:00,18664.816420664207,55.0,5760.68,25.950000000000003,67.14444444444445,0.19805897938633515,0.05184950739614889,0.13226471699075135,False
2025-05-13 19:00:00,15966.28874538745,55.0,5607.22,25.950000000000003,67.14444444444445,0.1508216692695326,0.06668676037985985,0.11296096026917987,False
2025-05-13 20:00:00,12593.129151291512,55.0,5302.57,25.950000000000003,67.14444444444445,0.16803150524713567,0.07566811424618206,0.12646797929670656,False
2025-05-13 21:00:00,9894.601476014755,55.0,5016.16,25.950000000000003,67.14444444444445,0.1404934945053608,0.05158888775379025,0.10048642146715406,False
2025-05-13 22:00:00,7196.073800738007,55.0,4950.21,25.950000000000003,67.14444444444445,0.0998352432916505,0.03941166431402196,0.07264463275171766,False
2025-05-13 23:00:00,6071.687269372694,55.0,4581.04,25.950000000000003,67.14444444444445,0.15461219496956896,0.03639447849559543,0.10141422255628088,False
2025-05-14 00:00:00,6836.378228782286,49.0,4037.87,26.28888888888889,64.6,0.4276752513829972,0.04176915459908318,0.2540175078302359,False
2025-05-14 01:00:00,5593.400369003689,49.0,3929.3,26.28888888888889,64.6,0.31821843231542646,0.04154220633641681,0.19371413062487214,False
2025-05-14 02:00:00,4661.1669741697415,49.0,3723.88,26.28888888888889,64.6,0.34116172226636843,0.04531491332064176,0.20803065824079145,False
2025-05-14 03:00:00,4661.1669741697415,49.0,3645.41,26.28888888888889,64.6,0.3470751412254408,0.05374037726667446,0.21507449744399598,False
2025-05-14 04:00:00,6214.889298892989,49.0,3612.66,26.28888888888889,64.6,0.34249984295065544,0.05159747371292222,0.21159377679367553,False
2025-05-14 05:00:00,9943.822878228782,49.0,3638.36,26.28888888888889,64.6,0.3346033472809501,0.04814612542686933,0.20569759744661378,False
2025-05-14 06:00:00,15847.96771217712,49.0,3874.75,26.28888888888889,64.6,0.4505398205528755,0.037459335069843246,0.26465360208551103,False
2025-05-14 07:00:00,19887.645756457565,49.0,4467.36,26.28888888888889,64.6,0.49420014651104704,0.03520504232744496,0.2876523496284262,False
2025-05-14 08:00:00,21441.36808118081,49.0,4918.07,26.28888888888889,64.6,0.47559577914305706,0.038563375545151095,0.2789311975239994,False
2025-05-14 09:00:00,17401.690036900367,49.0,5441.64,26.28888888888889,64.6,0.37532631771525327,0.03699040242593346,0.22307515583505938,False
2025-05-14 10:00:00,14604.989852398525,49.0,5889.8,26.28888888888889,64.6,0.35187170017904496,0.03537643041560917,0.20944882878549886,False
2025-05-14 11:00:00,13362.011992619926,49.0,5986.5,26.28888888888889,64.6,0.2930195787798073,0.03505757736218636,0.17693667814187786,False
2025-05-14 12:00:00,12740.523062730628,49.0,6003.07,26.28888888888889,64.6,0.17736562701234881,0.02709868779829049,0.10974550436602257,False
2025-05-14 13:00:00,13051.267527675278,49.0,5977.6,26.28888888888889,64.6,0.14790103646266284,0.02732315876232703,0.09364099149751173,False
2025-05-14 14:00:00,13983.500922509224,49.0,6005.8099999999995,26.28888888888889,64.6,0.16123782259907848,0.0419554807777073,0.10756076877946147,False
2025-05-14 15:00:00,15847.96771217712,49.0,5927.710000000001,26.28888888888889,64.6,0.20869295585236614,0.046153968655293295,0.13555041161368336,False
2025-05-14 16:00:00,19576.901291512913,49.0,6035.99,26.28888888888889,64.6,0.2374875558745846,0.062253893621191186,0.15863240786055757,False
2025-05-14 17:00:00,23927.32380073801,49.0,5721.69,26.28888888888889,64.6,0.26627969502487936,0.02074214475833038,0.15578779740493234,False
2025-05-14 18:00:00,25791.790590405904,49.0,5401.34,26.28888888888889,64.6,0.3893803042016973,0.017729201889026863,0.2221373081609956,False
2025-05-14 19:00:00,22062.857011070108,49.0,5603.11,26.28888888888889,64.6,0.3734796121960634,0.05534070147649449,0.23031710237225742,False
2025-05-14 20:00:00,17401.690036900367,49.0,5350.54,26.28888888888889,64.6,0.3696477395279616,0.07281220286028876,0.23607174802750883,False
2025-05-14 21:00:00,13672.756457564572,49.0,5135.96,26.28888888888889,64.6,0.26175512868233775,0.04952616644529077,0.16625209567566662,False
2025-05-14 22:00:00,9943.822878228782,49.0,5108.67,26.28888888888889,64.6,0.20119695776210478,0.034447701108412235,0.12615979226794316,False
2025-05-14 23:00:00,8390.100553505536,49.0,4934.26,26.28888888888889,64.6,0.15703117480372314,0.029928158449728497,0.09983481744442557,False
2025-05-15 00:00:00,5285.601476014759,65.0,4624.08,27.34444444444444,56.98888888888889,0.6317361756039652,0.0389872423157714,0.36499915562427804,False
2025-05-15 01:00:00,4324.583025830258,65.0,4570.93,27.34444444444444,56.98888888888889,0.3928831334680121,0.03237332613925938,0.23065372017007343,False
2025-05-15 02:00:00,3603.8191881918815,65.0,4409.990000000001,27.34444444444444,56.98888888888889,0.42475412965740755,0.02229023707131339,0.2436453779936652,False
2025-05-15 03:00:00,3603.8191881918815,65.0,4327.22,27.34444444444444,56.98888888888889,0.4517607492260054,0.023884333214497948,0.25921636202082704,False
2025-05-15 04:00:00,4805.092250922509,65.0,4215.36,27.34444444444444,56.98888888888889,0.4724552162407414,0.02775786289055159,0.272341407233156,False
2025-05-15 05:00:00,7688.147601476015,65.0,4302.26,27.34444444444444,56.98888888888889,0.5173679981938869,0.03915528389454892,0.30217227675918484,False
2025-05-15 06:00:00,12252.985239852396,65.0,4392.63,27.34444444444444,56.98888888888889,0.5140134451788738,0.03767129917908104,0.2996594794789671,False
2025-05-15 07:00:00,15376.29520295203,65.0,4944.33,27.34444444444444,56.98888888888889,0.5514073289674053,0.03556481333608503,0.3192781969333112,False
2025-05-15 08:00:00,16577.568265682658,65.0,5398.35,27.34444444444444,56.98888888888889,0.4868435055818944,0.04290823761439242,0.28707263499651847,False
2025-05-15 09:00:00,13454.258302583024,65.0,5988.9400000000005,27.34444444444444,56.98888888888889,0.3874023147600286,0.03473933462121114,0.2287039736975608,False
2025-05-15 10:00:00,11291.966789667897,65.0,6275.5,27.34444444444444,56.98888888888889,0.2777340984525709,0.030159922283751795,0.16632571917660233,False
2025-05-15 11:00:00,10330.948339483391,65.0,6379.17,27.34444444444444,56.98888888888889,0.27252125207999667,0.029176924061118787,0.16301630447150164,False
2025-05-15 12:00:00,9850.439114391143,65.0,6329.16,27.34444444444444,56.98888888888889,0.2799872151083797,0.025592961307764114,0.1655098008981027,False
2025-05-15 13:00:00,10090.69372693727,65.0,6173.76,27.34444444444444,56.98888888888889,0.23383195155242692,0.02508516838368147,0.13989589912649147,False
2025-05-15 14:00:00,10811.457564575643,65.0,5991.51,27.34444444444444,56.98888888888889,0.24806086976280511,0.02409079433450948,0.14727433582007207,False
2025-05-15 15:00:00,12252.985239852396,65.0,6126.11,27.34444444444444,56.98888888888889,0.24509071969204332,0.025316487577067188,0.14619231524030407,False
2025-05-15 16:00:00,15136.040590405904,65.0,6003.66,27.34444444444444,56.98888888888889,0.29526874811369835,0.023076549875999636,0.17278225890673393,False
2025-05-15 17:00:00,18499.60516605166,65.0,5754.18,27.34444444444444,56.98888888888889,0.331171854851116,0.03184848839721633,0.19647633994686114,False
2025-05-15 18:00:00,19941.132841328417,65.0,5297.6900000000005,27.34444444444444,56.98888888888889,0.32230602262812685,0.030565796014279212,0.19102292065189544,False
2025-05-15 19:00:00,17058.077490774904,65.0,5539.51,27.34444444444444,56.98888888888889,0.22808827376476437,0.04150813763977646,0.14412721250851981,False
2025-05-15 20:00:00,13454.258302583024,65.0,5450.84,27.34444444444444,56.98888888888889,0.22247799106966798,0.03892054582462913,0.1398771407094005,False
2025-05-15 21:00:00,10571.202952029518,65.0,5181.96,27.34444444444444,56.98888888888889,0.1364909447308893,0.030975436700816646,0.0890089661173566,False
2025-05-15 22:00:00,7688.147601476015,65.0,5093.790000000001,27.34444444444444,56.98888888888889,0.14124725671261118,0.029108994650476328,0.09078503878465051,False
2025-05-15 23:00:00,6486.874538745387,65.0,5017.58,27.34444444444444,56.98888888888889,0.15186645668758675,0.03052069376298237,0.09726086337151478,False
2025-05-16 00:00:00,4565.629151291512,53.0,4762.0,26.02777777777778,58.54444444444445,0.5379954607892841,0.12860302835020748,0.3537688661916996,False
2025-05-16 01:00:00,3735.514760147601,53.0,4784.6,26.02777777777778,58.54444444444445,0.345447812408411,0.022900679278509903,0.20030160249995552,False
2025-05-16 02:00:00,3112.9289667896674,53.0,4518.9,26.02777777777778,58.54444444444445,0.4085115483442051,0.01185277508528618,0.2300151003776916,False
2025-05-16 03:00:00,3112.9289667896674,53.0,4434.1,26.02777777777778,58.54444444444445,0.4281665197508341,0.012213937025402237,0.24098785752438978,False
2025-05-16 04:00:00,4150.571955719557,53.0,4530.3,26.02777777777778,58.54444444444445,0.44716675421161023,0.014402235274484265,0.25242272068990357,False
2025-05-16 05:00:00,6640.915129151292,53.0,4528.5,26.02777777777778,58.54444444444445,0.45098551543278104,0.015560305099793743,0.2550441707829368,False
2025-05-16 06:00:00,10583.95848708487,53.0,4537.5,26.02777777777778,58.54444444444445,0.4292437985048321,0.010862090480350362,0.24097202989381533,False
2025-05-16 07:00:00,13281.830258302583,53.0,5237.1,26.02777777777778,58.54444444444445,0.46153552637316536,0.013178796821372251,0.2597749980748585,False
2025-05-16 08:00:00,14319.473247232472,53.0,5665.0,26.02777777777778,58.54444444444445,0.41399428043604947,0.01873184830788174,0.236126185978374,False
2025-05-16 09:00:00,11621.60147601476,53.0,6304.0,26.02777777777778,58.54444444444445,0.37366520970571626,0.01667340216253335,0.21301889631128396,False
2025-05-16 10:00:00,9753.844095940958,53.0,6530.8,26.02777777777778,58.54444444444445,0.28521018933085995,0.013617861232229165,0.1629936416864761,False
2025-05-16 11:00:00,8923.729704797048,53.0,6593.7,26.02777777777778,58.54444444444445,0.2981838378692376,0.011427648928919683,0.16914355284609456,False
2025-05-16 12:00:00,8508.672509225093,53.0,6410.1,26.02777777777778,58.54444444444445,0.24605000543045064,0.00890153333722252,0.139333192988498,False
2025-05-16 13:00:00,8716.201107011071,53.0,6207.1,26.02777777777778,58.54444444444445,0.20409874569206626,0.010119484227455056,0.11680807803299123,False
2025-05-16 14:00:00,9338.786900369005,53.0,6040.4,26.02777777777778,58.54444444444445,0.17810632767489326,0.010490808144059519,0.10267934388601808,False
2025-05-16 15:00:00,10583.95848708487,53.0,5954.0,26.02777777777778,58.54444444444445,0.16827501750578705,0.012482000500242028,0.0981681598532918,False
2025-05-16 16:00:00,13074.301660516605,53.0,5728.0,26.02777777777778,58.54444444444445,0.23004670465326238,0.013248733119688681,0.13248761746315424,False
2025-05-16 17:00:00,15979.702029520296,53.0,5457.5,26.02777777777778,58.54444444444445,0.24394500187171803,0.01682197310455511,0.14173963892649472,False
2025-05-16 18:00:00,17224.873616236164,53.0,5201.1,26.02777777777778,58.54444444444445,0.23688915604753114,0.012182441297552412,0.1357711344100407,False
2025-05-16 19:00:00,14734.530442804426,53.0,5328.6,26.02777777777778,58.54444444444445,0.14836403543340043,0.017158230296136362,0.0893214231216316,False
2025-05-16 20:00:00,11621.60147601476,53.0,5149.6,26.02777777777778,58.54444444444445,0.1475833640850187,0.013352216227017977,0.08717934754891839,False
2025-05-16 21:00:00,9131.258302583024,53.0,4848.400000000001,26.02777777777778,58.54444444444445,0.13730888576405892,0.010236657172110478,0.08012638289768212,False
2025-05-16 22:00:00,6640.915129151292,53.0,4664.8,26.02777777777778,58.54444444444445,0.1538663679040017,0.010775121345790853,0.08947530695280682,False
2025-05-16 23:00:00,5603.272140221402,53.0,4563.2,26.02777777777778,58.54444444444445,0.18073436821691458,0.017362900728568983,0.10721720784715906,False
2025-05-17 00:00:00,3870.7619926199254,48.0,4433.5,25.35,61.977777777777774,0.48625642542048797,0.02985171278940261,0.28087430473649955,False
2025-05-17 01:00:00,3166.9870848708483,48.0,4475.4,25.35,61.977777777777774,0.33311565334165905,0.01717462747207386,0.19094219170034574,False
2025-05-17 02:00:00,2639.15590405904,48.0,4238.7,25.35,61.977777777777774,0.40476947792777385,0.012151817286221382,0.22809153063907528,False
2025-05-17 03:00:00,2639.15590405904,48.0,4145.7,25.35,61.977777777777774,0.3714063849072857,0.011552310685922423,0.20947205150767226,False
2025-05-17 04:00:00,3518.8745387453873,48.0,4146.5,25.35,61.977777777777774,0.37023239389880885,0.010324755457119528,0.20827395660004866,False
2025-05-17 05:00:00,5630.1992619926195,48.0,4112.1,25.35,61.977777777777774,0.38917987326627546,0.016819463655013647,0.22161768894120767,False
2025-05-17 06:00:00,8973.130073800738,48.0,4189.5,25.35,61.977777777777774,0.33908103843751664,0.008999403682791098,0.19054430279789017,False
2025-05-17 07:00:00,11260.39852398524,48.0,4705.3,25.35,61.977777777777774,0.4036929302917366,0.010250591804880388,0.22664387797265131,False
2025-05-17 08:00:00,12140.117158671586,48.0,5404.2,25.35,61.977777777777774,0.43173780703706766,0.01175360258492137,0.24274491503360185,False
2025-05-17 09:00:00,9852.848708487085,48.0,6059.4,25.35,61.977777777777774,0.3778844863751182,0.020644258301533363,0.21712638374200502,False
2025-05-17 10:00:00,8269.35516605166,48.0,6414.0,25.35,61.977777777777774,0.32599388295042026,0.0157683291827698,0.18639238375497758,False
2025-05-17 11:00:00,7565.5802583025825,48.0,6470.1,25.35,61.977777777777774,0.35391376425830073,0.0147559622764191,0.20129275336645402,False
2025-05-17 12:00:00,7213.692804428045,48.0,6478.1,25.35,61.977777777777774,0.31623667784546144,0.008881788823453973,0.1779269777855581,False
2025-05-17 13:00:00,7389.636531365314,48.0,6356.4,25.35,61.977777777777774,0.30580535537112685,0.01145331657167642,0.17334693791137418,False
2025-05-17 14:00:00,7917.46771217712,48.0,6132.0,25.35,61.977777777777774,0.2198749832886232,0.016603432725735848,0.12840278553532392,False
2025-05-17 15:00:00,8973.130073800738,48.0,5952.3,25.35,61.977777777777774,0.22436314421528353,0.01898540360096577,0.13194316093884056,False
2025-05-17 16:00:00,11084.45479704797,48.0,5661.9,25.35,61.977777777777774,0.22019778428757508,0.01564439730027536,0.1281487601432902,False
2025-05-17 17:00:00,13547.66697416974,48.0,5385.5,25.35,61.977777777777774,0.20623626600871275,0.022229908611690965,0.12343340518005297,False
2025-05-17 18:00:00,14603.329335793358,48.0,5101.3,25.35,61.977777777777774,0.1903620942325901,0.020112671933831292,0.11374985419814865,False
2025-05-17 19:00:00,12492.004612546123,48.0,5130.2,25.35,61.977777777777774,0.11304138915449924,0.019750003918145492,0.07106026579814005,False
2025-05-17 20:00:00,9852.848708487085,48.0,4927.7,25.35,61.977777777777774,0.08766358428182841,0.01038796413729827,0.052889555216789855,False
2025-05-17 21:00:00,7741.523985239851,48.0,4710.2,25.35,61.977777777777774,0.0829669186928218,0.008078649032023998,0.04926719734546279,False
2025-05-17 22:00:00,5630.1992619926195,48.0,4455.2,25.35,61.977777777777774,0.13873913247363956,0.01119808991238267,0.08134566332107397,False
2025-05-17 23:00:00,4750.480627306273,48.0,4303.4,25.35,61.977777777777774,0.15544610110192925,0.01824654651973802,0.0937063015399432,False
2025-05-18 00:00:00,5560.905904059039,47.0,4111.1,25.733333333333334,60.5,0.44182200100048313,0.038440432284607653,0.2603002950783392,False
2025-05-18 01:00:00,4549.832103321032,47.0,4021.400000000001,25.733333333333334,60.5,0.35414138606094664,0.023050414593840666,0.205150448900749,False
2025-05-18 02:00:00,3791.526752767528,47.0,3997.2,25.733333333333334,60.5,0.34615387482146626,0.01586904888855723,0.1975257031516572,False
2025-05-18 03:00:00,3791.526752767528,47.0,3785.4,25.733333333333334,60.5,0.35060126072181436,0.02234511311041976,0.2028859942966868,False
2025-05-18 04:00:00,5055.369003690037,47.0,3809.2,25.733333333333334,60.5,0.3776441195312301,0.02024085309873973,0.21681264963660946,False
2025-05-18 05:00:00,8088.5904059040595,47.0,3926.1,25.733333333333334,60.5,0.3603109832064174,0.01525290526315078,0.20503484813194744,False
2025-05-18 06:00:00,12891.190959409594,47.0,3987.7,25.733333333333334,60.5,0.4183238067964396,0.01332279719375009,0.23607335247522934,False
2025-05-18 07:00:00,16177.18081180812,47.0,4462.9,25.733333333333334,60.5,0.4459550475933952,0.01955229555097597,0.25407380917430655,False
2025-05-18 08:00:00,17441.02306273063,47.0,4763.2,25.733333333333334,60.5,0.4153621965348602,0.03315152842792342,0.24336739588673864,False
2025-05-18 09:00:00,14155.033210332102,47.0,5348.1,25.733333333333334,60.5,0.34757510788638224,0.029144763287085772,0.20428145281669885,False
2025-05-18 10:00:00,11880.117158671588,47.0,5698.1,25.733333333333334,60.5,0.30122050886817003,0.02131210935607236,0.17526172908772608,False
2025-05-18 11:00:00,10869.04335793358,47.0,5701.3,25.733333333333334,60.5,0.22713646119647002,0.018223910993651216,0.13312581360520157,False
2025-05-18 12:00:00,10363.506457564576,47.0,5857.9,25.733333333333334,60.5,0.1479084504648866,0.011284899553606585,0.0864278525548106,False
2025-05-18 13:00:00,10616.27490774908,47.0,5762.0,25.733333333333334,60.5,0.12899331808655762,0.010556337363616976,0.07569667676123433,False
2025-05-18 14:00:00,11374.580258302582,47.0,5548.099999999999,25.733333333333334,60.5,0.117429394151982,0.017909081338172077,0.07264525338576755,False
2025-05-18 15:00:00,12891.190959409594,47.0,5502.5,25.733333333333334,60.5,0.1481103607443845,0.023303302194656705,0.091947184397007,False
2025-05-18 16:00:00,15924.412361623616,47.0,5296.7,25.733333333333334,60.5,0.13965501495944477,0.009730086274051527,0.08118879705101782,False
2025-05-18 17:00:00,19463.17066420664,47.0,5021.4,25.733333333333334,60.5,0.13931055626734723,0.007271877582387304,0.07989315085911528,False
2025-05-18 18:00:00,20979.781365313655,47.0,4880.9,25.733333333333334,60.5,0.16154285749142877,0.015173137285816585,0.0956764833989033,False
2025-05-18 19:00:00,17946.559963099626,47.0,5020.8,25.733333333333334,60.5,0.1549113445880621,0.028756635294565954,0.09814172540598885,False
2025-05-18 20:00:00,14155.033210332102,47.0,4793.5,25.733333333333334,60.5,0.16925287024802999,0.02838952900866028,0.10586436669031363,False
2025-05-18 21:00:00,11121.811808118078,47.0,4630.8,25.733333333333334,60.5,0.13729930082318742,0.01585286838602005,0.08264840622646212,False
2025-05-18 22:00:00,8088.5904059040595,47.0,4317.9,25.733333333333334,60.5,0.15073953149125235,0.008271429731262964,0.08662888569925713,False
2025-05-18 23:00:00,6824.74815498155,47.0,4128.3,25.733333333333334,60.5,0.1287915639802245,0.012260133185274743,0.07635242012249711,False
2025-05-19 00:00:00,4612.023985239852,44.0,3882.7,24.6,67.69999999999999,0.44202047008665335,0.03378413418957235,0.2583141189329669,False
2025-05-19 01:00:00,3773.4741697416966,44.0,3673.1,24.6,67.69999999999999,0.3323318982909857,0.028791160791923762,0.19573856641640786,False
2025-05-19 02:00:00,3144.561808118081,44.0,3535.3,24.6,67.69999999999999,0.3705429623611426,0.021620384509268262,0.21352780232779917,False
2025-05-19 03:00:00,3144.561808118081,44.0,3453.0,24.6,67.69999999999999,0.3810633878881804,0.01903587504704352,0.2181510071096688,False
2025-05-19 04:00:00,4192.749077490775,44.0,3470.8,24.6,67.69999999999999,0.3988054590037733,0.01963724200970816,0.228179761356444,False
2025-05-19 05:00:00,6708.398523985241,44.0,3487.0,24.6,67.69999999999999,0.41294925844171,0.026450771210191886,0.23902493918752687,False
2025-05-19 06:00:00,10691.510147601475,44.0,3471.8,24.6,67.69999999999999,0.3768963768142495,0.03462150182668026,0.22287268306984334,False
2025-05-19 07:00:00,13416.797047970482,44.0,3738.2,24.6,67.69999999999999,0.4285976533949928,0.03842966373397483,0.25302205804753475,False
2025-05-19 08:00:00,14464.984317343176,44.0,3948.3,24.6,67.69999999999999,0.3959823171804907,0.05500542132655454,0.24254271404621944,False
2025-05-19 09:00:00,11739.697416974168,44.0,4156.5,24.6,67.69999999999999,0.3373861089417214,0.06274745897948228,0.21379871645871382,False
2025-05-19 10:00:00,9852.96033210332,44.0,4603.099999999999,24.6,67.69999999999999,0.3587317605222926,0.04810519585136548,0.21894980642037543,False
2025-05-19 11:00:00,9014.410516605169,44.0,4715.4,24.6,67.69999999999999,0.3313489508218879,0.0513041572108257,0.20532879369690993,False
2025-05-19 12:00:00,8595.13560885609,44.0,4713.0,24.6,67.69999999999999,0.23872200839693247,0.04339332010450621,0.15082409866534066,False
2025-05-19 13:00:00,8804.77306273063,44.0,4582.8,24.6,67.69999999999999,0.17819024942423328,0.03563074406574527,0.11403847201291369,False
2025-05-19 14:00:00,9433.685424354242,44.0,4414.8,24.6,67.69999999999999,0.14592679118995894,0.02765836801691497,0.09270600076208915,False
2025-05-19 15:00:00,10691.510147601475,44.0,4151.200000000001,24.6,67.69999999999999,0.16899343842763043,0.03393442122629315,0.10821688068702867,False
2025-05-19 16:00:00,13207.15959409594,44.0,3943.400000000001,24.6,67.69999999999999,0.2094436713650839,0.031010043522766,0.12914853883604085,False
2025-05-19 17:00:00,16142.083948339485,44.0,3820.8,24.6,67.69999999999999,0.2641783935750256,0.03925495525990024,0.1629628463332192,False
2025-05-19 18:00:00,17399.90867158672,44.0,3687.1,24.6,67.69999999999999,0.32125281131746247,0.04521110759335026,0.197034044641612,False
2025-05-19 19:00:00,14884.259225092248,44.0,3944.000000000001,24.6,67.69999999999999,0.2606565056991879,0.04194508412616736,0.16223636599132868,False
2025-05-19 20:00:00,11739.697416974168,44.0,3878.7,24.6,67.69999999999999,0.2937432685936806,0.03086992728931347,0.1754502650067154,False
2025-05-19 21:00:00,9224.047970479704,44.0,3710.3,24.6,67.69999999999999,0.3115110602588414,0.025481499724766602,0.18279775801850776,False
2025-05-19 22:00:00,6708.398523985241,44.0,3656.9,24.6,67.69999999999999,0.25442036529331524,0.016035010599013095,0.14714695568087927,False
2025-05-19 23:00:00,5660.211254612546,44.0,3430.3,24.6,67.69999999999999,0.31512384144856087,0.022024073764679065,0.18322894599081407,False
2025-05-20 00:00:00,4382.302583025829,47.0,3255.27,25.299999999999997,66.34444444444445,0.5049645327520127,0.028928140107375298,0.2907481560619259,False
2025-05-20 01:00:00,3585.5202952029513,47.0,3122.4,25.299999999999997,66.34444444444445,0.4619625027776737,0.012183801674101147,0.25956208728106606,False
2025-05-20 02:00:00,2987.933579335793,47.0,3075.4400000000005,25.299999999999997,66.34444444444445,0.4989456608087605,0.00535708084594477,0.27683079982549347,False
2025-05-20 03:00:00,2987.933579335793,47.0,3059.09,25.299999999999997,66.34444444444445,0.5484445141531404,0.006419360713104813,0.30453319510512444,False
2025-05-20 04:00:00,3983.911439114391,47.0,3080.8,25.299999999999997,66.34444444444445,0.5554026296528191,0.009095071160338027,0.3095642283312026,False
2025-05-20 05:00:00,6374.258302583025,47.0,3176.11,25.299999999999997,66.34444444444445,0.5753417025111071,0.018012999686485894,0.32454378624002755,False
2025-05-20 06:00:00,10158.974169741696,47.0,3552.6799999999994,25.299999999999997,66.34444444444445,0.5982944361774677,0.010583118184419933,0.3338243430805962,False
2025-05-20 07:00:00,12748.51660516605,47.0,4278.52,25.299999999999997,66.34444444444445,0.5881980175416791,0.019622917320853268,0.3323392224423075,False
2025-05-20 08:00:00,13744.49446494465,47.0,4643.6900000000005,25.299999999999997,66.34444444444445,0.46904450409382564,0.02519716117763045,0.2693131997815378,False
2025-05-20 09:00:00,11154.952029520296,47.0,5098.610000000001,25.299999999999997,66.34444444444445,0.39680575686979147,0.03107906194091434,0.23222874415179678,False
2025-05-20 10:00:00,9362.191881918818,47.0,5432.54,25.299999999999997,66.34444444444445,0.3875796453711961,0.0195203597060526,0.22195296682188154,False
2025-05-20 11:00:00,8565.40959409594,47.0,5516.490000000001,25.299999999999997,66.34444444444445,0.3774127687871144,0.014568606290702914,0.21413289566372926,False
2025-05-20 12:00:00,8167.018450184502,47.0,5387.38,25.299999999999997,66.34444444444445,0.31704262216441526,0.019276621822885386,0.18304792201072684,False
2025-05-20 13:00:00,8366.214022140222,47.0,5381.16,25.299999999999997,66.34444444444445,0.2519337512350651,0.02418207453732043,0.14944549672108004,False
2025-05-20 14:00:00,8963.800738007378,47.0,4910.959999999999,25.299999999999997,66.34444444444445,0.24039679437173095,0.03863643375154074,0.14960463209264535,False
2025-05-20 15:00:00,10158.974169741696,47.0,4834.92,25.299999999999997,66.34444444444445,0.19345154778731832,0.02526939909808158,0.1177695808771618,False
2025-05-20 16:00:00,12549.321033210332,47.0,4671.57,25.299999999999997,66.34444444444445,0.21256197577145025,0.021059803921346515,0.12638599843890358,False
2025-05-20 17:00:00,15338.059040590404,47.0,4875.080000000001,25.299999999999997,66.34444444444445,0.21465357466782542,0.028865159839645233,0.13104878799514433,False
2025-05-20 18:00:00,16533.232472324726,47.0,4865.25,25.299999999999997,66.34444444444445,0.19562460819446403,0.029807908660451795,0.12100709340415854,False
2025-05-20 19:00:00,14142.885608856086,47.0,5009.45,25.299999999999997,66.34444444444445,0.17016620843019403,0.05708600834235544,0.11928011839066667,False
2025-05-20 20:00:00,11154.952029520296,47.0,4803.9400000000005,25.299999999999997,66.34444444444445,0.1267283143879272,0.04999202014787012,0.0921969819799015,False
2025-05-20 21:00:00,8764.605166051659,47.0,4437.790000000001,25.299999999999997,66.34444444444445,0.13654711676750741,0.03498405212076855,0.09084373767647494,False
2025-05-20 22:00:00,6374.258302583025,47.0,4076.19,25.299999999999997,66.34444444444445,0.16654375252435838,0.021298384886241827,0.10118333708720594,False
2025-05-20 23:00:00,5378.280442804428,47.0,3711.29,25.299999999999997,66.34444444444445,0.18883727243653642,0.026331302137206445,0.11570958580183795,False
2025-05-21 00:00:00,4948.315498154981,45.0,3540.19,25.866666666666667,67.80000000000001,0.4711235640967935,0.18539075746790507,0.34254380111379373,False
2025-05-21 01:00:00,4048.6217712177113,45.0,3336.9399999999996,25.866666666666667,67.80000000000001,0.44251801924175826,0.11614273204536174,0.29564914000337983,False
2025-05-21 02:00:00,3373.8514760147596,45.0,3273.68,25.866666666666667,67.80000000000001,0.44572303640623534,0.08045233802913213,0.2813512221365389,False
2025-05-21 03:00:00,3373.8514760147596,45.0,3241.9700000000003,25.866666666666667,67.80000000000001,0.4117256207821851,0.06626975841681984,0.25627048271777075,False
2025-05-21 04:00:00,4498.468634686347,45.0,3218.07,25.866666666666667,67.80000000000001,0.44182173048259016,0.05868508257255649,0.26941023892307503,False
2025-05-21 05:00:00,7197.549815498155,45.0,3343.5199999999995,25.866666666666667,67.80000000000001,0.44218127871061164,0.046373424721220115,0.2640677444153855,False
2025-05-21 06:00:00,11471.095018450183,45.0,3673.72,25.866666666666667,67.80000000000001,0.5078081967273003,0.02462437400143289,0.29037547650066,False
2025-05-21 07:00:00,14395.09963099631,45.0,4289.31,25.866666666666667,67.80000000000001,0.4487070436503965,0.02155956708984687,0.25649067919814916,False
2025-05-21 08:00:00,15519.716789667897,45.0,4700.839999999999,25.866666666666667,67.80000000000001,0.347860486951843,0.02437902000723985,0.2022938268267716,False
2025-05-21 09:00:00,12595.71217712177,45.0,4980.9400000000005,25.866666666666667,67.80000000000001,0.23434538652715875,0.030082615891185962,0.142427139740971,False
2025-05-21 10:00:00,10571.401291512911,45.0,5167.99,25.866666666666667,67.80000000000001,0.23539282587559218,0.02057289712616393,0.13872385793834946,False
2025-05-21 11:00:00,9671.707564575643,45.0,5208.63,25.866666666666667,67.80000000000001,0.24815132588715294,0.019593504884633618,0.14530030643601927,False
2025-05-21 12:00:00,9221.86070110701,45.0,5300.879999999999,25.866666666666667,67.80000000000001,0.22355358346594933,0.024286911986173082,0.13388358130005004,False
2025-05-21 13:00:00,9446.784132841329,45.0,5200.85,25.866666666666667,67.80000000000001,0.1739522092835586,0.026061363747306537,0.10740132879224518,False
2025-05-21 14:00:00,10121.55442804428,45.0,5277.95,25.866666666666667,67.80000000000001,0.15872867300014348,0.03602383705822539,0.10351149682628034,False
2025-05-21 15:00:00,11471.095018450183,45.0,5226.18,25.866666666666667,67.80000000000001,0.12121411956722977,0.03442285050095619,0.08215804848740665,False
2025-05-21 16:00:00,14170.176199261992,45.0,5089.49,25.866666666666667,67.80000000000001,0.1739229362025323,0.023528185992405238,0.10624529860797513,False
2025-05-21 17:00:00,17319.104243542435,45.0,5023.6900000000005,25.866666666666667,67.80000000000001,0.19823022402980178,0.018231387158777652,0.11723074743784094,False
2025-05-21 18:00:00,18668.64483394834,45.0,4874.28,25.866666666666667,67.80000000000001,0.11877928363172274,0.020233339087702973,0.07443360858691385,False
2025-05-21 19:00:00,15969.563653136527,45.0,5221.549999999999,25.866666666666667,67.80000000000001,0.16320117151527985,0.054461895022814115,0.11426849709367029,False
2025-05-21 20:00:00,12595.71217712177,45.0,4996.150000000001,25.866666666666667,67.80000000000001,0.13621224550846361,0.06173922929996278,0.10269938821463825,False
2025-05-21 21:00:00,9896.63099630996,45.0,4728.46,25.866666666666667,67.80000000000001,0.12197340142558655,0.04805841991157382,0.08871165974428083,False
2025-05-21 22:00:00,7197.549815498155,45.0,4414.55,25.866666666666667,67.80000000000001,0.1393693556678391,0.026924210807433967,0.08876904048065679,False
2025-05-21 23:00:00,6072.932656826568,45.0,4092.68,25.866666666666667,67.80000000000001,0.16102127097902885,0.02445181114059641,0.09956501405173426,False
2025-05-22 00:00:00,5933.688191881917,55.0,3803.0,26.755555555555556,62.94444444444444,0.46654925645808226,0.02924788570748595,0.2697636396203139,False
2025-05-22 01:00:00,4854.835793357933,55.0,3648.4,26.755555555555556,62.94444444444444,0.35098904573992445,0.032576840883818084,0.2077035535546766,False
2025-05-22 02:00:00,4045.696494464944,55.0,3549.1,26.755555555555556,62.94444444444444,0.35884222227423546,0.026000292362891652,0.20906335381413077,False
2025-05-22 03:00:00,4045.696494464944,55.0,3496.2000000000003,26.755555555555556,62.94444444444444,0.357185814822227,0.031075035838869173,0.210435964279716,False
2025-05-22 04:00:00,5394.261992619926,55.0,3485.0499999999997,26.755555555555556,62.94444444444444,0.356941068663452,0.036369183193043074,0.21268372020176798,False
2025-05-22 05:00:00,8630.819188191881,55.0,3582.7999999999997,26.755555555555556,62.94444444444444,0.3904341414866243,0.040622928603134996,0.23301909568905413,False
2025-05-22 06:00:00,13755.36808118081,55.0,4097.0,26.755555555555556,62.94444444444444,0.4607841081659313,0.032044767351730216,0.26785140479954084,False
2025-05-22 07:00:00,17261.638376383762,55.0,4542.099999999999,26.755555555555556,62.94444444444444,0.46130807005133834,0.037072808814574795,0.27040220249479474,False
2025-05-22 08:00:00,18610.203874538744,55.0,4855.8,26.755555555555556,62.94444444444444,0.4159137287838106,0.033465629060148154,0.24381208390816253,False
2025-05-22 09:00:00,15103.933579335791,55.0,5121.799999999999,26.755555555555556,62.94444444444444,0.30520412510744444,0.030761961631982995,0.1817051515434868,False
2025-05-22 10:00:00,12676.515682656824,55.0,5347.5,26.755555555555556,62.94444444444444,0.23286512187323777,0.02267254277817675,0.1382784612804603,False
2025-05-22 11:00:00,11597.66328413284,55.0,5497.0,26.755555555555556,62.94444444444444,0.23673402465596033,0.024844187855996517,0.14138359809597664,False
2025-05-22 12:00:00,11058.237084870849,55.0,5454.2,26.755555555555556,62.94444444444444,0.1645508237526454,0.01790839445791197,0.09856173057001537,False
2025-05-22 13:00:00,11327.950184501846,55.0,5300.0,26.755555555555556,62.94444444444444,0.10748015014532408,0.0190141555059465,0.06767045255760418,False
2025-05-22 14:00:00,12137.089483394831,55.0,5247.7,26.755555555555556,62.94444444444444,0.13110274127988364,0.0214248142938427,0.08174767413616522,False
2025-05-22 15:00:00,13755.36808118081,55.0,5335.5,26.755555555555556,62.94444444444444,0.1304044381504761,0.03169235055371286,0.08598399873193265,False
2025-05-22 16:00:00,16991.925276752765,55.0,5266.7,26.755555555555556,62.94444444444444,0.1859650718973952,0.018261106200239408,0.1104982873336751,False
2025-05-22 17:00:00,20767.908671586716,55.0,5216.7,26.755555555555556,62.94444444444444,0.1992458976374779,0.016375871780001928,0.11695438600161373,False
2025-05-22 18:00:00,22386.187269372695,55.0,5103.9,26.755555555555556,62.94444444444444,0.266244566600354,0.020025795107978247,0.15544611942878492,False
2025-05-22 19:00:00,19149.630073800738,55.0,5121.4,26.755555555555556,62.94444444444444,0.2572827536693284,0.047413179709851296,0.1628414453875637,False
2025-05-22 20:00:00,15103.933579335791,55.0,5150.400000000001,26.755555555555556,62.94444444444444,0.23795719222616313,0.0658764473802902,0.16052085704552033,False
2025-05-22 21:00:00,11867.376383763834,55.0,4920.0,26.755555555555556,62.94444444444444,0.19561743184518754,0.055495053722619085,0.13256236169003174,False
2025-05-22 22:00:00,8630.819188191881,55.0,4632.5,26.755555555555556,62.94444444444444,0.21653982848885506,0.03255281060507635,0.13374567044115465,False
2025-05-22 23:00:00,7282.2536900369005,55.0,4410.5,26.755555555555556,62.94444444444444,0.15912095840078655,0.03060365402123184,0.10128817142998693,False
2025-05-23 00:00:00,3270.470479704796,54.0,4157.53,27.744444444444447,60.43333333333333,0.4843245085910529,0.06779949336976315,0.29688825174147254,False
2025-05-23 01:00:00,2675.8394833948337,54.0,3955.17,27.744444444444447,60.43333333333333,0.37124009206700587,0.044851588045369394,0.22436526525726946,False
2025-05-23 02:00:00,2229.8662361623615,54.0,3823.44,27.744444444444447,60.43333333333333,0.3459450280836124,0.031264294134574266,0.20433869780654526,False
2025-05-23 03:00:00,2229.8662361623615,54.0,3792.82,27.744444444444447,60.43333333333333,0.36029860004021813,0.029923307870666643,0.21162971856392,False
2025-05-23 04:00:00,2973.1549815498156,54.0,3744.63,27.744444444444447,60.43333333333333,0.3547801991471597,0.027615766700111757,0.20755620454598814,False
2025-05-23 05:00:00,4757.047970479704,54.0,3788.12,27.744444444444447,60.43333333333333,0.4682422883426838,0.03644565591265339,0.2739338037491701,False
2025-05-23 06:00:00,7581.545202952028,54.0,4269.54,27.744444444444447,60.43333333333333,0.4875865288784659,0.024119924500838583,0.2790265569085336,False
2025-05-23 07:00:00,9514.095940959409,54.0,4668.83,27.744444444444447,60.43333333333333,0.43090204130742327,0.029288962851800552,0.25017615600239307,False
2025-05-23 08:00:00,10257.384686346864,54.0,5061.4400000000005,27.744444444444447,60.43333333333333,0.3951313501362279,0.03264072529701733,0.23201056895858316,False
2025-05-23 09:00:00,8324.833948339483,54.0,5528.360000000001,27.744444444444447,60.43333333333333,0.37171824333549974,0.030641834379553614,0.218233859305324,False
2025-05-23 10:00:00,6986.914206642065,54.0,5714.39,27.744444444444447,60.43333333333333,0.3180689256899035,0.027143594804534026,0.18715252679148728,False
2025-05-23 11:00:00,6392.2832103321025,54.0,5664.990000000001,27.744444444444447,60.43333333333333,0.2969458588380409,0.028702775086041448,0.1762364711496412,False
2025-05-23 12:00:00,6094.967712177122,54.0,5613.2,27.744444444444447,60.43333333333333,0.3057890287922757,0.0318100717417858,0.18249849811955526,False
2025-05-23 13:00:00,6243.625461254613,54.0,5525.71,27.744444444444447,60.43333333333333,0.23906473170465392,0.0329315610901686,0.14630480492813552,False
2025-05-23 14:00:00,6689.598708487084,54.0,5444.8,27.744444444444447,60.43333333333333,0.25207510975445124,0.032061950156848436,0.15306918793552998,False
2025-05-23 15:00:00,7581.545202952028,54.0,5559.61,27.744444444444447,60.43333333333333,0.27214493440649185,0.02680522420879931,0.1617420648175302,False
2025-05-23 16:00:00,9365.438191881918,54.0,5541.21,27.744444444444447,60.43333333333333,0.2343122462965413,0.026250639163177072,0.1406845230865274,False
2025-05-23 17:00:00,11446.646678966788,54.0,5373.09,27.744444444444447,60.43333333333333,0.2541762699077187,0.03198245874300786,0.15418905488359883,False
2025-05-23 18:00:00,12338.593173431736,54.0,5125.67,27.744444444444447,60.43333333333333,0.24440772009371026,0.029232953567147526,0.14757907515675706,False
2025-05-23 19:00:00,10554.700184501842,54.0,5465.41,27.744444444444447,60.43333333333333,0.2432861921513511,0.03487599841155247,0.14950160496844173,False
2025-05-23 20:00:00,8324.833948339483,54.0,5204.78,27.744444444444447,60.43333333333333,0.2198407618337484,0.0396876094626835,0.1387718432667692,False
2025-05-23 21:00:00,6540.940959409592,54.0,5080.88,27.744444444444447,60.43333333333333,0.2412176007997669,0.03504820979501016,0.14844137484762637,False
2025-05-23 22:00:00,4757.047970479704,54.0,4768.43,27.744444444444447,60.43333333333333,0.33531474394756955,0.02459323518759327,0.19549006500558025,False
2025-05-23 23:00:00,4013.7592250922503,54.0,4584.219999999999,27.744444444444447,60.43333333333333,0.2996075086210802,0.016921811441968363,0.17239894489047988,False
2025-05-24 00:00:00,5019.084870848707,55.0,4381.04,26.594444444444445,62.733333333333334,0.5714795424217398,0.04817347249973146,0.33599181095683606,False
2025-05-24 01:00:00,4106.523985239852,55.0,4262.12,26.594444444444445,62.733333333333334,0.506517966479964,0.03550079720476897,0.2945602403061263,False
2025-05-24 02:00:00,3422.10332103321,55.0,4227.88,26.594444444444445,62.733333333333334,0.46977157289048077,0.029570537948842218,0.2716811071667435,False
2025-05-24 03:00:00,3422.10332103321,55.0,4115.22,26.594444444444445,62.733333333333334,0.47659020394297175,0.022589074242295587,0.27228969557766747,False
2025-05-24 04:00:00,4562.80442804428,55.0,4099.5,26.594444444444445,62.733333333333334,0.4652497563428979,0.02387337386398319,0.2666303842273863,False
2025-05-24 05:00:00,7300.487084870849,55.0,4025.33,26.594444444444445,62.733333333333334,0.45275785182715317,0.026184008296847885,0.2607996222385158,False
2025-05-24 06:00:00,11635.151291512911,55.0,4318.75,26.594444444444445,62.733333333333334,0.4962593726757424,0.02043986965665058,0.2821405963171511,False
2025-05-24 07:00:00,14600.974169741698,55.0,4908.04,26.594444444444445,62.733333333333334,0.5265967044834462,0.01792003230465921,0.29769220200299207,False
2025-05-24 08:00:00,15741.675276752769,55.0,5307.25,26.594444444444445,62.733333333333334,0.4762998217830819,0.01693607008418272,0.2695861335185773,False
2025-05-24 09:00:00,12775.852398523984,55.0,5682.869999999999,26.594444444444445,62.733333333333334,0.32933493544355885,0.017443925388923386,0.18898398091897292,False
2025-05-24 10:00:00,10722.59040590406,55.0,6133.51,26.594444444444445,62.733333333333334,0.3138410789798568,0.012684109752189372,0.1783204428274065,False
2025-05-24 11:00:00,9810.029520295202,55.0,6173.05,26.594444444444445,62.733333333333334,0.30391780828278264,0.007771456076351266,0.17065194978988854,False
2025-05-24 12:00:00,9353.749077490776,55.0,6172.66,26.594444444444445,62.733333333333334,0.21308709833195943,0.008750295403127294,0.12113553701398498,False
2025-05-24 13:00:00,9581.88929889299,55.0,5979.44,26.594444444444445,62.733333333333334,0.14733732212469008,0.012463952598504392,0.08664430583790653,False
2025-05-24 14:00:00,10266.30996309963,55.0,5769.29,26.594444444444445,62.733333333333334,0.11709907813331744,0.016619564782652148,0.07188329712551807,False
2025-05-24 15:00:00,11635.151291512911,55.0,5691.4400000000005,26.594444444444445,62.733333333333334,0.12660903215752528,0.026384608303815626,0.08150804142335594,False
2025-05-24 16:00:00,14372.833948339485,55.0,5516.13,26.594444444444445,62.733333333333334,0.1366358826587396,0.01618356322379333,0.08243233891301378,False
2025-05-24 17:00:00,17566.797047970478,55.0,4811.13,26.594444444444445,62.733333333333334,0.19840205194867294,0.03504467134380943,0.12489123067648437,False
2025-05-24 18:00:00,18935.63837638377,55.0,4800.0,26.594444444444445,62.733333333333334,0.13404791313173237,0.03416309090734592,0.08909974313075847,False
2025-05-24 19:00:00,16197.955719557192,55.0,4934.95,26.594444444444445,62.733333333333334,0.10763547589415823,0.029714749145458966,0.07257114885724357,False
2025-05-24 20:00:00,12775.852398523984,55.0,4901.49,26.594444444444445,62.733333333333334,0.09317567437596808,0.02424620525327943,0.06215741327075819,False
2025-05-24 21:00:00,10038.169741697417,55.0,4604.740000000001,26.594444444444445,62.733333333333334,0.07030164864864896,0.014263278477659364,0.04508438207170365,False
2025-05-24 22:00:00,7300.487084870849,55.0,4369.66,26.594444444444445,62.733333333333334,0.1465522335042696,0.013579698842831518,0.08671459290662246,False
2025-05-24 23:00:00,6159.7859778597785,55.0,4091.29,26.594444444444445,62.733333333333334,0.11973900909974727,0.022459588688713242,0.07596326991478197,False
2025-05-25 00:00:00,8170.280442804427,47.0,3849.51,25.37777777777778,62.54444444444445,0.4101076776951603,0.15454341168565494,0.29510375799088295,False
2025-05-25 01:00:00,6684.774907749076,47.0,3730.37,25.37777777777778,62.54444444444445,0.28332226578262104,0.06094431453624145,0.18325218772175023,False
2025-05-25 02:00:00,5570.645756457565,47.0,3616.24,25.37777777777778,62.54444444444445,0.2930553513914096,0.04029817811431668,0.17931462341671778,False
2025-05-25 03:00:00,5570.645756457565,47.0,3494.55,25.37777777777778,62.54444444444445,0.3022598257900677,0.03342635433631737,0.18128476363588006,False
2025-05-25 04:00:00,7427.527675276753,47.0,3498.6800000000003,25.37777777777778,62.54444444444445,0.3552258347761172,0.0362026421112018,0.21166539807690526,False
2025-05-25 05:00:00,11884.044280442806,47.0,3495.35,25.37777777777778,62.54444444444445,0.3621067652028171,0.03966705872393956,0.21700889728732223,False
2025-05-25 06:00:00,18940.19557195572,47.0,3704.23,25.37777777777778,62.54444444444445,0.5627492223064752,0.04626355200854757,0.3303306706724078,False
2025-05-25 07:00:00,23768.08856088561,47.0,4156.5,25.37777777777778,62.54444444444445,0.6719252638471429,0.059509604484932005,0.3963382171341481,False
2025-05-25 08:00:00,25624.970479704803,47.0,4356.16,25.37777777777778,62.54444444444445,0.6985205901246189,0.08647515619979979,0.4231001448584503,False
2025-05-25 09:00:00,20797.077490774904,47.0,4728.71,25.37777777777778,62.54444444444445,0.7206847428235552,0.07430926751885089,0.4298157789364383,False
2025-05-25 10:00:00,17454.69003690037,47.0,5172.23,25.37777777777778,62.54444444444445,0.6405587172758755,0.06315540130496622,0.3807272250889664,False
2025-05-25 11:00:00,15969.18450184502,47.0,5166.06,25.37777777777778,62.54444444444445,0.4890485650775451,0.06222359442888331,0.2969773282856473,False
2025-05-25 12:00:00,15226.431734317346,47.0,5106.13,25.37777777777778,62.54444444444445,0.37631068716558,0.037984465280841706,0.2240638873174478,False
2025-05-25 13:00:00,15597.808118081184,47.0,4883.12,25.37777777777778,62.54444444444445,0.3008878146472461,0.033926665182172286,0.18075529738796292,False
2025-05-25 14:00:00,16711.93726937269,47.0,4783.96,25.37777777777778,62.54444444444445,0.2819622959138922,0.042647623961849776,0.17427069353547311,False
2025-05-25 15:00:00,18940.19557195572,47.0,4912.72,25.37777777777778,62.54444444444445,0.3133434555016715,0.05330288806609172,0.1963252001556606,False
2025-05-25 16:00:00,23396.71217712177,47.0,4891.56,25.37777777777778,62.54444444444445,0.39144976836771206,0.03572305833610178,0.23137274885348746,False
2025-05-25 17:00:00,27554.309963099622,47.0,4786.56,25.37777777777778,62.54444444444445,0.5611494754853172,0.02038839581559816,0.31780698963394366,False
2025-05-25 18:00:00,27554.309963099622,47.0,4716.7300000000005,25.37777777777778,62.54444444444445,0.7303460432584175,0.025480616034265314,0.41315660100754903,False
2025-05-25 19:00:00,26367.72324723247,47.0,4951.02,25.37777777777778,62.54444444444445,0.7992825456344083,0.07717226071369852,0.47433291742008893,False
2025-05-25 20:00:00,20797.077490774904,47.0,4713.33,25.37777777777778,62.54444444444445,0.7677448271144349,0.08622868480052116,0.4610625630731738,False
2025-05-25 21:00:00,16340.560885608851,47.0,4625.61,25.37777777777778,62.54444444444445,0.6443939925983878,0.05383011849552577,0.37864024925209994,False
2025-05-25 22:00:00,11884.044280442806,47.0,4312.72,25.37777777777778,62.54444444444445,0.6651224421561907,0.027651753951153244,0.37826063246392383,False
2025-05-25 23:00:00,10027.162361623616,47.0,4113.42,25.37777777777778,62.54444444444445,0.5852558045318292,0.029695773695698074,0.33525379065557026,False
2025-05-26 00:00:00,3435.896678966789,55.0,3971.4,25.37777777777778,63.2,0.804565497279871,0.08956940083943031,0.48281725388167274,False
2025-05-26 01:00:00,2811.1881918819186,55.0,3825.7,25.37777777777778,63.2,0.7064375289698156,0.04991316678541422,0.411001565986835,False
2025-05-26 02:00:00,2342.656826568266,55.0,3749.5,25.37777777777778,63.2,0.6234204019615874,0.03392291328833527,0.35814653205862396,False
2025-05-26 03:00:00,2342.656826568266,55.0,3657.9,25.37777777777778,63.2,0.5979901099697423,0.026328075063571817,0.3407421942619656,False
2025-05-26 04:00:00,3123.542435424354,55.0,3598.5,25.37777777777778,63.2,0.664068174791856,0.027872786799254274,0.37778025019518524,False
2025-05-26 05:00:00,4997.667896678967,55.0,3507.4,25.37777777777778,63.2,0.7639268511810365,0.044923501948278495,0.44037534402629547,False
2025-05-26 06:00:00,7965.033210332103,55.0,3706.3,25.37777777777778,63.2,0.6118107261366199,0.03916832111751531,0.35412164387802286,False
2025-05-26 07:00:00,9995.335793357934,55.0,3973.6,25.37777777777778,63.2,0.5719247120581963,0.04257262774106617,0.33371627411548777,False
2025-05-26 08:00:00,10776.221402214023,55.0,4076.3,25.37777777777778,63.2,0.4772305512168745,0.06171682148981793,0.2902493728396991,False
2025-05-26 09:00:00,8745.918819188191,55.0,4284.2,25.37777777777778,63.2,0.413567444468099,0.06204472567023482,0.25538222100906016,False
2025-05-26 10:00:00,7340.324723247233,55.0,4235.299999999999,25.37777777777778,63.2,0.38532998968093424,0.07761003334374715,0.24685600932920007,False
2025-05-26 11:00:00,6715.616236162362,55.0,4069.0,25.37777777777778,63.2,0.4019630355321656,0.0936879770710891,0.26323925922468117,False
2025-05-26 12:00:00,6403.261992619928,55.0,3987.4,25.37777777777778,63.2,0.37843916121258336,0.10290386048120831,0.25444827588346464,False
2025-05-26 13:00:00,6559.439114391145,55.0,3980.3,25.37777777777778,63.2,0.34329919721909075,0.09567496326001965,0.2318682919375088,False
2025-05-26 14:00:00,7027.970479704796,55.0,3979.8,25.37777777777778,63.2,0.3285095723249198,0.08857534504321486,0.22053917004815257,False
2025-05-26 15:00:00,7965.033210332103,55.0,4091.1,25.37777777777778,63.2,0.45688918049832133,0.08456932217663499,0.2893452442535625,False
2025-05-26 16:00:00,9839.158671586716,55.0,3964.5,25.37777777777778,63.2,0.46612436848853406,0.09125255520668328,0.29743205251170124,False
2025-05-26 17:00:00,12025.638376383764,55.0,4096.3,25.37777777777778,63.2,0.583013101510808,0.07584479830785004,0.35478736506947695,False
2025-05-26 18:00:00,12962.701107011071,55.0,4191.9,25.37777777777778,63.2,0.5140173994083049,0.05511155003259925,0.3075097671892374,False
2025-05-26 19:00:00,11088.575645756457,55.0,4284.1,25.37777777777778,63.2,0.48571827579400906,0.06625143944015474,0.29695819943477464,False
2025-05-26 20:00:00,8745.918819188191,55.0,4249.1,25.37777777777778,63.2,0.4494824342289978,0.04763119488010411,0.26864937652199566,False
2025-05-26 21:00:00,6871.793357933578,55.0,4156.6,25.37777777777778,63.2,0.4563989304567413,0.02916948048884545,0.2641456779711882,False
2025-05-26 22:00:00,4997.667896678967,55.0,3973.6,25.37777777777778,63.2,0.50114483436725,0.023257899794488505,0.2860957138095074,False
2025-05-26 23:00:00,4216.782287822879,55.0,3783.0,25.37777777777778,63.2,0.5237094868241913,0.02222176171821068,0.29804001052650003,False
2025-05-27 00:00:00,5253.738007380072,66.0,3635.78,26.238888888888887,60.15555555555555,0.8001535048618855,0.0442597376007618,0.46000130959437985,False
2025-05-27 01:00:00,4298.51291512915,66.0,3469.7200000000003,26.238888888888887,60.15555555555555,0.7562500886403696,0.03062072333899051,0.429716874254749,False
2025-05-27 02:00:00,3582.094095940959,66.0,3361.81,26.238888888888887,60.15555555555555,0.7885709990905646,0.029349834019754457,0.4469214748087001,False
2025-05-27 03:00:00,3582.094095940959,66.0,3257.54,26.238888888888887,60.15555555555555,0.7898345774356937,0.026881431158422984,0.4465056616109219,False
2025-05-27 04:00:00,4776.125461254613,66.0,3387.14,26.238888888888887,60.15555555555555,0.7623706097833756,0.02931443222845159,0.4324953298836598,False
2025-05-27 05:00:00,7641.80073800738,66.0,3449.26,26.238888888888887,60.15555555555555,0.7528817359974694,0.02390383438899491,0.42484168027365593,False
2025-05-27 06:00:00,12179.11992619926,66.0,3716.43,26.238888888888887,60.15555555555555,0.792735545508348,0.024922844671076107,0.4472198301315757,False
2025-05-27 07:00:00,15283.60147601476,66.0,4460.29,26.238888888888887,60.15555555555555,0.8222373492805534,0.048489008830521645,0.4740505960780392,False
2025-05-27 08:00:00,16477.632841328414,66.0,4821.089999999999,26.238888888888887,60.15555555555555,0.7070248251906035,0.05306983998430003,0.412745081847767,False
2025-05-27 09:00:00,13373.151291512911,66.0,5346.53,26.238888888888887,60.15555555555555,0.5834625964528957,0.06454983339822218,0.34995185307829263,False
2025-05-27 10:00:00,11223.894833948338,66.0,5477.09,26.238888888888887,60.15555555555555,0.4706306535323353,0.041669747864305606,0.277598245981722,False
2025-05-27 11:00:00,10268.669741697417,66.0,5411.58,26.238888888888887,60.15555555555555,0.4781761148351217,0.034157203075042226,0.2783676045430859,False
2025-05-27 12:00:00,9791.057195571955,66.0,5444.12,26.238888888888887,60.15555555555555,0.3790641811160895,0.036577802658972,0.22494531081038666,False
2025-05-27 13:00:00,10029.863468634689,66.0,5492.38,26.238888888888887,60.15555555555555,0.31518964611612643,0.039719062259044854,0.19122788338043975,False
2025-05-27 14:00:00,10746.282287822876,66.0,5324.08,26.238888888888887,60.15555555555555,0.2843995626026305,0.05119281755575561,0.1794565273315368,False
2025-05-27 15:00:00,12179.11992619926,66.0,5580.280000000001,26.238888888888887,60.15555555555555,0.3567989431243382,0.0759203285041317,0.2304035665452453,False
2025-05-27 16:00:00,15044.79520295203,66.0,5487.78,26.238888888888887,60.15555555555555,0.32770928853107306,0.044738242511495156,0.20037231782226303,False
2025-05-27 17:00:00,18388.083025830256,66.0,5273.45,26.238888888888887,60.15555555555555,0.29816384784329003,0.03462819019466641,0.17957280190140942,False
2025-05-27 18:00:00,19820.92066420664,66.0,5184.34,26.238888888888887,60.15555555555555,0.2175773646763831,0.04051743700649478,0.13790039722493336,False
2025-05-27 19:00:00,16955.24538745387,66.0,5403.88,26.238888888888887,60.15555555555555,0.25338050954364233,0.07282463023952168,0.17213036385678804,False
2025-05-27 20:00:00,13373.151291512911,66.0,5141.799999999999,26.238888888888887,60.15555555555555,0.2373866142093619,0.08934074207200439,0.17076597174755104,False
2025-05-27 21:00:00,10507.476014760145,66.0,4865.68,26.238888888888887,60.15555555555555,0.21364460237764993,0.06713463211006084,0.14771511575723484,False
2025-05-27 22:00:00,7641.80073800738,66.0,4634.68,26.238888888888887,60.15555555555555,0.23151375155762455,0.042525256039258816,0.14646892857435997,False
2025-05-27 23:00:00,6447.769372693727,66.0,4331.58,26.238888888888887,60.15555555555555,0.1906169206525959,0.03588703909449108,0.12098847395144872,False
2025-05-28 00:00:00,4261.282287822877,65.0,4229.29,26.422222222222224,60.333333333333336,0.4246464931566819,0.22671835981372257,0.3355788331523502,False
2025-05-28 01:00:00,3486.5036900368996,65.0,4057.62,26.422222222222224,60.333333333333336,0.327676554320709,0.12173372694654032,0.23500228200233314,False
2025-05-28 02:00:00,2905.4197416974166,65.0,3961.47,26.422222222222224,60.333333333333336,0.3692420629058184,0.08306304688894671,0.24046150569822616,False
2025-05-28 03:00:00,2905.4197416974166,65.0,3891.58,26.422222222222224,60.333333333333336,0.33579526556782274,0.0649196138400759,0.21390122229033667,False
2025-05-28 04:00:00,3873.8929889298897,65.0,3922.21,26.422222222222224,60.333333333333336,0.34092030370547316,0.054480128849948815,0.21202222502048723,False
2025-05-28 05:00:00,6198.2287822878225,65.0,3910.0,26.422222222222224,60.333333333333336,0.3802337102370311,0.051566257056770974,0.23233335630591406,False
2025-05-28 06:00:00,9878.427121771216,65.0,4204.32,26.422222222222224,60.333333333333336,0.47890437223180327,0.031263995528052056,0.27746620271511524,False
2025-05-28 07:00:00,12396.457564575643,65.0,4879.68,26.422222222222224,60.333333333333336,0.42263837429205475,0.027700320697684456,0.24491625017458815,False
2025-05-28 08:00:00,13364.930811808115,65.0,5176.91,26.422222222222224,60.333333333333336,0.3722951799641417,0.03664813286210226,0.22125400876822396,False
2025-05-28 09:00:00,10846.900369003688,65.0,5651.32,26.422222222222224,60.333333333333336,0.31668354690613504,0.032110672664436436,0.18862575349737068,False
2025-05-28 10:00:00,9103.64852398524,65.0,5871.72,26.422222222222224,60.333333333333336,0.256491206131828,0.025492470725338622,0.1525417751989078,False
2025-05-28 11:00:00,8328.86992619926,65.0,6011.74,26.422222222222224,60.333333333333336,0.25392508174550543,0.022039639639999956,0.149576632798028,False
2025-05-28 12:00:00,7941.480627306273,65.0,5870.8099999999995,26.422222222222224,60.333333333333336,0.20198722827908622,0.020908596034475563,0.12050184376901144,False
2025-05-28 13:00:00,8135.175276752768,65.0,5723.57,26.422222222222224,60.333333333333336,0.15640419812955175,0.01981684498565892,0.09493988921479998,False
2025-05-28 14:00:00,8716.25922509225,65.0,5615.9,26.422222222222224,60.333333333333336,0.16659050952711513,0.0210974349219148,0.10111862595477498,False
2025-05-28 15:00:00,9878.427121771216,65.0,5745.71,26.422222222222224,60.333333333333336,0.1607374898514607,0.023479298877825815,0.098971303913325,False
2025-05-28 16:00:00,12202.762915129151,65.0,5678.53,26.422222222222224,60.333333333333336,0.13520534592215183,0.01473817944986348,0.08099512100962208,False
2025-05-28 17:00:00,14914.488007380072,65.0,5494.360000000001,26.422222222222224,60.333333333333336,0.20913621630939316,0.017708700385121894,0.12299383414347109,False
2025-05-28 18:00:00,16076.655904059042,65.0,5128.67,26.422222222222224,60.333333333333336,0.18738068680813386,0.01819636326204818,0.1112477412123953,False
2025-05-28 19:00:00,13752.320110701105,65.0,5345.780000000001,26.422222222222224,60.333333333333336,0.11809048291867119,0.03283656478370078,0.07972621975793451,False
2025-05-28 20:00:00,10846.900369003688,65.0,5223.78,26.422222222222224,60.333333333333336,0.12309937962173301,0.03679790365024577,0.08426371543456375,False
2025-05-28 21:00:00,8522.564575645754,65.0,4923.700000000001,26.422222222222224,60.333333333333336,0.15070529046238695,0.02503526549544671,0.09415377922726385,False
2025-05-28 22:00:00,6198.2287822878225,65.0,4700.84,26.422222222222224,60.333333333333336,0.13563100010421636,0.015366453608061197,0.08151195418094655,False
2025-05-28 23:00:00,5229.75553505535,65.0,4455.849999999999,26.422222222222224,60.333333333333336,0.14400744361861167,0.014781609221592114,0.08585581813995287,False
2025-05-29 00:00:00,8618.560885608855,49.0,4200.5,26.53333333333333,62.3,0.6157135450648417,0.254541356140059,0.4531860600486895,False
2025-05-29 01:00:00,7051.549815498154,49.0,4210.9,26.53333333333333,62.3,0.437305443823092,0.11795413320004187,0.29359735404271947,False
2025-05-29 02:00:00,5876.291512915129,49.0,4129.9,26.53333333333333,62.3,0.4636265632629757,0.08541065722665764,0.2934294055466326,False
2025-05-29 03:00:00,5876.291512915129,49.0,4001.0,26.53333333333333,62.3,0.444589378746864,0.06566886476706657,0.2740751474559552,False
2025-05-29 04:00:00,7835.055350553505,49.0,4065.4,26.53333333333333,62.3,0.45527431284485037,0.05817857825637163,0.27658123228003495,False
2025-05-29 05:00:00,12536.088560885608,49.0,4196.6,26.53333333333333,62.3,0.5218074396292162,0.037460875462701555,0.30385148575428467,False
2025-05-29 06:00:00,19979.39114391144,49.0,4165.9,26.53333333333333,62.3,0.6708420887380151,0.02957604525485873,0.38227236917059476,False
2025-05-29 07:00:00,25072.177121771216,49.0,4915.8,26.53333333333333,62.3,0.7808138638481097,0.03144630912406767,0.44359846422229077,False
2025-05-29 08:00:00,27030.940959409592,49.0,5845.299999999999,26.53333333333333,62.3,0.8130914371143003,0.048855347291864075,0.469185196694204,False
2025-05-29 09:00:00,21938.154981549815,49.0,5883.799999999999,26.53333333333333,62.3,0.7344930924359835,0.08379700529958506,0.44167985322460424,False
2025-05-29 10:00:00,18412.380073800738,49.0,6231.6,26.53333333333333,62.3,0.6543354029425577,0.05870415065199945,0.3863013394118065,False
2025-05-29 11:00:00,16845.369003690037,49.0,6193.13,26.53333333333333,62.3,0.5177427972792169,0.043445433233267286,0.3043089834585396,False
2025-05-29 12:00:00,16061.863468634689,49.0,6048.200000000001,26.53333333333333,62.3,0.4410973398622104,0.023492079620960473,0.253174972753648,False
2025-05-29 13:00:00,16453.61623616236,49.0,6066.5,26.53333333333333,62.3,0.4337102842307976,0.03381454452338454,0.2537572013624617,False
2025-05-29 14:00:00,17628.874538745386,49.0,5923.64,26.53333333333333,62.3,0.3769034258424915,0.03762151054223937,0.22422656395737806,False
2025-05-29 15:00:00,19979.39114391144,49.0,6063.2,26.53333333333333,62.3,0.39870459093092075,0.06284925353825564,0.24756968910422147,False
2025-05-29 16:00:00,24680.42435424354,49.0,5896.8,26.53333333333333,62.3,0.49173102924212536,0.03647290338046671,0.286864872604379,False
2025-05-29 17:00:00,27554.309963099622,49.0,5751.0,26.53333333333333,62.3,0.6007006513451715,0.03371723353524342,0.34555811333070385,False
2025-05-29 18:00:00,27554.309963099622,49.0,5371.5,26.53333333333333,62.3,0.7050202910150901,0.037900616281378675,0.40481643738492,False
2025-05-29 19:00:00,27554.309963099622,49.0,5348.9,26.53333333333333,62.3,0.7739967512240334,0.08007375483398843,0.4617314028485132,False
2025-05-29 20:00:00,21938.154981549815,49.0,5427.1,26.53333333333333,62.3,0.7457162521932285,0.11823859495672687,0.4633513064368028,False
2025-05-29 21:00:00,17237.12177121771,49.0,5117.6,26.53333333333333,62.3,0.641481258178971,0.06906203539648897,0.3838926079268541,False
2025-05-29 22:00:00,12536.088560885608,49.0,4867.7,26.53333333333333,62.3,0.6376130925136648,0.03770441056269731,0.3676541856357295,False
2025-05-29 23:00:00,10577.324723247231,49.0,4895.0,26.53333333333333,62.3,0.583947765307266,0.03284813476604329,0.3359529315637158,False
2025-05-30 00:00:00,5684.199261992619,55.0,4434.21,27.03888888888889,61.82222222222222,0.823069477011267,0.04640100685861692,0.4735686654425745,False
2025-05-30 01:00:00,4650.70848708487,55.0,4446.83,27.03888888888889,61.82222222222222,0.5819678341801344,0.034427063948608005,0.33557448757594754,False
2025-05-30 02:00:00,3875.5904059040586,55.0,4389.24,27.03888888888889,61.82222222222222,0.473971226743903,0.015154172829614596,0.26750355248247326,False
2025-05-30 03:00:00,3875.5904059040586,55.0,4218.38,27.03888888888889,61.82222222222222,0.5070258432114101,0.011827345479434662,0.28418651923202115,False
2025-05-30 04:00:00,5167.453874538745,55.0,4266.59,27.03888888888889,61.82222222222222,0.5249181360371289,0.01369247279247374,0.2948665875770341,False
2025-05-30 05:00:00,8267.926199261992,55.0,4345.74,27.03888888888889,61.82222222222222,0.5727409159800564,0.02062390179921514,0.32428825959867785,False
2025-05-30 06:00:00,13177.0073800738,55.0,4570.17,27.03888888888889,61.82222222222222,0.5635184157769124,0.01667386856324885,0.3174383695307638,False
2025-05-30 07:00:00,16535.852398523984,55.0,5048.79,27.03888888888889,61.82222222222222,0.624548599558434,0.029397577089653532,0.3567306394474828,False
2025-05-30 08:00:00,17827.71586715867,55.0,5399.4400000000005,27.03888888888889,61.82222222222222,0.5405520073538028,0.04853884694683255,0.3191460851706662,False
2025-05-30 09:00:00,14468.870848708486,55.0,5958.46,27.03888888888889,61.82222222222222,0.37379057729925236,0.022932783523943515,0.2159045701003634,False
2025-05-30 10:00:00,12143.51660516605,55.0,6494.36,27.03888888888889,61.82222222222222,0.3554857953820373,0.018425515965902407,0.20380866964477662,False
2025-05-30 11:00:00,11110.025830258302,55.0,6485.8,27.03888888888889,61.82222222222222,0.3234016963928646,0.02305822781276397,0.18824713553181932,False
2025-05-30 12:00:00,10593.28044280443,55.0,6572.9,27.03888888888889,61.82222222222222,0.29497371631183666,0.02348700007182245,0.1728046940038303,False
2025-05-30 13:00:00,10851.653136531366,55.0,6348.7,27.03888888888889,61.82222222222222,0.2256979555354725,0.022215956118758297,0.13413105579795112,False
2025-05-30 14:00:00,11626.771217712176,55.0,6195.3,27.03888888888889,61.82222222222222,0.21349822107957594,0.013039005442412172,0.12329157404285225,False
2025-05-30 15:00:00,13177.0073800738,55.0,6399.299999999999,27.03888888888889,61.82222222222222,0.2546114852183136,0.02059476204866909,0.14930395979197358,False
2025-05-30 16:00:00,16277.479704797048,55.0,6132.5,27.03888888888889,61.82222222222222,0.2612882824424543,0.02156120578232917,0.15341109794539798,False
2025-05-30 17:00:00,19894.69741697417,55.0,5779.4,27.03888888888889,61.82222222222222,0.26139106152302877,0.0295109197955585,0.15704499774566716,False
2025-05-30 18:00:00,21444.933579335793,55.0,5321.6,27.03888888888889,61.82222222222222,0.3033114337346109,0.018630584912160776,0.17520505176450835,False
2025-05-30 19:00:00,18344.461254612543,55.0,5579.1,27.03888888888889,61.82222222222222,0.19452011573258926,0.034623447227661565,0.1225666149053718,False
2025-05-30 20:00:00,14468.870848708486,55.0,5452.8,27.03888888888889,61.82222222222222,0.1857909434191648,0.02590989502239321,0.11384447164061759,False
2025-05-30 21:00:00,11368.398523985235,55.0,5248.2,27.03888888888889,61.82222222222222,0.06484908460958849,0.01936951090805662,0.04438327644389915,False
2025-05-30 22:00:00,8267.926199261992,55.0,4893.200000000001,27.03888888888889,61.82222222222222,0.11239436809862569,0.014565142462869447,0.06837121656253539,False
2025-05-30 23:00:00,6976.062730627306,55.0,4746.2,27.03888888888889,61.82222222222222,0.04662546231345921,0.018781129311532713,0.03409551246259229,False
2025-05-31 00:00:00,5487.0110701107,67.0,4777.709999999999,28.08888888888889,56.92222222222222,0.426411636732677,0.015321323087325249,0.24142099559226876,False
2025-05-31 01:00:00,4489.372693726937,67.0,4737.1,28.08888888888889,56.92222222222222,0.2566869652637538,0.01543898804831063,0.14812537551680435,False
2025-05-31 02:00:00,3741.1439114391137,67.0,4601.5,28.08888888888889,56.92222222222222,0.2968472387170495,0.009629831756145613,0.16759940558464276,False
2025-05-31 03:00:00,3741.1439114391137,67.0,4550.4,28.08888888888889,56.92222222222222,0.36106289748718035,0.01608733439395669,0.2058238940952297,False
2025-05-31 04:00:00,4988.1918819188195,67.0,4507.1,28.08888888888889,56.92222222222222,0.35658128677372997,0.016365443547929518,0.20348415732211977,False
2025-05-31 05:00:00,7981.10701107011,67.0,4636.1,28.08888888888889,56.92222222222222,0.3532989945801747,0.018641173434220188,0.2027029750644952,False
2025-05-31 06:00:00,12719.889298892987,67.0,4642.3,28.08888888888889,56.92222222222222,0.38208085542388615,0.013262697563814013,0.2161126843868537,False
2025-05-31 07:00:00,15962.21402214022,67.0,5304.5,28.08888888888889,56.92222222222222,0.4555234569416483,0.015140762820834298,0.25735124458728204,False
2025-05-31 08:00:00,17209.261992619926,67.0,5564.8,28.08888888888889,56.92222222222222,0.3884960314239849,0.028739008543412676,0.22660537112772744,False
2025-05-31 09:00:00,13966.937269372693,67.0,6321.8,28.08888888888889,56.92222222222222,0.33306147642331496,0.016606691098535388,0.19065682302716416,False
2025-05-31 10:00:00,11722.250922509224,67.0,6937.48,28.08888888888889,56.92222222222222,0.36713498424192437,0.018860237348889204,0.21041134814005857,False
2025-05-31 11:00:00,10724.61254612546,67.0,6985.61,28.08888888888889,56.92222222222222,0.3370112780203767,0.017143325198800637,0.1930706992506675,False
2025-05-31 12:00:00,10225.79335793358,67.0,6976.07,28.08888888888889,56.92222222222222,0.282531928305271,0.009789335469573824,0.1597977615292073,False
2025-05-31 13:00:00,10475.202952029522,67.0,6817.0,28.08888888888889,56.92222222222222,0.24732766475943302,0.011402881891171196,0.1411615124687152,False
2025-05-31 14:00:00,11223.43173431734,67.0,6563.08,28.08888888888889,56.92222222222222,0.23839181706307655,0.015171194202056749,0.13794253677561766,False
2025-05-31 15:00:00,12719.889298892987,67.0,6548.35,28.08888888888889,56.92222222222222,0.24585289166322855,0.018579618139599515,0.14357991857759547,False
2025-05-31 16:00:00,15712.80442804428,67.0,6583.8,28.08888888888889,56.92222222222222,0.2382402048455305,0.013967722968110635,0.13731758800069158,False
2025-05-31 17:00:00,19204.538745387457,67.0,6053.73,28.08888888888889,56.92222222222222,0.2692045461097992,0.01877538983182307,0.15651142578470997,False
2025-05-31 18:00:00,20700.996309963102,67.0,5471.65,28.08888888888889,56.92222222222222,0.2644837913673376,0.01434956069018254,0.1519233875626178,False
2025-05-31 19:00:00,17708.081180811805,67.0,5675.12,28.08888888888889,56.92222222222222,0.20388798679922326,0.024932055616577162,0.12335781776703253,False
2025-05-31 20:00:00,13966.937269372693,67.0,5470.6,28.08888888888889,56.92222222222222,0.20466113897891025,0.019679246500567966,0.12141928736365623,False
2025-05-31 21:00:00,10974.0221402214,67.0,5276.62,28.08888888888889,56.92222222222222,0.12018107261551347,0.012102691353308315,0.07154580104752116,False
2025-05-31 22:00:00,7981.10701107011,67.0,5103.360000000001,28.08888888888889,56.92222222222222,0.16637407060671322,0.01503563901501151,0.09827177639044746,False
2025-05-31 23:00:00,6734.059040590406,67.0,4943.83,28.08888888888889,56.92222222222222,0.16476027775184,0.02256211250313518,0.10077110338992283,False
2025-06-01 00:00:00,5998.287822878227,51.5,5030.799999999999,25.56,67.3,0.5566859401473626,0.21303248444586115,0.402041885081687,False
2025-06-01 01:00:00,4907.690036900368,51.5,4994.0,25.56,67.3,0.3877697234029719,0.03127857076465032,0.22734870471572718,False
2025-06-01 02:00:00,4089.741697416974,51.5,4827.9,25.56,67.3,0.484033908930873,0.02916089923645047,0.2793410545683829,False
2025-06-01 03:00:00,4089.741697416974,51.5,4668.1,25.56,67.3,0.5178026894988841,0.030445512005598734,0.29849195962690567,False
2025-06-01 04:00:00,5452.988929889299,51.5,4581.6,25.56,67.3,0.5012246894661525,0.03210521614408071,0.29012092647122023,False
2025-06-01 05:00:00,8724.78228782288,51.5,4585.5,25.56,67.3,0.4830053809377409,0.03178114311996513,0.2799544739197418,False
2025-06-01 06:00:00,13905.121771217711,51.5,4584.3,25.56,67.3,0.5285198050151582,0.0417364133162901,0.30946727875066754,False
2025-06-01 07:00:00,17449.56457564576,51.5,5027.799999999999,25.56,67.3,0.5647941497987752,0.04024086208570474,0.32874517032789347,False
2025-06-01 08:00:00,18812.811808118084,51.5,5269.0,25.56,67.3,0.5435125938222514,0.058722643709445396,0.3253571162714887,False
2025-06-01 09:00:00,15268.369003690035,51.5,5998.3,25.56,67.3,0.4557802099641184,0.04008438075376438,0.2687170868194591,False
2025-06-01 10:00:00,12814.523985239854,51.5,6822.8,25.56,67.3,0.4264656492964672,0.05094651617618739,0.25748203939234127,False
2025-06-01 11:00:00,11723.926199261994,51.5,6899.9,25.56,67.3,0.42858327434342486,0.04511517063522057,0.25602262767473294,False
2025-06-01 12:00:00,11178.627306273063,51.5,6950.4,25.56,67.3,0.3052146689213823,0.03951617553987908,0.1856503468997059,False
2025-06-01 13:00:00,11451.27675276753,51.5,6788.1,25.56,67.3,0.2934290634084007,0.04492588042215861,0.18160263106459176,False
2025-06-01 14:00:00,12269.22509225092,51.5,6546.3,25.56,67.3,0.2618913890997677,0.04106130410971742,0.1625178508542451,False
2025-06-01 15:00:00,13905.121771217711,51.5,5946.7,25.56,67.3,0.32868857148976455,0.06205805503860079,0.20870483908674087,False
2025-06-01 16:00:00,17176.915129151294,51.5,5253.4,25.56,67.3,0.37768650528072556,0.08239869932290482,0.24480699259970626,False
2025-06-01 17:00:00,20994.0073800738,51.5,4874.2,25.56,67.3,0.3910548358294462,0.11484868565738221,0.2667620682520174,False
2025-06-01 18:00:00,22629.904059040597,51.5,4630.4,25.56,67.3,0.42809497838620564,0.0968726331252626,0.2790449230187813,False
2025-06-01 19:00:00,19358.11070110701,51.5,4813.1,25.56,67.3,0.3888464414640842,0.06627635183620378,0.24368990113153804,False
2025-06-01 20:00:00,15268.369003690035,51.5,4440.5,25.56,67.3,0.41906870196104407,0.06088287284173159,0.25788507885735346,False
2025-06-01 21:00:00,11996.575645756457,51.5,4162.5,25.56,67.3,0.3812725267481485,0.07446915798088542,0.24321101080288013,False
2025-06-01 22:00:00,8724.78228782288,51.5,3913.1,25.56,67.3,0.3796469280691764,0.0950726540923023,0.25158850477958306,False
2025-06-01 23:00:00,7361.535055350554,51.5,3746.8,25.56,67.3,0.4291291850151744,0.1204200200195024,0.290210060767122,False
2025-06-02 00:00:00,5781.5553505535045,40.0,3517.4999999999995,24.285000000000004,70.3,0.6573687722895332,0.12409216139783051,0.417394297388267,False
2025-06-02 01:00:00,4730.363468634686,40.0,3450.0,24.285000000000004,70.3,0.4763079118702989,0.06282022284615832,0.29023845180943564,False
2025-06-02 02:00:00,3941.969557195572,40.0,3342.3,24.285000000000004,70.3,0.4781619506665731,0.053059652224039654,0.2868659163674331,False
2025-06-02 03:00:00,3941.969557195572,40.0,3385.6,24.285000000000004,70.3,0.5310908335565303,0.04426944380740665,0.3120212081694247,False
2025-06-02 04:00:00,5255.959409594096,40.0,3365.7,24.285000000000004,70.3,0.5285603620544875,0.055695721637790685,0.31577127386697396,False
2025-06-02 05:00:00,8409.535055350554,40.0,3362.3999999999996,24.285000000000004,70.3,0.5499115410144224,0.06977535493138336,0.33385025727705486,False
2025-06-02 06:00:00,13402.696494464944,40.0,3436.2,24.285000000000004,70.3,0.6289726479170009,0.07383241839507793,0.3791595446321356,False
2025-06-02 07:00:00,16819.07011070111,40.0,3706.8,24.285000000000004,70.3,0.6512785255318042,0.08806352894249435,0.39783177706661477,False
2025-06-02 08:00:00,18133.059963099633,40.0,3847.1,24.285000000000004,70.3,0.6395707976938522,0.13004491437672402,0.4102841502011445,False
2025-06-02 09:00:00,14716.686346863467,40.0,4166.0,24.285000000000004,70.3,0.555305335970546,0.1368476839580975,0.3669993925649442,False
2025-06-02 10:00:00,12351.504612546129,40.0,4600.4,24.285000000000004,70.3,0.4958072848930477,0.1266339712003498,0.3296792937313337,False
2025-06-02 11:00:00,11300.312730627307,40.0,4711.1,24.285000000000004,70.3,0.39847175243231037,0.11557011270297744,0.27116601455411055,False
2025-06-02 12:00:00,10774.716789667898,40.0,4767.6,24.285000000000004,70.3,0.35458880664431053,0.0922336346694836,0.23652897925563843,False
2025-06-02 13:00:00,11037.514760147604,40.0,4661.5,24.285000000000004,70.3,0.2853218740333948,0.06712620260722132,0.18713382189161676,False
2025-06-02 14:00:00,11825.908671586714,40.0,4753.6,24.285000000000004,70.3,0.29256720816446924,0.053264354392012075,0.1848809239668635,False
2025-06-02 15:00:00,13402.696494464944,40.0,4733.6,24.285000000000004,70.3,0.35475084582940664,0.04433633549123806,0.2150643161772308,False
2025-06-02 16:00:00,16556.272140221405,40.0,4518.5,24.285000000000004,70.3,0.3708016880530488,0.02197031690212726,0.2138275710351341,False
2025-06-02 17:00:00,20235.44372693727,40.0,4254.8,24.285000000000004,70.3,0.3376862783179558,0.016614259660267677,0.19320386992199615,False
2025-06-02 18:00:00,21812.231549815504,40.0,4047.6,24.285000000000004,70.3,0.3983064842740852,0.02164829203050676,0.22881029776447492,False
2025-06-02 19:00:00,18658.655904059036,40.0,3409.3,24.285000000000004,70.3,0.44168471492215455,0.03451418720822646,0.25845797745088694,False
2025-06-02 20:00:00,14716.686346863467,40.0,3592.2,24.285000000000004,70.3,0.3819029561031403,0.038411322391656004,0.22733172093297238,False
2025-06-02 21:00:00,11563.110701107007,40.0,3616.9,24.285000000000004,70.3,0.34970461536007763,0.029820335271920902,0.2057566893204071,False
2025-06-02 22:00:00,8409.535055350554,40.0,3431.5,24.285000000000004,70.3,0.36741862872484965,0.026783991679105338,0.21413304205426473,False
2025-06-02 23:00:00,7095.54520295203,40.0,3253.6000000000004,24.285000000000004,70.3,0.37986126497487094,0.026092636069958767,0.22066538196766047,False
2025-06-03 00:00:00,5159.994464944648,43.0,3184.23,24.92,69.0,0.5767825614154212,0.030087837974882164,0.3307699358671787,False
2025-06-03 01:00:00,4221.813653136531,43.0,3103.02,24.92,69.0,0.424289367570995,0.019374848307168357,0.24207783390227303,False
2025-06-03 02:00:00,3518.1780442804425,43.0,3008.0299999999997,24.92,69.0,0.4688188339433071,0.01028140441192105,0.2624769906541834,False
2025-06-03 03:00:00,3518.1780442804425,43.0,2952.27,24.92,69.0,0.5230866581804897,0.013407820927661292,0.29373118141671695,False
2025-06-03 04:00:00,4690.90405904059,43.0,3053.8,24.92,69.0,0.5606197557259973,0.01612009136961677,0.31559490676562607,False
2025-06-03 05:00:00,7505.446494464944,43.0,3168.6,24.92,69.0,0.6701804808312551,0.023261316959125096,0.37906685708879667,False
2025-06-03 06:00:00,11961.805350553504,43.0,3699.79,24.92,69.0,0.6704587090724774,0.026475519069078506,0.3806662735709479,False
2025-06-03 07:00:00,15010.892988929889,43.0,4446.78,24.92,69.0,0.6525748930707896,0.03510827091647033,0.37471491310134597,False
2025-06-03 08:00:00,16183.619003690035,43.0,4712.56,24.92,69.0,0.5544910633097677,0.04020195172772896,0.32306096309785026,False
2025-06-03 09:00:00,13134.53136531365,43.0,4940.66,24.92,69.0,0.4036196851876018,0.03541197405012258,0.23792621517573617,False
2025-06-03 10:00:00,11023.624538745386,43.0,5280.59,24.92,69.0,0.3608367119908562,0.02064937444466335,0.20775241009506945,False
2025-06-03 11:00:00,10085.443726937268,43.0,5229.589999999999,24.92,69.0,0.29456656003891685,0.018507279232850834,0.17033988367618713,False
2025-06-03 12:00:00,9616.35332103321,43.0,5358.16,24.92,69.0,0.2862062254019629,0.02668122440354503,0.16941997495267486,False
2025-06-03 13:00:00,9850.89852398524,43.0,5202.5,24.92,69.0,0.2335763635867193,0.025749008011990305,0.14005405357809125,False
2025-06-03 14:00:00,10554.534132841329,43.0,5146.1,24.92,69.0,0.16308172440527374,0.020387906197516122,0.09886950621178282,False
2025-06-03 15:00:00,11961.805350553504,43.0,5250.86,24.92,69.0,0.21594389929674457,0.031580825628152606,0.1329805161458782,False
2025-06-03 16:00:00,14776.34778597786,43.0,5289.5,24.92,69.0,0.2697824453857059,0.03506104501554842,0.16415781521913506,False
2025-06-03 17:00:00,18059.98062730627,43.0,5147.35,24.92,69.0,0.2539597400013592,0.02658119120426049,0.15163939304266477,False
2025-06-03 18:00:00,19467.25184501845,43.0,5006.95,24.92,69.0,0.26522566059660985,0.033667532607071816,0.16102450300131776,False
2025-06-03 19:00:00,16652.709409594092,43.0,5308.33,24.92,69.0,0.328839122969828,0.08623800865752294,0.21966862152929073,False
2025-06-03 20:00:00,13134.53136531365,43.0,5004.54,24.92,69.0,0.25279199341020586,0.07800241094588765,0.1741366813012627,False
2025-06-03 21:00:00,10319.988929889296,43.0,4876.3099999999995,24.92,69.0,0.18189907740383,0.06507422072714351,0.1293278918993211,False
2025-06-03 22:00:00,7505.446494464944,43.0,4572.69,24.92,69.0,0.20983878190635863,0.04213502969261227,0.13437209341017278,False
2025-06-03 23:00:00,6332.720479704797,43.0,4280.4400000000005,24.92,69.0,0.19119623422666887,0.035914588073012586,0.12131949345752355,False
2025-06-04 00:00:00,2590.4188191881913,44.5,3981.07,25.93,62.3,0.5316961568037307,0.04866768022612129,0.3143333423438065,False
2025-06-04 01:00:00,2119.433579335793,44.5,3919.05,25.93,62.3,0.3926002985119994,0.03003320965466388,0.22944510852619843,False
2025-06-04 02:00:00,1766.1946494464942,44.5,3778.0,25.93,62.3,0.3716300609490206,0.01850241546404112,0.21272262048077986,False
2025-06-04 03:00:00,1766.1946494464942,44.5,3695.09,25.93,62.3,0.3909995751624734,0.018272233787221297,0.22327227154360998,False
2025-06-04 04:00:00,2354.9261992619927,44.5,3713.19,25.93,62.3,0.4000491706246173,0.02002283612422572,0.2290373200994411,False
2025-06-04 05:00:00,3767.881918819188,44.5,3936.21,25.93,62.3,0.45878394770042336,0.03909163809571599,0.26992240837830506,False
2025-06-04 06:00:00,6005.06180811808,44.5,4316.8,25.93,62.3,0.47932423174951344,0.026151723331348912,0.27539660296133944,False
2025-06-04 07:00:00,7535.763837638377,44.5,4840.03,25.93,62.3,0.43650051517519606,0.030590088806545627,0.2538408233093034,False
2025-06-04 08:00:00,8124.495387453874,44.5,5079.72,25.93,62.3,0.35364722038266144,0.03539504255138865,0.2104337403585887,False
2025-06-04 09:00:00,6593.793357933579,44.5,5471.639999999999,25.93,62.3,0.39784643081173554,0.02991556774731118,0.2322775424327446,False
2025-06-04 10:00:00,5534.076568265682,44.5,5641.04,25.93,62.3,0.35202422315169996,0.02203066226884052,0.2035271207544132,False
2025-06-04 11:00:00,5063.091328413284,44.5,5665.8,25.93,62.3,0.33153221267106486,0.02611551077837627,0.194094696819355,False
2025-06-04 12:00:00,4827.598708487085,44.5,5675.43,25.93,62.3,0.30732609291964735,0.03311247984333641,0.18392996703530745,False
2025-06-04 13:00:00,4945.345018450184,44.5,5337.26,25.93,62.3,0.2676181976310469,0.04553167406508884,0.16767926202636577,False
2025-06-04 14:00:00,5298.583948339482,44.5,5320.91,25.93,62.3,0.2658532498378962,0.028912742545623597,0.15923002155637353,False
2025-06-04 15:00:00,6005.06180811808,44.5,5363.110000000001,25.93,62.3,0.2954394617488879,0.026623784943884555,0.17447240718663642,False
2025-06-04 16:00:00,7418.017527675276,44.5,5302.8,25.93,62.3,0.27372408421718014,0.027781125153809486,0.16304975263866336,False
2025-06-04 17:00:00,9066.465867158671,44.5,5240.24,25.93,62.3,0.32170650481965796,0.03187234584638564,0.19128113328168542,False
2025-06-04 18:00:00,9772.94372693727,44.5,5020.389999999999,25.93,62.3,0.2817378667934408,0.03306712142069097,0.1698360313757034,False
2025-06-04 19:00:00,8359.988007380072,44.5,5292.780000000001,25.93,62.3,0.3036265758703955,0.0368593682028369,0.18358133241999414,False
2025-06-04 20:00:00,6593.793357933579,44.5,5081.59,25.93,62.3,0.2936466439276651,0.03321227805758822,0.17645117928613052,False
2025-06-04 21:00:00,5180.8376383763825,44.5,4768.15,25.93,62.3,0.3582976300675017,0.03002628802979677,0.21057552615053451,False
2025-06-04 22:00:00,3767.881918819188,44.5,4567.88,25.93,62.3,0.38326241184616067,0.021914058281265997,0.22065565274195809,False
2025-06-04 23:00:00,3179.15036900369,44.5,4187.5,25.93,62.3,0.42661437954644366,0.022407666542311046,0.244721358694584,False
2025-06-05 00:00:00,6040.3597785977845,44.3,3896.93,25.1,62.559999999999995,0.7413338783526441,0.05620585041974624,0.4330262657828401,False
2025-06-05 01:00:00,4942.1125461254605,44.1,3763.15,25.1,62.82,0.6751128885350737,0.05477663557929658,0.395961574704974,False
2025-06-05 02:00:00,4118.427121771218,43.9,3717.09,25.1,63.08,0.6272893427141938,0.0472345338990424,0.3662646787473757,False
2025-06-05 03:00:00,4118.427121771218,43.7,3674.0,25.1,63.34,0.5960395487194198,0.03639855249902106,0.3442011004202404,False
2025-06-05 04:00:00,5491.236162361623,43.5,3631.33,25.1,63.599999999999994,0.5745938863229418,0.031736485998748135,0.3303080561770547,False
2025-06-05 05:00:00,8785.977859778597,43.3,3798.15,25.1,63.86,0.6235599067224186,0.03122722429801403,0.3570101996314366,False
2025-06-05 06:00:00,14002.65221402214,43.1,4147.1,25.1,64.11999999999999,0.6900340043863669,0.046702267437427156,0.40053472275934404,False
2025-06-05 07:00:00,17571.955719557194,42.9,4868.18,25.1,64.38,0.6398272354116064,0.03726616414866842,0.36867475334328437,False
2025-06-05 08:00:00,18944.7647601476,42.7,5002.19,25.1,64.64,0.5171460803092689,0.05412322736275516,0.30878579648333776,False
2025-06-05 09:00:00,15375.461254612545,42.5,5364.200000000001,25.1,64.89999999999999,0.4187180917245731,0.04819327038779169,0.2519819221230215,False
2025-06-05 10:00:00,12904.404981549817,42.3,5520.09,25.1,65.16,0.36215368852713703,0.03834178028846567,0.21643832981973493,False
2025-06-05 11:00:00,11806.15774907749,42.1,5541.7,25.1,65.42,0.33055812136902724,0.033568184674315084,0.19691264985640677,False
2025-06-05 12:00:00,11257.034132841329,41.9,5503.47,25.1,65.67999999999999,0.23140078832954541,0.034095881587506364,0.14261358029562785,False
2025-06-05 13:00:00,11531.59594095941,41.7,5445.8,25.1,65.94,0.18306791474135908,0.032365460277051235,0.11525181023242055,False
2025-06-05 14:00:00,12355.28136531365,41.5,5339.91,25.1,66.2,0.18855175527430168,0.04001486487051421,0.12171015459259732,False
2025-06-05 15:00:00,14002.65221402214,41.3,5194.490000000001,25.1,66.46,0.19620146043530873,0.04398947581814734,0.1277060673575861,False
2025-06-05 16:00:00,17297.393911439114,41.1,5233.650000000001,25.1,66.72,0.2300537289799064,0.03782756373796312,0.14355195462103193,False
2025-06-05 17:00:00,21141.25922509225,40.9,5013.95,25.1,66.98,0.2217814858234901,0.03551169497994552,0.13796007994389506,False
2025-06-05 18:00:00,22788.630073800738,40.7,4846.18,25.1,67.24,0.3180524208308574,0.04675632630389981,0.19596917829372648,False
2025-06-05 19:00:00,19493.88837638376,40.5,4876.4400000000005,25.1,67.5,0.3254779569902944,0.07520466461450752,0.21285497542119033,False
2025-06-05 20:00:00,15375.461254612545,40.3,4764.48,25.1,67.75999999999999,0.24930978616320065,0.07505916306962734,0.17089700577109268,False
2025-06-05 21:00:00,12080.719557195567,40.1,4563.14,25.1,68.02,0.2354265087022147,0.04830244306783956,0.15122067916674592,False
2025-06-05 22:00:00,8785.977859778597,39.9,4285.349999999999,25.1,68.28,0.25403494562622614,0.030054389700191964,0.15324369545951078,False
2025-06-05 23:00:00,7413.168819188191,39.7,4019.27,25.1,68.53999999999999,0.20586577561449954,0.03038469675583765,0.1268992901281017,False
2025-06-06 00:00:00,5662.239852398523,39.5,3842.43,24.675,68.8,0.23952128441205145,0.03061034565372184,0.14551136197080314,False
2025-06-06 01:00:00,4632.741697416974,39.5,3713.23,24.675,68.8,0.21894971922080053,0.015752359299147728,0.12751090725605677,False
2025-06-06 02:00:00,3860.6180811808113,39.5,3637.33,24.675,68.8,0.20425843614726308,0.009598951223891695,0.11666166793174597,False
2025-06-06 03:00:00,3860.6180811808113,39.5,3601.7,24.675,68.8,0.2314189739392991,0.010332214419677292,0.1319299321554693,False
2025-06-06 04:00:00,5147.490774907749,39.5,3618.85,24.675,68.8,0.25483043098611197,0.013979309623019173,0.1464474263727202,False
2025-06-06 05:00:00,8235.985239852398,39.5,3598.5699999999997,24.675,68.8,0.29027619531188836,0.018708761935238773,0.16807085029239607,False
2025-06-06 06:00:00,13126.10147601476,39.5,4079.26,24.675,68.8,0.34118988982489995,0.016401971066910707,0.19503532638380483,False
2025-06-06 07:00:00,16471.970479704796,39.5,4755.570000000001,24.675,68.8,0.37843958704586744,0.023048848504857465,0.21851375470241297,False
2025-06-06 08:00:00,17758.843173431735,39.5,4979.16,24.675,68.8,0.31785778539103643,0.03154548039264792,0.18901724814176163,False
2025-06-06 09:00:00,14412.974169741696,39.5,5149.59,24.675,68.8,0.20036672143632955,0.022071298742247215,0.12013378122399251,False
2025-06-06 10:00:00,12096.60332103321,39.5,5344.93,24.675,68.8,0.16807253941405365,0.008228822586039068,0.0961428668414471,False
2025-06-06 11:00:00,11067.10516605166,39.5,5326.05,24.675,68.8,0.14249534820221527,0.012328354534118575,0.08392020105157176,False
2025-06-06 12:00:00,10552.356088560886,39.5,5256.15,24.675,68.8,0.07076403108712814,0.01951520395042644,0.04770205887561238,False
2025-06-06 13:00:00,10809.730627306271,39.5,5157.2,24.675,68.8,0.014990258750668728,0.017494695503781185,0.016117255289569334,False
2025-06-06 14:00:00,11581.854243542432,39.5,5079.8099999999995,24.675,68.8,0.03632547222844307,0.011259910653662303,0.025045969519791725,False
2025-06-06 15:00:00,13126.10147601476,39.5,5174.22,24.675,68.8,0.1092041452149225,0.018538284604823325,0.06840450794037788,False
2025-06-06 16:00:00,16214.595940959409,39.5,5096.929999999999,24.675,68.8,0.11636971887316783,0.009754301966967933,0.06839278126537789,False
2025-06-06 17:00:00,19817.839483394833,39.5,4968.790000000001,24.675,68.8,0.1608664779631669,0.011283339467254561,0.09355406564000636,False
2025-06-06 18:00:00,21362.08671586716,39.5,4838.9800000000005,24.675,68.8,0.22177034916199034,0.012710562755144962,0.12769344527890994,False
2025-06-06 19:00:00,18273.592250922506,39.5,4808.27,24.675,68.8,0.2078513856674119,0.029551120817389812,0.12761626648490199,False
2025-06-06 20:00:00,14412.974169741696,39.5,4587.41,24.675,68.8,0.1948854149369018,0.026482081589570463,0.11910391493060271,False
2025-06-06 21:00:00,11324.479704797046,39.5,4413.86,24.675,68.8,0.13179540524314592,0.01272714314270993,0.07821468729794974,False
2025-06-06 22:00:00,8235.985239852398,39.5,4076.47,24.675,68.8,0.18552531201321337,0.005692457734261081,0.10460052758768486,False
2025-06-06 23:00:00,6949.112546125461,39.5,3830.54,24.675,68.8,0.14423473615532162,0.019192769559350866,0.08796585118713479,False
2025-06-07 00:00:00,4430.787822878227,39.5,3570.4,24.28,67.8,0.35591172414781697,0.14786633307654895,0.26229129816574637,False
2025-06-07 01:00:00,3625.190036900368,39.5,3458.78,24.28,67.8,0.31523095158827563,0.07370899772038705,0.20654607234772582,False
2025-06-07 02:00:00,3020.9916974169737,39.5,3357.84,24.28,67.8,0.33918143463817396,0.04472488501945602,0.2066759873097509,False
2025-06-07 03:00:00,3020.9916974169737,39.5,3305.21,24.28,67.8,0.3434876918808179,0.03385145290797876,0.2041513843430403,False
2025-06-07 04:00:00,4027.988929889299,39.5,3329.61,24.28,67.8,0.39113340780124006,0.028819234986386996,0.2280920300345562,False
2025-06-07 05:00:00,6444.782287822878,39.5,3407.58,24.28,67.8,0.45060412822265894,0.032509381051412406,0.262461491995598,False
2025-06-07 06:00:00,10271.371771217711,39.5,3905.36,24.28,67.8,0.4785729625405374,0.023123587758418145,0.27362074388858376,False
2025-06-07 07:00:00,12889.564575645756,39.5,4566.02,24.28,67.8,0.4979112952343129,0.027630105191154077,0.2862847597148914,False
2025-06-07 08:00:00,13896.56180811808,39.5,4821.57,24.28,67.8,0.39101757315682184,0.03565233476756588,0.23110321588165667,False
2025-06-07 09:00:00,11278.369003690035,39.5,4978.14,24.28,67.8,0.2730597460211606,0.02242946752472706,0.16027612069776553,False
2025-06-07 10:00:00,9465.773985239852,39.5,5198.42,24.28,67.8,0.24240960955475188,0.005441691001403172,0.13577404620574499,False
2025-06-07 11:00:00,8660.176199261992,39.5,5226.259999999999,24.28,67.8,0.24772117637720203,0.008916482073928342,0.1402590639407289,False
2025-06-07 12:00:00,8257.377306273063,39.5,5166.36,24.28,67.8,0.2004871226562016,0.019112429009160773,0.11886851051503325,False
2025-06-07 13:00:00,8458.776752767528,39.5,4980.96,24.28,67.8,0.14978321806914796,0.017669448331913896,0.09033202168739263,False
2025-06-07 14:00:00,9062.97509225092,39.5,4831.1900000000005,24.28,67.8,0.16356059498854014,0.006118209776371011,0.09271152164306404,False
2025-06-07 15:00:00,10271.371771217711,39.5,4852.12,24.28,67.8,0.1639702709509966,0.0041038777353321195,0.0920303940039476,False
2025-06-07 16:00:00,12688.165129151292,39.5,4881.43,24.28,67.8,0.18987317070562348,0.004902247168570891,0.10663625511394982,False
2025-06-07 17:00:00,15507.7573800738,39.5,4632.32,24.28,67.8,0.17346604059839899,0.006762971466688804,0.09844965948912941,False
2025-06-07 18:00:00,16716.154059040593,39.5,4671.59,24.28,67.8,0.20641513434948705,0.014261444959687609,0.11994597412407731,False
2025-06-07 19:00:00,14299.360701107007,39.5,4998.9800000000005,24.28,67.8,0.2548085885555218,0.04325049133427412,0.15960744480596034,False
2025-06-07 20:00:00,11278.369003690035,39.5,4838.46,24.28,67.8,0.17707674075058166,0.03012215736185331,0.11094717822565392,False
2025-06-07 21:00:00,8861.575645756455,39.5,4705.179999999999,24.28,67.8,0.16330464014632606,0.02381096895913279,0.10053248811208909,False
2025-06-07 22:00:00,6444.782287822878,39.5,4302.83,24.28,67.8,0.19571557589862187,0.016106248051962386,0.11489137836762511,False
2025-06-07 23:00:00,5437.785055350553,39.5,3982.91,24.28,67.8,0.2056172235009654,0.01840385650821853,0.12137120835422932,False
2025-06-08 00:00:00,4248.760147601475,39.0,3774.0,24.64,64.7,0.442047232907877,0.05593337574500151,0.268295997184583,False
2025-06-08 01:00:00,3476.2583025830254,39.0,3613.2,24.64,64.7,0.38252419260785725,0.029989595028128136,0.22388362369697917,False
2025-06-08 02:00:00,2896.8819188191883,39.0,3551.7000000000003,24.64,64.7,0.3690750024240693,0.018260569879654995,0.2112085077790829,False
2025-06-08 03:00:00,2896.8819188191883,39.0,3404.0,24.64,64.7,0.4430530201270567,0.01346327061917527,0.24973763284851008,False
2025-06-08 04:00:00,3862.5092250922503,39.0,3463.0,24.64,64.7,0.41736778756898535,0.01372959788002022,0.23573060220895106,False
2025-06-08 05:00:00,6180.014760147602,39.0,3522.0,24.64,64.7,0.4330940581240834,0.020253802570136894,0.2473159431248075,False
2025-06-08 06:00:00,9849.39852398524,39.0,3785.7,24.64,64.7,0.44734434170392146,0.010714945149524532,0.2508611132544429,False
2025-06-08 07:00:00,12360.029520295204,39.0,4332.6,24.64,64.7,0.4023175384745492,0.010124839843704183,0.22583082409066899,False
2025-06-08 08:00:00,13325.656826568267,39.0,4553.1,24.64,64.7,0.36117474103497743,0.015472069681468067,0.20560853892589823,False
2025-06-08 09:00:00,10815.0258302583,39.0,4811.3,24.64,64.7,0.28366378325998204,0.012133546013706482,0.16147517649915807,False
2025-06-08 10:00:00,9076.89667896679,39.0,4767.3,24.64,64.7,0.24550907201282635,0.00931764187328497,0.13922292845003276,False
2025-06-08 11:00:00,8304.39483394834,39.0,4700.1,24.64,64.7,0.2557700053957587,0.010364657094726521,0.14533759866029425,False
2025-06-08 12:00:00,7918.143911439116,39.0,4729.1,24.64,64.7,0.22620788489900023,0.015803581703486943,0.13152594846101925,False
2025-06-08 13:00:00,8111.269372693729,39.0,4519.0,24.64,64.7,0.19001061533806463,0.020137181699927415,0.1135675702009029,False
2025-06-08 14:00:00,8690.645756457563,39.0,4509.799999999999,24.64,64.7,0.18085572912755749,0.007968452424021881,0.10305645461096646,False
2025-06-08 15:00:00,9849.39852398524,39.0,4441.0,24.64,64.7,0.20169234742694447,0.009983571808819265,0.11542339839878814,False
2025-06-08 16:00:00,12166.904059040591,39.0,4466.3,24.64,64.7,0.24125906660449964,0.006560858563382658,0.135644872985997,False
2025-06-08 17:00:00,14870.660516605163,39.0,4312.7,24.64,64.7,0.27891630558609076,0.004014040839821977,0.15521028645026982,False
2025-06-08 18:00:00,16029.413284132845,39.0,4400.06,24.64,64.7,0.277857362523717,0.010432373684136194,0.15751611754590567,False
2025-06-08 19:00:00,13711.907749077487,39.0,4782.8,24.64,64.7,0.3419229381817128,0.05813402966617291,0.21421792934971987,False
2025-06-08 20:00:00,10815.0258302583,39.0,4736.8,24.64,64.7,0.28643567660843405,0.04217461162776659,0.1765181973671337,False
2025-06-08 21:00:00,8497.52029520295,39.0,4588.8,24.64,64.7,0.2741339091762279,0.025479231351940492,0.16223930415529855,False
2025-06-08 22:00:00,6180.014760147602,39.0,4269.360000000001,24.64,64.7,0.25129713873210696,0.022830426339135488,0.14848711815526983,False
2025-06-08 23:00:00,5214.3874538745395,39.0,3976.2,24.64,64.7,0.26895875517233947,0.02262800440294153,0.1581099173261104,False
2025-06-09 00:00:00,5369.785977859778,39.5,3649.3,23.195,70.4,0.5758184631249846,0.04482807585323333,0.33687278885269656,False
2025-06-09 01:00:00,4393.461254612545,39.5,3518.8,23.195,70.4,0.48487977126031984,0.03211130176177003,0.2811339599859724,False
2025-06-09 02:00:00,3661.217712177122,39.5,3372.9,23.195,70.4,0.4567002501893561,0.02721163382880536,0.2634303728271083,False
2025-06-09 03:00:00,3661.217712177122,39.5,3319.1,23.195,70.4,0.4689069527164892,0.02775675367050986,0.2703893631457985,False
2025-06-09 04:00:00,4881.623616236162,39.5,3291.6,23.195,70.4,0.46752509856792657,0.027080170841586978,0.2693248810910738,False
2025-06-09 05:00:00,7810.59778597786,39.5,3367.6,23.195,70.4,0.4768247651068429,0.028252242718806882,0.2749671300322267,False
2025-06-09 06:00:00,12448.140221402216,39.5,3444.4,23.195,70.4,0.5142645439374034,0.023891103614864743,0.29359649579226105,False
2025-06-09 07:00:00,15621.19557195572,39.5,3717.8,23.195,70.4,0.5142915095926217,0.035195011177466935,0.2986980853058021,False
2025-06-09 08:00:00,16841.601476014763,39.5,3911.6,23.195,70.4,0.5215598743038278,0.03490515147183967,0.30256524902943316,False
2025-06-09 09:00:00,13668.546125461253,39.5,4088.8,23.195,70.4,0.426073081445703,0.037445796045818006,0.25119080301575475,False
2025-06-09 10:00:00,11471.81549815498,39.5,4242.3,23.195,70.4,0.38739917503522936,0.034966407776386946,0.2288044297687503,False
2025-06-09 11:00:00,10495.49077490775,39.5,4077.3,23.195,70.4,0.3564402600053185,0.04362548253326376,0.21567361014289388,False
2025-06-09 12:00:00,10007.328413284136,39.5,3973.3,23.195,70.4,0.27745476303687927,0.03210206288875452,0.16704604797022315,False
2025-06-09 13:00:00,10251.409594095943,39.5,3782.400000000001,23.195,70.4,0.25667369031395487,0.03652472896221404,0.1576066577056715,False
2025-06-09 14:00:00,10983.653136531364,39.5,3446.1,23.195,70.4,0.3405502185297908,0.03171966815048121,0.2015764708591015,False
2025-06-09 15:00:00,12448.140221402216,39.5,3375.6,23.195,70.4,0.38381918427271977,0.04691621343943459,0.23221284739774145,False
2025-06-09 16:00:00,15377.114391143912,39.5,3283.6,23.195,70.4,0.43557018459673935,0.04474239788210424,0.2596976805751536,False
2025-06-09 17:00:00,18794.250922509225,39.5,3341.9,23.195,70.4,0.5164103922574376,0.03743156792921906,0.3008699213097393,False
2025-06-09 18:00:00,20258.73800738008,39.5,3501.8,23.195,70.4,0.5171020569017721,0.022768881153813637,0.29465212781519085,False
2025-06-09 19:00:00,17329.763837638373,39.5,3919.2,23.195,70.4,0.5463943085335463,0.05841306852912666,0.3268027505315575,False
2025-06-09 20:00:00,13668.546125461253,39.5,3966.4,23.195,70.4,0.5254143391171062,0.04508968153327726,0.3092682432043832,False
2025-06-09 21:00:00,10739.571955719555,39.5,3866.3,23.195,70.4,0.4585321629463994,0.0208059935746109,0.2615553867290946,False
2025-06-09 22:00:00,7810.59778597786,39.5,3615.7,23.195,70.4,0.43639837311310187,0.031224407822089063,0.2540700887321461,False
2025-06-09 23:00:00,6590.1918819188195,39.5,3422.1,23.195,70.4,0.43041868970445796,0.03146153093482675,0.25088796825812393,False
2025-06-10 00:00:00,6743.040590405903,38.0,3260.2,24.205,66.7,0.6661582525269758,0.05911668910410749,0.3929895489866851,False
2025-06-10 01:00:00,5517.0332103321025,38.0,3175.7000000000003,24.205,66.7,0.6367124134235904,0.041094024673251364,0.3686841384859379,False
2025-06-10 02:00:00,4597.527675276752,38.0,3094.6,24.205,66.7,0.6674122611709752,0.029606609373110233,0.380399717861936,False
2025-06-10 03:00:00,4597.527675276752,38.0,3080.1000000000004,24.205,66.7,0.6021377795202619,0.029055417098904416,0.344250716430651,False
2025-06-10 04:00:00,6130.036900369004,38.0,3116.6,24.205,66.7,0.627718472776332,0.03021221241051866,0.358840655611716,False
2025-06-10 05:00:00,9808.059040590406,38.0,3338.3999999999996,24.205,66.7,0.7291043721995312,0.0405874063625983,0.4192717375729114,False
2025-06-10 06:00:00,15631.594095940958,38.0,3791.8,24.205,66.7,0.7550242385392439,0.044452656494730826,0.43526702661921307,False
2025-06-10 07:00:00,19616.11808118081,38.0,4643.400000000001,24.205,66.7,0.7764084507464779,0.08612525681428276,0.46578101347699014,False
2025-06-10 08:00:00,21148.62730627306,38.0,4855.099999999999,24.205,66.7,0.7036929222809614,0.06054979104642336,0.4142785132254193,False
2025-06-10 09:00:00,17164.10332103321,38.0,5079.400000000001,24.205,66.7,0.6463824463942865,0.04868155963285663,0.3774170473516431,False
2025-06-10 10:00:00,14405.586715867155,38.0,5290.3,24.205,66.7,0.49920579004862786,0.02828459120317688,0.28729125056817495,False
2025-06-10 11:00:00,13179.579335793356,38.0,5206.4,24.205,66.7,0.4304771791078561,0.023088554083260292,0.24715229784678802,False
2025-06-10 12:00:00,12566.575645756458,38.0,5094.9,24.205,66.7,0.3356785494771054,0.030312565832400166,0.19826385683698808,False
2025-06-10 13:00:00,12873.07749077491,38.0,4700.6,24.205,66.7,0.26424633408226544,0.02948776392378809,0.15860497751095065,False
2025-06-10 14:00:00,13792.583025830256,38.0,4621.7,24.205,66.7,0.18933064192121402,0.020455792684838204,0.11333695976484491,False
2025-06-10 15:00:00,15631.594095940958,38.0,4834.299999999999,24.205,66.7,0.2877556049312242,0.039531657688788045,0.17605482867212796,False
2025-06-10 16:00:00,19309.61623616236,38.0,4923.5,24.205,66.7,0.2985273361705353,0.03772727392129737,0.18116730815837823,False
2025-06-10 17:00:00,23600.642066420663,38.0,4870.4,24.205,66.7,0.4002521732153659,0.02946103459423118,0.2333961608358553,False
2025-06-10 18:00:00,25439.653136531368,38.0,4661.4,24.205,66.7,0.4853520381690316,0.016429402906841032,0.2743368523010459,False
2025-06-10 19:00:00,21761.63099630996,38.0,4978.700000000001,24.205,66.7,0.49693119031782096,0.06242197273391453,0.3014020424050631,False
2025-06-10 20:00:00,17164.10332103321,38.0,4822.3,24.205,66.7,0.44892718513309093,0.062020508841859764,0.27481918080203693,False
2025-06-10 21:00:00,13486.081180811803,38.0,4639.1,24.205,66.7,0.3262313259317365,0.046923618610451995,0.20054285763715848,False
2025-06-10 22:00:00,9808.059040590406,38.0,4314.700000000001,24.205,66.7,0.31689917536244816,0.027962116737353316,0.1868774989811555,False
2025-06-10 23:00:00,8275.549815498154,38.0,3957.3,24.205,66.7,0.34332074916070626,0.03473416270629443,0.20445678525622096,False
2025-06-11 00:00:00,5441.204797047969,42.0,3733.52,24.095,67.5,0.6366327233792242,0.05101173544185434,0.3731032788074078,False
2025-06-11 01:00:00,4451.894833948339,42.0,3615.76,24.095,67.5,0.4251984259314673,0.03392158709658102,0.2491238484557685,False
2025-06-11 02:00:00,3709.912361623616,42.0,3517.75,24.095,67.5,0.4091985411341611,0.017455220388872712,0.23291404679878133,False
2025-06-11 03:00:00,3709.912361623616,42.0,3518.469,24.095,67.5,0.46784953719255484,0.012766623025745993,0.2630622258174909,False
2025-06-11 04:00:00,4946.549815498155,42.0,3525.5299999999997,24.095,67.5,0.4844251453495557,0.016191537402813438,0.2737200217735217,False
2025-06-11 05:00:00,7914.479704797048,42.0,3557.08,24.095,67.5,0.48862397895080834,0.02314772558953728,0.27915966493823635,False
2025-06-11 06:00:00,12613.702029520293,42.0,3975.29,24.095,67.5,0.46607181713176093,0.015790089398912566,0.2634450396519792,False
2025-06-11 07:00:00,15828.959409594096,42.0,4826.96,24.095,67.5,0.45877893904349876,0.034991756289602174,0.26807470680424533,False
2025-06-11 08:00:00,17065.596863468636,42.0,5095.0,24.095,67.5,0.35633296062887215,0.0459722404865783,0.21667063656483992,False
2025-06-11 09:00:00,13850.339483394831,42.0,5289.4,24.095,67.5,0.24733043005018052,0.03166977832212294,0.15028313677255462,False
2025-06-11 10:00:00,11624.392066420663,42.0,5563.700000000001,24.095,67.5,0.27481616851152657,0.00923935387431878,0.15530660192478307,False
2025-06-11 11:00:00,10635.082103321032,42.0,5369.700000000001,24.095,67.5,0.1799465080763611,0.01101391118501234,0.10392683947525416,False
2025-06-11 12:00:00,10140.427121771218,42.0,5287.599999999999,24.095,67.5,0.12064594015263919,0.013486614504458566,0.07242424361095792,False
2025-06-11 13:00:00,10387.754612546129,42.0,5081.7,24.095,67.5,0.05623574866030512,0.014335021115399447,0.037380421265097566,False
2025-06-11 14:00:00,11129.737084870849,42.0,5078.0,24.095,67.5,0.05004923080385304,0.0019200448676596005,0.028391097132565997,False
2025-06-11 15:00:00,12613.702029520293,42.0,5272.9,24.095,67.5,0.1238358460371552,0.013094936509678065,0.07400243674979048,False
2025-06-11 16:00:00,15581.631918819186,42.0,5233.6,24.095,67.5,0.16069957761590248,0.012400036938506259,0.09396478431107419,False
2025-06-11 17:00:00,19044.216789667895,42.0,5190.6,24.095,67.5,0.22251240689944157,0.013413772594394933,0.1284180214621706,False
2025-06-11 18:00:00,20528.181734317342,42.0,4766.2,24.095,67.5,0.24118854420321278,0.013493690326804909,0.13872585995882925,False
2025-06-11 19:00:00,17560.251845018447,42.0,5010.4,24.095,67.5,0.1941588093224592,0.028627065118191335,0.11966952443053869,False
2025-06-11 20:00:00,13850.339483394831,42.0,4909.4,24.095,67.5,0.14428741665725875,0.0284870794574248,0.09217726491733348,False
2025-06-11 21:00:00,10882.409594095938,42.0,4705.9,24.095,67.5,0.07374186869776278,0.01929337009283514,0.049240044325545344,False
2025-06-11 22:00:00,7914.479704797048,42.0,4324.0,24.095,67.5,0.1787862675675111,0.01155602285706981,0.10353265744781252,False
2025-06-11 23:00:00,6677.842250922509,42.0,4086.6,24.095,67.5,0.1315937562785095,0.016434647269934318,0.07977215722465067,False
2025-06-12 00:00:00,5430.3671586715855,42.0,3833.22,24.299999999999997,64.5,0.21053215657398944,0.017736052469287205,0.12377390972687344,False
2025-06-12 01:00:00,4443.027675276752,42.0,3770.01,24.299999999999997,64.5,0.2106728487597369,0.006572019735558013,0.1188274756988564,False
2025-06-12 02:00:00,3702.523062730627,42.0,3706.85,24.299999999999997,64.5,0.19118383275557194,0.0019095501817248351,0.10601040559734075,False
2025-06-12 03:00:00,3702.523062730627,42.0,3625.469,24.299999999999997,64.5,0.21110161741980515,0.005040597885570639,0.11837415862939962,False
2025-06-12 04:00:00,4936.69741697417,42.0,3528.03,24.299999999999997,64.5,0.2636157075431031,0.01030694234396069,0.14962676320348903,False
2025-06-12 05:00:00,7898.715867158671,42.0,3606.18,24.299999999999997,64.5,0.28806725618564744,0.016879454196127866,0.16603274529036366,False
2025-06-12 06:00:00,12588.57841328413,42.0,4154.99,24.299999999999997,64.5,0.3414186007106363,0.007560349858592756,0.19118238782721672,False
2025-06-12 07:00:00,15797.431734317342,42.0,4903.05,24.299999999999997,64.5,0.4008524431749214,0.01782898243409957,0.22849188584155158,False
2025-06-12 08:00:00,17031.606088560886,42.0,5232.799999999999,24.299999999999997,64.5,0.30196595710797225,0.023979945307228218,0.17687225179763744,False
2025-06-12 09:00:00,13822.752767527674,42.0,5636.47,24.299999999999997,64.5,0.2245147857412938,0.01647473687664129,0.1308967637522002,False
2025-06-12 10:00:00,11601.238929889298,42.0,5738.3,24.299999999999997,64.5,0.20339167337358532,0.0034347365686647558,0.11341105181137108,False
2025-06-12 11:00:00,10613.899446494464,42.0,5508.0,24.299999999999997,64.5,0.15232152791008952,0.007211948142369939,0.08702221701461571,False
2025-06-12 12:00:00,10120.229704797048,42.0,5475.099999999999,24.299999999999997,64.5,0.07675387275696766,0.011046223075091115,0.04718543040012322,False
2025-06-12 13:00:00,10367.064575645758,42.0,5140.9,24.299999999999997,64.5,0.014070723244684502,0.01803547143442301,0.01585485993006683,False
2025-06-12 14:00:00,11107.56918819188,42.0,4939.7,24.299999999999997,64.5,0.0,0.007923714473525596,0.003565671513086518,False
2025-06-12 15:00:00,12588.57841328413,42.0,5099.6,24.299999999999997,64.5,0.038410128614920325,0.015230119012688174,0.027979124293915858,False
2025-06-12 16:00:00,15550.596863468634,42.0,5050.2,24.299999999999997,64.5,0.06335769034565442,0.007111533797299293,0.03804691989889462,False
2025-06-12 17:00:00,19006.285055350552,42.0,4907.2,24.299999999999997,64.5,0.10709581576385696,0.00511714809750861,0.06120541531400021,False
2025-06-12 18:00:00,20487.29428044281,42.0,4750.2,24.299999999999997,64.5,0.10767792610995142,0.00506155039742479,0.06150055703931444,False
2025-06-12 19:00:00,17525.2758302583,42.0,4917.2,24.299999999999997,64.5,0.1353300672711616,0.021308743749010435,0.08402047168619357,False
2025-06-12 20:00:00,13822.752767527674,42.0,4701.1,24.299999999999997,64.5,0.11521049702844832,0.023255286185953093,0.07383065214932548,False
2025-06-12 21:00:00,10860.734317343173,42.0,4588.1,24.299999999999997,64.5,0.05083988702895037,0.01468431182184313,0.03456987818575211,False
2025-06-12 22:00:00,7898.715867158671,42.0,4329.1,24.299999999999997,64.5,0.08400464069046565,0.0076743385303085524,0.04965600471839496,False
2025-06-12 23:00:00,6664.541512915129,42.0,4100.5,24.299999999999997,64.5,0.06418152969409063,0.0139338264034989,0.041570063213324356,False
2025-06-13 00:00:00,6239.090405904058,43.0,3875.51,23.525,70.4,0.3434951078268546,0.03700004743358121,0.2055723306498816,False
2025-06-13 01:00:00,5104.71033210332,43.0,3814.31,23.525,70.4,0.20754764200969006,0.019582131611329857,0.12296316233042798,False
2025-06-13 02:00:00,4253.925276752767,43.0,3682.23,23.525,70.4,0.17330237475150834,0.012792282569154708,0.10107283326944921,False
2025-06-13 03:00:00,4253.925276752767,43.0,3642.34,23.525,70.4,0.22501368938957222,0.015471542449195772,0.13071972326640283,False
2025-06-13 04:00:00,5671.90036900369,43.0,3701.56,23.525,70.4,0.22868401720475295,0.01831069795309084,0.13401602354150502,False
2025-06-13 05:00:00,9075.040590405904,43.0,3746.84,23.525,70.4,0.261121948274853,0.019452336530418134,0.15237062298985735,False
2025-06-13 06:00:00,14463.345940959409,43.0,4186.9400000000005,23.525,70.4,0.3364223714910051,0.018832791178765903,0.19350706035049747,False
2025-06-13 07:00:00,18150.08118081181,43.0,4984.599999999999,23.525,70.4,0.42971601844032914,0.0268363687023114,0.24842017605822117,False
2025-06-13 08:00:00,19568.05627306273,43.0,5278.16,23.525,70.4,0.36299114518674147,0.03010653962527782,0.21319307268408286,False
2025-06-13 09:00:00,15881.32103321033,43.0,5470.710000000001,23.525,70.4,0.2899404012663464,0.028209350445262866,0.17216142839685883,False
2025-06-13 10:00:00,13328.96586715867,43.0,5855.82,23.525,70.4,0.2849205151179949,0.016465553013433373,0.16411578217094222,False
2025-06-13 11:00:00,12194.585793357932,43.0,5674.400000000001,23.525,70.4,0.24154418661581933,0.014791211768942832,0.13950534793472494,False
2025-06-13 12:00:00,11627.395756457565,43.0,5620.320000000001,23.525,70.4,0.14706989632072204,0.01972794292936738,0.08976601729461245,False
2025-06-13 13:00:00,11910.99077490775,43.0,5131.12,23.525,70.4,0.08511957490037325,0.02762058290879527,0.05924502850416316,False
2025-06-13 14:00:00,12761.7758302583,43.0,5068.860000000001,23.525,70.4,0.025668811248095724,0.014730574009187508,0.020746604490587028,False
2025-06-13 15:00:00,14463.345940959409,43.0,4955.15,23.525,70.4,0.059874840083631864,0.025330755069949164,0.04433000182747465,False
2025-06-13 16:00:00,17866.486162361623,43.0,4799.65,23.525,70.4,0.07730387714650766,0.02133766710690248,0.05211908262868534,False
2025-06-13 17:00:00,21836.816420664207,43.0,4635.91,23.525,70.4,0.17706989896071945,0.019162697360577186,0.10601165824065545,False
2025-06-13 18:00:00,23538.386531365315,43.0,4663.5199999999995,23.525,70.4,0.27921578271195785,0.019068421825521025,0.1621494703130613,False
2025-06-13 19:00:00,20135.246309963095,43.0,4914.63,23.525,70.4,0.30548687687997444,0.03800638654760542,0.18512065623040838,False
2025-06-13 20:00:00,15881.32103321033,43.0,4830.74,23.525,70.4,0.24896043304156662,0.04115461568804271,0.15544781523248086,False
2025-06-13 21:00:00,12478.180811808115,43.0,4611.79,23.525,70.4,0.17117202500815137,0.02493231452613789,0.10536415529124532,False
2025-06-13 22:00:00,9075.040590405904,43.0,4194.51,23.525,70.4,0.19479197504664048,0.017201090875945325,0.11487607716982767,False
2025-06-13 23:00:00,7657.065498154981,43.0,3939.21,23.525,70.4,0.17080997937894166,0.02642785414699358,0.10583802302456503,False
2025-06-14 00:00:00,5759.7583025830245,56.0,3717.4,24.775,64.3,0.6296411240398292,0.04073870572117316,0.364635035796434,False
2025-06-14 01:00:00,4712.529520295202,56.0,3710.9,24.775,64.3,0.4094096069659148,0.02497793358551573,0.23641535394473523,False
2025-06-14 02:00:00,3927.107933579335,56.0,3558.0,24.775,64.3,0.4032587039998392,0.012954333997978643,0.22762173749900197,False
2025-06-14 03:00:00,3927.107933579335,56.0,3562.9,24.775,64.3,0.41922435248650525,0.013296515492914968,0.23655682583938964,False
2025-06-14 04:00:00,5236.143911439114,56.0,3517.5,24.775,64.3,0.4327628711106836,0.01788742124544419,0.2460689186713259,False
2025-06-14 05:00:00,8377.830258302583,56.0,3572.2,24.775,64.3,0.5110172170694047,0.025743634871026985,0.2926441050801348,False
2025-06-14 06:00:00,13352.16697416974,56.0,4013.5,24.775,64.3,0.5372100580030191,0.01983857841646505,0.3043928921890698,False
2025-06-14 07:00:00,16755.660516605167,56.0,4960.0,24.775,64.3,0.5877118640234663,0.03735543408494073,0.34005147055112983,False
2025-06-14 08:00:00,18064.696494464944,56.0,5287.4,24.775,64.3,0.4959698954848836,0.04437387629199704,0.29275168684808467,False
2025-06-14 09:00:00,14661.202952029518,56.0,5453.5,24.775,64.3,0.38247496020206767,0.03536812202146945,0.2262768830207985,False
2025-06-14 10:00:00,12304.938191881918,56.0,5695.5,24.775,64.3,0.3635275791163765,0.015362625576542038,0.206853350023451,False
2025-06-14 11:00:00,11257.709409594096,56.0,5678.2,24.775,64.3,0.3120637470107888,0.013567899069852816,0.17774061543736763,False
2025-06-14 12:00:00,10734.095018450183,56.0,5468.8,24.775,64.3,0.2341024012499761,0.02490137666280819,0.13996194018575056,False
2025-06-14 13:00:00,10995.90221402214,56.0,5377.4,24.775,64.3,0.15378499834732556,0.021466787934389768,0.09424180366150446,False
2025-06-14 14:00:00,11781.323800738006,56.0,5269.9,24.775,64.3,0.1646311896560807,0.0132329278929482,0.0965019718626711,False
2025-06-14 15:00:00,13352.16697416974,56.0,5292.1,24.775,64.3,0.16112578012823148,0.016632486114020354,0.09610379782183648,False
2025-06-14 16:00:00,16493.85332103321,56.0,5196.9,24.775,64.3,0.18728876005217593,0.013846226755381049,0.10923962006861825,False
2025-06-14 17:00:00,20159.15405904059,56.0,5111.5,24.775,64.3,0.22257594584790102,0.01791431811999947,0.13047821337034535,False
2025-06-14 18:00:00,21729.997232472328,56.0,4845.4,24.775,64.3,0.31129934126294745,0.01801595281105888,0.1793218164595976,False
2025-06-14 19:00:00,18588.31088560885,56.0,5095.2,24.775,64.3,0.2910473120393916,0.03611247724973009,0.17632663638404394,False
2025-06-14 20:00:00,14661.202952029518,56.0,5031.2,24.775,64.3,0.20691445414071252,0.04149367984878875,0.13247510570934684,False
2025-06-14 21:00:00,11519.516605166047,56.0,4772.700000000001,24.775,64.3,0.1482789968010827,0.034186433396298385,0.09693734326892976,False
2025-06-14 22:00:00,8377.830258302583,56.0,4432.8,24.775,64.3,0.19606790774501454,0.024427767275388753,0.11882984453368295,False
2025-06-14 23:00:00,7068.794280442804,56.0,4139.400000000001,24.775,64.3,0.17898201320012375,0.04157536047208512,0.11714901947250636,False
2025-06-15 00:00:00,6082.0258302583015,48.0,4125.63,25.045,59.1,0.3836368997195617,0.041297058560666365,0.22958397119805884,False
2025-06-15 01:00:00,4976.202952029519,48.0,4045.36,25.045,59.1,0.23896997848208013,0.0243940761574453,0.14241082243599446,False
2025-06-15 02:00:00,4146.835793357934,48.0,3805.76,25.045,59.1,0.21979726951011902,0.013711978594030394,0.12705888859787914,False
2025-06-15 03:00:00,4146.835793357934,48.0,3827.02,25.045,59.1,0.22615300497835872,0.015292019178820528,0.13126556136856654,False
2025-06-15 04:00:00,5529.114391143911,48.0,3766.26,25.045,59.1,0.24825975598968397,0.017039592152008107,0.14421068226272984,False
2025-06-15 05:00:00,8846.58302583026,48.0,3898.36,25.045,59.1,0.31102261807705234,0.018815161159192954,0.17952926246401563,False
2025-06-15 06:00:00,14099.241697416974,48.0,3869.48,25.045,59.1,0.3987232870201845,0.019179411928309468,0.22792854322884076,False
2025-06-15 07:00:00,17693.16605166052,48.0,4185.110000000001,25.045,59.1,0.4345638985164645,0.025517699753316168,0.2504931090730477,False
2025-06-15 08:00:00,19075.444649446497,48.0,4566.04,25.045,59.1,0.41895198003215606,0.022790771821974542,0.24067943633757438,False
2025-06-15 09:00:00,15481.52029520295,48.0,5206.1,25.045,59.1,0.3800821752417827,0.018906491369580256,0.21755311749929163,False
2025-06-15 10:00:00,12993.418819188191,48.0,5045.34,25.045,59.1,0.2561643119637858,0.03377042541958605,0.15608706301889594,False
2025-06-15 11:00:00,11887.59594095941,48.0,4871.209999999999,25.045,59.1,0.25409335682875295,0.03110192124299355,0.15374721081516124,False
2025-06-15 12:00:00,11334.68450184502,48.0,4855.75,25.045,59.1,0.14394896303299626,0.01977328075010187,0.08806990600569378,False
2025-06-15 13:00:00,11611.140221402216,48.0,4829.9,25.045,59.1,0.11483630108341081,0.017496838725806582,0.0710335430224889,False
2025-06-15 14:00:00,12440.5073800738,48.0,4716.36,25.045,59.1,0.13566427660397834,0.021747578464360123,0.08440176244115015,False
2025-06-15 15:00:00,14099.241697416974,48.0,4469.18,25.045,59.1,0.18078575918957607,0.029266006510959206,0.11260187048419848,False
2025-06-15 16:00:00,17416.71033210332,48.0,4269.12,25.045,59.1,0.24841985476313017,0.029872045932653028,0.15007334078941548,False
2025-06-15 17:00:00,21287.09040590406,48.0,4063.4,25.045,59.1,0.31970691498415293,0.04100986176972396,0.1942932410376599,False
2025-06-15 18:00:00,22945.82472324724,48.0,3809.64,25.045,59.1,0.4267302688844927,0.05839568828994268,0.2609797076169452,False
2025-06-15 19:00:00,19628.35608856088,48.0,4236.59,25.045,59.1,0.44852494093002415,0.04764141736413637,0.2681273553253747,False
2025-06-15 20:00:00,15481.52029520295,48.0,4263.72,25.045,59.1,0.4080700231493646,0.03557816261395974,0.24044868590843244,False
2025-06-15 21:00:00,12164.051660516605,48.0,4110.58,25.045,59.1,0.3992910858009664,0.021701769393855097,0.22937589341776632,False
2025-06-15 22:00:00,8846.58302583026,48.0,4023.81,25.045,59.1,0.31779824196486334,0.013015444123356323,0.1806459829361852,False
2025-06-15 23:00:00,7464.304428044281,48.0,3807.32,25.045,59.1,0.3113514730027569,0.027375563771690956,0.18356231384877725,False
2025-06-16 00:00:00,5761.199261992619,43.0,4125.63,24.534999999999997,62.5,0.5950229340916809,0.04690757223459165,0.3483710212559908,False
2025-06-16 01:00:00,4713.70848708487,43.0,4045.36,24.534999999999997,62.5,0.44306594276973865,0.03404520587175123,0.25900661116564433,False
2025-06-16 02:00:00,3928.090405904059,43.0,3805.76,24.534999999999997,62.5,0.4612822432934788,0.023304625688838773,0.2641923153713908,False
2025-06-16 03:00:00,3928.090405904059,43.0,3827.02,24.534999999999997,62.5,0.4443326529817857,0.027618538039080345,0.2568113012575683,False
2025-06-16 04:00:00,5237.453874538745,43.0,3766.26,24.534999999999997,62.5,0.4731860225571371,0.02277031147978047,0.27049895257232665,False
2025-06-16 05:00:00,8379.926199261994,43.0,3898.36,24.534999999999997,62.5,0.519933017928594,0.0215989588539835,0.2956826913450193,False
2025-06-16 06:00:00,13355.5073800738,43.0,3869.48,24.534999999999997,62.5,0.47783373379985017,0.017281605423344597,0.2705852760304227,False
2025-06-16 07:00:00,16759.852398523988,43.0,4185.110000000001,24.534999999999997,62.5,0.5549564730488177,0.024858111940105548,0.3164122105498972,False
2025-06-16 08:00:00,18069.215867158677,43.0,4566.04,24.534999999999997,62.5,0.5299043852200721,0.02564682728733295,0.3029884841503395,False
2025-06-16 09:00:00,14664.870848708486,43.0,5206.1,24.534999999999997,62.5,0.4836707191344479,0.03883668336872251,0.2834954030398715,False
2025-06-16 10:00:00,12308.016605166053,43.0,5045.34,24.534999999999997,62.5,0.33063749507166407,0.031875872220791024,0.1961947647887712,False
2025-06-16 11:00:00,11260.525830258304,43.0,4871.209999999999,24.534999999999997,62.5,0.27243011245654813,0.024804596687034327,0.16099863036026693,False
2025-06-16 12:00:00,10736.780442804433,43.0,4855.75,24.534999999999997,62.5,0.1525118605689928,0.015588732793956051,0.09089645307022627,False
2025-06-16 13:00:00,10998.653136531368,43.0,4829.9,24.534999999999997,62.5,0.11640915737078805,0.014816515877848036,0.07069246869896505,False
2025-06-16 14:00:00,11784.271217712176,43.0,4716.36,24.534999999999997,62.5,0.16027519728358136,0.014043519659708795,0.0944709423528387,False
2025-06-16 15:00:00,13355.5073800738,43.0,4469.18,24.534999999999997,62.5,0.20105992457853888,0.020330923686202453,0.1197318741769875,False
2025-06-16 16:00:00,16497.97970479705,43.0,4269.12,24.534999999999997,62.5,0.2371437169311183,0.021004167781759946,0.13988091981390705,False
2025-06-16 17:00:00,20164.19741697417,43.0,4063.4,24.534999999999997,62.5,0.2987455340495982,0.03339384522070836,0.1793372740765978,False
2025-06-16 18:00:00,21735.433579335797,43.0,3809.64,24.534999999999997,62.5,0.43519256463218703,0.05984049503992138,0.2662841333156675,False
2025-06-16 19:00:00,18592.961254612543,43.0,4236.59,24.534999999999997,62.5,0.3580016436609313,0.04587571697284369,0.2175449766512919,False
2025-06-16 20:00:00,14664.870848708486,43.0,4263.72,24.534999999999997,62.5,0.3055734217186146,0.030585710425719444,0.18182895163681181,False
2025-06-16 21:00:00,11522.398523985235,43.0,4110.58,24.534999999999997,62.5,0.32429793689600805,0.01902448712567521,0.1869248844993583,False
2025-06-16 22:00:00,8379.926199261994,43.0,4023.81,24.534999999999997,62.5,0.27463157435493474,0.008833526624066928,0.15502245287604424,False
2025-06-16 23:00:00,7070.562730627307,43.0,3807.32,24.534999999999997,62.5,0.2624164689217416,0.018333265617011565,0.15257902743461307,False
2025-06-17 00:00:00,6450.952029520294,39.0,3715.1,24.905,62.2,0.47468269222638393,0.032943616429377515,0.2759001081177311,False
2025-06-17 01:00:00,5278.051660516604,39.0,3764.0,24.905,62.2,0.33203955653823475,0.030292525329935375,0.19625339249450005,False
2025-06-17 02:00:00,4398.376383763837,39.0,3665.8,24.905,62.2,0.36852540441468223,0.019745806254567167,0.21157458524263045,False
2025-06-17 03:00:00,4398.376383763837,39.0,3698.5,24.905,62.2,0.3514659112342606,0.022772626446363735,0.203553933079707,False
2025-06-17 04:00:00,5864.50184501845,39.0,3683.7,24.905,62.2,0.36650475974741636,0.02239138971979809,0.21165374323498817,False
2025-06-17 05:00:00,9383.20295202952,39.0,3785.6,24.905,62.2,0.5048753325982525,0.02803657204525158,0.29029789034940207,False
2025-06-17 06:00:00,14954.479704797046,39.0,4073.9,24.905,62.2,0.565506818385967,0.0190938214093942,0.3196209697465093,False
2025-06-17 07:00:00,18766.40590405904,39.0,4706.0,24.905,62.2,0.563006585725335,0.027175386682462336,0.32188254615604234,False
2025-06-17 08:00:00,20232.53136531365,39.0,5169.799999999999,24.905,62.2,0.5205760125987586,0.027747772069100275,0.2988033043604124,False
2025-06-17 09:00:00,16420.605166051657,39.0,5973.1,24.905,62.2,0.5132110731477364,0.051033665539646715,0.30523123972409605,False
2025-06-17 10:00:00,13781.579335793356,39.0,6419.1,24.905,62.2,0.4422024448105359,0.027877099244238795,0.25575603930570223,False
2025-06-17 11:00:00,12608.678966789666,39.0,6423.5,24.905,62.2,0.368214242602513,0.01346583788791825,0.2085774604809454,False
2025-06-17 12:00:00,12022.228782287822,39.0,6140.5,24.905,62.2,0.2551330109926634,0.014785789157703046,0.14697676116693126,False
2025-06-17 13:00:00,12315.453874538744,39.0,6103.0,24.905,62.2,0.17035974404712662,0.012491542689897151,0.09931905343637337,False
2025-06-17 14:00:00,13195.12915129151,39.0,5964.4,24.905,62.2,0.15338899233168646,0.021572936443699595,0.09407176718209238,False
2025-06-17 15:00:00,14954.479704797046,39.0,5902.0,24.905,62.2,0.20772195464956628,0.024862355702318876,0.12543513512330495,False
2025-06-17 16:00:00,18473.180811808117,39.0,5733.700000000001,24.905,62.2,0.20089090166979984,0.020262432901145305,0.1196080907239053,False
2025-06-17 17:00:00,22578.33210332103,39.0,5381.9,24.905,62.2,0.30450204869827396,0.020779255984270942,0.17682679197697262,False
2025-06-17 18:00:00,24337.682656826568,39.0,4867.0,24.905,62.2,0.40848091537101283,0.026566151766544612,0.23661927174900216,False
2025-06-17 19:00:00,20818.981549815493,39.0,5053.8,24.905,62.2,0.3530376570402125,0.03549154975282003,0.2101419087608859,False
2025-06-17 20:00:00,16420.605166051657,39.0,4878.900000000001,24.905,62.2,0.32229365909353275,0.029393810796244747,0.19048872735975317,False
2025-06-17 21:00:00,12901.904059040588,39.0,4637.6,24.905,62.2,0.25836724004638495,0.019819754954334752,0.15102087175496237,False
2025-06-17 22:00:00,9383.20295202952,39.0,4433.599999999999,24.905,62.2,0.25329287469834966,0.015083088780382795,0.14609847103526458,False
2025-06-17 23:00:00,7917.077490774907,39.0,4214.2,24.905,62.2,0.1899743012707818,0.023085770806558055,0.11487446256188112,False
2025-06-18 00:00:00,4631.892988929888,42.0,3973.57,24.57,64.8,0.5091959534159399,0.06727044407799623,0.3103294742138653,False
2025-06-18 01:00:00,3789.730627306272,42.0,3986.3,24.57,64.8,0.34322213664999357,0.032892972373398284,0.2035740127255257,False
2025-06-18 02:00:00,3158.1088560885605,42.0,3779.8,24.57,64.8,0.3086444861984912,0.024545072773747012,0.18079975015735633,False
2025-06-18 03:00:00,3158.1088560885605,42.0,3791.2,24.57,64.8,0.3654080263843483,0.017602892733336994,0.2088957162413932,False
2025-06-18 04:00:00,4210.811808118081,42.0,3814.6,24.57,64.8,0.36230370080972907,0.018331297183261194,0.20751611917781856,False
2025-06-18 05:00:00,6737.29889298893,42.0,3853.1,24.57,64.8,0.4278693768308264,0.025461665691815728,0.2467859068182716,False
2025-06-18 06:00:00,10737.570110701106,42.0,4174.799999999999,24.57,64.8,0.411212539410167,0.01398442966722653,0.2324598900258438,False
2025-06-18 07:00:00,13474.59778597786,42.0,4932.2,24.57,64.8,0.43153685037451744,0.031018375382186988,0.2513035366279687,False
2025-06-18 08:00:00,14527.30073800738,42.0,5264.8,24.57,64.8,0.3251948012606261,0.049265140574837864,0.20102645395202143,False
2025-06-18 09:00:00,11790.273062730626,42.0,5951.360000000001,24.57,64.8,0.35362511849863576,0.03333893155690657,0.20949633437485765,False
2025-06-18 10:00:00,9895.407749077487,42.0,6155.71,24.57,64.8,0.2523612187537759,0.026908860865350232,0.15090765770398434,False
2025-06-18 11:00:00,9053.245387453871,42.0,6112.84,24.57,64.8,0.26198975925960705,0.02358597233476715,0.15470805514342909,False
2025-06-18 12:00:00,8632.164206642066,42.0,6090.57,24.57,64.8,0.18640565086020217,0.019350459418662105,0.11123081471150915,False
2025-06-18 13:00:00,8842.70479704797,42.0,5897.29,24.57,64.8,0.13617030113420364,0.02143545162545414,0.08453961885526638,False
2025-06-18 14:00:00,9474.32656826568,42.0,5674.9,24.57,64.8,0.10908402063001421,0.022333357961149033,0.07004622242902489,False
2025-06-18 15:00:00,10737.570110701106,42.0,5736.29,24.57,64.8,0.11989980846264503,0.011522224618215483,0.07112989573265174,False
2025-06-18 16:00:00,13264.057195571955,42.0,5389.92,24.57,64.8,0.12123666121021687,0.018479555382155753,0.07499596358758936,False
2025-06-18 17:00:00,16211.62546125461,42.0,5104.4,24.57,64.8,0.11156620365579495,0.024402015362669848,0.07234231892388866,False
2025-06-18 18:00:00,17474.869003690037,42.0,5077.34,24.57,64.8,0.15605023762980297,0.02894943425932579,0.09885487611308824,False
2025-06-18 19:00:00,14948.381918819185,42.0,5101.26,24.57,64.8,0.058729944877287776,0.02103205578900365,0.04176589478755992,False
2025-06-18 20:00:00,11790.273062730626,42.0,5014.3099999999995,24.57,64.8,0.0731855583697798,0.018779936224740935,0.048703028404512315,False
2025-06-18 21:00:00,9263.785977859776,42.0,4792.12,24.57,64.8,0.05513250599163233,0.01972979914915676,0.039201287912518326,False
2025-06-18 22:00:00,6737.29889298893,42.0,4573.98,24.57,64.8,0.060685117652999554,0.012852752408603455,0.039160553293021316,False
2025-06-18 23:00:00,5684.59594095941,42.0,4253.2,24.57,64.8,0.09504319428865293,0.01808977511628095,0.060414155661085545,False
2025-06-19 00:00:00,3306.4335793357927,44.0,4246.84,24.56,65.3,0.33063286693084953,0.03892000503819437,0.19936207907915474,False
2025-06-19 01:00:00,2705.263837638376,44.0,4240.48,24.56,65.3,0.25981786368548154,0.020361719275603454,0.15206259870103642,False
2025-06-19 02:00:00,2254.386531365313,44.0,4234.12,24.56,65.3,0.2852879688172437,0.011335571331404216,0.16200938994861594,False
2025-06-19 03:00:00,2254.386531365313,44.0,4227.76,24.56,65.3,0.3042060322168088,0.011663097301176168,0.17256171150477412,False
2025-06-19 04:00:00,3005.848708487085,44.0,4221.4,24.56,65.3,0.3050858013659525,0.01753643866321408,0.17568858814972022,False
2025-06-19 05:00:00,4809.357933579336,44.0,4215.04,24.56,65.3,0.31157607876076276,0.02468280981122992,0.182474107733473,False
2025-06-19 06:00:00,7664.914206642065,44.0,4208.679999999999,24.56,65.3,0.27623088831194553,0.016517107886886897,0.15935968712066917,False
2025-06-19 07:00:00,9618.715867158671,44.0,4202.32,24.56,65.3,0.23842752742450923,0.02429542456965197,0.14206808113982347,False
2025-06-19 08:00:00,10370.178044280445,44.0,4195.96,24.56,65.3,0.23354048997435334,0.03662621855174684,0.14492906783418044,False
2025-06-19 09:00:00,8416.376383763836,44.0,4189.599999999999,24.56,65.3,0.19998354894178277,0.052810143691531995,0.13375551657916993,False
2025-06-19 10:00:00,7063.744464944649,44.0,4183.24,24.56,65.3,0.2712069235416986,0.06147642362809545,0.1768281985805772,False
2025-06-19 11:00:00,6462.574723247232,44.0,4176.88,24.56,65.3,0.3116736317932066,0.06243415919494641,0.19951586912398953,False
2025-06-19 12:00:00,6161.989852398524,44.0,4170.5199999999995,24.56,65.3,0.2761831720759353,0.05921127016276477,0.17854581621500856,False
2025-06-19 13:00:00,6312.282287822879,44.0,4164.16,24.56,65.3,0.28092923856493884,0.05107803192098496,0.1774961955751596,False
2025-06-19 14:00:00,6763.15959409594,44.0,4157.8,24.56,65.3,0.30439385276401637,0.04392451129897082,0.18718264910474589,False
2025-06-19 15:00:00,7664.914206642065,44.0,4151.44,24.56,65.3,0.41150346338132404,0.05076078348898328,0.2491692574297707,False
2025-06-19 16:00:00,9468.423431734316,44.0,4145.08,24.56,65.3,0.4287282964900072,0.04241619877397177,0.2548878525177913,False
2025-06-19 17:00:00,11572.517527675276,44.0,4138.72,24.56,65.3,0.4524021388655913,0.0334425860030041,0.2638703400774271,False
2025-06-19 18:00:00,12474.272140221405,44.0,4132.36,24.56,65.3,0.43099245280148024,0.024337826583529468,0.24799787100340243,False
2025-06-19 19:00:00,10670.76291512915,44.0,4126.0,24.56,65.3,0.4169136681985284,0.021952673575943434,0.23918122061836516,False
2025-06-19 20:00:00,8416.376383763836,44.0,4119.639999999999,24.56,65.3,0.440902641867025,0.021401658849658133,0.2521271995092099,False
2025-06-19 21:00:00,6612.8671586715855,44.0,4113.28,24.56,65.3,0.4854220642294073,0.023662414995783733,0.27763022207427673,False
2025-06-19 22:00:00,4809.357933579336,44.0,4106.92,24.56,65.3,0.4997909010992417,0.03658197922462478,0.29134688625566413,False
2025-06-19 23:00:00,4057.895756457565,44.0,4100.5599999999995,24.56,65.3,0.5034312750857485,0.04707679828901824,0.2980717605272199,False
2025-06-20 00:00:00,6252.911439114389,46.0,4094.2,24.104999999999997,68.4,0.7382498511007887,0.055972126795416036,0.43122487516337105,False
2025-06-20 01:00:00,5116.018450184501,46.0,3993.1,24.104999999999997,68.4,0.764937167512981,0.07513783289687351,0.45452746693573265,False
2025-06-20 02:00:00,4263.348708487084,46.0,3949.1,24.104999999999997,68.4,0.7156380465031186,0.06816315325333402,0.42427434454071555,False
2025-06-20 03:00:00,4263.348708487084,46.0,3767.7,24.104999999999997,68.4,0.6948521817489098,0.07831702987891576,0.41741136340741253,False
2025-06-20 04:00:00,5684.464944649447,46.0,3902.0,24.104999999999997,68.4,0.6228559428653028,0.05410181179674451,0.3669165838844516,False
2025-06-20 05:00:00,9095.143911439114,46.0,3902.3,24.104999999999997,68.4,0.6003723266394204,0.04670884031296516,0.3512237577925156,False
2025-06-20 06:00:00,14495.385608856086,46.0,4274.0,24.104999999999997,68.4,0.7385023543646656,0.09853856117576407,0.45051864742965997,False
2025-06-20 07:00:00,18190.28782287823,46.0,5240.6,24.104999999999997,68.4,0.7124076046488083,0.20601035761124506,0.48452884348190484,False
2025-06-20 08:00:00,19611.40405904059,46.0,5534.3,24.104999999999997,68.4,0.5296224851042841,0.10478143713882325,0.3384440135198267,False
2025-06-20 09:00:00,15916.501845018449,46.0,5771.9,24.104999999999997,68.4,0.48103128945848816,0.07563906076689562,0.2986047865472716,False
2025-06-20 10:00:00,13358.492619926195,46.0,5999.9,24.104999999999997,68.4,0.3956676897608516,0.04988687072922049,0.2400663211966176,False
2025-06-20 11:00:00,12221.599630996308,46.0,5739.7,24.104999999999997,68.4,0.32477747167545695,0.03220861135791659,0.19312148453256378,False
2025-06-20 12:00:00,11653.153136531366,46.0,5646.3,24.104999999999997,68.4,0.16211078108374744,0.03923135038379114,0.10681503726876712,False
2025-06-20 13:00:00,11937.376383763838,46.0,5313.4,24.104999999999997,68.4,0.06731355202493838,0.03199969251621982,0.05142231524601504,False
2025-06-20 14:00:00,12790.046125461253,46.0,5097.1,24.104999999999997,68.4,0.06495448401007975,0.024263185806839584,0.04664339981862167,False
2025-06-20 15:00:00,14495.385608856086,46.0,5174.900000000001,24.104999999999997,68.4,0.07594537745464436,0.041271212469628664,0.0603420032113873,False
2025-06-20 16:00:00,17906.064575645756,46.0,5076.7,24.104999999999997,68.4,0.07118235386343119,0.02680864135673647,0.05121418323541857,False
2025-06-20 17:00:00,21885.190036900367,46.0,4928.4,24.104999999999997,68.4,0.10716836005096497,0.021246768836213747,0.06850364400432693,False
2025-06-20 18:00:00,23590.529520295204,46.0,4890.1,24.104999999999997,68.4,0.22009373164607304,0.027827419157062227,0.1335738910260182,False
2025-06-20 19:00:00,20179.85055350553,46.0,5143.7,24.104999999999997,68.4,0.2821290408758247,0.0670203526507738,0.1853301311745518,False
2025-06-20 20:00:00,15916.501845018449,46.0,5030.0,24.104999999999997,68.4,0.20469007312057413,0.06225301479406095,0.1405933968736432,False
2025-06-20 21:00:00,12505.82287822878,46.0,4755.8,24.104999999999997,68.4,0.1506948241037135,0.038305731999655916,0.10011973265688759,False
2025-06-20 22:00:00,9095.143911439114,46.0,4519.3,24.104999999999997,68.4,0.16042619380087964,0.01780110085764455,0.09624490197642385,False
2025-06-20 23:00:00,7674.027675276752,46.0,4220.0,24.104999999999997,68.4,0.14275790342070327,0.021195881621947306,0.0880549936112631,False
2025-06-21 00:00:00,4238.145756457564,48.0,4124.389999999999,24.475,69.9,0.39669881415770847,0.0774182406907675,0.25302255609758506,False
2025-06-21 01:00:00,3467.573800738007,48.0,3979.19,24.475,69.9,0.22165459025920448,0.027045447942490006,0.13408047621668298,False
2025-06-21 02:00:00,2889.644833948339,48.0,3843.28,24.475,69.9,0.20891104858277193,0.014742756279495357,0.12153531704629748,False
2025-06-21 03:00:00,2889.644833948339,48.0,3785.66,24.475,69.9,0.27238104856058937,0.011866482978411329,0.15514949404860928,False
2025-06-21 04:00:00,3852.859778597786,48.0,3802.47,24.475,69.9,0.24980091515438257,0.013834312007576455,0.14361594373831985,False
2025-06-21 05:00:00,6164.575645756458,48.0,3947.41,24.475,69.9,0.2952106454932709,0.017598821975034824,0.1702853249100647,False
2025-06-21 06:00:00,9824.792435424351,48.0,4350.88,24.475,69.9,0.31191792643510696,0.005264321020188238,0.17392380399839355,False
2025-06-21 07:00:00,12329.151291512915,48.0,5231.19,24.475,69.9,0.33540548748136195,0.02020075950999898,0.19356335989424864,False
2025-06-21 08:00:00,13292.36623616236,48.0,5370.99,24.475,69.9,0.25199420368326386,0.03758614631121115,0.15551057786584016,False
2025-06-21 09:00:00,10788.0073800738,48.0,5793.67,24.475,69.9,0.26620611967761737,0.020532320382863053,0.15565290999497794,False
2025-06-21 10:00:00,9054.220479704796,48.0,6164.02,24.475,69.9,0.2631677357117194,0.01241222557241629,0.15032775614903301,False
2025-06-21 11:00:00,8283.648523985239,48.0,6062.3099999999995,24.475,69.9,0.18768248285136485,0.008264349481901936,0.10694432283510655,False
2025-06-21 12:00:00,7898.362546125461,48.0,5897.48,24.475,69.9,0.164071509973284,0.016640711281466766,0.09772765056196626,False
2025-06-21 13:00:00,8091.005535055351,48.0,5773.21,24.475,69.9,0.09072452355479,0.01670698259860912,0.0574166301245086,False
2025-06-21 14:00:00,8668.934501845017,48.0,5393.719999999999,24.475,69.9,0.1040024532041004,0.01466736109887496,0.06380166175674895,False
2025-06-21 15:00:00,9824.792435424351,48.0,5348.610000000001,24.475,69.9,0.0948933715939918,0.009138946906834512,0.05630388048477103,False
2025-06-21 16:00:00,12136.508302583024,48.0,5041.4400000000005,24.475,69.9,0.14316075124982863,0.015223354878889712,0.08558892288290612,False
2025-06-21 17:00:00,14833.510147601475,48.0,4959.78,24.475,69.9,0.10722696059903702,0.023320539723358045,0.06946907120498148,False
2025-06-21 18:00:00,15989.368081180812,48.0,4887.28,24.475,69.9,0.11560845858998647,0.023359414808641565,0.07409638888838127,False
2025-06-21 19:00:00,13677.652214022137,48.0,5103.91,24.475,69.9,0.08968662792471715,0.01902528314275654,0.057889022772834885,False
2025-06-21 20:00:00,10788.0073800738,48.0,4970.42,24.475,69.9,0.08222228353085015,0.01471054720814869,0.05184200218563449,False
2025-06-21 21:00:00,8476.291512915128,48.0,4731.76,24.475,69.9,0.07945905746184678,0.01506698570791044,0.05048262517257543,False
2025-06-21 22:00:00,6164.575645756458,48.0,4475.3099999999995,24.475,69.9,0.10127733990095122,0.006718483337899354,0.058725854447577885,False
2025-06-21 23:00:00,5201.360701107011,48.0,4273.1900000000005,24.475,69.9,0.08826317566019337,0.010972482941555232,0.053482363936806214,False
2025-06-22 00:00:00,5577.385608856087,41.0,3998.86,24.270000000000003,66.5,0.49041415253195403,0.14398400586547958,0.33452058653204053,False
2025-06-22 01:00:00,4563.315498154981,41.0,4029.98,24.270000000000003,66.5,0.3260932143023181,0.07498085885455462,0.21309265435082453,False
2025-06-22 02:00:00,3802.762915129151,41.0,3970.499999999999,24.270000000000003,66.5,0.3452756373639495,0.04249771195392146,0.2090255709294369,False
2025-06-22 03:00:00,3802.762915129151,41.0,3732.95,24.270000000000003,66.5,0.37780295566705596,0.029783572079277957,0.2211942330525559,False
2025-06-22 04:00:00,5070.350553505535,41.0,3789.52,24.270000000000003,66.5,0.3746306319788956,0.03402674707911912,0.2213588837739962,False
2025-06-22 05:00:00,8112.560885608857,41.0,3837.88,24.270000000000003,66.5,0.33770185235589506,0.039487072196047766,0.2035052012839638,False
2025-06-22 06:00:00,12929.393911439114,41.0,4062.11,24.270000000000003,66.5,0.4068158572888746,0.037708880108855064,0.2407177175578658,False
2025-06-22 07:00:00,16225.121771217711,41.0,4678.84,24.270000000000003,66.5,0.43578203650163216,0.041711368938693864,0.2584502360983099,False
2025-06-22 08:00:00,17492.7094095941,41.0,4989.99,24.270000000000003,66.5,0.38862860227009194,0.03943848209754881,0.23149304819244756,False
2025-06-22 09:00:00,14196.981549815497,41.0,5454.47,24.270000000000003,66.5,0.31876658479568315,0.025105948144477985,0.18661929830264085,False
2025-06-22 10:00:00,11915.323800738008,41.0,5749.36,24.270000000000003,66.5,0.2786801152956474,0.017756679800841755,0.16126456932298486,False
2025-06-22 11:00:00,10901.2536900369,41.0,5678.71,24.270000000000003,66.5,0.22299296752607117,0.017997918457819853,0.1307451954453581,False
2025-06-22 12:00:00,10394.21863468635,41.0,5572.84,24.270000000000003,66.5,0.16082117307468052,0.022742425985305473,0.09868573688446175,False
2025-06-22 13:00:00,10647.736162361629,41.0,5324.38,24.270000000000003,66.5,0.06947355912569819,0.02601299547116939,0.04991630548116023,False
2025-06-22 14:00:00,11408.288745387452,41.0,5243.870000000001,24.270000000000003,66.5,0.062254848246575456,0.021087920602293576,0.04372973080664862,False
2025-06-22 15:00:00,12929.393911439114,41.0,5305.9800000000005,24.270000000000003,66.5,0.10896091411794728,0.028711668146136442,0.0728487534306324,False
2025-06-22 16:00:00,15971.604243542435,41.0,5217.55,24.270000000000003,66.5,0.1264518913556934,0.01692184226179104,0.07716336926343735,False
2025-06-22 17:00:00,19520.84963099631,41.0,4900.96,24.270000000000003,66.5,0.1320871782290945,0.008697304296509906,0.07656173495943144,False
2025-06-22 18:00:00,21041.954797047976,41.0,4662.38,24.270000000000003,66.5,0.15815423102098614,0.010093834557540607,0.09152705261243566,False
2025-06-22 19:00:00,17999.744464944644,41.0,4926.26,24.270000000000003,66.5,0.1783837464791196,0.030780020730476292,0.1119620698922301,False
2025-06-22 20:00:00,14196.981549815497,41.0,4783.199999999999,24.270000000000003,66.5,0.12941906431878009,0.025287481737141165,0.08255985215704258,False
2025-06-22 21:00:00,11154.771217712174,41.0,4582.77,24.270000000000003,66.5,0.08341355712634324,0.014873171849076022,0.052570383751573,False
2025-06-22 22:00:00,8112.560885608857,41.0,4458.12,24.270000000000003,66.5,0.08787425756238221,0.009453162109020852,0.0525847646083696,False
2025-06-22 23:00:00,6844.973247232473,41.0,4234.03,24.270000000000003,66.5,0.08974556029373948,0.01677892351928023,0.05691057374523282,False
2025-06-23 00:00:00,4372.560885608855,40.0,4011.62,23.99,66.8,0.3577127815520397,0.05229295152376458,0.22027385803931593,False
2025-06-23 01:00:00,3577.549815498154,40.0,3986.45,23.99,66.8,0.23380691126555164,0.03290823280496111,0.1434025059582859,False
2025-06-23 02:00:00,2981.2915129151293,40.0,3907.8,23.99,66.8,0.22292410818261765,0.01913131909098813,0.13121735309138438,False
2025-06-23 03:00:00,2981.2915129151293,40.0,3844.43,23.99,66.8,0.25376832801235505,0.0164030799548707,0.1469539663864871,False
2025-06-23 04:00:00,3975.0553505535054,40.0,3731.3,23.99,66.8,0.2837523459601761,0.013994272376251851,0.16236121284741023,False
2025-06-23 05:00:00,6360.08856088561,40.0,3825.03,23.99,66.8,0.3026218909067819,0.017413191284491,0.174277976076751,False
2025-06-23 06:00:00,10136.39114391144,40.0,3862.64,23.99,66.8,0.2685210989554708,0.009037516960578914,0.15175348705776948,False
2025-06-23 07:00:00,12720.17712177122,40.0,4256.8,23.99,66.8,0.32539499654171755,0.01056621104859666,0.18372204306981318,False
2025-06-23 08:00:00,13713.940959409596,40.0,4572.0599999999995,23.99,66.8,0.2740821800071629,0.014782038063842255,0.1573971161326686,False
2025-06-23 09:00:00,11130.154981549817,40.0,5172.12,23.99,66.8,0.2709780652066029,0.011214896952020454,0.1540846394920408,False
2025-06-23 10:00:00,9341.38007380074,40.0,5110.96,23.99,66.8,0.19040897228743137,0.01376836078006206,0.11092069710911519,False
2025-06-23 11:00:00,8546.369003690037,40.0,4773.27,23.99,66.8,0.16145285763141354,0.02666211386822429,0.10079702293797838,False
2025-06-23 12:00:00,8148.863468634688,40.0,4669.610000000001,23.99,66.8,0.09805961427377963,0.018522950098076953,0.06226811539471343,False
2025-06-23 13:00:00,8347.616236162363,40.0,4562.81,23.99,66.8,0.03732385687328266,0.01562672645950212,0.02756014818708142,False
2025-06-23 14:00:00,8943.874538745386,40.0,4411.69,23.99,66.8,0.10748970180882134,0.011985309254774118,0.06451272515950009,False
2025-06-23 15:00:00,10136.39114391144,40.0,4286.950000000001,23.99,66.8,0.1379312912907365,0.018041619850589795,0.08398093914267049,False
2025-06-23 16:00:00,12521.424354243543,40.0,4043.62,23.99,66.8,0.21718725238937292,0.023473893741903805,0.13001624099801182,False
2025-06-23 17:00:00,15303.963099630995,40.0,3773.01,23.99,66.8,0.28527228512414543,0.03982180872584803,0.1748195707449116,False
2025-06-23 18:00:00,16496.479704797053,40.0,3734.24,23.99,66.8,0.28920237198944615,0.044219323622898744,0.17896000022449984,False
2025-06-23 19:00:00,14111.446494464944,40.0,4232.45,23.99,66.8,0.2891680856023261,0.04378029098080866,0.17874357802264326,False
2025-06-23 20:00:00,11130.154981549817,40.0,4230.360000000001,23.99,66.8,0.25523214456065263,0.02583478673094534,0.15200333353728437,False
2025-06-23 21:00:00,8745.12177121771,40.0,4024.41,23.99,66.8,0.2757082527558367,0.014150498642112944,0.15800726340466104,False
2025-06-23 22:00:00,6360.08856088561,40.0,3911.93,23.99,66.8,0.24387419861784937,0.005375818192160335,0.1365499274262893,False
2025-06-23 23:00:00,5366.324723247233,40.0,3727.34,23.99,66.8,0.23585715074498653,0.01200710194991736,0.13512462878720544,False
2025-06-24 00:00:00,5884.6346863468625,43.0,3555.9500000000003,24.455,65.9,0.5021224709278954,0.03198709138327364,0.29056155013281565,False
2025-06-24 01:00:00,4814.701107011069,43.0,3606.13,24.455,65.9,0.37647595943179546,0.018188490099324224,0.21524659823218342,False
2025-06-24 02:00:00,4012.250922509224,43.0,3470.39,24.455,65.9,0.43729585412066063,0.011553368383749336,0.24571173553905057,False
2025-06-24 03:00:00,4012.250922509224,43.0,3437.77,24.455,65.9,0.4081717912190789,0.012770171359736852,0.230241062282375,False
2025-06-24 04:00:00,5349.667896678967,43.0,3602.64,24.455,65.9,0.4412636008943784,0.021234178344484097,0.252250360746926,False
2025-06-24 05:00:00,8559.468634686347,43.0,3738.78,24.455,65.9,0.44436060655808807,0.025811415794002982,0.2560134707142498,False
2025-06-24 06:00:00,13641.653136531364,43.0,4106.61,24.455,65.9,0.5310457381872867,0.021607009933044395,0.3017983104728777,False
2025-06-24 07:00:00,17118.937269372695,43.0,5072.38,24.455,65.9,0.5700071150807011,0.04966070182922771,0.3358512291175381,False
2025-06-24 08:00:00,18456.354243542435,43.0,5340.98,24.455,65.9,0.4443217820408264,0.03129903091176158,0.25846154403274724,False
2025-06-24 09:00:00,14979.070110701105,43.0,5865.0,24.455,65.9,0.4151823588822162,0.03395636279262743,0.24363066064190128,False
2025-06-24 10:00:00,12571.71955719557,43.0,6077.1,24.455,65.9,0.35886833293953047,0.014002569690905051,0.20367873947764906,False
2025-06-24 11:00:00,11501.785977859778,43.0,6089.0,24.455,65.9,0.3333526353898915,0.009329059854252773,0.1875420263988541,False
2025-06-24 12:00:00,10966.819188191885,43.0,5970.8,24.455,65.9,0.26311245133221123,0.01992200309864799,0.15367674962710778,False
2025-06-24 13:00:00,11234.30258302583,43.0,5829.1,24.455,65.9,0.17680012075925916,0.020864135414915323,0.10662892735430445,False
2025-06-24 14:00:00,12036.752767527672,43.0,5628.7,24.455,65.9,0.20595864328678243,0.025197410568967623,0.12461608856376578,False
2025-06-24 15:00:00,13641.653136531364,43.0,5485.5,24.455,65.9,0.19581301531691264,0.024443371377381905,0.11869667554412382,False
2025-06-24 16:00:00,16851.453874538744,43.0,5397.0,24.455,65.9,0.15915595038855224,0.01489404482315292,0.09423809288412255,False
2025-06-24 17:00:00,20596.22140221402,43.0,5268.0,24.455,65.9,0.18342161973961757,0.014488884894474786,0.10740188905930333,False
2025-06-24 18:00:00,22201.121771217713,43.0,5005.0,24.455,65.9,0.24246507547906926,0.015593508530817392,0.14037287035235593,False
2025-06-24 19:00:00,18991.32103321033,43.0,5067.5,24.455,65.9,0.191948580912295,0.032898286239677305,0.12037594830961704,False
2025-06-24 20:00:00,14979.070110701105,43.0,4987.1,24.455,65.9,0.12379915981280787,0.03736784899670235,0.0849050699455604,False
2025-06-24 21:00:00,11769.269372693723,43.0,4729.6,24.455,65.9,0.12090409779034472,0.024945422189910863,0.07772269377014948,False
2025-06-24 22:00:00,8559.468634686347,43.0,4502.5,24.455,65.9,0.14288738141978152,0.010010415605256843,0.08309274680324542,False
2025-06-24 23:00:00,7222.051660516605,43.0,4333.9,24.455,65.9,0.11766844927131115,0.013269515396777707,0.0706889290277711,False
2025-06-25 00:00:00,5256.883763837637,45.0,4156.4,24.345,63.6,0.3401847186021708,0.18435729409742826,0.2700623775750367,False
2025-06-25 01:00:00,4301.086715867158,45.0,4140.1,24.345,63.6,0.19848362473989833,0.08554538819594762,0.14766141829512053,False
2025-06-25 02:00:00,3584.2389298892986,45.0,3990.1,24.345,63.6,0.16692729992682187,0.04637077733822949,0.1126768647619553,False
2025-06-25 03:00:00,3584.2389298892986,45.0,3927.6,24.345,63.6,0.19919504572940316,0.03301484506107603,0.12441395542865596,False
2025-06-25 04:00:00,4778.985239852398,45.0,3980.9,24.345,63.6,0.21724796349843617,0.03013484335087008,0.13304705943203143,False
2025-06-25 05:00:00,7646.376383763837,45.0,4080.6,24.345,63.6,0.2634673723295146,0.03479168707052863,0.16056331396297094,False
2025-06-25 06:00:00,12186.412361623614,45.0,4321.3,24.345,63.6,0.30778470197363106,0.028337465736588473,0.18203344566696192,False
2025-06-25 07:00:00,15292.752767527674,45.0,5259.6,24.345,63.6,0.3749962418185138,0.036497328015976584,0.22267173060737208,False
2025-06-25 08:00:00,16487.499077490775,45.0,5625.1,24.345,63.6,0.29169126214421137,0.03951320968703309,0.17821113853848114,False
2025-06-25 09:00:00,13381.158671586714,45.0,5772.7,24.345,63.6,0.17597327483073477,0.02934166584214844,0.10998905078587093,False
2025-06-25 10:00:00,11230.615313653136,45.0,6410.3,24.345,63.6,0.25173895834147053,0.018653635498909363,0.14685056306231803,False
2025-06-25 11:00:00,10274.818265682656,45.0,6279.5,24.345,63.6,0.14510581629717328,0.009594124048181066,0.08412555478512679,False
2025-06-25 12:00:00,9796.919741697417,45.0,6081.7,24.345,63.6,0.09647806504719136,0.015585454284575303,0.060076390204014146,False
2025-06-25 13:00:00,10035.869003690035,45.0,5858.2,24.345,63.6,0.04236436099826435,0.015693700867047772,0.030362563939216894,False
2025-06-25 14:00:00,10752.716789667897,45.0,5559.0,24.345,63.6,0.019239778510773964,0.01015349335784604,0.015150950191956399,False
2025-06-25 15:00:00,12186.412361623614,45.0,5605.5,24.345,63.6,0.04815435141090174,0.009232662806457126,0.030639591538901667,False
2025-06-25 16:00:00,15053.803505535054,45.0,5646.0,24.345,63.6,0.06177869641229905,0.009259913841946302,0.038145244255640316,False
2025-06-25 17:00:00,18399.093173431735,45.0,5405.7,24.345,63.6,0.08506036728199662,0.00759621151820629,0.05020149718829098,False
2025-06-25 18:00:00,19832.788745387457,45.0,4919.9,24.345,63.6,0.15179402546613546,0.007675461966659862,0.08694067189137146,False
2025-06-25 19:00:00,16965.397601476012,45.0,5204.6,24.345,63.6,0.09881439475420661,0.021792907564311677,0.0641547255187539,False
2025-06-25 20:00:00,13381.158671586714,45.0,5152.8,24.345,63.6,0.0569432160764719,0.016110784216051062,0.03856862173928253,False
2025-06-25 21:00:00,10513.767527675274,45.0,4895.4,24.345,63.6,0.01773579104262568,0.009827678370363298,0.01417714034010761,False
2025-06-25 22:00:00,7646.376383763837,45.0,4557.7,24.345,63.6,0.07685489813126711,0.009477564045842789,0.04653509779282617,False
2025-06-25 23:00:00,6451.630073800738,45.0,4313.3,24.345,63.6,0.0620253418702752,0.01424875150542712,0.04052587620609357,False
2025-06-26 00:00:00,6638.885608856087,42.0,4153.04,23.935,66.1,0.31963296409017966,0.028387303339986274,0.18857241675259268,False
2025-06-26 01:00:00,5431.815498154981,42.0,4176.99,23.935,66.1,0.2278499485486239,0.022190742680791766,0.13530330590809944,False
2025-06-26 02:00:00,4526.51291512915,42.0,4039.47,23.935,66.1,0.17864683806020026,0.012847588717797762,0.10403717585611914,False
2025-06-26 03:00:00,4526.51291512915,42.0,3984.03,23.935,66.1,0.1958536177304377,0.015540659533071832,0.11471278654162306,False
2025-06-26 04:00:00,6035.350553505535,42.0,3952.21,23.935,66.1,0.2114694871401212,0.01771367215621399,0.12427937039736296,False
2025-06-26 05:00:00,9656.560885608857,42.0,4077.9,23.935,66.1,0.22023481378714438,0.014247995860889668,0.12754074572032978,False
2025-06-26 06:00:00,15390.143911439112,42.0,4288.6,23.935,66.1,0.3093094171481848,0.01334094993819123,0.1761236069036877,False
2025-06-26 07:00:00,19313.121771217713,42.0,5206.6,23.935,66.1,0.39747167413838763,0.020461110396611446,0.22781692045458837,False
2025-06-26 08:00:00,20821.959409594096,42.0,5528.0,23.935,66.1,0.3545358803225045,0.02515676154278004,0.20631527687162848,False
2025-06-26 09:00:00,16898.981549815497,42.0,5899.200000000001,23.935,66.1,0.3211625962792332,0.01764198295934402,0.1845783202852831,False
2025-06-26 10:00:00,14183.073800738006,42.0,6269.1,23.935,66.1,0.3029405508066555,0.010252914861416947,0.17123111463129817,False
2025-06-26 11:00:00,12976.0036900369,42.0,6026.4,23.935,66.1,0.20255436533916932,0.011457200113806347,0.116560640987756,False
2025-06-26 12:00:00,12372.468634686347,42.0,5874.5,23.935,66.1,0.13184781912316434,0.014947747905388376,0.07924278707516516,False
2025-06-26 13:00:00,12674.236162361623,42.0,5751.1,23.935,66.1,0.06392236768885162,0.016143176833022452,0.042421731803728505,False
2025-06-26 14:00:00,13579.538745387452,42.0,5629.8,23.935,66.1,0.06058102840408697,0.013010650392990836,0.03917435829909371,False
2025-06-26 15:00:00,15390.143911439112,42.0,5775.1,23.935,66.1,0.08927657232154729,0.029151692794175708,0.06222037653423008,False
2025-06-26 16:00:00,19011.354243542435,42.0,5786.1,23.935,66.1,0.13013850951168826,0.022490254870411678,0.0816967949231138,False
2025-06-26 17:00:00,23236.09963099631,42.0,5519.8,23.935,66.1,0.21606113003288951,0.007024052057492494,0.12199444494396086,False
2025-06-26 18:00:00,25046.704797047973,42.0,5081.3,23.935,66.1,0.3713071630923378,0.0035773063865733876,0.20582872757474382,False
2025-06-26 19:00:00,21425.494464944644,42.0,5191.8,23.935,66.1,0.3135613137921065,0.0346296145533801,0.18804204913467965,False
2025-06-26 20:00:00,16898.981549815497,42.0,5036.200000000001,23.935,66.1,0.26557477163878584,0.03245127298164474,0.16066919724307238,False
2025-06-26 21:00:00,13277.771217712174,42.0,4800.8,23.935,66.1,0.19784693997902325,0.016408284244629676,0.11619954489854614,False
2025-06-26 22:00:00,9656.560885608857,42.0,4628.4,23.935,66.1,0.2505084114092077,0.011283984705450046,0.14285741939251678,False
2025-06-26 23:00:00,8147.723247232472,42.0,4388.5,23.935,66.1,0.17809518700457477,0.01797680614537421,0.10604191561793452,False
2025-06-27 00:00:00,5168.071955719556,43.0,4222.33,23.31,69.4,0.48675257726102306,0.04001777644871168,0.285721916895483,False
2025-06-27 01:00:00,4228.422509225092,43.0,4274.05,23.31,69.4,0.2731593814488155,0.017130248914866752,0.1579462718085386,False
2025-06-27 02:00:00,3523.685424354243,43.0,4115.200000000001,23.31,69.4,0.2326958594856024,0.007881393091722044,0.13152934960835624,False
2025-06-27 03:00:00,3523.685424354243,43.0,4044.97,23.31,69.4,0.2991170390788172,0.01148870501257887,0.16968428874900995,False
2025-06-27 04:00:00,4698.247232472325,43.0,4098.11,23.31,69.4,0.3365265533163125,0.015850543670642817,0.19222234897576113,False
2025-06-27 05:00:00,7517.195571955719,43.0,4102.18,23.31,69.4,0.3283284930461126,0.018161053745218193,0.18875314536071014,False
2025-06-27 06:00:00,11980.530442804427,43.0,4515.21,23.31,69.4,0.37260410536397726,0.0125739577606108,0.21059053894246238,False
2025-06-27 07:00:00,15034.391143911438,43.0,5272.82,23.31,69.4,0.3781429607103368,0.025942778939922136,0.21965287891365023,False
2025-06-27 08:00:00,16208.95295202952,43.0,5742.99,23.31,69.4,0.3033105410551312,0.030541792998738184,0.18056460442975436,False
2025-06-27 09:00:00,13155.092250922507,43.0,5908.62,23.31,69.4,0.20324739023290012,0.02685529909831343,0.12387094922233612,False
2025-06-27 10:00:00,11040.88099630996,43.0,6385.67,23.31,69.4,0.26734578913718127,0.012666609942278022,0.15274015849947484,False
2025-06-27 11:00:00,10101.231549815497,43.0,6213.33,23.31,69.4,0.18462115801480933,0.010937940814984084,0.10646371027488798,False
2025-06-27 12:00:00,9631.406826568264,43.0,5990.94,23.31,69.4,0.10544039323126309,0.016826723493351514,0.06556424184920288,False
2025-06-27 13:00:00,9866.319188191885,43.0,5857.889999999999,23.31,69.4,0.08055641227252264,0.01619738811165443,0.05159485140013195,False
2025-06-27 14:00:00,10571.056273062728,43.0,5668.12,23.31,69.4,0.07126657386538471,0.004449622205303239,0.04119894561834805,False
2025-06-27 15:00:00,11980.530442804427,43.0,5641.24,23.31,69.4,0.11601404620226796,0.007410731656424737,0.06714255465663851,False
2025-06-27 16:00:00,14799.478782287822,43.0,5624.9,23.31,69.4,0.15752137759591234,0.011682368069541545,0.09189382330904548,False
2025-06-27 17:00:00,18088.25184501845,43.0,5350.08,23.31,69.4,0.15689721412715163,0.013524970288902725,0.09237970439993963,False
2025-06-27 18:00:00,19497.72601476015,43.0,5166.889999999999,23.31,69.4,0.20162056008686896,0.017654185345789317,0.11883569145338313,False
2025-06-27 19:00:00,16678.77767527675,43.0,5294.67,23.31,69.4,0.13992126793857468,0.028727685134719832,0.08988415567684,False
2025-06-27 20:00:00,13155.092250922507,43.0,5120.0,23.31,69.4,0.09505994906230342,0.026184598103836092,0.06406604113099312,False
2025-06-27 21:00:00,10336.143911439112,43.0,4837.57,23.31,69.4,0.06108791667072988,0.015996033881741072,0.04079656941568492,False
2025-06-27 22:00:00,7517.195571955719,43.0,4610.92,23.31,69.4,0.1257066941685917,0.014206459746080018,0.07553158867846145,False
2025-06-27 23:00:00,6342.633763837638,43.0,4385.06,23.31,69.4,0.10284387955521712,0.020129866206054343,0.06562257354809388,False
2025-06-28 00:00:00,4656.044280442803,48.0,4240.860000000001,24.215,68.7,0.40921972235737514,0.02597588963997716,0.23675999763454608,False
2025-06-28 01:00:00,3809.490774907748,48.0,4326.96,24.215,68.7,0.26587890404769965,0.022272168535919172,0.15625587306739847,False
2025-06-28 02:00:00,3174.575645756457,48.0,4166.82,24.215,68.7,0.2472925915387863,0.011759612043504872,0.14130275076590965,False
2025-06-28 03:00:00,3174.575645756457,48.0,3893.54,24.215,68.7,0.2890259947332727,0.009520969975319551,0.16324873359219377,False
2025-06-28 04:00:00,4232.767527675277,48.0,4157.28,24.215,68.7,0.2889754828579967,0.01855001851560947,0.16728402390392247,False
2025-06-28 05:00:00,6772.428044280443,48.0,4146.64,24.215,68.7,0.30413210850956535,0.018256553876856766,0.17548810892484648,False
2025-06-28 06:00:00,10793.557195571955,48.0,4511.61,24.215,68.7,0.3246350076204308,0.011093650143652298,0.1835413967558805,False
2025-06-28 07:00:00,13544.856088560886,48.0,5422.459999999999,24.215,68.7,0.35149250883105576,0.026243257942000598,0.20513034593098095,False
2025-06-28 08:00:00,14603.047970479704,48.0,5885.73,24.215,68.7,0.32174337152288507,0.02540849862117311,0.18839267871711468,False
2025-06-28 09:00:00,11851.749077490773,48.0,6544.59,24.215,68.7,0.33730089062811747,0.025396116446796315,0.19694374224652297,False
2025-06-28 10:00:00,9947.0036900369,48.0,6728.91,24.215,68.7,0.33504541896147544,0.009249645854798223,0.18843732106347072,False
2025-06-28 11:00:00,9100.450184501844,48.0,6563.52,24.215,68.7,0.3031312984610803,0.005237639655893244,0.16907915199874612,False
2025-06-28 12:00:00,8677.173431734318,48.0,6434.41,24.215,68.7,0.23750863877760942,0.014947673944245763,0.1373562046025958,False
2025-06-28 13:00:00,8888.811808118082,48.0,6102.96,24.215,68.7,0.18277520102393802,0.019876535022526638,0.1094708013233029,False
2025-06-28 14:00:00,9523.726937269372,48.0,5902.63,24.215,68.7,0.16805614063154545,0.0057321880653506295,0.09501036197675779,False
2025-06-28 15:00:00,10793.557195571955,48.0,5883.29,24.215,68.7,0.13180810087939981,0.01015816718851792,0.07706563071850298,False
2025-06-28 16:00:00,13333.217712177122,48.0,5950.11,24.215,68.7,0.1745675291259316,0.010471583662158616,0.10072435366723377,False
2025-06-28 17:00:00,16296.154981549817,48.0,5736.74,24.215,68.7,0.15377947653828944,0.00521110856685262,0.08692371095114289,False
2025-06-28 18:00:00,17565.985239852398,48.0,5230.76,24.215,68.7,0.18460368257243898,0.006253657121223552,0.10434617111939205,False
2025-06-28 19:00:00,15026.32472324723,48.0,5256.0599999999995,24.215,68.7,0.08867601687444893,0.020765158556949527,0.0581161306315742,False
2025-06-28 20:00:00,11851.749077490773,48.0,5161.8099999999995,24.215,68.7,0.04300063708549218,0.012770522697285538,0.029397085610799192,False
2025-06-28 21:00:00,9312.088560885606,48.0,4923.5599999999995,24.215,68.7,0.06109046768651216,0.008660586689762974,0.03749702123797503,False
2025-06-28 22:00:00,6772.428044280443,48.0,4696.45,24.215,68.7,0.055881850835538316,0.007640804141241132,0.03417337982310459,False
2025-06-28 23:00:00,5714.236162361623,48.0,4534.24,24.215,68.7,0.08929112087611424,0.012272400112862507,0.054632696532650966,False
2025-06-29 00:00:00,6458.339483394832,44.0,4334.1,24.74,68.1,0.3717607173591148,0.02657723074809439,0.21642814838415564,False
2025-06-29 01:00:00,5284.095940959409,44.0,4428.540000000001,24.74,68.1,0.23822411907113483,0.027049462798070887,0.14319552374825606,False
2025-06-29 02:00:00,4403.413284132841,44.0,4219.95,24.74,68.1,0.24784587688958348,0.017909042511722775,0.14437430141954616,False
2025-06-29 03:00:00,4403.413284132841,44.0,4269.57,24.74,68.1,0.20013469370336112,0.023648319396743073,0.120715825265383,False
2025-06-29 04:00:00,5871.217712177122,44.0,4270.64,24.74,68.1,0.23641442870541257,0.026167493834529928,0.14180330801351537,False
2025-06-29 05:00:00,9393.948339483395,44.0,4146.68,24.74,68.1,0.2581589838071086,0.025373732217109573,0.15340562059160906,False
2025-06-29 06:00:00,14971.60516605166,44.0,4373.85,24.74,68.1,0.33698858478479854,0.026043977722066885,0.1970635116065693,False
2025-06-29 07:00:00,18787.89667896679,44.0,5145.6,24.74,68.1,0.386540515446003,0.028233539656749924,0.22530237634083913,False
2025-06-29 08:00:00,20255.701107011075,44.0,5411.360000000001,24.74,68.1,0.316027554948105,0.038217920612269196,0.19101321949697891,False
2025-06-29 09:00:00,16439.409594095938,44.0,6202.15,24.74,68.1,0.38062327048887,0.032382414853185416,0.22391488545281196,False
2025-06-29 10:00:00,13797.361623616236,44.0,6463.76,24.74,68.1,0.3005426723108075,0.01665420918629428,0.17279286390477658,False
2025-06-29 11:00:00,12623.118081180814,44.0,6406.66,24.74,68.1,0.2535515934734026,0.013407265649493117,0.14548664595264335,False
2025-06-29 12:00:00,12035.996309963102,44.0,6262.12,24.74,68.1,0.14041375287913388,0.02107591053051364,0.08671172382225478,False
2025-06-29 13:00:00,12329.55719557196,44.0,5964.2300000000005,24.74,68.1,0.07805122597564018,0.02309960697050808,0.05332299742333074,False
2025-06-29 14:00:00,13210.23985239852,44.0,5825.780000000001,24.74,68.1,0.08764444063835708,0.024243500528462768,0.05911401758890464,False
2025-06-29 15:00:00,14971.60516605166,44.0,5836.780000000001,24.74,68.1,0.11543779729897496,0.033185309651235624,0.07842417785749227,False
2025-06-29 16:00:00,18494.335793357935,44.0,5807.620000000001,24.74,68.1,0.1041802527396617,0.026051789936813067,0.06902244447837982,False
2025-06-29 17:00:00,22604.188191881916,44.0,5341.8099999999995,24.74,68.1,0.1972497733755596,0.013934791710007405,0.11475803162606113,False
2025-06-29 18:00:00,24365.55350553506,44.0,4828.490000000001,24.74,68.1,0.28350796017774466,0.011672241168914022,0.1611818866237709,False
2025-06-29 19:00:00,20842.822878228777,44.0,5121.2,24.74,68.1,0.2704756050838093,0.035834165182926835,0.16488695712841223,False
2025-06-29 20:00:00,16439.409594095938,44.0,5018.69,24.74,68.1,0.20520879303631645,0.02465635514702386,0.1239601959861348,False
2025-06-29 21:00:00,12916.678966789665,44.0,4788.37,24.74,68.1,0.19095955040614254,0.014625859121114273,0.11160938932787982,False
2025-06-29 22:00:00,9393.948339483395,44.0,4601.46,24.74,68.1,0.1724947787473406,0.011000531856187584,0.09982236764632174,False
2025-06-29 23:00:00,7926.143911439115,44.0,4473.81,24.74,68.1,0.11568588489161791,0.019041703619035896,0.07219600331895601,False
2025-06-30 00:00:00,6663.239852398523,43.0,4441.72,23.86,69.0,0.3424921226991729,0.05297417691154312,0.21220904709473953,False
2025-06-30 01:00:00,5451.741697416973,43.0,4484.52,23.86,69.0,0.187925982786388,0.035876346244026906,0.11950364634232552,False
2025-06-30 02:00:00,4543.118081180812,43.0,4396.349999999999,23.86,69.0,0.16982190442900663,0.027413877870780635,0.10573829247780493,False
2025-06-30 03:00:00,4543.118081180812,43.0,4318.47,23.86,69.0,0.2117846700490505,0.031106132103952047,0.1304793279737562,False
2025-06-30 04:00:00,6057.490774907749,43.0,4306.84,23.86,69.0,0.24117411077644219,0.033222024356648505,0.14759567188753506,False
2025-06-30 05:00:00,9691.9852398524,43.0,4326.16,23.86,69.0,0.25802507137069547,0.026826155259945045,0.1539855591208578,False
2025-06-30 06:00:00,15446.60147601476,43.0,4334.64,23.86,69.0,0.29793879678026886,0.02412417670758201,0.1747222177475598,False
2025-06-30 07:00:00,19383.9704797048,43.0,4504.84,23.86,69.0,0.4128689536779151,0.04059924132356123,0.2453475831184559,False
2025-06-30 08:00:00,20898.34317343174,43.0,4883.51,23.86,69.0,0.43577075610003524,0.03848236820125265,0.2569909815455831,False
2025-06-30 09:00:00,16960.974169741694,43.0,5715.77,23.86,69.0,0.4319688521310051,0.0286652176872953,0.25048221663133574,False
2025-06-30 10:00:00,14235.103321033212,43.0,5680.289999999999,23.86,69.0,0.2490703190288177,0.027863861685651945,0.1495274132243931,False
2025-06-30 11:00:00,13023.605166051662,43.0,5531.38,23.86,69.0,0.19057949262648577,0.02877387107015381,0.11776696292613639,False
2025-06-30 12:00:00,12417.856088560888,43.0,5287.84,23.86,69.0,0.14610719764321056,0.032482558799073115,0.09497611016334873,False
2025-06-30 13:00:00,12720.730627306277,43.0,5115.1,23.86,69.0,0.06221454612156563,0.03250482149157962,0.04884517003807193,False
2025-06-30 14:00:00,13629.354243542432,43.0,4918.799999999999,23.86,69.0,0.06468313707747164,0.03381608020273054,0.05079296148383815,False
2025-06-30 15:00:00,15446.60147601476,43.0,4562.57,23.86,69.0,0.15957390580711855,0.05114902870472641,0.1107827111110421,False
2025-06-30 16:00:00,19081.09594095941,43.0,4337.280000000001,23.86,69.0,0.22596090655769713,0.07084124921039438,0.1561570607514109,False
2025-06-30 17:00:00,23321.339483394833,43.0,4129.84,23.86,69.0,0.3564015138033674,0.08353009826911033,0.2336093768129517,False
2025-06-30 18:00:00,25138.586715867164,43.0,3846.2,23.86,69.0,0.5200642934552204,0.08317634889300661,0.32346471840222424,False
2025-06-30 19:00:00,21504.092250922506,43.0,4245.59,23.86,69.0,0.4725308761607786,0.061286975813618,0.28747112100455635,False
2025-06-30 20:00:00,16960.974169741694,43.0,4330.33,23.86,69.0,0.35601534543261176,0.04766240799475104,0.21725652358557446,False
2025-06-30 21:00:00,13326.479704797046,43.0,4182.26,23.86,69.0,0.31434689742513794,0.026004810876207814,0.1845929584781194,False
2025-06-30 22:00:00,9691.9852398524,43.0,4153.71,23.86,69.0,0.2935638448562289,0.012141442430451312,0.16692376376462897,False
2025-06-30 23:00:00,8177.612546125462,43.0,3984.49,23.86,69.0,0.23416923414397584,0.023597428683009104,0.13941192168654082,False
2025-07-01 00:00:00,7094.81734317343,43.002684563758386,3908.1,23.5,69.00644295302014,0.5101671955103745,0.0475178422761967,0.3019749865549945,False
2025-07-01 01:00:00,5804.850553505534,43.00536912751678,3958.4,23.5,69.01288590604027,0.34268481771392906,0.02461668726354302,0.19955415901125534,False
2025-07-01 02:00:00,4837.375461254612,43.008053691275165,3812.2,23.5,69.01932885906041,0.32803640687671,0.0184577643762816,0.18872601775151723,False
2025-07-01 03:00:00,4837.375461254612,43.01073825503356,3792.5,23.5,69.02577181208054,0.3082311183388797,0.025851212101683934,0.1811601605321416,False
2025-07-01 04:00:00,6449.833948339483,43.013422818791945,3760.9,23.5,69.03221476510068,0.35659959860822876,0.026949181015525316,0.20825691069151225,False
2025-07-01 05:00:00,10319.734317343173,43.01610738255034,4011.2,23.5,69.0386577181208,0.5033382207799731,0.03259526616310545,0.29150389120238274,False
2025-07-01 06:00:00,16447.076568265682,43.01879194630872,4229.5,23.5,69.04510067114094,0.5642294170895468,0.027295163193464565,0.3226090028363098,False
2025-07-01 07:00:00,20639.468634686345,43.02147651006712,5161.400000000001,23.5,69.05154362416107,0.5559005551836091,0.037329852783332194,0.32254373910348455,False
2025-07-01 08:00:00,22251.927121771216,43.0241610738255,5610.900000000001,23.5,69.05798657718121,0.5801264737850602,0.031552013198067455,0.3332679665209135,False
2025-07-01 09:00:00,18059.535055350552,43.02684563758389,6447.299999999999,23.5,69.06442953020134,0.7043722658905899,0.046257315647143346,0.408220538281039,False
2025-07-01 10:00:00,15157.109778597784,43.02953020134228,6585.0,23.5,69.07087248322148,0.5881943633428054,0.020098252124563114,0.33255111329459636,False
2025-07-01 11:00:00,13867.142988929889,43.03221476510067,6539.4,23.5,69.0773154362416,0.5016337314575834,0.013617379316312628,0.28202637299401156,False
2025-07-01 12:00:00,13222.15959409594,43.03489932885906,6357.5,23.5,69.08375838926175,0.41970904661145725,0.015187118150944,0.2376741788042263,False
2025-07-01 13:00:00,13544.651291512915,43.03758389261745,6008.9,23.5,69.09020134228187,0.2931682671864585,0.017766700745605803,0.1692375622880748,False
2025-07-01 14:00:00,14512.126383763834,43.04026845637584,5851.8,23.5,69.09664429530201,0.3160704618151301,0.01563911403361548,0.18087635531344853,False
2025-07-01 15:00:00,16447.076568265682,43.04295302013423,5845.9,23.5,69.10308724832215,0.35018716459006616,0.026816269037332596,0.20467026159133608,False
2025-07-01 16:00:00,20316.97693726937,43.04563758389262,5763.4,23.5,69.10953020134228,0.33147370634336554,0.024516876769643647,0.1933431330351907,False
2025-07-01 17:00:00,24831.86070110701,43.04832214765101,5398.6,23.5,69.11597315436242,0.49919715876506354,0.023534710219709223,0.2851490569196541,False
2025-07-01 18:00:00,26766.81088560886,43.05100671140939,5075.5,23.5,69.12241610738255,0.6383192637418733,0.019611496395780467,0.3599007684361316,False
2025-07-01 19:00:00,22896.910516605163,43.053691275167786,5078.4,23.5,69.12885906040269,0.5451765275165869,0.0281718044382547,0.3125244021313374,False
2025-07-01 20:00:00,18059.535055350552,43.05637583892617,4867.1,23.5,69.13530201342282,0.43330634562806625,0.024644112219858207,0.24940834059437264,False
2025-07-01 21:00:00,14189.63468634686,43.059060402684565,4687.2,23.5,69.14174496644296,0.38941026024675607,0.014133288506924017,0.22053562296383167,False
2025-07-01 22:00:00,10319.734317343173,43.06174496644295,4510.4,23.5,69.14818791946308,0.36083352073516056,0.007775263747408835,0.2019573050906723,False
2025-07-01 23:00:00,8707.275830258302,43.064429530201345,4270.5,23.5,69.15463087248322,0.3028611515667567,0.016838527595887998,0.17415097077986577,False
2025-07-02 00:00:00,5793.4686346863455,43.06711409395973,4084.83,24.5,69.16107382550335,0.3872194125357102,0.04590732159945899,0.23362897161439716,False
2025-07-02 01:00:00,4740.11070110701,43.06979865771813,4139.280000000001,24.5,69.16751677852349,0.19309946425211044,0.015768952759765184,0.11330073408055508,False
2025-07-02 02:00:00,3950.092250922509,43.07248322147651,3984.11,24.5,69.17395973154362,0.19362045378438736,0.010919374137588537,0.1114049679433279,False
2025-07-02 03:00:00,3950.092250922509,43.075167785234896,3977.0,24.5,69.18040268456376,0.23477245078290726,0.015558065917152752,0.13612597759331774,False
2025-07-02 04:00:00,5266.789667896679,43.07785234899329,3921.14,24.5,69.18684563758389,0.2935416789670535,0.020199609394663517,0.17053774765947802,False
2025-07-02 05:00:00,8426.863468634687,43.08053691275168,3955.72,24.5,69.19328859060403,0.3027464412236835,0.019914960166157316,0.17547227474779672,False
2025-07-02 06:00:00,13430.313653136527,43.08322147651007,4341.94,24.5,69.19973154362417,0.4493365425108751,0.005672811817432737,0.24968786369882606,False
2025-07-02 07:00:00,16853.726937269374,43.085906040268455,5414.2300000000005,24.5,69.2061744966443,0.44748765762248377,0.02825118876249721,0.25883124663548984,False
2025-07-02 08:00:00,18170.424354243543,43.08859060402685,5573.45,24.5,69.21261744966444,0.38845545336863724,0.04982713825325728,0.23607271156671628,False
2025-07-02 09:00:00,14747.0110701107,43.091275167785234,5907.299999999999,24.5,69.21906040268456,0.3500665223120049,0.02935845082760517,0.20574789014402506,False
2025-07-02 10:00:00,12376.955719557194,43.09395973154363,6382.6,24.5,69.2255033557047,0.382727550336711,0.01624210188991034,0.21780909853565072,False
2025-07-02 11:00:00,11323.59778597786,43.09664429530201,6325.34,24.5,69.23194630872483,0.2691237673391114,0.009209971396046207,0.1521625591647321,False
2025-07-02 12:00:00,10796.918819188191,43.0993288590604,6231.65,24.5,69.23838926174497,0.1789931112910586,0.014082345416836551,0.10478326664765869,False
2025-07-02 13:00:00,11060.258302583026,43.10201342281879,5987.14,24.5,69.2448322147651,0.14417104879784065,0.01208784503691546,0.08473360710542431,False
2025-07-02 14:00:00,11850.276752767526,43.10469798657718,5779.33,24.5,69.25127516778524,0.16763265622352713,0.0064266141267313405,0.09508993727996903,False
2025-07-02 15:00:00,13430.313653136527,43.10738255033557,5720.22,24.5,69.25771812080536,0.1658920496528225,0.008780248164257948,0.09519173898296847,False
2025-07-02 16:00:00,16590.387453874537,43.11006711409396,5747.46,24.5,69.2641610738255,0.2240507881431486,0.010912663780982674,0.12813863218017396,False
2025-07-02 17:00:00,20277.140221402213,43.11275167785235,5502.42,24.5,69.27060402684563,0.24571793587306756,0.012803242795078475,0.14090632398797248,False
2025-07-02 18:00:00,21857.17712177122,43.11543624161074,5112.12,24.5,69.27704697986577,0.303657139071212,0.01542906501034949,0.17395450574382387,False
2025-07-02 19:00:00,18697.10332103321,43.11812080536913,5244.33,24.5,69.2834899328859,0.23238819124757282,0.028198716706582912,0.14050292770412737,False
2025-07-02 20:00:00,14747.0110701107,43.12080536912752,5105.77,24.5,69.28993288590604,0.1335979166084224,0.022381528071975014,0.08355054176702109,False
2025-07-02 21:00:00,11586.937269372693,43.1234899328859,4879.64,24.5,69.29637583892618,0.08315388320601291,0.01003289110959615,0.050249436762625374,False
2025-07-02 22:00:00,8426.863468634687,43.126174496644296,4788.360000000001,24.5,69.30281879194631,0.07071845928058718,0.005346128493178591,0.041300910426253314,False
2025-07-02 23:00:00,7110.166051660516,43.12885906040268,4558.66,24.5,69.30926174496645,0.08476315552822133,0.012095342396223115,0.05206263961882214,False
2025-07-03 00:00:00,5355.274907749076,43.131543624161075,4370.67,24.3,69.31570469798658,0.1546782121035064,0.03895991557195079,0.10260497866430639,False
2025-07-03 01:00:00,4381.588560885608,43.13422818791946,4428.94,24.3,69.32214765100672,0.07972688678778439,0.018381148213527723,0.052121304429368895,False
2025-07-03 02:00:00,3651.323800738007,43.136912751677855,4393.29,24.3,69.32859060402684,0.0905652524271704,0.009809748505779054,0.0542252756625443,False
2025-07-03 03:00:00,3651.323800738007,43.13959731543624,4361.8,24.3,69.33503355704698,0.17433268838470234,0.012577465708565556,0.10154283818044078,False
2025-07-03 04:00:00,4868.431734317343,43.142281879194634,4287.25,24.3,69.34147651006711,0.21280457861747681,0.015503437452900268,0.12401906509341738,False
2025-07-03 05:00:00,7789.490774907749,43.14496644295302,4362.37,24.3,69.34791946308725,0.24630983329735812,0.022157838659534624,0.14544143571033757,False
2025-07-03 06:00:00,12414.500922509224,43.147651006711406,4496.849999999999,24.3,69.35436241610738,0.29818181386041415,0.01804454517282442,0.17212004295099878,False
2025-07-03 07:00:00,15578.9815498155,43.1503355704698,5415.8,24.3,69.36080536912752,0.39977393037024994,0.023770616409961715,0.23057243908812025,False
2025-07-03 08:00:00,16796.089483394833,43.153020134228186,5727.39,24.3,69.36724832214765,0.3236209810747005,0.02276810010273085,0.18823718463731418,False
2025-07-03 09:00:00,13631.60885608856,43.15570469798658,6369.049999999999,24.3,69.37369127516779,0.2816059943846632,0.016835712266052523,0.16245936743128842,False
2025-07-03 10:00:00,11440.814575645756,43.158389261744965,6661.96,24.3,69.38013422818791,0.3122288233134946,0.006576089726773915,0.17468509319947031,False
2025-07-03 11:00:00,10467.128228782289,43.16107382550336,6545.4,24.3,69.38657718120805,0.2399991013485036,0.004341906607778911,0.1339533637151775,False
2025-07-03 12:00:00,9980.285055350554,43.163758389261744,6526.41,24.3,69.3930201342282,0.22608469435400158,0.010915890902042542,0.12925873280062003,False
2025-07-03 13:00:00,10223.70664206642,43.16644295302014,6210.11,24.3,69.39946308724832,0.1782340337885756,0.012985666525633974,0.10387226852025187,False
2025-07-03 14:00:00,10953.97140221402,43.16912751677853,6103.23,24.3,69.40590604026846,0.13491056532980905,0.007184706531279996,0.07743392887047099,False
2025-07-03 15:00:00,12414.500922509224,43.17181208053691,5894.15,24.3,69.41234899328859,0.1894841674670324,0.008935536722051836,0.10823728363179115,False
2025-07-03 16:00:00,15335.55996309963,43.1744966442953,5744.099999999999,24.3,69.41879194630873,0.1767640784478658,0.006530522512756014,0.10015897827706641,False
2025-07-03 17:00:00,18743.46217712177,43.17718120805369,5218.33,24.3,69.42523489932886,0.24756794822899286,0.01929244016888296,0.14484396960194343,False
2025-07-03 18:00:00,20203.991697416976,43.17986577181208,4795.14,24.3,69.431677852349,0.2345735823921794,0.01690616759109554,0.13662324573169168,False
2025-07-03 19:00:00,17282.932656826564,43.18255033557047,4972.99,24.3,69.43812080536912,0.15342201126177735,0.018499468126210263,0.09270686685077216,False
2025-07-03 20:00:00,13631.60885608856,43.18523489932886,4876.96,24.3,69.44456375838926,0.13267047063833282,0.007528000634575764,0.07635635913664215,False
2025-07-03 21:00:00,10710.549815498152,43.18791946308725,4705.18,24.3,69.45100671140939,0.08318507725725566,0.005460888872102256,0.04820919248393663,False
2025-07-03 22:00:00,7789.490774907749,43.19060402684564,4509.02,24.3,69.45744966442953,0.12035286112375859,0.007811518955982842,0.06970925714825951,False
2025-07-03 23:00:00,6572.382841328413,43.19328859060403,4319.98,24.3,69.46389261744966,0.1072182502287411,0.01258983381547931,0.0646354628427733,False
2025-07-04 00:00:00,3658.047970479704,43.19597315436241,4048.74,24.3,69.4703355704698,0.15381298131786214,0.016599440367840584,0.09206688789035244,False
2025-07-04 01:00:00,2992.948339483394,43.198657718120806,4135.38,24.3,69.47677852348993,0.15504685140558622,0.0038822272710771063,0.08702277054505712,False
2025-07-04 02:00:00,2494.123616236162,43.20134228187919,4040.56,24.3,69.48322147651007,0.17294856266047326,0.0011141399917576423,0.09562307245955125,False
2025-07-04 03:00:00,2494.123616236162,43.204026845637586,3831.12,24.3,69.4896644295302,0.24385333013570631,0.005899135921211715,0.13677394273918375,False
2025-07-04 04:00:00,3325.4981549815498,43.20671140939597,3955.11,24.3,69.49610738255033,0.22344179065640885,0.0078050122190141185,0.12640524035958123,False
2025-07-04 05:00:00,5320.79704797048,43.209395973154365,3969.55,24.3,69.50255033557048,0.28391737922357396,0.017252568675907267,0.16391821447712396,False
2025-07-04 06:00:00,8480.02029520295,43.21208053691275,4282.9,24.3,69.5089932885906,0.3127919713849774,0.008433284011108037,0.1758305620667362,False
2025-07-04 07:00:00,10641.59409594096,43.214765100671144,5306.29,24.3,69.51543624161074,0.40451522514017024,0.01869002370138898,0.2308938844927187,False
2025-07-04 08:00:00,11472.968634686347,43.21744966442953,5344.83,24.3,69.52187919463087,0.3316340968808849,0.046011473023518136,0.20310391614506987,False
2025-07-04 09:00:00,9311.394833948338,43.22013422818792,5842.01,24.3,69.52832214765101,0.3087604813537922,0.017392659549372524,0.17764496154180337,False
2025-07-04 10:00:00,7814.920664206641,43.22281879194631,6039.96,24.3,69.53476510067114,0.29339750431256195,0.008974027791845984,0.16540693987823976,False
2025-07-04 11:00:00,7149.821033210332,43.225503355704696,5853.19,24.3,69.54120805369128,0.2682001619178083,0.013295149531059782,0.1534929063437715,False
2025-07-04 12:00:00,6817.2712177121775,43.22818791946309,6009.709999999999,24.3,69.5476510067114,0.24766260102689736,0.02270409690213513,0.14643127417075436,False
2025-07-04 13:00:00,6983.546125461255,43.230872483221475,5774.03,24.3,69.55409395973155,0.18220563476547463,0.016381602076177972,0.10758482005529114,False
2025-07-04 14:00:00,7482.370848708486,43.23355704697987,5747.820000000001,24.3,69.56053691275167,0.17726644026982563,0.011963884256825295,0.10288029006397548,False
2025-07-04 15:00:00,8480.02029520295,43.236241610738254,5751.81,24.3,69.56697986577181,0.20815415254301645,0.011466610170653029,0.11964475847545292,False
2025-07-04 16:00:00,10475.31918819188,43.23892617449665,5580.990000000001,24.3,69.57342281879194,0.2390925078196724,0.007217534293410444,0.13474876973285452,False
2025-07-04 17:00:00,12803.167896678966,43.241610738255034,5257.05,24.3,69.57986577181208,0.23389844722954134,0.007398877896524458,0.13197364102968373,False
2025-07-04 18:00:00,13800.817343173432,43.24429530201342,5106.97,24.3,69.58630872483221,0.2619354234689468,0.01810836120417416,0.15221324544979914,False
2025-07-04 19:00:00,11805.5184501845,43.24697986577181,5144.4,24.3,69.59275167785235,0.15505861414774008,0.01773627611901803,0.09326356203481517,False
2025-07-04 20:00:00,9311.394833948338,43.2496644295302,5056.56,24.3,69.59919463087249,0.1415865985090225,0.013618557335506851,0.08400097998094046,False
2025-07-04 21:00:00,7316.095940959408,43.25234899328859,4862.79,24.3,69.60563758389262,0.1576515255127841,0.009486520369637923,0.09097727319836833,False
2025-07-04 22:00:00,5320.79704797048,43.25503355704698,4673.43,24.3,69.61208053691276,0.20276821257491978,0.005329262588014407,0.11392068508081238,False
2025-07-04 23:00:00,4489.422509225092,43.25771812080537,4394.9,24.3,69.61852348993288,0.19605473973250453,0.004826322543058671,0.1100019519972539,False
2025-07-05 00:00:00,5086.850553505534,43.26040268456376,4214.8,24.4,69.62496644295302,0.30367534480802927,0.025124295420045854,0.17832737258343673,False
2025-07-05 01:00:00,4161.968634686346,43.26308724832215,4272.6,24.4,69.63140939597315,0.2680549038704478,0.01670091506404342,0.15494560890756584,False
2025-07-05 02:00:00,3468.307195571955,43.26577181208054,4046.4,24.4,69.63785234899329,0.31632493321192284,0.013974238568328995,0.18026712062230563,False
2025-07-05 03:00:00,3468.307195571955,43.26845637583892,3943.9,24.4,69.64429530201342,0.31561342766808753,0.015955326885070988,0.1807672823157301,False
2025-07-05 04:00:00,4624.4095940959405,43.27114093959731,4129.2,24.4,69.65073825503356,0.3396243564958222,0.02047568635761856,0.19600745493363056,False
2025-07-05 05:00:00,7399.055350553505,43.2738255033557,4143.5,24.4,69.65718120805369,0.30284590868212985,0.013745686166985401,0.17275080855031485,False
2025-07-05 06:00:00,11792.244464944648,43.276510067114096,4558.3,24.4,69.66362416107383,0.41136601520612703,0.010000040985499063,0.23075132680684446,False
2025-07-05 07:00:00,14798.11070110701,43.27919463087248,5479.2,24.4,69.67006711409395,0.47944895300179036,0.026427488587611982,0.2755892940154101,False
2025-07-05 08:00:00,15954.213099630995,43.281879194630875,5667.5,24.4,69.6765100671141,0.3809572152868635,0.01774360907654899,0.217511092492222,False
2025-07-05 09:00:00,12948.346863468632,43.28456375838926,6458.3,24.4,69.68295302013422,0.39526509775368657,0.03208136965994384,0.23183242011150237,False
2025-07-05 10:00:00,10867.36254612546,43.287248322147654,6651.7,24.4,69.68939597315436,0.3916056179191775,0.007353310032828024,0.21869207937032023,False
2025-07-05 11:00:00,9942.480627306271,43.28993288590604,6709.700000000001,24.4,69.6958389261745,0.3873650534998633,0.003855617363029637,0.21478580723828816,False
2025-07-05 12:00:00,9480.03966789668,43.29261744966443,6408.3,24.4,69.70228187919463,0.295202042136176,0.012916446263996944,0.16817352399369545,False
2025-07-05 13:00:00,9711.260147601475,43.29530201342282,6145.1,24.4,69.70872483221477,0.267003332602921,0.014207481744458766,0.153245199716613,False
2025-07-05 14:00:00,10404.921586715864,43.297986577181206,5986.2,24.4,69.7151677852349,0.24159786749351003,0.01625145775141402,0.14019198310956685,False
2025-07-05 15:00:00,11792.244464944648,43.3006711409396,5784.2,24.4,69.72161073825504,0.2567908445607678,0.024198282658719678,0.15212419170484615,False
2025-07-05 16:00:00,14566.890221402213,43.303355704697985,5680.9,24.4,69.72805369127516,0.2294027177102546,0.017087501178473897,0.1338608702709533,False
2025-07-05 17:00:00,17803.97693726937,43.30604026845638,5315.8,24.4,69.7344966442953,0.2667162519353914,0.010916805320688075,0.1516065009587749,False
2025-07-05 18:00:00,19191.29981549815,43.30872483221477,5002.1,24.4,69.74093959731543,0.19423051232493377,0.014873078453319175,0.1135196670827072,False
2025-07-05 19:00:00,16416.654059040586,43.31140939597316,5154.8,24.4,69.74738255033557,0.11737483993971726,0.02841802976835187,0.07734427536260284,False
2025-07-05 20:00:00,12948.346863468632,43.314093959731544,4953.4,24.4,69.7538255033557,0.11643034615554304,0.018767050273143904,0.07248186300846345,False
2025-07-05 21:00:00,10173.701107011068,43.31677852348993,4717.7,24.4,69.76026845637584,0.10411338166622341,0.011580088498566683,0.06247339974077789,False
2025-07-05 22:00:00,7399.055350553505,43.31946308724832,4576.0,24.4,69.76671140939597,0.10936261529571356,0.0057311381273699976,0.06272845056995896,False
2025-07-05 23:00:00,6242.95295202952,43.32214765100671,4307.8,24.4,69.77315436241611,0.11234633657219506,0.008135630676707098,0.06545151891922549,False
2025-07-06 00:00:00,5389.5332103321025,43.3248322147651,4103.2,24.0,69.77959731543623,0.1353636383593661,0.037618897095498406,0.09137850479062565,False
2025-07-06 01:00:00,4409.618081180811,43.32751677852349,4125.29,24.0,69.78604026845638,0.08857082591686449,0.012661400782326814,0.05441158460632254,False
2025-07-06 02:00:00,3674.681734317343,43.33020134228188,3982.95,24.0,69.79248322147652,0.12482186845667798,0.005369491052038524,0.07106829862459023,False
2025-07-06 03:00:00,3674.681734317343,43.33288590604027,3947.84,24.0,69.79892617449664,0.18417741909382934,0.006638523788365725,0.10428491620637072,False
2025-07-06 04:00:00,4899.575645756458,43.33557046979866,3998.37,24.0,69.80536912751678,0.18461996892033056,0.011304910159388483,0.10662819247790663,False
2025-07-06 05:00:00,7839.321033210333,43.33825503355705,4016.1,24.0,69.81181208053691,0.1994575544101806,0.015949384144884362,0.1168788777907973,False
2025-07-06 06:00:00,12493.917896678968,43.34093959731543,4169.93,24.0,69.81825503355705,0.2793461557103155,0.014675788457670234,0.16024449044662514,False
2025-07-06 07:00:00,15678.642066420663,43.343624161073826,4672.58,24.0,69.82469798657718,0.3370482025103864,0.020954118148791983,0.19480586454766893,False
2025-07-06 08:00:00,16903.53597785978,43.34630872483221,5001.629999999999,24.0,69.83114093959732,0.31523266525868215,0.022971003094814712,0.18371491728494183,False
2025-07-06 09:00:00,13718.81180811808,43.348993288590606,5529.679999999999,24.0,69.83758389261745,0.2537872262891249,0.015457641617564008,0.14653891318692253,False
2025-07-06 10:00:00,11514.002767527676,43.35167785234899,5966.28,24.0,69.84402684563759,0.24168072514891026,0.008878165034642112,0.13691957309748962,False
2025-07-06 11:00:00,10534.087638376384,43.354362416107385,5949.28,24.0,69.85046979865771,0.19944669007441546,0.008145079145818697,0.11336096515654692,False
2025-07-06 12:00:00,10044.13007380074,43.35704697986577,5919.52,24.0,69.85691275167785,0.15150102728596626,0.008264184582481182,0.08704444806939797,False
2025-07-06 13:00:00,10289.108856088564,43.35973154362416,5565.38,24.0,69.86335570469798,0.10123671053045069,0.012846088174557048,0.06146093047029856,False
2025-07-06 14:00:00,11024.045202952027,43.36241610738255,5480.92,24.0,69.86979865771812,0.06469847687645514,0.009431009383223016,0.03982811650450069,False
2025-07-06 15:00:00,12493.917896678968,43.36510067114094,5319.780000000001,24.0,69.87624161073825,0.10134217009232638,0.01250813764620477,0.061366855491571656,False
2025-07-06 16:00:00,15433.663284132845,43.36778523489933,5370.01,24.0,69.88268456375839,0.15508061877341817,0.011880915687016595,0.09064075238453746,False
2025-07-06 17:00:00,18863.36623616236,43.37046979865771,4645.95,24.0,69.88912751677853,0.22662072848733134,0.020164947259346026,0.13371562693473796,False
2025-07-06 18:00:00,20333.238929889303,43.37315436241611,4834.2300000000005,24.0,69.89557046979866,0.16047840863028318,0.02791359363368479,0.10082424188181391,False
2025-07-06 19:00:00,17393.493542435423,43.375838926174495,4769.42,24.0,69.9020134228188,0.14278832359057897,0.013607247774719992,0.08465683947344244,False
2025-07-06 20:00:00,13718.81180811808,43.37852348993289,4705.67,24.0,69.90845637583892,0.15427695344104897,0.012863418515790474,0.09064086272468265,False
2025-07-06 21:00:00,10779.066420664203,43.381208053691275,4543.4800000000005,24.0,69.91489932885906,0.07097210601613801,0.0032022616558486086,0.040475676054007786,False
2025-07-06 22:00:00,7839.321033210333,43.38389261744967,4333.79,24.0,69.92134228187919,0.09530984173900381,0.0035585000831547973,0.054021737993871756,False
2025-07-06 23:00:00,6614.4271217712185,43.386577181208054,4181.35,24.0,69.92778523489933,0.055512808640031275,0.00687314858930355,0.033624961617203804,False
2025-07-07 00:00:00,4461.230627306272,43.38926174496644,3932.97,23.5,69.93422818791946,0.1877317339869023,0.037204831689936886,0.11999462795326787,False
2025-07-07 01:00:00,3650.097785977859,43.39194630872483,3996.79,23.5,69.9406711409396,0.12775828603395284,0.016340023405851088,0.07762006785130705,False
2025-07-07 02:00:00,3041.7481549815498,43.39463087248322,3900.31,23.5,69.94711409395973,0.13566096754078383,0.00539734938000764,0.07704233936843455,False
2025-07-07 03:00:00,3041.7481549815498,43.39731543624161,3924.83,23.5,69.95355704697987,0.180352009870692,0.00770110406620816,0.10265910225867428,False
2025-07-07 04:00:00,4055.6642066420663,43.4,3915.77,23.5,69.96,0.219829264988955,0.009382377289686928,0.12512816552428438,False
2025-07-07 05:00:00,6489.062730627307,43.40268456375839,3967.15,23.5,69.96644295302013,0.2636685690006026,0.02145278599755698,0.1546714666492321,False
2025-07-07 06:00:00,10341.94372693727,43.40536912751678,3900.88,23.5,69.97288590604026,0.2244418656283516,0.008310731312728012,0.127182855186321,False
2025-07-07 07:00:00,12978.125461254614,43.40805369127517,4135.49,23.5,69.9793288590604,0.3262489352112657,0.013381477042644991,0.18545857903538637,False
2025-07-07 08:00:00,13992.041512915132,43.41073825503356,4537.04,23.5,69.98577181208054,0.31335780654715084,0.010927894032931682,0.17726434591575221,False
2025-07-07 09:00:00,11355.859778597784,43.41342281879194,4948.56,23.5,69.99221476510067,0.2712941856234447,0.012781981279963536,0.15496369366887822,False
2025-07-07 10:00:00,9530.810885608857,43.41610738255034,5420.26,23.5,69.99865771812081,0.26568176516679004,0.007714766221477096,0.14959661564139923,False
2025-07-07 11:00:00,8719.678044280443,43.41879194630872,5327.01,23.5,70.00510067114094,0.22831198051934848,0.008072878901918427,0.12920438479150495,False
2025-07-07 12:00:00,8314.111623616238,43.42147651006712,5319.81,23.5,70.01154362416108,0.1702744239506388,0.00870410247937434,0.0975677792885698,False
2025-07-07 13:00:00,8516.894833948341,43.4241610738255,5225.320000000001,23.5,70.0179865771812,0.09470205499121542,0.008294161980396932,0.055818503136347106,False
2025-07-07 14:00:00,9125.244464944648,43.426845637583895,5064.530000000001,23.5,70.02442953020135,0.10326886445121697,0.004085286336413166,0.05863625429955526,False
2025-07-07 15:00:00,10341.94372693727,43.42953020134228,4749.160000000001,23.5,70.03087248322147,0.11514936877184456,0.010766306610557615,0.06817699079926544,False
2025-07-07 16:00:00,12775.34225092251,43.432214765100674,4493.21,23.5,70.03731543624161,0.16287213123070504,0.01085223691188333,0.09446317878723529,False
2025-07-07 17:00:00,15614.307195571955,43.43489932885906,3935.37,23.5,70.04375838926174,0.3027341041999811,0.04415643636461864,0.186374153674068,False
2025-07-07 18:00:00,16831.00645756458,43.43758389261745,3815.46,23.5,70.05020134228188,0.29506819560048975,0.07870644927636013,0.19770540975463144,False
2025-07-07 19:00:00,14397.607933579333,43.44026845637584,4191.48,23.5,70.05664429530201,0.2245913445431426,0.048928106089936335,0.14554288723919978,False
2025-07-07 20:00:00,11355.859778597784,43.442953020134226,4095.29,23.5,70.06308724832215,0.18994478234152773,0.024084033899279024,0.11530744554251582,False
2025-07-07 21:00:00,8922.461254612545,43.44563758389262,4036.69,23.5,70.06953020134227,0.16772281078321344,0.018038821856247014,0.10036501576607855,False
2025-07-07 22:00:00,6489.062730627307,43.448322147651005,3871.329999999999,23.5,70.07597315436242,0.1754079915438742,0.005334881532159603,0.09887509203860265,False
2025-07-07 23:00:00,5475.14667896679,43.4510067114094,3722.14,23.5,70.08241610738256,0.14541855209153104,0.008445761188958414,0.08378079618537336,False
2025-07-08 00:00:00,7729.042435424352,43.453691275167785,3623.4,22.7,70.08885906040268,0.21353914312385747,0.04903350992552741,0.13951160818460895,False
2025-07-08 01:00:00,6323.761992619925,43.45637583892618,3779.6,22.7,70.09530201342282,0.24098364073062384,0.02091079310990893,0.14195085930130216,False
2025-07-08 02:00:00,5269.801660516605,43.45906040268456,3668.6,22.7,70.10174496644295,0.27857325417186946,0.017504270148291493,0.1610922113612594,False
2025-07-08 03:00:00,5269.801660516605,43.46174496644295,3539.5,22.7,70.10818791946309,0.31502301274533734,0.01946290710205217,0.182020965205859,False
2025-07-08 04:00:00,7026.4022140221405,43.46442953020134,3601.7,22.7,70.11463087248322,0.33658494723747684,0.029333271189585012,0.19832169301592553,False
2025-07-08 05:00:00,11242.243542435424,43.46711409395973,3792.9,22.7,70.12107382550336,0.4059899589667144,0.034437015671035485,0.2387911344836589,False
2025-07-08 06:00:00,17917.325645756457,43.46979865771812,4071.0,22.7,70.12751677852349,0.5952828191293682,0.04098019372539588,0.3458466376975807,False
2025-07-08 07:00:00,22484.48708487085,43.47248322147651,5095.2,22.7,70.13395973154363,0.6863804767366359,0.05003314534142677,0.40002417760879183,False
2025-07-08 08:00:00,24241.087638376383,43.4751677852349,5532.5,22.7,70.14040268456375,0.6542708032001444,0.03495637522132115,0.375579310609674,False
2025-07-08 09:00:00,19673.92619926199,43.47785234899329,5973.7,22.7,70.1468456375839,0.696613635611502,0.03841851082524762,0.40042582945768757,False
2025-07-08 10:00:00,16512.045202952027,43.48053691275168,6358.2,22.7,70.15328859060402,0.6444037039392342,0.028318066054640278,0.36716516689116696,False
2025-07-08 11:00:00,15106.7647601476,43.48322147651007,6309.5,22.7,70.15973154362416,0.5140719514244122,0.016196733746322516,0.2900281034692719,False
2025-07-08 12:00:00,14404.124538745387,43.48590604026845,6117.3,22.7,70.16617449664429,0.39625002001020626,0.019988547032469977,0.22693235717022495,False
2025-07-08 13:00:00,14755.444649446496,43.48859060402685,6110.5,22.7,70.17261744966443,0.3374548473803116,0.030406374917228658,0.1992830347719243,False
2025-07-08 14:00:00,15809.404981549813,43.49127516778523,5615.7,22.7,70.17906040268457,0.3369920998130931,0.03429666764598676,0.20077915533789525,False
2025-07-08 15:00:00,17917.325645756457,43.493959731543626,5615.4,22.7,70.1855033557047,0.26881265944633964,0.037194588711082235,0.16458452761547382,False
2025-07-08 16:00:00,22133.16697416974,43.49664429530201,5449.0,22.7,70.19194630872484,0.30115850101418423,0.02687495539117694,0.17773090548383094,False
2025-07-08 17:00:00,27051.648523985237,43.499328859060405,5019.799999999999,22.7,70.19838926174496,0.5823316873314853,0.029568534120996668,0.3335882683867654,False
2025-07-08 18:00:00,27554.309963099622,43.50201342281879,4618.0,22.7,70.2048322147651,0.6874773278317453,0.03093199229913692,0.39203192684207155,False
2025-07-08 19:00:00,24943.72785977859,43.504697986577185,4737.8,22.7,70.21127516778523,0.7062713284372347,0.04898375904489814,0.4104919222106833,False
2025-07-08 20:00:00,19673.92619926199,43.50738255033557,4683.1,22.7,70.21771812080537,0.6258421713206336,0.053841328121911676,0.36844179188120874,False
2025-07-08 21:00:00,15458.084870848705,43.51006711409396,4550.0,22.7,70.2241610738255,0.5230044568845501,0.03161329941223771,0.30187843602200953,False
2025-07-08 22:00:00,11242.243542435424,43.51275167785235,4241.0,22.7,70.23060402684564,0.5107816381689628,0.02087645106220359,0.2903243039709212,False
2025-07-08 23:00:00,9485.642988929889,43.515436241610736,3983.5,22.7,70.23704697986577,0.454519176695804,0.02011283322937142,0.2590363221359094,False
2025-07-09 00:00:00,6088.763837638375,43.51812080536913,3780.46,22.8,70.24348993288591,0.49777671466790735,0.05166032300797328,0.297024338420937,False
2025-07-09 01:00:00,4981.71586715867,43.520805369127515,3834.66,22.8,70.24993288590603,0.41226769764569793,0.020653307476608394,0.23604122206960768,False
2025-07-09 02:00:00,4151.429889298893,43.52348993288591,3676.84,22.8,70.25637583892617,0.3413771497861153,0.013294600212115447,0.19374000247781537,False
2025-07-09 03:00:00,4151.429889298893,43.526174496644295,3640.46,22.8,70.2628187919463,0.39733828882181693,0.016470238936722673,0.22594766637352454,False
2025-07-09 04:00:00,5535.239852398524,43.52885906040269,3712.42,22.8,70.26926174496644,0.46748683071493635,0.021145410640497294,0.26663319168143884,False
2025-07-09 05:00:00,8856.383763837639,43.531543624161074,3799.98,22.8,70.27570469798658,0.4866372281890783,0.022036076412818004,0.2775667098897612,False
2025-07-09 06:00:00,14114.861623616234,43.53422818791946,4188.9400000000005,22.8,70.28214765100671,0.6129304476483463,0.006711474869312611,0.34013190989778114,False
2025-07-09 07:00:00,17712.767527675278,43.53691275167785,5138.88,22.8,70.28859060402685,0.5832565446056458,0.030438047459147927,0.33448822088972174,False
2025-07-09 08:00:00,19096.577490774907,43.53959731543624,5554.73,22.8,70.29503355704698,0.5109338949583465,0.04269332084136974,0.300225636605707,False
2025-07-09 09:00:00,15498.671586715864,43.54228187919463,5762.6900000000005,22.8,70.30147651006712,0.44052765350724993,0.039988612792631606,0.2602850851856717,False
2025-07-09 10:00:00,13007.81365313653,43.54496644295302,6029.9,22.8,70.30791946308725,0.41553901290598055,0.018049637619105573,0.23666879402688684,False
2025-07-09 11:00:00,11900.765682656824,43.54765100671141,5998.61,22.8,70.31436241610739,0.3165768566203195,0.01372622021116525,0.1802940702362001,False
2025-07-09 12:00:00,11347.241697416974,43.5503355704698,5880.16,22.8,70.32080536912751,0.23446757503807714,0.021270971516950232,0.13852910345357006,False
2025-07-09 13:00:00,11624.0036900369,43.55302013422819,5674.43,22.8,70.32724832214765,0.18935832688137344,0.020982314512048,0.11358912131517701,False
2025-07-09 14:00:00,12454.289667896675,43.55570469798658,5415.52,22.8,70.33369127516778,0.17801223156147822,0.010514872710390998,0.10263842007848899,False
2025-07-09 15:00:00,14114.861623616234,43.55838926174496,5554.02,22.8,70.34013422818792,0.22884418507162896,0.014615334560962933,0.13244120234182927,False
2025-07-09 16:00:00,17436.00553505535,43.56107382550336,5289.29,22.8,70.34657718120805,0.2224099264293215,0.014368005362315035,0.1287910619491686,False
2025-07-09 17:00:00,21310.67343173431,43.56375838926174,5192.139999999999,22.8,70.35302013422819,0.27698169588201416,0.022486435505592116,0.16245882871262424,False
2025-07-09 18:00:00,22971.245387453877,43.566442953020136,4826.59,22.8,70.35946308724832,0.3712155008808187,0.019595296757075,0.21298640902513405,False
2025-07-09 19:00:00,19650.101476014755,43.56912751677852,5036.58,22.8,70.36590604026846,0.32976952108350294,0.03174156838976297,0.19565694237131998,False
2025-07-09 20:00:00,15498.671586715864,43.571812080536915,4956.61,22.8,70.3723489932886,0.25809807736149415,0.026956493908590253,0.15408436480768742,False
2025-07-09 21:00:00,12177.52767527675,43.5744966442953,4713.389999999999,22.8,70.37879194630872,0.17114641732425484,0.016914512090924195,0.10174205996925606,False
2025-07-09 22:00:00,8856.383763837639,43.577181208053695,4492.64,22.8,70.38523489932886,0.1487766073657642,0.006795690863488256,0.08488519493974003,False
2025-07-09 23:00:00,7472.573800738007,43.57986577181208,4270.13,22.8,70.39167785234899,0.13617257853161774,0.015140892375978508,0.08170831976158009,False
2025-07-10 00:00:00,6508.854243542434,43.58255033557047,3995.2,24.3,70.39812080536913,0.20976978331349855,0.03466307169807933,0.13097176308655992,False
2025-07-10 01:00:00,5325.426199261991,43.58523489932886,4056.83,24.3,70.40456375838926,0.12095639579983886,0.018453910457099404,0.0748302773956061,False
2025-07-10 02:00:00,4437.85516605166,43.587919463087246,3858.83,24.3,70.4110067114094,0.1360215500010571,0.011667843864911018,0.08006238223979137,False
2025-07-10 03:00:00,4437.85516605166,43.59060402684564,3824.24,24.3,70.41744966442953,0.13862572347395558,0.015593909495811978,0.08326140718379096,False
2025-07-10 04:00:00,5917.140221402214,43.593288590604026,3820.1,24.3,70.42389261744967,0.1793862771117496,0.018403491460337967,0.10694402356861436,False
2025-07-10 05:00:00,9467.424354243542,43.59597315436242,3991.22,24.3,70.4303355704698,0.21549695236436295,0.016824812022305027,0.1260944892104369,False
2025-07-10 06:00:00,15088.707564575643,43.598657718120805,4491.18,24.3,70.43677852348993,0.36807663237462773,0.009734820539010657,0.20682281704860006,False
2025-07-10 07:00:00,18934.848708487083,43.6013422818792,5303.34,24.3,70.44322147651006,0.41963403549141026,0.020551837426305557,0.24004704636211316,False
2025-07-10 08:00:00,20414.13376383764,43.604026845637584,5523.8099999999995,24.3,70.4496644295302,0.39058485922657765,0.026510159369311153,0.22675124429080776,False
2025-07-10 09:00:00,16567.992619926197,43.60671140939597,5835.64,24.3,70.45610738255033,0.3831311205510778,0.01957734175549355,0.21953192009306488,False
2025-07-10 10:00:00,13905.279520295202,43.60939597315436,6377.829999999999,24.3,70.46255033557047,0.40366172061992006,0.018934068554426118,0.2305342771904478,False
2025-07-10 11:00:00,12721.85147601476,43.61208053691275,6407.400000000001,24.3,70.4689932885906,0.3391203705897212,0.006474592858872985,0.18942977061083954,False
2025-07-10 12:00:00,12130.13745387454,43.61476510067114,6243.43,24.3,70.47543624161074,0.20409437267219965,0.008687541920237771,0.1161612988338168,False
2025-07-10 13:00:00,12425.99446494465,43.61744966442953,6127.84,24.3,70.48187919463088,0.18234255061143784,0.011115796495835658,0.10529051125941685,False
2025-07-10 14:00:00,13313.56549815498,43.62013422818792,6056.9,24.3,70.488322147651,0.2008232169805626,0.014048224991365727,0.116774470585424,False
2025-07-10 15:00:00,15088.707564575643,43.62281879194631,5977.32,24.3,70.49476510067115,0.18561123305868377,0.017813655508231996,0.11010232316098048,False
2025-07-10 16:00:00,18638.991697416972,43.6255033557047,5796.5,24.3,70.50120805369127,0.20102099168799598,0.0071119788926079395,0.11376193593007138,False
2025-07-10 17:00:00,22780.98985239852,43.62818791946309,5287.57,24.3,70.50765100671141,0.3309246019916418,0.006901707943900467,0.18511429967015824,False
2025-07-10 18:00:00,24556.13191881919,43.630872483221474,4947.12,24.3,70.51409395973154,0.4028344360207199,0.01143199736674548,0.22670333862643144,False
2025-07-10 19:00:00,21005.847785977858,43.63355704697987,5139.780000000001,24.3,70.52053691275168,0.37827590690245244,0.024915355953937308,0.21926365897562064,False
2025-07-10 20:00:00,16567.992619926197,43.63624161073825,5066.370000000001,24.3,70.5269798657718,0.31053853639774126,0.021648335583056778,0.18053794603113324,False
2025-07-10 21:00:00,13017.708487084868,43.638926174496646,4776.85,24.3,70.53342281879195,0.24322861184753924,0.010925809236220635,0.1386923506724459,False
2025-07-10 22:00:00,9467.424354243542,43.64161073825503,4587.360000000001,24.3,70.53986577181207,0.21748172273521776,0.005949378552279969,0.12229216785289576,False
2025-07-10 23:00:00,7988.139298892988,43.644295302013425,4299.35,24.3,70.54630872483222,0.19737655854370945,0.014254953255149153,0.11497183616385732,False
2025-07-11 00:00:00,5007.922509225091,43.64697986577181,3995.2,25.2,70.55275167785234,0.3052412696517758,0.04308904703927916,0.18727276947615232,False
2025-07-11 01:00:00,4097.391143911438,43.649664429530205,4056.83,25.2,70.55919463087248,0.20106404925275523,0.01612797503174805,0.11784281585330202,False
2025-07-11 02:00:00,3414.492619926199,43.65234899328859,3858.83,25.2,70.56563758389261,0.2275263631662256,0.009619909038737193,0.12946845880885582,False
2025-07-11 03:00:00,3414.492619926199,43.65503355704698,3824.24,25.2,70.57208053691275,0.25362069448884145,0.013760090400909836,0.14568342264927225,False
2025-07-11 04:00:00,4552.656826568265,43.65771812080537,3820.1,25.2,70.57852348993289,0.2654937376241117,0.016179526308179166,0.15330234253194208,False
2025-07-11 05:00:00,7284.250922509224,43.66040268456376,3991.22,25.2,70.58496644295302,0.2839428842548648,0.020212867470740185,0.16526437670200875,False
2025-07-11 06:00:00,11609.274907749075,43.66308724832215,4491.18,25.2,70.59140939597316,0.3647269106531185,0.008433758436946721,0.20439499215584123,False
2025-07-11 07:00:00,14568.501845018449,43.665771812080536,5303.34,25.2,70.59785234899329,0.3742534653406171,0.023244626855695647,0.21629948802240248,False
2025-07-11 08:00:00,15706.666051660515,43.66845637583893,5523.8099999999995,25.2,70.60429530201343,0.310369346940217,0.03892652253801935,0.18822007595922807,False
2025-07-11 09:00:00,12747.439114391142,43.671140939597315,5835.64,25.2,70.61073825503355,0.2580278677662669,0.02515061359099798,0.1532331033873959,False
2025-07-11 10:00:00,10698.743542435424,43.67382550335571,6377.829999999999,25.2,70.6171812080537,0.29488653935294334,0.01571941147843977,0.16926133180941674,False
2025-07-11 11:00:00,9788.21217712177,43.676510067114094,6407.400000000001,25.2,70.62362416107382,0.2777433315647599,0.009131355570459396,0.15686794236732468,False
2025-07-11 12:00:00,9332.946494464944,43.67919463087248,6243.43,25.2,70.63006711409396,0.1741730209640026,0.015982324322723517,0.10298720747542703,False
2025-07-11 13:00:00,9560.579335793358,43.68187919463087,6127.84,25.2,70.63651006711409,0.15318981810957638,0.014451073599489234,0.09075738308003717,False
2025-07-11 14:00:00,10243.477859778595,43.68456375838926,6056.9,25.2,70.64295302013423,0.16970265549020164,0.009497953506273464,0.09761053959743396,False
2025-07-11 15:00:00,11609.274907749075,43.68724832214765,5977.32,25.2,70.64939597315436,0.180707758754435,0.010468160094582273,0.10409993935750128,False
2025-07-11 16:00:00,14340.869003690035,43.68993288590604,5796.5,25.2,70.6558389261745,0.20615406707128303,0.0058598513476098785,0.11602166999563013,False
2025-07-11 17:00:00,17527.72878228782,43.69261744966443,5287.57,25.2,70.66228187919462,0.2321633425404998,0.014050834365194234,0.13401271386161231,False
2025-07-11 18:00:00,18893.525830258302,43.69530201342282,4947.12,25.2,70.66872483221476,0.25587038907217474,0.02287232609612387,0.15102126073295186,False
2025-07-11 19:00:00,16161.93173431734,43.69798657718121,5139.780000000001,25.2,70.6751677852349,0.161466224654768,0.02550035658333893,0.10028158402262494,False
2025-07-11 20:00:00,12747.439114391142,43.7006711409396,5066.370000000001,25.2,70.68161073825503,0.15247089152224957,0.01594084311227633,0.09103236973776162,False
2025-07-11 21:00:00,10015.845018450182,43.703355704697984,4776.85,25.2,70.68805369127517,0.08986463635291952,0.009005300746329353,0.05347793532995395,False
2025-07-11 22:00:00,7284.250922509224,43.70604026845638,4587.360000000001,25.2,70.6944966442953,0.11573360174105363,0.007194539014359934,0.06689102351404147,False
2025-07-11 23:00:00,6146.086715867158,43.70872483221476,4299.35,25.2,70.70093959731544,0.10034832286937445,0.012383562592600109,0.060764180744826,False
2025-07-12 00:00:00,4801.175276752767,43.71140939597315,4366.5,23.2,70.70738255033557,0.12575404249339256,0.045005930813863976,0.0894173922376047,False
2025-07-12 01:00:00,3928.2343173431727,43.71409395973154,4405.5,23.2,70.71382550335571,0.1325970652475924,0.02113816992174973,0.0824405623509632,False
2025-07-12 02:00:00,3273.5285977859776,43.716778523489936,4235.8,23.2,70.72026845637583,0.19496005333450322,0.0140378989860254,0.1135450838776882,False
2025-07-12 03:00:00,3273.5285977859776,43.71946308724832,4162.2,23.2,70.72671140939597,0.23933537321053328,0.01262983608941693,0.13731788150603094,False
2025-07-12 04:00:00,4364.704797047971,43.722147651006715,4150.3,23.2,70.7331543624161,0.24112773859043196,0.01539637846759806,0.1395486265351567,False
2025-07-12 05:00:00,6983.527675276752,43.7248322147651,4317.0,23.2,70.73959731543624,0.27707361741093217,0.022905990669531914,0.16269818537730207,False
2025-07-12 06:00:00,11129.997232472324,43.72751677852349,4656.4,23.2,70.74604026845637,0.3184752834092077,0.018175762894248066,0.18334049917747589,False
2025-07-12 07:00:00,13967.055350553504,43.73020134228188,5392.2,23.2,70.75248322147651,0.3813135779956429,0.021237059064512204,0.21927914447663413,False
2025-07-12 08:00:00,15058.2315498155,43.732885906040266,5890.4,23.2,70.75892617449664,0.3765525504705637,0.01839327864781617,0.21538087815032733,False
2025-07-12 09:00:00,12221.173431734316,43.73557046979866,6622.4,23.2,70.76536912751678,0.3564561994907777,0.024287152727872064,0.20698012844747019,False
2025-07-12 10:00:00,10257.05627306273,43.738255033557046,6838.3,23.2,70.77181208053692,0.388156138596908,0.008675373998116485,0.21738979452745186,False
2025-07-12 11:00:00,9384.115313653136,43.74093959731544,6824.800000000001,23.2,70.77825503355704,0.370231278484486,0.007079439740628847,0.2068129510497503,False
2025-07-12 12:00:00,8947.64483394834,43.743624161073825,6466.9,23.2,70.78469798657719,0.2859590894969389,0.01835459928588953,0.1655370689019667,False
2025-07-12 13:00:00,9165.88007380074,43.74630872483222,6453.9,23.2,70.79114093959731,0.263242224211712,0.01992941872001701,0.15375146174044926,False
2025-07-12 14:00:00,9820.585793357932,43.74899328859061,6178.4,23.2,70.79758389261745,0.26798904960379316,0.013182521461499598,0.15332611193976106,False
2025-07-12 15:00:00,11129.997232472324,43.75167785234899,6075.6,23.2,70.80402684563758,0.28829019966045416,0.01455173805300461,0.16510789193710187,False
2025-07-12 16:00:00,13748.820110701106,43.754362416107384,5929.5,23.2,70.81046979865772,0.30454037643951565,0.010207200350559043,0.17209044719948519,False
2025-07-12 17:00:00,16804.113468634685,43.75704697986577,5252.0,23.2,70.81691275167785,0.3352616585292802,0.024081461595741958,0.195230569909188,False
2025-07-12 18:00:00,18113.524907749077,43.75973154362416,4930.2,23.2,70.82335570469799,0.2730609872662438,0.025007806330867053,0.16143705584532428,False
2025-07-12 19:00:00,15494.702029520293,43.76241610738255,4813.299999999999,23.2,70.82979865771811,0.20104658478416887,0.022469456289010287,0.12068687696134753,False
2025-07-12 20:00:00,12221.173431734316,43.76510067114094,4757.9,23.2,70.83624161073826,0.2120101311586654,0.017132954894038106,0.12431540183958313,False
2025-07-12 21:00:00,9602.350553505534,43.76778523489933,4559.4,23.2,70.84268456375838,0.1958047161804034,0.01731533040148579,0.11548449257989049,False
2025-07-12 22:00:00,6983.527675276752,43.77046979865772,4375.0,23.2,70.84912751677852,0.19690327831553278,0.020956708856762672,0.11772732205908625,False
2025-07-12 23:00:00,5892.35147601476,43.77315436241611,4172.1,23.2,70.85557046979865,0.16690061347233348,0.02193636966874999,0.10166670376072091,False
2025-07-13 00:00:00,5184.023985239852,43.775838926174494,3971.6,23.1,70.86201342281879,0.2252860587136234,0.041767533421134755,0.1427027223320035,False
2025-07-13 01:00:00,4241.474169741697,43.77852348993289,4049.05,23.1,70.86845637583893,0.18423876445415044,0.01415639011233237,0.10770169600033232,False
2025-07-13 02:00:00,3534.561808118081,43.78120805369127,3800.11,23.1,70.87489932885906,0.256593315370247,0.012711303448425672,0.1468464100054274,False
2025-07-13 03:00:00,3534.561808118081,43.783892617449666,3729.72,23.1,70.8813422818792,0.3038781411592066,0.012714686539403254,0.1728545865802951,False
2025-07-13 04:00:00,4712.749077490775,43.78657718120805,3695.73,23.1,70.88778523489933,0.30978900089773276,0.018253897063965643,0.17859820417253755,False
2025-07-13 05:00:00,7540.398523985241,43.789261744966446,3891.23,23.1,70.89422818791947,0.26910359326084476,0.024081364063408415,0.15884359012199842,False
2025-07-13 06:00:00,12017.510147601475,43.79194630872483,3974.42,23.1,70.9006711409396,0.32372589045202055,0.02309602205377262,0.188442449672809,False
2025-07-13 07:00:00,15080.797047970482,43.794630872483225,4597.66,23.1,70.90711409395973,0.41816991487004784,0.0262638119484768,0.24181216855534088,False
2025-07-13 08:00:00,16258.984317343176,43.79731543624161,4950.9,23.1,70.91355704697986,0.40386689840968326,0.034793065883426275,0.23778367377286763,False
2025-07-13 09:00:00,13195.697416974168,43.8,5569.87,23.1,70.92,0.357429485960429,0.025107005648904255,0.2078843698202429,False
2025-07-13 10:00:00,11074.96033210332,43.80268456375839,5823.55,23.1,70.92644295302013,0.2915788882846546,0.01631294981039482,0.16770921597123772,False
2025-07-13 11:00:00,10132.410516605169,43.80536912751678,5817.65,23.1,70.93288590604027,0.25921779023518365,0.014379594388379872,0.14904060210412196,False
2025-07-13 12:00:00,9661.135608856091,43.80805369127517,5626.740000000001,23.1,70.9393288590604,0.17360987547176288,0.015581704671734021,0.1024971986117499,False
2025-07-13 13:00:00,9896.77306273063,43.81073825503355,5506.95,23.1,70.94577181208054,0.10471934135185734,0.01670721044331594,0.06511388244301372,False
2025-07-13 14:00:00,10603.685424354242,43.81342281879195,5348.57,23.1,70.95221476510066,0.11542629410080218,0.01705883731906236,0.07116093854901927,False
2025-07-13 15:00:00,12017.510147601475,43.816107382550335,5386.16,23.1,70.9586577181208,0.15060774252238862,0.020163039980032188,0.09190762637832822,False
2025-07-13 16:00:00,14845.15959409594,43.81879194630873,5308.71,23.1,70.96510067114095,0.17201632094236802,0.010528311399380517,0.09934671664802365,False
2025-07-13 17:00:00,18144.08394833948,43.821476510067114,4997.450000000001,23.1,70.97154362416107,0.19765704478336665,0.0014522819687219557,0.10936490151677654,False
2025-07-13 18:00:00,19557.90867158672,43.8241610738255,4615.2,23.1,70.97798657718121,0.1955358844275497,0.0052156158597475325,0.10989176357203874,False
2025-07-13 19:00:00,16730.259225092246,43.826845637583894,4842.320000000001,23.1,70.98442953020134,0.17418263257661798,0.022649719341147054,0.10599282162065608,False
2025-07-13 20:00:00,13195.697416974168,43.82953020134228,4773.92,23.1,70.99087248322148,0.16082075150563863,0.01511050832379783,0.09525114207381027,False
2025-07-13 21:00:00,10368.047970479704,43.83221476510067,4598.33,23.1,70.9973154362416,0.09081179948523166,0.006501877471864548,0.05287233457921646,False
2025-07-13 22:00:00,7540.398523985241,43.83489932885906,4608.85,23.1,71.00375838926175,0.1252773950942182,0.004223379360367125,0.07080308801398522,False
2025-07-13 23:00:00,6362.211254612547,43.83758389261745,4255.85,23.1,71.01020134228187,0.1192475366253199,0.010994622081240194,0.07053372508048404,False
2025-07-14 00:00:00,8432.71771217712,43.84026845637584,4071.2,22.4,71.01664429530202,0.15935460584646582,0.055305494069373934,0.11253250554677448,False
2025-07-14 01:00:00,6899.496309963099,43.84295302013423,4021.8,22.4,71.02308724832214,0.12937383279879738,0.0221553931013539,0.08112553493494783,False
2025-07-14 02:00:00,5749.580258302583,43.84563758389262,3922.2,22.4,71.02953020134228,0.16157950025599044,0.016927897022960648,0.09648627880112703,False
2025-07-14 03:00:00,5749.580258302583,43.84832214765101,3692.7,22.4,71.03597315436241,0.2667054605945313,0.020991644198567916,0.1561342432163478,False
2025-07-14 04:00:00,7666.10701107011,43.8510067114094,3781.1,22.4,71.04241610738255,0.23875496508913613,0.032361862152204435,0.14587806876751688,False
2025-07-14 05:00:00,12265.771217712178,43.85369127516778,3733.5,22.4,71.04885906040268,0.2587698320049316,0.02826575240540358,0.155042996185144,False
2025-07-14 06:00:00,19548.572878228784,43.856375838926176,3888.8,22.4,71.05530201342282,0.45098957951862184,0.03226952369392372,0.2625655543975077,False
2025-07-14 07:00:00,24531.542435424355,43.85906040268456,4039.27,22.4,71.06174496644296,0.591917978243914,0.05714822990799685,0.35127159149275133,False
2025-07-14 08:00:00,26448.069188191886,43.86174496644296,4311.85,22.4,71.06818791946309,0.7301933993451241,0.06833049216976596,0.43235509111621295,False
2025-07-14 09:00:00,21465.09963099631,43.86442953020134,4939.01,22.4,71.07463087248323,0.7097210122944277,0.06308779240813764,0.41873606334559726,False
2025-07-14 10:00:00,18015.351476014763,43.867114093959735,5210.139999999999,22.4,71.08107382550335,0.5851366495155973,0.05848023716125293,0.3481412639561423,False
2025-07-14 11:00:00,16482.13007380074,43.86979865771812,5177.070000000001,22.4,71.0875167785235,0.5000808804779894,0.05090363892359276,0.2979511217785109,False
2025-07-14 12:00:00,15715.51937269373,43.87248322147651,5059.28,22.4,71.09395973154362,0.37555927364466635,0.030827432775041106,0.220429945253335,False
2025-07-14 13:00:00,16098.824723247237,43.8751677852349,4875.61,22.4,71.10040268456376,0.35115552416106416,0.03405443311683006,0.20846003319115883,False
2025-07-14 14:00:00,17248.740774907747,43.87785234899329,4668.94,22.4,71.10684563758389,0.3806297523286769,0.05144138288045774,0.2324949860769783,False
2025-07-14 15:00:00,19548.572878228784,43.88053691275168,4572.37,22.4,71.11328859060403,0.36634588157885506,0.06201673558555733,0.2293977658818711,False
2025-07-14 16:00:00,24148.23708487085,43.883221476510066,4296.320000000001,22.4,71.11973154362416,0.49152526745776387,0.05392137410658553,0.2946035154497337,False
2025-07-14 17:00:00,27554.309963099622,43.88590604026846,3992.53,22.4,71.1261744966443,0.6556405358223573,0.052083580362984216,0.38403990586563946,False
2025-07-14 18:00:00,27554.309963099622,43.888590604026845,3831.03,22.4,71.13261744966442,0.755164828205146,0.05728349175849966,0.4411182268041552,False
2025-07-14 19:00:00,27214.679889298888,43.89127516778524,4073.6,22.4,71.13906040268456,0.8743214920617769,0.09074686679266998,0.5217129106906788,True
2025-07-14 20:00:00,21465.09963099631,43.893959731543625,4037.58,22.4,71.14550335570469,0.790929420673356,0.08069980293817672,0.47132609269252534,False
2025-07-14 21:00:00,16865.43542435424,43.89664429530201,3872.0,22.4,71.15194630872483,0.678905705205146,0.0469595784929277,0.3945299481846478,False
2025-07-14 22:00:00,12265.771217712178,43.8993288590604,3812.2,22.4,71.15838926174497,0.6738989770965713,0.023143288964162633,0.38105891743698744,False
2025-07-14 23:00:00,10349.24446494465,43.90201342281879,3507.3,22.4,71.1648322147651,0.6999868002198416,0.029240887211476153,0.39815113936607716,False
2025-07-15 00:00:00,4394.256457564575,43.90469798657718,3427.41,21.1,71.17127516778524,0.7963734805052832,0.08267775890213595,0.475210405783867,False
2025-07-15 01:00:00,3595.3007380073796,43.90738255033557,3397.92,21.1,71.17771812080537,0.7800807074024091,0.05782967347248737,0.45506774213394435,False
2025-07-15 02:00:00,2996.083948339483,43.91006711409396,3244.34,21.1,71.1841610738255,0.7602415371944525,0.03688508262638795,0.4347311326388235,False
2025-07-15 03:00:00,2996.083948339483,43.91275167785235,3243.39,21.1,71.19060402684563,0.7314300244761163,0.03328293639462154,0.4172638348394437,False
2025-07-15 04:00:00,3994.778597785978,43.91543624161074,3311.11,21.1,71.19704697986577,0.7464154953654059,0.030422712267509488,0.42421874297135254,False
2025-07-15 05:00:00,6391.645756457564,43.91812080536913,3359.76,21.1,71.2034899328859,0.8175565090838149,0.02944050480591724,0.462904307158761,False
2025-07-15 06:00:00,10186.685424354242,43.920805369127514,3898.36,21.1,71.20993288590604,0.8244283942574886,0.025225778923816413,0.46478721735733614,False
2025-07-15 07:00:00,12783.291512915128,43.92348993288591,4801.44,21.1,71.21637583892617,0.8565570945665,0.06384676812730225,0.499837447668861,True
2025-07-15 08:00:00,13781.986162361623,43.92617449664429,5248.28,21.1,71.22281879194631,0.705707653757835,0.07918580806635,0.42377282319666676,False
2025-07-15 09:00:00,11185.380073800738,43.92885906040269,5362.999999999999,21.1,71.22926174496644,0.5795827238627168,0.06993133122164764,0.3502395971742357,False
2025-07-15 10:00:00,9387.729704797048,43.93154362416107,5807.11,21.1,71.23570469798658,0.5626744414780254,0.04894659628187544,0.33149691113975793,False
2025-07-15 11:00:00,8588.773985239852,43.934228187919466,5589.2,21.1,71.2421476510067,0.5217437203380118,0.05012268817247644,0.3095142558635209,False
2025-07-15 12:00:00,8189.296125461255,43.93691275167785,5553.59,21.1,71.24859060402684,0.420730939018638,0.05646198786079708,0.2568099109976096,False
2025-07-15 13:00:00,8389.035055350554,43.939597315436245,5280.92,21.1,71.25503355704699,0.3413431939706906,0.06091042789029448,0.21514844923451235,False
2025-07-15 14:00:00,8988.251845018449,43.94228187919463,5161.4,21.1,71.26147651006711,0.29978227683034386,0.039974525775592996,0.182868788855706,False
2025-07-15 15:00:00,10186.685424354242,43.94496644295302,5083.53,21.1,71.26791946308725,0.3237980540227715,0.038069960893259716,0.19522041211449123,False
2025-07-15 16:00:00,12583.55258302583,43.94765100671141,4892.69,21.1,71.27436241610738,0.3831406508684846,0.05310555259968297,0.23462485664752386,False
2025-07-15 17:00:00,15379.897601476014,43.9503355704698,4843.18,21.1,71.28080536912752,0.33606452833345174,0.05795607460841547,0.21091572415718543,False
2025-07-15 18:00:00,16578.33118081181,43.95302013422819,4801.58,21.1,71.28724832214765,0.3288263443010319,0.05110765408649075,0.2038529337044884,False
2025-07-15 19:00:00,14181.46402214022,43.955704697986576,4932.130000000001,21.1,71.29369127516779,0.3106311340817393,0.05546696795290738,0.19580725932376497,False
2025-07-15 20:00:00,11185.380073800738,43.95838926174497,4870.950000000001,21.1,71.30013422818791,0.26978875872680536,0.0474147086683516,0.16972043620050117,False
2025-07-15 21:00:00,8788.51291512915,43.961073825503355,4555.52,21.1,71.30657718120806,0.2377042092153162,0.04388273507332178,0.15048454585141874,False
2025-07-15 22:00:00,6391.645756457564,43.96375838926174,4175.2300000000005,21.1,71.31302013422818,0.27514915305587834,0.026247998046946882,0.1631436333018592,False
2025-07-15 23:00:00,5392.95110701107,43.966442953020135,3808.76,21.1,71.31946308724832,0.22106440574883623,0.030967209894060172,0.13552066761418702,False
2025-07-16 00:00:00,7385.911439114389,43.96912751677852,3525.4300000000003,22.1,71.32590604026845,0.36269775458125686,0.060233421218415684,0.22658880456797834,False
2025-07-16 01:00:00,6043.018450184501,43.971812080536914,3405.2999999999997,22.1,71.33234899328859,0.4101660067467177,0.049410267017978245,0.247825923868785,False
2025-07-16 02:00:00,5035.848708487084,43.9744966442953,3271.9800000000005,22.1,71.33879194630872,0.44045627009745536,0.0459611691223005,0.2629334746586357,False
2025-07-16 03:00:00,5035.848708487084,43.97718120805369,3242.9,22.1,71.34523489932886,0.40706977097175956,0.03911922776962885,0.24149202653080076,False
2025-07-16 04:00:00,6714.464944649447,43.97986577181208,3294.16,22.1,71.351677852349,0.4275900456975924,0.03845037393937569,0.2524771934063949,False
2025-07-16 05:00:00,10743.143911439114,43.98255033557047,3576.4700000000003,22.1,71.35812080536913,0.5331915506590966,0.02517535509442986,0.3045842626549966,False
2025-07-16 06:00:00,17121.885608856086,43.98523489932886,3900.68,22.1,71.36456375838927,0.6227710343807236,0.01830155409823658,0.35075976825360444,False
2025-07-16 07:00:00,21486.28782287823,43.987919463087245,4861.72,22.1,71.3710067114094,0.668961337461933,0.02865234093012454,0.3808222890226192,False
2025-07-16 08:00:00,23164.90405904059,43.99060402684564,5148.74,22.1,71.37744966442953,0.6429923663334637,0.03497176338427708,0.36938309500632976,False
2025-07-16 09:00:00,18800.501845018447,43.993288590604024,5440.62,22.1,71.38389261744966,0.5800892618941688,0.039298779104671375,0.33673354463889493,False
2025-07-16 10:00:00,15778.992619926195,43.99597315436242,5743.34,22.1,71.3903355704698,0.5785963600755734,0.030163099817066195,0.33180139295924516,False
2025-07-16 11:00:00,14436.099630996308,43.9986577181208,5547.8099999999995,22.1,71.39677852348993,0.4806199007259496,0.024067356508552455,0.27517125582812096,False
2025-07-16 12:00:00,13764.653136531366,44.0013422818792,5413.44,22.1,71.40322147651007,0.3654424479239147,0.02946587558995468,0.2142529903736327,False
2025-07-16 13:00:00,14100.376383763838,44.00402684563758,5137.28,22.1,71.4096644295302,0.30204446997566503,0.026739872345992174,0.17815740104231226,False
2025-07-16 14:00:00,15107.546125461253,44.006711409395976,5133.98,22.1,71.41610738255034,0.26941285476305415,0.031495246580018024,0.1623499310806879,False
2025-07-16 15:00:00,17121.885608856086,44.00939597315436,5099.83,22.1,71.42255033557046,0.25255600767536573,0.04067035805515896,0.1572074653462727,False
2025-07-16 16:00:00,21150.564575645756,44.01208053691275,5127.799999999999,22.1,71.4289932885906,0.2682151956174991,0.03294844649890035,0.1623451585141297,False
2025-07-16 17:00:00,25850.690036900367,44.01476510067114,4851.24,22.1,71.43543624161073,0.4422265807622765,0.018901839171428052,0.25173044704639475,False
2025-07-16 18:00:00,27554.309963099622,44.01744966442953,4781.24,22.1,71.44187919463087,0.5968453725843728,0.02420160149106563,0.3391556755923846,False
2025-07-16 19:00:00,23836.35055350553,44.02013422818792,4967.639999999999,22.1,71.448322147651,0.6383744152463323,0.05987364039950595,0.3780490665652605,False
2025-07-16 20:00:00,18800.501845018447,44.02281879194631,4842.34,22.1,71.45476510067114,0.5746151516744065,0.07154548284858762,0.34823380070278803,False
2025-07-16 21:00:00,14771.82287822878,44.0255033557047,4586.9,22.1,71.46120805369128,0.4740507224912912,0.04647299734050485,0.2816407461734374,False
2025-07-16 22:00:00,10743.143911439114,44.028187919463086,4284.05,22.1,71.4676510067114,0.4518491317129808,0.022830817470992595,0.25879089030408614,False
2025-07-16 23:00:00,9064.527675276751,44.03087248322148,3889.24,22.1,71.47409395973155,0.4843603773824461,0.031887747599542,0.28074769398013927,False
2025-07-17 00:00:00,6932.333948339482,44.033557046979865,3609.7,23.2,71.48053691275167,0.51945665280664,0.05109184990114119,0.30869249149916556,False
2025-07-17 01:00:00,5671.90959409594,44.03624161073825,3528.6,23.2,71.48697986577181,0.4375967509395148,0.026256289850125864,0.25249354344928976,False
2025-07-17 02:00:00,4726.591328413284,44.038926174496645,3528.2,23.2,71.49342281879194,0.4009173656005333,0.016651189416125013,0.2279975863175496,False
2025-07-17 03:00:00,4726.591328413284,44.04161073825503,3385.1000000000004,23.2,71.49986577181208,0.4009266598273079,0.017931229689548446,0.22857871626531617,False
2025-07-17 04:00:00,6302.121771217712,44.044295302013424,3407.4,23.2,71.50630872483221,0.47457918573516783,0.023574941923966915,0.27162727602012743,False
2025-07-17 05:00:00,10083.39483394834,44.04697986577181,3475.6000000000004,23.2,71.51275167785235,0.5304900091175307,0.02217393702640367,0.3017477766765236,False
2025-07-17 06:00:00,16070.410516605163,44.0496644295302,3773.4,23.2,71.51919463087248,0.6327082528221504,0.011424142060211251,0.3531304029792778,False
2025-07-17 07:00:00,20166.78966789668,44.05234899328859,4500.4,23.2,71.52563758389262,0.6218736180775033,0.024373911548663005,0.3529987501395252,False
2025-07-17 08:00:00,21742.32011070111,44.05503355704698,5106.9,23.2,71.53208053691274,0.6789964230951474,0.025975207303298792,0.3851368759888156,False
2025-07-17 09:00:00,17645.940959409592,44.05771812080537,5818.4,23.2,71.53852348993289,0.642020915690446,0.030549268527781805,0.3668586744672471,False
2025-07-17 10:00:00,14809.986162361622,44.060402684563755,5986.7,23.2,71.54496644295301,0.5439340628321648,0.017245607684025922,0.3069242580155023,False
2025-07-17 11:00:00,13549.56180811808,44.06308724832215,5892.3,23.2,71.55140939597315,0.46000254266737134,0.011721786209859125,0.2582762022614909,False
2025-07-17 12:00:00,12919.34963099631,44.065771812080534,5700.200000000001,23.2,71.5578523489933,0.34447310413155524,0.009625915216963637,0.19379186911998905,False
2025-07-17 13:00:00,13234.455719557196,44.06845637583893,5551.200000000001,23.2,71.56429530201342,0.28498771312716287,0.011602211301890826,0.16196423730579046,False
2025-07-17 14:00:00,14179.77398523985,44.07114093959731,5423.3,23.2,71.57073825503356,0.2740852365899564,0.012176740168382428,0.15622641320024813,False
2025-07-17 15:00:00,16070.410516605163,44.07382550335571,5432.1,23.2,71.57718120805369,0.2754933427497961,0.016997482078084842,0.15917020544752603,False
2025-07-17 16:00:00,19851.683579335793,44.07651006711409,5238.299999999999,23.2,71.58362416107383,0.30086598402846076,0.012667179358355873,0.17117652192691357,False
2025-07-17 17:00:00,24263.16881918819,44.079194630872486,5005.1,23.2,71.59006711409396,0.4065799235006967,0.01583558497896672,0.23074497116591824,False
2025-07-17 18:00:00,26153.805350553503,44.08187919463087,4804.3,23.2,71.5965100671141,0.5201395595250876,0.018107975534681037,0.29422534672940465,False
2025-07-17 19:00:00,22372.532287822873,44.08456375838926,5027.2,23.2,71.60295302013422,0.524281772275862,0.03224700200651582,0.3028661256546563,False
2025-07-17 20:00:00,17645.940959409592,44.08724832214765,4895.0,23.2,71.60939597315436,0.448022956892968,0.03491131473466649,0.26212271792173236,False
2025-07-17 21:00:00,13864.667896678964,44.08993288590604,4625.9,23.2,71.61583892617449,0.355637594147237,0.02293176879792646,0.20591997274004728,False
2025-07-17 22:00:00,10083.39483394834,44.09261744966443,4270.4,23.2,71.62228187919463,0.3316388154640117,0.0096255464538792,0.1867328444094521,False
2025-07-17 23:00:00,8507.86439114391,44.09530201342282,3928.7,23.2,71.62872483221476,0.32405500177188173,0.021832426085498877,0.18805484271300946,False
2025-07-18 00:00:00,4623.693726937268,44.09798657718121,3720.19,21.8,71.6351677852349,0.4857163346697918,0.06108060643094186,0.2946302569623094,False
2025-07-18 01:00:00,3783.0221402214015,44.1006711409396,3709.28,21.8,71.64161073825503,0.3461291327167755,0.031156236113118695,0.20439132924512995,False
2025-07-18 02:00:00,3152.5184501845015,44.10335570469799,3571.2200000000003,21.8,71.64805369127517,0.32988863225310355,0.01490921220224076,0.1881478932302153,False
2025-07-18 03:00:00,3152.5184501845015,44.106040268456375,3549.0,21.8,71.6544966442953,0.4500711813959032,0.012625408413720996,0.25322058355392124,False
2025-07-18 04:00:00,4203.357933579336,44.10872483221476,3594.01,21.8,71.66093959731543,0.5004588825849973,0.014471654564915927,0.2817646299759607,False
2025-07-18 05:00:00,6725.372693726937,44.111409395973155,3649.83,21.8,71.66738255033557,0.5226594127943582,0.02128803853246714,0.29704229437650725,False
2025-07-18 06:00:00,10718.562730627304,44.11409395973154,4052.36,21.8,71.6738255033557,0.5274297263896531,0.009324029769921745,0.294282162910774,False
2025-07-18 07:00:00,13450.745387453871,44.116778523489934,5000.1900000000005,21.8,71.68026845637584,0.5158802063008857,0.026361029229050054,0.2955965766185597,False
2025-07-18 08:00:00,14501.584870848708,44.11946308724832,5345.18,21.8,71.68671140939597,0.44068447991746396,0.041462767291146244,0.261034709235621,False
2025-07-18 09:00:00,11769.40221402214,44.12214765100671,5551.58,21.8,71.69315436241611,0.38965372573147905,0.029346038979534344,0.22751526669310393,False
2025-07-18 10:00:00,9877.891143911438,44.1248322147651,5762.99,21.8,71.69959731543624,0.3319474847415449,0.010787647748297352,0.18742555809458353,False
2025-07-18 11:00:00,9037.21955719557,44.12751677852349,5638.21,21.8,71.70604026845638,0.31177123922091377,0.013592443252945927,0.17759078103532824,False
2025-07-18 12:00:00,8616.883763837639,44.13020134228188,5471.639999999999,21.8,71.7124832214765,0.24367446163705375,0.026826517880206648,0.14609288694647257,False
2025-07-18 13:00:00,8827.051660516605,44.132885906040265,5209.24,21.8,71.71892617449664,0.18642928177935014,0.026754069025125556,0.11457543603994909,False
2025-07-18 14:00:00,9457.555350553504,44.13557046979866,4964.02,21.8,71.72536912751677,0.17689365898105025,0.01235433306028132,0.10285096231670424,False
2025-07-18 15:00:00,10718.562730627304,44.13825503355704,4766.06,21.8,71.73181208053691,0.21208254667373588,0.016941236028599715,0.12426895688342462,False
2025-07-18 16:00:00,13240.577490774907,44.14093959731544,4888.009999999999,21.8,71.73825503355704,0.25183600601703265,0.022753729036575375,0.14874898137582687,False
2025-07-18 17:00:00,16182.92804428044,44.143624161073824,4840.9,21.8,71.74469798657718,0.2722902485921246,0.02226937442962575,0.15978085521900012,False
2025-07-18 18:00:00,17443.935424354244,44.14630872483222,4640.91,21.8,71.75114093959732,0.28062843407442284,0.020987056584400136,0.16378981420391264,False
2025-07-18 19:00:00,14921.920664206638,44.1489932885906,4729.83,21.8,71.75758389261745,0.24786336182074725,0.023031479595537287,0.14668901481940277,False
2025-07-18 20:00:00,11769.40221402214,44.15167785234899,4768.340000000001,21.8,71.76402684563759,0.26199754272474374,0.024898618765907297,0.15530302694326736,False
2025-07-18 21:00:00,9247.387453874537,44.15436241610738,4467.09,21.8,71.77046979865771,0.23826109856352112,0.017659229100338434,0.13899025730508893,False
2025-07-18 22:00:00,6725.372693726937,44.15704697986577,4191.87,21.8,71.77691275167786,0.21455911354056367,0.0067389468087602185,0.12104003851125213,False
2025-07-18 23:00:00,5674.533210332103,44.15973154362416,3652.65,21.8,71.78335570469798,0.2616009196049985,0.021106020750347395,0.15337821512040553,False
2025-07-19 00:00:00,6553.564575645755,44.16241610738255,3570.92,21.0,71.78979865771812,0.3177245895735892,0.05642469895641858,0.20013963879586244,False
2025-07-19 01:00:00,5362.0073800738,44.16510067114094,3548.49,21.0,71.79624161073825,0.33946632304080643,0.028372937211785753,0.19947429941774714,False
2025-07-19 02:00:00,4468.339483394833,44.16778523489933,3419.21,21.0,71.80268456375839,0.3804335094880797,0.018602259049485332,0.21760944679071226,False
2025-07-19 03:00:00,4468.339483394833,44.17046979865772,3413.6,21.0,71.80912751677852,0.3929533417697457,0.02144058159902679,0.22577259969292224,False
2025-07-19 04:00:00,5957.7859778597785,44.173154362416106,3442.02,21.0,71.81557046979866,0.44426059547232577,0.028252005421815763,0.2570567299495963,False
2025-07-19 05:00:00,9532.457564575643,44.1758389261745,3696.93,21.0,71.82201342281878,0.4986913371231526,0.030815012049792364,0.2881469908401405,False
2025-07-19 06:00:00,15192.354243542432,44.178523489932886,3988.73,21.0,71.82845637583893,0.5923999560403482,0.025910136289389724,0.33747953715241696,False
2025-07-19 07:00:00,19064.91512915129,44.18120805369127,4959.8,21.0,71.83489932885905,0.6012992261684185,0.03877116532873313,0.3481615987905601,False
2025-07-19 08:00:00,20554.36162361623,44.183892617449665,5348.219999999999,21.0,71.8413422818792,0.5583923471079854,0.033467488108878854,0.32217616055838744,False
2025-07-19 09:00:00,16681.80073800738,44.18657718120805,5661.73,21.0,71.84778523489933,0.5450489705920225,0.027386429764461147,0.3121008272196199,False
2025-07-19 10:00:00,14000.797047970478,44.18926174496645,5660.63,21.0,71.85422818791946,0.5114332425984403,0.017659720077466714,0.28923515746400213,False
2025-07-19 11:00:00,12809.239852398525,44.19194630872483,5544.9400000000005,21.0,71.8606711409396,0.43406593961976214,0.01717622209899377,0.2464655667354164,False
2025-07-19 12:00:00,12213.461254612546,44.19463087248322,5445.54,21.0,71.86711409395973,0.36596831033303767,0.03227713784539114,0.21580728271359675,False
2025-07-19 13:00:00,12511.350553505536,44.19731543624161,5123.24,21.0,71.87355704697987,0.25908015463342604,0.03129325457256166,0.1565760496060371,False
2025-07-19 14:00:00,13405.0184501845,44.2,4956.85,21.0,71.88,0.2449159007246307,0.021355170588726043,0.14431357216347362,False
2025-07-19 15:00:00,15192.354243542432,44.20268456375839,4856.18,21.0,71.88644295302014,0.21808909126572706,0.03124132517584589,0.13400759652528055,False
2025-07-19 16:00:00,18767.025830258302,44.205369127516775,4858.3,21.0,71.89288590604026,0.24829397187293395,0.024354519787819443,0.14752121843463245,False
2025-07-19 17:00:00,22937.476014760145,44.20805369127517,4843.98,21.0,71.8993288590604,0.3345348352672929,0.017551826769086277,0.19189248144309992,False
2025-07-19 18:00:00,24724.811808118084,44.210738255033554,4755.110000000001,21.0,71.90577181208053,0.42040267106289075,0.013047020384794716,0.23709262825774755,False
2025-07-19 19:00:00,21150.14022140221,44.21342281879195,4718.11,21.0,71.91221476510067,0.4279305333082197,0.04080089303714511,0.2537221951862361,False
2025-07-19 20:00:00,16681.80073800738,44.216107382550334,4645.45,21.0,71.9186577181208,0.4074072589851823,0.052621199747823616,0.24775353232837094,False
2025-07-19 21:00:00,13107.12915129151,44.21879194630873,4379.780000000001,21.0,71.92510067114094,0.35268268627540295,0.032006760895458564,0.208378519854428,False
2025-07-19 22:00:00,9532.457564575643,44.22147651006711,4101.34,21.0,71.93154362416107,0.3483686877599863,0.013324575529714774,0.19759883725636415,False
2025-07-19 23:00:00,8043.0110701107005,44.224161073825506,3753.96,21.0,71.9379865771812,0.3114328634389773,0.024046296883401253,0.18210890848896807,False
2025-07-20 00:00:00,4700.896678966788,44.22684563758389,3505.41,22.7,71.94442953020135,0.5031537483233943,0.06086566913045016,0.30412411268656947,False
2025-07-20 01:00:00,3846.188191881918,44.22953020134228,3412.61,22.7,71.95087248322147,0.4162946310313218,0.03367844095514386,0.24411734549704173,False
2025-07-20 02:00:00,3205.156826568266,44.23221476510067,3224.1899999999996,22.7,71.95731543624161,0.4497065849641017,0.024849316397938092,0.2585208141093281,False
2025-07-20 03:00:00,3205.156826568266,44.23489932885906,3206.89,22.7,71.96375838926174,0.4340471909100815,0.01846944889695504,0.24703720700417459,False
2025-07-20 04:00:00,4273.542435424354,44.23758389261745,3294.6600000000003,22.7,71.97020134228188,0.49172920746879234,0.020242390665657032,0.2795601399073815,False
2025-07-20 05:00:00,6837.667896678968,44.24026845637584,3280.06,22.7,71.97664429530201,0.5545838610944148,0.028459469196855398,0.3178278847405131,False
2025-07-20 06:00:00,10897.533210332103,44.24295302013423,3559.95,22.7,71.98308724832215,0.6159389050545868,0.011103481801905658,0.3437629645908803,False
2025-07-20 07:00:00,13675.335793357935,44.245637583892616,4486.18,22.7,71.98953020134228,0.6052457853283663,0.0211592398070343,0.3424068398437669,False
2025-07-20 08:00:00,14743.721402214023,44.24832214765101,4792.32,22.7,71.99597315436242,0.48933126867509713,0.038715931138084525,0.2865543667834415,False
2025-07-20 09:00:00,11965.918819188191,44.25100671140939,5026.5,22.7,72.00241610738254,0.408964016869246,0.032227572638878973,0.23943261696558085,False
2025-07-20 10:00:00,10042.824723247231,44.25369127516778,5122.77,22.7,72.00885906040268,0.3223019567463793,0.018533497923000228,0.18560615027585875,False
2025-07-20 11:00:00,9188.116236162365,44.256375838926175,5151.860000000001,22.7,72.01530201342281,0.3236724479980984,0.01433392979801687,0.18447011480806172,False
2025-07-20 12:00:00,8760.761992619928,44.25906040268456,4845.91,22.7,72.02174496644295,0.24724054931693112,0.035538285884899386,0.15197453077251682,False
2025-07-20 13:00:00,8974.439114391145,44.261744966442954,4778.93,22.7,72.02818791946308,0.21205915517259138,0.024817632198821913,0.12780046983439514,False
2025-07-20 14:00:00,9615.470479704796,44.26442953020134,4579.2699999999995,22.7,72.03463087248322,0.21619558379296377,0.015786604553648373,0.12601154313527185,False
2025-07-20 15:00:00,10897.533210332103,44.267114093959734,4628.52,22.7,72.04107382550336,0.25233054286486767,0.01643844413266582,0.14617909843537685,False
2025-07-20 16:00:00,13461.658671586716,44.26979865771812,4592.26,22.7,72.04751677852349,0.2845544307559839,0.014900483004093506,0.16321015426763325,False
2025-07-20 17:00:00,16453.138376383762,44.27248322147651,4576.04,22.7,72.05395973154363,0.34626260321255925,0.01838555672128391,0.19871793229148535,False
2025-07-20 18:00:00,17735.201107011075,44.2751677852349,4517.66,22.7,72.06040268456375,0.40712256280515957,0.02254495327156491,0.234062638515042,False
2025-07-20 19:00:00,15171.075645756457,44.277852348993285,4766.41,22.7,72.0668456375839,0.3856890980604839,0.06823082063045763,0.2428328732169721,False
2025-07-20 20:00:00,11965.918819188191,44.28053691275168,4579.62,22.7,72.07328859060402,0.3505178630777621,0.03453705196344007,0.2083264980763172,False
2025-07-20 21:00:00,9401.793357933577,44.283221476510064,4389.48,22.7,72.07973154362416,0.27632075014757407,0.027351390317882144,0.1642845382242127,False
2025-07-20 22:00:00,6837.667896678968,44.28590604026846,4035.64,22.7,72.08617449664429,0.28478925973368036,0.01863708562359619,0.16502078138414247,False
2025-07-20 23:00:00,5769.282287822879,44.28859060402685,3715.51,22.7,72.09261744966443,0.30133690199844,0.024202393311013017,0.17662637308909787,False
2025-07-21 00:00:00,4239.749077490774,44.29127516778524,3445.53,22.7,72.09906040268456,0.3375466568942796,0.014887137917314823,0.19234987335464546,False
2025-07-21 01:00:00,3468.885608856088,44.29395973154362,3476.57,22.7,72.1055033557047,0.3244713246142191,0.010058080951109022,0.1829853649658196,False
2025-07-21 02:00:00,2890.7380073800737,44.296644295302016,3296.32,22.7,72.11194630872482,0.4343585257222934,0.003292554590819989,0.24037883871313037,False
2025-07-21 03:00:00,2890.7380073800737,44.2993288590604,3273.27,22.7,72.11838926174497,0.4487789232192082,0.0038832296397530676,0.24857586110845342,False
2025-07-21 04:00:00,3854.317343173432,44.30201342281879,3242.8,22.7,72.12483221476509,0.4513041164293712,0.0068786261037291465,0.2513126457828323,False
2025-07-21 05:00:00,6166.907749077492,44.30469798657718,3312.4500000000003,22.7,72.13127516778523,0.46762058189760536,0.015372777572854997,0.2641090699514677,False
2025-07-21 06:00:00,9828.509225092252,44.30738255033557,3431.94,22.7,72.13771812080537,0.5150271165723486,0.003917117963820251,0.28502761719851083,False
2025-07-21 07:00:00,12333.815498154983,44.31006711409396,3817.09,22.7,72.1441610738255,0.5485862082247895,0.005929483224013917,0.3043906819744406,False
2025-07-21 08:00:00,13297.39483394834,44.31275167785235,4212.01,22.7,72.15060402684564,0.5507359775130776,0.0038889642357787376,0.30465482153829315,False
2025-07-21 09:00:00,10792.088560885608,44.31543624161074,4605.85,22.7,72.15704697986577,0.48234253097255386,0.00913583133859798,0.2693995161372737,False
2025-07-21 10:00:00,9057.645756457565,44.31812080536913,5007.72,22.7,72.16348993288591,0.4374149132338767,0.0058852925399626695,0.24322658392161542,False
2025-07-21 11:00:00,8286.78228782288,44.32080536912752,4795.48,22.7,72.16993288590604,0.37505551773178486,0.006064445666069209,0.20900953530221283,False
2025-07-21 12:00:00,7901.350553505536,44.323489932885906,4660.1,22.7,72.17637583892618,0.32378292698527594,0.0053175846581038156,0.1804735229380485,False
2025-07-21 13:00:00,8094.066420664209,44.32617449664429,4494.3099999999995,22.7,72.1828187919463,0.2771605897569004,0.006747332787951623,0.15547462412087346,False
2025-07-21 14:00:00,8672.21402214022,44.328859060402685,4307.78,22.7,72.18926174496644,0.2947883909895569,0.004806283228619445,0.16429644249713504,False
2025-07-21 15:00:00,9828.509225092252,44.33154362416107,4070.43,22.7,72.19570469798657,0.3292443160300466,0.013605898664580195,0.18720702821558674,False
2025-07-21 16:00:00,12141.09963099631,44.334228187919464,3877.46,22.7,72.20214765100671,0.38231455791138125,0.010684653678644289,0.21508110100664965,False
2025-07-21 17:00:00,14839.121771217711,44.33691275167785,3743.63,22.7,72.20859060402684,0.3977044441445876,0.014693701071606863,0.2253496097617463,False
2025-07-21 18:00:00,15995.416974169746,44.33959731543624,3832.97,22.7,72.21503355704698,0.3848683389746944,0.01758923046883126,0.21959274014705601,False
2025-07-21 19:00:00,13682.82656826568,44.34228187919463,4098.200000000001,22.7,72.2214765100671,0.370347835371631,0.024400279620807524,0.21467143528376045,False
2025-07-21 20:00:00,10792.088560885608,44.34496644295302,4047.99,22.7,72.22791946308725,0.38596187444566654,0.022174782483613435,0.22225768306274266,False
2025-07-21 21:00:00,8479.498154981547,44.34765100671141,3857.54,22.7,72.23436241610739,0.36916334085036395,0.011054338401292937,0.208014289748282,False
2025-07-21 22:00:00,6166.907749077492,44.350335570469795,3622.1,22.7,72.24080536912751,0.35468255230581824,0.005151665330209041,0.1973936531667941,False
2025-07-21 23:00:00,5203.328413284134,44.35302013422819,3323.92,22.7,72.24724832214766,0.34967565505857007,0.008274762410238942,0.19604525336682108,False
2025-07-22 00:00:00,3294.824723247232,44.355704697986575,3186.3399999999997,22.9,72.25369127516778,0.5121405787115773,0.03411991275198379,0.2970312790297602,False
2025-07-22 01:00:00,2695.765682656826,44.35838926174497,3168.5,22.9,72.26013422818792,0.4896522055873179,0.017025892564248347,0.27697036472693665,False
2025-07-22 02:00:00,2246.471402214022,44.361073825503354,3048.8300000000004,22.9,72.26657718120805,0.6133157171425591,0.010325566375476984,0.34197014929737213,False
2025-07-22 03:00:00,2246.471402214022,44.36375838926175,3025.96,22.9,72.27302013422819,0.6822363297002496,0.010735098657213275,0.38006077573088326,False
2025-07-22 04:00:00,2995.2952029520293,44.36644295302013,3159.6800000000003,22.9,72.27946308724832,0.6975762940534032,0.014049429196291128,0.3899892048677028,False
2025-07-22 05:00:00,4792.472324723247,44.369127516778526,3172.66,22.9,72.28590604026846,0.7103276953197103,0.02200417046017145,0.40058210913291786,False
2025-07-22 06:00:00,7638.002767527674,44.37181208053691,3684.78,22.9,72.29234899328858,0.7531076211948171,0.009839840456458585,0.4186371198625558,False
2025-07-22 07:00:00,9584.944649446494,44.3744966442953,4892.41,22.9,72.29879194630873,0.8206708163855223,0.06724530001283884,0.48162933401781477,False
2025-07-22 08:00:00,10333.7684501845,44.37718120805369,5215.27,22.9,72.30523489932885,0.7225544521973392,0.045378414715922626,0.4178252353307017,False
2025-07-22 09:00:00,8386.826568265682,44.37986577181208,5579.360000000001,22.9,72.31167785234899,0.631819984983249,0.0428004154166411,0.36676117867827546,False
2025-07-22 10:00:00,7038.943726937268,44.38255033557047,5746.37,22.9,72.31812080536912,0.6177655838193199,0.024387040088396414,0.3507452391404044,False
2025-07-22 11:00:00,6439.884686346863,44.38523489932886,5549.469999999999,22.9,72.32456375838926,0.5623244893891235,0.020474079066450872,0.31849180474392086,False
2025-07-22 12:00:00,6140.3551660516605,44.38791946308725,5366.38,22.9,72.3310067114094,0.5198870147163255,0.039936729255348746,0.30390938625888597,False
2025-07-22 13:00:00,6290.119926199262,44.39060402684564,5164.9400000000005,22.9,72.33744966442953,0.45197759121356873,0.03788643151211191,0.2656365693479132,False
2025-07-22 14:00:00,6739.414206642065,44.39328859060403,5000.43,22.9,72.34389261744967,0.4363321447039372,0.022871135492898705,0.2502746905589699,False
2025-07-22 15:00:00,7638.002767527674,44.395973154362416,4923.71,22.9,72.3503355704698,0.44744303918194883,0.02469243384929243,0.25720526678225347,False
2025-07-22 16:00:00,9435.179889298892,44.3986577181208,4908.08,22.9,72.35677852348994,0.3994371503754391,0.021283655604883198,0.22926807772868896,False
2025-07-22 17:00:00,11531.886531365311,44.401342281879195,4815.71,22.9,72.36322147651006,0.3837766884870318,0.024374926536321062,0.22204589560921195,False
2025-07-22 18:00:00,12430.475092250925,44.40402684563758,4718.57,22.9,72.3696644295302,0.36484890952455384,0.030446410593383707,0.2143677850055273,False
2025-07-22 19:00:00,10633.297970479704,44.406711409395974,4999.48,22.9,72.37610738255033,0.3829021570237839,0.04468939644505002,0.23070641476335368,False
2025-07-22 20:00:00,8386.826568265682,44.40939597315436,4806.54,22.9,72.38255033557047,0.3080808750475767,0.03703312819351662,0.1861093889632497,False
2025-07-22 21:00:00,6589.6494464944635,44.412080536912754,4596.42,22.9,72.3889932885906,0.31414293304269386,0.031717905212783504,0.18705167051923421,False
2025-07-22 22:00:00,4792.472324723247,44.41476510067114,4277.41,22.9,72.39543624161074,0.3739932605748798,0.02163987749251197,0.2154342381878143,False
2025-07-22 23:00:00,4043.648523985239,44.41744966442953,3938.15,22.9,72.40187919463087,0.38904214112016,0.017810296558986728,0.22198781106763205,False
2025-07-23 00:00:00,5667.0701107011055,44.42013422818792,3783.51,23.3,72.408322147651,0.46103596684429254,0.040563943396800396,0.2718235562929211,False
2025-07-23 01:00:00,4636.693726937268,44.422818791946305,3677.39,23.3,72.41476510067113,0.4644353530247538,0.025957848027364634,0.26712047577592873,False
2025-07-23 02:00:00,3863.9114391143903,44.4255033557047,3588.29,23.3,72.42120805369127,0.4859438583663736,0.022391787512701065,0.277345426482221,False
2025-07-23 03:00:00,3863.9114391143903,44.428187919463085,3504.84,23.3,72.4276510067114,0.5294567190625135,0.019205306383289638,0.2998435833568628,False
2025-07-23 04:00:00,5151.881918819188,44.43087248322148,3576.24,23.3,72.43409395973154,0.502107695001485,0.02071736903872177,0.2854820483182416,False
2025-07-23 05:00:00,8243.0110701107,44.433557046979864,3654.37,23.3,72.44053691275168,0.5530545000770314,0.014630456312368648,0.31076368038293317,False
2025-07-23 06:00:00,13137.298892988929,44.43624161073826,4096.91,23.3,72.44697986577181,0.6303955143740411,0.014603967310062287,0.3532893181952506,False
2025-07-23 07:00:00,16486.0221402214,44.43892617449664,5132.48,23.3,72.45342281879195,0.6608583578471633,0.039798002989945576,0.38138119816141536,False
2025-07-23 08:00:00,17773.992619926197,44.44161073825504,5522.01,23.3,72.45986577181208,0.5864941268334413,0.02121602516206953,0.33211898108132404,False
2025-07-23 09:00:00,14425.269372693723,44.44429530201342,5952.72,23.3,72.46630872483222,0.5191666615815165,0.02308630865926026,0.29593050276650124,False
2025-07-23 10:00:00,12106.92250922509,44.44697986577181,6048.37,23.3,72.47275167785234,0.4645953260608189,0.0075293644361048686,0.2589156433296976,False
2025-07-23 11:00:00,11076.546125461256,44.4496644295302,5894.749999999999,23.3,72.47919463087248,0.398635302393642,0.004612803140385977,0.2213251777296768,False
2025-07-23 12:00:00,10561.357933579337,44.45234899328859,5721.5,23.3,72.48563758389261,0.3297261158782305,0.023059130642517148,0.19172597252215948,False
2025-07-23 13:00:00,10818.952029520296,44.45503355704698,5428.030000000001,23.3,72.49208053691275,0.22717005974946802,0.02314814689213856,0.13536019896366977,False
2025-07-23 14:00:00,11591.734317343173,44.45771812080537,5176.85,23.3,72.49852348993288,0.24353438570917735,0.015705816814467012,0.1410115297065577,False
2025-07-23 15:00:00,13137.298892988929,44.46040268456376,5417.04,23.3,72.50496644295302,0.23019095902574882,0.04135924294360847,0.14521668678878566,False
2025-07-23 16:00:00,16228.42804428044,44.46308724832215,5200.93,23.3,72.51140939597315,0.2618840528909256,0.0164343644097973,0.1514316930744179,False
2025-07-23 17:00:00,19834.745387453873,44.46577181208054,5078.26,23.3,72.51785234899329,0.2032467176034078,0.01332608992317429,0.11778243514730273,False
2025-07-23 18:00:00,21380.309963099633,44.468456375838926,4846.67,23.3,72.52429530201341,0.2467387980750057,0.013879332681899809,0.14195203864810804,False
2025-07-23 19:00:00,18289.180811808114,44.47114093959731,5099.02,23.3,72.53073825503355,0.2531026571244031,0.043811837334181605,0.15892178821880343,False
2025-07-23 20:00:00,14425.269372693723,44.473825503355705,4888.72,23.3,72.5371812080537,0.2210591075924953,0.03964256924214777,0.13942166533483893,False
2025-07-23 21:00:00,11334.140221402213,44.47651006711409,4664.07,23.3,72.54362416107382,0.17884387400684681,0.02460086561313494,0.10943452022967648,False
2025-07-23 22:00:00,8243.0110701107,44.479194630872485,4380.76,23.3,72.55006711409396,0.2059576160161588,0.006828005236250341,0.1163492911652,False
2025-07-23 23:00:00,6955.0405904059035,44.48187919463087,4053.01,23.3,72.55651006711409,0.1889144151634095,0.010638492853659694,0.10869025012402211,False
2025-07-24 00:00:00,6106.0147601476,44.484563758389264,3733.2,22.0,72.56295302013423,0.25895503134304715,0.04940489672940035,0.1646574707669061,False
2025-07-24 01:00:00,4995.8302583025825,44.48724832214765,3731.35,22.0,72.56939597315436,0.21659338279782447,0.02230433739900709,0.12916331236835665,False
2025-07-24 02:00:00,4163.191881918819,44.48993288590604,3626.63,22.0,72.5758389261745,0.22314280089473393,0.010415346476649733,0.12741544640659605,False
2025-07-24 03:00:00,4163.191881918819,44.49261744966443,3541.95,22.0,72.58228187919462,0.31237773937150876,0.011241657282979621,0.17686650243167065,False
2025-07-24 04:00:00,5550.922509225093,44.495302013422815,3582.0,22.0,72.58872483221477,0.3331296325742206,0.015285595836128377,0.19009981604207915,False
2025-07-24 05:00:00,8881.476014760148,44.49798657718121,3687.7,22.0,72.59516778523489,0.37631862872596733,0.020724938594485823,0.21630146816680068,False
2025-07-24 06:00:00,14154.852398523984,44.500671140939595,4092.6,22.0,72.60161073825503,0.46252674969458896,0.015223008932721778,0.26124006635174873,False
2025-07-24 07:00:00,17762.952029520296,44.50335570469799,5145.93,22.0,72.60805369127516,0.5579900675250636,0.033044722500876256,0.3217646622641793,False
2025-07-24 08:00:00,19150.682656826568,44.506040268456374,5424.5,22.0,72.6144966442953,0.4641140906221397,0.031881712367681114,0.26960952040763336,False
2025-07-24 09:00:00,15542.583025830256,44.50872483221477,5919.7,22.0,72.62093959731543,0.4912348904924473,0.017776548768730638,0.27817863671677484,False
2025-07-24 10:00:00,13044.667896678966,44.51140939597315,6108.12,22.0,72.62738255033557,0.43610540158120326,0.006195121575271532,0.242645775578534,False
2025-07-24 11:00:00,11934.483394833947,44.51409395973155,6053.79,22.0,72.63382550335571,0.36744769905932556,0.004197763512932791,0.20398522806344882,False
2025-07-24 12:00:00,11379.39114391144,44.51677852348993,5647.92,22.0,72.64026845637584,0.28582232312267253,0.02413515199851913,0.1680630961168035,False
2025-07-24 13:00:00,11656.937269372696,44.51946308724832,5372.5,22.0,72.64671140939598,0.20632243807351658,0.015548249692479789,0.12047405330205004,False
2025-07-24 14:00:00,12489.575645756457,44.52214765100671,5080.84,22.0,72.6531543624161,0.235359797984579,0.012760905049429644,0.1351902961637618,False
2025-07-24 15:00:00,14154.852398523984,44.5248322147651,5202.98,22.0,72.65959731543624,0.23335412008840745,0.026637865362659528,0.1403318054618209,False
2025-07-24 16:00:00,17485.40590405904,44.52751677852349,5244.3,22.0,72.66604026845637,0.2558164881716509,0.017865025660672954,0.14873833004171086,False
2025-07-24 17:00:00,21371.051660516605,44.53020134228188,5015.13,22.0,72.67248322147651,0.3106796205264497,0.006476794890222602,0.17378834899014753,False
2025-07-24 18:00:00,23036.328413284133,44.53288590604027,4853.77,22.0,72.67892617449664,0.3762581802804337,0.003211935749901613,0.20838737024169426,False
2025-07-24 19:00:00,19705.774907749073,44.53557046979866,5117.5599999999995,22.0,72.68536912751678,0.3683511422632261,0.032513041245347596,0.21722399680518076,False
2025-07-24 20:00:00,15542.583025830256,44.53825503355705,4916.17,22.0,72.6918120805369,0.33211010191512186,0.03081933336251046,0.19652925606644675,False
2025-07-24 21:00:00,12212.0295202952,44.54093959731544,4634.65,22.0,72.69825503355705,0.26497674989522935,0.017208344597839514,0.15348096751140392,False
2025-07-24 22:00:00,8881.476014760148,44.54362416107382,4261.2,22.0,72.70469798657717,0.24924395725295495,0.005991482938246968,0.1397803438113364,False
2025-07-24 23:00:00,7493.745387453874,44.546308724832215,3943.48,22.0,72.71114093959731,0.26277032875075595,0.017011309006518913,0.1521787698658493,False
2025-07-25 00:00:00,6454.523985239851,44.5489932885906,3797.4,22.4,72.71758389261744,0.3028119482986562,0.03906007658978198,0.18412360602966282,False
2025-07-25 01:00:00,5280.974169741697,44.551677852348995,3725.17,22.4,72.72402684563758,0.2519294774134069,0.01901988257909351,0.14712015973796588,False
2025-07-25 02:00:00,4400.811808118081,44.55436241610738,3596.49,22.4,72.73046979865772,0.2489515814052416,0.012065758913187008,0.14235296128381703,False
2025-07-25 03:00:00,4400.811808118081,44.557046979865774,3572.43,22.4,72.73691275167785,0.2553252092507077,0.015079514704436841,0.14721464670488582,False
2025-07-25 04:00:00,5867.749077490775,44.55973154362416,3589.89,22.4,72.74335570469799,0.3183008244293889,0.01986673795233735,0.18400548551471574,False
2025-07-25 05:00:00,9388.39852398524,44.56241610738255,3667.08,22.4,72.74979865771812,0.39557213956160286,0.016469147312864148,0.22497579304967044,False
2025-07-25 06:00:00,14962.760147601472,44.56510067114094,4023.0,22.4,72.75624161073826,0.48679752224836775,0.004109099944933422,0.26958773221182236,False
2025-07-25 07:00:00,18776.79704797048,44.567785234899326,5098.05,22.4,72.76268456375838,0.5746600995890634,0.02619995217793249,0.3278530332540545,False
2025-07-25 08:00:00,20253.734317343173,44.57046979865772,5300.48,22.4,72.76912751677852,0.4924261517287313,0.029073415678686394,0.2839174205062111,False
2025-07-25 09:00:00,16429.697416974166,44.573154362416105,5539.860000000001,22.4,72.77557046979865,0.46196070417596036,0.020798329237773087,0.26343763545377613,False
2025-07-25 10:00:00,13789.21033210332,44.5758389261745,5873.6,22.4,72.78201342281879,0.4359025900646464,0.009861836397461025,0.24418425091441298,False
2025-07-25 11:00:00,12615.660516605163,44.57852348993288,5800.1,22.4,72.78845637583892,0.3448351661878653,0.006290181988225775,0.19248992329802753,False
2025-07-25 12:00:00,12028.88560885609,44.58120805369128,5456.3,22.4,72.79489932885906,0.2621081500514574,0.021152891162609103,0.15367828355147567,False
2025-07-25 13:00:00,12322.273062730628,44.58389261744966,5322.2,22.4,72.80134228187919,0.1779885907485662,0.01313537775762253,0.10380464490264157,False
2025-07-25 14:00:00,13202.435424354242,44.58657718120806,5171.4,22.4,72.80778523489933,0.18401204554559109,0.007943201975134428,0.1047810659388856,False
2025-07-25 15:00:00,14962.760147601472,44.58926174496644,4900.2,22.4,72.81422818791945,0.18939171825775036,0.019568066329156798,0.11297107488988327,False
2025-07-25 16:00:00,18483.40959409594,44.59194630872483,4725.7,22.4,72.8206711409396,0.23863062583476247,0.017669450433991093,0.13919809690441534,False
2025-07-25 17:00:00,22590.83394833948,44.59463087248322,4765.0,22.4,72.82711409395974,0.33370016990246026,0.018048139607404465,0.19165675626968517,False
2025-07-25 18:00:00,24351.158671586716,44.59731543624161,4730.7,22.4,72.83355704697986,0.43677187673337514,0.009086510173568745,0.2443134617814623,False
2025-07-25 19:00:00,20830.509225092246,44.6,4948.0,22.4,72.84,0.4504922902405968,0.03596420281642897,0.2639546508997213,False
2025-07-25 20:00:00,16429.697416974166,44.60268456375839,4792.4,22.4,72.84644295302013,0.43092663276043947,0.0374923561782176,0.25388120829843963,False
2025-07-25 21:00:00,12909.047970479702,44.60536912751678,4590.3,22.4,72.85288590604027,0.3146930050813615,0.021566085549496856,0.1827858912920224,False
2025-07-25 22:00:00,9388.39852398524,44.60805369127517,4232.87,22.4,72.8593288590604,0.3253586890393306,0.00860444329528113,0.18281927845450832,False
2025-07-25 23:00:00,7921.461254612545,44.61073825503356,3910.3,22.4,72.86577181208054,0.26912369580439555,0.01902145941424778,0.15657768942882908,False
2025-07-26 00:00:00,3489.8819188191874,44.613422818791946,3683.02,23.0,72.87221476510067,0.4791918704650476,0.055653359466165474,0.28859954051555065,False
2025-07-26 01:00:00,2855.357933579335,44.61610738255033,3581.0,23.0,72.8786577181208,0.42980017038782625,0.027212310548453907,0.24863563346010872,False
2025-07-26 02:00:00,2379.4649446494464,44.618791946308725,3491.3,23.0,72.88510067114093,0.4313098370837033,0.017102248600031043,0.24491642226605082,False
2025-07-26 03:00:00,2379.4649446494464,44.62147651006711,3468.34,23.0,72.89154362416107,0.45047861702795344,0.014637959789892196,0.2543503212708259,False
2025-07-26 04:00:00,3172.619926199262,44.624161073825505,3593.15,23.0,72.8979865771812,0.4184783820489761,0.01753199245780032,0.238052506732947,False
2025-07-26 05:00:00,5076.1918819188195,44.62684563758389,3562.1800000000003,23.0,72.90442953020134,0.506070630800509,0.0254431040411954,0.28978824375881784,False
2025-07-26 06:00:00,8090.180811808117,44.62953020134229,4035.28,23.0,72.91087248322147,0.5341116790235064,0.007775881965666154,0.2972605703474783,False
2025-07-26 07:00:00,10152.38376383764,44.63221476510067,5096.74,23.0,72.91731543624161,0.5736582635964743,0.02970007174190518,0.3288770772619182,False
2025-07-26 08:00:00,10945.538745387454,44.63489932885906,5365.78,23.0,72.92375838926175,0.503651542249884,0.04442639190930839,0.29700022459662495,False
2025-07-26 09:00:00,8883.335793357932,44.63758389261745,5843.75,23.0,72.93020134228188,0.4971442002179886,0.03787286827215922,0.2904721008423654,False
2025-07-26 10:00:00,7455.656826568264,44.64026845637584,6009.93,23.0,72.93664429530202,0.3944480956855365,0.026999584335854403,0.22909626557817958,False
2025-07-26 11:00:00,6821.132841328413,44.64295302013423,5712.18,23.0,72.94308724832214,0.4100041201912875,0.03265382580031406,0.2401964877153495,False
2025-07-26 12:00:00,6503.870848708487,44.645637583892615,5590.5199999999995,23.0,72.94953020134228,0.34021129271040157,0.03860602293245415,0.20448892131032526,False
2025-07-26 13:00:00,6662.501845018451,44.64832214765101,5344.700000000001,23.0,72.95597315436241,0.30035063302606824,0.03739703745966414,0.1820215150211864,False
2025-07-26 14:00:00,7138.394833948339,44.651006711409394,4955.799999999999,23.0,72.96241610738255,0.29959554471098293,0.03428225317634885,0.1802045635203976,False
2025-07-26 15:00:00,8090.180811808117,44.65369127516779,5008.7,23.0,72.96885906040268,0.28927508642079736,0.028531094968942756,0.1719402902674628,False
2025-07-26 16:00:00,9993.752767527674,44.656375838926174,4991.6,23.0,72.97530201342282,0.284626485241933,0.028603623347432477,0.16941619738940777,False
2025-07-26 17:00:00,12214.586715867155,44.65906040268457,4882.1,23.0,72.98174496644295,0.27237867685125533,0.028186513054100425,0.16249220314253562,False
2025-07-26 18:00:00,13166.372693726938,44.66174496644295,4761.9,23.0,72.98818791946309,0.2642343340504822,0.025689333299668427,0.15688908371261603,False
2025-07-26 19:00:00,11262.800738007378,44.66442953020134,5068.2,23.0,72.99463087248321,0.3443102344463269,0.04145798723464641,0.2080267232010707,False
2025-07-26 20:00:00,8883.335793357932,44.66711409395973,4855.8,23.0,73.00107382550335,0.27261350369412957,0.021154862935333234,0.1594571153526712,False
2025-07-26 21:00:00,6979.763837638375,44.66979865771812,4583.9,23.0,73.00751677852348,0.2862120479586158,0.017155626153043675,0.16513665814610837,False
2025-07-26 22:00:00,5076.1918819188195,44.67248322147651,4297.5,23.0,73.01395973154362,0.3212578696636709,0.008709663854218844,0.1806111770494175,False
2025-07-26 23:00:00,4283.036900369004,44.6751677852349,3887.2,23.0,73.02040268456376,0.37262181389619864,0.012818175824467603,0.21071017676391968,False
2025-07-27 00:00:00,6342.981549815497,44.67785234899329,3692.3,23.7,73.02684563758389,0.4060147669561324,0.03441103063788068,0.23879308561291915,False
2025-07-27 01:00:00,5189.712177121771,44.68053691275168,3551.0,23.7,73.03328859060403,0.4136818272631748,0.025787259546370202,0.23912927179061277,False
2025-07-27 02:00:00,4324.760147601476,44.68322147651007,3413.2999999999997,23.7,73.03973154362416,0.46101560668551006,0.02511371382458422,0.26485975489809344,False
2025-07-27 03:00:00,4324.760147601476,44.685906040268456,3433.0,23.7,73.0461744966443,0.45038985795611464,0.022668631991387758,0.25791530627198755,False
2025-07-27 04:00:00,5766.346863468635,44.68859060402684,3460.7,23.7,73.05261744966442,0.49237678267902785,0.024386877167062244,0.28178132519864335,False
2025-07-27 05:00:00,9226.154981549817,44.69127516778523,3560.0,23.7,73.05906040268457,0.5255009485199302,0.018283970468987044,0.2972533083970058,False
2025-07-27 06:00:00,14704.18450184502,44.69395973154362,3558.2999999999997,23.7,73.06550335570469,0.6665202473532152,0.02288803260156302,0.37688575071497177,False
2025-07-27 07:00:00,18452.309963099633,44.696644295302015,4465.6,23.7,73.07194630872483,0.65158515993206,0.028863649857733927,0.3713604803986133,False
2025-07-27 08:00:00,19893.89667896679,44.6993288590604,4834.65,23.7,73.07838926174496,0.5702483196023906,0.028472901379394375,0.3264493814020423,False
2025-07-27 09:00:00,16145.771217712176,44.702013422818794,5120.1,23.7,73.0848322147651,0.5534144750766781,0.035549126503926505,0.3203750682189399,False
2025-07-27 10:00:00,13550.915129151292,44.70469798657718,5118.06,23.7,73.09127516778523,0.40143403952427026,0.02936807649973366,0.2340043561632288,False
2025-07-27 11:00:00,12397.645756457568,44.70738255033557,4831.97,23.7,73.09771812080537,0.37984626122167164,0.03139093180136043,0.2230413629825316,False
2025-07-27 12:00:00,11821.011070110704,44.71006711409396,4583.780000000001,23.7,73.1041610738255,0.26986090528444023,0.036984471752831816,0.16506651019521645,False
2025-07-27 13:00:00,12109.328413284136,44.712751677852346,4405.46,23.7,73.11060402684564,0.2369909537681011,0.027104405365313864,0.14254200698684685,False
2025-07-27 14:00:00,12974.280442804426,44.71543624161074,4344.969999999999,23.7,73.11704697986578,0.23265453284283533,0.02934575505904433,0.14116558284012937,False
2025-07-27 15:00:00,14704.18450184502,44.718120805369125,4457.750000000001,23.7,73.1234899328859,0.2570125342299897,0.04878067683258828,0.1633081984011591,False
2025-07-27 16:00:00,18163.9926199262,44.72080536912752,4531.990000000001,23.7,73.12993288590604,0.3492707782171299,0.03725978044348657,0.20886582921899038,False
2025-07-27 17:00:00,22200.435424354244,44.723489932885904,4608.71,23.7,73.13637583892617,0.4791069116447032,0.039970819299838416,0.28149567008951404,False
2025-07-27 18:00:00,23930.33948339484,44.7261744966443,4607.17,23.7,73.14281879194631,0.5526963524194133,0.03483053736749483,0.31965673564605,False
2025-07-27 19:00:00,20470.53136531365,44.72885906040269,4828.8,23.7,73.14926174496644,0.5526079608352431,0.07777308753508795,0.33893226785017333,False
2025-07-27 20:00:00,16145.771217712176,44.73154362416108,4842.6,23.7,73.15570469798658,0.48876369319086616,0.07946713586412209,0.3045802423938313,False
2025-07-27 21:00:00,12685.963099630992,44.73422818791946,4609.5,23.7,73.1621476510067,0.3855973370664816,0.04169044828489024,0.23083923711476548,False
2025-07-27 22:00:00,9226.154981549817,44.73691275167785,4309.4,23.7,73.16859060402685,0.3209087248364114,0.0252342069988585,0.18785519180951263,False
2025-07-27 23:00:00,7784.5682656826575,44.73959731543624,3942.78,23.7,73.17503355704697,0.3188816098219436,0.02818993370190571,0.18807035556792656,False
2025-07-28 00:00:00,6088.378228782287,44.74228187919463,3781.0,22.8,73.18147651006711,0.36388469696223463,0.06689869061783994,0.23024099410725704,False
2025-07-28 01:00:00,4981.400369003689,44.74496644295302,3646.0,22.8,73.18791946308724,0.32066089047134827,0.03829445959031585,0.1935959965748837,False
2025-07-28 02:00:00,4151.1669741697415,44.74765100671141,3465.0,22.8,73.19436241610738,0.38168474795328966,0.02358940855051706,0.220541845222042,False
2025-07-28 03:00:00,4151.1669741697415,44.7503355704698,3477.0,22.8,73.20080536912751,0.3902851421899771,0.023619235823800665,0.2252854843251977,False
2025-07-28 04:00:00,5534.889298892989,44.75302013422819,3474.3,22.8,73.20724832214765,0.40747670948712544,0.02566267264034498,0.23566039290607424,False
2025-07-28 05:00:00,8855.822878228782,44.75570469798658,3411.2999999999997,22.8,73.21369127516779,0.48228950936590376,0.031242117196378694,0.2793181828896175,False
2025-07-28 06:00:00,14113.967712177122,44.758389261744966,3482.5,22.8,73.22013422818792,0.4994440745699501,0.03276449712517158,0.2894382647197998,False
2025-07-28 07:00:00,17711.645756457565,44.76107382550335,3944.53,22.8,73.22657718120806,0.5489073309483289,0.03071122512104753,0.3157190833260523,False
2025-07-28 08:00:00,19095.368081180815,44.763758389261746,4341.91,22.8,73.23302013422818,0.5699368416031252,0.023552722584416617,0.3240639880447064,False
2025-07-28 09:00:00,15497.690036900369,44.76644295302013,4878.88,22.8,73.23946308724832,0.5641751479798158,0.018277676696901956,0.3185212859025046,False
2025-07-28 10:00:00,13006.989852398525,44.769127516778525,4937.35,22.8,73.24590604026845,0.4069102878651045,0.012754260747435162,0.22954007566215334,False
2025-07-28 11:00:00,11900.011992619928,44.77181208053691,4897.11,22.8,73.25234899328859,0.3551434186747231,0.012117227240480036,0.20078163252931372,False
2025-07-28 12:00:00,11346.52306273063,44.774496644295304,4906.79,22.8,73.25879194630872,0.2934416842220196,0.015772982289759156,0.16849076835250243,False
2025-07-28 13:00:00,11623.26752767528,44.77718120805369,4767.72,22.8,73.26523489932886,0.21968055649092544,0.015362465278147264,0.12773741544517528,False
2025-07-28 14:00:00,12453.500922509224,44.77986577181208,4584.33,22.8,73.27167785234899,0.27553901167939215,0.016857482727217918,0.15913232365091376,False
2025-07-28 15:00:00,14113.967712177122,44.78255033557047,4366.01,22.8,73.27812080536913,0.2747647428885163,0.014632094069692285,0.1577050509200455,False
2025-07-28 16:00:00,17434.901291512917,44.785234899328856,4254.96,22.8,73.28456375838925,0.33224435994077606,0.015179925731843007,0.1895653645467562,False
2025-07-28 17:00:00,21309.32380073801,44.78791946308725,4116.33,22.8,73.2910067114094,0.3733550635814028,0.018422428921811198,0.2136353779845866,False
2025-07-28 18:00:00,22969.790590405908,44.790604026845635,4012.7000000000007,22.8,73.29744966442952,0.5088638431473366,0.019882676846348386,0.2888223183118919,False
2025-07-28 19:00:00,19648.857011070108,44.79328859060403,4332.8,22.8,73.30389261744966,0.5248243183836261,0.03644648494778738,0.30505429333749867,False
2025-07-28 20:00:00,15497.690036900369,44.795973154362414,4264.8,22.8,73.3103355704698,0.417054608170537,0.029595633981865894,0.24269806978563502,False
2025-07-28 21:00:00,12176.756457564574,44.79865771812081,4121.1,22.8,73.31677852348993,0.33459158831015906,0.01093204731087245,0.18894479486048008,False
2025-07-28 22:00:00,8855.822878228782,44.801342281879194,3918.400000000001,22.8,73.32322147651007,0.3176160317208679,0.0044417713352386595,0.17668761454733475,False
2025-07-28 23:00:00,7472.100553505536,44.80402684563759,3648.8,22.8,73.3296644295302,0.3123385723207914,0.014222322504784016,0.17818625990358808,False
2025-07-29 00:00:00,5968.4538745387445,44.80671140939597,3504.35,24.0,73.33610738255034,0.39926305579695265,0.028538705805385884,0.2324370983007476,False
2025-07-29 01:00:00,4883.280442804427,44.80939597315436,3554.06,24.0,73.34255033557046,0.33354076206714445,0.01663227778558768,0.19093194414044393,False
2025-07-29 02:00:00,4069.40036900369,44.81208053691275,3507.22,24.0,73.3489932885906,0.33762124405942323,0.011370736414127874,0.19080851561904033,False
2025-07-29 03:00:00,4069.40036900369,44.81476510067114,3388.96,24.0,73.35543624161073,0.35346360326427445,0.013610958001234033,0.20052991289590627,False
2025-07-29 04:00:00,5425.867158671586,44.81744966442953,3413.03,24.0,73.36187919463087,0.4129003816836998,0.019443365706694395,0.2358447244940474,False
2025-07-29 05:00:00,8681.387453874539,44.82013422818792,3578.78,24.0,73.368322147651,0.5200869185800366,0.02249003654929492,0.2961683216662029,False
2025-07-29 06:00:00,13835.961254612545,44.82281879194631,4133.22,24.0,73.37476510067114,0.6026448521339173,0.022296860071570907,0.34148825570586144,False
2025-07-29 07:00:00,17362.774907749077,44.8255033557047,5224.35,24.0,73.38120805369127,0.6907085294719145,0.06998644571643849,0.41138359178195033,False
2025-07-29 08:00:00,18719.241697416972,44.82818791946309,5683.73,24.0,73.38765100671141,0.6033628682971952,0.05350958617603282,0.35592889134267214,False
2025-07-29 09:00:00,15192.42804428044,44.83087248322147,5945.759999999999,24.0,73.39409395973153,0.5630359765090326,0.04309075315541498,0.3290606259999047,False
2025-07-29 10:00:00,12750.787822878228,44.83355704697986,6432.46,24.0,73.40053691275168,0.506021084922365,0.03656972199009639,0.2947679716028441,False
2025-07-29 11:00:00,11665.61439114391,44.836241610738256,6176.4400000000005,24.0,73.4069798657718,0.428394629567467,0.01826462014197595,0.24383612532599605,False
2025-07-29 12:00:00,11123.027675276751,44.83892617449664,6147.51,24.0,73.41342281879194,0.36734566052579964,0.028445114052005702,0.2148404146125924,False
2025-07-29 13:00:00,11394.321033210334,44.841610738255035,5978.09,24.0,73.41986577181208,0.2928348199087572,0.028522272779907026,0.17389417370077465,False
2025-07-29 14:00:00,12208.201107011068,44.84429530201342,5753.21,24.0,73.42630872483221,0.28745279873027024,0.01976486779467904,0.1669932298092542,False
2025-07-29 15:00:00,13835.961254612545,44.846979865771814,5684.490000000001,24.0,73.43275167785235,0.25850094029551807,0.023215009833274347,0.1526222715875084,False
2025-07-29 16:00:00,17091.481549815497,44.8496644295302,5677.89,24.0,73.43919463087248,0.2986447151568189,0.021650656020634696,0.173997388545536,False
2025-07-29 17:00:00,20889.588560885608,44.852348993288594,5206.97,24.0,73.44563758389262,0.36029656165200574,0.020695595891311463,0.20747612705969332,False
2025-07-29 18:00:00,22517.348708487087,44.85503355704698,4992.6,24.0,73.45208053691275,0.4432824805082308,0.030775471654560054,0.257654326524079,False
2025-07-29 19:00:00,19261.82841328413,44.857718120805366,5285.0,24.0,73.45852348993289,0.3843248866181546,0.05067475883310858,0.2341823291148839,False
2025-07-29 20:00:00,15192.42804428044,44.86040268456376,5112.700000000001,24.0,73.46496644295301,0.29576488137113444,0.04468389818661711,0.18277843893810164,False
2025-07-29 21:00:00,11936.907749077487,44.863087248322145,4761.400000000001,24.0,73.47140939597315,0.2572837654183578,0.030308874262003776,0.1551450643979985,False
2025-07-29 22:00:00,8681.387453874539,44.86577181208054,4537.2,24.0,73.47785234899328,0.2394344409714293,0.018612265039421858,0.14006446180202595,False
2025-07-29 23:00:00,7324.920664206642,44.868456375838925,4211.9,24.0,73.48429530201342,0.2232924313184808,0.01977215430029816,0.13170830666029865,False
2025-07-30 00:00:00,6569.577490774906,44.87114093959732,4139.0,22.1,73.49073825503355,0.2290828829894908,0.05886076270676889,0.15248292886226594,False
2025-07-30 01:00:00,5375.10885608856,44.873825503355704,4072.5,22.1,73.49718120805369,0.19546640356458816,0.024038370695296043,0.11832378877340673,False
2025-07-30 02:00:00,4479.2573800738,44.8765100671141,3828.5,22.1,73.50362416107382,0.210109306204383,0.013847725583202207,0.12179159492485166,False
2025-07-30 03:00:00,4479.2573800738,44.87919463087248,3787.4,22.1,73.51006711409396,0.31465871393491174,0.013684042466779546,0.17922011177425226,False
2025-07-30 04:00:00,5972.343173431735,44.88187919463087,3868.3,22.1,73.5165100671141,0.35344494516937464,0.02068542740180411,0.20370316217396792,False
2025-07-30 05:00:00,9555.749077490776,44.88456375838926,3903.8,22.1,73.52295302013422,0.3452609138477505,0.021925213887295215,0.19975984886554563,False
2025-07-30 06:00:00,15229.47509225092,44.88724832214765,4201.0,22.1,73.52939597315437,0.47229642675570194,0.022694418501285417,0.2699755230412145,False
2025-07-30 07:00:00,19111.49815498155,44.88993288590604,5134.499999999999,22.1,73.53583892617449,0.5485380280747049,0.028708445399723965,0.3146147158709635,False
2025-07-30 08:00:00,20604.58394833948,44.89261744966443,5699.540000000001,22.1,73.54228187919463,0.5248592276692298,0.026068101158845138,0.30040322073955666,False
2025-07-30 09:00:00,16722.560885608855,44.89530201342282,5983.84,22.1,73.54872483221476,0.525641670977843,0.01999158519203188,0.298099132374228,False
2025-07-30 10:00:00,14035.006457564574,44.89798657718121,6246.54,22.1,73.5551677852349,0.4898677361614131,0.01077680413633643,0.2742768167501286,False
2025-07-30 11:00:00,12840.537822878228,44.9006711409396,6164.77,22.1,73.56161073825503,0.38553648062331003,0.01139149051974099,0.21717123507670397,False
2025-07-30 12:00:00,12243.303505535056,44.90335570469799,5953.7699999999995,22.1,73.56805369127517,0.30675062838905803,0.02177224158732662,0.1785103543282789,False
2025-07-30 13:00:00,12541.920664206644,44.90604026845637,5635.33,22.1,73.5744966442953,0.2538181282125413,0.025857700040641463,0.15123593553518638,False
2025-07-30 14:00:00,13437.7721402214,44.908724832214766,5459.55,22.1,73.58093959731544,0.24996930156518676,0.015574120835249838,0.14449147023671516,False
2025-07-30 15:00:00,15229.47509225092,44.91140939597315,5623.360000000001,22.1,73.58738255033556,0.27534360885160436,0.0335877702602027,0.16655348148547364,False
2025-07-30 16:00:00,18812.880996309963,44.914093959731545,5483.5199999999995,22.1,73.5938255033557,0.28117337650911906,0.017638891619609406,0.16258285830883973,False
2025-07-30 17:00:00,22993.521217712176,44.91677852348993,5154.879999999999,22.1,73.60026845637583,0.4242309863318794,0.009681598219981765,0.2376837616815255,False
2025-07-30 18:00:00,24785.224169741698,44.91946308724832,4801.910000000001,22.1,73.60671140939597,0.5302197056643054,0.006803127290807269,0.2946822453962313,False
2025-07-30 19:00:00,21201.818265682658,44.92214765100671,5055.8,22.1,73.61315436241611,0.4826110218757297,0.028198221393002768,0.27812526165850254,False
2025-07-30 20:00:00,16722.560885608855,44.924832214765104,4906.3,22.1,73.61959731543624,0.45518117832470784,0.02568078675682647,0.26190600211916126,False
2025-07-30 21:00:00,13139.154981549813,44.92751677852349,4634.400000000001,22.1,73.62604026845638,0.37535664241251565,0.012906219502537054,0.2122539521030253,False
2025-07-30 22:00:00,9555.749077490776,44.93020134228187,4421.0,22.1,73.6324832214765,0.34230268859031404,0.006876456933828425,0.1913608843448955,False
2025-07-30 23:00:00,8062.663284132841,44.93288590604027,4221.5,22.1,73.63892617449665,0.32733285294008924,0.016931238805281686,0.18765212657942584,False
2025-07-31 00:00:00,4619.0258302583015,44.935570469798655,4080.58,22.8,73.64536912751677,0.4277150457414157,0.03925496986724031,0.2529080115980368,False
2025-07-31 01:00:00,3779.20295202952,44.93825503355705,3890.87,22.8,73.65181208053691,0.347469619508092,0.01654954324225468,0.19855558518846522,False
2025-07-31 02:00:00,3149.335793357933,44.940939597315435,3708.16,22.8,73.65825503355704,0.37418575072359456,0.01014896408624185,0.21036919673678584,False
2025-07-31 03:00:00,3149.335793357933,44.94362416107383,3748.72,22.8,73.66469798657718,0.3795774460669691,0.012687492988710393,0.2144769671817527,False
2025-07-31 04:00:00,4199.114391143911,44.946308724832214,3833.71,22.8,73.67114093959731,0.4011138832538403,0.014252682191930745,0.22702634277598102,False
2025-07-31 05:00:00,6718.5830258302585,44.94899328859061,3894.88,22.8,73.67758389261745,0.45741152613714137,0.016872399076411103,0.25916891895981276,False
2025-07-31 06:00:00,10707.741697416974,44.95167785234899,4215.36,22.8,73.68402684563758,0.4944736224884445,0.004083822131658821,0.273798212327891,False
2025-07-31 07:00:00,13437.166051660515,44.95436241610738,5224.37,22.8,73.69046979865772,0.5489991515062184,0.020980492932529696,0.3113907551480585,False
2025-07-31 08:00:00,14486.944649446494,44.95704697986577,5582.67,22.8,73.69691275167784,0.47117704784136494,0.028242130910139992,0.2718563352223137,False
2025-07-31 09:00:00,11757.52029520295,44.95973154362416,5922.570000000001,22.8,73.70335570469798,0.43586202964347387,0.020669524868760673,0.24902540249485294,False
2025-07-31 10:00:00,9867.918819188191,44.96241610738255,6341.71,22.8,73.70979865771812,0.45558859163187215,0.012640044082763209,0.25626174523477313,False
2025-07-31 11:00:00,9028.095940959409,44.96510067114094,6183.88,22.8,73.71624161073825,0.3723794767762535,0.006473625239072353,0.207721843584522,False
2025-07-31 12:00:00,8608.184501845019,44.96778523489933,6116.389999999999,22.8,73.72268456375839,0.3143625786700012,0.018544861268881305,0.18124460583949728,False
2025-07-31 13:00:00,8818.140221402215,44.97046979865772,5924.5199999999995,22.8,73.72912751677852,0.2724707927079464,0.01987407781311249,0.15880227100527114,False
2025-07-31 14:00:00,9448.0073800738,44.97315436241611,5673.84,22.8,73.73557046979866,0.23439219627615493,0.0076976323235441535,0.1323796424974801,False
2025-07-31 15:00:00,10707.741697416974,44.9758389261745,5635.99,22.8,73.74201342281879,0.2650615438940408,0.005487876991206155,0.14825339378776523,False
2025-07-31 16:00:00,13227.21033210332,44.97852348993288,5490.870000000001,22.8,73.74845637583893,0.3351537159675031,0.005456551637203238,0.18678999201886817,False
2025-07-31 17:00:00,16166.59040590406,44.98120805369128,5270.3,22.8,73.75489932885905,0.321233668512955,0.010345859135812572,0.1813341542932409,False
2025-07-31 18:00:00,17426.324723247235,44.98389261744966,4901.36,22.8,73.7613422818792,0.36723560153771745,0.018716098658385038,0.21040182524201786,False
2025-07-31 19:00:00,14906.856088560882,44.986577181208055,4829.44,22.8,73.76778523489932,0.2431928001684624,0.017911607054050954,0.14181626326697724,False
2025-07-31 20:00:00,11757.52029520295,44.98926174496644,4769.22,22.8,73.77422818791946,0.2427430556741219,0.010299255267095957,0.13814334549096025,False
2025-07-31 21:00:00,9238.051660516605,44.991946308724835,4461.820000000001,22.8,73.78067114093959,0.23201153853613876,0.005236697174917429,0.12996285992358916,False
2025-07-31 22:00:00,6718.5830258302585,44.99463087248322,4209.0599999999995,22.8,73.78711409395973,0.2379510768759343,0.006305112036803363,0.1337103926983254,False
2025-07-31 23:00:00,5668.80442804428,44.997315436241614,3819.019999999999,22.8,73.79355704697986,0.258692957256513,0.01712881936773414,0.1499890952065625,False
2025-08-01 00:00:00,6601.440959409592,45.0,3791.5,23.11,73.8,0.2861762563856518,0.028716643246591223,0.17031943047307455,False
2025-08-01 01:00:00,5401.178966789667,45.0,3745.4,23.11,73.8,0.2644459868143163,0.01604988170478891,0.152667739515029,False
2025-08-01 02:00:00,4500.982472324723,45.0,3692.0,23.11,73.8,0.29547561463900873,0.01497484423378951,0.1692502679566601,False
2025-08-01 03:00:00,4500.982472324723,45.0,3632.0,23.11,73.8,0.289550956172016,0.020897969250333676,0.16865711205725895,False
2025-08-01 04:00:00,6001.309963099631,45.0,3621.6,23.11,73.8,0.34081463804415557,0.029494007446914886,0.20072035427539728,False
2025-08-01 05:00:00,9602.095940959409,45.0,3881.8,23.11,73.8,0.42942502888907974,0.02248172620212926,0.24630054267995205,False
2025-08-01 06:00:00,15303.340405904057,45.0,4052.1,23.11,73.8,0.5221387060851046,0.015134570774028005,0.29398684519512014,False
2025-08-01 07:00:00,19204.191881918818,45.0,5061.92,23.11,73.8,0.6038478600497,0.021185169588547506,0.34164964934218145,False
2025-08-01 08:00:00,20704.519372693725,45.0,5413.4400000000005,23.11,73.8,0.5044639346464963,0.016555935350845107,0.28490533496345327,False
2025-08-01 09:00:00,16803.667896678966,45.0,5669.82,23.11,73.8,0.4970191652391543,0.020228848791549077,0.28246352283773196,False
2025-08-01 10:00:00,14103.07841328413,45.0,5981.15,23.11,73.8,0.46253540564759954,0.016172794018787108,0.26167223041463394,False
2025-08-01 11:00:00,12902.816420664203,45.0,5935.15,23.11,73.8,0.4064466729607781,0.015255780522430762,0.2304107713635218,False
2025-08-01 12:00:00,12302.685424354244,45.0,5799.16,23.11,73.8,0.31235726197867114,0.029446100602317924,0.1850472393593122,False
2025-08-01 13:00:00,12602.750922509224,45.0,5516.41,23.11,73.8,0.2367641761688275,0.029276261351459592,0.14339461450101196,False
2025-08-01 14:00:00,13502.947416974168,45.0,5369.349999999999,23.11,73.8,0.20991522829949794,0.023872457232691095,0.12619598131943488,False
2025-08-01 15:00:00,15303.340405904057,45.0,5423.839999999999,23.11,73.8,0.22275590783179677,0.03659486725350256,0.1389834395715644,False
2025-08-01 16:00:00,18904.126383763836,45.0,5308.75,23.11,73.8,0.2293618040280852,0.022032034341710503,0.1360634076692166,False
2025-08-01 17:00:00,23105.043357933577,45.0,5051.89,23.11,73.8,0.3212926610369682,0.01349620154544505,0.1827842542657828,False
2025-08-01 18:00:00,24905.43634686347,45.0,4946.5,23.11,73.8,0.42913602926379574,0.016206226050965535,0.24331761781802216,False
2025-08-01 19:00:00,21304.650369003684,45.0,4992.9,23.11,73.8,0.4224865581396495,0.03708066763177307,0.24905390741110514,False
2025-08-01 20:00:00,16803.667896678966,45.0,4842.4,23.11,73.8,0.4257678628946777,0.04125144257962875,0.2527354737529057,False
2025-08-01 21:00:00,13202.881918819185,45.0,4628.3,23.11,73.8,0.3434968033902677,0.025296728352424736,0.2003067696232384,False
2025-08-01 22:00:00,9602.095940959409,45.0,4398.5,23.11,73.8,0.34053924494058246,0.014011157782012808,0.19360160571922613,False
2025-08-01 23:00:00,8101.768450184501,45.0,4041.3,23.11,73.8,0.34553432342296303,0.028332000227030977,0.20279327798479363,False
2025-08-02 00:00:00,5664.878228782287,45.0,3769.47,23.235,74.6,0.5326420178801646,0.08827430792388063,0.33267654839983685,False
2025-08-02 01:00:00,4634.900369003689,45.0,3743.63,23.235,74.6,0.3861695414333747,0.039956098167588515,0.2303734919637709,False
2025-08-02 02:00:00,3862.416974169741,45.0,3605.83,23.235,74.6,0.36665303503628477,0.02432639474458045,0.21260604690501783,False
2025-08-02 03:00:00,3862.416974169741,45.0,3631.74,23.235,74.6,0.4251231578231758,0.024908742569514784,0.24502667095902836,False
2025-08-02 04:00:00,5149.889298892989,45.0,3549.5899999999997,23.235,74.6,0.4509464262596983,0.024943510620335712,0.25924511422198515,False
2025-08-02 05:00:00,8239.822878228782,45.0,3618.329999999999,23.235,74.6,0.4726683159255449,0.025898727253061565,0.27162200102292744,False
2025-08-02 06:00:00,13132.21771217712,45.0,4120.5599999999995,23.235,74.6,0.5544959370940015,0.012159267291632778,0.31044443568293556,False
2025-08-02 07:00:00,16479.645756457565,45.0,5112.71,23.235,74.6,0.5946749627771596,0.029040116300535244,0.3401392818626786,False
2025-08-02 08:00:00,17767.11808118081,45.0,5490.91,23.235,74.6,0.5067759514213613,0.03212701070596959,0.2931839280994351,False
2025-08-02 09:00:00,14419.690036900369,45.0,5703.1,23.235,74.6,0.44930412048464274,0.025006764656483913,0.2583703103619713,False
2025-08-02 10:00:00,12102.239852398525,45.0,5877.610000000001,23.235,74.6,0.37856501193576614,0.009605144294448885,0.21253307149717338,False
2025-08-02 11:00:00,11072.261992619926,45.0,5862.549999999999,23.235,74.6,0.33159955318057677,0.009478670797354809,0.1866451561081269,False
2025-08-02 12:00:00,10557.273062730628,45.0,5674.34,23.235,74.6,0.25988558191973593,0.02682306336672143,0.15500744857087942,False
2025-08-02 13:00:00,10814.767527675278,45.0,5552.85,23.235,74.6,0.2048825998882577,0.025251171783430695,0.12404845724108554,False
2025-08-02 14:00:00,11587.250922509224,45.0,5212.03,23.235,74.6,0.21442150458242998,0.009981495564000756,0.12242350052413684,False
2025-08-02 15:00:00,13132.21771217712,45.0,5222.65,23.235,74.6,0.204286239948977,0.012840377455992997,0.1181356018271342,False
2025-08-02 16:00:00,16222.151291512915,45.0,4989.49,23.235,74.6,0.24001714415601838,0.010002531421978527,0.13651056842570045,False
2025-08-02 17:00:00,19827.07380073801,45.0,4858.549999999999,23.235,74.6,0.25062646367736097,0.01725285831458136,0.14560834126411015,False
2025-08-02 18:00:00,21372.040590405904,45.0,4874.7,23.235,74.6,0.3450614970409738,0.01970377719983689,0.1986505231124622,False
2025-08-02 19:00:00,18282.107011070108,45.0,5076.1,23.235,74.6,0.34857743006863146,0.031167122736146535,0.20574279176901325,False
2025-08-02 20:00:00,14419.690036900369,45.0,4852.03,23.235,74.6,0.29284477562344075,0.029871715353537543,0.1745068985019843,False
2025-08-02 21:00:00,11329.756457564574,45.0,4708.2,23.235,74.6,0.226771231369085,0.023292331611046126,0.13520572647796752,False
2025-08-02 22:00:00,8239.822878228782,45.0,4319.04,23.235,74.6,0.28059989550546177,0.012985881889685549,0.16017358937836249,False
2025-08-02 23:00:00,6952.350553505535,45.0,3910.03,23.235,74.6,0.2759554711618837,0.027385408636381222,0.1640989430254076,False
2025-08-03 00:00:00,6427.145756457563,48.0,3735.65,23.285,68.0,0.5091957816245476,0.03619605451325053,0.29634590442446396,False
2025-08-03 01:00:00,5258.573800738007,48.0,3618.55,23.285,68.0,0.4140012234489663,0.024467400601052573,0.23871100316740512,False
2025-08-03 02:00:00,4382.1448339483395,48.0,3541.3,23.285,68.0,0.36892523534175736,0.01842337111897628,0.2111993964415059,False
2025-08-03 03:00:00,4382.1448339483395,48.0,3491.46,23.285,68.0,0.3936371137373793,0.020884246142552923,0.22589832331970744,False
2025-08-03 04:00:00,5842.859778597786,48.0,3592.6099999999997,23.285,68.0,0.38294603997695115,0.03032980778747967,0.224268735491689,False
2025-08-03 05:00:00,9348.575645756458,48.0,3556.53,23.285,68.0,0.4763152066682771,0.0351351214743202,0.2777841683309965,False
2025-08-03 06:00:00,14899.292435424357,48.0,3771.51,23.285,68.0,0.5464587920436386,0.03183162151281616,0.31487656530476854,False
2025-08-03 07:00:00,18697.151291512917,48.0,4564.94,23.285,68.0,0.5809439619396982,0.030593560680238694,0.3332862813729414,False
2025-08-03 08:00:00,20157.866236162365,48.0,4851.32,23.285,68.0,0.5544291654443478,0.036479666467833474,0.3213518909049164,False
2025-08-03 09:00:00,16360.0073800738,48.0,5240.71,23.285,68.0,0.4900527147003473,0.02523808195011987,0.280886129962745,False
2025-08-03 10:00:00,13730.720479704798,48.0,5666.84,23.285,68.0,0.41924460641271943,0.019363850946268333,0.23929826645281646,False
2025-08-03 11:00:00,12562.14852398524,48.0,5504.249999999999,23.285,68.0,0.35202531007687354,0.019666836188921448,0.20246399682729513,False
2025-08-03 12:00:00,11977.862546125463,48.0,5369.99,23.285,68.0,0.2297263879540738,0.01947343882515807,0.1351125608460617,False
2025-08-03 13:00:00,12270.005535055354,48.0,5179.99,23.285,68.0,0.1566053961471962,0.021159631867735285,0.0956548022214388,False
2025-08-03 14:00:00,13146.434501845017,48.0,4872.1,23.285,68.0,0.13502042353434401,0.021554889584045472,0.08396093325670967,False
2025-08-03 15:00:00,14899.292435424357,48.0,4969.099999999999,23.285,68.0,0.15046809370649872,0.029899377045851976,0.09621217120920769,False
2025-08-03 16:00:00,18405.008302583028,48.0,4871.4,23.285,68.0,0.1732404649072618,0.01920658003610883,0.10392521671524298,False
2025-08-03 17:00:00,22495.010147601475,48.0,4618.530000000001,23.285,68.0,0.26706633545035807,0.014803253695149232,0.1535479486605141,False
2025-08-03 18:00:00,24247.86808118082,48.0,4555.86,23.285,68.0,0.35918035660580944,0.014920416305656856,0.2042633834707408,False
2025-08-03 19:00:00,20742.152214022135,48.0,4876.0599999999995,23.285,68.0,0.4289957016237347,0.04121417445450512,0.2544940143975814,False
2025-08-03 20:00:00,16360.0073800738,48.0,4716.42,23.285,68.0,0.38178267007218886,0.03594728354308565,0.22615674613409242,False
2025-08-03 21:00:00,12854.291512915126,48.0,4537.22,23.285,68.0,0.2754947063588725,0.024233923845545013,0.16242735422787513,False
2025-08-03 22:00:00,9348.575645756458,48.0,4166.01,23.285,68.0,0.261543760088615,0.017073416282297613,0.1515321053757722,False
2025-08-03 23:00:00,7887.860701107012,48.0,3875.999999999999,23.285,68.0,0.19868550350175568,0.030887783513569,0.12317652950707168,False
2025-08-04 00:00:00,5616.088560885608,43.0,3661.8,24.21,66.6,0.5137799968249668,0.0344982706687492,0.2981032200546689,False
2025-08-04 01:00:00,4594.981549815498,43.0,3657.5,24.21,66.6,0.3716503542856105,0.04088899143606555,0.2228077410033153,False
2025-08-04 02:00:00,3829.151291512915,43.0,3528.0,24.21,66.6,0.34019280197864094,0.021351250279281787,0.19671410371392933,False
2025-08-04 03:00:00,3829.151291512915,43.0,3386.2999999999997,24.21,66.6,0.33509675034880754,0.01634548975802197,0.19165868308295406,False
2025-08-04 04:00:00,5105.535055350553,43.0,3479.4,24.21,66.6,0.352566965589869,0.017974325920697854,0.20200027773874202,False
2025-08-04 05:00:00,8168.856088560887,43.0,3471.1,24.21,66.6,0.4401078664313416,0.01857466843100395,0.25041792733118967,False
2025-08-04 06:00:00,13019.114391143912,43.0,3850.3,24.21,66.6,0.5059792073568805,0.010666946035108704,0.28308868976208323,False
2025-08-04 07:00:00,16337.712177121772,43.0,4028.57,24.21,66.6,0.3854762217448197,0.02420390250246612,0.22290367808576061,False
2025-08-04 08:00:00,17614.095940959414,43.0,4440.14,24.21,66.6,0.4258081019687278,0.016336453967792135,0.24154586036830678,False
2025-08-04 09:00:00,14295.498154981547,43.0,5090.7,24.21,66.6,0.36115700736840745,0.012802769791775824,0.20439760045892325,False
2025-08-04 10:00:00,11998.0073800738,43.0,5300.36,24.21,66.6,0.23851607471801262,0.004985892850543399,0.13342749287765146,False
2025-08-04 11:00:00,10976.900369003692,43.0,5079.09,24.21,66.6,0.20034554696583057,0.01049810644458779,0.11491419873127133,False
2025-08-04 12:00:00,10466.346863468638,43.0,5127.91,24.21,66.6,0.13514505201418758,0.00804412594850561,0.07794963528463071,False
2025-08-04 13:00:00,10721.623616236166,43.0,4756.52,24.21,66.6,0.07782353760698524,0.016495030799109394,0.050225709543441105,False
2025-08-04 14:00:00,11487.453874538744,43.0,4642.35,24.21,66.6,0.06156692461646074,0.005678746453681378,0.036417244443210026,False
2025-08-04 15:00:00,13019.114391143912,43.0,4407.0,24.21,66.6,0.14407904333346605,0.011722851289001347,0.08451875691345695,False
2025-08-04 16:00:00,16082.435424354244,43.0,4272.58,24.21,66.6,0.1729975266990813,0.0173472969851063,0.10295492332779256,False
2025-08-04 17:00:00,19656.30996309963,43.0,4063.69,24.21,66.6,0.21055188249101353,0.02554623201035013,0.12729933977471503,False
2025-08-04 18:00:00,21187.970479704803,43.0,3857.54,24.21,66.6,0.3119043830591715,0.03340123931464556,0.18657796837413484,False
2025-08-04 19:00:00,18124.649446494463,43.0,4309.0,24.21,66.6,0.2793110714481555,0.04047654088188554,0.17183553269333401,False
2025-08-04 20:00:00,14295.498154981547,43.0,4217.7,24.21,66.6,0.22610633205491515,0.020374146403057916,0.1335268485115794,False
2025-08-04 21:00:00,11232.177121771216,43.0,4096.6,24.21,66.6,0.19263959708178174,0.009499382296899575,0.11022650042858477,False
2025-08-04 22:00:00,8168.856088560887,43.0,3910.0,24.21,66.6,0.18657285185082645,0.004603728850494569,0.10468674650067711,False
2025-08-04 23:00:00,6892.472324723248,43.0,3624.0,24.21,66.6,0.19574305189994884,0.015922343467766036,0.11482373310546658,False
2025-08-05 00:00:00,4787.029520295202,44.0,3480.52,23.4,68.8,0.4749897139808119,0.03832067514897872,0.27848864650648697,False
2025-08-05 01:00:00,3916.6605166051654,44.0,3487.7000000000003,23.4,68.8,0.3372790654776415,0.015540179888170916,0.19249656696237977,False
2025-08-05 02:00:00,3263.883763837638,44.0,3403.82,23.4,68.8,0.3013443341608723,0.00541283284684315,0.1681751585695592,False
2025-08-05 03:00:00,3263.883763837638,44.0,3390.28,23.4,68.8,0.3680345524392058,0.006016625557979422,0.20512648534265393,False
2025-08-05 04:00:00,4351.845018450184,44.0,3423.35,23.4,68.8,0.39086856512702683,0.00847896163482123,0.21879324355553434,False
2025-08-05 05:00:00,6962.952029520295,44.0,3629.43,23.4,68.8,0.5026641321934209,0.023531852559627392,0.28705460635821384,False
2025-08-05 06:00:00,11097.204797047969,44.0,4010.22,23.4,68.8,0.44789017566892186,0.01137383868979533,0.25145782402831496,False
2025-08-05 07:00:00,13925.90405904059,44.0,5166.5599999999995,23.4,68.8,0.5426841842023449,0.05672434948077919,0.32400225857764037,False
2025-08-05 08:00:00,15013.865313653136,44.0,5551.459999999999,23.4,68.8,0.43170359355854415,0.05007487186256223,0.2599706687953523,False
2025-08-05 09:00:00,12185.166051660515,44.0,6074.120000000001,23.4,68.8,0.4360037392046823,0.046723081503122085,0.2608274432389802,False
2025-08-05 10:00:00,10226.835793357932,44.0,6471.23,23.4,68.8,0.41311531116102324,0.031696245478099634,0.24147673160370764,False
2025-08-05 11:00:00,9356.466789667897,44.0,6185.24,23.4,68.8,0.3683448998216967,0.028033527925199777,0.2152047824682731,False
2025-08-05 12:00:00,8921.282287822878,44.0,6137.15,23.4,68.8,0.276652873359877,0.027521379944316093,0.1645437013228746,False
2025-08-05 13:00:00,9138.874538745387,44.0,5911.19,23.4,68.8,0.21845941645362021,0.0316262300763472,0.13438448258384736,False
2025-08-05 14:00:00,9791.651291512911,44.0,5732.1900000000005,23.4,68.8,0.1809127906826699,0.021280137195068004,0.10907809661324906,False
2025-08-05 15:00:00,11097.204797047969,44.0,5724.460000000001,23.4,68.8,0.19658272124321985,0.01989250950978774,0.11707212596317541,False
2025-08-05 16:00:00,13708.31180811808,44.0,5714.97,23.4,68.8,0.2107884586325009,0.020557312190377805,0.1251844427335455,False
2025-08-05 17:00:00,16754.60332103321,44.0,5359.47,23.4,68.8,0.1847886522229092,0.023172087404560966,0.1120611980546525,False
2025-08-05 18:00:00,18060.156826568265,44.0,5174.110000000001,23.4,68.8,0.17858524671554976,0.030125057912330024,0.1117781617541009,False
2025-08-05 19:00:00,15449.049815498152,44.0,5207.210000000001,23.4,68.8,0.14890466800269053,0.03322942108088712,0.096850806887879,False
2025-08-05 20:00:00,12185.166051660515,44.0,4971.73,23.4,68.8,0.11617553743585685,0.028662954746274224,0.07679487522554468,False
2025-08-05 21:00:00,9574.059040590404,44.0,4652.089999999999,23.4,68.8,0.15312034538382274,0.01948513288031582,0.09298449975724463,False
2025-08-05 22:00:00,6962.952029520295,44.0,4195.91,23.4,68.8,0.17139114562568875,0.01834612922991193,0.10252088824758919,False
2025-08-05 23:00:00,5874.990774907749,44.0,3859.41,23.4,68.8,0.20695809488553352,0.028160751671180772,0.1264992904390748,False
2025-08-06 00:00:00,6630.970479704795,45.0,3711.97,22.865,75.4,0.4527665670003603,0.05646644204564151,0.27443151077073685,False
2025-08-06 01:00:00,5425.339483394833,45.0,3694.27,22.865,75.4,0.3563863028585596,0.03482017292582378,0.2116815443888285,False
2025-08-06 02:00:00,4521.116236162361,45.0,3632.39,22.865,75.4,0.334558387492449,0.027453921012958,0.19636137757667804,False
2025-08-06 03:00:00,4521.116236162361,45.0,3583.63,22.865,75.4,0.34128573978419985,0.030327732433966925,0.20135463647659504,False
2025-08-06 04:00:00,6028.154981549816,45.0,3596.55,22.865,75.4,0.35179082425232033,0.035527124244790514,0.20947215924893192,False
2025-08-06 05:00:00,9645.047970479704,45.0,3619.12,22.865,75.4,0.3425414258885634,0.03375733049123801,0.203588582959767,False
2025-08-06 06:00:00,15371.795202952027,45.0,4055.55,22.865,75.4,0.5525079339302651,0.030678395572640748,0.31768464166933413,False
2025-08-06 07:00:00,19290.09594095941,45.0,5043.9800000000005,22.865,75.4,0.5774249535783851,0.034222963762993386,0.3329840581614589,False
2025-08-06 08:00:00,20797.134686346864,45.0,5352.27,22.865,75.4,0.5117368680209211,0.04033698647172154,0.2996069213237813,False
2025-08-06 09:00:00,16878.83394833948,45.0,5858.01,22.865,75.4,0.5289868698266867,0.028720100795266695,0.30386682376254776,False
2025-08-06 10:00:00,14166.164206642065,45.0,6121.0,22.865,75.4,0.4859708643516131,0.023796196915823697,0.27799226400550786,False
2025-08-06 11:00:00,12960.533210332102,45.0,5973.8,22.865,75.4,0.40842501808420417,0.025828546250156622,0.2362566057588828,False
2025-08-06 12:00:00,12357.717712177122,45.0,5819.4,22.865,75.4,0.31832816734792035,0.03856158927661118,0.19243320721583124,False
2025-08-06 13:00:00,12659.125461254613,45.0,5643.1,22.865,75.4,0.2336544198357569,0.037635882500131085,0.1454460780347253,False
2025-08-06 14:00:00,13563.348708487085,45.0,5579.7,22.865,75.4,0.2681783818636969,0.036889673058833575,0.16409846290150842,False
2025-08-06 15:00:00,15371.795202952027,45.0,5543.6,22.865,75.4,0.24514856783967048,0.041252564372796965,0.15339536627957742,False
2025-08-06 16:00:00,18988.688191881916,45.0,5411.6,22.865,75.4,0.2656499355442788,0.03116617643372253,0.1601322439445285,False
2025-08-06 17:00:00,23208.396678966787,45.0,4904.900000000001,22.865,75.4,0.4032103442739916,0.02212457573847467,0.231721748433009,False
2025-08-06 18:00:00,25016.843173431735,45.0,4832.799999999999,22.865,75.4,0.48142755550555794,0.028979607249684212,0.27782597879041476,False
2025-08-06 19:00:00,21399.95018450184,45.0,4970.8,22.865,75.4,0.46744755929347703,0.0401923780355592,0.27518272772741403,False
2025-08-06 20:00:00,16878.83394833948,45.0,4890.8,22.865,75.4,0.43451121187909014,0.0442907607312377,0.25891200886255655,False
2025-08-06 21:00:00,13261.94095940959,45.0,4722.4,22.865,75.4,0.3342475137135077,0.03380146421387784,0.1990467914386743,False
2025-08-06 22:00:00,9645.047970479704,45.0,4340.4,22.865,75.4,0.41435212413172395,0.025476560213147235,0.23935812036836446,False
2025-08-06 23:00:00,8138.009225092251,45.0,3982.3,22.865,75.4,0.3560995509122996,0.03486286802773664,0.21154304361424628,False
2025-08-07 00:00:00,4871.701107011069,49.0,3845.0,22.92,76.9,0.7624020085556387,0.05678392973228236,0.4448738730851284,False
2025-08-07 01:00:00,3985.937269372693,49.0,3756.9,22.92,76.9,0.5379447824575453,0.013298042113151595,0.30185374930256814,False
2025-08-07 02:00:00,3321.614391143911,49.0,3594.3,22.92,76.9,0.5354084788489923,0.006627652097949373,0.29745710681102305,False
2025-08-07 03:00:00,3321.614391143911,49.0,3587.1,22.92,76.9,0.5700536933355582,0.009602406985530023,0.3178506144780455,False
2025-08-07 04:00:00,4428.819188191882,49.0,3578.9,22.92,76.9,0.6216574403215911,0.01320193444392519,0.34785246267664144,False
2025-08-07 05:00:00,7086.110701107011,49.0,3800.5,22.92,76.9,0.6546428690314492,0.019460276193716337,0.36881070225446944,False
2025-08-07 06:00:00,11293.488929889298,49.0,4082.7,22.92,76.9,0.6425937348386322,0.004596086719743638,0.3554947931851324,False
2025-08-07 07:00:00,14172.221402214022,49.0,5053.719999999999,22.92,76.9,0.67974299922398,0.020426124978538254,0.3830504058135312,False
2025-08-07 08:00:00,15279.426199261992,49.0,5381.93,22.92,76.9,0.5414106475576975,0.028798368366449844,0.3107351219216361,False
2025-08-07 09:00:00,12400.693726937268,49.0,5826.86,22.92,76.9,0.55559759055484,0.01997314404147427,0.31456658962382544,False
2025-08-07 10:00:00,10407.72509225092,49.0,5904.049999999999,22.92,76.9,0.47848516901576305,0.007025860993027626,0.26632848040553214,False
2025-08-07 11:00:00,9521.961254612545,49.0,5659.62,22.92,76.9,0.43092905037201845,0.013170980777563887,0.2429379190545139,False
2025-08-07 12:00:00,9079.079335793358,49.0,5585.05,22.92,76.9,0.36561762195689634,0.02659123935661956,0.2130557497867718,False
2025-08-07 13:00:00,9300.520295202952,49.0,5455.87,22.92,76.9,0.3143864100035558,0.023677136449571642,0.18356723690426294,False
2025-08-07 14:00:00,9964.843173431733,49.0,5221.01,22.92,76.9,0.3465892485060176,0.008318178220405623,0.19436726687749223,False
2025-08-07 15:00:00,11293.488929889298,49.0,5399.23,22.92,76.9,0.35406042957320727,0.02390297731857673,0.20548957605862353,False
2025-08-07 16:00:00,13950.780442804427,49.0,5324.0599999999995,22.92,76.9,0.39558523179155985,0.015510599590754126,0.2245516473011973,False
2025-08-07 17:00:00,17050.953874538744,49.0,5045.7,22.92,76.9,0.39204048466710606,0.016009863448305784,0.22282670511864597,False
2025-08-07 18:00:00,18379.599630996312,49.0,4864.53,22.92,76.9,0.43366399226752306,0.018154136064786098,0.24668455697629144,False
2025-08-07 19:00:00,15722.308118081177,49.0,5146.6,22.92,76.9,0.3905545653091431,0.032929219653345033,0.229623159764034,False
2025-08-07 20:00:00,12400.693726937268,49.0,4929.2,22.92,76.9,0.3406756596373129,0.026024467969766308,0.19908262338691696,False
2025-08-07 21:00:00,9743.40221402214,49.0,4661.2,22.92,76.9,0.2978920609408044,0.019829756077528845,0.1727640237523304,False
2025-08-07 22:00:00,7086.110701107011,49.0,4355.299999999999,22.92,76.9,0.32000559926404204,0.01269738385513039,0.1817169023300318,False
2025-08-07 23:00:00,5978.90590405904,49.0,3898.8,22.92,76.9,0.37725527702577233,0.024305207603819674,0.21842774578589363,False
2025-08-08 00:00:00,5747.763837638375,44.0,3772.6,23.525,73.6,0.6254970824030377,0.03143266546253433,0.3581680947798112,False
2025-08-08 01:00:00,4702.71586715867,44.0,3583.0,23.525,73.6,0.5438320833406656,0.041575148132647254,0.31781646249705736,False
2025-08-08 02:00:00,3918.929889298892,44.0,3554.3999999999996,23.525,73.6,0.529786041387763,0.03094144237227842,0.30530597183079494,False
2025-08-08 03:00:00,3918.929889298892,44.0,3578.9,23.525,73.6,0.5016917613931099,0.03145466367348667,0.2900850674192795,False
2025-08-08 04:00:00,5225.239852398524,44.0,3646.9,23.525,73.6,0.5028673263332031,0.036904804176608505,0.29318419136273555,False
2025-08-08 05:00:00,8360.383763837639,44.0,3851.7,23.525,73.6,0.5783919212815614,0.04576432834918441,0.3387095044619917,False
2025-08-08 06:00:00,13324.361623616234,44.0,4187.9,23.525,73.6,0.5922248090481912,0.03599153868696403,0.341919837385639,False
2025-08-08 07:00:00,16720.767527675278,44.0,5148.7,23.525,73.6,0.6569820737418773,0.05147504291474077,0.38450390986966587,False
2025-08-08 08:00:00,18027.077490774907,44.0,5540.1,23.525,73.6,0.6323795669519552,0.03852918489686853,0.36514689502716624,False
2025-08-08 09:00:00,14630.671586715864,44.0,5846.200000000001,23.525,73.6,0.521719884988204,0.029770418969317192,0.30034262527970496,False
2025-08-08 10:00:00,12279.31365313653,44.0,5855.0,23.525,73.6,0.4433833326774501,0.024680077450204205,0.25496686782518946,False
2025-08-08 11:00:00,11234.265682656824,44.0,5786.1,23.525,73.6,0.4263699933812148,0.03193023235284995,0.24887210091845063,False
2025-08-08 12:00:00,10711.741697416974,44.0,5614.6,23.525,73.6,0.3727393762264444,0.048044390229454975,0.22662663252779916,False
2025-08-08 13:00:00,10973.0036900369,44.0,5492.6,23.525,73.6,0.2833774825319331,0.049029786703618364,0.1779210194091915,False
2025-08-08 14:00:00,11756.789667896675,44.0,5370.4,23.525,73.6,0.26263464177957396,0.03156822613844629,0.15865475474106652,False
2025-08-08 15:00:00,13324.361623616234,44.0,5357.3,23.525,73.6,0.2645156766569673,0.04016574703390811,0.16355820832659065,False
2025-08-08 16:00:00,16459.50553505535,44.0,5206.2,23.525,73.6,0.30454143814207424,0.027582336674484672,0.17990984248165895,False
2025-08-08 17:00:00,20117.17343173431,44.0,4916.0,23.525,73.6,0.30647739444649125,0.01866690706522655,0.17696267512492214,False
2025-08-08 18:00:00,21684.745387453877,44.0,4888.3,23.525,73.6,0.3491307680948236,0.021894818404805564,0.2018745907343155,False
2025-08-08 19:00:00,18549.601476014755,44.0,5209.799999999999,23.525,73.6,0.3947902989919727,0.042906762748969894,0.23644270768262146,False
2025-08-08 20:00:00,14630.671586715864,44.0,5013.4,23.525,73.6,0.31801705856829277,0.04460346524897486,0.19498094157459972,False
2025-08-08 21:00:00,11495.52767527675,44.0,4709.3,23.525,73.6,0.2524873233631834,0.03390615011640543,0.15412579540213334,False
2025-08-08 22:00:00,8360.383763837639,44.0,4382.2,23.525,73.6,0.2845204873717177,0.01885438947539875,0.16497074331837416,False
2025-08-08 23:00:00,7054.073800738007,44.0,4070.999999999999,23.525,73.6,0.28676240605366726,0.031579072560504934,0.17192990598174424,False
2025-08-09 00:00:00,5747.601476014759,57.0,3868.9,24.3,69.7,0.5992708320991805,0.038308406214267156,0.34683774045096954,False
2025-08-09 01:00:00,4702.583025830258,57.0,3703.0,24.3,69.7,0.4874556666479044,0.025678930376497423,0.27965613532577127,False
2025-08-09 02:00:00,3918.8191881918815,57.0,3663.8,24.3,69.7,0.4433412684962734,0.01716709056546593,0.2515628884274101,False
2025-08-09 03:00:00,3918.8191881918815,57.0,3653.3,24.3,69.7,0.4632711217920056,0.01806036826384826,0.2629262827043348,False
2025-08-09 04:00:00,5225.092250922509,57.0,3647.81,24.3,69.7,0.46288114905426797,0.023982190016492554,0.2653766174872691,False
2025-08-09 05:00:00,8360.147601476014,57.0,3952.3,24.3,69.7,0.5434497685700801,0.04075700338566284,0.31723802423709235,False
2025-08-09 06:00:00,13323.985239852396,57.0,4191.9,24.3,69.7,0.5019131326501423,0.02619369405210471,0.2878393852810254,False
2025-08-09 07:00:00,16720.295202952027,57.0,5298.36,24.3,69.7,0.6104604743396479,0.052526403450352074,0.35939014243946477,False
2025-08-09 08:00:00,18026.568265682658,57.0,5585.6,24.3,69.7,0.5372592124917519,0.04256511146851845,0.31464686703129685,False
2025-08-09 09:00:00,14630.258302583024,57.0,6052.2,24.3,69.7,0.4707727970671499,0.027997650340998752,0.27152398104038195,False
2025-08-09 10:00:00,12278.966789667897,57.0,6013.4,24.3,69.7,0.3878220291038307,0.016167446103517828,0.22057746675368992,False
2025-08-09 11:00:00,11233.948339483391,57.0,5931.6,24.3,69.7,0.3326633999110341,0.014948865523487145,0.189691859436638,False
2025-08-09 12:00:00,10711.439114391143,57.0,5895.8,24.3,69.7,0.2826734221329482,0.02965197261023512,0.16881376984772734,False
2025-08-09 13:00:00,10972.69372693727,57.0,5587.9,24.3,69.7,0.18464677619799358,0.02578858429700524,0.11316058984254883,False
2025-08-09 14:00:00,11756.457564575643,57.0,5425.2,24.3,69.7,0.2196881134582283,0.01097293595250997,0.12576628358065506,False
2025-08-09 15:00:00,13323.985239852396,57.0,5304.51,24.3,69.7,0.19893976561783783,0.014628362803974872,0.1159996343515995,False
2025-08-09 16:00:00,16459.040590405904,57.0,5259.0,24.3,69.7,0.2157246695817217,0.013494626415974091,0.1247211501571353,False
2025-08-09 17:00:00,20116.60516605166,57.0,5168.3,24.3,69.7,0.2289392197017845,0.014660512585443018,0.13251380149943084,False
2025-08-09 18:00:00,21684.132841328417,57.0,5005.7,24.3,69.7,0.3188921760766692,0.01281999745232237,0.18115969569571314,False
2025-08-09 19:00:00,18549.077490774904,57.0,5185.5,24.3,69.7,0.33827881112878305,0.030199914500394786,0.19964330764600835,False
2025-08-09 20:00:00,14630.258302583024,57.0,4999.8,24.3,69.7,0.24192667003530205,0.03625755342164439,0.14937556755915612,False
2025-08-09 21:00:00,11495.202952029518,57.0,4808.7,24.3,69.7,0.17267702912101823,0.028623002002056936,0.10785271691748566,False
2025-08-09 22:00:00,8360.147601476014,57.0,4434.9,24.3,69.7,0.18868177437800532,0.016481857425995602,0.11119181174960097,False
2025-08-09 23:00:00,7053.874538745387,57.0,4145.5,24.3,69.7,0.20209287520912944,0.025402407917330238,0.12258216492781981,False
